file_id,machine_type,section,domain,condition,anomaly_score,model_id,experiment_id
ToyCar/test/section_00_source_test_anomaly_0000_noAttribute.wav,ToyCar,section_00,source,anomaly,0.007554095238447189,fp_naa_c2_fault_preserving_seed42,server02_fp_naa_screening_20260817T165229Z
ToyCar/test/section_00_source_test_anomaly_0001_noAttribute.wav,ToyCar,section_00,source,anomaly,0.006105405278503895,fp_naa_c2_fault_preserving_seed42,server02_fp_naa_screening_20260817T165229Z
ToyCar/test/section_00_source_test_anomaly_0008_noAttribute.wav,ToyCar,section_00,source,anomaly,0.0058657024055719376,fp_naa_c2_fault_preserving_seed42,server02_fp_naa_screening_20260817T165229Z
ToyCar/test/section_00_source_test_anomaly_0009_noAttribute.wav,ToyCar,section_00,source,anomaly,0.006672905758023262,fp_naa_c2_fault_preserving_seed42,server02_fp_naa_screening_20260817T165229Z
ToyCar/test/section_00_source_test_anomaly_0010_noAttribute.wav,ToyCar,section_00,source,anomaly,0.005476688966155052,fp_naa_c2_fault_preserving_seed42,server02_fp_naa_screening_20260817T165229Z
ToyCar/test/section_00_source_test_anomaly_0011_noAttribute.wav,ToyCar,section_00,source,anomaly,0.002467822516337037,fp_naa_c2_fault_preserving_seed42,server02_fp_naa_screening_20260817T165229Z
ToyCar/test/section_00_source_test_anomaly_0013_noAttribute.wav,ToyCar,section_00,source,anomaly,0.0034579357597976923,fp_naa_c2_fault_preserving_seed42,server02_fp_naa_screening_20260817T165229Z
ToyCar/test/section_00_source_test_anomaly_0017_noAttribute.wav,ToyCar,section_00,source,anomaly,0.0042203376069664955,fp_naa_c2_fault_preserving_seed42,server02_fp_naa_screening_20260817T165229Z
ToyCar/test/section_00_source_test_anomaly_0022_noAttribute.wav,ToyCar,section_00,source,anomaly,0.0031163087114691734,fp_naa_c2_fault_preserving_seed42,server02_fp_naa_screening_20260817T165229Z
ToyCar/test/section_00_source_test_anomaly_0028_noAttribute.wav,ToyCar,section_00,source,anomaly,0.0031350350473076105,fp_naa_c2_fault_preserving_seed42,server02_fp_naa_screening_20260817T165229Z
ToyCar/test/section_00_source_test_anomaly_0032_noAttribute.wav,ToyCar,section_00,source,anomaly,0.003922760486602783,fp_naa_c2_fault_preserving_seed42,server02_fp_naa_screening_20260817T165229Z
ToyCar/test/section_00_source_test_anomaly_0033_noAttribute.wav,ToyCar,section_00,source,anomaly,0.003943621180951595,fp_naa_c2_fault_preserving_seed42,server02_fp_naa_screening_20260817T165229Z
ToyCar/test/section_00_source_test_anomaly_0037_noAttribute.wav,ToyCar,section_00,source,anomaly,0.004358531441539526,fp_naa_c2_fault_preserving_seed42,server02_fp_naa_screening_20260817T165229Z
ToyCar/test/section_00_source_test_anomaly_0039_noAttribute.wav,ToyCar,section_00,source,anomaly,0.005980773828923702,fp_naa_c2_fault_preserving_seed42,server02_fp_naa_screening_20260817T165229Z
ToyCar/test/section_00_source_test_anomaly_0042_noAttribute.wav,ToyCar,section_00,source,anomaly,0.003577170893549919,fp_naa_c2_fault_preserving_seed42,server02_fp_naa_screening_20260817T165229Z
ToyCar/test/section_00_source_test_anomaly_0044_noAttribute.wav,ToyCar,section_00,source,anomaly,0.004397522658109665,fp_naa_c2_fault_preserving_seed42,server02_fp_naa_screening_20260817T165229Z
ToyCar/test/section_00_source_test_anomaly_0047_noAttribute.wav,ToyCar,section_00,source,anomaly,0.0021905957255512476,fp_naa_c2_fault_preserving_seed42,server02_fp_naa_screening_20260817T165229Z
ToyCar/test/section_00_source_test_anomaly_0049_noAttribute.wav,ToyCar,section_00,source,anomaly,0.003234484465792775,fp_naa_c2_fault_preserving_seed42,server02_fp_naa_screening_20260817T165229Z
ToyCar/test/section_00_source_test_anomaly_0051_noAttribute.wav,ToyCar,section_00,source,anomaly,0.006963125430047512,fp_naa_c2_fault_preserving_seed42,server02_fp_naa_screening_20260817T165229Z
ToyCar/test/section_00_source_test_anomaly_0060_noAttribute.wav,ToyCar,section_00,source,anomaly,0.002869140822440386,fp_naa_c2_fault_preserving_seed42,server02_fp_naa_screening_20260817T165229Z
ToyCar/test/section_00_source_test_anomaly_0064_noAttribute.wav,ToyCar,section_00,source,anomaly,0.0028416598215699196,fp_naa_c2_fault_preserving_seed42,server02_fp_naa_screening_20260817T165229Z
ToyCar/test/section_00_source_test_anomaly_0067_noAttribute.wav,ToyCar,section_00,source,anomaly,0.00580718694254756,fp_naa_c2_fault_preserving_seed42,server02_fp_naa_screening_20260817T165229Z
ToyCar/test/section_00_source_test_anomaly_0081_noAttribute.wav,ToyCar,section_00,source,anomaly,0.003197189886122942,fp_naa_c2_fault_preserving_seed42,server02_fp_naa_screening_20260817T165229Z
ToyCar/test/section_00_source_test_anomaly_0082_noAttribute.wav,ToyCar,section_00,source,anomaly,0.0036806557327508926,fp_naa_c2_fault_preserving_seed42,server02_fp_naa_screening_20260817T165229Z
ToyCar/test/section_00_source_test_anomaly_0084_noAttribute.wav,ToyCar,section_00,source,anomaly,0.0030213510617613792,fp_naa_c2_fault_preserving_seed42,server02_fp_naa_screening_20260817T165229Z
ToyCar/test/section_00_source_test_anomaly_0090_noAttribute.wav,ToyCar,section_00,source,anomaly,0.00283312750980258,fp_naa_c2_fault_preserving_seed42,server02_fp_naa_screening_20260817T165229Z
ToyCar/test/section_00_source_test_anomaly_0091_noAttribute.wav,ToyCar,section_00,source,anomaly,0.0027241134084761143,fp_naa_c2_fault_preserving_seed42,server02_fp_naa_screening_20260817T165229Z
ToyCar/test/section_00_source_test_anomaly_0094_noAttribute.wav,ToyCar,section_00,source,anomaly,0.009846323169767857,fp_naa_c2_fault_preserving_seed42,server02_fp_naa_screening_20260817T165229Z
ToyCar/test/section_00_source_test_anomaly_0095_noAttribute.wav,ToyCar,section_00,source,anomaly,0.0038762346375733614,fp_naa_c2_fault_preserving_seed42,server02_fp_naa_screening_20260817T165229Z
ToyCar/test/section_00_source_test_anomaly_0096_noAttribute.wav,ToyCar,section_00,source,anomaly,0.01220078393816948,fp_naa_c2_fault_preserving_seed42,server02_fp_naa_screening_20260817T165229Z
ToyCar/test/section_00_source_test_anomaly_0097_noAttribute.wav,ToyCar,section_00,source,anomaly,0.0024488111957907677,fp_naa_c2_fault_preserving_seed42,server02_fp_naa_screening_20260817T165229Z
ToyCar/test/section_00_source_test_anomaly_0103_noAttribute.wav,ToyCar,section_00,source,anomaly,0.0033536837436258793,fp_naa_c2_fault_preserving_seed42,server02_fp_naa_screening_20260817T165229Z
ToyCar/test/section_00_source_test_anomaly_0104_noAttribute.wav,ToyCar,section_00,source,anomaly,0.004625621717423201,fp_naa_c2_fault_preserving_seed42,server02_fp_naa_screening_20260817T165229Z
ToyCar/test/section_00_source_test_anomaly_0106_noAttribute.wav,ToyCar,section_00,source,anomaly,0.0035514584742486477,fp_naa_c2_fault_preserving_seed42,server02_fp_naa_screening_20260817T165229Z
ToyCar/test/section_00_source_test_anomaly_0107_noAttribute.wav,ToyCar,section_00,source,anomaly,0.004978432320058346,fp_naa_c2_fault_preserving_seed42,server02_fp_naa_screening_20260817T165229Z
ToyCar/test/section_00_source_test_anomaly_0120_noAttribute.wav,ToyCar,section_00,source,anomaly,0.004562985152006149,fp_naa_c2_fault_preserving_seed42,server02_fp_naa_screening_20260817T165229Z
ToyCar/test/section_00_source_test_anomaly_0131_noAttribute.wav,ToyCar,section_00,source,anomaly,0.003018384799361229,fp_naa_c2_fault_preserving_seed42,server02_fp_naa_screening_20260817T165229Z
ToyCar/test/section_00_source_test_anomaly_0138_noAttribute.wav,ToyCar,section_00,source,anomaly,0.0049310410395264626,fp_naa_c2_fault_preserving_seed42,server02_fp_naa_screening_20260817T165229Z
ToyCar/test/section_00_source_test_anomaly_0139_noAttribute.wav,ToyCar,section_00,source,anomaly,0.004083928186446428,fp_naa_c2_fault_preserving_seed42,server02_fp_naa_screening_20260817T165229Z
ToyCar/test/section_00_source_test_anomaly_0143_noAttribute.wav,ToyCar,section_00,source,anomaly,0.0060120075941085815,fp_naa_c2_fault_preserving_seed42,server02_fp_naa_screening_20260817T165229Z
ToyCar/test/section_00_source_test_anomaly_0145_noAttribute.wav,ToyCar,section_00,source,anomaly,0.0033438303507864475,fp_naa_c2_fault_preserving_seed42,server02_fp_naa_screening_20260817T165229Z
ToyCar/test/section_00_source_test_anomaly_0146_noAttribute.wav,ToyCar,section_00,source,anomaly,0.004641728475689888,fp_naa_c2_fault_preserving_seed42,server02_fp_naa_screening_20260817T165229Z
ToyCar/test/section_00_source_test_anomaly_0152_noAttribute.wav,ToyCar,section_00,source,anomaly,0.00602973997592926,fp_naa_c2_fault_preserving_seed42,server02_fp_naa_screening_20260817T165229Z
ToyCar/test/section_00_source_test_anomaly_0164_noAttribute.wav,ToyCar,section_00,source,anomaly,0.011705780401825905,fp_naa_c2_fault_preserving_seed42,server02_fp_naa_screening_20260817T165229Z
ToyCar/test/section_00_source_test_anomaly_0167_noAttribute.wav,ToyCar,section_00,source,anomaly,0.005109281744807959,fp_naa_c2_fault_preserving_seed42,server02_fp_naa_screening_20260817T165229Z
ToyCar/test/section_00_source_test_anomaly_0170_noAttribute.wav,ToyCar,section_00,source,anomaly,0.003915039822459221,fp_naa_c2_fault_preserving_seed42,server02_fp_naa_screening_20260817T165229Z
ToyCar/test/section_00_source_test_anomaly_0176_noAttribute.wav,ToyCar,section_00,source,anomaly,0.007531723938882351,fp_naa_c2_fault_preserving_seed42,server02_fp_naa_screening_20260817T165229Z
ToyCar/test/section_00_source_test_anomaly_0180_noAttribute.wav,ToyCar,section_00,source,anomaly,0.008587077260017395,fp_naa_c2_fault_preserving_seed42,server02_fp_naa_screening_20260817T165229Z
ToyCar/test/section_00_source_test_anomaly_0187_noAttribute.wav,ToyCar,section_00,source,anomaly,0.005063787568360567,fp_naa_c2_fault_preserving_seed42,server02_fp_naa_screening_20260817T165229Z
ToyCar/test/section_00_source_test_anomaly_0193_noAttribute.wav,ToyCar,section_00,source,anomaly,0.0022899366449564695,fp_naa_c2_fault_preserving_seed42,server02_fp_naa_screening_20260817T165229Z
ToyCar/test/section_00_source_test_normal_0002_noAttribute.wav,ToyCar,section_00,source,normal,0.00432410417124629,fp_naa_c2_fault_preserving_seed42,server02_fp_naa_screening_20260817T165229Z
ToyCar/test/section_00_source_test_normal_0004_noAttribute.wav,ToyCar,section_00,source,normal,0.002433091402053833,fp_naa_c2_fault_preserving_seed42,server02_fp_naa_screening_20260817T165229Z
ToyCar/test/section_00_source_test_normal_0006_noAttribute.wav,ToyCar,section_00,source,normal,0.0014980996493250132,fp_naa_c2_fault_preserving_seed42,server02_fp_naa_screening_20260817T165229Z
ToyCar/test/section_00_source_test_normal_0007_noAttribute.wav,ToyCar,section_00,source,normal,0.0023794483859091997,fp_naa_c2_fault_preserving_seed42,server02_fp_naa_screening_20260817T165229Z
ToyCar/test/section_00_source_test_normal_0020_noAttribute.wav,ToyCar,section_00,source,normal,0.002885614987462759,fp_naa_c2_fault_preserving_seed42,server02_fp_naa_screening_20260817T165229Z
ToyCar/test/section_00_source_test_normal_0021_noAttribute.wav,ToyCar,section_00,source,normal,0.0027119030710309744,fp_naa_c2_fault_preserving_seed42,server02_fp_naa_screening_20260817T165229Z
ToyCar/test/section_00_source_test_normal_0023_noAttribute.wav,ToyCar,section_00,source,normal,0.0013488710392266512,fp_naa_c2_fault_preserving_seed42,server02_fp_naa_screening_20260817T165229Z
ToyCar/test/section_00_source_test_normal_0026_noAttribute.wav,ToyCar,section_00,source,normal,0.0030284458771348,fp_naa_c2_fault_preserving_seed42,server02_fp_naa_screening_20260817T165229Z
ToyCar/test/section_00_source_test_normal_0027_noAttribute.wav,ToyCar,section_00,source,normal,0.0014925524592399597,fp_naa_c2_fault_preserving_seed42,server02_fp_naa_screening_20260817T165229Z
ToyCar/test/section_00_source_test_normal_0034_noAttribute.wav,ToyCar,section_00,source,normal,0.0015431037172675133,fp_naa_c2_fault_preserving_seed42,server02_fp_naa_screening_20260817T165229Z
ToyCar/test/section_00_source_test_normal_0035_noAttribute.wav,ToyCar,section_00,source,normal,0.001136271981522441,fp_naa_c2_fault_preserving_seed42,server02_fp_naa_screening_20260817T165229Z
ToyCar/test/section_00_source_test_normal_0036_noAttribute.wav,ToyCar,section_00,source,normal,0.001188768306747079,fp_naa_c2_fault_preserving_seed42,server02_fp_naa_screening_20260817T165229Z
ToyCar/test/section_00_source_test_normal_0043_noAttribute.wav,ToyCar,section_00,source,normal,0.0015825340524315834,fp_naa_c2_fault_preserving_seed42,server02_fp_naa_screening_20260817T165229Z
ToyCar/test/section_00_source_test_normal_0045_noAttribute.wav,ToyCar,section_00,source,normal,0.0024864175356924534,fp_naa_c2_fault_preserving_seed42,server02_fp_naa_screening_20260817T165229Z
ToyCar/test/section_00_source_test_normal_0048_noAttribute.wav,ToyCar,section_00,source,normal,0.002614530734717846,fp_naa_c2_fault_preserving_seed42,server02_fp_naa_screening_20260817T165229Z
ToyCar/test/section_00_source_test_normal_0050_noAttribute.wav,ToyCar,section_00,source,normal,0.007235413417220116,fp_naa_c2_fault_preserving_seed42,server02_fp_naa_screening_20260817T165229Z
ToyCar/test/section_00_source_test_normal_0057_noAttribute.wav,ToyCar,section_00,source,normal,0.0031916291918605566,fp_naa_c2_fault_preserving_seed42,server02_fp_naa_screening_20260817T165229Z
ToyCar/test/section_00_source_test_normal_0070_noAttribute.wav,ToyCar,section_00,source,normal,0.00809996947646141,fp_naa_c2_fault_preserving_seed42,server02_fp_naa_screening_20260817T165229Z
ToyCar/test/section_00_source_test_normal_0074_noAttribute.wav,ToyCar,section_00,source,normal,0.003876051865518093,fp_naa_c2_fault_preserving_seed42,server02_fp_naa_screening_20260817T165229Z
ToyCar/test/section_00_source_test_normal_0077_noAttribute.wav,ToyCar,section_00,source,normal,0.0037634894251823425,fp_naa_c2_fault_preserving_seed42,server02_fp_naa_screening_20260817T165229Z
ToyCar/test/section_00_source_test_normal_0078_noAttribute.wav,ToyCar,section_00,source,normal,0.0015121262986212969,fp_naa_c2_fault_preserving_seed42,server02_fp_naa_screening_20260817T165229Z
ToyCar/test/section_00_source_test_normal_0079_noAttribute.wav,ToyCar,section_00,source,normal,0.004668557550758123,fp_naa_c2_fault_preserving_seed42,server02_fp_naa_screening_20260817T165229Z
ToyCar/test/section_00_source_test_normal_0083_noAttribute.wav,ToyCar,section_00,source,normal,0.002016926882788539,fp_naa_c2_fault_preserving_seed42,server02_fp_naa_screening_20260817T165229Z
ToyCar/test/section_00_source_test_normal_0087_noAttribute.wav,ToyCar,section_00,source,normal,0.004606053698807955,fp_naa_c2_fault_preserving_seed42,server02_fp_naa_screening_20260817T165229Z
ToyCar/test/section_00_source_test_normal_0089_noAttribute.wav,ToyCar,section_00,source,normal,0.004638770595192909,fp_naa_c2_fault_preserving_seed42,server02_fp_naa_screening_20260817T165229Z
ToyCar/test/section_00_source_test_normal_0098_noAttribute.wav,ToyCar,section_00,source,normal,0.007919867523014545,fp_naa_c2_fault_preserving_seed42,server02_fp_naa_screening_20260817T165229Z
ToyCar/test/section_00_source_test_normal_0099_noAttribute.wav,ToyCar,section_00,source,normal,0.0020215888507664204,fp_naa_c2_fault_preserving_seed42,server02_fp_naa_screening_20260817T165229Z
ToyCar/test/section_00_source_test_normal_0102_noAttribute.wav,ToyCar,section_00,source,normal,0.0022239629179239273,fp_naa_c2_fault_preserving_seed42,server02_fp_naa_screening_20260817T165229Z
ToyCar/test/section_00_source_test_normal_0105_noAttribute.wav,ToyCar,section_00,source,normal,0.0030304614920169115,fp_naa_c2_fault_preserving_seed42,server02_fp_naa_screening_20260817T165229Z
ToyCar/test/section_00_source_test_normal_0108_noAttribute.wav,ToyCar,section_00,source,normal,0.0078521016985178,fp_naa_c2_fault_preserving_seed42,server02_fp_naa_screening_20260817T165229Z
ToyCar/test/section_00_source_test_normal_0111_noAttribute.wav,ToyCar,section_00,source,normal,0.002417139010503888,fp_naa_c2_fault_preserving_seed42,server02_fp_naa_screening_20260817T165229Z
ToyCar/test/section_00_source_test_normal_0112_noAttribute.wav,ToyCar,section_00,source,normal,0.003216318553313613,fp_naa_c2_fault_preserving_seed42,server02_fp_naa_screening_20260817T165229Z
ToyCar/test/section_00_source_test_normal_0113_noAttribute.wav,ToyCar,section_00,source,normal,0.004918775521218777,fp_naa_c2_fault_preserving_seed42,server02_fp_naa_screening_20260817T165229Z
ToyCar/test/section_00_source_test_normal_0114_noAttribute.wav,ToyCar,section_00,source,normal,0.002444047015160322,fp_naa_c2_fault_preserving_seed42,server02_fp_naa_screening_20260817T165229Z
ToyCar/test/section_00_source_test_normal_0115_noAttribute.wav,ToyCar,section_00,source,normal,0.0055561489425599575,fp_naa_c2_fault_preserving_seed42,server02_fp_naa_screening_20260817T165229Z
ToyCar/test/section_00_source_test_normal_0125_noAttribute.wav,ToyCar,section_00,source,normal,0.0029371222481131554,fp_naa_c2_fault_preserving_seed42,server02_fp_naa_screening_20260817T165229Z
ToyCar/test/section_00_source_test_normal_0135_noAttribute.wav,ToyCar,section_00,source,normal,0.0022772392258048058,fp_naa_c2_fault_preserving_seed42,server02_fp_naa_screening_20260817T165229Z
ToyCar/test/section_00_source_test_normal_0136_noAttribute.wav,ToyCar,section_00,source,normal,0.0026224644389003515,fp_naa_c2_fault_preserving_seed42,server02_fp_naa_screening_20260817T165229Z
ToyCar/test/section_00_source_test_normal_0137_noAttribute.wav,ToyCar,section_00,source,normal,0.0027165196370333433,fp_naa_c2_fault_preserving_seed42,server02_fp_naa_screening_20260817T165229Z
ToyCar/test/section_00_source_test_normal_0150_noAttribute.wav,ToyCar,section_00,source,normal,0.003914691042155027,fp_naa_c2_fault_preserving_seed42,server02_fp_naa_screening_20260817T165229Z
ToyCar/test/section_00_source_test_normal_0156_noAttribute.wav,ToyCar,section_00,source,normal,0.003279150929301977,fp_naa_c2_fault_preserving_seed42,server02_fp_naa_screening_20260817T165229Z
ToyCar/test/section_00_source_test_normal_0158_noAttribute.wav,ToyCar,section_00,source,normal,0.005253830458968878,fp_naa_c2_fault_preserving_seed42,server02_fp_naa_screening_20260817T165229Z
ToyCar/test/section_00_source_test_normal_0159_noAttribute.wav,ToyCar,section_00,source,normal,0.0028993748128414154,fp_naa_c2_fault_preserving_seed42,server02_fp_naa_screening_20260817T165229Z
ToyCar/test/section_00_source_test_normal_0162_noAttribute.wav,ToyCar,section_00,source,normal,0.003126644529402256,fp_naa_c2_fault_preserving_seed42,server02_fp_naa_screening_20260817T165229Z
ToyCar/test/section_00_source_test_normal_0165_noAttribute.wav,ToyCar,section_00,source,normal,0.0037931548431515694,fp_naa_c2_fault_preserving_seed42,server02_fp_naa_screening_20260817T165229Z
ToyCar/test/section_00_source_test_normal_0168_noAttribute.wav,ToyCar,section_00,source,normal,0.002781808841973543,fp_naa_c2_fault_preserving_seed42,server02_fp_naa_screening_20260817T165229Z
ToyCar/test/section_00_source_test_normal_0173_noAttribute.wav,ToyCar,section_00,source,normal,0.002412412315607071,fp_naa_c2_fault_preserving_seed42,server02_fp_naa_screening_20260817T165229Z
ToyCar/test/section_00_source_test_normal_0179_noAttribute.wav,ToyCar,section_00,source,normal,0.0024617579765617847,fp_naa_c2_fault_preserving_seed42,server02_fp_naa_screening_20260817T165229Z
ToyCar/test/section_00_source_test_normal_0181_noAttribute.wav,ToyCar,section_00,source,normal,0.005325526464730501,fp_naa_c2_fault_preserving_seed42,server02_fp_naa_screening_20260817T165229Z
ToyCar/test/section_00_source_test_normal_0195_noAttribute.wav,ToyCar,section_00,source,normal,0.0030256109312176704,fp_naa_c2_fault_preserving_seed42,server02_fp_naa_screening_20260817T165229Z
ToyCar/test/section_00_target_test_anomaly_0005_noAttribute.wav,ToyCar,section_00,target,anomaly,0.0042059156112372875,fp_naa_c2_fault_preserving_seed42,server02_fp_naa_screening_20260817T165229Z
ToyCar/test/section_00_target_test_anomaly_0012_noAttribute.wav,ToyCar,section_00,target,anomaly,-0.0007946051191538572,fp_naa_c2_fault_preserving_seed42,server02_fp_naa_screening_20260817T165229Z
ToyCar/test/section_00_target_test_anomaly_0014_noAttribute.wav,ToyCar,section_00,target,anomaly,0.0015913579845800996,fp_naa_c2_fault_preserving_seed42,server02_fp_naa_screening_20260817T165229Z
ToyCar/test/section_00_target_test_anomaly_0015_noAttribute.wav,ToyCar,section_00,target,anomaly,-0.0008179571595974267,fp_naa_c2_fault_preserving_seed42,server02_fp_naa_screening_20260817T165229Z
ToyCar/test/section_00_target_test_anomaly_0018_noAttribute.wav,ToyCar,section_00,target,anomaly,0.006099257618188858,fp_naa_c2_fault_preserving_seed42,server02_fp_naa_screening_20260817T165229Z
ToyCar/test/section_00_target_test_anomaly_0025_noAttribute.wav,ToyCar,section_00,target,anomaly,-0.0004468109109438956,fp_naa_c2_fault_preserving_seed42,server02_fp_naa_screening_20260817T165229Z
ToyCar/test/section_00_target_test_anomaly_0029_noAttribute.wav,ToyCar,section_00,target,anomaly,0.0005168616189621389,fp_naa_c2_fault_preserving_seed42,server02_fp_naa_screening_20260817T165229Z
ToyCar/test/section_00_target_test_anomaly_0031_noAttribute.wav,ToyCar,section_00,target,anomaly,0.0005653774132952094,fp_naa_c2_fault_preserving_seed42,server02_fp_naa_screening_20260817T165229Z
ToyCar/test/section_00_target_test_anomaly_0038_noAttribute.wav,ToyCar,section_00,target,anomaly,0.0015439977869391441,fp_naa_c2_fault_preserving_seed42,server02_fp_naa_screening_20260817T165229Z
ToyCar/test/section_00_target_test_anomaly_0040_noAttribute.wav,ToyCar,section_00,target,anomaly,0.0002925889566540718,fp_naa_c2_fault_preserving_seed42,server02_fp_naa_screening_20260817T165229Z
ToyCar/test/section_00_target_test_anomaly_0046_noAttribute.wav,ToyCar,section_00,target,anomaly,0.007006003521382809,fp_naa_c2_fault_preserving_seed42,server02_fp_naa_screening_20260817T165229Z
ToyCar/test/section_00_target_test_anomaly_0052_noAttribute.wav,ToyCar,section_00,target,anomaly,0.0016736382385715842,fp_naa_c2_fault_preserving_seed42,server02_fp_naa_screening_20260817T165229Z
ToyCar/test/section_00_target_test_anomaly_0053_noAttribute.wav,ToyCar,section_00,target,anomaly,0.0015203948132693768,fp_naa_c2_fault_preserving_seed42,server02_fp_naa_screening_20260817T165229Z
ToyCar/test/section_00_target_test_anomaly_0054_noAttribute.wav,ToyCar,section_00,target,anomaly,0.001561756245791912,fp_naa_c2_fault_preserving_seed42,server02_fp_naa_screening_20260817T165229Z
ToyCar/test/section_00_target_test_anomaly_0056_noAttribute.wav,ToyCar,section_00,target,anomaly,0.006020775064826012,fp_naa_c2_fault_preserving_seed42,server02_fp_naa_screening_20260817T165229Z
ToyCar/test/section_00_target_test_anomaly_0058_noAttribute.wav,ToyCar,section_00,target,anomaly,0.0006925296038389206,fp_naa_c2_fault_preserving_seed42,server02_fp_naa_screening_20260817T165229Z
ToyCar/test/section_00_target_test_anomaly_0062_noAttribute.wav,ToyCar,section_00,target,anomaly,0.0003181745996698737,fp_naa_c2_fault_preserving_seed42,server02_fp_naa_screening_20260817T165229Z
ToyCar/test/section_00_target_test_anomaly_0063_noAttribute.wav,ToyCar,section_00,target,anomaly,0.008995707146823406,fp_naa_c2_fault_preserving_seed42,server02_fp_naa_screening_20260817T165229Z
ToyCar/test/section_00_target_test_anomaly_0066_noAttribute.wav,ToyCar,section_00,target,anomaly,0.0006137595628388226,fp_naa_c2_fault_preserving_seed42,server02_fp_naa_screening_20260817T165229Z
ToyCar/test/section_00_target_test_anomaly_0069_noAttribute.wav,ToyCar,section_00,target,anomaly,0.0012672001030296087,fp_naa_c2_fault_preserving_seed42,server02_fp_naa_screening_20260817T165229Z
ToyCar/test/section_00_target_test_anomaly_0072_noAttribute.wav,ToyCar,section_00,target,anomaly,0.008042722940444946,fp_naa_c2_fault_preserving_seed42,server02_fp_naa_screening_20260817T165229Z
ToyCar/test/section_00_target_test_anomaly_0073_noAttribute.wav,ToyCar,section_00,target,anomaly,-0.00036094931419938803,fp_naa_c2_fault_preserving_seed42,server02_fp_naa_screening_20260817T165229Z
ToyCar/test/section_00_target_test_anomaly_0076_noAttribute.wav,ToyCar,section_00,target,anomaly,0.00037020252784714103,fp_naa_c2_fault_preserving_seed42,server02_fp_naa_screening_20260817T165229Z
ToyCar/test/section_00_target_test_anomaly_0080_noAttribute.wav,ToyCar,section_00,target,anomaly,0.0007750630611553788,fp_naa_c2_fault_preserving_seed42,server02_fp_naa_screening_20260817T165229Z
ToyCar/test/section_00_target_test_anomaly_0092_noAttribute.wav,ToyCar,section_00,target,anomaly,-3.962201299145818e-05,fp_naa_c2_fault_preserving_seed42,server02_fp_naa_screening_20260817T165229Z
ToyCar/test/section_00_target_test_anomaly_0109_noAttribute.wav,ToyCar,section_00,target,anomaly,0.0010105922119691968,fp_naa_c2_fault_preserving_seed42,server02_fp_naa_screening_20260817T165229Z
ToyCar/test/section_00_target_test_anomaly_0110_noAttribute.wav,ToyCar,section_00,target,anomaly,0.0014745782827958465,fp_naa_c2_fault_preserving_seed42,server02_fp_naa_screening_20260817T165229Z
ToyCar/test/section_00_target_test_anomaly_0116_noAttribute.wav,ToyCar,section_00,target,anomaly,0.009757054038345814,fp_naa_c2_fault_preserving_seed42,server02_fp_naa_screening_20260817T165229Z
ToyCar/test/section_00_target_test_anomaly_0119_noAttribute.wav,ToyCar,section_00,target,anomaly,0.00011394423199817538,fp_naa_c2_fault_preserving_seed42,server02_fp_naa_screening_20260817T165229Z
ToyCar/test/section_00_target_test_anomaly_0127_noAttribute.wav,ToyCar,section_00,target,anomaly,0.0020393207669258118,fp_naa_c2_fault_preserving_seed42,server02_fp_naa_screening_20260817T165229Z
ToyCar/test/section_00_target_test_anomaly_0129_noAttribute.wav,ToyCar,section_00,target,anomaly,-0.0009093224070966244,fp_naa_c2_fault_preserving_seed42,server02_fp_naa_screening_20260817T165229Z
ToyCar/test/section_00_target_test_anomaly_0130_noAttribute.wav,ToyCar,section_00,target,anomaly,0.0028965515084564686,fp_naa_c2_fault_preserving_seed42,server02_fp_naa_screening_20260817T165229Z
ToyCar/test/section_00_target_test_anomaly_0132_noAttribute.wav,ToyCar,section_00,target,anomaly,0.005687939003109932,fp_naa_c2_fault_preserving_seed42,server02_fp_naa_screening_20260817T165229Z
ToyCar/test/section_00_target_test_anomaly_0134_noAttribute.wav,ToyCar,section_00,target,anomaly,0.0004404562641866505,fp_naa_c2_fault_preserving_seed42,server02_fp_naa_screening_20260817T165229Z
ToyCar/test/section_00_target_test_anomaly_0141_noAttribute.wav,ToyCar,section_00,target,anomaly,0.0007373503176495433,fp_naa_c2_fault_preserving_seed42,server02_fp_naa_screening_20260817T165229Z
ToyCar/test/section_00_target_test_anomaly_0142_noAttribute.wav,ToyCar,section_00,target,anomaly,0.0010786184575408697,fp_naa_c2_fault_preserving_seed42,server02_fp_naa_screening_20260817T165229Z
ToyCar/test/section_00_target_test_anomaly_0148_noAttribute.wav,ToyCar,section_00,target,anomaly,-0.001469049951992929,fp_naa_c2_fault_preserving_seed42,server02_fp_naa_screening_20260817T165229Z
ToyCar/test/section_00_target_test_anomaly_0153_noAttribute.wav,ToyCar,section_00,target,anomaly,0.0020696627907454967,fp_naa_c2_fault_preserving_seed42,server02_fp_naa_screening_20260817T165229Z
ToyCar/test/section_00_target_test_anomaly_0154_noAttribute.wav,ToyCar,section_00,target,anomaly,0.0018962561152875423,fp_naa_c2_fault_preserving_seed42,server02_fp_naa_screening_20260817T165229Z
ToyCar/test/section_00_target_test_anomaly_0157_noAttribute.wav,ToyCar,section_00,target,anomaly,0.002155129099264741,fp_naa_c2_fault_preserving_seed42,server02_fp_naa_screening_20260817T165229Z
ToyCar/test/section_00_target_test_anomaly_0160_noAttribute.wav,ToyCar,section_00,target,anomaly,0.005851001478731632,fp_naa_c2_fault_preserving_seed42,server02_fp_naa_screening_20260817T165229Z
ToyCar/test/section_00_target_test_anomaly_0161_noAttribute.wav,ToyCar,section_00,target,anomaly,0.0016839883755892515,fp_naa_c2_fault_preserving_seed42,server02_fp_naa_screening_20260817T165229Z
ToyCar/test/section_00_target_test_anomaly_0172_noAttribute.wav,ToyCar,section_00,target,anomaly,0.0024711573496460915,fp_naa_c2_fault_preserving_seed42,server02_fp_naa_screening_20260817T165229Z
ToyCar/test/section_00_target_test_anomaly_0174_noAttribute.wav,ToyCar,section_00,target,anomaly,0.0013419478200376034,fp_naa_c2_fault_preserving_seed42,server02_fp_naa_screening_20260817T165229Z
ToyCar/test/section_00_target_test_anomaly_0175_noAttribute.wav,ToyCar,section_00,target,anomaly,0.0027069933712482452,fp_naa_c2_fault_preserving_seed42,server02_fp_naa_screening_20260817T165229Z
ToyCar/test/section_00_target_test_anomaly_0184_noAttribute.wav,ToyCar,section_00,target,anomaly,0.00037904176861047745,fp_naa_c2_fault_preserving_seed42,server02_fp_naa_screening_20260817T165229Z
ToyCar/test/section_00_target_test_anomaly_0185_noAttribute.wav,ToyCar,section_00,target,anomaly,-0.0016646406147629023,fp_naa_c2_fault_preserving_seed42,server02_fp_naa_screening_20260817T165229Z
ToyCar/test/section_00_target_test_anomaly_0186_noAttribute.wav,ToyCar,section_00,target,anomaly,-0.0005255676223896444,fp_naa_c2_fault_preserving_seed42,server02_fp_naa_screening_20260817T165229Z
ToyCar/test/section_00_target_test_anomaly_0192_noAttribute.wav,ToyCar,section_00,target,anomaly,0.002385072410106659,fp_naa_c2_fault_preserving_seed42,server02_fp_naa_screening_20260817T165229Z
ToyCar/test/section_00_target_test_anomaly_0194_noAttribute.wav,ToyCar,section_00,target,anomaly,0.0011837921338155866,fp_naa_c2_fault_preserving_seed42,server02_fp_naa_screening_20260817T165229Z
ToyCar/test/section_00_target_test_normal_0003_noAttribute.wav,ToyCar,section_00,target,normal,-0.001971776830032468,fp_naa_c2_fault_preserving_seed42,server02_fp_naa_screening_20260817T165229Z
ToyCar/test/section_00_target_test_normal_0016_noAttribute.wav,ToyCar,section_00,target,normal,-0.002201694995164871,fp_naa_c2_fault_preserving_seed42,server02_fp_naa_screening_20260817T165229Z
ToyCar/test/section_00_target_test_normal_0019_noAttribute.wav,ToyCar,section_00,target,normal,-0.0028065452352166176,fp_naa_c2_fault_preserving_seed42,server02_fp_naa_screening_20260817T165229Z
ToyCar/test/section_00_target_test_normal_0024_noAttribute.wav,ToyCar,section_00,target,normal,0.0008240430033765733,fp_naa_c2_fault_preserving_seed42,server02_fp_naa_screening_20260817T165229Z
ToyCar/test/section_00_target_test_normal_0030_noAttribute.wav,ToyCar,section_00,target,normal,-0.00900079496204853,fp_naa_c2_fault_preserving_seed42,server02_fp_naa_screening_20260817T165229Z
ToyCar/test/section_00_target_test_normal_0041_noAttribute.wav,ToyCar,section_00,target,normal,-0.003736626822501421,fp_naa_c2_fault_preserving_seed42,server02_fp_naa_screening_20260817T165229Z
ToyCar/test/section_00_target_test_normal_0055_noAttribute.wav,ToyCar,section_00,target,normal,-0.0035569467581808567,fp_naa_c2_fault_preserving_seed42,server02_fp_naa_screening_20260817T165229Z
ToyCar/test/section_00_target_test_normal_0059_noAttribute.wav,ToyCar,section_00,target,normal,-0.004002243746072054,fp_naa_c2_fault_preserving_seed42,server02_fp_naa_screening_20260817T165229Z
ToyCar/test/section_00_target_test_normal_0061_noAttribute.wav,ToyCar,section_00,target,normal,-0.0012459404533728957,fp_naa_c2_fault_preserving_seed42,server02_fp_naa_screening_20260817T165229Z
ToyCar/test/section_00_target_test_normal_0065_noAttribute.wav,ToyCar,section_00,target,normal,0.0029078987427055836,fp_naa_c2_fault_preserving_seed42,server02_fp_naa_screening_20260817T165229Z
ToyCar/test/section_00_target_test_normal_0068_noAttribute.wav,ToyCar,section_00,target,normal,2.382707316428423e-05,fp_naa_c2_fault_preserving_seed42,server02_fp_naa_screening_20260817T165229Z
ToyCar/test/section_00_target_test_normal_0071_noAttribute.wav,ToyCar,section_00,target,normal,-1.7752754501998425e-06,fp_naa_c2_fault_preserving_seed42,server02_fp_naa_screening_20260817T165229Z
ToyCar/test/section_00_target_test_normal_0075_noAttribute.wav,ToyCar,section_00,target,normal,-0.010415134951472282,fp_naa_c2_fault_preserving_seed42,server02_fp_naa_screening_20260817T165229Z
ToyCar/test/section_00_target_test_normal_0085_noAttribute.wav,ToyCar,section_00,target,normal,-0.002058723010122776,fp_naa_c2_fault_preserving_seed42,server02_fp_naa_screening_20260817T165229Z
ToyCar/test/section_00_target_test_normal_0086_noAttribute.wav,ToyCar,section_00,target,normal,0.00010371272219344974,fp_naa_c2_fault_preserving_seed42,server02_fp_naa_screening_20260817T165229Z
ToyCar/test/section_00_target_test_normal_0088_noAttribute.wav,ToyCar,section_00,target,normal,0.0017054801573976874,fp_naa_c2_fault_preserving_seed42,server02_fp_naa_screening_20260817T165229Z
ToyCar/test/section_00_target_test_normal_0093_noAttribute.wav,ToyCar,section_00,target,normal,-0.002797682536765933,fp_naa_c2_fault_preserving_seed42,server02_fp_naa_screening_20260817T165229Z
ToyCar/test/section_00_target_test_normal_0100_noAttribute.wav,ToyCar,section_00,target,normal,-0.0010363025357946754,fp_naa_c2_fault_preserving_seed42,server02_fp_naa_screening_20260817T165229Z
ToyCar/test/section_00_target_test_normal_0101_noAttribute.wav,ToyCar,section_00,target,normal,0.00328882597386837,fp_naa_c2_fault_preserving_seed42,server02_fp_naa_screening_20260817T165229Z
ToyCar/test/section_00_target_test_normal_0117_noAttribute.wav,ToyCar,section_00,target,normal,-0.0026612302754074335,fp_naa_c2_fault_preserving_seed42,server02_fp_naa_screening_20260817T165229Z
ToyCar/test/section_00_target_test_normal_0118_noAttribute.wav,ToyCar,section_00,target,normal,-0.004869780968874693,fp_naa_c2_fault_preserving_seed42,server02_fp_naa_screening_20260817T165229Z
ToyCar/test/section_00_target_test_normal_0121_noAttribute.wav,ToyCar,section_00,target,normal,0.0005609151558019221,fp_naa_c2_fault_preserving_seed42,server02_fp_naa_screening_20260817T165229Z
ToyCar/test/section_00_target_test_normal_0122_noAttribute.wav,ToyCar,section_00,target,normal,-0.0009102268377318978,fp_naa_c2_fault_preserving_seed42,server02_fp_naa_screening_20260817T165229Z
ToyCar/test/section_00_target_test_normal_0123_noAttribute.wav,ToyCar,section_00,target,normal,0.001311606727540493,fp_naa_c2_fault_preserving_seed42,server02_fp_naa_screening_20260817T165229Z
ToyCar/test/section_00_target_test_normal_0124_noAttribute.wav,ToyCar,section_00,target,normal,-0.002609517890959978,fp_naa_c2_fault_preserving_seed42,server02_fp_naa_screening_20260817T165229Z
ToyCar/test/section_00_target_test_normal_0126_noAttribute.wav,ToyCar,section_00,target,normal,-0.001058596302755177,fp_naa_c2_fault_preserving_seed42,server02_fp_naa_screening_20260817T165229Z
ToyCar/test/section_00_target_test_normal_0128_noAttribute.wav,ToyCar,section_00,target,normal,-0.0007238786201924086,fp_naa_c2_fault_preserving_seed42,server02_fp_naa_screening_20260817T165229Z
ToyCar/test/section_00_target_test_normal_0133_noAttribute.wav,ToyCar,section_00,target,normal,-0.0030770795419812202,fp_naa_c2_fault_preserving_seed42,server02_fp_naa_screening_20260817T165229Z
ToyCar/test/section_00_target_test_normal_0140_noAttribute.wav,ToyCar,section_00,target,normal,-0.0026873955503106117,fp_naa_c2_fault_preserving_seed42,server02_fp_naa_screening_20260817T165229Z
ToyCar/test/section_00_target_test_normal_0144_noAttribute.wav,ToyCar,section_00,target,normal,0.0002420322853140533,fp_naa_c2_fault_preserving_seed42,server02_fp_naa_screening_20260817T165229Z
ToyCar/test/section_00_target_test_normal_0147_noAttribute.wav,ToyCar,section_00,target,normal,-0.0067361872643232346,fp_naa_c2_fault_preserving_seed42,server02_fp_naa_screening_20260817T165229Z
ToyCar/test/section_00_target_test_normal_0149_noAttribute.wav,ToyCar,section_00,target,normal,-0.006019255146384239,fp_naa_c2_fault_preserving_seed42,server02_fp_naa_screening_20260817T165229Z
ToyCar/test/section_00_target_test_normal_0151_noAttribute.wav,ToyCar,section_00,target,normal,-2.7687987312674522e-05,fp_naa_c2_fault_preserving_seed42,server02_fp_naa_screening_20260817T165229Z
ToyCar/test/section_00_target_test_normal_0155_noAttribute.wav,ToyCar,section_00,target,normal,-0.004464952740818262,fp_naa_c2_fault_preserving_seed42,server02_fp_naa_screening_20260817T165229Z
ToyCar/test/section_00_target_test_normal_0163_noAttribute.wav,ToyCar,section_00,target,normal,-0.001864397432655096,fp_naa_c2_fault_preserving_seed42,server02_fp_naa_screening_20260817T165229Z
ToyCar/test/section_00_target_test_normal_0166_noAttribute.wav,ToyCar,section_00,target,normal,0.0006758878007531166,fp_naa_c2_fault_preserving_seed42,server02_fp_naa_screening_20260817T165229Z
ToyCar/test/section_00_target_test_normal_0169_noAttribute.wav,ToyCar,section_00,target,normal,-0.0008733987924642861,fp_naa_c2_fault_preserving_seed42,server02_fp_naa_screening_20260817T165229Z
ToyCar/test/section_00_target_test_normal_0171_noAttribute.wav,ToyCar,section_00,target,normal,-0.002049886155873537,fp_naa_c2_fault_preserving_seed42,server02_fp_naa_screening_20260817T165229Z
ToyCar/test/section_00_target_test_normal_0177_noAttribute.wav,ToyCar,section_00,target,normal,0.0011273917043581605,fp_naa_c2_fault_preserving_seed42,server02_fp_naa_screening_20260817T165229Z
ToyCar/test/section_00_target_test_normal_0178_noAttribute.wav,ToyCar,section_00,target,normal,-0.008100798353552818,fp_naa_c2_fault_preserving_seed42,server02_fp_naa_screening_20260817T165229Z
ToyCar/test/section_00_target_test_normal_0182_noAttribute.wav,ToyCar,section_00,target,normal,-0.0026215133257210255,fp_naa_c2_fault_preserving_seed42,server02_fp_naa_screening_20260817T165229Z
ToyCar/test/section_00_target_test_normal_0183_noAttribute.wav,ToyCar,section_00,target,normal,-0.00029647164046764374,fp_naa_c2_fault_preserving_seed42,server02_fp_naa_screening_20260817T165229Z
ToyCar/test/section_00_target_test_normal_0188_noAttribute.wav,ToyCar,section_00,target,normal,-0.0009774973150342703,fp_naa_c2_fault_preserving_seed42,server02_fp_naa_screening_20260817T165229Z
ToyCar/test/section_00_target_test_normal_0189_noAttribute.wav,ToyCar,section_00,target,normal,0.0003623768570832908,fp_naa_c2_fault_preserving_seed42,server02_fp_naa_screening_20260817T165229Z
ToyCar/test/section_00_target_test_normal_0190_noAttribute.wav,ToyCar,section_00,target,normal,0.000704566016793251,fp_naa_c2_fault_preserving_seed42,server02_fp_naa_screening_20260817T165229Z
ToyCar/test/section_00_target_test_normal_0191_noAttribute.wav,ToyCar,section_00,target,normal,0.0004871913115493953,fp_naa_c2_fault_preserving_seed42,server02_fp_naa_screening_20260817T165229Z
ToyCar/test/section_00_target_test_normal_0196_noAttribute.wav,ToyCar,section_00,target,normal,0.0009977839654311538,fp_naa_c2_fault_preserving_seed42,server02_fp_naa_screening_20260817T165229Z
ToyCar/test/section_00_target_test_normal_0197_noAttribute.wav,ToyCar,section_00,target,normal,0.0002449401072226465,fp_naa_c2_fault_preserving_seed42,server02_fp_naa_screening_20260817T165229Z
ToyCar/test/section_00_target_test_normal_0198_noAttribute.wav,ToyCar,section_00,target,normal,-0.003457264043390751,fp_naa_c2_fault_preserving_seed42,server02_fp_naa_screening_20260817T165229Z
ToyCar/test/section_00_target_test_normal_0199_noAttribute.wav,ToyCar,section_00,target,normal,0.0008070555049926043,fp_naa_c2_fault_preserving_seed42,server02_fp_naa_screening_20260817T165229Z
ToyCarEmu/test/section_00_source_test_anomaly_0000_car_B1_spd_3_mic_2_mic_1.wav,ToyCarEmu,section_00,source,anomaly,0.0015987944789230824,fp_naa_c2_fault_preserving_seed42,server02_fp_naa_screening_20260817T165229Z
ToyCarEmu/test/section_00_source_test_anomaly_0001_car_B1_spd_2_mic_2_mic_1.wav,ToyCarEmu,section_00,source,anomaly,0.0013143578544259071,fp_naa_c2_fault_preserving_seed42,server02_fp_naa_screening_20260817T165229Z
ToyCarEmu/test/section_00_source_test_anomaly_0008_car_D1_spd_3_mic_2_mic_1.wav,ToyCarEmu,section_00,source,anomaly,0.002653692150488496,fp_naa_c2_fault_preserving_seed42,server02_fp_naa_screening_20260817T165229Z
ToyCarEmu/test/section_00_source_test_anomaly_0009_car_C2_spd_3_mic_2_mic_1.wav,ToyCarEmu,section_00,source,anomaly,0.004094392992556095,fp_naa_c2_fault_preserving_seed42,server02_fp_naa_screening_20260817T165229Z
ToyCarEmu/test/section_00_source_test_anomaly_0010_car_D2_spd_5_mic_2_mic_1.wav,ToyCarEmu,section_00,source,anomaly,0.00013729736383538693,fp_naa_c2_fault_preserving_seed42,server02_fp_naa_screening_20260817T165229Z
ToyCarEmu/test/section_00_source_test_anomaly_0011_car_B2_spd_2_mic_2_mic_1.wav,ToyCarEmu,section_00,source,anomaly,0.001603171695023775,fp_naa_c2_fault_preserving_seed42,server02_fp_naa_screening_20260817T165229Z
ToyCarEmu/test/section_00_source_test_anomaly_0013_car_D1_spd_5_mic_2_mic_1.wav,ToyCarEmu,section_00,source,anomaly,0.001536618685349822,fp_naa_c2_fault_preserving_seed42,server02_fp_naa_screening_20260817T165229Z
ToyCarEmu/test/section_00_source_test_anomaly_0017_car_C1_spd_2_mic_2_mic_1.wav,ToyCarEmu,section_00,source,anomaly,0.006945151370018721,fp_naa_c2_fault_preserving_seed42,server02_fp_naa_screening_20260817T165229Z
ToyCarEmu/test/section_00_source_test_anomaly_0022_car_B2_spd_3_mic_2_mic_1.wav,ToyCarEmu,section_00,source,anomaly,0.0019840779714286327,fp_naa_c2_fault_preserving_seed42,server02_fp_naa_screening_20260817T165229Z
ToyCarEmu/test/section_00_source_test_anomaly_0028_car_C2_spd_2_mic_2_mic_1.wav,ToyCarEmu,section_00,source,anomaly,0.0031288147438317537,fp_naa_c2_fault_preserving_seed42,server02_fp_naa_screening_20260817T165229Z
ToyCarEmu/test/section_00_source_test_anomaly_0032_car_B2_spd_2_mic_2_mic_1.wav,ToyCarEmu,section_00,source,anomaly,0.00234692613594234,fp_naa_c2_fault_preserving_seed42,server02_fp_naa_screening_20260817T165229Z
ToyCarEmu/test/section_00_source_test_anomaly_0033_car_D2_spd_2_mic_2_mic_1.wav,ToyCarEmu,section_00,source,anomaly,0.0015279978979378939,fp_naa_c2_fault_preserving_seed42,server02_fp_naa_screening_20260817T165229Z
ToyCarEmu/test/section_00_source_test_anomaly_0037_car_B2_spd_3_mic_2_mic_1.wav,ToyCarEmu,section_00,source,anomaly,0.0015567545779049397,fp_naa_c2_fault_preserving_seed42,server02_fp_naa_screening_20260817T165229Z
ToyCarEmu/test/section_00_source_test_anomaly_0039_car_C2_spd_3_mic_2_mic_1.wav,ToyCarEmu,section_00,source,anomaly,0.004202299285680056,fp_naa_c2_fault_preserving_seed42,server02_fp_naa_screening_20260817T165229Z
ToyCarEmu/test/section_00_source_test_anomaly_0042_car_B2_spd_2_mic_2_mic_1.wav,ToyCarEmu,section_00,source,anomaly,0.0002588623610790819,fp_naa_c2_fault_preserving_seed42,server02_fp_naa_screening_20260817T165229Z
ToyCarEmu/test/section_00_source_test_anomaly_0044_car_B1_spd_5_mic_2_mic_1.wav,ToyCarEmu,section_00,source,anomaly,0.0007541496306657791,fp_naa_c2_fault_preserving_seed42,server02_fp_naa_screening_20260817T165229Z
ToyCarEmu/test/section_00_source_test_anomaly_0047_car_B2_spd_5_mic_2_mic_1.wav,ToyCarEmu,section_00,source,anomaly,0.00263535650447011,fp_naa_c2_fault_preserving_seed42,server02_fp_naa_screening_20260817T165229Z
ToyCarEmu/test/section_00_source_test_anomaly_0049_car_C1_spd_3_mic_2_mic_1.wav,ToyCarEmu,section_00,source,anomaly,0.008374462835490704,fp_naa_c2_fault_preserving_seed42,server02_fp_naa_screening_20260817T165229Z
ToyCarEmu/test/section_00_source_test_anomaly_0051_car_B1_spd_2_mic_2_mic_1.wav,ToyCarEmu,section_00,source,anomaly,0.0019366187043488026,fp_naa_c2_fault_preserving_seed42,server02_fp_naa_screening_20260817T165229Z
ToyCarEmu/test/section_00_source_test_anomaly_0060_car_B1_spd_2_mic_2_mic_1.wav,ToyCarEmu,section_00,source,anomaly,0.002079256111755967,fp_naa_c2_fault_preserving_seed42,server02_fp_naa_screening_20260817T165229Z
ToyCarEmu/test/section_00_source_test_anomaly_0064_car_C1_spd_3_mic_2_mic_1.wav,ToyCarEmu,section_00,source,anomaly,0.00806615874171257,fp_naa_c2_fault_preserving_seed42,server02_fp_naa_screening_20260817T165229Z
ToyCarEmu/test/section_00_source_test_anomaly_0067_car_B1_spd_5_mic_2_mic_1.wav,ToyCarEmu,section_00,source,anomaly,0.0007601197576150298,fp_naa_c2_fault_preserving_seed42,server02_fp_naa_screening_20260817T165229Z
ToyCarEmu/test/section_00_source_test_anomaly_0081_car_C1_spd_3_mic_2_mic_1.wav,ToyCarEmu,section_00,source,anomaly,0.003875061869621277,fp_naa_c2_fault_preserving_seed42,server02_fp_naa_screening_20260817T165229Z
ToyCarEmu/test/section_00_source_test_anomaly_0082_car_C1_spd_2_mic_2_mic_1.wav,ToyCarEmu,section_00,source,anomaly,0.0067848870530724525,fp_naa_c2_fault_preserving_seed42,server02_fp_naa_screening_20260817T165229Z
ToyCarEmu/test/section_00_source_test_anomaly_0084_car_C2_spd_5_mic_2_mic_1.wav,ToyCarEmu,section_00,source,anomaly,0.003893028013408184,fp_naa_c2_fault_preserving_seed42,server02_fp_naa_screening_20260817T165229Z
ToyCarEmu/test/section_00_source_test_anomaly_0090_car_D1_spd_2_mic_2_mic_1.wav,ToyCarEmu,section_00,source,anomaly,0.002308986149728298,fp_naa_c2_fault_preserving_seed42,server02_fp_naa_screening_20260817T165229Z
ToyCarEmu/test/section_00_source_test_anomaly_0091_car_C1_spd_2_mic_2_mic_1.wav,ToyCarEmu,section_00,source,anomaly,0.0057085310108959675,fp_naa_c2_fault_preserving_seed42,server02_fp_naa_screening_20260817T165229Z
ToyCarEmu/test/section_00_source_test_anomaly_0094_car_B2_spd_5_mic_2_mic_1.wav,ToyCarEmu,section_00,source,anomaly,0.0019668154418468475,fp_naa_c2_fault_preserving_seed42,server02_fp_naa_screening_20260817T165229Z
ToyCarEmu/test/section_00_source_test_anomaly_0095_car_C2_spd_5_mic_2_mic_1.wav,ToyCarEmu,section_00,source,anomaly,0.006828990299254656,fp_naa_c2_fault_preserving_seed42,server02_fp_naa_screening_20260817T165229Z
ToyCarEmu/test/section_00_source_test_anomaly_0096_car_D1_spd_2_mic_2_mic_1.wav,ToyCarEmu,section_00,source,anomaly,0.0006140436744317412,fp_naa_c2_fault_preserving_seed42,server02_fp_naa_screening_20260817T165229Z
ToyCarEmu/test/section_00_source_test_anomaly_0097_car_D2_spd_5_mic_2_mic_1.wav,ToyCarEmu,section_00,source,anomaly,0.00040861713932827115,fp_naa_c2_fault_preserving_seed42,server02_fp_naa_screening_20260817T165229Z
ToyCarEmu/test/section_00_source_test_anomaly_0103_car_D1_spd_3_mic_2_mic_1.wav,ToyCarEmu,section_00,source,anomaly,0.0010819790186360478,fp_naa_c2_fault_preserving_seed42,server02_fp_naa_screening_20260817T165229Z
ToyCarEmu/test/section_00_source_test_anomaly_0104_car_D2_spd_2_mic_2_mic_1.wav,ToyCarEmu,section_00,source,anomaly,0.0017266402719542384,fp_naa_c2_fault_preserving_seed42,server02_fp_naa_screening_20260817T165229Z
ToyCarEmu/test/section_00_source_test_anomaly_0106_car_C2_spd_3_mic_2_mic_1.wav,ToyCarEmu,section_00,source,anomaly,0.005526213441044092,fp_naa_c2_fault_preserving_seed42,server02_fp_naa_screening_20260817T165229Z
ToyCarEmu/test/section_00_source_test_anomaly_0107_car_D2_spd_2_mic_2_mic_1.wav,ToyCarEmu,section_00,source,anomaly,0.0008036454091779888,fp_naa_c2_fault_preserving_seed42,server02_fp_naa_screening_20260817T165229Z
ToyCarEmu/test/section_00_source_test_anomaly_0120_car_D2_spd_5_mic_2_mic_1.wav,ToyCarEmu,section_00,source,anomaly,0.0013665000442415476,fp_naa_c2_fault_preserving_seed42,server02_fp_naa_screening_20260817T165229Z
ToyCarEmu/test/section_00_source_test_anomaly_0131_car_D1_spd_3_mic_2_mic_1.wav,ToyCarEmu,section_00,source,anomaly,0.0016875176224857569,fp_naa_c2_fault_preserving_seed42,server02_fp_naa_screening_20260817T165229Z
ToyCarEmu/test/section_00_source_test_anomaly_0138_car_B2_spd_2_mic_2_mic_1.wav,ToyCarEmu,section_00,source,anomaly,0.002187012229114771,fp_naa_c2_fault_preserving_seed42,server02_fp_naa_screening_20260817T165229Z
ToyCarEmu/test/section_00_source_test_anomaly_0139_car_C2_spd_2_mic_2_mic_1.wav,ToyCarEmu,section_00,source,anomaly,0.005304574966430664,fp_naa_c2_fault_preserving_seed42,server02_fp_naa_screening_20260817T165229Z
ToyCarEmu/test/section_00_source_test_anomaly_0143_car_B1_spd_5_mic_2_mic_1.wav,ToyCarEmu,section_00,source,anomaly,0.0015450944192707539,fp_naa_c2_fault_preserving_seed42,server02_fp_naa_screening_20260817T165229Z
ToyCarEmu/test/section_00_source_test_anomaly_0145_car_B1_spd_2_mic_2_mic_1.wav,ToyCarEmu,section_00,source,anomaly,0.0012285120319575071,fp_naa_c2_fault_preserving_seed42,server02_fp_naa_screening_20260817T165229Z
ToyCarEmu/test/section_00_source_test_anomaly_0146_car_D2_spd_2_mic_2_mic_1.wav,ToyCarEmu,section_00,source,anomaly,0.0005282036727294326,fp_naa_c2_fault_preserving_seed42,server02_fp_naa_screening_20260817T165229Z
ToyCarEmu/test/section_00_source_test_anomaly_0152_car_D1_spd_2_mic_2_mic_1.wav,ToyCarEmu,section_00,source,anomaly,0.0031524100340902805,fp_naa_c2_fault_preserving_seed42,server02_fp_naa_screening_20260817T165229Z
ToyCarEmu/test/section_00_source_test_anomaly_0164_car_C2_spd_5_mic_2_mic_1.wav,ToyCarEmu,section_00,source,anomaly,0.00543820159509778,fp_naa_c2_fault_preserving_seed42,server02_fp_naa_screening_20260817T165229Z
ToyCarEmu/test/section_00_source_test_anomaly_0167_car_B1_spd_3_mic_2_mic_1.wav,ToyCarEmu,section_00,source,anomaly,0.001856106100603938,fp_naa_c2_fault_preserving_seed42,server02_fp_naa_screening_20260817T165229Z
ToyCarEmu/test/section_00_source_test_anomaly_0170_car_C1_spd_5_mic_2_mic_1.wav,ToyCarEmu,section_00,source,anomaly,0.004698409698903561,fp_naa_c2_fault_preserving_seed42,server02_fp_naa_screening_20260817T165229Z
ToyCarEmu/test/section_00_source_test_anomaly_0176_car_D2_spd_3_mic_2_mic_1.wav,ToyCarEmu,section_00,source,anomaly,0.0017231293022632599,fp_naa_c2_fault_preserving_seed42,server02_fp_naa_screening_20260817T165229Z
ToyCarEmu/test/section_00_source_test_anomaly_0180_car_C1_spd_2_mic_2_mic_1.wav,ToyCarEmu,section_00,source,anomaly,0.005562590900808573,fp_naa_c2_fault_preserving_seed42,server02_fp_naa_screening_20260817T165229Z
ToyCarEmu/test/section_00_source_test_anomaly_0187_car_D2_spd_3_mic_2_mic_1.wav,ToyCarEmu,section_00,source,anomaly,0.0014306632801890373,fp_naa_c2_fault_preserving_seed42,server02_fp_naa_screening_20260817T165229Z
ToyCarEmu/test/section_00_source_test_anomaly_0193_car_D1_spd_5_mic_2_mic_1.wav,ToyCarEmu,section_00,source,anomaly,0.001296806032769382,fp_naa_c2_fault_preserving_seed42,server02_fp_naa_screening_20260817T165229Z
ToyCarEmu/test/section_00_source_test_normal_0002_car_B2_spd_5_mic_2_mic_1.wav,ToyCarEmu,section_00,source,normal,0.0014717571903020144,fp_naa_c2_fault_preserving_seed42,server02_fp_naa_screening_20260817T165229Z
ToyCarEmu/test/section_00_source_test_normal_0004_car_B2_spd_2_mic_2_mic_1.wav,ToyCarEmu,section_00,source,normal,-0.0008824425167404115,fp_naa_c2_fault_preserving_seed42,server02_fp_naa_screening_20260817T165229Z
ToyCarEmu/test/section_00_source_test_normal_0006_car_D2_spd_5_mic_2_mic_1.wav,ToyCarEmu,section_00,source,normal,0.001638699322938919,fp_naa_c2_fault_preserving_seed42,server02_fp_naa_screening_20260817T165229Z
ToyCarEmu/test/section_00_source_test_normal_0007_car_D2_spd_5_mic_2_mic_1.wav,ToyCarEmu,section_00,source,normal,0.0002193824329879135,fp_naa_c2_fault_preserving_seed42,server02_fp_naa_screening_20260817T165229Z
ToyCarEmu/test/section_00_source_test_normal_0020_car_C2_spd_2_mic_2_mic_1.wav,ToyCarEmu,section_00,source,normal,0.0035441999789327383,fp_naa_c2_fault_preserving_seed42,server02_fp_naa_screening_20260817T165229Z
ToyCarEmu/test/section_00_source_test_normal_0021_car_C2_spd_5_mic_2_mic_1.wav,ToyCarEmu,section_00,source,normal,0.0027259434573352337,fp_naa_c2_fault_preserving_seed42,server02_fp_naa_screening_20260817T165229Z
ToyCarEmu/test/section_00_source_test_normal_0023_car_D2_spd_3_mic_2_mic_1.wav,ToyCarEmu,section_00,source,normal,0.000896310608368367,fp_naa_c2_fault_preserving_seed42,server02_fp_naa_screening_20260817T165229Z
ToyCarEmu/test/section_00_source_test_normal_0026_car_C2_spd_5_mic_2_mic_1.wav,ToyCarEmu,section_00,source,normal,0.0029703639447689056,fp_naa_c2_fault_preserving_seed42,server02_fp_naa_screening_20260817T165229Z
ToyCarEmu/test/section_00_source_test_normal_0027_car_C2_spd_3_mic_2_mic_1.wav,ToyCarEmu,section_00,source,normal,0.002795843407511711,fp_naa_c2_fault_preserving_seed42,server02_fp_naa_screening_20260817T165229Z
ToyCarEmu/test/section_00_source_test_normal_0034_car_B2_spd_5_mic_2_mic_1.wav,ToyCarEmu,section_00,source,normal,0.0010365847265347838,fp_naa_c2_fault_preserving_seed42,server02_fp_naa_screening_20260817T165229Z
ToyCarEmu/test/section_00_source_test_normal_0035_car_D2_spd_3_mic_2_mic_1.wav,ToyCarEmu,section_00,source,normal,0.0006638761842623353,fp_naa_c2_fault_preserving_seed42,server02_fp_naa_screening_20260817T165229Z
ToyCarEmu/test/section_00_source_test_normal_0036_car_B2_spd_5_mic_2_mic_1.wav,ToyCarEmu,section_00,source,normal,0.0013981132069602609,fp_naa_c2_fault_preserving_seed42,server02_fp_naa_screening_20260817T165229Z
ToyCarEmu/test/section_00_source_test_normal_0043_car_B1_spd_3_mic_2_mic_1.wav,ToyCarEmu,section_00,source,normal,0.0016389436786994338,fp_naa_c2_fault_preserving_seed42,server02_fp_naa_screening_20260817T165229Z
ToyCarEmu/test/section_00_source_test_normal_0045_car_C2_spd_5_mic_2_mic_1.wav,ToyCarEmu,section_00,source,normal,0.001926360302604735,fp_naa_c2_fault_preserving_seed42,server02_fp_naa_screening_20260817T165229Z
ToyCarEmu/test/section_00_source_test_normal_0048_car_B2_spd_2_mic_2_mic_1.wav,ToyCarEmu,section_00,source,normal,0.0009369589388370514,fp_naa_c2_fault_preserving_seed42,server02_fp_naa_screening_20260817T165229Z
ToyCarEmu/test/section_00_source_test_normal_0050_car_C2_spd_3_mic_2_mic_1.wav,ToyCarEmu,section_00,source,normal,0.00791236199438572,fp_naa_c2_fault_preserving_seed42,server02_fp_naa_screening_20260817T165229Z
ToyCarEmu/test/section_00_source_test_normal_0057_car_C2_spd_3_mic_2_mic_1.wav,ToyCarEmu,section_00,source,normal,0.007052664645016193,fp_naa_c2_fault_preserving_seed42,server02_fp_naa_screening_20260817T165229Z
ToyCarEmu/test/section_00_source_test_normal_0070_car_C2_spd_3_mic_2_mic_1.wav,ToyCarEmu,section_00,source,normal,0.006928153336048126,fp_naa_c2_fault_preserving_seed42,server02_fp_naa_screening_20260817T165229Z
ToyCarEmu/test/section_00_source_test_normal_0074_car_D2_spd_3_mic_2_mic_1.wav,ToyCarEmu,section_00,source,normal,0.0009253998287022114,fp_naa_c2_fault_preserving_seed42,server02_fp_naa_screening_20260817T165229Z
ToyCarEmu/test/section_00_source_test_normal_0077_car_C2_spd_2_mic_2_mic_1.wav,ToyCarEmu,section_00,source,normal,0.0032161124981939793,fp_naa_c2_fault_preserving_seed42,server02_fp_naa_screening_20260817T165229Z
ToyCarEmu/test/section_00_source_test_normal_0078_car_B2_spd_2_mic_2_mic_1.wav,ToyCarEmu,section_00,source,normal,0.0006208661361597478,fp_naa_c2_fault_preserving_seed42,server02_fp_naa_screening_20260817T165229Z
ToyCarEmu/test/section_00_source_test_normal_0079_car_D2_spd_3_mic_2_mic_1.wav,ToyCarEmu,section_00,source,normal,0.00190405931789428,fp_naa_c2_fault_preserving_seed42,server02_fp_naa_screening_20260817T165229Z
ToyCarEmu/test/section_00_source_test_normal_0083_car_C2_spd_3_mic_2_mic_1.wav,ToyCarEmu,section_00,source,normal,0.004655997734516859,fp_naa_c2_fault_preserving_seed42,server02_fp_naa_screening_20260817T165229Z
ToyCarEmu/test/section_00_source_test_normal_0087_car_C2_spd_2_mic_2_mic_1.wav,ToyCarEmu,section_00,source,normal,0.0033874986693263054,fp_naa_c2_fault_preserving_seed42,server02_fp_naa_screening_20260817T165229Z
ToyCarEmu/test/section_00_source_test_normal_0089_car_D2_spd_3_mic_2_mic_1.wav,ToyCarEmu,section_00,source,normal,0.0018881973810493946,fp_naa_c2_fault_preserving_seed42,server02_fp_naa_screening_20260817T165229Z
ToyCarEmu/test/section_00_source_test_normal_0098_car_C2_spd_3_mic_2_mic_1.wav,ToyCarEmu,section_00,source,normal,0.003797867801040411,fp_naa_c2_fault_preserving_seed42,server02_fp_naa_screening_20260817T165229Z
ToyCarEmu/test/section_00_source_test_normal_0099_car_D2_spd_5_mic_2_mic_1.wav,ToyCarEmu,section_00,source,normal,0.001380388392135501,fp_naa_c2_fault_preserving_seed42,server02_fp_naa_screening_20260817T165229Z
ToyCarEmu/test/section_00_source_test_normal_0102_car_D2_spd_5_mic_2_mic_1.wav,ToyCarEmu,section_00,source,normal,0.0013165309792384505,fp_naa_c2_fault_preserving_seed42,server02_fp_naa_screening_20260817T165229Z
ToyCarEmu/test/section_00_source_test_normal_0105_car_B1_spd_3_mic_2_mic_1.wav,ToyCarEmu,section_00,source,normal,0.0023246966302394867,fp_naa_c2_fault_preserving_seed42,server02_fp_naa_screening_20260817T165229Z
ToyCarEmu/test/section_00_source_test_normal_0108_car_C2_spd_3_mic_2_mic_1.wav,ToyCarEmu,section_00,source,normal,0.006509865168482065,fp_naa_c2_fault_preserving_seed42,server02_fp_naa_screening_20260817T165229Z
ToyCarEmu/test/section_00_source_test_normal_0111_car_B2_spd_2_mic_2_mic_1.wav,ToyCarEmu,section_00,source,normal,-0.0008562462753616273,fp_naa_c2_fault_preserving_seed42,server02_fp_naa_screening_20260817T165229Z
ToyCarEmu/test/section_00_source_test_normal_0112_car_B1_spd_3_mic_2_mic_1.wav,ToyCarEmu,section_00,source,normal,0.0012596434680745006,fp_naa_c2_fault_preserving_seed42,server02_fp_naa_screening_20260817T165229Z
ToyCarEmu/test/section_00_source_test_normal_0113_car_D2_spd_3_mic_2_mic_1.wav,ToyCarEmu,section_00,source,normal,0.0016306431498378515,fp_naa_c2_fault_preserving_seed42,server02_fp_naa_screening_20260817T165229Z
ToyCarEmu/test/section_00_source_test_normal_0114_car_D2_spd_2_mic_2_mic_1.wav,ToyCarEmu,section_00,source,normal,0.0009636454633437097,fp_naa_c2_fault_preserving_seed42,server02_fp_naa_screening_20260817T165229Z
ToyCarEmu/test/section_00_source_test_normal_0115_car_D2_spd_3_mic_2_mic_1.wav,ToyCarEmu,section_00,source,normal,0.0013389395317062736,fp_naa_c2_fault_preserving_seed42,server02_fp_naa_screening_20260817T165229Z
ToyCarEmu/test/section_00_source_test_normal_0125_car_B1_spd_3_mic_2_mic_1.wav,ToyCarEmu,section_00,source,normal,0.0015675598988309503,fp_naa_c2_fault_preserving_seed42,server02_fp_naa_screening_20260817T165229Z
ToyCarEmu/test/section_00_source_test_normal_0135_car_B2_spd_5_mic_2_mic_1.wav,ToyCarEmu,section_00,source,normal,0.0022838918957859278,fp_naa_c2_fault_preserving_seed42,server02_fp_naa_screening_20260817T165229Z
ToyCarEmu/test/section_00_source_test_normal_0136_car_B1_spd_3_mic_2_mic_1.wav,ToyCarEmu,section_00,source,normal,0.0016840121243149042,fp_naa_c2_fault_preserving_seed42,server02_fp_naa_screening_20260817T165229Z
ToyCarEmu/test/section_00_source_test_normal_0137_car_C2_spd_5_mic_2_mic_1.wav,ToyCarEmu,section_00,source,normal,0.0027880044654011726,fp_naa_c2_fault_preserving_seed42,server02_fp_naa_screening_20260817T165229Z
ToyCarEmu/test/section_00_source_test_normal_0150_car_C2_spd_2_mic_2_mic_1.wav,ToyCarEmu,section_00,source,normal,0.003368422854691744,fp_naa_c2_fault_preserving_seed42,server02_fp_naa_screening_20260817T165229Z
ToyCarEmu/test/section_00_source_test_normal_0156_car_D2_spd_3_mic_2_mic_1.wav,ToyCarEmu,section_00,source,normal,0.0009069878724403679,fp_naa_c2_fault_preserving_seed42,server02_fp_naa_screening_20260817T165229Z
ToyCarEmu/test/section_00_source_test_normal_0158_car_D2_spd_2_mic_2_mic_1.wav,ToyCarEmu,section_00,source,normal,0.0010869363322854042,fp_naa_c2_fault_preserving_seed42,server02_fp_naa_screening_20260817T165229Z
ToyCarEmu/test/section_00_source_test_normal_0159_car_C2_spd_5_mic_2_mic_1.wav,ToyCarEmu,section_00,source,normal,0.001832654234021902,fp_naa_c2_fault_preserving_seed42,server02_fp_naa_screening_20260817T165229Z
ToyCarEmu/test/section_00_source_test_normal_0162_car_B1_spd_3_mic_2_mic_1.wav,ToyCarEmu,section_00,source,normal,0.0011693473206833005,fp_naa_c2_fault_preserving_seed42,server02_fp_naa_screening_20260817T165229Z
ToyCarEmu/test/section_00_source_test_normal_0165_car_B1_spd_3_mic_2_mic_1.wav,ToyCarEmu,section_00,source,normal,0.000965822720900178,fp_naa_c2_fault_preserving_seed42,server02_fp_naa_screening_20260817T165229Z
ToyCarEmu/test/section_00_source_test_normal_0168_car_B1_spd_3_mic_2_mic_1.wav,ToyCarEmu,section_00,source,normal,0.000640006794128567,fp_naa_c2_fault_preserving_seed42,server02_fp_naa_screening_20260817T165229Z
ToyCarEmu/test/section_00_source_test_normal_0173_car_D2_spd_2_mic_2_mic_1.wav,ToyCarEmu,section_00,source,normal,0.001871609129011631,fp_naa_c2_fault_preserving_seed42,server02_fp_naa_screening_20260817T165229Z
ToyCarEmu/test/section_00_source_test_normal_0179_car_C2_spd_3_mic_2_mic_1.wav,ToyCarEmu,section_00,source,normal,0.0034546898677945137,fp_naa_c2_fault_preserving_seed42,server02_fp_naa_screening_20260817T165229Z
ToyCarEmu/test/section_00_source_test_normal_0181_car_D2_spd_2_mic_2_mic_1.wav,ToyCarEmu,section_00,source,normal,0.0007760314038023353,fp_naa_c2_fault_preserving_seed42,server02_fp_naa_screening_20260817T165229Z
ToyCarEmu/test/section_00_source_test_normal_0195_car_B1_spd_3_mic_2_mic_1.wav,ToyCarEmu,section_00,source,normal,0.0020598501432687044,fp_naa_c2_fault_preserving_seed42,server02_fp_naa_screening_20260817T165229Z
ToyCarEmu/test/section_00_target_test_anomaly_0005_car_A2_spd_4_mic_2_mic_1.wav,ToyCarEmu,section_00,target,anomaly,0.0017766866367310286,fp_naa_c2_fault_preserving_seed42,server02_fp_naa_screening_20260817T165229Z
ToyCarEmu/test/section_00_target_test_anomaly_0012_car_A2_spd_4_mic_2_mic_1.wav,ToyCarEmu,section_00,target,anomaly,0.0004694645758718252,fp_naa_c2_fault_preserving_seed42,server02_fp_naa_screening_20260817T165229Z
ToyCarEmu/test/section_00_target_test_anomaly_0014_car_A2_spd_4_mic_2_mic_1.wav,ToyCarEmu,section_00,target,anomaly,0.0016704597510397434,fp_naa_c2_fault_preserving_seed42,server02_fp_naa_screening_20260817T165229Z
ToyCarEmu/test/section_00_target_test_anomaly_0015_car_A2_spd_1_mic_2_mic_1.wav,ToyCarEmu,section_00,target,anomaly,0.0026388319674879313,fp_naa_c2_fault_preserving_seed42,server02_fp_naa_screening_20260817T165229Z
ToyCarEmu/test/section_00_target_test_anomaly_0018_car_A2_spd_1_mic_2_mic_1.wav,ToyCarEmu,section_00,target,anomaly,0.0014541929122060537,fp_naa_c2_fault_preserving_seed42,server02_fp_naa_screening_20260817T165229Z
ToyCarEmu/test/section_00_target_test_anomaly_0025_car_A1_spd_4_mic_2_mic_1.wav,ToyCarEmu,section_00,target,anomaly,0.0024756297934800386,fp_naa_c2_fault_preserving_seed42,server02_fp_naa_screening_20260817T165229Z
ToyCarEmu/test/section_00_target_test_anomaly_0029_car_A2_spd_4_mic_2_mic_1.wav,ToyCarEmu,section_00,target,anomaly,0.00038518410292454064,fp_naa_c2_fault_preserving_seed42,server02_fp_naa_screening_20260817T165229Z
ToyCarEmu/test/section_00_target_test_anomaly_0031_car_A2_spd_1_mic_2_mic_1.wav,ToyCarEmu,section_00,target,anomaly,0.002565109170973301,fp_naa_c2_fault_preserving_seed42,server02_fp_naa_screening_20260817T165229Z
ToyCarEmu/test/section_00_target_test_anomaly_0038_car_A1_spd_1_mic_2_mic_1.wav,ToyCarEmu,section_00,target,anomaly,0.001597957219928503,fp_naa_c2_fault_preserving_seed42,server02_fp_naa_screening_20260817T165229Z
ToyCarEmu/test/section_00_target_test_anomaly_0040_car_A1_spd_1_mic_2_mic_1.wav,ToyCarEmu,section_00,target,anomaly,0.002170995809137821,fp_naa_c2_fault_preserving_seed42,server02_fp_naa_screening_20260817T165229Z
ToyCarEmu/test/section_00_target_test_anomaly_0046_car_A1_spd_1_mic_2_mic_1.wav,ToyCarEmu,section_00,target,anomaly,0.002352306619286537,fp_naa_c2_fault_preserving_seed42,server02_fp_naa_screening_20260817T165229Z
ToyCarEmu/test/section_00_target_test_anomaly_0052_car_A1_spd_4_mic_2_mic_1.wav,ToyCarEmu,section_00,target,anomaly,0.0008458129013888538,fp_naa_c2_fault_preserving_seed42,server02_fp_naa_screening_20260817T165229Z
ToyCarEmu/test/section_00_target_test_anomaly_0053_car_A2_spd_1_mic_2_mic_1.wav,ToyCarEmu,section_00,target,anomaly,0.0019257442327216268,fp_naa_c2_fault_preserving_seed42,server02_fp_naa_screening_20260817T165229Z
ToyCarEmu/test/section_00_target_test_anomaly_0054_car_A1_spd_1_mic_2_mic_1.wav,ToyCarEmu,section_00,target,anomaly,0.0007137898355722427,fp_naa_c2_fault_preserving_seed42,server02_fp_naa_screening_20260817T165229Z
ToyCarEmu/test/section_00_target_test_anomaly_0056_car_A1_spd_1_mic_2_mic_1.wav,ToyCarEmu,section_00,target,anomaly,0.0017796277534216642,fp_naa_c2_fault_preserving_seed42,server02_fp_naa_screening_20260817T165229Z
ToyCarEmu/test/section_00_target_test_anomaly_0058_car_A2_spd_4_mic_2_mic_1.wav,ToyCarEmu,section_00,target,anomaly,0.001655302825383842,fp_naa_c2_fault_preserving_seed42,server02_fp_naa_screening_20260817T165229Z
ToyCarEmu/test/section_00_target_test_anomaly_0062_car_A1_spd_1_mic_2_mic_1.wav,ToyCarEmu,section_00,target,anomaly,0.0009688045247457922,fp_naa_c2_fault_preserving_seed42,server02_fp_naa_screening_20260817T165229Z
ToyCarEmu/test/section_00_target_test_anomaly_0063_car_A1_spd_4_mic_2_mic_1.wav,ToyCarEmu,section_00,target,anomaly,0.0009483019239269197,fp_naa_c2_fault_preserving_seed42,server02_fp_naa_screening_20260817T165229Z
ToyCarEmu/test/section_00_target_test_anomaly_0066_car_A1_spd_1_mic_2_mic_1.wav,ToyCarEmu,section_00,target,anomaly,0.0022231119219213724,fp_naa_c2_fault_preserving_seed42,server02_fp_naa_screening_20260817T165229Z
ToyCarEmu/test/section_00_target_test_anomaly_0069_car_A1_spd_1_mic_2_mic_1.wav,ToyCarEmu,section_00,target,anomaly,0.001911767409183085,fp_naa_c2_fault_preserving_seed42,server02_fp_naa_screening_20260817T165229Z
ToyCarEmu/test/section_00_target_test_anomaly_0072_car_A1_spd_4_mic_2_mic_1.wav,ToyCarEmu,section_00,target,anomaly,0.0006613056757487357,fp_naa_c2_fault_preserving_seed42,server02_fp_naa_screening_20260817T165229Z
ToyCarEmu/test/section_00_target_test_anomaly_0073_car_A1_spd_4_mic_2_mic_1.wav,ToyCarEmu,section_00,target,anomaly,0.0025166652631014585,fp_naa_c2_fault_preserving_seed42,server02_fp_naa_screening_20260817T165229Z
ToyCarEmu/test/section_00_target_test_anomaly_0076_car_A1_spd_1_mic_2_mic_1.wav,ToyCarEmu,section_00,target,anomaly,0.0029324472416192293,fp_naa_c2_fault_preserving_seed42,server02_fp_naa_screening_20260817T165229Z
ToyCarEmu/test/section_00_target_test_anomaly_0080_car_A1_spd_4_mic_2_mic_1.wav,ToyCarEmu,section_00,target,anomaly,0.003479722421616316,fp_naa_c2_fault_preserving_seed42,server02_fp_naa_screening_20260817T165229Z
ToyCarEmu/test/section_00_target_test_anomaly_0092_car_A2_spd_4_mic_2_mic_1.wav,ToyCarEmu,section_00,target,anomaly,0.00042432459304109216,fp_naa_c2_fault_preserving_seed42,server02_fp_naa_screening_20260817T165229Z
ToyCarEmu/test/section_00_target_test_anomaly_0109_car_A2_spd_4_mic_2_mic_1.wav,ToyCarEmu,section_00,target,anomaly,0.0017031700117513537,fp_naa_c2_fault_preserving_seed42,server02_fp_naa_screening_20260817T165229Z
ToyCarEmu/test/section_00_target_test_anomaly_0110_car_A2_spd_1_mic_2_mic_1.wav,ToyCarEmu,section_00,target,anomaly,0.0014015951892361045,fp_naa_c2_fault_preserving_seed42,server02_fp_naa_screening_20260817T165229Z
ToyCarEmu/test/section_00_target_test_anomaly_0116_car_A1_spd_4_mic_2_mic_1.wav,ToyCarEmu,section_00,target,anomaly,0.0009349473984912038,fp_naa_c2_fault_preserving_seed42,server02_fp_naa_screening_20260817T165229Z
ToyCarEmu/test/section_00_target_test_anomaly_0119_car_A1_spd_4_mic_2_mic_1.wav,ToyCarEmu,section_00,target,anomaly,0.002699145581573248,fp_naa_c2_fault_preserving_seed42,server02_fp_naa_screening_20260817T165229Z
ToyCarEmu/test/section_00_target_test_anomaly_0127_car_A2_spd_1_mic_2_mic_1.wav,ToyCarEmu,section_00,target,anomaly,0.0023979716934263706,fp_naa_c2_fault_preserving_seed42,server02_fp_naa_screening_20260817T165229Z
ToyCarEmu/test/section_00_target_test_anomaly_0129_car_A1_spd_4_mic_2_mic_1.wav,ToyCarEmu,section_00,target,anomaly,0.0027608461678028107,fp_naa_c2_fault_preserving_seed42,server02_fp_naa_screening_20260817T165229Z
ToyCarEmu/test/section_00_target_test_anomaly_0130_car_A1_spd_4_mic_2_mic_1.wav,ToyCarEmu,section_00,target,anomaly,0.0011020947713404894,fp_naa_c2_fault_preserving_seed42,server02_fp_naa_screening_20260817T165229Z
ToyCarEmu/test/section_00_target_test_anomaly_0132_car_A1_spd_1_mic_2_mic_1.wav,ToyCarEmu,section_00,target,anomaly,0.0014760731719434261,fp_naa_c2_fault_preserving_seed42,server02_fp_naa_screening_20260817T165229Z
ToyCarEmu/test/section_00_target_test_anomaly_0134_car_A2_spd_4_mic_2_mic_1.wav,ToyCarEmu,section_00,target,anomaly,0.0012000008719041944,fp_naa_c2_fault_preserving_seed42,server02_fp_naa_screening_20260817T165229Z
ToyCarEmu/test/section_00_target_test_anomaly_0141_car_A2_spd_1_mic_2_mic_1.wav,ToyCarEmu,section_00,target,anomaly,0.0015424613375216722,fp_naa_c2_fault_preserving_seed42,server02_fp_naa_screening_20260817T165229Z
ToyCarEmu/test/section_00_target_test_anomaly_0142_car_A2_spd_4_mic_2_mic_1.wav,ToyCarEmu,section_00,target,anomaly,0.0007549200090579689,fp_naa_c2_fault_preserving_seed42,server02_fp_naa_screening_20260817T165229Z
ToyCarEmu/test/section_00_target_test_anomaly_0148_car_A2_spd_1_mic_2_mic_1.wav,ToyCarEmu,section_00,target,anomaly,0.0022290130145847797,fp_naa_c2_fault_preserving_seed42,server02_fp_naa_screening_20260817T165229Z
ToyCarEmu/test/section_00_target_test_anomaly_0153_car_A2_spd_4_mic_2_mic_1.wav,ToyCarEmu,section_00,target,anomaly,0.0013387922663241625,fp_naa_c2_fault_preserving_seed42,server02_fp_naa_screening_20260817T165229Z
ToyCarEmu/test/section_00_target_test_anomaly_0154_car_A1_spd_4_mic_2_mic_1.wav,ToyCarEmu,section_00,target,anomaly,0.002866357797756791,fp_naa_c2_fault_preserving_seed42,server02_fp_naa_screening_20260817T165229Z
ToyCarEmu/test/section_00_target_test_anomaly_0157_car_A2_spd_4_mic_2_mic_1.wav,ToyCarEmu,section_00,target,anomaly,0.001724760513752699,fp_naa_c2_fault_preserving_seed42,server02_fp_naa_screening_20260817T165229Z
ToyCarEmu/test/section_00_target_test_anomaly_0160_car_A2_spd_1_mic_2_mic_1.wav,ToyCarEmu,section_00,target,anomaly,0.0014429469592869282,fp_naa_c2_fault_preserving_seed42,server02_fp_naa_screening_20260817T165229Z
ToyCarEmu/test/section_00_target_test_anomaly_0161_car_A1_spd_4_mic_2_mic_1.wav,ToyCarEmu,section_00,target,anomaly,0.0004509316640906036,fp_naa_c2_fault_preserving_seed42,server02_fp_naa_screening_20260817T165229Z
ToyCarEmu/test/section_00_target_test_anomaly_0172_car_A1_spd_4_mic_2_mic_1.wav,ToyCarEmu,section_00,target,anomaly,0.0020058401860296726,fp_naa_c2_fault_preserving_seed42,server02_fp_naa_screening_20260817T165229Z
ToyCarEmu/test/section_00_target_test_anomaly_0174_car_A1_spd_1_mic_2_mic_1.wav,ToyCarEmu,section_00,target,anomaly,0.001302517601288855,fp_naa_c2_fault_preserving_seed42,server02_fp_naa_screening_20260817T165229Z
ToyCarEmu/test/section_00_target_test_anomaly_0175_car_A2_spd_1_mic_2_mic_1.wav,ToyCarEmu,section_00,target,anomaly,0.002321472391486168,fp_naa_c2_fault_preserving_seed42,server02_fp_naa_screening_20260817T165229Z
ToyCarEmu/test/section_00_target_test_anomaly_0184_car_A1_spd_1_mic_2_mic_1.wav,ToyCarEmu,section_00,target,anomaly,0.0023765095975250006,fp_naa_c2_fault_preserving_seed42,server02_fp_naa_screening_20260817T165229Z
ToyCarEmu/test/section_00_target_test_anomaly_0185_car_A2_spd_1_mic_2_mic_1.wav,ToyCarEmu,section_00,target,anomaly,-5.278043681755662e-05,fp_naa_c2_fault_preserving_seed42,server02_fp_naa_screening_20260817T165229Z
ToyCarEmu/test/section_00_target_test_anomaly_0186_car_A2_spd_4_mic_2_mic_1.wav,ToyCarEmu,section_00,target,anomaly,0.001703775255009532,fp_naa_c2_fault_preserving_seed42,server02_fp_naa_screening_20260817T165229Z
ToyCarEmu/test/section_00_target_test_anomaly_0192_car_A2_spd_4_mic_2_mic_1.wav,ToyCarEmu,section_00,target,anomaly,0.0011172578670084476,fp_naa_c2_fault_preserving_seed42,server02_fp_naa_screening_20260817T165229Z
ToyCarEmu/test/section_00_target_test_anomaly_0194_car_A2_spd_1_mic_2_mic_1.wav,ToyCarEmu,section_00,target,anomaly,0.0022421800531446934,fp_naa_c2_fault_preserving_seed42,server02_fp_naa_screening_20260817T165229Z
ToyCarEmu/test/section_00_target_test_normal_0003_car_A1_spd_1_mic_2_mic_1.wav,ToyCarEmu,section_00,target,normal,-0.0018737679347395897,fp_naa_c2_fault_preserving_seed42,server02_fp_naa_screening_20260817T165229Z
ToyCarEmu/test/section_00_target_test_normal_0016_car_A2_spd_1_mic_2_mic_1.wav,ToyCarEmu,section_00,target,normal,-0.0001759773149387911,fp_naa_c2_fault_preserving_seed42,server02_fp_naa_screening_20260817T165229Z
ToyCarEmu/test/section_00_target_test_normal_0019_car_A2_spd_4_mic_2_mic_1.wav,ToyCarEmu,section_00,target,normal,0.002722810721024871,fp_naa_c2_fault_preserving_seed42,server02_fp_naa_screening_20260817T165229Z
ToyCarEmu/test/section_00_target_test_normal_0024_car_A2_spd_1_mic_2_mic_1.wav,ToyCarEmu,section_00,target,normal,-0.0010944900568574667,fp_naa_c2_fault_preserving_seed42,server02_fp_naa_screening_20260817T165229Z
ToyCarEmu/test/section_00_target_test_normal_0030_car_A2_spd_4_mic_2_mic_1.wav,ToyCarEmu,section_00,target,normal,0.00017568047042004764,fp_naa_c2_fault_preserving_seed42,server02_fp_naa_screening_20260817T165229Z
ToyCarEmu/test/section_00_target_test_normal_0041_car_A1_spd_4_mic_2_mic_1.wav,ToyCarEmu,section_00,target,normal,0.001151591306552291,fp_naa_c2_fault_preserving_seed42,server02_fp_naa_screening_20260817T165229Z
ToyCarEmu/test/section_00_target_test_normal_0055_car_A1_spd_4_mic_2_mic_1.wav,ToyCarEmu,section_00,target,normal,-0.0002172171080019325,fp_naa_c2_fault_preserving_seed42,server02_fp_naa_screening_20260817T165229Z
ToyCarEmu/test/section_00_target_test_normal_0059_car_A1_spd_1_mic_2_mic_1.wav,ToyCarEmu,section_00,target,normal,0.00043291409383527935,fp_naa_c2_fault_preserving_seed42,server02_fp_naa_screening_20260817T165229Z
ToyCarEmu/test/section_00_target_test_normal_0061_car_A1_spd_4_mic_2_mic_1.wav,ToyCarEmu,section_00,target,normal,0.0038933877367526293,fp_naa_c2_fault_preserving_seed42,server02_fp_naa_screening_20260817T165229Z
ToyCarEmu/test/section_00_target_test_normal_0065_car_A2_spd_1_mic_2_mic_1.wav,ToyCarEmu,section_00,target,normal,-0.0010750697692856193,fp_naa_c2_fault_preserving_seed42,server02_fp_naa_screening_20260817T165229Z
ToyCarEmu/test/section_00_target_test_normal_0068_car_A2_spd_1_mic_2_mic_1.wav,ToyCarEmu,section_00,target,normal,-0.0007991517195478082,fp_naa_c2_fault_preserving_seed42,server02_fp_naa_screening_20260817T165229Z
ToyCarEmu/test/section_00_target_test_normal_0071_car_A1_spd_4_mic_2_mic_1.wav,ToyCarEmu,section_00,target,normal,0.0012137824669480324,fp_naa_c2_fault_preserving_seed42,server02_fp_naa_screening_20260817T165229Z
ToyCarEmu/test/section_00_target_test_normal_0075_car_A2_spd_4_mic_2_mic_1.wav,ToyCarEmu,section_00,target,normal,0.0014065452851355076,fp_naa_c2_fault_preserving_seed42,server02_fp_naa_screening_20260817T165229Z
ToyCarEmu/test/section_00_target_test_normal_0085_car_A2_spd_4_mic_2_mic_1.wav,ToyCarEmu,section_00,target,normal,0.0007762652239762247,fp_naa_c2_fault_preserving_seed42,server02_fp_naa_screening_20260817T165229Z
ToyCarEmu/test/section_00_target_test_normal_0086_car_A1_spd_4_mic_2_mic_1.wav,ToyCarEmu,section_00,target,normal,0.0033513258676975965,fp_naa_c2_fault_preserving_seed42,server02_fp_naa_screening_20260817T165229Z
ToyCarEmu/test/section_00_target_test_normal_0088_car_A1_spd_1_mic_2_mic_1.wav,ToyCarEmu,section_00,target,normal,-0.0004898683400824666,fp_naa_c2_fault_preserving_seed42,server02_fp_naa_screening_20260817T165229Z
ToyCarEmu/test/section_00_target_test_normal_0093_car_A2_spd_1_mic_2_mic_1.wav,ToyCarEmu,section_00,target,normal,0.000514214625582099,fp_naa_c2_fault_preserving_seed42,server02_fp_naa_screening_20260817T165229Z
ToyCarEmu/test/section_00_target_test_normal_0100_car_A2_spd_1_mic_2_mic_1.wav,ToyCarEmu,section_00,target,normal,1.3803481124341488e-05,fp_naa_c2_fault_preserving_seed42,server02_fp_naa_screening_20260817T165229Z
ToyCarEmu/test/section_00_target_test_normal_0101_car_A1_spd_1_mic_2_mic_1.wav,ToyCarEmu,section_00,target,normal,0.002660969737917185,fp_naa_c2_fault_preserving_seed42,server02_fp_naa_screening_20260817T165229Z
ToyCarEmu/test/section_00_target_test_normal_0117_car_A1_spd_4_mic_2_mic_1.wav,ToyCarEmu,section_00,target,normal,0.0027813203632831573,fp_naa_c2_fault_preserving_seed42,server02_fp_naa_screening_20260817T165229Z
ToyCarEmu/test/section_00_target_test_normal_0118_car_A2_spd_4_mic_2_mic_1.wav,ToyCarEmu,section_00,target,normal,-0.000791662372648716,fp_naa_c2_fault_preserving_seed42,server02_fp_naa_screening_20260817T165229Z
ToyCarEmu/test/section_00_target_test_normal_0121_car_A2_spd_1_mic_2_mic_1.wav,ToyCarEmu,section_00,target,normal,0.0002128657652065158,fp_naa_c2_fault_preserving_seed42,server02_fp_naa_screening_20260817T165229Z
ToyCarEmu/test/section_00_target_test_normal_0122_car_A1_spd_1_mic_2_mic_1.wav,ToyCarEmu,section_00,target,normal,-0.0004623059940058738,fp_naa_c2_fault_preserving_seed42,server02_fp_naa_screening_20260817T165229Z
ToyCarEmu/test/section_00_target_test_normal_0123_car_A1_spd_1_mic_2_mic_1.wav,ToyCarEmu,section_00,target,normal,-0.0007821085746400058,fp_naa_c2_fault_preserving_seed42,server02_fp_naa_screening_20260817T165229Z
ToyCarEmu/test/section_00_target_test_normal_0124_car_A1_spd_1_mic_2_mic_1.wav,ToyCarEmu,section_00,target,normal,0.0003075864806305617,fp_naa_c2_fault_preserving_seed42,server02_fp_naa_screening_20260817T165229Z
ToyCarEmu/test/section_00_target_test_normal_0126_car_A1_spd_1_mic_2_mic_1.wav,ToyCarEmu,section_00,target,normal,-0.0007951221195980906,fp_naa_c2_fault_preserving_seed42,server02_fp_naa_screening_20260817T165229Z
ToyCarEmu/test/section_00_target_test_normal_0128_car_A2_spd_4_mic_2_mic_1.wav,ToyCarEmu,section_00,target,normal,-0.0011912090703845024,fp_naa_c2_fault_preserving_seed42,server02_fp_naa_screening_20260817T165229Z
ToyCarEmu/test/section_00_target_test_normal_0133_car_A2_spd_4_mic_2_mic_1.wav,ToyCarEmu,section_00,target,normal,0.00035414256853982806,fp_naa_c2_fault_preserving_seed42,server02_fp_naa_screening_20260817T165229Z
ToyCarEmu/test/section_00_target_test_normal_0140_car_A2_spd_4_mic_2_mic_1.wav,ToyCarEmu,section_00,target,normal,0.001236769137904048,fp_naa_c2_fault_preserving_seed42,server02_fp_naa_screening_20260817T165229Z
ToyCarEmu/test/section_00_target_test_normal_0144_car_A2_spd_1_mic_2_mic_1.wav,ToyCarEmu,section_00,target,normal,0.0007335911504924297,fp_naa_c2_fault_preserving_seed42,server02_fp_naa_screening_20260817T165229Z
ToyCarEmu/test/section_00_target_test_normal_0147_car_A2_spd_4_mic_2_mic_1.wav,ToyCarEmu,section_00,target,normal,0.002577137667685747,fp_naa_c2_fault_preserving_seed42,server02_fp_naa_screening_20260817T165229Z
ToyCarEmu/test/section_00_target_test_normal_0149_car_A1_spd_4_mic_2_mic_1.wav,ToyCarEmu,section_00,target,normal,-0.00021354921045713127,fp_naa_c2_fault_preserving_seed42,server02_fp_naa_screening_20260817T165229Z
ToyCarEmu/test/section_00_target_test_normal_0151_car_A1_spd_4_mic_2_mic_1.wav,ToyCarEmu,section_00,target,normal,-0.00011244710185565054,fp_naa_c2_fault_preserving_seed42,server02_fp_naa_screening_20260817T165229Z
ToyCarEmu/test/section_00_target_test_normal_0155_car_A2_spd_4_mic_2_mic_1.wav,ToyCarEmu,section_00,target,normal,-0.0002611112140584737,fp_naa_c2_fault_preserving_seed42,server02_fp_naa_screening_20260817T165229Z
ToyCarEmu/test/section_00_target_test_normal_0163_car_A2_spd_1_mic_2_mic_1.wav,ToyCarEmu,section_00,target,normal,0.00030387603328563273,fp_naa_c2_fault_preserving_seed42,server02_fp_naa_screening_20260817T165229Z
ToyCarEmu/test/section_00_target_test_normal_0166_car_A1_spd_1_mic_2_mic_1.wav,ToyCarEmu,section_00,target,normal,-0.0011852161260321736,fp_naa_c2_fault_preserving_seed42,server02_fp_naa_screening_20260817T165229Z
ToyCarEmu/test/section_00_target_test_normal_0169_car_A1_spd_4_mic_2_mic_1.wav,ToyCarEmu,section_00,target,normal,-0.00015745754353702068,fp_naa_c2_fault_preserving_seed42,server02_fp_naa_screening_20260817T165229Z
ToyCarEmu/test/section_00_target_test_normal_0171_car_A1_spd_4_mic_2_mic_1.wav,ToyCarEmu,section_00,target,normal,0.004310104064643383,fp_naa_c2_fault_preserving_seed42,server02_fp_naa_screening_20260817T165229Z
ToyCarEmu/test/section_00_target_test_normal_0177_car_A2_spd_1_mic_2_mic_1.wav,ToyCarEmu,section_00,target,normal,-0.00039590985397808254,fp_naa_c2_fault_preserving_seed42,server02_fp_naa_screening_20260817T165229Z
ToyCarEmu/test/section_00_target_test_normal_0178_car_A2_spd_4_mic_2_mic_1.wav,ToyCarEmu,section_00,target,normal,-0.0004062586522195488,fp_naa_c2_fault_preserving_seed42,server02_fp_naa_screening_20260817T165229Z
ToyCarEmu/test/section_00_target_test_normal_0182_car_A1_spd_4_mic_2_mic_1.wav,ToyCarEmu,section_00,target,normal,0.000222542614210397,fp_naa_c2_fault_preserving_seed42,server02_fp_naa_screening_20260817T165229Z
ToyCarEmu/test/section_00_target_test_normal_0183_car_A2_spd_1_mic_2_mic_1.wav,ToyCarEmu,section_00,target,normal,-0.0004711527726612985,fp_naa_c2_fault_preserving_seed42,server02_fp_naa_screening_20260817T165229Z
ToyCarEmu/test/section_00_target_test_normal_0188_car_A2_spd_4_mic_2_mic_1.wav,ToyCarEmu,section_00,target,normal,-0.00032810409902594984,fp_naa_c2_fault_preserving_seed42,server02_fp_naa_screening_20260817T165229Z
ToyCarEmu/test/section_00_target_test_normal_0189_car_A2_spd_1_mic_2_mic_1.wav,ToyCarEmu,section_00,target,normal,0.0001253848895430565,fp_naa_c2_fault_preserving_seed42,server02_fp_naa_screening_20260817T165229Z
ToyCarEmu/test/section_00_target_test_normal_0190_car_A1_spd_1_mic_2_mic_1.wav,ToyCarEmu,section_00,target,normal,-0.0011535992380231619,fp_naa_c2_fault_preserving_seed42,server02_fp_naa_screening_20260817T165229Z
ToyCarEmu/test/section_00_target_test_normal_0191_car_A1_spd_1_mic_2_mic_1.wav,ToyCarEmu,section_00,target,normal,0.000235621293541044,fp_naa_c2_fault_preserving_seed42,server02_fp_naa_screening_20260817T165229Z
ToyCarEmu/test/section_00_target_test_normal_0196_car_A2_spd_1_mic_2_mic_1.wav,ToyCarEmu,section_00,target,normal,-0.0011866521090269089,fp_naa_c2_fault_preserving_seed42,server02_fp_naa_screening_20260817T165229Z
ToyCarEmu/test/section_00_target_test_normal_0197_car_A1_spd_1_mic_2_mic_1.wav,ToyCarEmu,section_00,target,normal,0.0003132074198219925,fp_naa_c2_fault_preserving_seed42,server02_fp_naa_screening_20260817T165229Z
ToyCarEmu/test/section_00_target_test_normal_0198_car_A1_spd_4_mic_2_mic_1.wav,ToyCarEmu,section_00,target,normal,0.0010537072084844112,fp_naa_c2_fault_preserving_seed42,server02_fp_naa_screening_20260817T165229Z
ToyCarEmu/test/section_00_target_test_normal_0199_car_A1_spd_1_mic_2_mic_1.wav,ToyCarEmu,section_00,target,normal,-0.0010803663171827793,fp_naa_c2_fault_preserving_seed42,server02_fp_naa_screening_20260817T165229Z
bearingEmu/test/section_00_source_test_anomaly_0000_noAttribute.wav,bearingEmu,section_00,source,anomaly,0.0022322414442896843,fp_naa_c2_fault_preserving_seed42,server02_fp_naa_screening_20260817T165229Z
bearingEmu/test/section_00_source_test_anomaly_0001_noAttribute.wav,bearingEmu,section_00,source,anomaly,4.8318717745132744e-05,fp_naa_c2_fault_preserving_seed42,server02_fp_naa_screening_20260817T165229Z
bearingEmu/test/section_00_source_test_anomaly_0002_noAttribute.wav,bearingEmu,section_00,source,anomaly,0.01175613235682249,fp_naa_c2_fault_preserving_seed42,server02_fp_naa_screening_20260817T165229Z
bearingEmu/test/section_00_source_test_anomaly_0003_noAttribute.wav,bearingEmu,section_00,source,anomaly,0.0008176009869202971,fp_naa_c2_fault_preserving_seed42,server02_fp_naa_screening_20260817T165229Z
bearingEmu/test/section_00_source_test_anomaly_0004_noAttribute.wav,bearingEmu,section_00,source,anomaly,0.005432705860584974,fp_naa_c2_fault_preserving_seed42,server02_fp_naa_screening_20260817T165229Z
bearingEmu/test/section_00_source_test_anomaly_0005_noAttribute.wav,bearingEmu,section_00,source,anomaly,0.003886862425133586,fp_naa_c2_fault_preserving_seed42,server02_fp_naa_screening_20260817T165229Z
bearingEmu/test/section_00_source_test_anomaly_0006_noAttribute.wav,bearingEmu,section_00,source,anomaly,0.0007256689132191241,fp_naa_c2_fault_preserving_seed42,server02_fp_naa_screening_20260817T165229Z
bearingEmu/test/section_00_source_test_anomaly_0007_noAttribute.wav,bearingEmu,section_00,source,anomaly,-0.00042741751531139016,fp_naa_c2_fault_preserving_seed42,server02_fp_naa_screening_20260817T165229Z
bearingEmu/test/section_00_source_test_anomaly_0008_noAttribute.wav,bearingEmu,section_00,source,anomaly,0.005486697889864445,fp_naa_c2_fault_preserving_seed42,server02_fp_naa_screening_20260817T165229Z
bearingEmu/test/section_00_source_test_anomaly_0009_noAttribute.wav,bearingEmu,section_00,source,anomaly,0.0014140052953734994,fp_naa_c2_fault_preserving_seed42,server02_fp_naa_screening_20260817T165229Z
bearingEmu/test/section_00_source_test_anomaly_0010_noAttribute.wav,bearingEmu,section_00,source,anomaly,0.009414677508175373,fp_naa_c2_fault_preserving_seed42,server02_fp_naa_screening_20260817T165229Z
bearingEmu/test/section_00_source_test_anomaly_0011_noAttribute.wav,bearingEmu,section_00,source,anomaly,0.00048342091031372547,fp_naa_c2_fault_preserving_seed42,server02_fp_naa_screening_20260817T165229Z
bearingEmu/test/section_00_source_test_anomaly_0012_noAttribute.wav,bearingEmu,section_00,source,anomaly,0.0006133000133559108,fp_naa_c2_fault_preserving_seed42,server02_fp_naa_screening_20260817T165229Z
bearingEmu/test/section_00_source_test_anomaly_0013_noAttribute.wav,bearingEmu,section_00,source,anomaly,0.0005098278052173555,fp_naa_c2_fault_preserving_seed42,server02_fp_naa_screening_20260817T165229Z
bearingEmu/test/section_00_source_test_anomaly_0014_noAttribute.wav,bearingEmu,section_00,source,anomaly,0.0007350979140028358,fp_naa_c2_fault_preserving_seed42,server02_fp_naa_screening_20260817T165229Z
bearingEmu/test/section_00_source_test_anomaly_0015_noAttribute.wav,bearingEmu,section_00,source,anomaly,0.0006515792920254171,fp_naa_c2_fault_preserving_seed42,server02_fp_naa_screening_20260817T165229Z
bearingEmu/test/section_00_source_test_anomaly_0016_noAttribute.wav,bearingEmu,section_00,source,anomaly,0.011609844863414764,fp_naa_c2_fault_preserving_seed42,server02_fp_naa_screening_20260817T165229Z
bearingEmu/test/section_00_source_test_anomaly_0017_noAttribute.wav,bearingEmu,section_00,source,anomaly,0.0031089624390006065,fp_naa_c2_fault_preserving_seed42,server02_fp_naa_screening_20260817T165229Z
bearingEmu/test/section_00_source_test_anomaly_0018_noAttribute.wav,bearingEmu,section_00,source,anomaly,0.0012248008279129863,fp_naa_c2_fault_preserving_seed42,server02_fp_naa_screening_20260817T165229Z
bearingEmu/test/section_00_source_test_anomaly_0019_noAttribute.wav,bearingEmu,section_00,source,anomaly,0.0009471157100051641,fp_naa_c2_fault_preserving_seed42,server02_fp_naa_screening_20260817T165229Z
bearingEmu/test/section_00_source_test_anomaly_0020_noAttribute.wav,bearingEmu,section_00,source,anomaly,0.0009960683528333902,fp_naa_c2_fault_preserving_seed42,server02_fp_naa_screening_20260817T165229Z
bearingEmu/test/section_00_source_test_anomaly_0021_noAttribute.wav,bearingEmu,section_00,source,anomaly,0.011301113292574883,fp_naa_c2_fault_preserving_seed42,server02_fp_naa_screening_20260817T165229Z
bearingEmu/test/section_00_source_test_anomaly_0022_noAttribute.wav,bearingEmu,section_00,source,anomaly,0.010128309950232506,fp_naa_c2_fault_preserving_seed42,server02_fp_naa_screening_20260817T165229Z
bearingEmu/test/section_00_source_test_anomaly_0023_noAttribute.wav,bearingEmu,section_00,source,anomaly,0.0015146298101171851,fp_naa_c2_fault_preserving_seed42,server02_fp_naa_screening_20260817T165229Z
bearingEmu/test/section_00_source_test_anomaly_0024_noAttribute.wav,bearingEmu,section_00,source,anomaly,0.0004966676351614296,fp_naa_c2_fault_preserving_seed42,server02_fp_naa_screening_20260817T165229Z
bearingEmu/test/section_00_source_test_anomaly_0025_noAttribute.wav,bearingEmu,section_00,source,anomaly,0.0002703083155211061,fp_naa_c2_fault_preserving_seed42,server02_fp_naa_screening_20260817T165229Z
bearingEmu/test/section_00_source_test_anomaly_0026_noAttribute.wav,bearingEmu,section_00,source,anomaly,0.010355819948017597,fp_naa_c2_fault_preserving_seed42,server02_fp_naa_screening_20260817T165229Z
bearingEmu/test/section_00_source_test_anomaly_0027_noAttribute.wav,bearingEmu,section_00,source,anomaly,0.0011256078723818064,fp_naa_c2_fault_preserving_seed42,server02_fp_naa_screening_20260817T165229Z
bearingEmu/test/section_00_source_test_anomaly_0028_noAttribute.wav,bearingEmu,section_00,source,anomaly,0.0020284203346818686,fp_naa_c2_fault_preserving_seed42,server02_fp_naa_screening_20260817T165229Z
bearingEmu/test/section_00_source_test_anomaly_0029_noAttribute.wav,bearingEmu,section_00,source,anomaly,0.001262204721570015,fp_naa_c2_fault_preserving_seed42,server02_fp_naa_screening_20260817T165229Z
bearingEmu/test/section_00_source_test_anomaly_0030_noAttribute.wav,bearingEmu,section_00,source,anomaly,0.0005801314255222678,fp_naa_c2_fault_preserving_seed42,server02_fp_naa_screening_20260817T165229Z
bearingEmu/test/section_00_source_test_anomaly_0031_noAttribute.wav,bearingEmu,section_00,source,anomaly,0.000948161818087101,fp_naa_c2_fault_preserving_seed42,server02_fp_naa_screening_20260817T165229Z
bearingEmu/test/section_00_source_test_anomaly_0032_noAttribute.wav,bearingEmu,section_00,source,anomaly,0.0011399646755307913,fp_naa_c2_fault_preserving_seed42,server02_fp_naa_screening_20260817T165229Z
bearingEmu/test/section_00_source_test_anomaly_0033_noAttribute.wav,bearingEmu,section_00,source,anomaly,0.010683986358344555,fp_naa_c2_fault_preserving_seed42,server02_fp_naa_screening_20260817T165229Z
bearingEmu/test/section_00_source_test_anomaly_0034_noAttribute.wav,bearingEmu,section_00,source,anomaly,0.0007633364293724298,fp_naa_c2_fault_preserving_seed42,server02_fp_naa_screening_20260817T165229Z
bearingEmu/test/section_00_source_test_anomaly_0035_noAttribute.wav,bearingEmu,section_00,source,anomaly,0.0029686763882637024,fp_naa_c2_fault_preserving_seed42,server02_fp_naa_screening_20260817T165229Z
bearingEmu/test/section_00_source_test_anomaly_0036_noAttribute.wav,bearingEmu,section_00,source,anomaly,0.0006733950576744974,fp_naa_c2_fault_preserving_seed42,server02_fp_naa_screening_20260817T165229Z
bearingEmu/test/section_00_source_test_anomaly_0037_noAttribute.wav,bearingEmu,section_00,source,anomaly,0.0007961459923535585,fp_naa_c2_fault_preserving_seed42,server02_fp_naa_screening_20260817T165229Z
bearingEmu/test/section_00_source_test_anomaly_0038_noAttribute.wav,bearingEmu,section_00,source,anomaly,0.01118958368897438,fp_naa_c2_fault_preserving_seed42,server02_fp_naa_screening_20260817T165229Z
bearingEmu/test/section_00_source_test_anomaly_0039_noAttribute.wav,bearingEmu,section_00,source,anomaly,0.0029493444599211216,fp_naa_c2_fault_preserving_seed42,server02_fp_naa_screening_20260817T165229Z
bearingEmu/test/section_00_source_test_anomaly_0040_noAttribute.wav,bearingEmu,section_00,source,anomaly,0.0032045640982687473,fp_naa_c2_fault_preserving_seed42,server02_fp_naa_screening_20260817T165229Z
bearingEmu/test/section_00_source_test_anomaly_0041_noAttribute.wav,bearingEmu,section_00,source,anomaly,0.0009743232512846589,fp_naa_c2_fault_preserving_seed42,server02_fp_naa_screening_20260817T165229Z
bearingEmu/test/section_00_source_test_anomaly_0042_noAttribute.wav,bearingEmu,section_00,source,anomaly,0.0035035740584135056,fp_naa_c2_fault_preserving_seed42,server02_fp_naa_screening_20260817T165229Z
bearingEmu/test/section_00_source_test_anomaly_0043_noAttribute.wav,bearingEmu,section_00,source,anomaly,0.0015301340026780963,fp_naa_c2_fault_preserving_seed42,server02_fp_naa_screening_20260817T165229Z
bearingEmu/test/section_00_source_test_anomaly_0044_noAttribute.wav,bearingEmu,section_00,source,anomaly,0.0001673212682362646,fp_naa_c2_fault_preserving_seed42,server02_fp_naa_screening_20260817T165229Z
bearingEmu/test/section_00_source_test_anomaly_0045_noAttribute.wav,bearingEmu,section_00,source,anomaly,0.0021014604717493057,fp_naa_c2_fault_preserving_seed42,server02_fp_naa_screening_20260817T165229Z
bearingEmu/test/section_00_source_test_anomaly_0046_noAttribute.wav,bearingEmu,section_00,source,anomaly,0.001364497933536768,fp_naa_c2_fault_preserving_seed42,server02_fp_naa_screening_20260817T165229Z
bearingEmu/test/section_00_source_test_anomaly_0047_noAttribute.wav,bearingEmu,section_00,source,anomaly,0.0005285912193357944,fp_naa_c2_fault_preserving_seed42,server02_fp_naa_screening_20260817T165229Z
bearingEmu/test/section_00_source_test_anomaly_0048_noAttribute.wav,bearingEmu,section_00,source,anomaly,0.002710900502279401,fp_naa_c2_fault_preserving_seed42,server02_fp_naa_screening_20260817T165229Z
bearingEmu/test/section_00_source_test_anomaly_0049_noAttribute.wav,bearingEmu,section_00,source,anomaly,0.00012030689686071128,fp_naa_c2_fault_preserving_seed42,server02_fp_naa_screening_20260817T165229Z
bearingEmu/test/section_00_source_test_normal_0000_noAttribute.wav,bearingEmu,section_00,source,normal,0.0012194185983389616,fp_naa_c2_fault_preserving_seed42,server02_fp_naa_screening_20260817T165229Z
bearingEmu/test/section_00_source_test_normal_0001_noAttribute.wav,bearingEmu,section_00,source,normal,0.0016137076308950782,fp_naa_c2_fault_preserving_seed42,server02_fp_naa_screening_20260817T165229Z
bearingEmu/test/section_00_source_test_normal_0002_noAttribute.wav,bearingEmu,section_00,source,normal,0.0012259709183126688,fp_naa_c2_fault_preserving_seed42,server02_fp_naa_screening_20260817T165229Z
bearingEmu/test/section_00_source_test_normal_0003_noAttribute.wav,bearingEmu,section_00,source,normal,0.00153902277816087,fp_naa_c2_fault_preserving_seed42,server02_fp_naa_screening_20260817T165229Z
bearingEmu/test/section_00_source_test_normal_0004_noAttribute.wav,bearingEmu,section_00,source,normal,0.00028057751478627324,fp_naa_c2_fault_preserving_seed42,server02_fp_naa_screening_20260817T165229Z
bearingEmu/test/section_00_source_test_normal_0005_noAttribute.wav,bearingEmu,section_00,source,normal,0.0007248127367347479,fp_naa_c2_fault_preserving_seed42,server02_fp_naa_screening_20260817T165229Z
bearingEmu/test/section_00_source_test_normal_0006_noAttribute.wav,bearingEmu,section_00,source,normal,0.0006503963377326727,fp_naa_c2_fault_preserving_seed42,server02_fp_naa_screening_20260817T165229Z
bearingEmu/test/section_00_source_test_normal_0007_noAttribute.wav,bearingEmu,section_00,source,normal,-0.00013680325355380774,fp_naa_c2_fault_preserving_seed42,server02_fp_naa_screening_20260817T165229Z
bearingEmu/test/section_00_source_test_normal_0008_noAttribute.wav,bearingEmu,section_00,source,normal,3.0931521905586123e-05,fp_naa_c2_fault_preserving_seed42,server02_fp_naa_screening_20260817T165229Z
bearingEmu/test/section_00_source_test_normal_0009_noAttribute.wav,bearingEmu,section_00,source,normal,0.0004983216058462858,fp_naa_c2_fault_preserving_seed42,server02_fp_naa_screening_20260817T165229Z
bearingEmu/test/section_00_source_test_normal_0010_noAttribute.wav,bearingEmu,section_00,source,normal,0.00032052642200142145,fp_naa_c2_fault_preserving_seed42,server02_fp_naa_screening_20260817T165229Z
bearingEmu/test/section_00_source_test_normal_0011_noAttribute.wav,bearingEmu,section_00,source,normal,-3.1888921512290835e-05,fp_naa_c2_fault_preserving_seed42,server02_fp_naa_screening_20260817T165229Z
bearingEmu/test/section_00_source_test_normal_0012_noAttribute.wav,bearingEmu,section_00,source,normal,0.0035318154841661453,fp_naa_c2_fault_preserving_seed42,server02_fp_naa_screening_20260817T165229Z
bearingEmu/test/section_00_source_test_normal_0013_noAttribute.wav,bearingEmu,section_00,source,normal,0.0006313261692412198,fp_naa_c2_fault_preserving_seed42,server02_fp_naa_screening_20260817T165229Z
bearingEmu/test/section_00_source_test_normal_0014_noAttribute.wav,bearingEmu,section_00,source,normal,0.0008300145855173469,fp_naa_c2_fault_preserving_seed42,server02_fp_naa_screening_20260817T165229Z
bearingEmu/test/section_00_source_test_normal_0015_noAttribute.wav,bearingEmu,section_00,source,normal,0.0006401365390047431,fp_naa_c2_fault_preserving_seed42,server02_fp_naa_screening_20260817T165229Z
bearingEmu/test/section_00_source_test_normal_0016_noAttribute.wav,bearingEmu,section_00,source,normal,0.00047215147060342133,fp_naa_c2_fault_preserving_seed42,server02_fp_naa_screening_20260817T165229Z
bearingEmu/test/section_00_source_test_normal_0017_noAttribute.wav,bearingEmu,section_00,source,normal,0.0009397078538313508,fp_naa_c2_fault_preserving_seed42,server02_fp_naa_screening_20260817T165229Z
bearingEmu/test/section_00_source_test_normal_0018_noAttribute.wav,bearingEmu,section_00,source,normal,0.00021985830971971154,fp_naa_c2_fault_preserving_seed42,server02_fp_naa_screening_20260817T165229Z
bearingEmu/test/section_00_source_test_normal_0019_noAttribute.wav,bearingEmu,section_00,source,normal,-0.00024689873680472374,fp_naa_c2_fault_preserving_seed42,server02_fp_naa_screening_20260817T165229Z
bearingEmu/test/section_00_source_test_normal_0020_noAttribute.wav,bearingEmu,section_00,source,normal,0.0005057777743786573,fp_naa_c2_fault_preserving_seed42,server02_fp_naa_screening_20260817T165229Z
bearingEmu/test/section_00_source_test_normal_0021_noAttribute.wav,bearingEmu,section_00,source,normal,0.0006246927659958601,fp_naa_c2_fault_preserving_seed42,server02_fp_naa_screening_20260817T165229Z
bearingEmu/test/section_00_source_test_normal_0022_noAttribute.wav,bearingEmu,section_00,source,normal,0.001000978983938694,fp_naa_c2_fault_preserving_seed42,server02_fp_naa_screening_20260817T165229Z
bearingEmu/test/section_00_source_test_normal_0023_noAttribute.wav,bearingEmu,section_00,source,normal,0.0002985989849548787,fp_naa_c2_fault_preserving_seed42,server02_fp_naa_screening_20260817T165229Z
bearingEmu/test/section_00_source_test_normal_0024_noAttribute.wav,bearingEmu,section_00,source,normal,0.0004227922181598842,fp_naa_c2_fault_preserving_seed42,server02_fp_naa_screening_20260817T165229Z
bearingEmu/test/section_00_source_test_normal_0025_noAttribute.wav,bearingEmu,section_00,source,normal,0.0005125436000525951,fp_naa_c2_fault_preserving_seed42,server02_fp_naa_screening_20260817T165229Z
bearingEmu/test/section_00_source_test_normal_0026_noAttribute.wav,bearingEmu,section_00,source,normal,0.000976031762547791,fp_naa_c2_fault_preserving_seed42,server02_fp_naa_screening_20260817T165229Z
bearingEmu/test/section_00_source_test_normal_0027_noAttribute.wav,bearingEmu,section_00,source,normal,0.0007693598745390773,fp_naa_c2_fault_preserving_seed42,server02_fp_naa_screening_20260817T165229Z
bearingEmu/test/section_00_source_test_normal_0028_noAttribute.wav,bearingEmu,section_00,source,normal,0.0011910144239664078,fp_naa_c2_fault_preserving_seed42,server02_fp_naa_screening_20260817T165229Z
bearingEmu/test/section_00_source_test_normal_0029_noAttribute.wav,bearingEmu,section_00,source,normal,0.0001940659713000059,fp_naa_c2_fault_preserving_seed42,server02_fp_naa_screening_20260817T165229Z
bearingEmu/test/section_00_source_test_normal_0030_noAttribute.wav,bearingEmu,section_00,source,normal,0.005222907289862633,fp_naa_c2_fault_preserving_seed42,server02_fp_naa_screening_20260817T165229Z
bearingEmu/test/section_00_source_test_normal_0031_noAttribute.wav,bearingEmu,section_00,source,normal,0.0036403825506567955,fp_naa_c2_fault_preserving_seed42,server02_fp_naa_screening_20260817T165229Z
bearingEmu/test/section_00_source_test_normal_0032_noAttribute.wav,bearingEmu,section_00,source,normal,0.000985287013463676,fp_naa_c2_fault_preserving_seed42,server02_fp_naa_screening_20260817T165229Z
bearingEmu/test/section_00_source_test_normal_0033_noAttribute.wav,bearingEmu,section_00,source,normal,-1.6031262930482626e-06,fp_naa_c2_fault_preserving_seed42,server02_fp_naa_screening_20260817T165229Z
bearingEmu/test/section_00_source_test_normal_0034_noAttribute.wav,bearingEmu,section_00,source,normal,0.0021354341879487038,fp_naa_c2_fault_preserving_seed42,server02_fp_naa_screening_20260817T165229Z
bearingEmu/test/section_00_source_test_normal_0035_noAttribute.wav,bearingEmu,section_00,source,normal,0.0005792099400423467,fp_naa_c2_fault_preserving_seed42,server02_fp_naa_screening_20260817T165229Z
bearingEmu/test/section_00_source_test_normal_0036_noAttribute.wav,bearingEmu,section_00,source,normal,0.0010411969851702452,fp_naa_c2_fault_preserving_seed42,server02_fp_naa_screening_20260817T165229Z
bearingEmu/test/section_00_source_test_normal_0037_noAttribute.wav,bearingEmu,section_00,source,normal,0.0024151948746293783,fp_naa_c2_fault_preserving_seed42,server02_fp_naa_screening_20260817T165229Z
bearingEmu/test/section_00_source_test_normal_0038_noAttribute.wav,bearingEmu,section_00,source,normal,-0.00031960278283804655,fp_naa_c2_fault_preserving_seed42,server02_fp_naa_screening_20260817T165229Z
bearingEmu/test/section_00_source_test_normal_0039_noAttribute.wav,bearingEmu,section_00,source,normal,0.0002938075631391257,fp_naa_c2_fault_preserving_seed42,server02_fp_naa_screening_20260817T165229Z
bearingEmu/test/section_00_source_test_normal_0040_noAttribute.wav,bearingEmu,section_00,source,normal,0.0030216469895094633,fp_naa_c2_fault_preserving_seed42,server02_fp_naa_screening_20260817T165229Z
bearingEmu/test/section_00_source_test_normal_0041_noAttribute.wav,bearingEmu,section_00,source,normal,0.0014340933412313461,fp_naa_c2_fault_preserving_seed42,server02_fp_naa_screening_20260817T165229Z
bearingEmu/test/section_00_source_test_normal_0042_noAttribute.wav,bearingEmu,section_00,source,normal,0.0003731648321263492,fp_naa_c2_fault_preserving_seed42,server02_fp_naa_screening_20260817T165229Z
bearingEmu/test/section_00_source_test_normal_0043_noAttribute.wav,bearingEmu,section_00,source,normal,6.420011050067842e-05,fp_naa_c2_fault_preserving_seed42,server02_fp_naa_screening_20260817T165229Z
bearingEmu/test/section_00_source_test_normal_0044_noAttribute.wav,bearingEmu,section_00,source,normal,0.002279026433825493,fp_naa_c2_fault_preserving_seed42,server02_fp_naa_screening_20260817T165229Z
bearingEmu/test/section_00_source_test_normal_0045_noAttribute.wav,bearingEmu,section_00,source,normal,0.0010838572634384036,fp_naa_c2_fault_preserving_seed42,server02_fp_naa_screening_20260817T165229Z
bearingEmu/test/section_00_source_test_normal_0046_noAttribute.wav,bearingEmu,section_00,source,normal,0.0014122860739007592,fp_naa_c2_fault_preserving_seed42,server02_fp_naa_screening_20260817T165229Z
bearingEmu/test/section_00_source_test_normal_0047_noAttribute.wav,bearingEmu,section_00,source,normal,0.003557698568329215,fp_naa_c2_fault_preserving_seed42,server02_fp_naa_screening_20260817T165229Z
bearingEmu/test/section_00_source_test_normal_0048_noAttribute.wav,bearingEmu,section_00,source,normal,0.0003717843792401254,fp_naa_c2_fault_preserving_seed42,server02_fp_naa_screening_20260817T165229Z
bearingEmu/test/section_00_source_test_normal_0049_noAttribute.wav,bearingEmu,section_00,source,normal,0.0005205397028476,fp_naa_c2_fault_preserving_seed42,server02_fp_naa_screening_20260817T165229Z
bearingEmu/test/section_00_target_test_anomaly_0000_noAttribute.wav,bearingEmu,section_00,target,anomaly,0.005756352562457323,fp_naa_c2_fault_preserving_seed42,server02_fp_naa_screening_20260817T165229Z
bearingEmu/test/section_00_target_test_anomaly_0001_noAttribute.wav,bearingEmu,section_00,target,anomaly,0.0012424433371052146,fp_naa_c2_fault_preserving_seed42,server02_fp_naa_screening_20260817T165229Z
bearingEmu/test/section_00_target_test_anomaly_0002_noAttribute.wav,bearingEmu,section_00,target,anomaly,0.00786619633436203,fp_naa_c2_fault_preserving_seed42,server02_fp_naa_screening_20260817T165229Z
bearingEmu/test/section_00_target_test_anomaly_0003_noAttribute.wav,bearingEmu,section_00,target,anomaly,0.0005383548559620976,fp_naa_c2_fault_preserving_seed42,server02_fp_naa_screening_20260817T165229Z
bearingEmu/test/section_00_target_test_anomaly_0004_noAttribute.wav,bearingEmu,section_00,target,anomaly,0.0012639168417081237,fp_naa_c2_fault_preserving_seed42,server02_fp_naa_screening_20260817T165229Z
bearingEmu/test/section_00_target_test_anomaly_0005_noAttribute.wav,bearingEmu,section_00,target,anomaly,0.000857344944961369,fp_naa_c2_fault_preserving_seed42,server02_fp_naa_screening_20260817T165229Z
bearingEmu/test/section_00_target_test_anomaly_0006_noAttribute.wav,bearingEmu,section_00,target,anomaly,0.001000796677544713,fp_naa_c2_fault_preserving_seed42,server02_fp_naa_screening_20260817T165229Z
bearingEmu/test/section_00_target_test_anomaly_0007_noAttribute.wav,bearingEmu,section_00,target,anomaly,0.00926298275589943,fp_naa_c2_fault_preserving_seed42,server02_fp_naa_screening_20260817T165229Z
bearingEmu/test/section_00_target_test_anomaly_0008_noAttribute.wav,bearingEmu,section_00,target,anomaly,0.0006471339729614556,fp_naa_c2_fault_preserving_seed42,server02_fp_naa_screening_20260817T165229Z
bearingEmu/test/section_00_target_test_anomaly_0009_noAttribute.wav,bearingEmu,section_00,target,anomaly,0.0006512537365779281,fp_naa_c2_fault_preserving_seed42,server02_fp_naa_screening_20260817T165229Z
bearingEmu/test/section_00_target_test_anomaly_0010_noAttribute.wav,bearingEmu,section_00,target,anomaly,0.0011304562212899327,fp_naa_c2_fault_preserving_seed42,server02_fp_naa_screening_20260817T165229Z
bearingEmu/test/section_00_target_test_anomaly_0011_noAttribute.wav,bearingEmu,section_00,target,anomaly,0.0008244848577305675,fp_naa_c2_fault_preserving_seed42,server02_fp_naa_screening_20260817T165229Z
bearingEmu/test/section_00_target_test_anomaly_0012_noAttribute.wav,bearingEmu,section_00,target,anomaly,0.011955060064792633,fp_naa_c2_fault_preserving_seed42,server02_fp_naa_screening_20260817T165229Z
bearingEmu/test/section_00_target_test_anomaly_0013_noAttribute.wav,bearingEmu,section_00,target,anomaly,0.004276753403246403,fp_naa_c2_fault_preserving_seed42,server02_fp_naa_screening_20260817T165229Z
bearingEmu/test/section_00_target_test_anomaly_0014_noAttribute.wav,bearingEmu,section_00,target,anomaly,0.0009563934290781617,fp_naa_c2_fault_preserving_seed42,server02_fp_naa_screening_20260817T165229Z
bearingEmu/test/section_00_target_test_anomaly_0015_noAttribute.wav,bearingEmu,section_00,target,anomaly,0.0027242861688137054,fp_naa_c2_fault_preserving_seed42,server02_fp_naa_screening_20260817T165229Z
bearingEmu/test/section_00_target_test_anomaly_0016_noAttribute.wav,bearingEmu,section_00,target,anomaly,0.002457623602822423,fp_naa_c2_fault_preserving_seed42,server02_fp_naa_screening_20260817T165229Z
bearingEmu/test/section_00_target_test_anomaly_0017_noAttribute.wav,bearingEmu,section_00,target,anomaly,0.002217455767095089,fp_naa_c2_fault_preserving_seed42,server02_fp_naa_screening_20260817T165229Z
bearingEmu/test/section_00_target_test_anomaly_0018_noAttribute.wav,bearingEmu,section_00,target,anomaly,0.0017349914414808154,fp_naa_c2_fault_preserving_seed42,server02_fp_naa_screening_20260817T165229Z
bearingEmu/test/section_00_target_test_anomaly_0019_noAttribute.wav,bearingEmu,section_00,target,anomaly,0.0008575782412663102,fp_naa_c2_fault_preserving_seed42,server02_fp_naa_screening_20260817T165229Z
bearingEmu/test/section_00_target_test_anomaly_0020_noAttribute.wav,bearingEmu,section_00,target,anomaly,0.0012969677336513996,fp_naa_c2_fault_preserving_seed42,server02_fp_naa_screening_20260817T165229Z
bearingEmu/test/section_00_target_test_anomaly_0021_noAttribute.wav,bearingEmu,section_00,target,anomaly,0.00046308006858453155,fp_naa_c2_fault_preserving_seed42,server02_fp_naa_screening_20260817T165229Z
bearingEmu/test/section_00_target_test_anomaly_0022_noAttribute.wav,bearingEmu,section_00,target,anomaly,0.006500340532511473,fp_naa_c2_fault_preserving_seed42,server02_fp_naa_screening_20260817T165229Z
bearingEmu/test/section_00_target_test_anomaly_0023_noAttribute.wav,bearingEmu,section_00,target,anomaly,0.0007971664890646935,fp_naa_c2_fault_preserving_seed42,server02_fp_naa_screening_20260817T165229Z
bearingEmu/test/section_00_target_test_anomaly_0024_noAttribute.wav,bearingEmu,section_00,target,anomaly,0.0010884618386626244,fp_naa_c2_fault_preserving_seed42,server02_fp_naa_screening_20260817T165229Z
bearingEmu/test/section_00_target_test_anomaly_0025_noAttribute.wav,bearingEmu,section_00,target,anomaly,0.01098958496004343,fp_naa_c2_fault_preserving_seed42,server02_fp_naa_screening_20260817T165229Z
bearingEmu/test/section_00_target_test_anomaly_0026_noAttribute.wav,bearingEmu,section_00,target,anomaly,0.0072173806838691235,fp_naa_c2_fault_preserving_seed42,server02_fp_naa_screening_20260817T165229Z
bearingEmu/test/section_00_target_test_anomaly_0027_noAttribute.wav,bearingEmu,section_00,target,anomaly,0.0002531102509237826,fp_naa_c2_fault_preserving_seed42,server02_fp_naa_screening_20260817T165229Z
bearingEmu/test/section_00_target_test_anomaly_0028_noAttribute.wav,bearingEmu,section_00,target,anomaly,0.00014004205877427012,fp_naa_c2_fault_preserving_seed42,server02_fp_naa_screening_20260817T165229Z
bearingEmu/test/section_00_target_test_anomaly_0029_noAttribute.wav,bearingEmu,section_00,target,anomaly,0.007371497340500355,fp_naa_c2_fault_preserving_seed42,server02_fp_naa_screening_20260817T165229Z
bearingEmu/test/section_00_target_test_anomaly_0030_noAttribute.wav,bearingEmu,section_00,target,anomaly,0.010719124227762222,fp_naa_c2_fault_preserving_seed42,server02_fp_naa_screening_20260817T165229Z
bearingEmu/test/section_00_target_test_anomaly_0031_noAttribute.wav,bearingEmu,section_00,target,anomaly,0.00043333362555131316,fp_naa_c2_fault_preserving_seed42,server02_fp_naa_screening_20260817T165229Z
bearingEmu/test/section_00_target_test_anomaly_0032_noAttribute.wav,bearingEmu,section_00,target,anomaly,-0.0002484809374436736,fp_naa_c2_fault_preserving_seed42,server02_fp_naa_screening_20260817T165229Z
bearingEmu/test/section_00_target_test_anomaly_0033_noAttribute.wav,bearingEmu,section_00,target,anomaly,8.314955630339682e-05,fp_naa_c2_fault_preserving_seed42,server02_fp_naa_screening_20260817T165229Z
bearingEmu/test/section_00_target_test_anomaly_0034_noAttribute.wav,bearingEmu,section_00,target,anomaly,0.005347342696040869,fp_naa_c2_fault_preserving_seed42,server02_fp_naa_screening_20260817T165229Z
bearingEmu/test/section_00_target_test_anomaly_0035_noAttribute.wav,bearingEmu,section_00,target,anomaly,0.0011692949337884784,fp_naa_c2_fault_preserving_seed42,server02_fp_naa_screening_20260817T165229Z
bearingEmu/test/section_00_target_test_anomaly_0036_noAttribute.wav,bearingEmu,section_00,target,anomaly,0.00991444569081068,fp_naa_c2_fault_preserving_seed42,server02_fp_naa_screening_20260817T165229Z
bearingEmu/test/section_00_target_test_anomaly_0037_noAttribute.wav,bearingEmu,section_00,target,anomaly,0.0012575185392051935,fp_naa_c2_fault_preserving_seed42,server02_fp_naa_screening_20260817T165229Z
bearingEmu/test/section_00_target_test_anomaly_0038_noAttribute.wav,bearingEmu,section_00,target,anomaly,0.0010134185431525111,fp_naa_c2_fault_preserving_seed42,server02_fp_naa_screening_20260817T165229Z
bearingEmu/test/section_00_target_test_anomaly_0039_noAttribute.wav,bearingEmu,section_00,target,anomaly,0.0008483571582473814,fp_naa_c2_fault_preserving_seed42,server02_fp_naa_screening_20260817T165229Z
bearingEmu/test/section_00_target_test_anomaly_0040_noAttribute.wav,bearingEmu,section_00,target,anomaly,0.0006032758392393589,fp_naa_c2_fault_preserving_seed42,server02_fp_naa_screening_20260817T165229Z
bearingEmu/test/section_00_target_test_anomaly_0041_noAttribute.wav,bearingEmu,section_00,target,anomaly,0.0017216084524989128,fp_naa_c2_fault_preserving_seed42,server02_fp_naa_screening_20260817T165229Z
bearingEmu/test/section_00_target_test_anomaly_0042_noAttribute.wav,bearingEmu,section_00,target,anomaly,0.0013620461104437709,fp_naa_c2_fault_preserving_seed42,server02_fp_naa_screening_20260817T165229Z
bearingEmu/test/section_00_target_test_anomaly_0043_noAttribute.wav,bearingEmu,section_00,target,anomaly,0.00026065745623782277,fp_naa_c2_fault_preserving_seed42,server02_fp_naa_screening_20260817T165229Z
bearingEmu/test/section_00_target_test_anomaly_0044_noAttribute.wav,bearingEmu,section_00,target,anomaly,0.000822929956484586,fp_naa_c2_fault_preserving_seed42,server02_fp_naa_screening_20260817T165229Z
bearingEmu/test/section_00_target_test_anomaly_0045_noAttribute.wav,bearingEmu,section_00,target,anomaly,0.0009294228511862457,fp_naa_c2_fault_preserving_seed42,server02_fp_naa_screening_20260817T165229Z
bearingEmu/test/section_00_target_test_anomaly_0046_noAttribute.wav,bearingEmu,section_00,target,anomaly,0.0014259259914979339,fp_naa_c2_fault_preserving_seed42,server02_fp_naa_screening_20260817T165229Z
bearingEmu/test/section_00_target_test_anomaly_0047_noAttribute.wav,bearingEmu,section_00,target,anomaly,0.0018039876595139503,fp_naa_c2_fault_preserving_seed42,server02_fp_naa_screening_20260817T165229Z
bearingEmu/test/section_00_target_test_anomaly_0048_noAttribute.wav,bearingEmu,section_00,target,anomaly,0.008612033911049366,fp_naa_c2_fault_preserving_seed42,server02_fp_naa_screening_20260817T165229Z
bearingEmu/test/section_00_target_test_anomaly_0049_noAttribute.wav,bearingEmu,section_00,target,anomaly,0.0008838769281283021,fp_naa_c2_fault_preserving_seed42,server02_fp_naa_screening_20260817T165229Z
bearingEmu/test/section_00_target_test_normal_0000_noAttribute.wav,bearingEmu,section_00,target,normal,0.0022728759795427322,fp_naa_c2_fault_preserving_seed42,server02_fp_naa_screening_20260817T165229Z
bearingEmu/test/section_00_target_test_normal_0001_noAttribute.wav,bearingEmu,section_00,target,normal,0.0007591706817038357,fp_naa_c2_fault_preserving_seed42,server02_fp_naa_screening_20260817T165229Z
bearingEmu/test/section_00_target_test_normal_0002_noAttribute.wav,bearingEmu,section_00,target,normal,0.00014720740728080273,fp_naa_c2_fault_preserving_seed42,server02_fp_naa_screening_20260817T165229Z
bearingEmu/test/section_00_target_test_normal_0003_noAttribute.wav,bearingEmu,section_00,target,normal,0.0023168425541371107,fp_naa_c2_fault_preserving_seed42,server02_fp_naa_screening_20260817T165229Z
bearingEmu/test/section_00_target_test_normal_0004_noAttribute.wav,bearingEmu,section_00,target,normal,0.001109493081457913,fp_naa_c2_fault_preserving_seed42,server02_fp_naa_screening_20260817T165229Z
bearingEmu/test/section_00_target_test_normal_0005_noAttribute.wav,bearingEmu,section_00,target,normal,0.0016515040770173073,fp_naa_c2_fault_preserving_seed42,server02_fp_naa_screening_20260817T165229Z
bearingEmu/test/section_00_target_test_normal_0006_noAttribute.wav,bearingEmu,section_00,target,normal,0.0015124821802601218,fp_naa_c2_fault_preserving_seed42,server02_fp_naa_screening_20260817T165229Z
bearingEmu/test/section_00_target_test_normal_0007_noAttribute.wav,bearingEmu,section_00,target,normal,0.001554901828058064,fp_naa_c2_fault_preserving_seed42,server02_fp_naa_screening_20260817T165229Z
bearingEmu/test/section_00_target_test_normal_0008_noAttribute.wav,bearingEmu,section_00,target,normal,0.0005547057371586561,fp_naa_c2_fault_preserving_seed42,server02_fp_naa_screening_20260817T165229Z
bearingEmu/test/section_00_target_test_normal_0009_noAttribute.wav,bearingEmu,section_00,target,normal,0.0005228768568485975,fp_naa_c2_fault_preserving_seed42,server02_fp_naa_screening_20260817T165229Z
bearingEmu/test/section_00_target_test_normal_0010_noAttribute.wav,bearingEmu,section_00,target,normal,0.00035916935303248465,fp_naa_c2_fault_preserving_seed42,server02_fp_naa_screening_20260817T165229Z
bearingEmu/test/section_00_target_test_normal_0011_noAttribute.wav,bearingEmu,section_00,target,normal,0.000158758950419724,fp_naa_c2_fault_preserving_seed42,server02_fp_naa_screening_20260817T165229Z
bearingEmu/test/section_00_target_test_normal_0012_noAttribute.wav,bearingEmu,section_00,target,normal,0.0006461477023549378,fp_naa_c2_fault_preserving_seed42,server02_fp_naa_screening_20260817T165229Z
bearingEmu/test/section_00_target_test_normal_0013_noAttribute.wav,bearingEmu,section_00,target,normal,0.00012686377158388495,fp_naa_c2_fault_preserving_seed42,server02_fp_naa_screening_20260817T165229Z
bearingEmu/test/section_00_target_test_normal_0014_noAttribute.wav,bearingEmu,section_00,target,normal,-0.0010997503995895386,fp_naa_c2_fault_preserving_seed42,server02_fp_naa_screening_20260817T165229Z
bearingEmu/test/section_00_target_test_normal_0015_noAttribute.wav,bearingEmu,section_00,target,normal,0.002835765015333891,fp_naa_c2_fault_preserving_seed42,server02_fp_naa_screening_20260817T165229Z
bearingEmu/test/section_00_target_test_normal_0016_noAttribute.wav,bearingEmu,section_00,target,normal,0.0009204794769175351,fp_naa_c2_fault_preserving_seed42,server02_fp_naa_screening_20260817T165229Z
bearingEmu/test/section_00_target_test_normal_0017_noAttribute.wav,bearingEmu,section_00,target,normal,0.0007058584014885128,fp_naa_c2_fault_preserving_seed42,server02_fp_naa_screening_20260817T165229Z
bearingEmu/test/section_00_target_test_normal_0018_noAttribute.wav,bearingEmu,section_00,target,normal,0.0010569634614512324,fp_naa_c2_fault_preserving_seed42,server02_fp_naa_screening_20260817T165229Z
bearingEmu/test/section_00_target_test_normal_0019_noAttribute.wav,bearingEmu,section_00,target,normal,0.0010084743844345212,fp_naa_c2_fault_preserving_seed42,server02_fp_naa_screening_20260817T165229Z
bearingEmu/test/section_00_target_test_normal_0020_noAttribute.wav,bearingEmu,section_00,target,normal,0.0003331879561301321,fp_naa_c2_fault_preserving_seed42,server02_fp_naa_screening_20260817T165229Z
bearingEmu/test/section_00_target_test_normal_0021_noAttribute.wav,bearingEmu,section_00,target,normal,0.0021197875030338764,fp_naa_c2_fault_preserving_seed42,server02_fp_naa_screening_20260817T165229Z
bearingEmu/test/section_00_target_test_normal_0022_noAttribute.wav,bearingEmu,section_00,target,normal,0.0009549821261316538,fp_naa_c2_fault_preserving_seed42,server02_fp_naa_screening_20260817T165229Z
bearingEmu/test/section_00_target_test_normal_0023_noAttribute.wav,bearingEmu,section_00,target,normal,0.0007943323580548167,fp_naa_c2_fault_preserving_seed42,server02_fp_naa_screening_20260817T165229Z
bearingEmu/test/section_00_target_test_normal_0024_noAttribute.wav,bearingEmu,section_00,target,normal,0.0002714646398089826,fp_naa_c2_fault_preserving_seed42,server02_fp_naa_screening_20260817T165229Z
bearingEmu/test/section_00_target_test_normal_0025_noAttribute.wav,bearingEmu,section_00,target,normal,0.0009891095105558634,fp_naa_c2_fault_preserving_seed42,server02_fp_naa_screening_20260817T165229Z
bearingEmu/test/section_00_target_test_normal_0026_noAttribute.wav,bearingEmu,section_00,target,normal,0.0004482273943722248,fp_naa_c2_fault_preserving_seed42,server02_fp_naa_screening_20260817T165229Z
bearingEmu/test/section_00_target_test_normal_0027_noAttribute.wav,bearingEmu,section_00,target,normal,0.0006828843615949154,fp_naa_c2_fault_preserving_seed42,server02_fp_naa_screening_20260817T165229Z
bearingEmu/test/section_00_target_test_normal_0028_noAttribute.wav,bearingEmu,section_00,target,normal,0.0006072235410101712,fp_naa_c2_fault_preserving_seed42,server02_fp_naa_screening_20260817T165229Z
bearingEmu/test/section_00_target_test_normal_0029_noAttribute.wav,bearingEmu,section_00,target,normal,0.0005655554705299437,fp_naa_c2_fault_preserving_seed42,server02_fp_naa_screening_20260817T165229Z
bearingEmu/test/section_00_target_test_normal_0030_noAttribute.wav,bearingEmu,section_00,target,normal,0.002316984347999096,fp_naa_c2_fault_preserving_seed42,server02_fp_naa_screening_20260817T165229Z
bearingEmu/test/section_00_target_test_normal_0031_noAttribute.wav,bearingEmu,section_00,target,normal,0.0023415209725499153,fp_naa_c2_fault_preserving_seed42,server02_fp_naa_screening_20260817T165229Z
bearingEmu/test/section_00_target_test_normal_0032_noAttribute.wav,bearingEmu,section_00,target,normal,0.0011436092900112271,fp_naa_c2_fault_preserving_seed42,server02_fp_naa_screening_20260817T165229Z
bearingEmu/test/section_00_target_test_normal_0033_noAttribute.wav,bearingEmu,section_00,target,normal,0.0006294348277151585,fp_naa_c2_fault_preserving_seed42,server02_fp_naa_screening_20260817T165229Z
bearingEmu/test/section_00_target_test_normal_0034_noAttribute.wav,bearingEmu,section_00,target,normal,0.0005741292843595147,fp_naa_c2_fault_preserving_seed42,server02_fp_naa_screening_20260817T165229Z
bearingEmu/test/section_00_target_test_normal_0035_noAttribute.wav,bearingEmu,section_00,target,normal,0.0007338213617913425,fp_naa_c2_fault_preserving_seed42,server02_fp_naa_screening_20260817T165229Z
bearingEmu/test/section_00_target_test_normal_0036_noAttribute.wav,bearingEmu,section_00,target,normal,0.0008308077231049538,fp_naa_c2_fault_preserving_seed42,server02_fp_naa_screening_20260817T165229Z
bearingEmu/test/section_00_target_test_normal_0037_noAttribute.wav,bearingEmu,section_00,target,normal,0.0010782836470752954,fp_naa_c2_fault_preserving_seed42,server02_fp_naa_screening_20260817T165229Z
bearingEmu/test/section_00_target_test_normal_0038_noAttribute.wav,bearingEmu,section_00,target,normal,0.0011619264259934425,fp_naa_c2_fault_preserving_seed42,server02_fp_naa_screening_20260817T165229Z
bearingEmu/test/section_00_target_test_normal_0039_noAttribute.wav,bearingEmu,section_00,target,normal,0.0003039996372535825,fp_naa_c2_fault_preserving_seed42,server02_fp_naa_screening_20260817T165229Z
bearingEmu/test/section_00_target_test_normal_0040_noAttribute.wav,bearingEmu,section_00,target,normal,0.000825321942102164,fp_naa_c2_fault_preserving_seed42,server02_fp_naa_screening_20260817T165229Z
bearingEmu/test/section_00_target_test_normal_0041_noAttribute.wav,bearingEmu,section_00,target,normal,0.0012348933378234506,fp_naa_c2_fault_preserving_seed42,server02_fp_naa_screening_20260817T165229Z
bearingEmu/test/section_00_target_test_normal_0042_noAttribute.wav,bearingEmu,section_00,target,normal,0.00039157248102128506,fp_naa_c2_fault_preserving_seed42,server02_fp_naa_screening_20260817T165229Z
bearingEmu/test/section_00_target_test_normal_0043_noAttribute.wav,bearingEmu,section_00,target,normal,0.0007929065031930804,fp_naa_c2_fault_preserving_seed42,server02_fp_naa_screening_20260817T165229Z
bearingEmu/test/section_00_target_test_normal_0044_noAttribute.wav,bearingEmu,section_00,target,normal,0.003444929141551256,fp_naa_c2_fault_preserving_seed42,server02_fp_naa_screening_20260817T165229Z
bearingEmu/test/section_00_target_test_normal_0045_noAttribute.wav,bearingEmu,section_00,target,normal,7.126705895643681e-05,fp_naa_c2_fault_preserving_seed42,server02_fp_naa_screening_20260817T165229Z
bearingEmu/test/section_00_target_test_normal_0046_noAttribute.wav,bearingEmu,section_00,target,normal,0.003541851881891489,fp_naa_c2_fault_preserving_seed42,server02_fp_naa_screening_20260817T165229Z
bearingEmu/test/section_00_target_test_normal_0047_noAttribute.wav,bearingEmu,section_00,target,normal,0.0009256289340555668,fp_naa_c2_fault_preserving_seed42,server02_fp_naa_screening_20260817T165229Z
bearingEmu/test/section_00_target_test_normal_0048_noAttribute.wav,bearingEmu,section_00,target,normal,0.00033358854125253856,fp_naa_c2_fault_preserving_seed42,server02_fp_naa_screening_20260817T165229Z
bearingEmu/test/section_00_target_test_normal_0049_noAttribute.wav,bearingEmu,section_00,target,normal,0.001820764155127108,fp_naa_c2_fault_preserving_seed42,server02_fp_naa_screening_20260817T165229Z
fan/test/section_00_source_test_anomaly_0000_spd_1.wav,fan,section_00,source,anomaly,0.0004918164922855794,fp_naa_c2_fault_preserving_seed42,server02_fp_naa_screening_20260817T165229Z
fan/test/section_00_source_test_anomaly_0001_spd_3.wav,fan,section_00,source,anomaly,0.0008713544812053442,fp_naa_c2_fault_preserving_seed42,server02_fp_naa_screening_20260817T165229Z
fan/test/section_00_source_test_anomaly_0002_spd_1.wav,fan,section_00,source,anomaly,-0.0002876178186852485,fp_naa_c2_fault_preserving_seed42,server02_fp_naa_screening_20260817T165229Z
fan/test/section_00_source_test_anomaly_0003_spd_2.wav,fan,section_00,source,anomaly,0.00044853187864646316,fp_naa_c2_fault_preserving_seed42,server02_fp_naa_screening_20260817T165229Z
fan/test/section_00_source_test_anomaly_0004_spd_3.wav,fan,section_00,source,anomaly,0.0006763825658708811,fp_naa_c2_fault_preserving_seed42,server02_fp_naa_screening_20260817T165229Z
fan/test/section_00_source_test_anomaly_0005_spd_3.wav,fan,section_00,source,anomaly,-0.0004093339084647596,fp_naa_c2_fault_preserving_seed42,server02_fp_naa_screening_20260817T165229Z
fan/test/section_00_source_test_anomaly_0006_spd_1.wav,fan,section_00,source,anomaly,0.0003978084132540971,fp_naa_c2_fault_preserving_seed42,server02_fp_naa_screening_20260817T165229Z
fan/test/section_00_source_test_anomaly_0007_spd_3.wav,fan,section_00,source,anomaly,0.0013924138620495796,fp_naa_c2_fault_preserving_seed42,server02_fp_naa_screening_20260817T165229Z
fan/test/section_00_source_test_anomaly_0008_spd_3.wav,fan,section_00,source,anomaly,0.000553308695089072,fp_naa_c2_fault_preserving_seed42,server02_fp_naa_screening_20260817T165229Z
fan/test/section_00_source_test_anomaly_0009_spd_1.wav,fan,section_00,source,anomaly,0.0002845209091901779,fp_naa_c2_fault_preserving_seed42,server02_fp_naa_screening_20260817T165229Z
fan/test/section_00_source_test_anomaly_0010_spd_3.wav,fan,section_00,source,anomaly,0.0006327347364276648,fp_naa_c2_fault_preserving_seed42,server02_fp_naa_screening_20260817T165229Z
fan/test/section_00_source_test_anomaly_0011_spd_3.wav,fan,section_00,source,anomaly,0.0007938943454064429,fp_naa_c2_fault_preserving_seed42,server02_fp_naa_screening_20260817T165229Z
fan/test/section_00_source_test_anomaly_0012_spd_2.wav,fan,section_00,source,anomaly,0.00047105172416195273,fp_naa_c2_fault_preserving_seed42,server02_fp_naa_screening_20260817T165229Z
fan/test/section_00_source_test_anomaly_0013_spd_2.wav,fan,section_00,source,anomaly,0.000402200676035136,fp_naa_c2_fault_preserving_seed42,server02_fp_naa_screening_20260817T165229Z
fan/test/section_00_source_test_anomaly_0014_spd_1.wav,fan,section_00,source,anomaly,0.0008415731135755777,fp_naa_c2_fault_preserving_seed42,server02_fp_naa_screening_20260817T165229Z
fan/test/section_00_source_test_anomaly_0015_spd_2.wav,fan,section_00,source,anomaly,0.000491559796500951,fp_naa_c2_fault_preserving_seed42,server02_fp_naa_screening_20260817T165229Z
fan/test/section_00_source_test_anomaly_0016_spd_2.wav,fan,section_00,source,anomaly,0.0004320469161029905,fp_naa_c2_fault_preserving_seed42,server02_fp_naa_screening_20260817T165229Z
fan/test/section_00_source_test_anomaly_0017_spd_3.wav,fan,section_00,source,anomaly,0.0004827805678360164,fp_naa_c2_fault_preserving_seed42,server02_fp_naa_screening_20260817T165229Z
fan/test/section_00_source_test_anomaly_0018_spd_1.wav,fan,section_00,source,anomaly,0.00035384055809117854,fp_naa_c2_fault_preserving_seed42,server02_fp_naa_screening_20260817T165229Z
fan/test/section_00_source_test_anomaly_0019_spd_1.wav,fan,section_00,source,anomaly,0.00040380487916991115,fp_naa_c2_fault_preserving_seed42,server02_fp_naa_screening_20260817T165229Z
fan/test/section_00_source_test_anomaly_0020_spd_1.wav,fan,section_00,source,anomaly,0.0003086432989221066,fp_naa_c2_fault_preserving_seed42,server02_fp_naa_screening_20260817T165229Z
fan/test/section_00_source_test_anomaly_0021_spd_3.wav,fan,section_00,source,anomaly,0.0006626722170040011,fp_naa_c2_fault_preserving_seed42,server02_fp_naa_screening_20260817T165229Z
fan/test/section_00_source_test_anomaly_0022_spd_1.wav,fan,section_00,source,anomaly,0.0006133835995569825,fp_naa_c2_fault_preserving_seed42,server02_fp_naa_screening_20260817T165229Z
fan/test/section_00_source_test_anomaly_0023_spd_2.wav,fan,section_00,source,anomaly,0.0005591264343820512,fp_naa_c2_fault_preserving_seed42,server02_fp_naa_screening_20260817T165229Z
fan/test/section_00_source_test_anomaly_0024_spd_2.wav,fan,section_00,source,anomaly,0.0007654353976249695,fp_naa_c2_fault_preserving_seed42,server02_fp_naa_screening_20260817T165229Z
fan/test/section_00_source_test_anomaly_0025_spd_2.wav,fan,section_00,source,anomaly,0.0005412287428043783,fp_naa_c2_fault_preserving_seed42,server02_fp_naa_screening_20260817T165229Z
fan/test/section_00_source_test_anomaly_0026_spd_1.wav,fan,section_00,source,anomaly,0.000468751008156687,fp_naa_c2_fault_preserving_seed42,server02_fp_naa_screening_20260817T165229Z
fan/test/section_00_source_test_anomaly_0027_spd_2.wav,fan,section_00,source,anomaly,0.0007418080931529403,fp_naa_c2_fault_preserving_seed42,server02_fp_naa_screening_20260817T165229Z
fan/test/section_00_source_test_anomaly_0028_spd_1.wav,fan,section_00,source,anomaly,0.00034630406298674643,fp_naa_c2_fault_preserving_seed42,server02_fp_naa_screening_20260817T165229Z
fan/test/section_00_source_test_anomaly_0029_spd_2.wav,fan,section_00,source,anomaly,0.0005110545316711068,fp_naa_c2_fault_preserving_seed42,server02_fp_naa_screening_20260817T165229Z
fan/test/section_00_source_test_anomaly_0030_spd_2.wav,fan,section_00,source,anomaly,0.0006547001539729536,fp_naa_c2_fault_preserving_seed42,server02_fp_naa_screening_20260817T165229Z
fan/test/section_00_source_test_anomaly_0031_spd_2.wav,fan,section_00,source,anomaly,0.00046825676690787077,fp_naa_c2_fault_preserving_seed42,server02_fp_naa_screening_20260817T165229Z
fan/test/section_00_source_test_anomaly_0032_spd_3.wav,fan,section_00,source,anomaly,0.0013490935089066625,fp_naa_c2_fault_preserving_seed42,server02_fp_naa_screening_20260817T165229Z
fan/test/section_00_source_test_anomaly_0033_spd_1.wav,fan,section_00,source,anomaly,0.0007640040712431073,fp_naa_c2_fault_preserving_seed42,server02_fp_naa_screening_20260817T165229Z
fan/test/section_00_source_test_anomaly_0034_spd_2.wav,fan,section_00,source,anomaly,0.0006895619444549084,fp_naa_c2_fault_preserving_seed42,server02_fp_naa_screening_20260817T165229Z
fan/test/section_00_source_test_anomaly_0035_spd_2.wav,fan,section_00,source,anomaly,0.0005449644522741437,fp_naa_c2_fault_preserving_seed42,server02_fp_naa_screening_20260817T165229Z
fan/test/section_00_source_test_anomaly_0036_spd_2.wav,fan,section_00,source,anomaly,0.00034720648545771837,fp_naa_c2_fault_preserving_seed42,server02_fp_naa_screening_20260817T165229Z
fan/test/section_00_source_test_anomaly_0037_spd_1.wav,fan,section_00,source,anomaly,0.0004689569177571684,fp_naa_c2_fault_preserving_seed42,server02_fp_naa_screening_20260817T165229Z
fan/test/section_00_source_test_anomaly_0038_spd_2.wav,fan,section_00,source,anomaly,0.0006445290055125952,fp_naa_c2_fault_preserving_seed42,server02_fp_naa_screening_20260817T165229Z
fan/test/section_00_source_test_anomaly_0039_spd_3.wav,fan,section_00,source,anomaly,0.001063563977368176,fp_naa_c2_fault_preserving_seed42,server02_fp_naa_screening_20260817T165229Z
fan/test/section_00_source_test_anomaly_0040_spd_1.wav,fan,section_00,source,anomaly,0.000432987988460809,fp_naa_c2_fault_preserving_seed42,server02_fp_naa_screening_20260817T165229Z
fan/test/section_00_source_test_anomaly_0041_spd_1.wav,fan,section_00,source,anomaly,0.0007445830851793289,fp_naa_c2_fault_preserving_seed42,server02_fp_naa_screening_20260817T165229Z
fan/test/section_00_source_test_anomaly_0042_spd_3.wav,fan,section_00,source,anomaly,0.0009129975805990398,fp_naa_c2_fault_preserving_seed42,server02_fp_naa_screening_20260817T165229Z
fan/test/section_00_source_test_anomaly_0043_spd_1.wav,fan,section_00,source,anomaly,0.0012911208905279636,fp_naa_c2_fault_preserving_seed42,server02_fp_naa_screening_20260817T165229Z
fan/test/section_00_source_test_anomaly_0044_spd_3.wav,fan,section_00,source,anomaly,0.0015077656134963036,fp_naa_c2_fault_preserving_seed42,server02_fp_naa_screening_20260817T165229Z
fan/test/section_00_source_test_anomaly_0045_spd_1.wav,fan,section_00,source,anomaly,0.00039390899473801255,fp_naa_c2_fault_preserving_seed42,server02_fp_naa_screening_20260817T165229Z
fan/test/section_00_source_test_anomaly_0046_spd_3.wav,fan,section_00,source,anomaly,0.0006794419605284929,fp_naa_c2_fault_preserving_seed42,server02_fp_naa_screening_20260817T165229Z
fan/test/section_00_source_test_anomaly_0047_spd_2.wav,fan,section_00,source,anomaly,0.0005251767579466105,fp_naa_c2_fault_preserving_seed42,server02_fp_naa_screening_20260817T165229Z
fan/test/section_00_source_test_anomaly_0048_spd_3.wav,fan,section_00,source,anomaly,0.0009658312774263322,fp_naa_c2_fault_preserving_seed42,server02_fp_naa_screening_20260817T165229Z
fan/test/section_00_source_test_anomaly_0049_spd_3.wav,fan,section_00,source,anomaly,0.0009249819559045136,fp_naa_c2_fault_preserving_seed42,server02_fp_naa_screening_20260817T165229Z
fan/test/section_00_source_test_normal_0000_spd_2.wav,fan,section_00,source,normal,0.0003719519590958953,fp_naa_c2_fault_preserving_seed42,server02_fp_naa_screening_20260817T165229Z
fan/test/section_00_source_test_normal_0001_spd_1.wav,fan,section_00,source,normal,0.0002558869600761682,fp_naa_c2_fault_preserving_seed42,server02_fp_naa_screening_20260817T165229Z
fan/test/section_00_source_test_normal_0002_spd_2.wav,fan,section_00,source,normal,0.00047797171282581985,fp_naa_c2_fault_preserving_seed42,server02_fp_naa_screening_20260817T165229Z
fan/test/section_00_source_test_normal_0003_spd_3.wav,fan,section_00,source,normal,0.0008364251116290689,fp_naa_c2_fault_preserving_seed42,server02_fp_naa_screening_20260817T165229Z
fan/test/section_00_source_test_normal_0004_spd_2.wav,fan,section_00,source,normal,0.0006577455205842853,fp_naa_c2_fault_preserving_seed42,server02_fp_naa_screening_20260817T165229Z
fan/test/section_00_source_test_normal_0005_spd_3.wav,fan,section_00,source,normal,0.0006097140139900148,fp_naa_c2_fault_preserving_seed42,server02_fp_naa_screening_20260817T165229Z
fan/test/section_00_source_test_normal_0006_spd_1.wav,fan,section_00,source,normal,0.0007427210221067071,fp_naa_c2_fault_preserving_seed42,server02_fp_naa_screening_20260817T165229Z
fan/test/section_00_source_test_normal_0007_spd_3.wav,fan,section_00,source,normal,0.000422114972025156,fp_naa_c2_fault_preserving_seed42,server02_fp_naa_screening_20260817T165229Z
fan/test/section_00_source_test_normal_0008_spd_3.wav,fan,section_00,source,normal,0.0005270291585475206,fp_naa_c2_fault_preserving_seed42,server02_fp_naa_screening_20260817T165229Z
fan/test/section_00_source_test_normal_0009_spd_2.wav,fan,section_00,source,normal,0.0013945682439953089,fp_naa_c2_fault_preserving_seed42,server02_fp_naa_screening_20260817T165229Z
fan/test/section_00_source_test_normal_0010_spd_2.wav,fan,section_00,source,normal,0.0008462201803922653,fp_naa_c2_fault_preserving_seed42,server02_fp_naa_screening_20260817T165229Z
fan/test/section_00_source_test_normal_0011_spd_1.wav,fan,section_00,source,normal,0.0007413802668452263,fp_naa_c2_fault_preserving_seed42,server02_fp_naa_screening_20260817T165229Z
fan/test/section_00_source_test_normal_0012_spd_1.wav,fan,section_00,source,normal,0.00038399381446652114,fp_naa_c2_fault_preserving_seed42,server02_fp_naa_screening_20260817T165229Z
fan/test/section_00_source_test_normal_0013_spd_1.wav,fan,section_00,source,normal,0.0005256291478872299,fp_naa_c2_fault_preserving_seed42,server02_fp_naa_screening_20260817T165229Z
fan/test/section_00_source_test_normal_0014_spd_2.wav,fan,section_00,source,normal,0.0003625723475124687,fp_naa_c2_fault_preserving_seed42,server02_fp_naa_screening_20260817T165229Z
fan/test/section_00_source_test_normal_0015_spd_2.wav,fan,section_00,source,normal,0.00044448976404964924,fp_naa_c2_fault_preserving_seed42,server02_fp_naa_screening_20260817T165229Z
fan/test/section_00_source_test_normal_0016_spd_2.wav,fan,section_00,source,normal,0.00037883076583966613,fp_naa_c2_fault_preserving_seed42,server02_fp_naa_screening_20260817T165229Z
fan/test/section_00_source_test_normal_0017_spd_3.wav,fan,section_00,source,normal,0.0006712710601277649,fp_naa_c2_fault_preserving_seed42,server02_fp_naa_screening_20260817T165229Z
fan/test/section_00_source_test_normal_0018_spd_3.wav,fan,section_00,source,normal,0.0006078181322664022,fp_naa_c2_fault_preserving_seed42,server02_fp_naa_screening_20260817T165229Z
fan/test/section_00_source_test_normal_0019_spd_1.wav,fan,section_00,source,normal,0.00013473830767907202,fp_naa_c2_fault_preserving_seed42,server02_fp_naa_screening_20260817T165229Z
fan/test/section_00_source_test_normal_0020_spd_3.wav,fan,section_00,source,normal,0.000495322048664093,fp_naa_c2_fault_preserving_seed42,server02_fp_naa_screening_20260817T165229Z
fan/test/section_00_source_test_normal_0021_spd_3.wav,fan,section_00,source,normal,0.0003141539928037673,fp_naa_c2_fault_preserving_seed42,server02_fp_naa_screening_20260817T165229Z
fan/test/section_00_source_test_normal_0022_spd_2.wav,fan,section_00,source,normal,0.0005948420148342848,fp_naa_c2_fault_preserving_seed42,server02_fp_naa_screening_20260817T165229Z
fan/test/section_00_source_test_normal_0023_spd_1.wav,fan,section_00,source,normal,0.0009372683707624674,fp_naa_c2_fault_preserving_seed42,server02_fp_naa_screening_20260817T165229Z
fan/test/section_00_source_test_normal_0024_spd_1.wav,fan,section_00,source,normal,0.000846577575430274,fp_naa_c2_fault_preserving_seed42,server02_fp_naa_screening_20260817T165229Z
fan/test/section_00_source_test_normal_0025_spd_2.wav,fan,section_00,source,normal,0.0006498415605165064,fp_naa_c2_fault_preserving_seed42,server02_fp_naa_screening_20260817T165229Z
fan/test/section_00_source_test_normal_0026_spd_3.wav,fan,section_00,source,normal,0.0005876929499208927,fp_naa_c2_fault_preserving_seed42,server02_fp_naa_screening_20260817T165229Z
fan/test/section_00_source_test_normal_0027_spd_1.wav,fan,section_00,source,normal,0.00030658431933261454,fp_naa_c2_fault_preserving_seed42,server02_fp_naa_screening_20260817T165229Z
fan/test/section_00_source_test_normal_0028_spd_2.wav,fan,section_00,source,normal,0.000495576998218894,fp_naa_c2_fault_preserving_seed42,server02_fp_naa_screening_20260817T165229Z
fan/test/section_00_source_test_normal_0029_spd_3.wav,fan,section_00,source,normal,0.0008309020777232945,fp_naa_c2_fault_preserving_seed42,server02_fp_naa_screening_20260817T165229Z
fan/test/section_00_source_test_normal_0030_spd_2.wav,fan,section_00,source,normal,0.0006379949627444148,fp_naa_c2_fault_preserving_seed42,server02_fp_naa_screening_20260817T165229Z
fan/test/section_00_source_test_normal_0031_spd_3.wav,fan,section_00,source,normal,0.0006918425788171589,fp_naa_c2_fault_preserving_seed42,server02_fp_naa_screening_20260817T165229Z
fan/test/section_00_source_test_normal_0032_spd_1.wav,fan,section_00,source,normal,0.0005976935499347746,fp_naa_c2_fault_preserving_seed42,server02_fp_naa_screening_20260817T165229Z
fan/test/section_00_source_test_normal_0033_spd_1.wav,fan,section_00,source,normal,0.0007002012571319938,fp_naa_c2_fault_preserving_seed42,server02_fp_naa_screening_20260817T165229Z
fan/test/section_00_source_test_normal_0034_spd_3.wav,fan,section_00,source,normal,0.00045426160795614123,fp_naa_c2_fault_preserving_seed42,server02_fp_naa_screening_20260817T165229Z
fan/test/section_00_source_test_normal_0035_spd_3.wav,fan,section_00,source,normal,0.0003996173618361354,fp_naa_c2_fault_preserving_seed42,server02_fp_naa_screening_20260817T165229Z
fan/test/section_00_source_test_normal_0036_spd_3.wav,fan,section_00,source,normal,0.0004276956897228956,fp_naa_c2_fault_preserving_seed42,server02_fp_naa_screening_20260817T165229Z
fan/test/section_00_source_test_normal_0037_spd_2.wav,fan,section_00,source,normal,0.0006468109786510468,fp_naa_c2_fault_preserving_seed42,server02_fp_naa_screening_20260817T165229Z
fan/test/section_00_source_test_normal_0038_spd_2.wav,fan,section_00,source,normal,0.00046235541230998933,fp_naa_c2_fault_preserving_seed42,server02_fp_naa_screening_20260817T165229Z
fan/test/section_00_source_test_normal_0039_spd_1.wav,fan,section_00,source,normal,0.0002573039091657847,fp_naa_c2_fault_preserving_seed42,server02_fp_naa_screening_20260817T165229Z
fan/test/section_00_source_test_normal_0040_spd_3.wav,fan,section_00,source,normal,0.0004961123922839761,fp_naa_c2_fault_preserving_seed42,server02_fp_naa_screening_20260817T165229Z
fan/test/section_00_source_test_normal_0041_spd_1.wav,fan,section_00,source,normal,0.0008238675072789192,fp_naa_c2_fault_preserving_seed42,server02_fp_naa_screening_20260817T165229Z
fan/test/section_00_source_test_normal_0042_spd_2.wav,fan,section_00,source,normal,0.0006766600999981165,fp_naa_c2_fault_preserving_seed42,server02_fp_naa_screening_20260817T165229Z
fan/test/section_00_source_test_normal_0043_spd_1.wav,fan,section_00,source,normal,0.0006873243255540729,fp_naa_c2_fault_preserving_seed42,server02_fp_naa_screening_20260817T165229Z
fan/test/section_00_source_test_normal_0044_spd_1.wav,fan,section_00,source,normal,0.0007553964387625456,fp_naa_c2_fault_preserving_seed42,server02_fp_naa_screening_20260817T165229Z
fan/test/section_00_source_test_normal_0045_spd_1.wav,fan,section_00,source,normal,0.00047516386257484555,fp_naa_c2_fault_preserving_seed42,server02_fp_naa_screening_20260817T165229Z
fan/test/section_00_source_test_normal_0046_spd_1.wav,fan,section_00,source,normal,0.0005165425245650113,fp_naa_c2_fault_preserving_seed42,server02_fp_naa_screening_20260817T165229Z
fan/test/section_00_source_test_normal_0047_spd_2.wav,fan,section_00,source,normal,0.0005981557769700885,fp_naa_c2_fault_preserving_seed42,server02_fp_naa_screening_20260817T165229Z
fan/test/section_00_source_test_normal_0048_spd_3.wav,fan,section_00,source,normal,0.0006007711635902524,fp_naa_c2_fault_preserving_seed42,server02_fp_naa_screening_20260817T165229Z
fan/test/section_00_source_test_normal_0049_spd_2.wav,fan,section_00,source,normal,0.000412158144172281,fp_naa_c2_fault_preserving_seed42,server02_fp_naa_screening_20260817T165229Z
fan/test/section_00_target_test_anomaly_0000_spd_1.wav,fan,section_00,target,anomaly,0.0008949419716373086,fp_naa_c2_fault_preserving_seed42,server02_fp_naa_screening_20260817T165229Z
fan/test/section_00_target_test_anomaly_0001_spd_2.wav,fan,section_00,target,anomaly,-0.00032417327747680247,fp_naa_c2_fault_preserving_seed42,server02_fp_naa_screening_20260817T165229Z
fan/test/section_00_target_test_anomaly_0002_spd_1.wav,fan,section_00,target,anomaly,0.0004339156439527869,fp_naa_c2_fault_preserving_seed42,server02_fp_naa_screening_20260817T165229Z
fan/test/section_00_target_test_anomaly_0003_spd_1.wav,fan,section_00,target,anomaly,0.0007257426623255014,fp_naa_c2_fault_preserving_seed42,server02_fp_naa_screening_20260817T165229Z
fan/test/section_00_target_test_anomaly_0004_spd_3.wav,fan,section_00,target,anomaly,0.0005836922209709883,fp_naa_c2_fault_preserving_seed42,server02_fp_naa_screening_20260817T165229Z
fan/test/section_00_target_test_anomaly_0005_spd_2.wav,fan,section_00,target,anomaly,0.0003435164981056005,fp_naa_c2_fault_preserving_seed42,server02_fp_naa_screening_20260817T165229Z
fan/test/section_00_target_test_anomaly_0006_spd_3.wav,fan,section_00,target,anomaly,0.0005391711601987481,fp_naa_c2_fault_preserving_seed42,server02_fp_naa_screening_20260817T165229Z
fan/test/section_00_target_test_anomaly_0007_spd_2.wav,fan,section_00,target,anomaly,0.0007387903751805425,fp_naa_c2_fault_preserving_seed42,server02_fp_naa_screening_20260817T165229Z
fan/test/section_00_target_test_anomaly_0008_spd_3.wav,fan,section_00,target,anomaly,0.0008840868249535561,fp_naa_c2_fault_preserving_seed42,server02_fp_naa_screening_20260817T165229Z
fan/test/section_00_target_test_anomaly_0009_spd_1.wav,fan,section_00,target,anomaly,0.000173224660102278,fp_naa_c2_fault_preserving_seed42,server02_fp_naa_screening_20260817T165229Z
fan/test/section_00_target_test_anomaly_0010_spd_1.wav,fan,section_00,target,anomaly,0.0006848886841908097,fp_naa_c2_fault_preserving_seed42,server02_fp_naa_screening_20260817T165229Z
fan/test/section_00_target_test_anomaly_0011_spd_2.wav,fan,section_00,target,anomaly,0.0006202338263392448,fp_naa_c2_fault_preserving_seed42,server02_fp_naa_screening_20260817T165229Z
fan/test/section_00_target_test_anomaly_0012_spd_2.wav,fan,section_00,target,anomaly,0.0011350514832884073,fp_naa_c2_fault_preserving_seed42,server02_fp_naa_screening_20260817T165229Z
fan/test/section_00_target_test_anomaly_0013_spd_1.wav,fan,section_00,target,anomaly,0.00035978262894786894,fp_naa_c2_fault_preserving_seed42,server02_fp_naa_screening_20260817T165229Z
fan/test/section_00_target_test_anomaly_0014_spd_3.wav,fan,section_00,target,anomaly,0.0006802433636039495,fp_naa_c2_fault_preserving_seed42,server02_fp_naa_screening_20260817T165229Z
fan/test/section_00_target_test_anomaly_0015_spd_1.wav,fan,section_00,target,anomaly,0.0004326759953983128,fp_naa_c2_fault_preserving_seed42,server02_fp_naa_screening_20260817T165229Z
fan/test/section_00_target_test_anomaly_0016_spd_3.wav,fan,section_00,target,anomaly,0.0004022647626698017,fp_naa_c2_fault_preserving_seed42,server02_fp_naa_screening_20260817T165229Z
fan/test/section_00_target_test_anomaly_0017_spd_2.wav,fan,section_00,target,anomaly,0.00027893116930499673,fp_naa_c2_fault_preserving_seed42,server02_fp_naa_screening_20260817T165229Z
fan/test/section_00_target_test_anomaly_0018_spd_2.wav,fan,section_00,target,anomaly,0.0006795039516873658,fp_naa_c2_fault_preserving_seed42,server02_fp_naa_screening_20260817T165229Z
fan/test/section_00_target_test_anomaly_0019_spd_3.wav,fan,section_00,target,anomaly,0.0007720052963122725,fp_naa_c2_fault_preserving_seed42,server02_fp_naa_screening_20260817T165229Z
fan/test/section_00_target_test_anomaly_0020_spd_2.wav,fan,section_00,target,anomaly,0.00100975320674479,fp_naa_c2_fault_preserving_seed42,server02_fp_naa_screening_20260817T165229Z
fan/test/section_00_target_test_anomaly_0021_spd_2.wav,fan,section_00,target,anomaly,0.0003382634895388037,fp_naa_c2_fault_preserving_seed42,server02_fp_naa_screening_20260817T165229Z
fan/test/section_00_target_test_anomaly_0022_spd_3.wav,fan,section_00,target,anomaly,0.0007554132025688887,fp_naa_c2_fault_preserving_seed42,server02_fp_naa_screening_20260817T165229Z
fan/test/section_00_target_test_anomaly_0023_spd_1.wav,fan,section_00,target,anomaly,0.0004818805318791419,fp_naa_c2_fault_preserving_seed42,server02_fp_naa_screening_20260817T165229Z
fan/test/section_00_target_test_anomaly_0024_spd_2.wav,fan,section_00,target,anomaly,0.0012628952972590923,fp_naa_c2_fault_preserving_seed42,server02_fp_naa_screening_20260817T165229Z
fan/test/section_00_target_test_anomaly_0025_spd_3.wav,fan,section_00,target,anomaly,0.0006091559771448374,fp_naa_c2_fault_preserving_seed42,server02_fp_naa_screening_20260817T165229Z
fan/test/section_00_target_test_anomaly_0026_spd_3.wav,fan,section_00,target,anomaly,0.0007106235716491938,fp_naa_c2_fault_preserving_seed42,server02_fp_naa_screening_20260817T165229Z
fan/test/section_00_target_test_anomaly_0027_spd_1.wav,fan,section_00,target,anomaly,0.000414717651437968,fp_naa_c2_fault_preserving_seed42,server02_fp_naa_screening_20260817T165229Z
fan/test/section_00_target_test_anomaly_0028_spd_1.wav,fan,section_00,target,anomaly,0.0007099008653312922,fp_naa_c2_fault_preserving_seed42,server02_fp_naa_screening_20260817T165229Z
fan/test/section_00_target_test_anomaly_0029_spd_3.wav,fan,section_00,target,anomaly,0.0006692600436508656,fp_naa_c2_fault_preserving_seed42,server02_fp_naa_screening_20260817T165229Z
fan/test/section_00_target_test_anomaly_0030_spd_1.wav,fan,section_00,target,anomaly,0.0006042286404408514,fp_naa_c2_fault_preserving_seed42,server02_fp_naa_screening_20260817T165229Z
fan/test/section_00_target_test_anomaly_0031_spd_3.wav,fan,section_00,target,anomaly,0.0006042791064828634,fp_naa_c2_fault_preserving_seed42,server02_fp_naa_screening_20260817T165229Z
fan/test/section_00_target_test_anomaly_0032_spd_2.wav,fan,section_00,target,anomaly,0.0004913425073027611,fp_naa_c2_fault_preserving_seed42,server02_fp_naa_screening_20260817T165229Z
fan/test/section_00_target_test_anomaly_0033_spd_1.wav,fan,section_00,target,anomaly,0.0004030967247672379,fp_naa_c2_fault_preserving_seed42,server02_fp_naa_screening_20260817T165229Z
fan/test/section_00_target_test_anomaly_0034_spd_3.wav,fan,section_00,target,anomaly,0.0005671877879649401,fp_naa_c2_fault_preserving_seed42,server02_fp_naa_screening_20260817T165229Z
fan/test/section_00_target_test_anomaly_0035_spd_2.wav,fan,section_00,target,anomaly,0.00023198309645522386,fp_naa_c2_fault_preserving_seed42,server02_fp_naa_screening_20260817T165229Z
fan/test/section_00_target_test_anomaly_0036_spd_1.wav,fan,section_00,target,anomaly,0.0007350858068093657,fp_naa_c2_fault_preserving_seed42,server02_fp_naa_screening_20260817T165229Z
fan/test/section_00_target_test_anomaly_0037_spd_1.wav,fan,section_00,target,anomaly,0.0008665405912324786,fp_naa_c2_fault_preserving_seed42,server02_fp_naa_screening_20260817T165229Z
fan/test/section_00_target_test_anomaly_0038_spd_2.wav,fan,section_00,target,anomaly,0.0006755957147106528,fp_naa_c2_fault_preserving_seed42,server02_fp_naa_screening_20260817T165229Z
fan/test/section_00_target_test_anomaly_0039_spd_3.wav,fan,section_00,target,anomaly,0.000550447846762836,fp_naa_c2_fault_preserving_seed42,server02_fp_naa_screening_20260817T165229Z
fan/test/section_00_target_test_anomaly_0040_spd_2.wav,fan,section_00,target,anomaly,0.0005719605833292007,fp_naa_c2_fault_preserving_seed42,server02_fp_naa_screening_20260817T165229Z
fan/test/section_00_target_test_anomaly_0041_spd_3.wav,fan,section_00,target,anomaly,0.0003394964151084423,fp_naa_c2_fault_preserving_seed42,server02_fp_naa_screening_20260817T165229Z
fan/test/section_00_target_test_anomaly_0042_spd_3.wav,fan,section_00,target,anomaly,0.0005862934049218893,fp_naa_c2_fault_preserving_seed42,server02_fp_naa_screening_20260817T165229Z
fan/test/section_00_target_test_anomaly_0043_spd_2.wav,fan,section_00,target,anomaly,0.00047343678306788206,fp_naa_c2_fault_preserving_seed42,server02_fp_naa_screening_20260817T165229Z
fan/test/section_00_target_test_anomaly_0044_spd_1.wav,fan,section_00,target,anomaly,0.0006132548442110419,fp_naa_c2_fault_preserving_seed42,server02_fp_naa_screening_20260817T165229Z
fan/test/section_00_target_test_anomaly_0045_spd_3.wav,fan,section_00,target,anomaly,0.0005222862819209695,fp_naa_c2_fault_preserving_seed42,server02_fp_naa_screening_20260817T165229Z
fan/test/section_00_target_test_anomaly_0046_spd_1.wav,fan,section_00,target,anomaly,0.0004034844459965825,fp_naa_c2_fault_preserving_seed42,server02_fp_naa_screening_20260817T165229Z
fan/test/section_00_target_test_anomaly_0047_spd_2.wav,fan,section_00,target,anomaly,0.0008590016514062881,fp_naa_c2_fault_preserving_seed42,server02_fp_naa_screening_20260817T165229Z
fan/test/section_00_target_test_anomaly_0048_spd_1.wav,fan,section_00,target,anomaly,0.0006506210193037987,fp_naa_c2_fault_preserving_seed42,server02_fp_naa_screening_20260817T165229Z
fan/test/section_00_target_test_anomaly_0049_spd_2.wav,fan,section_00,target,anomaly,0.0006192891742102802,fp_naa_c2_fault_preserving_seed42,server02_fp_naa_screening_20260817T165229Z
fan/test/section_00_target_test_normal_0000_spd_3.wav,fan,section_00,target,normal,0.000677187810651958,fp_naa_c2_fault_preserving_seed42,server02_fp_naa_screening_20260817T165229Z
fan/test/section_00_target_test_normal_0001_spd_2.wav,fan,section_00,target,normal,0.0005415701889432967,fp_naa_c2_fault_preserving_seed42,server02_fp_naa_screening_20260817T165229Z
fan/test/section_00_target_test_normal_0002_spd_2.wav,fan,section_00,target,normal,0.000684803060721606,fp_naa_c2_fault_preserving_seed42,server02_fp_naa_screening_20260817T165229Z
fan/test/section_00_target_test_normal_0003_spd_1.wav,fan,section_00,target,normal,0.0007338803843595088,fp_naa_c2_fault_preserving_seed42,server02_fp_naa_screening_20260817T165229Z
fan/test/section_00_target_test_normal_0004_spd_2.wav,fan,section_00,target,normal,0.000602510292083025,fp_naa_c2_fault_preserving_seed42,server02_fp_naa_screening_20260817T165229Z
fan/test/section_00_target_test_normal_0005_spd_1.wav,fan,section_00,target,normal,0.0005636060377582908,fp_naa_c2_fault_preserving_seed42,server02_fp_naa_screening_20260817T165229Z
fan/test/section_00_target_test_normal_0006_spd_1.wav,fan,section_00,target,normal,0.00015905553300399333,fp_naa_c2_fault_preserving_seed42,server02_fp_naa_screening_20260817T165229Z
fan/test/section_00_target_test_normal_0007_spd_2.wav,fan,section_00,target,normal,0.0006554834544658661,fp_naa_c2_fault_preserving_seed42,server02_fp_naa_screening_20260817T165229Z
fan/test/section_00_target_test_normal_0008_spd_3.wav,fan,section_00,target,normal,0.0006349381874315441,fp_naa_c2_fault_preserving_seed42,server02_fp_naa_screening_20260817T165229Z
fan/test/section_00_target_test_normal_0009_spd_3.wav,fan,section_00,target,normal,0.0005452110199257731,fp_naa_c2_fault_preserving_seed42,server02_fp_naa_screening_20260817T165229Z
fan/test/section_00_target_test_normal_0010_spd_2.wav,fan,section_00,target,normal,0.0007532038143835962,fp_naa_c2_fault_preserving_seed42,server02_fp_naa_screening_20260817T165229Z
fan/test/section_00_target_test_normal_0011_spd_1.wav,fan,section_00,target,normal,0.0002711240667849779,fp_naa_c2_fault_preserving_seed42,server02_fp_naa_screening_20260817T165229Z
fan/test/section_00_target_test_normal_0012_spd_2.wav,fan,section_00,target,normal,0.00041265320032835007,fp_naa_c2_fault_preserving_seed42,server02_fp_naa_screening_20260817T165229Z
fan/test/section_00_target_test_normal_0013_spd_1.wav,fan,section_00,target,normal,0.0008857728098519146,fp_naa_c2_fault_preserving_seed42,server02_fp_naa_screening_20260817T165229Z
fan/test/section_00_target_test_normal_0014_spd_1.wav,fan,section_00,target,normal,0.0005949212936684489,fp_naa_c2_fault_preserving_seed42,server02_fp_naa_screening_20260817T165229Z
fan/test/section_00_target_test_normal_0015_spd_3.wav,fan,section_00,target,normal,0.0009117847075685859,fp_naa_c2_fault_preserving_seed42,server02_fp_naa_screening_20260817T165229Z
fan/test/section_00_target_test_normal_0016_spd_2.wav,fan,section_00,target,normal,0.0006495719426311553,fp_naa_c2_fault_preserving_seed42,server02_fp_naa_screening_20260817T165229Z
fan/test/section_00_target_test_normal_0017_spd_3.wav,fan,section_00,target,normal,0.0005158798303455114,fp_naa_c2_fault_preserving_seed42,server02_fp_naa_screening_20260817T165229Z
fan/test/section_00_target_test_normal_0018_spd_1.wav,fan,section_00,target,normal,0.00063420768128708,fp_naa_c2_fault_preserving_seed42,server02_fp_naa_screening_20260817T165229Z
fan/test/section_00_target_test_normal_0019_spd_1.wav,fan,section_00,target,normal,0.0007593951304443181,fp_naa_c2_fault_preserving_seed42,server02_fp_naa_screening_20260817T165229Z
fan/test/section_00_target_test_normal_0020_spd_1.wav,fan,section_00,target,normal,0.0003212513402104378,fp_naa_c2_fault_preserving_seed42,server02_fp_naa_screening_20260817T165229Z
fan/test/section_00_target_test_normal_0021_spd_1.wav,fan,section_00,target,normal,0.0004998510703444481,fp_naa_c2_fault_preserving_seed42,server02_fp_naa_screening_20260817T165229Z
fan/test/section_00_target_test_normal_0022_spd_2.wav,fan,section_00,target,normal,0.0005512068746611476,fp_naa_c2_fault_preserving_seed42,server02_fp_naa_screening_20260817T165229Z
fan/test/section_00_target_test_normal_0023_spd_3.wav,fan,section_00,target,normal,0.0005128742195665836,fp_naa_c2_fault_preserving_seed42,server02_fp_naa_screening_20260817T165229Z
fan/test/section_00_target_test_normal_0024_spd_2.wav,fan,section_00,target,normal,0.000534679857082665,fp_naa_c2_fault_preserving_seed42,server02_fp_naa_screening_20260817T165229Z
fan/test/section_00_target_test_normal_0025_spd_3.wav,fan,section_00,target,normal,0.0005506678717210889,fp_naa_c2_fault_preserving_seed42,server02_fp_naa_screening_20260817T165229Z
fan/test/section_00_target_test_normal_0026_spd_3.wav,fan,section_00,target,normal,0.0004341127641964704,fp_naa_c2_fault_preserving_seed42,server02_fp_naa_screening_20260817T165229Z
fan/test/section_00_target_test_normal_0027_spd_2.wav,fan,section_00,target,normal,0.0009778117528185248,fp_naa_c2_fault_preserving_seed42,server02_fp_naa_screening_20260817T165229Z
fan/test/section_00_target_test_normal_0028_spd_3.wav,fan,section_00,target,normal,0.0006577413296326995,fp_naa_c2_fault_preserving_seed42,server02_fp_naa_screening_20260817T165229Z
fan/test/section_00_target_test_normal_0029_spd_1.wav,fan,section_00,target,normal,0.0005044190329499543,fp_naa_c2_fault_preserving_seed42,server02_fp_naa_screening_20260817T165229Z
fan/test/section_00_target_test_normal_0030_spd_3.wav,fan,section_00,target,normal,0.0007046929677017033,fp_naa_c2_fault_preserving_seed42,server02_fp_naa_screening_20260817T165229Z
fan/test/section_00_target_test_normal_0031_spd_2.wav,fan,section_00,target,normal,0.0005370754515752196,fp_naa_c2_fault_preserving_seed42,server02_fp_naa_screening_20260817T165229Z
fan/test/section_00_target_test_normal_0032_spd_2.wav,fan,section_00,target,normal,0.0007335395785048604,fp_naa_c2_fault_preserving_seed42,server02_fp_naa_screening_20260817T165229Z
fan/test/section_00_target_test_normal_0033_spd_3.wav,fan,section_00,target,normal,0.0007212604978121817,fp_naa_c2_fault_preserving_seed42,server02_fp_naa_screening_20260817T165229Z
fan/test/section_00_target_test_normal_0034_spd_2.wav,fan,section_00,target,normal,0.0007281028083525598,fp_naa_c2_fault_preserving_seed42,server02_fp_naa_screening_20260817T165229Z
fan/test/section_00_target_test_normal_0035_spd_2.wav,fan,section_00,target,normal,0.0005520147969946265,fp_naa_c2_fault_preserving_seed42,server02_fp_naa_screening_20260817T165229Z
fan/test/section_00_target_test_normal_0036_spd_3.wav,fan,section_00,target,normal,0.000901326013263315,fp_naa_c2_fault_preserving_seed42,server02_fp_naa_screening_20260817T165229Z
fan/test/section_00_target_test_normal_0037_spd_1.wav,fan,section_00,target,normal,0.0004898174083791673,fp_naa_c2_fault_preserving_seed42,server02_fp_naa_screening_20260817T165229Z
fan/test/section_00_target_test_normal_0038_spd_3.wav,fan,section_00,target,normal,0.0006807029712945223,fp_naa_c2_fault_preserving_seed42,server02_fp_naa_screening_20260817T165229Z
fan/test/section_00_target_test_normal_0039_spd_3.wav,fan,section_00,target,normal,0.0008851734455674887,fp_naa_c2_fault_preserving_seed42,server02_fp_naa_screening_20260817T165229Z
fan/test/section_00_target_test_normal_0040_spd_2.wav,fan,section_00,target,normal,0.0007799355662427843,fp_naa_c2_fault_preserving_seed42,server02_fp_naa_screening_20260817T165229Z
fan/test/section_00_target_test_normal_0041_spd_2.wav,fan,section_00,target,normal,0.0010573719628155231,fp_naa_c2_fault_preserving_seed42,server02_fp_naa_screening_20260817T165229Z
fan/test/section_00_target_test_normal_0042_spd_3.wav,fan,section_00,target,normal,0.0007933091255836189,fp_naa_c2_fault_preserving_seed42,server02_fp_naa_screening_20260817T165229Z
fan/test/section_00_target_test_normal_0043_spd_1.wav,fan,section_00,target,normal,0.0002928245230577886,fp_naa_c2_fault_preserving_seed42,server02_fp_naa_screening_20260817T165229Z
fan/test/section_00_target_test_normal_0044_spd_1.wav,fan,section_00,target,normal,0.0003602589131332934,fp_naa_c2_fault_preserving_seed42,server02_fp_naa_screening_20260817T165229Z
fan/test/section_00_target_test_normal_0045_spd_2.wav,fan,section_00,target,normal,0.0005110227502882481,fp_naa_c2_fault_preserving_seed42,server02_fp_naa_screening_20260817T165229Z
fan/test/section_00_target_test_normal_0046_spd_1.wav,fan,section_00,target,normal,0.0006840471178293228,fp_naa_c2_fault_preserving_seed42,server02_fp_naa_screening_20260817T165229Z
fan/test/section_00_target_test_normal_0047_spd_1.wav,fan,section_00,target,normal,0.00041752326069399714,fp_naa_c2_fault_preserving_seed42,server02_fp_naa_screening_20260817T165229Z
fan/test/section_00_target_test_normal_0048_spd_3.wav,fan,section_00,target,normal,0.0005527926259674132,fp_naa_c2_fault_preserving_seed42,server02_fp_naa_screening_20260817T165229Z
fan/test/section_00_target_test_normal_0049_spd_1.wav,fan,section_00,target,normal,0.00038212729850783944,fp_naa_c2_fault_preserving_seed42,server02_fp_naa_screening_20260817T165229Z
gearboxEmu/test/section_00_source_test_anomaly_0000_pro_F.wav,gearboxEmu,section_00,source,anomaly,0.011000177823007107,fp_naa_c2_fault_preserving_seed42,server02_fp_naa_screening_20260817T165229Z
gearboxEmu/test/section_00_source_test_anomaly_0001_pro_C.wav,gearboxEmu,section_00,source,anomaly,0.010647091083228588,fp_naa_c2_fault_preserving_seed42,server02_fp_naa_screening_20260817T165229Z
gearboxEmu/test/section_00_source_test_anomaly_0002_pro_D.wav,gearboxEmu,section_00,source,anomaly,0.0006424944149330258,fp_naa_c2_fault_preserving_seed42,server02_fp_naa_screening_20260817T165229Z
gearboxEmu/test/section_00_source_test_anomaly_0003_pro_F.wav,gearboxEmu,section_00,source,anomaly,0.0006996829761192203,fp_naa_c2_fault_preserving_seed42,server02_fp_naa_screening_20260817T165229Z
gearboxEmu/test/section_00_source_test_anomaly_0004_pro_E.wav,gearboxEmu,section_00,source,anomaly,0.0008795628091320395,fp_naa_c2_fault_preserving_seed42,server02_fp_naa_screening_20260817T165229Z
gearboxEmu/test/section_00_source_test_anomaly_0005_pro_D.wav,gearboxEmu,section_00,source,anomaly,0.0017872763564810157,fp_naa_c2_fault_preserving_seed42,server02_fp_naa_screening_20260817T165229Z
gearboxEmu/test/section_00_source_test_anomaly_0006_pro_C.wav,gearboxEmu,section_00,source,anomaly,0.0028967815451323986,fp_naa_c2_fault_preserving_seed42,server02_fp_naa_screening_20260817T165229Z
gearboxEmu/test/section_00_source_test_anomaly_0007_pro_B.wav,gearboxEmu,section_00,source,anomaly,0.008971376344561577,fp_naa_c2_fault_preserving_seed42,server02_fp_naa_screening_20260817T165229Z
gearboxEmu/test/section_00_source_test_anomaly_0008_pro_D.wav,gearboxEmu,section_00,source,anomaly,0.00034799694549292326,fp_naa_c2_fault_preserving_seed42,server02_fp_naa_screening_20260817T165229Z
gearboxEmu/test/section_00_source_test_anomaly_0009_pro_E.wav,gearboxEmu,section_00,source,anomaly,0.0050664362497627735,fp_naa_c2_fault_preserving_seed42,server02_fp_naa_screening_20260817T165229Z
gearboxEmu/test/section_00_source_test_anomaly_0010_pro_D.wav,gearboxEmu,section_00,source,anomaly,0.0007252267096191645,fp_naa_c2_fault_preserving_seed42,server02_fp_naa_screening_20260817T165229Z
gearboxEmu/test/section_00_source_test_anomaly_0011_pro_A.wav,gearboxEmu,section_00,source,anomaly,-0.0002729698608163744,fp_naa_c2_fault_preserving_seed42,server02_fp_naa_screening_20260817T165229Z
gearboxEmu/test/section_00_source_test_anomaly_0012_pro_A.wav,gearboxEmu,section_00,source,anomaly,0.00022690440528094769,fp_naa_c2_fault_preserving_seed42,server02_fp_naa_screening_20260817T165229Z
gearboxEmu/test/section_00_source_test_anomaly_0013_pro_A.wav,gearboxEmu,section_00,source,anomaly,0.0005520207923837006,fp_naa_c2_fault_preserving_seed42,server02_fp_naa_screening_20260817T165229Z
gearboxEmu/test/section_00_source_test_anomaly_0014_pro_F.wav,gearboxEmu,section_00,source,anomaly,0.008854314684867859,fp_naa_c2_fault_preserving_seed42,server02_fp_naa_screening_20260817T165229Z
gearboxEmu/test/section_00_source_test_anomaly_0015_pro_E.wav,gearboxEmu,section_00,source,anomaly,0.004724896978586912,fp_naa_c2_fault_preserving_seed42,server02_fp_naa_screening_20260817T165229Z
gearboxEmu/test/section_00_source_test_anomaly_0016_pro_E.wav,gearboxEmu,section_00,source,anomaly,0.007356193847954273,fp_naa_c2_fault_preserving_seed42,server02_fp_naa_screening_20260817T165229Z
gearboxEmu/test/section_00_source_test_anomaly_0017_pro_B.wav,gearboxEmu,section_00,source,anomaly,0.0005739952903240919,fp_naa_c2_fault_preserving_seed42,server02_fp_naa_screening_20260817T165229Z
gearboxEmu/test/section_00_source_test_anomaly_0018_pro_C.wav,gearboxEmu,section_00,source,anomaly,0.0018551229732111096,fp_naa_c2_fault_preserving_seed42,server02_fp_naa_screening_20260817T165229Z
gearboxEmu/test/section_00_source_test_anomaly_0019_pro_C.wav,gearboxEmu,section_00,source,anomaly,0.02317088097333908,fp_naa_c2_fault_preserving_seed42,server02_fp_naa_screening_20260817T165229Z
gearboxEmu/test/section_00_source_test_anomaly_0020_pro_B.wav,gearboxEmu,section_00,source,anomaly,0.009091690182685852,fp_naa_c2_fault_preserving_seed42,server02_fp_naa_screening_20260817T165229Z
gearboxEmu/test/section_00_source_test_anomaly_0021_pro_D.wav,gearboxEmu,section_00,source,anomaly,7.203168934211135e-05,fp_naa_c2_fault_preserving_seed42,server02_fp_naa_screening_20260817T165229Z
gearboxEmu/test/section_00_source_test_anomaly_0022_pro_D.wav,gearboxEmu,section_00,source,anomaly,0.003249558387324214,fp_naa_c2_fault_preserving_seed42,server02_fp_naa_screening_20260817T165229Z
gearboxEmu/test/section_00_source_test_anomaly_0023_pro_C.wav,gearboxEmu,section_00,source,anomaly,0.02240436151623726,fp_naa_c2_fault_preserving_seed42,server02_fp_naa_screening_20260817T165229Z
gearboxEmu/test/section_00_source_test_anomaly_0024_pro_C.wav,gearboxEmu,section_00,source,anomaly,0.002674129791557789,fp_naa_c2_fault_preserving_seed42,server02_fp_naa_screening_20260817T165229Z
gearboxEmu/test/section_00_source_test_anomaly_0025_pro_E.wav,gearboxEmu,section_00,source,anomaly,0.011521603912115097,fp_naa_c2_fault_preserving_seed42,server02_fp_naa_screening_20260817T165229Z
gearboxEmu/test/section_00_source_test_anomaly_0026_pro_D.wav,gearboxEmu,section_00,source,anomaly,0.0018422487191855907,fp_naa_c2_fault_preserving_seed42,server02_fp_naa_screening_20260817T165229Z
gearboxEmu/test/section_00_source_test_anomaly_0027_pro_B.wav,gearboxEmu,section_00,source,anomaly,0.006702725775539875,fp_naa_c2_fault_preserving_seed42,server02_fp_naa_screening_20260817T165229Z
gearboxEmu/test/section_00_source_test_anomaly_0028_pro_F.wav,gearboxEmu,section_00,source,anomaly,0.012844571843743324,fp_naa_c2_fault_preserving_seed42,server02_fp_naa_screening_20260817T165229Z
gearboxEmu/test/section_00_source_test_anomaly_0029_pro_A.wav,gearboxEmu,section_00,source,anomaly,0.0004914409946650267,fp_naa_c2_fault_preserving_seed42,server02_fp_naa_screening_20260817T165229Z
gearboxEmu/test/section_00_source_test_anomaly_0030_pro_B.wav,gearboxEmu,section_00,source,anomaly,0.003305950667709112,fp_naa_c2_fault_preserving_seed42,server02_fp_naa_screening_20260817T165229Z
gearboxEmu/test/section_00_source_test_anomaly_0031_pro_A.wav,gearboxEmu,section_00,source,anomaly,0.00031928514363244176,fp_naa_c2_fault_preserving_seed42,server02_fp_naa_screening_20260817T165229Z
gearboxEmu/test/section_00_source_test_anomaly_0032_pro_F.wav,gearboxEmu,section_00,source,anomaly,0.0009603575454093516,fp_naa_c2_fault_preserving_seed42,server02_fp_naa_screening_20260817T165229Z
gearboxEmu/test/section_00_source_test_anomaly_0033_pro_D.wav,gearboxEmu,section_00,source,anomaly,0.003193202894181013,fp_naa_c2_fault_preserving_seed42,server02_fp_naa_screening_20260817T165229Z
gearboxEmu/test/section_00_source_test_anomaly_0034_pro_B.wav,gearboxEmu,section_00,source,anomaly,0.009923228994011879,fp_naa_c2_fault_preserving_seed42,server02_fp_naa_screening_20260817T165229Z
gearboxEmu/test/section_00_source_test_anomaly_0035_pro_A.wav,gearboxEmu,section_00,source,anomaly,0.0001413579157087952,fp_naa_c2_fault_preserving_seed42,server02_fp_naa_screening_20260817T165229Z
gearboxEmu/test/section_00_source_test_anomaly_0036_pro_F.wav,gearboxEmu,section_00,source,anomaly,0.0009073417168110609,fp_naa_c2_fault_preserving_seed42,server02_fp_naa_screening_20260817T165229Z
gearboxEmu/test/section_00_source_test_anomaly_0037_pro_B.wav,gearboxEmu,section_00,source,anomaly,0.0020996963139623404,fp_naa_c2_fault_preserving_seed42,server02_fp_naa_screening_20260817T165229Z
gearboxEmu/test/section_00_source_test_anomaly_0038_pro_D.wav,gearboxEmu,section_00,source,anomaly,0.0036183444317430258,fp_naa_c2_fault_preserving_seed42,server02_fp_naa_screening_20260817T165229Z
gearboxEmu/test/section_00_source_test_anomaly_0039_pro_E.wav,gearboxEmu,section_00,source,anomaly,0.011704757809638977,fp_naa_c2_fault_preserving_seed42,server02_fp_naa_screening_20260817T165229Z
gearboxEmu/test/section_00_source_test_anomaly_0040_pro_A.wav,gearboxEmu,section_00,source,anomaly,0.0004875599406659603,fp_naa_c2_fault_preserving_seed42,server02_fp_naa_screening_20260817T165229Z
gearboxEmu/test/section_00_source_test_anomaly_0041_pro_A.wav,gearboxEmu,section_00,source,anomaly,0.0003407234326004982,fp_naa_c2_fault_preserving_seed42,server02_fp_naa_screening_20260817T165229Z
gearboxEmu/test/section_00_source_test_anomaly_0042_pro_E.wav,gearboxEmu,section_00,source,anomaly,0.0007461065542884171,fp_naa_c2_fault_preserving_seed42,server02_fp_naa_screening_20260817T165229Z
gearboxEmu/test/section_00_source_test_anomaly_0043_pro_A.wav,gearboxEmu,section_00,source,anomaly,0.00024738849606364965,fp_naa_c2_fault_preserving_seed42,server02_fp_naa_screening_20260817T165229Z
gearboxEmu/test/section_00_source_test_anomaly_0044_pro_B.wav,gearboxEmu,section_00,source,anomaly,0.0012863611336797476,fp_naa_c2_fault_preserving_seed42,server02_fp_naa_screening_20260817T165229Z
gearboxEmu/test/section_00_source_test_anomaly_0045_pro_F.wav,gearboxEmu,section_00,source,anomaly,0.0011324265506118536,fp_naa_c2_fault_preserving_seed42,server02_fp_naa_screening_20260817T165229Z
gearboxEmu/test/section_00_source_test_anomaly_0046_pro_C.wav,gearboxEmu,section_00,source,anomaly,0.004161065444350243,fp_naa_c2_fault_preserving_seed42,server02_fp_naa_screening_20260817T165229Z
gearboxEmu/test/section_00_source_test_anomaly_0047_pro_C.wav,gearboxEmu,section_00,source,anomaly,0.0036927410401403904,fp_naa_c2_fault_preserving_seed42,server02_fp_naa_screening_20260817T165229Z
gearboxEmu/test/section_00_source_test_anomaly_0048_pro_E.wav,gearboxEmu,section_00,source,anomaly,0.0006488514482043684,fp_naa_c2_fault_preserving_seed42,server02_fp_naa_screening_20260817T165229Z
gearboxEmu/test/section_00_source_test_anomaly_0049_pro_F.wav,gearboxEmu,section_00,source,anomaly,0.010330136865377426,fp_naa_c2_fault_preserving_seed42,server02_fp_naa_screening_20260817T165229Z
gearboxEmu/test/section_00_source_test_normal_0000_pro_C.wav,gearboxEmu,section_00,source,normal,0.004608788527548313,fp_naa_c2_fault_preserving_seed42,server02_fp_naa_screening_20260817T165229Z
gearboxEmu/test/section_00_source_test_normal_0001_pro_C.wav,gearboxEmu,section_00,source,normal,0.002246083924546838,fp_naa_c2_fault_preserving_seed42,server02_fp_naa_screening_20260817T165229Z
gearboxEmu/test/section_00_source_test_normal_0002_pro_E.wav,gearboxEmu,section_00,source,normal,0.0005597312119789422,fp_naa_c2_fault_preserving_seed42,server02_fp_naa_screening_20260817T165229Z
gearboxEmu/test/section_00_source_test_normal_0003_pro_C.wav,gearboxEmu,section_00,source,normal,0.001470684539526701,fp_naa_c2_fault_preserving_seed42,server02_fp_naa_screening_20260817T165229Z
gearboxEmu/test/section_00_source_test_normal_0004_pro_F.wav,gearboxEmu,section_00,source,normal,6.841299182269722e-05,fp_naa_c2_fault_preserving_seed42,server02_fp_naa_screening_20260817T165229Z
gearboxEmu/test/section_00_source_test_normal_0005_pro_C.wav,gearboxEmu,section_00,source,normal,0.001229550107382238,fp_naa_c2_fault_preserving_seed42,server02_fp_naa_screening_20260817T165229Z
gearboxEmu/test/section_00_source_test_normal_0006_pro_D.wav,gearboxEmu,section_00,source,normal,0.00029901371453888714,fp_naa_c2_fault_preserving_seed42,server02_fp_naa_screening_20260817T165229Z
gearboxEmu/test/section_00_source_test_normal_0007_pro_E.wav,gearboxEmu,section_00,source,normal,0.0035958965308964252,fp_naa_c2_fault_preserving_seed42,server02_fp_naa_screening_20260817T165229Z
gearboxEmu/test/section_00_source_test_normal_0008_pro_A.wav,gearboxEmu,section_00,source,normal,-5.113484803587198e-05,fp_naa_c2_fault_preserving_seed42,server02_fp_naa_screening_20260817T165229Z
gearboxEmu/test/section_00_source_test_normal_0009_pro_D.wav,gearboxEmu,section_00,source,normal,0.0005637584254145622,fp_naa_c2_fault_preserving_seed42,server02_fp_naa_screening_20260817T165229Z
gearboxEmu/test/section_00_source_test_normal_0010_pro_E.wav,gearboxEmu,section_00,source,normal,0.004302174784243107,fp_naa_c2_fault_preserving_seed42,server02_fp_naa_screening_20260817T165229Z
gearboxEmu/test/section_00_source_test_normal_0011_pro_B.wav,gearboxEmu,section_00,source,normal,0.00032849732087925076,fp_naa_c2_fault_preserving_seed42,server02_fp_naa_screening_20260817T165229Z
gearboxEmu/test/section_00_source_test_normal_0012_pro_D.wav,gearboxEmu,section_00,source,normal,0.0004267356707714498,fp_naa_c2_fault_preserving_seed42,server02_fp_naa_screening_20260817T165229Z
gearboxEmu/test/section_00_source_test_normal_0013_pro_F.wav,gearboxEmu,section_00,source,normal,0.0010798784205690026,fp_naa_c2_fault_preserving_seed42,server02_fp_naa_screening_20260817T165229Z
gearboxEmu/test/section_00_source_test_normal_0014_pro_F.wav,gearboxEmu,section_00,source,normal,0.0003054871631320566,fp_naa_c2_fault_preserving_seed42,server02_fp_naa_screening_20260817T165229Z
gearboxEmu/test/section_00_source_test_normal_0015_pro_F.wav,gearboxEmu,section_00,source,normal,0.0013027663808315992,fp_naa_c2_fault_preserving_seed42,server02_fp_naa_screening_20260817T165229Z
gearboxEmu/test/section_00_source_test_normal_0016_pro_E.wav,gearboxEmu,section_00,source,normal,0.001972551690414548,fp_naa_c2_fault_preserving_seed42,server02_fp_naa_screening_20260817T165229Z
gearboxEmu/test/section_00_source_test_normal_0017_pro_A.wav,gearboxEmu,section_00,source,normal,0.0004570927703753114,fp_naa_c2_fault_preserving_seed42,server02_fp_naa_screening_20260817T165229Z
gearboxEmu/test/section_00_source_test_normal_0018_pro_B.wav,gearboxEmu,section_00,source,normal,0.0006637900951318443,fp_naa_c2_fault_preserving_seed42,server02_fp_naa_screening_20260817T165229Z
gearboxEmu/test/section_00_source_test_normal_0019_pro_B.wav,gearboxEmu,section_00,source,normal,0.0003912769316229969,fp_naa_c2_fault_preserving_seed42,server02_fp_naa_screening_20260817T165229Z
gearboxEmu/test/section_00_source_test_normal_0020_pro_F.wav,gearboxEmu,section_00,source,normal,0.00026040239026769996,fp_naa_c2_fault_preserving_seed42,server02_fp_naa_screening_20260817T165229Z
gearboxEmu/test/section_00_source_test_normal_0021_pro_B.wav,gearboxEmu,section_00,source,normal,0.0001259868440683931,fp_naa_c2_fault_preserving_seed42,server02_fp_naa_screening_20260817T165229Z
gearboxEmu/test/section_00_source_test_normal_0022_pro_B.wav,gearboxEmu,section_00,source,normal,0.0003477251739241183,fp_naa_c2_fault_preserving_seed42,server02_fp_naa_screening_20260817T165229Z
gearboxEmu/test/section_00_source_test_normal_0023_pro_B.wav,gearboxEmu,section_00,source,normal,0.0017911953618749976,fp_naa_c2_fault_preserving_seed42,server02_fp_naa_screening_20260817T165229Z
gearboxEmu/test/section_00_source_test_normal_0024_pro_F.wav,gearboxEmu,section_00,source,normal,0.0016473233699798584,fp_naa_c2_fault_preserving_seed42,server02_fp_naa_screening_20260817T165229Z
gearboxEmu/test/section_00_source_test_normal_0025_pro_E.wav,gearboxEmu,section_00,source,normal,0.00217374786734581,fp_naa_c2_fault_preserving_seed42,server02_fp_naa_screening_20260817T165229Z
gearboxEmu/test/section_00_source_test_normal_0026_pro_F.wav,gearboxEmu,section_00,source,normal,0.00143340602517128,fp_naa_c2_fault_preserving_seed42,server02_fp_naa_screening_20260817T165229Z
gearboxEmu/test/section_00_source_test_normal_0027_pro_B.wav,gearboxEmu,section_00,source,normal,0.00024393395869992673,fp_naa_c2_fault_preserving_seed42,server02_fp_naa_screening_20260817T165229Z
gearboxEmu/test/section_00_source_test_normal_0028_pro_D.wav,gearboxEmu,section_00,source,normal,0.0008321473724208772,fp_naa_c2_fault_preserving_seed42,server02_fp_naa_screening_20260817T165229Z
gearboxEmu/test/section_00_source_test_normal_0029_pro_A.wav,gearboxEmu,section_00,source,normal,1.3236291124485433e-05,fp_naa_c2_fault_preserving_seed42,server02_fp_naa_screening_20260817T165229Z
gearboxEmu/test/section_00_source_test_normal_0030_pro_A.wav,gearboxEmu,section_00,source,normal,-2.9684961191378534e-05,fp_naa_c2_fault_preserving_seed42,server02_fp_naa_screening_20260817T165229Z
gearboxEmu/test/section_00_source_test_normal_0031_pro_A.wav,gearboxEmu,section_00,source,normal,0.000303059903671965,fp_naa_c2_fault_preserving_seed42,server02_fp_naa_screening_20260817T165229Z
gearboxEmu/test/section_00_source_test_normal_0032_pro_C.wav,gearboxEmu,section_00,source,normal,0.0024378825910389423,fp_naa_c2_fault_preserving_seed42,server02_fp_naa_screening_20260817T165229Z
gearboxEmu/test/section_00_source_test_normal_0033_pro_E.wav,gearboxEmu,section_00,source,normal,7.337919669225812e-05,fp_naa_c2_fault_preserving_seed42,server02_fp_naa_screening_20260817T165229Z
gearboxEmu/test/section_00_source_test_normal_0034_pro_D.wav,gearboxEmu,section_00,source,normal,0.0001332703686784953,fp_naa_c2_fault_preserving_seed42,server02_fp_naa_screening_20260817T165229Z
gearboxEmu/test/section_00_source_test_normal_0035_pro_A.wav,gearboxEmu,section_00,source,normal,-0.0002062339335680008,fp_naa_c2_fault_preserving_seed42,server02_fp_naa_screening_20260817T165229Z
gearboxEmu/test/section_00_source_test_normal_0036_pro_D.wav,gearboxEmu,section_00,source,normal,4.580809036269784e-05,fp_naa_c2_fault_preserving_seed42,server02_fp_naa_screening_20260817T165229Z
gearboxEmu/test/section_00_source_test_normal_0037_pro_A.wav,gearboxEmu,section_00,source,normal,-6.025291804689914e-05,fp_naa_c2_fault_preserving_seed42,server02_fp_naa_screening_20260817T165229Z
gearboxEmu/test/section_00_source_test_normal_0038_pro_D.wav,gearboxEmu,section_00,source,normal,0.0005764951929450035,fp_naa_c2_fault_preserving_seed42,server02_fp_naa_screening_20260817T165229Z
gearboxEmu/test/section_00_source_test_normal_0039_pro_E.wav,gearboxEmu,section_00,source,normal,0.0016877178568392992,fp_naa_c2_fault_preserving_seed42,server02_fp_naa_screening_20260817T165229Z
gearboxEmu/test/section_00_source_test_normal_0040_pro_D.wav,gearboxEmu,section_00,source,normal,0.0003785124281421304,fp_naa_c2_fault_preserving_seed42,server02_fp_naa_screening_20260817T165229Z
gearboxEmu/test/section_00_source_test_normal_0041_pro_A.wav,gearboxEmu,section_00,source,normal,0.0003495093260426074,fp_naa_c2_fault_preserving_seed42,server02_fp_naa_screening_20260817T165229Z
gearboxEmu/test/section_00_source_test_normal_0042_pro_C.wav,gearboxEmu,section_00,source,normal,0.003565155901014805,fp_naa_c2_fault_preserving_seed42,server02_fp_naa_screening_20260817T165229Z
gearboxEmu/test/section_00_source_test_normal_0043_pro_C.wav,gearboxEmu,section_00,source,normal,0.0012246666010469198,fp_naa_c2_fault_preserving_seed42,server02_fp_naa_screening_20260817T165229Z
gearboxEmu/test/section_00_source_test_normal_0044_pro_D.wav,gearboxEmu,section_00,source,normal,0.002356582786887884,fp_naa_c2_fault_preserving_seed42,server02_fp_naa_screening_20260817T165229Z
gearboxEmu/test/section_00_source_test_normal_0045_pro_B.wav,gearboxEmu,section_00,source,normal,0.0007222528220154345,fp_naa_c2_fault_preserving_seed42,server02_fp_naa_screening_20260817T165229Z
gearboxEmu/test/section_00_source_test_normal_0046_pro_C.wav,gearboxEmu,section_00,source,normal,0.0012940018204972148,fp_naa_c2_fault_preserving_seed42,server02_fp_naa_screening_20260817T165229Z
gearboxEmu/test/section_00_source_test_normal_0047_pro_A.wav,gearboxEmu,section_00,source,normal,0.0007522914092987776,fp_naa_c2_fault_preserving_seed42,server02_fp_naa_screening_20260817T165229Z
gearboxEmu/test/section_00_source_test_normal_0048_pro_E.wav,gearboxEmu,section_00,source,normal,0.0016043907962739468,fp_naa_c2_fault_preserving_seed42,server02_fp_naa_screening_20260817T165229Z
gearboxEmu/test/section_00_source_test_normal_0049_pro_F.wav,gearboxEmu,section_00,source,normal,0.00036749462014995515,fp_naa_c2_fault_preserving_seed42,server02_fp_naa_screening_20260817T165229Z
gearboxEmu/test/section_00_target_test_anomaly_0000_pro_Y.wav,gearboxEmu,section_00,target,anomaly,0.010928995907306671,fp_naa_c2_fault_preserving_seed42,server02_fp_naa_screening_20260817T165229Z
gearboxEmu/test/section_00_target_test_anomaly_0001_pro_X.wav,gearboxEmu,section_00,target,anomaly,0.0021847914904356003,fp_naa_c2_fault_preserving_seed42,server02_fp_naa_screening_20260817T165229Z
gearboxEmu/test/section_00_target_test_anomaly_0002_pro_Z.wav,gearboxEmu,section_00,target,anomaly,-0.00013250616029836237,fp_naa_c2_fault_preserving_seed42,server02_fp_naa_screening_20260817T165229Z
gearboxEmu/test/section_00_target_test_anomaly_0003_pro_X.wav,gearboxEmu,section_00,target,anomaly,0.004939543083310127,fp_naa_c2_fault_preserving_seed42,server02_fp_naa_screening_20260817T165229Z
gearboxEmu/test/section_00_target_test_anomaly_0004_pro_Z.wav,gearboxEmu,section_00,target,anomaly,0.0005662943003699183,fp_naa_c2_fault_preserving_seed42,server02_fp_naa_screening_20260817T165229Z
gearboxEmu/test/section_00_target_test_anomaly_0005_pro_X.wav,gearboxEmu,section_00,target,anomaly,0.017590684816241264,fp_naa_c2_fault_preserving_seed42,server02_fp_naa_screening_20260817T165229Z
gearboxEmu/test/section_00_target_test_anomaly_0006_pro_X.wav,gearboxEmu,section_00,target,anomaly,0.019046900793910027,fp_naa_c2_fault_preserving_seed42,server02_fp_naa_screening_20260817T165229Z
gearboxEmu/test/section_00_target_test_anomaly_0007_pro_Y.wav,gearboxEmu,section_00,target,anomaly,0.008481178432703018,fp_naa_c2_fault_preserving_seed42,server02_fp_naa_screening_20260817T165229Z
gearboxEmu/test/section_00_target_test_anomaly_0008_pro_Z.wav,gearboxEmu,section_00,target,anomaly,0.00027811690233647823,fp_naa_c2_fault_preserving_seed42,server02_fp_naa_screening_20260817T165229Z
gearboxEmu/test/section_00_target_test_anomaly_0009_pro_Z.wav,gearboxEmu,section_00,target,anomaly,0.0021974339615553617,fp_naa_c2_fault_preserving_seed42,server02_fp_naa_screening_20260817T165229Z
gearboxEmu/test/section_00_target_test_anomaly_0010_pro_Y.wav,gearboxEmu,section_00,target,anomaly,0.0026242444291710854,fp_naa_c2_fault_preserving_seed42,server02_fp_naa_screening_20260817T165229Z
gearboxEmu/test/section_00_target_test_anomaly_0011_pro_X.wav,gearboxEmu,section_00,target,anomaly,0.018389830365777016,fp_naa_c2_fault_preserving_seed42,server02_fp_naa_screening_20260817T165229Z
gearboxEmu/test/section_00_target_test_anomaly_0012_pro_Y.wav,gearboxEmu,section_00,target,anomaly,0.0016605919227004051,fp_naa_c2_fault_preserving_seed42,server02_fp_naa_screening_20260817T165229Z
gearboxEmu/test/section_00_target_test_anomaly_0013_pro_X.wav,gearboxEmu,section_00,target,anomaly,0.01783124916255474,fp_naa_c2_fault_preserving_seed42,server02_fp_naa_screening_20260817T165229Z
gearboxEmu/test/section_00_target_test_anomaly_0014_pro_X.wav,gearboxEmu,section_00,target,anomaly,0.019798800349235535,fp_naa_c2_fault_preserving_seed42,server02_fp_naa_screening_20260817T165229Z
gearboxEmu/test/section_00_target_test_anomaly_0015_pro_Z.wav,gearboxEmu,section_00,target,anomaly,0.00015354741481132805,fp_naa_c2_fault_preserving_seed42,server02_fp_naa_screening_20260817T165229Z
gearboxEmu/test/section_00_target_test_anomaly_0016_pro_X.wav,gearboxEmu,section_00,target,anomaly,0.002659541554749012,fp_naa_c2_fault_preserving_seed42,server02_fp_naa_screening_20260817T165229Z
gearboxEmu/test/section_00_target_test_anomaly_0017_pro_Z.wav,gearboxEmu,section_00,target,anomaly,0.002393531845882535,fp_naa_c2_fault_preserving_seed42,server02_fp_naa_screening_20260817T165229Z
gearboxEmu/test/section_00_target_test_anomaly_0018_pro_X.wav,gearboxEmu,section_00,target,anomaly,0.02042161487042904,fp_naa_c2_fault_preserving_seed42,server02_fp_naa_screening_20260817T165229Z
gearboxEmu/test/section_00_target_test_anomaly_0019_pro_Z.wav,gearboxEmu,section_00,target,anomaly,0.0015875581884756684,fp_naa_c2_fault_preserving_seed42,server02_fp_naa_screening_20260817T165229Z
gearboxEmu/test/section_00_target_test_anomaly_0020_pro_X.wav,gearboxEmu,section_00,target,anomaly,0.019765958189964294,fp_naa_c2_fault_preserving_seed42,server02_fp_naa_screening_20260817T165229Z
gearboxEmu/test/section_00_target_test_anomaly_0021_pro_X.wav,gearboxEmu,section_00,target,anomaly,0.002556494204327464,fp_naa_c2_fault_preserving_seed42,server02_fp_naa_screening_20260817T165229Z
gearboxEmu/test/section_00_target_test_anomaly_0022_pro_Y.wav,gearboxEmu,section_00,target,anomaly,0.009708788245916367,fp_naa_c2_fault_preserving_seed42,server02_fp_naa_screening_20260817T165229Z
gearboxEmu/test/section_00_target_test_anomaly_0023_pro_X.wav,gearboxEmu,section_00,target,anomaly,0.01910395547747612,fp_naa_c2_fault_preserving_seed42,server02_fp_naa_screening_20260817T165229Z
gearboxEmu/test/section_00_target_test_anomaly_0024_pro_Y.wav,gearboxEmu,section_00,target,anomaly,0.013433432206511497,fp_naa_c2_fault_preserving_seed42,server02_fp_naa_screening_20260817T165229Z
gearboxEmu/test/section_00_target_test_anomaly_0025_pro_Z.wav,gearboxEmu,section_00,target,anomaly,0.0003418624692130834,fp_naa_c2_fault_preserving_seed42,server02_fp_naa_screening_20260817T165229Z
gearboxEmu/test/section_00_target_test_anomaly_0026_pro_Y.wav,gearboxEmu,section_00,target,anomaly,0.008415603078901768,fp_naa_c2_fault_preserving_seed42,server02_fp_naa_screening_20260817T165229Z
gearboxEmu/test/section_00_target_test_anomaly_0027_pro_X.wav,gearboxEmu,section_00,target,anomaly,0.020158912986516953,fp_naa_c2_fault_preserving_seed42,server02_fp_naa_screening_20260817T165229Z
gearboxEmu/test/section_00_target_test_anomaly_0028_pro_Y.wav,gearboxEmu,section_00,target,anomaly,0.002461448311805725,fp_naa_c2_fault_preserving_seed42,server02_fp_naa_screening_20260817T165229Z
gearboxEmu/test/section_00_target_test_anomaly_0029_pro_Y.wav,gearboxEmu,section_00,target,anomaly,0.006884864531457424,fp_naa_c2_fault_preserving_seed42,server02_fp_naa_screening_20260817T165229Z
gearboxEmu/test/section_00_target_test_anomaly_0030_pro_Y.wav,gearboxEmu,section_00,target,anomaly,0.010615349747240543,fp_naa_c2_fault_preserving_seed42,server02_fp_naa_screening_20260817T165229Z
gearboxEmu/test/section_00_target_test_anomaly_0031_pro_Z.wav,gearboxEmu,section_00,target,anomaly,0.000872724805958569,fp_naa_c2_fault_preserving_seed42,server02_fp_naa_screening_20260817T165229Z
gearboxEmu/test/section_00_target_test_anomaly_0032_pro_Z.wav,gearboxEmu,section_00,target,anomaly,0.0002714857109822333,fp_naa_c2_fault_preserving_seed42,server02_fp_naa_screening_20260817T165229Z
gearboxEmu/test/section_00_target_test_anomaly_0033_pro_Y.wav,gearboxEmu,section_00,target,anomaly,0.011751455254852772,fp_naa_c2_fault_preserving_seed42,server02_fp_naa_screening_20260817T165229Z
gearboxEmu/test/section_00_target_test_anomaly_0034_pro_Y.wav,gearboxEmu,section_00,target,anomaly,0.0021041855216026306,fp_naa_c2_fault_preserving_seed42,server02_fp_naa_screening_20260817T165229Z
gearboxEmu/test/section_00_target_test_anomaly_0035_pro_Z.wav,gearboxEmu,section_00,target,anomaly,-0.0002098249678965658,fp_naa_c2_fault_preserving_seed42,server02_fp_naa_screening_20260817T165229Z
gearboxEmu/test/section_00_target_test_anomaly_0036_pro_Z.wav,gearboxEmu,section_00,target,anomaly,-0.00025137112243101,fp_naa_c2_fault_preserving_seed42,server02_fp_naa_screening_20260817T165229Z
gearboxEmu/test/section_00_target_test_anomaly_0037_pro_Y.wav,gearboxEmu,section_00,target,anomaly,0.0030847457237541676,fp_naa_c2_fault_preserving_seed42,server02_fp_naa_screening_20260817T165229Z
gearboxEmu/test/section_00_target_test_anomaly_0038_pro_Y.wav,gearboxEmu,section_00,target,anomaly,0.010838893242180347,fp_naa_c2_fault_preserving_seed42,server02_fp_naa_screening_20260817T165229Z
gearboxEmu/test/section_00_target_test_anomaly_0039_pro_Z.wav,gearboxEmu,section_00,target,anomaly,0.0015086437342688441,fp_naa_c2_fault_preserving_seed42,server02_fp_naa_screening_20260817T165229Z
gearboxEmu/test/section_00_target_test_anomaly_0040_pro_X.wav,gearboxEmu,section_00,target,anomaly,0.018943369388580322,fp_naa_c2_fault_preserving_seed42,server02_fp_naa_screening_20260817T165229Z
gearboxEmu/test/section_00_target_test_anomaly_0041_pro_Z.wav,gearboxEmu,section_00,target,anomaly,0.002589863957837224,fp_naa_c2_fault_preserving_seed42,server02_fp_naa_screening_20260817T165229Z
gearboxEmu/test/section_00_target_test_anomaly_0042_pro_Z.wav,gearboxEmu,section_00,target,anomaly,0.0006199432536959648,fp_naa_c2_fault_preserving_seed42,server02_fp_naa_screening_20260817T165229Z
gearboxEmu/test/section_00_target_test_anomaly_0043_pro_Y.wav,gearboxEmu,section_00,target,anomaly,0.0024883062578737736,fp_naa_c2_fault_preserving_seed42,server02_fp_naa_screening_20260817T165229Z
gearboxEmu/test/section_00_target_test_anomaly_0044_pro_Y.wav,gearboxEmu,section_00,target,anomaly,0.009845416992902756,fp_naa_c2_fault_preserving_seed42,server02_fp_naa_screening_20260817T165229Z
gearboxEmu/test/section_00_target_test_anomaly_0045_pro_Z.wav,gearboxEmu,section_00,target,anomaly,0.0015159801114350557,fp_naa_c2_fault_preserving_seed42,server02_fp_naa_screening_20260817T165229Z
gearboxEmu/test/section_00_target_test_anomaly_0046_pro_X.wav,gearboxEmu,section_00,target,anomaly,0.0012066636700183153,fp_naa_c2_fault_preserving_seed42,server02_fp_naa_screening_20260817T165229Z
gearboxEmu/test/section_00_target_test_anomaly_0047_pro_X.wav,gearboxEmu,section_00,target,anomaly,0.0026733032427728176,fp_naa_c2_fault_preserving_seed42,server02_fp_naa_screening_20260817T165229Z
gearboxEmu/test/section_00_target_test_anomaly_0048_pro_Y.wav,gearboxEmu,section_00,target,anomaly,0.002398693235591054,fp_naa_c2_fault_preserving_seed42,server02_fp_naa_screening_20260817T165229Z
gearboxEmu/test/section_00_target_test_anomaly_0049_pro_X.wav,gearboxEmu,section_00,target,anomaly,0.022693004459142685,fp_naa_c2_fault_preserving_seed42,server02_fp_naa_screening_20260817T165229Z
gearboxEmu/test/section_00_target_test_normal_0000_pro_X.wav,gearboxEmu,section_00,target,normal,0.022472072392702103,fp_naa_c2_fault_preserving_seed42,server02_fp_naa_screening_20260817T165229Z
gearboxEmu/test/section_00_target_test_normal_0001_pro_y.wav,gearboxEmu,section_00,target,normal,-0.003776861820369959,fp_naa_c2_fault_preserving_seed42,server02_fp_naa_screening_20260817T165229Z
gearboxEmu/test/section_00_target_test_normal_0002_pro_X.wav,gearboxEmu,section_00,target,normal,0.02241143211722374,fp_naa_c2_fault_preserving_seed42,server02_fp_naa_screening_20260817T165229Z
gearboxEmu/test/section_00_target_test_normal_0003_pro_X.wav,gearboxEmu,section_00,target,normal,0.02134416252374649,fp_naa_c2_fault_preserving_seed42,server02_fp_naa_screening_20260817T165229Z
gearboxEmu/test/section_00_target_test_normal_0004_pro_Z.wav,gearboxEmu,section_00,target,normal,0.00040403049206361175,fp_naa_c2_fault_preserving_seed42,server02_fp_naa_screening_20260817T165229Z
gearboxEmu/test/section_00_target_test_normal_0005_pro_y.wav,gearboxEmu,section_00,target,normal,0.0017184988828375936,fp_naa_c2_fault_preserving_seed42,server02_fp_naa_screening_20260817T165229Z
gearboxEmu/test/section_00_target_test_normal_0006_pro_Z.wav,gearboxEmu,section_00,target,normal,0.0004625582951121032,fp_naa_c2_fault_preserving_seed42,server02_fp_naa_screening_20260817T165229Z
gearboxEmu/test/section_00_target_test_normal_0007_pro_y.wav,gearboxEmu,section_00,target,normal,-0.0017034986522048712,fp_naa_c2_fault_preserving_seed42,server02_fp_naa_screening_20260817T165229Z
gearboxEmu/test/section_00_target_test_normal_0008_pro_Z.wav,gearboxEmu,section_00,target,normal,0.00015781304682604969,fp_naa_c2_fault_preserving_seed42,server02_fp_naa_screening_20260817T165229Z
gearboxEmu/test/section_00_target_test_normal_0009_pro_X.wav,gearboxEmu,section_00,target,normal,0.024259444326162338,fp_naa_c2_fault_preserving_seed42,server02_fp_naa_screening_20260817T165229Z
gearboxEmu/test/section_00_target_test_normal_0010_pro_X.wav,gearboxEmu,section_00,target,normal,-0.0011806100374087691,fp_naa_c2_fault_preserving_seed42,server02_fp_naa_screening_20260817T165229Z
gearboxEmu/test/section_00_target_test_normal_0011_pro_y.wav,gearboxEmu,section_00,target,normal,-0.006749287247657776,fp_naa_c2_fault_preserving_seed42,server02_fp_naa_screening_20260817T165229Z
gearboxEmu/test/section_00_target_test_normal_0012_pro_y.wav,gearboxEmu,section_00,target,normal,-0.0062660714611411095,fp_naa_c2_fault_preserving_seed42,server02_fp_naa_screening_20260817T165229Z
gearboxEmu/test/section_00_target_test_normal_0013_pro_X.wav,gearboxEmu,section_00,target,normal,-0.0006132982671260834,fp_naa_c2_fault_preserving_seed42,server02_fp_naa_screening_20260817T165229Z
gearboxEmu/test/section_00_target_test_normal_0014_pro_Z.wav,gearboxEmu,section_00,target,normal,0.00026113062631338835,fp_naa_c2_fault_preserving_seed42,server02_fp_naa_screening_20260817T165229Z
gearboxEmu/test/section_00_target_test_normal_0015_pro_X.wav,gearboxEmu,section_00,target,normal,0.0004966692067682743,fp_naa_c2_fault_preserving_seed42,server02_fp_naa_screening_20260817T165229Z
gearboxEmu/test/section_00_target_test_normal_0016_pro_Z.wav,gearboxEmu,section_00,target,normal,0.0004404357459861785,fp_naa_c2_fault_preserving_seed42,server02_fp_naa_screening_20260817T165229Z
gearboxEmu/test/section_00_target_test_normal_0017_pro_y.wav,gearboxEmu,section_00,target,normal,-0.005689697340130806,fp_naa_c2_fault_preserving_seed42,server02_fp_naa_screening_20260817T165229Z
gearboxEmu/test/section_00_target_test_normal_0018_pro_y.wav,gearboxEmu,section_00,target,normal,-0.005162141751497984,fp_naa_c2_fault_preserving_seed42,server02_fp_naa_screening_20260817T165229Z
gearboxEmu/test/section_00_target_test_normal_0019_pro_Z.wav,gearboxEmu,section_00,target,normal,0.00023112751659937203,fp_naa_c2_fault_preserving_seed42,server02_fp_naa_screening_20260817T165229Z
gearboxEmu/test/section_00_target_test_normal_0020_pro_y.wav,gearboxEmu,section_00,target,normal,-0.00821263063699007,fp_naa_c2_fault_preserving_seed42,server02_fp_naa_screening_20260817T165229Z
gearboxEmu/test/section_00_target_test_normal_0021_pro_y.wav,gearboxEmu,section_00,target,normal,0.0016607779543846846,fp_naa_c2_fault_preserving_seed42,server02_fp_naa_screening_20260817T165229Z
gearboxEmu/test/section_00_target_test_normal_0022_pro_Z.wav,gearboxEmu,section_00,target,normal,0.0005623864126391709,fp_naa_c2_fault_preserving_seed42,server02_fp_naa_screening_20260817T165229Z
gearboxEmu/test/section_00_target_test_normal_0023_pro_X.wav,gearboxEmu,section_00,target,normal,-0.004470418207347393,fp_naa_c2_fault_preserving_seed42,server02_fp_naa_screening_20260817T165229Z
gearboxEmu/test/section_00_target_test_normal_0024_pro_y.wav,gearboxEmu,section_00,target,normal,0.0028089762199670076,fp_naa_c2_fault_preserving_seed42,server02_fp_naa_screening_20260817T165229Z
gearboxEmu/test/section_00_target_test_normal_0025_pro_Z.wav,gearboxEmu,section_00,target,normal,5.899343523196876e-05,fp_naa_c2_fault_preserving_seed42,server02_fp_naa_screening_20260817T165229Z
gearboxEmu/test/section_00_target_test_normal_0026_pro_Z.wav,gearboxEmu,section_00,target,normal,0.0005670032696798444,fp_naa_c2_fault_preserving_seed42,server02_fp_naa_screening_20260817T165229Z
gearboxEmu/test/section_00_target_test_normal_0027_pro_X.wav,gearboxEmu,section_00,target,normal,0.027013400569558144,fp_naa_c2_fault_preserving_seed42,server02_fp_naa_screening_20260817T165229Z
gearboxEmu/test/section_00_target_test_normal_0028_pro_X.wav,gearboxEmu,section_00,target,normal,0.02459489181637764,fp_naa_c2_fault_preserving_seed42,server02_fp_naa_screening_20260817T165229Z
gearboxEmu/test/section_00_target_test_normal_0029_pro_Z.wav,gearboxEmu,section_00,target,normal,7.139936496969312e-05,fp_naa_c2_fault_preserving_seed42,server02_fp_naa_screening_20260817T165229Z
gearboxEmu/test/section_00_target_test_normal_0030_pro_X.wav,gearboxEmu,section_00,target,normal,-0.00022265734151005745,fp_naa_c2_fault_preserving_seed42,server02_fp_naa_screening_20260817T165229Z
gearboxEmu/test/section_00_target_test_normal_0031_pro_Z.wav,gearboxEmu,section_00,target,normal,0.00041429291013628244,fp_naa_c2_fault_preserving_seed42,server02_fp_naa_screening_20260817T165229Z
gearboxEmu/test/section_00_target_test_normal_0032_pro_y.wav,gearboxEmu,section_00,target,normal,0.0054984064772725105,fp_naa_c2_fault_preserving_seed42,server02_fp_naa_screening_20260817T165229Z
gearboxEmu/test/section_00_target_test_normal_0033_pro_X.wav,gearboxEmu,section_00,target,normal,0.02356511354446411,fp_naa_c2_fault_preserving_seed42,server02_fp_naa_screening_20260817T165229Z
gearboxEmu/test/section_00_target_test_normal_0034_pro_Z.wav,gearboxEmu,section_00,target,normal,0.0001582040567882359,fp_naa_c2_fault_preserving_seed42,server02_fp_naa_screening_20260817T165229Z
gearboxEmu/test/section_00_target_test_normal_0035_pro_y.wav,gearboxEmu,section_00,target,normal,-0.004759251140058041,fp_naa_c2_fault_preserving_seed42,server02_fp_naa_screening_20260817T165229Z
gearboxEmu/test/section_00_target_test_normal_0036_pro_X.wav,gearboxEmu,section_00,target,normal,0.0007413648418150842,fp_naa_c2_fault_preserving_seed42,server02_fp_naa_screening_20260817T165229Z
gearboxEmu/test/section_00_target_test_normal_0037_pro_X.wav,gearboxEmu,section_00,target,normal,0.0025478489696979523,fp_naa_c2_fault_preserving_seed42,server02_fp_naa_screening_20260817T165229Z
gearboxEmu/test/section_00_target_test_normal_0038_pro_y.wav,gearboxEmu,section_00,target,normal,-0.006892142817378044,fp_naa_c2_fault_preserving_seed42,server02_fp_naa_screening_20260817T165229Z
gearboxEmu/test/section_00_target_test_normal_0039_pro_Z.wav,gearboxEmu,section_00,target,normal,0.00042148990905843675,fp_naa_c2_fault_preserving_seed42,server02_fp_naa_screening_20260817T165229Z
gearboxEmu/test/section_00_target_test_normal_0040_pro_y.wav,gearboxEmu,section_00,target,normal,-0.005037076771259308,fp_naa_c2_fault_preserving_seed42,server02_fp_naa_screening_20260817T165229Z
gearboxEmu/test/section_00_target_test_normal_0041_pro_Z.wav,gearboxEmu,section_00,target,normal,-4.4393003918230534e-05,fp_naa_c2_fault_preserving_seed42,server02_fp_naa_screening_20260817T165229Z
gearboxEmu/test/section_00_target_test_normal_0042_pro_Z.wav,gearboxEmu,section_00,target,normal,0.003134749364107847,fp_naa_c2_fault_preserving_seed42,server02_fp_naa_screening_20260817T165229Z
gearboxEmu/test/section_00_target_test_normal_0043_pro_y.wav,gearboxEmu,section_00,target,normal,-0.0060146828182041645,fp_naa_c2_fault_preserving_seed42,server02_fp_naa_screening_20260817T165229Z
gearboxEmu/test/section_00_target_test_normal_0044_pro_X.wav,gearboxEmu,section_00,target,normal,0.00238338322378695,fp_naa_c2_fault_preserving_seed42,server02_fp_naa_screening_20260817T165229Z
gearboxEmu/test/section_00_target_test_normal_0045_pro_Z.wav,gearboxEmu,section_00,target,normal,-0.00020653200044762343,fp_naa_c2_fault_preserving_seed42,server02_fp_naa_screening_20260817T165229Z
gearboxEmu/test/section_00_target_test_normal_0046_pro_X.wav,gearboxEmu,section_00,target,normal,2.391519956290722e-06,fp_naa_c2_fault_preserving_seed42,server02_fp_naa_screening_20260817T165229Z
gearboxEmu/test/section_00_target_test_normal_0047_pro_y.wav,gearboxEmu,section_00,target,normal,0.000499639892950654,fp_naa_c2_fault_preserving_seed42,server02_fp_naa_screening_20260817T165229Z
gearboxEmu/test/section_00_target_test_normal_0048_pro_X.wav,gearboxEmu,section_00,target,normal,0.0009174372535198927,fp_naa_c2_fault_preserving_seed42,server02_fp_naa_screening_20260817T165229Z
gearboxEmu/test/section_00_target_test_normal_0049_pro_y.wav,gearboxEmu,section_00,target,normal,-0.005303756799548864,fp_naa_c2_fault_preserving_seed42,server02_fp_naa_screening_20260817T165229Z
sliderEmu/test/section_00_source_test_anomaly_0000_noAttribute.wav,sliderEmu,section_00,source,anomaly,0.0036030325572937727,fp_naa_c2_fault_preserving_seed42,server02_fp_naa_screening_20260817T165229Z
sliderEmu/test/section_00_source_test_anomaly_0001_noAttribute.wav,sliderEmu,section_00,source,anomaly,0.0015342880506068468,fp_naa_c2_fault_preserving_seed42,server02_fp_naa_screening_20260817T165229Z
sliderEmu/test/section_00_source_test_anomaly_0002_noAttribute.wav,sliderEmu,section_00,source,anomaly,0.001600451534613967,fp_naa_c2_fault_preserving_seed42,server02_fp_naa_screening_20260817T165229Z
sliderEmu/test/section_00_source_test_anomaly_0003_noAttribute.wav,sliderEmu,section_00,source,anomaly,0.0019218401284888387,fp_naa_c2_fault_preserving_seed42,server02_fp_naa_screening_20260817T165229Z
sliderEmu/test/section_00_source_test_anomaly_0004_noAttribute.wav,sliderEmu,section_00,source,anomaly,0.002767537720501423,fp_naa_c2_fault_preserving_seed42,server02_fp_naa_screening_20260817T165229Z
sliderEmu/test/section_00_source_test_anomaly_0005_noAttribute.wav,sliderEmu,section_00,source,anomaly,0.001446675043553114,fp_naa_c2_fault_preserving_seed42,server02_fp_naa_screening_20260817T165229Z
sliderEmu/test/section_00_source_test_anomaly_0006_noAttribute.wav,sliderEmu,section_00,source,anomaly,0.0016871955012902617,fp_naa_c2_fault_preserving_seed42,server02_fp_naa_screening_20260817T165229Z
sliderEmu/test/section_00_source_test_anomaly_0007_noAttribute.wav,sliderEmu,section_00,source,anomaly,0.01324390061199665,fp_naa_c2_fault_preserving_seed42,server02_fp_naa_screening_20260817T165229Z
sliderEmu/test/section_00_source_test_anomaly_0008_noAttribute.wav,sliderEmu,section_00,source,anomaly,0.0028021251782774925,fp_naa_c2_fault_preserving_seed42,server02_fp_naa_screening_20260817T165229Z
sliderEmu/test/section_00_source_test_anomaly_0009_noAttribute.wav,sliderEmu,section_00,source,anomaly,0.0038144539576023817,fp_naa_c2_fault_preserving_seed42,server02_fp_naa_screening_20260817T165229Z
sliderEmu/test/section_00_source_test_anomaly_0010_noAttribute.wav,sliderEmu,section_00,source,anomaly,0.003433234989643097,fp_naa_c2_fault_preserving_seed42,server02_fp_naa_screening_20260817T165229Z
sliderEmu/test/section_00_source_test_anomaly_0011_noAttribute.wav,sliderEmu,section_00,source,anomaly,0.000998667674139142,fp_naa_c2_fault_preserving_seed42,server02_fp_naa_screening_20260817T165229Z
sliderEmu/test/section_00_source_test_anomaly_0012_noAttribute.wav,sliderEmu,section_00,source,anomaly,0.0062057445757091045,fp_naa_c2_fault_preserving_seed42,server02_fp_naa_screening_20260817T165229Z
sliderEmu/test/section_00_source_test_anomaly_0013_noAttribute.wav,sliderEmu,section_00,source,anomaly,0.0030685262754559517,fp_naa_c2_fault_preserving_seed42,server02_fp_naa_screening_20260817T165229Z
sliderEmu/test/section_00_source_test_anomaly_0014_noAttribute.wav,sliderEmu,section_00,source,anomaly,0.003691089805215597,fp_naa_c2_fault_preserving_seed42,server02_fp_naa_screening_20260817T165229Z
sliderEmu/test/section_00_source_test_anomaly_0015_noAttribute.wav,sliderEmu,section_00,source,anomaly,0.00311216339468956,fp_naa_c2_fault_preserving_seed42,server02_fp_naa_screening_20260817T165229Z
sliderEmu/test/section_00_source_test_anomaly_0016_noAttribute.wav,sliderEmu,section_00,source,anomaly,0.0020599898416548967,fp_naa_c2_fault_preserving_seed42,server02_fp_naa_screening_20260817T165229Z
sliderEmu/test/section_00_source_test_anomaly_0017_noAttribute.wav,sliderEmu,section_00,source,anomaly,0.00045740167843177915,fp_naa_c2_fault_preserving_seed42,server02_fp_naa_screening_20260817T165229Z
sliderEmu/test/section_00_source_test_anomaly_0018_noAttribute.wav,sliderEmu,section_00,source,anomaly,0.0012311948230490088,fp_naa_c2_fault_preserving_seed42,server02_fp_naa_screening_20260817T165229Z
sliderEmu/test/section_00_source_test_anomaly_0019_noAttribute.wav,sliderEmu,section_00,source,anomaly,0.0009043836034834385,fp_naa_c2_fault_preserving_seed42,server02_fp_naa_screening_20260817T165229Z
sliderEmu/test/section_00_source_test_anomaly_0020_noAttribute.wav,sliderEmu,section_00,source,anomaly,0.009275807067751884,fp_naa_c2_fault_preserving_seed42,server02_fp_naa_screening_20260817T165229Z
sliderEmu/test/section_00_source_test_anomaly_0021_noAttribute.wav,sliderEmu,section_00,source,anomaly,0.0013403785414993763,fp_naa_c2_fault_preserving_seed42,server02_fp_naa_screening_20260817T165229Z
sliderEmu/test/section_00_source_test_anomaly_0022_noAttribute.wav,sliderEmu,section_00,source,anomaly,0.0038087826687842607,fp_naa_c2_fault_preserving_seed42,server02_fp_naa_screening_20260817T165229Z
sliderEmu/test/section_00_source_test_anomaly_0023_noAttribute.wav,sliderEmu,section_00,source,anomaly,0.0012661749497056007,fp_naa_c2_fault_preserving_seed42,server02_fp_naa_screening_20260817T165229Z
sliderEmu/test/section_00_source_test_anomaly_0024_noAttribute.wav,sliderEmu,section_00,source,anomaly,0.004082867875695229,fp_naa_c2_fault_preserving_seed42,server02_fp_naa_screening_20260817T165229Z
sliderEmu/test/section_00_source_test_anomaly_0025_noAttribute.wav,sliderEmu,section_00,source,anomaly,0.005833266768604517,fp_naa_c2_fault_preserving_seed42,server02_fp_naa_screening_20260817T165229Z
sliderEmu/test/section_00_source_test_anomaly_0026_noAttribute.wav,sliderEmu,section_00,source,anomaly,0.0033745886757969856,fp_naa_c2_fault_preserving_seed42,server02_fp_naa_screening_20260817T165229Z
sliderEmu/test/section_00_source_test_anomaly_0027_noAttribute.wav,sliderEmu,section_00,source,anomaly,0.009895766153931618,fp_naa_c2_fault_preserving_seed42,server02_fp_naa_screening_20260817T165229Z
sliderEmu/test/section_00_source_test_anomaly_0028_noAttribute.wav,sliderEmu,section_00,source,anomaly,0.004728416446596384,fp_naa_c2_fault_preserving_seed42,server02_fp_naa_screening_20260817T165229Z
sliderEmu/test/section_00_source_test_anomaly_0029_noAttribute.wav,sliderEmu,section_00,source,anomaly,0.002630852395668626,fp_naa_c2_fault_preserving_seed42,server02_fp_naa_screening_20260817T165229Z
sliderEmu/test/section_00_source_test_anomaly_0030_noAttribute.wav,sliderEmu,section_00,source,anomaly,0.001826143590733409,fp_naa_c2_fault_preserving_seed42,server02_fp_naa_screening_20260817T165229Z
sliderEmu/test/section_00_source_test_anomaly_0031_noAttribute.wav,sliderEmu,section_00,source,anomaly,0.004626079462468624,fp_naa_c2_fault_preserving_seed42,server02_fp_naa_screening_20260817T165229Z
sliderEmu/test/section_00_source_test_anomaly_0032_noAttribute.wav,sliderEmu,section_00,source,anomaly,0.0016101370565593243,fp_naa_c2_fault_preserving_seed42,server02_fp_naa_screening_20260817T165229Z
sliderEmu/test/section_00_source_test_anomaly_0033_noAttribute.wav,sliderEmu,section_00,source,anomaly,0.0011036023497581482,fp_naa_c2_fault_preserving_seed42,server02_fp_naa_screening_20260817T165229Z
sliderEmu/test/section_00_source_test_anomaly_0034_noAttribute.wav,sliderEmu,section_00,source,anomaly,0.005739073269069195,fp_naa_c2_fault_preserving_seed42,server02_fp_naa_screening_20260817T165229Z
sliderEmu/test/section_00_source_test_anomaly_0035_noAttribute.wav,sliderEmu,section_00,source,anomaly,0.0032892166636884212,fp_naa_c2_fault_preserving_seed42,server02_fp_naa_screening_20260817T165229Z
sliderEmu/test/section_00_source_test_anomaly_0036_noAttribute.wav,sliderEmu,section_00,source,anomaly,0.003535232972353697,fp_naa_c2_fault_preserving_seed42,server02_fp_naa_screening_20260817T165229Z
sliderEmu/test/section_00_source_test_anomaly_0037_noAttribute.wav,sliderEmu,section_00,source,anomaly,0.0014651971869170666,fp_naa_c2_fault_preserving_seed42,server02_fp_naa_screening_20260817T165229Z
sliderEmu/test/section_00_source_test_anomaly_0038_noAttribute.wav,sliderEmu,section_00,source,anomaly,0.004466175101697445,fp_naa_c2_fault_preserving_seed42,server02_fp_naa_screening_20260817T165229Z
sliderEmu/test/section_00_source_test_anomaly_0039_noAttribute.wav,sliderEmu,section_00,source,anomaly,0.00040109874680638313,fp_naa_c2_fault_preserving_seed42,server02_fp_naa_screening_20260817T165229Z
sliderEmu/test/section_00_source_test_anomaly_0040_noAttribute.wav,sliderEmu,section_00,source,anomaly,0.0011628632200881839,fp_naa_c2_fault_preserving_seed42,server02_fp_naa_screening_20260817T165229Z
sliderEmu/test/section_00_source_test_anomaly_0041_noAttribute.wav,sliderEmu,section_00,source,anomaly,0.004450204782187939,fp_naa_c2_fault_preserving_seed42,server02_fp_naa_screening_20260817T165229Z
sliderEmu/test/section_00_source_test_anomaly_0042_noAttribute.wav,sliderEmu,section_00,source,anomaly,0.0020900017116218805,fp_naa_c2_fault_preserving_seed42,server02_fp_naa_screening_20260817T165229Z
sliderEmu/test/section_00_source_test_anomaly_0043_noAttribute.wav,sliderEmu,section_00,source,anomaly,0.0019595532212406397,fp_naa_c2_fault_preserving_seed42,server02_fp_naa_screening_20260817T165229Z
sliderEmu/test/section_00_source_test_anomaly_0044_noAttribute.wav,sliderEmu,section_00,source,anomaly,0.008204855024814606,fp_naa_c2_fault_preserving_seed42,server02_fp_naa_screening_20260817T165229Z
sliderEmu/test/section_00_source_test_anomaly_0045_noAttribute.wav,sliderEmu,section_00,source,anomaly,0.003942021168768406,fp_naa_c2_fault_preserving_seed42,server02_fp_naa_screening_20260817T165229Z
sliderEmu/test/section_00_source_test_anomaly_0046_noAttribute.wav,sliderEmu,section_00,source,anomaly,0.0011377247283235192,fp_naa_c2_fault_preserving_seed42,server02_fp_naa_screening_20260817T165229Z
sliderEmu/test/section_00_source_test_anomaly_0047_noAttribute.wav,sliderEmu,section_00,source,anomaly,0.0023076829966157675,fp_naa_c2_fault_preserving_seed42,server02_fp_naa_screening_20260817T165229Z
sliderEmu/test/section_00_source_test_anomaly_0048_noAttribute.wav,sliderEmu,section_00,source,anomaly,0.003326818812638521,fp_naa_c2_fault_preserving_seed42,server02_fp_naa_screening_20260817T165229Z
sliderEmu/test/section_00_source_test_anomaly_0049_noAttribute.wav,sliderEmu,section_00,source,anomaly,0.002320794854313135,fp_naa_c2_fault_preserving_seed42,server02_fp_naa_screening_20260817T165229Z
sliderEmu/test/section_00_source_test_normal_0000_noAttribute.wav,sliderEmu,section_00,source,normal,0.0009188879048451781,fp_naa_c2_fault_preserving_seed42,server02_fp_naa_screening_20260817T165229Z
sliderEmu/test/section_00_source_test_normal_0001_noAttribute.wav,sliderEmu,section_00,source,normal,-8.74117249622941e-05,fp_naa_c2_fault_preserving_seed42,server02_fp_naa_screening_20260817T165229Z
sliderEmu/test/section_00_source_test_normal_0002_noAttribute.wav,sliderEmu,section_00,source,normal,0.0007071264553815126,fp_naa_c2_fault_preserving_seed42,server02_fp_naa_screening_20260817T165229Z
sliderEmu/test/section_00_source_test_normal_0003_noAttribute.wav,sliderEmu,section_00,source,normal,0.0019505235832184553,fp_naa_c2_fault_preserving_seed42,server02_fp_naa_screening_20260817T165229Z
sliderEmu/test/section_00_source_test_normal_0004_noAttribute.wav,sliderEmu,section_00,source,normal,0.004743910860270262,fp_naa_c2_fault_preserving_seed42,server02_fp_naa_screening_20260817T165229Z
sliderEmu/test/section_00_source_test_normal_0005_noAttribute.wav,sliderEmu,section_00,source,normal,0.0006884275935590267,fp_naa_c2_fault_preserving_seed42,server02_fp_naa_screening_20260817T165229Z
sliderEmu/test/section_00_source_test_normal_0006_noAttribute.wav,sliderEmu,section_00,source,normal,0.0015786781441420317,fp_naa_c2_fault_preserving_seed42,server02_fp_naa_screening_20260817T165229Z
sliderEmu/test/section_00_source_test_normal_0007_noAttribute.wav,sliderEmu,section_00,source,normal,0.0013957750052213669,fp_naa_c2_fault_preserving_seed42,server02_fp_naa_screening_20260817T165229Z
sliderEmu/test/section_00_source_test_normal_0008_noAttribute.wav,sliderEmu,section_00,source,normal,0.001950473291799426,fp_naa_c2_fault_preserving_seed42,server02_fp_naa_screening_20260817T165229Z
sliderEmu/test/section_00_source_test_normal_0009_noAttribute.wav,sliderEmu,section_00,source,normal,0.0020168207120150328,fp_naa_c2_fault_preserving_seed42,server02_fp_naa_screening_20260817T165229Z
sliderEmu/test/section_00_source_test_normal_0010_noAttribute.wav,sliderEmu,section_00,source,normal,0.001072694780305028,fp_naa_c2_fault_preserving_seed42,server02_fp_naa_screening_20260817T165229Z
sliderEmu/test/section_00_source_test_normal_0011_noAttribute.wav,sliderEmu,section_00,source,normal,0.0004366230859886855,fp_naa_c2_fault_preserving_seed42,server02_fp_naa_screening_20260817T165229Z
sliderEmu/test/section_00_source_test_normal_0012_noAttribute.wav,sliderEmu,section_00,source,normal,0.0013245095033198595,fp_naa_c2_fault_preserving_seed42,server02_fp_naa_screening_20260817T165229Z
sliderEmu/test/section_00_source_test_normal_0013_noAttribute.wav,sliderEmu,section_00,source,normal,0.0023157827090471983,fp_naa_c2_fault_preserving_seed42,server02_fp_naa_screening_20260817T165229Z
sliderEmu/test/section_00_source_test_normal_0014_noAttribute.wav,sliderEmu,section_00,source,normal,0.0012336198706179857,fp_naa_c2_fault_preserving_seed42,server02_fp_naa_screening_20260817T165229Z
sliderEmu/test/section_00_source_test_normal_0015_noAttribute.wav,sliderEmu,section_00,source,normal,0.0027666762471199036,fp_naa_c2_fault_preserving_seed42,server02_fp_naa_screening_20260817T165229Z
sliderEmu/test/section_00_source_test_normal_0016_noAttribute.wav,sliderEmu,section_00,source,normal,0.0006731473840773106,fp_naa_c2_fault_preserving_seed42,server02_fp_naa_screening_20260817T165229Z
sliderEmu/test/section_00_source_test_normal_0017_noAttribute.wav,sliderEmu,section_00,source,normal,0.0022976240143179893,fp_naa_c2_fault_preserving_seed42,server02_fp_naa_screening_20260817T165229Z
sliderEmu/test/section_00_source_test_normal_0018_noAttribute.wav,sliderEmu,section_00,source,normal,0.0002630965318530798,fp_naa_c2_fault_preserving_seed42,server02_fp_naa_screening_20260817T165229Z
sliderEmu/test/section_00_source_test_normal_0019_noAttribute.wav,sliderEmu,section_00,source,normal,0.001423937501385808,fp_naa_c2_fault_preserving_seed42,server02_fp_naa_screening_20260817T165229Z
sliderEmu/test/section_00_source_test_normal_0020_noAttribute.wav,sliderEmu,section_00,source,normal,0.0040453774854540825,fp_naa_c2_fault_preserving_seed42,server02_fp_naa_screening_20260817T165229Z
sliderEmu/test/section_00_source_test_normal_0021_noAttribute.wav,sliderEmu,section_00,source,normal,0.000790237623732537,fp_naa_c2_fault_preserving_seed42,server02_fp_naa_screening_20260817T165229Z
sliderEmu/test/section_00_source_test_normal_0022_noAttribute.wav,sliderEmu,section_00,source,normal,0.000992101151496172,fp_naa_c2_fault_preserving_seed42,server02_fp_naa_screening_20260817T165229Z
sliderEmu/test/section_00_source_test_normal_0023_noAttribute.wav,sliderEmu,section_00,source,normal,0.0015457237605005503,fp_naa_c2_fault_preserving_seed42,server02_fp_naa_screening_20260817T165229Z
sliderEmu/test/section_00_source_test_normal_0024_noAttribute.wav,sliderEmu,section_00,source,normal,0.0029992402996867895,fp_naa_c2_fault_preserving_seed42,server02_fp_naa_screening_20260817T165229Z
sliderEmu/test/section_00_source_test_normal_0025_noAttribute.wav,sliderEmu,section_00,source,normal,0.0006525556091219187,fp_naa_c2_fault_preserving_seed42,server02_fp_naa_screening_20260817T165229Z
sliderEmu/test/section_00_source_test_normal_0026_noAttribute.wav,sliderEmu,section_00,source,normal,0.004007517825812101,fp_naa_c2_fault_preserving_seed42,server02_fp_naa_screening_20260817T165229Z
sliderEmu/test/section_00_source_test_normal_0027_noAttribute.wav,sliderEmu,section_00,source,normal,0.0005524170119315386,fp_naa_c2_fault_preserving_seed42,server02_fp_naa_screening_20260817T165229Z
sliderEmu/test/section_00_source_test_normal_0028_noAttribute.wav,sliderEmu,section_00,source,normal,0.0007427826058119535,fp_naa_c2_fault_preserving_seed42,server02_fp_naa_screening_20260817T165229Z
sliderEmu/test/section_00_source_test_normal_0029_noAttribute.wav,sliderEmu,section_00,source,normal,0.0015021644067019224,fp_naa_c2_fault_preserving_seed42,server02_fp_naa_screening_20260817T165229Z
sliderEmu/test/section_00_source_test_normal_0030_noAttribute.wav,sliderEmu,section_00,source,normal,0.0008501362171955407,fp_naa_c2_fault_preserving_seed42,server02_fp_naa_screening_20260817T165229Z
sliderEmu/test/section_00_source_test_normal_0031_noAttribute.wav,sliderEmu,section_00,source,normal,0.0007939129718579352,fp_naa_c2_fault_preserving_seed42,server02_fp_naa_screening_20260817T165229Z
sliderEmu/test/section_00_source_test_normal_0032_noAttribute.wav,sliderEmu,section_00,source,normal,0.0015333774499595165,fp_naa_c2_fault_preserving_seed42,server02_fp_naa_screening_20260817T165229Z
sliderEmu/test/section_00_source_test_normal_0033_noAttribute.wav,sliderEmu,section_00,source,normal,0.0008757067262195051,fp_naa_c2_fault_preserving_seed42,server02_fp_naa_screening_20260817T165229Z
sliderEmu/test/section_00_source_test_normal_0034_noAttribute.wav,sliderEmu,section_00,source,normal,0.0011626577470451593,fp_naa_c2_fault_preserving_seed42,server02_fp_naa_screening_20260817T165229Z
sliderEmu/test/section_00_source_test_normal_0035_noAttribute.wav,sliderEmu,section_00,source,normal,0.0016555988695472479,fp_naa_c2_fault_preserving_seed42,server02_fp_naa_screening_20260817T165229Z
sliderEmu/test/section_00_source_test_normal_0036_noAttribute.wav,sliderEmu,section_00,source,normal,0.0027031570207327604,fp_naa_c2_fault_preserving_seed42,server02_fp_naa_screening_20260817T165229Z
sliderEmu/test/section_00_source_test_normal_0037_noAttribute.wav,sliderEmu,section_00,source,normal,0.002995169721543789,fp_naa_c2_fault_preserving_seed42,server02_fp_naa_screening_20260817T165229Z
sliderEmu/test/section_00_source_test_normal_0038_noAttribute.wav,sliderEmu,section_00,source,normal,0.0005049401079304516,fp_naa_c2_fault_preserving_seed42,server02_fp_naa_screening_20260817T165229Z
sliderEmu/test/section_00_source_test_normal_0039_noAttribute.wav,sliderEmu,section_00,source,normal,0.0022035185247659683,fp_naa_c2_fault_preserving_seed42,server02_fp_naa_screening_20260817T165229Z
sliderEmu/test/section_00_source_test_normal_0040_noAttribute.wav,sliderEmu,section_00,source,normal,0.001088005374185741,fp_naa_c2_fault_preserving_seed42,server02_fp_naa_screening_20260817T165229Z
sliderEmu/test/section_00_source_test_normal_0041_noAttribute.wav,sliderEmu,section_00,source,normal,0.0010336595587432384,fp_naa_c2_fault_preserving_seed42,server02_fp_naa_screening_20260817T165229Z
sliderEmu/test/section_00_source_test_normal_0042_noAttribute.wav,sliderEmu,section_00,source,normal,-0.0004429558466654271,fp_naa_c2_fault_preserving_seed42,server02_fp_naa_screening_20260817T165229Z
sliderEmu/test/section_00_source_test_normal_0043_noAttribute.wav,sliderEmu,section_00,source,normal,0.001198326237499714,fp_naa_c2_fault_preserving_seed42,server02_fp_naa_screening_20260817T165229Z
sliderEmu/test/section_00_source_test_normal_0044_noAttribute.wav,sliderEmu,section_00,source,normal,0.0016614996129646897,fp_naa_c2_fault_preserving_seed42,server02_fp_naa_screening_20260817T165229Z
sliderEmu/test/section_00_source_test_normal_0045_noAttribute.wav,sliderEmu,section_00,source,normal,0.0010210652835667133,fp_naa_c2_fault_preserving_seed42,server02_fp_naa_screening_20260817T165229Z
sliderEmu/test/section_00_source_test_normal_0046_noAttribute.wav,sliderEmu,section_00,source,normal,0.002637926721945405,fp_naa_c2_fault_preserving_seed42,server02_fp_naa_screening_20260817T165229Z
sliderEmu/test/section_00_source_test_normal_0047_noAttribute.wav,sliderEmu,section_00,source,normal,0.0007189478492364287,fp_naa_c2_fault_preserving_seed42,server02_fp_naa_screening_20260817T165229Z
sliderEmu/test/section_00_source_test_normal_0048_noAttribute.wav,sliderEmu,section_00,source,normal,0.002662980230525136,fp_naa_c2_fault_preserving_seed42,server02_fp_naa_screening_20260817T165229Z
sliderEmu/test/section_00_source_test_normal_0049_noAttribute.wav,sliderEmu,section_00,source,normal,0.004851918667554855,fp_naa_c2_fault_preserving_seed42,server02_fp_naa_screening_20260817T165229Z
sliderEmu/test/section_00_target_test_anomaly_0000_noAttribute.wav,sliderEmu,section_00,target,anomaly,0.0006655341712757945,fp_naa_c2_fault_preserving_seed42,server02_fp_naa_screening_20260817T165229Z
sliderEmu/test/section_00_target_test_anomaly_0001_noAttribute.wav,sliderEmu,section_00,target,anomaly,-3.798794932663441e-05,fp_naa_c2_fault_preserving_seed42,server02_fp_naa_screening_20260817T165229Z
sliderEmu/test/section_00_target_test_anomaly_0002_noAttribute.wav,sliderEmu,section_00,target,anomaly,0.0009259164799004793,fp_naa_c2_fault_preserving_seed42,server02_fp_naa_screening_20260817T165229Z
sliderEmu/test/section_00_target_test_anomaly_0003_noAttribute.wav,sliderEmu,section_00,target,anomaly,0.006837042514234781,fp_naa_c2_fault_preserving_seed42,server02_fp_naa_screening_20260817T165229Z
sliderEmu/test/section_00_target_test_anomaly_0004_noAttribute.wav,sliderEmu,section_00,target,anomaly,0.003616394940763712,fp_naa_c2_fault_preserving_seed42,server02_fp_naa_screening_20260817T165229Z
sliderEmu/test/section_00_target_test_anomaly_0005_noAttribute.wav,sliderEmu,section_00,target,anomaly,0.000692859583068639,fp_naa_c2_fault_preserving_seed42,server02_fp_naa_screening_20260817T165229Z
sliderEmu/test/section_00_target_test_anomaly_0006_noAttribute.wav,sliderEmu,section_00,target,anomaly,0.005492233671247959,fp_naa_c2_fault_preserving_seed42,server02_fp_naa_screening_20260817T165229Z
sliderEmu/test/section_00_target_test_anomaly_0007_noAttribute.wav,sliderEmu,section_00,target,anomaly,0.004002526868134737,fp_naa_c2_fault_preserving_seed42,server02_fp_naa_screening_20260817T165229Z
sliderEmu/test/section_00_target_test_anomaly_0008_noAttribute.wav,sliderEmu,section_00,target,anomaly,0.0031465841457247734,fp_naa_c2_fault_preserving_seed42,server02_fp_naa_screening_20260817T165229Z
sliderEmu/test/section_00_target_test_anomaly_0009_noAttribute.wav,sliderEmu,section_00,target,anomaly,0.00012018426787108183,fp_naa_c2_fault_preserving_seed42,server02_fp_naa_screening_20260817T165229Z
sliderEmu/test/section_00_target_test_anomaly_0010_noAttribute.wav,sliderEmu,section_00,target,anomaly,0.00331195374019444,fp_naa_c2_fault_preserving_seed42,server02_fp_naa_screening_20260817T165229Z
sliderEmu/test/section_00_target_test_anomaly_0011_noAttribute.wav,sliderEmu,section_00,target,anomaly,0.0010926713002845645,fp_naa_c2_fault_preserving_seed42,server02_fp_naa_screening_20260817T165229Z
sliderEmu/test/section_00_target_test_anomaly_0012_noAttribute.wav,sliderEmu,section_00,target,anomaly,0.007553682662546635,fp_naa_c2_fault_preserving_seed42,server02_fp_naa_screening_20260817T165229Z
sliderEmu/test/section_00_target_test_anomaly_0013_noAttribute.wav,sliderEmu,section_00,target,anomaly,0.0037287988234311342,fp_naa_c2_fault_preserving_seed42,server02_fp_naa_screening_20260817T165229Z
sliderEmu/test/section_00_target_test_anomaly_0014_noAttribute.wav,sliderEmu,section_00,target,anomaly,0.00406888872385025,fp_naa_c2_fault_preserving_seed42,server02_fp_naa_screening_20260817T165229Z
sliderEmu/test/section_00_target_test_anomaly_0015_noAttribute.wav,sliderEmu,section_00,target,anomaly,0.002212927443906665,fp_naa_c2_fault_preserving_seed42,server02_fp_naa_screening_20260817T165229Z
sliderEmu/test/section_00_target_test_anomaly_0016_noAttribute.wav,sliderEmu,section_00,target,anomaly,0.001687234966084361,fp_naa_c2_fault_preserving_seed42,server02_fp_naa_screening_20260817T165229Z
sliderEmu/test/section_00_target_test_anomaly_0017_noAttribute.wav,sliderEmu,section_00,target,anomaly,0.0033417337108403444,fp_naa_c2_fault_preserving_seed42,server02_fp_naa_screening_20260817T165229Z
sliderEmu/test/section_00_target_test_anomaly_0018_noAttribute.wav,sliderEmu,section_00,target,anomaly,0.0031428055372089148,fp_naa_c2_fault_preserving_seed42,server02_fp_naa_screening_20260817T165229Z
sliderEmu/test/section_00_target_test_anomaly_0019_noAttribute.wav,sliderEmu,section_00,target,anomaly,0.0009884005412459373,fp_naa_c2_fault_preserving_seed42,server02_fp_naa_screening_20260817T165229Z
sliderEmu/test/section_00_target_test_anomaly_0020_noAttribute.wav,sliderEmu,section_00,target,anomaly,0.0007107069832272828,fp_naa_c2_fault_preserving_seed42,server02_fp_naa_screening_20260817T165229Z
sliderEmu/test/section_00_target_test_anomaly_0021_noAttribute.wav,sliderEmu,section_00,target,anomaly,0.0019236576044932008,fp_naa_c2_fault_preserving_seed42,server02_fp_naa_screening_20260817T165229Z
sliderEmu/test/section_00_target_test_anomaly_0022_noAttribute.wav,sliderEmu,section_00,target,anomaly,0.002701727906242013,fp_naa_c2_fault_preserving_seed42,server02_fp_naa_screening_20260817T165229Z
sliderEmu/test/section_00_target_test_anomaly_0023_noAttribute.wav,sliderEmu,section_00,target,anomaly,0.008919056504964828,fp_naa_c2_fault_preserving_seed42,server02_fp_naa_screening_20260817T165229Z
sliderEmu/test/section_00_target_test_anomaly_0024_noAttribute.wav,sliderEmu,section_00,target,anomaly,0.002955013420432806,fp_naa_c2_fault_preserving_seed42,server02_fp_naa_screening_20260817T165229Z
sliderEmu/test/section_00_target_test_anomaly_0025_noAttribute.wav,sliderEmu,section_00,target,anomaly,-0.0015159017639234662,fp_naa_c2_fault_preserving_seed42,server02_fp_naa_screening_20260817T165229Z
sliderEmu/test/section_00_target_test_anomaly_0026_noAttribute.wav,sliderEmu,section_00,target,anomaly,0.00927665177732706,fp_naa_c2_fault_preserving_seed42,server02_fp_naa_screening_20260817T165229Z
sliderEmu/test/section_00_target_test_anomaly_0027_noAttribute.wav,sliderEmu,section_00,target,anomaly,0.0004013775906059891,fp_naa_c2_fault_preserving_seed42,server02_fp_naa_screening_20260817T165229Z
sliderEmu/test/section_00_target_test_anomaly_0028_noAttribute.wav,sliderEmu,section_00,target,anomaly,0.000517022330313921,fp_naa_c2_fault_preserving_seed42,server02_fp_naa_screening_20260817T165229Z
sliderEmu/test/section_00_target_test_anomaly_0029_noAttribute.wav,sliderEmu,section_00,target,anomaly,0.004726759158074856,fp_naa_c2_fault_preserving_seed42,server02_fp_naa_screening_20260817T165229Z
sliderEmu/test/section_00_target_test_anomaly_0030_noAttribute.wav,sliderEmu,section_00,target,anomaly,0.003377464134246111,fp_naa_c2_fault_preserving_seed42,server02_fp_naa_screening_20260817T165229Z
sliderEmu/test/section_00_target_test_anomaly_0031_noAttribute.wav,sliderEmu,section_00,target,anomaly,-0.002657135482877493,fp_naa_c2_fault_preserving_seed42,server02_fp_naa_screening_20260817T165229Z
sliderEmu/test/section_00_target_test_anomaly_0032_noAttribute.wav,sliderEmu,section_00,target,anomaly,0.0021654320880770683,fp_naa_c2_fault_preserving_seed42,server02_fp_naa_screening_20260817T165229Z
sliderEmu/test/section_00_target_test_anomaly_0033_noAttribute.wav,sliderEmu,section_00,target,anomaly,0.0013690607156604528,fp_naa_c2_fault_preserving_seed42,server02_fp_naa_screening_20260817T165229Z
sliderEmu/test/section_00_target_test_anomaly_0034_noAttribute.wav,sliderEmu,section_00,target,anomaly,0.0016164151020348072,fp_naa_c2_fault_preserving_seed42,server02_fp_naa_screening_20260817T165229Z
sliderEmu/test/section_00_target_test_anomaly_0035_noAttribute.wav,sliderEmu,section_00,target,anomaly,0.002662091050297022,fp_naa_c2_fault_preserving_seed42,server02_fp_naa_screening_20260817T165229Z
sliderEmu/test/section_00_target_test_anomaly_0036_noAttribute.wav,sliderEmu,section_00,target,anomaly,0.0018420005217194557,fp_naa_c2_fault_preserving_seed42,server02_fp_naa_screening_20260817T165229Z
sliderEmu/test/section_00_target_test_anomaly_0037_noAttribute.wav,sliderEmu,section_00,target,anomaly,0.0003331670304760337,fp_naa_c2_fault_preserving_seed42,server02_fp_naa_screening_20260817T165229Z
sliderEmu/test/section_00_target_test_anomaly_0038_noAttribute.wav,sliderEmu,section_00,target,anomaly,0.000971403787843883,fp_naa_c2_fault_preserving_seed42,server02_fp_naa_screening_20260817T165229Z
sliderEmu/test/section_00_target_test_anomaly_0039_noAttribute.wav,sliderEmu,section_00,target,anomaly,0.002728845691308379,fp_naa_c2_fault_preserving_seed42,server02_fp_naa_screening_20260817T165229Z
sliderEmu/test/section_00_target_test_anomaly_0040_noAttribute.wav,sliderEmu,section_00,target,anomaly,0.005962635390460491,fp_naa_c2_fault_preserving_seed42,server02_fp_naa_screening_20260817T165229Z
sliderEmu/test/section_00_target_test_anomaly_0041_noAttribute.wav,sliderEmu,section_00,target,anomaly,0.0014454593183472753,fp_naa_c2_fault_preserving_seed42,server02_fp_naa_screening_20260817T165229Z
sliderEmu/test/section_00_target_test_anomaly_0042_noAttribute.wav,sliderEmu,section_00,target,anomaly,0.004535714164376259,fp_naa_c2_fault_preserving_seed42,server02_fp_naa_screening_20260817T165229Z
sliderEmu/test/section_00_target_test_anomaly_0043_noAttribute.wav,sliderEmu,section_00,target,anomaly,0.001631052466109395,fp_naa_c2_fault_preserving_seed42,server02_fp_naa_screening_20260817T165229Z
sliderEmu/test/section_00_target_test_anomaly_0044_noAttribute.wav,sliderEmu,section_00,target,anomaly,0.0022265780717134476,fp_naa_c2_fault_preserving_seed42,server02_fp_naa_screening_20260817T165229Z
sliderEmu/test/section_00_target_test_anomaly_0045_noAttribute.wav,sliderEmu,section_00,target,anomaly,-0.0007809812668710947,fp_naa_c2_fault_preserving_seed42,server02_fp_naa_screening_20260817T165229Z
sliderEmu/test/section_00_target_test_anomaly_0046_noAttribute.wav,sliderEmu,section_00,target,anomaly,0.0017956156516447663,fp_naa_c2_fault_preserving_seed42,server02_fp_naa_screening_20260817T165229Z
sliderEmu/test/section_00_target_test_anomaly_0047_noAttribute.wav,sliderEmu,section_00,target,anomaly,0.0012685467954725027,fp_naa_c2_fault_preserving_seed42,server02_fp_naa_screening_20260817T165229Z
sliderEmu/test/section_00_target_test_anomaly_0048_noAttribute.wav,sliderEmu,section_00,target,anomaly,0.006006945390254259,fp_naa_c2_fault_preserving_seed42,server02_fp_naa_screening_20260817T165229Z
sliderEmu/test/section_00_target_test_anomaly_0049_noAttribute.wav,sliderEmu,section_00,target,anomaly,0.010416699573397636,fp_naa_c2_fault_preserving_seed42,server02_fp_naa_screening_20260817T165229Z
sliderEmu/test/section_00_target_test_normal_0000_noAttribute.wav,sliderEmu,section_00,target,normal,0.0023414460010826588,fp_naa_c2_fault_preserving_seed42,server02_fp_naa_screening_20260817T165229Z
sliderEmu/test/section_00_target_test_normal_0001_noAttribute.wav,sliderEmu,section_00,target,normal,0.002296631457284093,fp_naa_c2_fault_preserving_seed42,server02_fp_naa_screening_20260817T165229Z
sliderEmu/test/section_00_target_test_normal_0002_noAttribute.wav,sliderEmu,section_00,target,normal,0.00037745130248367786,fp_naa_c2_fault_preserving_seed42,server02_fp_naa_screening_20260817T165229Z
sliderEmu/test/section_00_target_test_normal_0003_noAttribute.wav,sliderEmu,section_00,target,normal,0.0012970874086022377,fp_naa_c2_fault_preserving_seed42,server02_fp_naa_screening_20260817T165229Z
sliderEmu/test/section_00_target_test_normal_0004_noAttribute.wav,sliderEmu,section_00,target,normal,-0.006608104798942804,fp_naa_c2_fault_preserving_seed42,server02_fp_naa_screening_20260817T165229Z
sliderEmu/test/section_00_target_test_normal_0005_noAttribute.wav,sliderEmu,section_00,target,normal,0.00151474354788661,fp_naa_c2_fault_preserving_seed42,server02_fp_naa_screening_20260817T165229Z
sliderEmu/test/section_00_target_test_normal_0006_noAttribute.wav,sliderEmu,section_00,target,normal,0.000987545121461153,fp_naa_c2_fault_preserving_seed42,server02_fp_naa_screening_20260817T165229Z
sliderEmu/test/section_00_target_test_normal_0007_noAttribute.wav,sliderEmu,section_00,target,normal,0.000981309451162815,fp_naa_c2_fault_preserving_seed42,server02_fp_naa_screening_20260817T165229Z
sliderEmu/test/section_00_target_test_normal_0008_noAttribute.wav,sliderEmu,section_00,target,normal,-0.0014538643881678581,fp_naa_c2_fault_preserving_seed42,server02_fp_naa_screening_20260817T165229Z
sliderEmu/test/section_00_target_test_normal_0009_noAttribute.wav,sliderEmu,section_00,target,normal,0.0008855225751176476,fp_naa_c2_fault_preserving_seed42,server02_fp_naa_screening_20260817T165229Z
sliderEmu/test/section_00_target_test_normal_0010_noAttribute.wav,sliderEmu,section_00,target,normal,0.0011308558750897646,fp_naa_c2_fault_preserving_seed42,server02_fp_naa_screening_20260817T165229Z
sliderEmu/test/section_00_target_test_normal_0011_noAttribute.wav,sliderEmu,section_00,target,normal,-0.00036148965591564775,fp_naa_c2_fault_preserving_seed42,server02_fp_naa_screening_20260817T165229Z
sliderEmu/test/section_00_target_test_normal_0012_noAttribute.wav,sliderEmu,section_00,target,normal,0.0002533702936489135,fp_naa_c2_fault_preserving_seed42,server02_fp_naa_screening_20260817T165229Z
sliderEmu/test/section_00_target_test_normal_0013_noAttribute.wav,sliderEmu,section_00,target,normal,0.001436790102161467,fp_naa_c2_fault_preserving_seed42,server02_fp_naa_screening_20260817T165229Z
sliderEmu/test/section_00_target_test_normal_0014_noAttribute.wav,sliderEmu,section_00,target,normal,-0.005613168701529503,fp_naa_c2_fault_preserving_seed42,server02_fp_naa_screening_20260817T165229Z
sliderEmu/test/section_00_target_test_normal_0015_noAttribute.wav,sliderEmu,section_00,target,normal,0.0005771564901806414,fp_naa_c2_fault_preserving_seed42,server02_fp_naa_screening_20260817T165229Z
sliderEmu/test/section_00_target_test_normal_0016_noAttribute.wav,sliderEmu,section_00,target,normal,0.0019404280465096235,fp_naa_c2_fault_preserving_seed42,server02_fp_naa_screening_20260817T165229Z
sliderEmu/test/section_00_target_test_normal_0017_noAttribute.wav,sliderEmu,section_00,target,normal,0.00029462954262271523,fp_naa_c2_fault_preserving_seed42,server02_fp_naa_screening_20260817T165229Z
sliderEmu/test/section_00_target_test_normal_0018_noAttribute.wav,sliderEmu,section_00,target,normal,0.0014543908182531595,fp_naa_c2_fault_preserving_seed42,server02_fp_naa_screening_20260817T165229Z
sliderEmu/test/section_00_target_test_normal_0019_noAttribute.wav,sliderEmu,section_00,target,normal,-0.0038681875448673964,fp_naa_c2_fault_preserving_seed42,server02_fp_naa_screening_20260817T165229Z
sliderEmu/test/section_00_target_test_normal_0020_noAttribute.wav,sliderEmu,section_00,target,normal,0.001168842543847859,fp_naa_c2_fault_preserving_seed42,server02_fp_naa_screening_20260817T165229Z
sliderEmu/test/section_00_target_test_normal_0021_noAttribute.wav,sliderEmu,section_00,target,normal,0.00423936452716589,fp_naa_c2_fault_preserving_seed42,server02_fp_naa_screening_20260817T165229Z
sliderEmu/test/section_00_target_test_normal_0022_noAttribute.wav,sliderEmu,section_00,target,normal,0.0015068756183609366,fp_naa_c2_fault_preserving_seed42,server02_fp_naa_screening_20260817T165229Z
sliderEmu/test/section_00_target_test_normal_0023_noAttribute.wav,sliderEmu,section_00,target,normal,0.0017551115015521646,fp_naa_c2_fault_preserving_seed42,server02_fp_naa_screening_20260817T165229Z
sliderEmu/test/section_00_target_test_normal_0024_noAttribute.wav,sliderEmu,section_00,target,normal,0.0008862287504598498,fp_naa_c2_fault_preserving_seed42,server02_fp_naa_screening_20260817T165229Z
sliderEmu/test/section_00_target_test_normal_0025_noAttribute.wav,sliderEmu,section_00,target,normal,-0.0036081336438655853,fp_naa_c2_fault_preserving_seed42,server02_fp_naa_screening_20260817T165229Z
sliderEmu/test/section_00_target_test_normal_0026_noAttribute.wav,sliderEmu,section_00,target,normal,-0.00021040253341197968,fp_naa_c2_fault_preserving_seed42,server02_fp_naa_screening_20260817T165229Z
sliderEmu/test/section_00_target_test_normal_0027_noAttribute.wav,sliderEmu,section_00,target,normal,0.00314556946977973,fp_naa_c2_fault_preserving_seed42,server02_fp_naa_screening_20260817T165229Z
sliderEmu/test/section_00_target_test_normal_0028_noAttribute.wav,sliderEmu,section_00,target,normal,0.0005739516345784068,fp_naa_c2_fault_preserving_seed42,server02_fp_naa_screening_20260817T165229Z
sliderEmu/test/section_00_target_test_normal_0029_noAttribute.wav,sliderEmu,section_00,target,normal,0.002334829419851303,fp_naa_c2_fault_preserving_seed42,server02_fp_naa_screening_20260817T165229Z
sliderEmu/test/section_00_target_test_normal_0030_noAttribute.wav,sliderEmu,section_00,target,normal,0.0026073534972965717,fp_naa_c2_fault_preserving_seed42,server02_fp_naa_screening_20260817T165229Z
sliderEmu/test/section_00_target_test_normal_0031_noAttribute.wav,sliderEmu,section_00,target,normal,-0.003237741533666849,fp_naa_c2_fault_preserving_seed42,server02_fp_naa_screening_20260817T165229Z
sliderEmu/test/section_00_target_test_normal_0032_noAttribute.wav,sliderEmu,section_00,target,normal,0.0038841806817799807,fp_naa_c2_fault_preserving_seed42,server02_fp_naa_screening_20260817T165229Z
sliderEmu/test/section_00_target_test_normal_0033_noAttribute.wav,sliderEmu,section_00,target,normal,0.0004387316294014454,fp_naa_c2_fault_preserving_seed42,server02_fp_naa_screening_20260817T165229Z
sliderEmu/test/section_00_target_test_normal_0034_noAttribute.wav,sliderEmu,section_00,target,normal,-0.0012587463716045022,fp_naa_c2_fault_preserving_seed42,server02_fp_naa_screening_20260817T165229Z
sliderEmu/test/section_00_target_test_normal_0035_noAttribute.wav,sliderEmu,section_00,target,normal,0.00153397920075804,fp_naa_c2_fault_preserving_seed42,server02_fp_naa_screening_20260817T165229Z
sliderEmu/test/section_00_target_test_normal_0036_noAttribute.wav,sliderEmu,section_00,target,normal,0.0021166361402720213,fp_naa_c2_fault_preserving_seed42,server02_fp_naa_screening_20260817T165229Z
sliderEmu/test/section_00_target_test_normal_0037_noAttribute.wav,sliderEmu,section_00,target,normal,0.0025406177155673504,fp_naa_c2_fault_preserving_seed42,server02_fp_naa_screening_20260817T165229Z
sliderEmu/test/section_00_target_test_normal_0038_noAttribute.wav,sliderEmu,section_00,target,normal,0.0023242461029440165,fp_naa_c2_fault_preserving_seed42,server02_fp_naa_screening_20260817T165229Z
sliderEmu/test/section_00_target_test_normal_0039_noAttribute.wav,sliderEmu,section_00,target,normal,-0.0007522745872847736,fp_naa_c2_fault_preserving_seed42,server02_fp_naa_screening_20260817T165229Z
sliderEmu/test/section_00_target_test_normal_0040_noAttribute.wav,sliderEmu,section_00,target,normal,0.0021196561865508556,fp_naa_c2_fault_preserving_seed42,server02_fp_naa_screening_20260817T165229Z
sliderEmu/test/section_00_target_test_normal_0041_noAttribute.wav,sliderEmu,section_00,target,normal,0.002286772010847926,fp_naa_c2_fault_preserving_seed42,server02_fp_naa_screening_20260817T165229Z
sliderEmu/test/section_00_target_test_normal_0042_noAttribute.wav,sliderEmu,section_00,target,normal,-0.0020938762463629246,fp_naa_c2_fault_preserving_seed42,server02_fp_naa_screening_20260817T165229Z
sliderEmu/test/section_00_target_test_normal_0043_noAttribute.wav,sliderEmu,section_00,target,normal,0.0002463311539031565,fp_naa_c2_fault_preserving_seed42,server02_fp_naa_screening_20260817T165229Z
sliderEmu/test/section_00_target_test_normal_0044_noAttribute.wav,sliderEmu,section_00,target,normal,0.004179897718131542,fp_naa_c2_fault_preserving_seed42,server02_fp_naa_screening_20260817T165229Z
sliderEmu/test/section_00_target_test_normal_0045_noAttribute.wav,sliderEmu,section_00,target,normal,0.007303673308342695,fp_naa_c2_fault_preserving_seed42,server02_fp_naa_screening_20260817T165229Z
sliderEmu/test/section_00_target_test_normal_0046_noAttribute.wav,sliderEmu,section_00,target,normal,0.005138968117535114,fp_naa_c2_fault_preserving_seed42,server02_fp_naa_screening_20260817T165229Z
sliderEmu/test/section_00_target_test_normal_0047_noAttribute.wav,sliderEmu,section_00,target,normal,0.0014563854783773422,fp_naa_c2_fault_preserving_seed42,server02_fp_naa_screening_20260817T165229Z
sliderEmu/test/section_00_target_test_normal_0048_noAttribute.wav,sliderEmu,section_00,target,normal,-1.9876868464052677e-05,fp_naa_c2_fault_preserving_seed42,server02_fp_naa_screening_20260817T165229Z
sliderEmu/test/section_00_target_test_normal_0049_noAttribute.wav,sliderEmu,section_00,target,normal,0.0016429198440164328,fp_naa_c2_fault_preserving_seed42,server02_fp_naa_screening_20260817T165229Z
valveEmu/test/section_00_source_test_anomaly_0000_noAttribute.wav,valveEmu,section_00,source,anomaly,0.002074736636132002,fp_naa_c2_fault_preserving_seed42,server02_fp_naa_screening_20260817T165229Z
valveEmu/test/section_00_source_test_anomaly_0001_noAttribute.wav,valveEmu,section_00,source,anomaly,0.0008527867030352354,fp_naa_c2_fault_preserving_seed42,server02_fp_naa_screening_20260817T165229Z
valveEmu/test/section_00_source_test_anomaly_0002_noAttribute.wav,valveEmu,section_00,source,anomaly,0.0014058040687814355,fp_naa_c2_fault_preserving_seed42,server02_fp_naa_screening_20260817T165229Z
valveEmu/test/section_00_source_test_anomaly_0003_noAttribute.wav,valveEmu,section_00,source,anomaly,0.002321277977898717,fp_naa_c2_fault_preserving_seed42,server02_fp_naa_screening_20260817T165229Z
valveEmu/test/section_00_source_test_anomaly_0004_noAttribute.wav,valveEmu,section_00,source,anomaly,0.002212575636804104,fp_naa_c2_fault_preserving_seed42,server02_fp_naa_screening_20260817T165229Z
valveEmu/test/section_00_source_test_anomaly_0005_noAttribute.wav,valveEmu,section_00,source,anomaly,0.0010025292867794633,fp_naa_c2_fault_preserving_seed42,server02_fp_naa_screening_20260817T165229Z
valveEmu/test/section_00_source_test_anomaly_0006_noAttribute.wav,valveEmu,section_00,source,anomaly,0.0018796536605805159,fp_naa_c2_fault_preserving_seed42,server02_fp_naa_screening_20260817T165229Z
valveEmu/test/section_00_source_test_anomaly_0007_noAttribute.wav,valveEmu,section_00,source,anomaly,0.0016953562153503299,fp_naa_c2_fault_preserving_seed42,server02_fp_naa_screening_20260817T165229Z
valveEmu/test/section_00_source_test_anomaly_0008_noAttribute.wav,valveEmu,section_00,source,anomaly,0.0012732073664665222,fp_naa_c2_fault_preserving_seed42,server02_fp_naa_screening_20260817T165229Z
valveEmu/test/section_00_source_test_anomaly_0009_noAttribute.wav,valveEmu,section_00,source,anomaly,0.0019107665866613388,fp_naa_c2_fault_preserving_seed42,server02_fp_naa_screening_20260817T165229Z
valveEmu/test/section_00_source_test_anomaly_0010_noAttribute.wav,valveEmu,section_00,source,anomaly,0.0016825506463646889,fp_naa_c2_fault_preserving_seed42,server02_fp_naa_screening_20260817T165229Z
valveEmu/test/section_00_source_test_anomaly_0011_noAttribute.wav,valveEmu,section_00,source,anomaly,0.0013543447712436318,fp_naa_c2_fault_preserving_seed42,server02_fp_naa_screening_20260817T165229Z
valveEmu/test/section_00_source_test_anomaly_0012_noAttribute.wav,valveEmu,section_00,source,anomaly,0.0016923786606639624,fp_naa_c2_fault_preserving_seed42,server02_fp_naa_screening_20260817T165229Z
valveEmu/test/section_00_source_test_anomaly_0013_noAttribute.wav,valveEmu,section_00,source,anomaly,0.001234571565873921,fp_naa_c2_fault_preserving_seed42,server02_fp_naa_screening_20260817T165229Z
valveEmu/test/section_00_source_test_anomaly_0014_noAttribute.wav,valveEmu,section_00,source,anomaly,0.001700223539955914,fp_naa_c2_fault_preserving_seed42,server02_fp_naa_screening_20260817T165229Z
valveEmu/test/section_00_source_test_anomaly_0015_noAttribute.wav,valveEmu,section_00,source,anomaly,0.002285073045641184,fp_naa_c2_fault_preserving_seed42,server02_fp_naa_screening_20260817T165229Z
valveEmu/test/section_00_source_test_anomaly_0016_noAttribute.wav,valveEmu,section_00,source,anomaly,0.00222218781709671,fp_naa_c2_fault_preserving_seed42,server02_fp_naa_screening_20260817T165229Z
valveEmu/test/section_00_source_test_anomaly_0017_noAttribute.wav,valveEmu,section_00,source,anomaly,0.0012049009092152119,fp_naa_c2_fault_preserving_seed42,server02_fp_naa_screening_20260817T165229Z
valveEmu/test/section_00_source_test_anomaly_0018_noAttribute.wav,valveEmu,section_00,source,anomaly,0.0014675792772322893,fp_naa_c2_fault_preserving_seed42,server02_fp_naa_screening_20260817T165229Z
valveEmu/test/section_00_source_test_anomaly_0019_noAttribute.wav,valveEmu,section_00,source,anomaly,0.0011595108080655336,fp_naa_c2_fault_preserving_seed42,server02_fp_naa_screening_20260817T165229Z
valveEmu/test/section_00_source_test_anomaly_0020_noAttribute.wav,valveEmu,section_00,source,anomaly,0.0016721829306334257,fp_naa_c2_fault_preserving_seed42,server02_fp_naa_screening_20260817T165229Z
valveEmu/test/section_00_source_test_anomaly_0021_noAttribute.wav,valveEmu,section_00,source,anomaly,0.00177392503246665,fp_naa_c2_fault_preserving_seed42,server02_fp_naa_screening_20260817T165229Z
valveEmu/test/section_00_source_test_anomaly_0022_noAttribute.wav,valveEmu,section_00,source,anomaly,0.0012438218109309673,fp_naa_c2_fault_preserving_seed42,server02_fp_naa_screening_20260817T165229Z
valveEmu/test/section_00_source_test_anomaly_0023_noAttribute.wav,valveEmu,section_00,source,anomaly,0.0017115091904997826,fp_naa_c2_fault_preserving_seed42,server02_fp_naa_screening_20260817T165229Z
valveEmu/test/section_00_source_test_anomaly_0024_noAttribute.wav,valveEmu,section_00,source,anomaly,0.001052511390298605,fp_naa_c2_fault_preserving_seed42,server02_fp_naa_screening_20260817T165229Z
valveEmu/test/section_00_source_test_anomaly_0025_noAttribute.wav,valveEmu,section_00,source,anomaly,0.0017568736802786589,fp_naa_c2_fault_preserving_seed42,server02_fp_naa_screening_20260817T165229Z
valveEmu/test/section_00_source_test_anomaly_0026_noAttribute.wav,valveEmu,section_00,source,anomaly,0.0011491873301565647,fp_naa_c2_fault_preserving_seed42,server02_fp_naa_screening_20260817T165229Z
valveEmu/test/section_00_source_test_anomaly_0027_noAttribute.wav,valveEmu,section_00,source,anomaly,0.0015023001469671726,fp_naa_c2_fault_preserving_seed42,server02_fp_naa_screening_20260817T165229Z
valveEmu/test/section_00_source_test_anomaly_0028_noAttribute.wav,valveEmu,section_00,source,anomaly,0.0023147540632635355,fp_naa_c2_fault_preserving_seed42,server02_fp_naa_screening_20260817T165229Z
valveEmu/test/section_00_source_test_anomaly_0029_noAttribute.wav,valveEmu,section_00,source,anomaly,0.0019204426789656281,fp_naa_c2_fault_preserving_seed42,server02_fp_naa_screening_20260817T165229Z
valveEmu/test/section_00_source_test_anomaly_0030_noAttribute.wav,valveEmu,section_00,source,anomaly,0.0011994707165285945,fp_naa_c2_fault_preserving_seed42,server02_fp_naa_screening_20260817T165229Z
valveEmu/test/section_00_source_test_anomaly_0031_noAttribute.wav,valveEmu,section_00,source,anomaly,0.0009508658549748361,fp_naa_c2_fault_preserving_seed42,server02_fp_naa_screening_20260817T165229Z
valveEmu/test/section_00_source_test_anomaly_0032_noAttribute.wav,valveEmu,section_00,source,anomaly,0.001983647234737873,fp_naa_c2_fault_preserving_seed42,server02_fp_naa_screening_20260817T165229Z
valveEmu/test/section_00_source_test_anomaly_0033_noAttribute.wav,valveEmu,section_00,source,anomaly,0.0004972917959094048,fp_naa_c2_fault_preserving_seed42,server02_fp_naa_screening_20260817T165229Z
valveEmu/test/section_00_source_test_anomaly_0034_noAttribute.wav,valveEmu,section_00,source,anomaly,0.0014729753602296114,fp_naa_c2_fault_preserving_seed42,server02_fp_naa_screening_20260817T165229Z
valveEmu/test/section_00_source_test_anomaly_0035_noAttribute.wav,valveEmu,section_00,source,anomaly,0.0011390945874154568,fp_naa_c2_fault_preserving_seed42,server02_fp_naa_screening_20260817T165229Z
valveEmu/test/section_00_source_test_anomaly_0036_noAttribute.wav,valveEmu,section_00,source,anomaly,0.0015302759129554033,fp_naa_c2_fault_preserving_seed42,server02_fp_naa_screening_20260817T165229Z
valveEmu/test/section_00_source_test_anomaly_0037_noAttribute.wav,valveEmu,section_00,source,anomaly,0.0010606246069073677,fp_naa_c2_fault_preserving_seed42,server02_fp_naa_screening_20260817T165229Z
valveEmu/test/section_00_source_test_anomaly_0038_noAttribute.wav,valveEmu,section_00,source,anomaly,0.0006480265292339027,fp_naa_c2_fault_preserving_seed42,server02_fp_naa_screening_20260817T165229Z
valveEmu/test/section_00_source_test_anomaly_0039_noAttribute.wav,valveEmu,section_00,source,anomaly,0.0035050984006375074,fp_naa_c2_fault_preserving_seed42,server02_fp_naa_screening_20260817T165229Z
valveEmu/test/section_00_source_test_anomaly_0040_noAttribute.wav,valveEmu,section_00,source,anomaly,0.000985986553132534,fp_naa_c2_fault_preserving_seed42,server02_fp_naa_screening_20260817T165229Z
valveEmu/test/section_00_source_test_anomaly_0041_noAttribute.wav,valveEmu,section_00,source,anomaly,0.001564600272104144,fp_naa_c2_fault_preserving_seed42,server02_fp_naa_screening_20260817T165229Z
valveEmu/test/section_00_source_test_anomaly_0042_noAttribute.wav,valveEmu,section_00,source,anomaly,0.002269104355946183,fp_naa_c2_fault_preserving_seed42,server02_fp_naa_screening_20260817T165229Z
valveEmu/test/section_00_source_test_anomaly_0043_noAttribute.wav,valveEmu,section_00,source,anomaly,0.0009635684546083212,fp_naa_c2_fault_preserving_seed42,server02_fp_naa_screening_20260817T165229Z
valveEmu/test/section_00_source_test_anomaly_0044_noAttribute.wav,valveEmu,section_00,source,anomaly,0.0014935496728867292,fp_naa_c2_fault_preserving_seed42,server02_fp_naa_screening_20260817T165229Z
valveEmu/test/section_00_source_test_anomaly_0045_noAttribute.wav,valveEmu,section_00,source,anomaly,0.0015408785548061132,fp_naa_c2_fault_preserving_seed42,server02_fp_naa_screening_20260817T165229Z
valveEmu/test/section_00_source_test_anomaly_0046_noAttribute.wav,valveEmu,section_00,source,anomaly,0.0009028000640682876,fp_naa_c2_fault_preserving_seed42,server02_fp_naa_screening_20260817T165229Z
valveEmu/test/section_00_source_test_anomaly_0047_noAttribute.wav,valveEmu,section_00,source,anomaly,0.0018697988707572222,fp_naa_c2_fault_preserving_seed42,server02_fp_naa_screening_20260817T165229Z
valveEmu/test/section_00_source_test_anomaly_0048_noAttribute.wav,valveEmu,section_00,source,anomaly,0.0019321456784382463,fp_naa_c2_fault_preserving_seed42,server02_fp_naa_screening_20260817T165229Z
valveEmu/test/section_00_source_test_anomaly_0049_noAttribute.wav,valveEmu,section_00,source,anomaly,0.002802439033985138,fp_naa_c2_fault_preserving_seed42,server02_fp_naa_screening_20260817T165229Z
valveEmu/test/section_00_source_test_normal_0000_noAttribute.wav,valveEmu,section_00,source,normal,0.00034327449975535274,fp_naa_c2_fault_preserving_seed42,server02_fp_naa_screening_20260817T165229Z
valveEmu/test/section_00_source_test_normal_0001_noAttribute.wav,valveEmu,section_00,source,normal,0.00039260881021618843,fp_naa_c2_fault_preserving_seed42,server02_fp_naa_screening_20260817T165229Z
valveEmu/test/section_00_source_test_normal_0002_noAttribute.wav,valveEmu,section_00,source,normal,0.0005964079755358398,fp_naa_c2_fault_preserving_seed42,server02_fp_naa_screening_20260817T165229Z
valveEmu/test/section_00_source_test_normal_0003_noAttribute.wav,valveEmu,section_00,source,normal,0.0005902557750232518,fp_naa_c2_fault_preserving_seed42,server02_fp_naa_screening_20260817T165229Z
valveEmu/test/section_00_source_test_normal_0004_noAttribute.wav,valveEmu,section_00,source,normal,0.0006275121122598648,fp_naa_c2_fault_preserving_seed42,server02_fp_naa_screening_20260817T165229Z
valveEmu/test/section_00_source_test_normal_0005_noAttribute.wav,valveEmu,section_00,source,normal,-0.0009161775233224034,fp_naa_c2_fault_preserving_seed42,server02_fp_naa_screening_20260817T165229Z
valveEmu/test/section_00_source_test_normal_0006_noAttribute.wav,valveEmu,section_00,source,normal,0.0004707653424702585,fp_naa_c2_fault_preserving_seed42,server02_fp_naa_screening_20260817T165229Z
valveEmu/test/section_00_source_test_normal_0007_noAttribute.wav,valveEmu,section_00,source,normal,0.0006493199616670609,fp_naa_c2_fault_preserving_seed42,server02_fp_naa_screening_20260817T165229Z
valveEmu/test/section_00_source_test_normal_0008_noAttribute.wav,valveEmu,section_00,source,normal,7.436567102558911e-05,fp_naa_c2_fault_preserving_seed42,server02_fp_naa_screening_20260817T165229Z
valveEmu/test/section_00_source_test_normal_0009_noAttribute.wav,valveEmu,section_00,source,normal,0.00038666685577481985,fp_naa_c2_fault_preserving_seed42,server02_fp_naa_screening_20260817T165229Z
valveEmu/test/section_00_source_test_normal_0010_noAttribute.wav,valveEmu,section_00,source,normal,0.000431112595833838,fp_naa_c2_fault_preserving_seed42,server02_fp_naa_screening_20260817T165229Z
valveEmu/test/section_00_source_test_normal_0011_noAttribute.wav,valveEmu,section_00,source,normal,0.0001929197460412979,fp_naa_c2_fault_preserving_seed42,server02_fp_naa_screening_20260817T165229Z
valveEmu/test/section_00_source_test_normal_0012_noAttribute.wav,valveEmu,section_00,source,normal,8.30689532449469e-05,fp_naa_c2_fault_preserving_seed42,server02_fp_naa_screening_20260817T165229Z
valveEmu/test/section_00_source_test_normal_0013_noAttribute.wav,valveEmu,section_00,source,normal,0.0003287163272034377,fp_naa_c2_fault_preserving_seed42,server02_fp_naa_screening_20260817T165229Z
valveEmu/test/section_00_source_test_normal_0014_noAttribute.wav,valveEmu,section_00,source,normal,0.00015632521535735577,fp_naa_c2_fault_preserving_seed42,server02_fp_naa_screening_20260817T165229Z
valveEmu/test/section_00_source_test_normal_0015_noAttribute.wav,valveEmu,section_00,source,normal,0.0005497172242030501,fp_naa_c2_fault_preserving_seed42,server02_fp_naa_screening_20260817T165229Z
valveEmu/test/section_00_source_test_normal_0016_noAttribute.wav,valveEmu,section_00,source,normal,0.0004702793958131224,fp_naa_c2_fault_preserving_seed42,server02_fp_naa_screening_20260817T165229Z
valveEmu/test/section_00_source_test_normal_0017_noAttribute.wav,valveEmu,section_00,source,normal,3.359914990141988e-05,fp_naa_c2_fault_preserving_seed42,server02_fp_naa_screening_20260817T165229Z
valveEmu/test/section_00_source_test_normal_0018_noAttribute.wav,valveEmu,section_00,source,normal,0.0008030934259295464,fp_naa_c2_fault_preserving_seed42,server02_fp_naa_screening_20260817T165229Z
valveEmu/test/section_00_source_test_normal_0019_noAttribute.wav,valveEmu,section_00,source,normal,0.0014991716016083956,fp_naa_c2_fault_preserving_seed42,server02_fp_naa_screening_20260817T165229Z
valveEmu/test/section_00_source_test_normal_0020_noAttribute.wav,valveEmu,section_00,source,normal,0.00038355571450665593,fp_naa_c2_fault_preserving_seed42,server02_fp_naa_screening_20260817T165229Z
valveEmu/test/section_00_source_test_normal_0021_noAttribute.wav,valveEmu,section_00,source,normal,0.0009270390728488564,fp_naa_c2_fault_preserving_seed42,server02_fp_naa_screening_20260817T165229Z
valveEmu/test/section_00_source_test_normal_0022_noAttribute.wav,valveEmu,section_00,source,normal,0.0009055871050804853,fp_naa_c2_fault_preserving_seed42,server02_fp_naa_screening_20260817T165229Z
valveEmu/test/section_00_source_test_normal_0023_noAttribute.wav,valveEmu,section_00,source,normal,0.00044239466660656035,fp_naa_c2_fault_preserving_seed42,server02_fp_naa_screening_20260817T165229Z
valveEmu/test/section_00_source_test_normal_0024_noAttribute.wav,valveEmu,section_00,source,normal,0.0006968560628592968,fp_naa_c2_fault_preserving_seed42,server02_fp_naa_screening_20260817T165229Z
valveEmu/test/section_00_source_test_normal_0025_noAttribute.wav,valveEmu,section_00,source,normal,0.0005108697805553675,fp_naa_c2_fault_preserving_seed42,server02_fp_naa_screening_20260817T165229Z
valveEmu/test/section_00_source_test_normal_0026_noAttribute.wav,valveEmu,section_00,source,normal,0.00021377718076109886,fp_naa_c2_fault_preserving_seed42,server02_fp_naa_screening_20260817T165229Z
valveEmu/test/section_00_source_test_normal_0027_noAttribute.wav,valveEmu,section_00,source,normal,0.0007882252102717757,fp_naa_c2_fault_preserving_seed42,server02_fp_naa_screening_20260817T165229Z
valveEmu/test/section_00_source_test_normal_0028_noAttribute.wav,valveEmu,section_00,source,normal,6.863422458991408e-05,fp_naa_c2_fault_preserving_seed42,server02_fp_naa_screening_20260817T165229Z
valveEmu/test/section_00_source_test_normal_0029_noAttribute.wav,valveEmu,section_00,source,normal,0.00037289774627424777,fp_naa_c2_fault_preserving_seed42,server02_fp_naa_screening_20260817T165229Z
valveEmu/test/section_00_source_test_normal_0030_noAttribute.wav,valveEmu,section_00,source,normal,0.0006043720641173422,fp_naa_c2_fault_preserving_seed42,server02_fp_naa_screening_20260817T165229Z
valveEmu/test/section_00_source_test_normal_0031_noAttribute.wav,valveEmu,section_00,source,normal,0.0005709432298317552,fp_naa_c2_fault_preserving_seed42,server02_fp_naa_screening_20260817T165229Z
valveEmu/test/section_00_source_test_normal_0032_noAttribute.wav,valveEmu,section_00,source,normal,0.000282338383840397,fp_naa_c2_fault_preserving_seed42,server02_fp_naa_screening_20260817T165229Z
valveEmu/test/section_00_source_test_normal_0033_noAttribute.wav,valveEmu,section_00,source,normal,0.00040060002356767654,fp_naa_c2_fault_preserving_seed42,server02_fp_naa_screening_20260817T165229Z
valveEmu/test/section_00_source_test_normal_0034_noAttribute.wav,valveEmu,section_00,source,normal,-0.00041304921614937484,fp_naa_c2_fault_preserving_seed42,server02_fp_naa_screening_20260817T165229Z
valveEmu/test/section_00_source_test_normal_0035_noAttribute.wav,valveEmu,section_00,source,normal,7.731759978923947e-05,fp_naa_c2_fault_preserving_seed42,server02_fp_naa_screening_20260817T165229Z
valveEmu/test/section_00_source_test_normal_0036_noAttribute.wav,valveEmu,section_00,source,normal,0.00030762539245188236,fp_naa_c2_fault_preserving_seed42,server02_fp_naa_screening_20260817T165229Z
valveEmu/test/section_00_source_test_normal_0037_noAttribute.wav,valveEmu,section_00,source,normal,0.00010196410585194826,fp_naa_c2_fault_preserving_seed42,server02_fp_naa_screening_20260817T165229Z
valveEmu/test/section_00_source_test_normal_0038_noAttribute.wav,valveEmu,section_00,source,normal,0.00040248181903734803,fp_naa_c2_fault_preserving_seed42,server02_fp_naa_screening_20260817T165229Z
valveEmu/test/section_00_source_test_normal_0039_noAttribute.wav,valveEmu,section_00,source,normal,0.0006658872007392347,fp_naa_c2_fault_preserving_seed42,server02_fp_naa_screening_20260817T165229Z
valveEmu/test/section_00_source_test_normal_0040_noAttribute.wav,valveEmu,section_00,source,normal,0.00012478379358071834,fp_naa_c2_fault_preserving_seed42,server02_fp_naa_screening_20260817T165229Z
valveEmu/test/section_00_source_test_normal_0041_noAttribute.wav,valveEmu,section_00,source,normal,0.0008926757145673037,fp_naa_c2_fault_preserving_seed42,server02_fp_naa_screening_20260817T165229Z
valveEmu/test/section_00_source_test_normal_0042_noAttribute.wav,valveEmu,section_00,source,normal,0.0005053915665484965,fp_naa_c2_fault_preserving_seed42,server02_fp_naa_screening_20260817T165229Z
valveEmu/test/section_00_source_test_normal_0043_noAttribute.wav,valveEmu,section_00,source,normal,0.0006133395945653319,fp_naa_c2_fault_preserving_seed42,server02_fp_naa_screening_20260817T165229Z
valveEmu/test/section_00_source_test_normal_0044_noAttribute.wav,valveEmu,section_00,source,normal,0.00023974366195034236,fp_naa_c2_fault_preserving_seed42,server02_fp_naa_screening_20260817T165229Z
valveEmu/test/section_00_source_test_normal_0045_noAttribute.wav,valveEmu,section_00,source,normal,0.0010345601476728916,fp_naa_c2_fault_preserving_seed42,server02_fp_naa_screening_20260817T165229Z
valveEmu/test/section_00_source_test_normal_0046_noAttribute.wav,valveEmu,section_00,source,normal,0.00031720928382128477,fp_naa_c2_fault_preserving_seed42,server02_fp_naa_screening_20260817T165229Z
valveEmu/test/section_00_source_test_normal_0047_noAttribute.wav,valveEmu,section_00,source,normal,0.0005184963811188936,fp_naa_c2_fault_preserving_seed42,server02_fp_naa_screening_20260817T165229Z
valveEmu/test/section_00_source_test_normal_0048_noAttribute.wav,valveEmu,section_00,source,normal,0.0008243542979471385,fp_naa_c2_fault_preserving_seed42,server02_fp_naa_screening_20260817T165229Z
valveEmu/test/section_00_source_test_normal_0049_noAttribute.wav,valveEmu,section_00,source,normal,0.0003921931784134358,fp_naa_c2_fault_preserving_seed42,server02_fp_naa_screening_20260817T165229Z
valveEmu/test/section_00_target_test_anomaly_0000_noAttribute.wav,valveEmu,section_00,target,anomaly,0.0004894042504020035,fp_naa_c2_fault_preserving_seed42,server02_fp_naa_screening_20260817T165229Z
valveEmu/test/section_00_target_test_anomaly_0001_noAttribute.wav,valveEmu,section_00,target,anomaly,0.0013988270657137036,fp_naa_c2_fault_preserving_seed42,server02_fp_naa_screening_20260817T165229Z
valveEmu/test/section_00_target_test_anomaly_0002_noAttribute.wav,valveEmu,section_00,target,anomaly,0.001411309465765953,fp_naa_c2_fault_preserving_seed42,server02_fp_naa_screening_20260817T165229Z
valveEmu/test/section_00_target_test_anomaly_0003_noAttribute.wav,valveEmu,section_00,target,anomaly,-6.746358121745288e-05,fp_naa_c2_fault_preserving_seed42,server02_fp_naa_screening_20260817T165229Z
valveEmu/test/section_00_target_test_anomaly_0004_noAttribute.wav,valveEmu,section_00,target,anomaly,0.00038986990693956614,fp_naa_c2_fault_preserving_seed42,server02_fp_naa_screening_20260817T165229Z
valveEmu/test/section_00_target_test_anomaly_0005_noAttribute.wav,valveEmu,section_00,target,anomaly,0.001633744454011321,fp_naa_c2_fault_preserving_seed42,server02_fp_naa_screening_20260817T165229Z
valveEmu/test/section_00_target_test_anomaly_0006_noAttribute.wav,valveEmu,section_00,target,anomaly,0.0005913524073548615,fp_naa_c2_fault_preserving_seed42,server02_fp_naa_screening_20260817T165229Z
valveEmu/test/section_00_target_test_anomaly_0007_noAttribute.wav,valveEmu,section_00,target,anomaly,0.0005326754180714488,fp_naa_c2_fault_preserving_seed42,server02_fp_naa_screening_20260817T165229Z
valveEmu/test/section_00_target_test_anomaly_0008_noAttribute.wav,valveEmu,section_00,target,anomaly,0.0011137800756841898,fp_naa_c2_fault_preserving_seed42,server02_fp_naa_screening_20260817T165229Z
valveEmu/test/section_00_target_test_anomaly_0009_noAttribute.wav,valveEmu,section_00,target,anomaly,0.0014643403701484203,fp_naa_c2_fault_preserving_seed42,server02_fp_naa_screening_20260817T165229Z
valveEmu/test/section_00_target_test_anomaly_0010_noAttribute.wav,valveEmu,section_00,target,anomaly,0.000708423787727952,fp_naa_c2_fault_preserving_seed42,server02_fp_naa_screening_20260817T165229Z
valveEmu/test/section_00_target_test_anomaly_0011_noAttribute.wav,valveEmu,section_00,target,anomaly,0.0008811223669908941,fp_naa_c2_fault_preserving_seed42,server02_fp_naa_screening_20260817T165229Z
valveEmu/test/section_00_target_test_anomaly_0012_noAttribute.wav,valveEmu,section_00,target,anomaly,0.0007134908810257912,fp_naa_c2_fault_preserving_seed42,server02_fp_naa_screening_20260817T165229Z
valveEmu/test/section_00_target_test_anomaly_0013_noAttribute.wav,valveEmu,section_00,target,anomaly,0.0015538358129560947,fp_naa_c2_fault_preserving_seed42,server02_fp_naa_screening_20260817T165229Z
valveEmu/test/section_00_target_test_anomaly_0014_noAttribute.wav,valveEmu,section_00,target,anomaly,0.0003558102180249989,fp_naa_c2_fault_preserving_seed42,server02_fp_naa_screening_20260817T165229Z
valveEmu/test/section_00_target_test_anomaly_0015_noAttribute.wav,valveEmu,section_00,target,anomaly,0.0012499068398028612,fp_naa_c2_fault_preserving_seed42,server02_fp_naa_screening_20260817T165229Z
valveEmu/test/section_00_target_test_anomaly_0016_noAttribute.wav,valveEmu,section_00,target,anomaly,0.0008008504519239068,fp_naa_c2_fault_preserving_seed42,server02_fp_naa_screening_20260817T165229Z
valveEmu/test/section_00_target_test_anomaly_0017_noAttribute.wav,valveEmu,section_00,target,anomaly,0.0007960011716932058,fp_naa_c2_fault_preserving_seed42,server02_fp_naa_screening_20260817T165229Z
valveEmu/test/section_00_target_test_anomaly_0018_noAttribute.wav,valveEmu,section_00,target,anomaly,0.00027736948686651886,fp_naa_c2_fault_preserving_seed42,server02_fp_naa_screening_20260817T165229Z
valveEmu/test/section_00_target_test_anomaly_0019_noAttribute.wav,valveEmu,section_00,target,anomaly,0.0006768708699382842,fp_naa_c2_fault_preserving_seed42,server02_fp_naa_screening_20260817T165229Z
valveEmu/test/section_00_target_test_anomaly_0020_noAttribute.wav,valveEmu,section_00,target,anomaly,0.00230534840375185,fp_naa_c2_fault_preserving_seed42,server02_fp_naa_screening_20260817T165229Z
valveEmu/test/section_00_target_test_anomaly_0021_noAttribute.wav,valveEmu,section_00,target,anomaly,0.0011520292609930038,fp_naa_c2_fault_preserving_seed42,server02_fp_naa_screening_20260817T165229Z
valveEmu/test/section_00_target_test_anomaly_0022_noAttribute.wav,valveEmu,section_00,target,anomaly,0.00048187904758378863,fp_naa_c2_fault_preserving_seed42,server02_fp_naa_screening_20260817T165229Z
valveEmu/test/section_00_target_test_anomaly_0023_noAttribute.wav,valveEmu,section_00,target,anomaly,0.0024444907903671265,fp_naa_c2_fault_preserving_seed42,server02_fp_naa_screening_20260817T165229Z
valveEmu/test/section_00_target_test_anomaly_0024_noAttribute.wav,valveEmu,section_00,target,anomaly,0.0011104315053671598,fp_naa_c2_fault_preserving_seed42,server02_fp_naa_screening_20260817T165229Z
valveEmu/test/section_00_target_test_anomaly_0025_noAttribute.wav,valveEmu,section_00,target,anomaly,0.0010743035236373544,fp_naa_c2_fault_preserving_seed42,server02_fp_naa_screening_20260817T165229Z
valveEmu/test/section_00_target_test_anomaly_0026_noAttribute.wav,valveEmu,section_00,target,anomaly,0.0006816176464781165,fp_naa_c2_fault_preserving_seed42,server02_fp_naa_screening_20260817T165229Z
valveEmu/test/section_00_target_test_anomaly_0027_noAttribute.wav,valveEmu,section_00,target,anomaly,0.0011821405496448278,fp_naa_c2_fault_preserving_seed42,server02_fp_naa_screening_20260817T165229Z
valveEmu/test/section_00_target_test_anomaly_0028_noAttribute.wav,valveEmu,section_00,target,anomaly,0.0008611090015619993,fp_naa_c2_fault_preserving_seed42,server02_fp_naa_screening_20260817T165229Z
valveEmu/test/section_00_target_test_anomaly_0029_noAttribute.wav,valveEmu,section_00,target,anomaly,0.0009643408702686429,fp_naa_c2_fault_preserving_seed42,server02_fp_naa_screening_20260817T165229Z
valveEmu/test/section_00_target_test_anomaly_0030_noAttribute.wav,valveEmu,section_00,target,anomaly,0.0002965305757243186,fp_naa_c2_fault_preserving_seed42,server02_fp_naa_screening_20260817T165229Z
valveEmu/test/section_00_target_test_anomaly_0031_noAttribute.wav,valveEmu,section_00,target,anomaly,9.408677578903735e-05,fp_naa_c2_fault_preserving_seed42,server02_fp_naa_screening_20260817T165229Z
valveEmu/test/section_00_target_test_anomaly_0032_noAttribute.wav,valveEmu,section_00,target,anomaly,0.0008443179540336132,fp_naa_c2_fault_preserving_seed42,server02_fp_naa_screening_20260817T165229Z
valveEmu/test/section_00_target_test_anomaly_0033_noAttribute.wav,valveEmu,section_00,target,anomaly,0.0005714055150747299,fp_naa_c2_fault_preserving_seed42,server02_fp_naa_screening_20260817T165229Z
valveEmu/test/section_00_target_test_anomaly_0034_noAttribute.wav,valveEmu,section_00,target,anomaly,0.00025293303770013154,fp_naa_c2_fault_preserving_seed42,server02_fp_naa_screening_20260817T165229Z
valveEmu/test/section_00_target_test_anomaly_0035_noAttribute.wav,valveEmu,section_00,target,anomaly,0.0009687014971859753,fp_naa_c2_fault_preserving_seed42,server02_fp_naa_screening_20260817T165229Z
valveEmu/test/section_00_target_test_anomaly_0036_noAttribute.wav,valveEmu,section_00,target,anomaly,0.0014071115292608738,fp_naa_c2_fault_preserving_seed42,server02_fp_naa_screening_20260817T165229Z
valveEmu/test/section_00_target_test_anomaly_0037_noAttribute.wav,valveEmu,section_00,target,anomaly,0.0009291928727179766,fp_naa_c2_fault_preserving_seed42,server02_fp_naa_screening_20260817T165229Z
valveEmu/test/section_00_target_test_anomaly_0038_noAttribute.wav,valveEmu,section_00,target,anomaly,0.0009250284638255835,fp_naa_c2_fault_preserving_seed42,server02_fp_naa_screening_20260817T165229Z
valveEmu/test/section_00_target_test_anomaly_0039_noAttribute.wav,valveEmu,section_00,target,anomaly,0.0008621476008556783,fp_naa_c2_fault_preserving_seed42,server02_fp_naa_screening_20260817T165229Z
valveEmu/test/section_00_target_test_anomaly_0040_noAttribute.wav,valveEmu,section_00,target,anomaly,0.0001488739508204162,fp_naa_c2_fault_preserving_seed42,server02_fp_naa_screening_20260817T165229Z
valveEmu/test/section_00_target_test_anomaly_0041_noAttribute.wav,valveEmu,section_00,target,anomaly,0.00085086451144889,fp_naa_c2_fault_preserving_seed42,server02_fp_naa_screening_20260817T165229Z
valveEmu/test/section_00_target_test_anomaly_0042_noAttribute.wav,valveEmu,section_00,target,anomaly,0.000780699192546308,fp_naa_c2_fault_preserving_seed42,server02_fp_naa_screening_20260817T165229Z
valveEmu/test/section_00_target_test_anomaly_0043_noAttribute.wav,valveEmu,section_00,target,anomaly,0.000991737237200141,fp_naa_c2_fault_preserving_seed42,server02_fp_naa_screening_20260817T165229Z
valveEmu/test/section_00_target_test_anomaly_0044_noAttribute.wav,valveEmu,section_00,target,anomaly,0.0008894357597455382,fp_naa_c2_fault_preserving_seed42,server02_fp_naa_screening_20260817T165229Z
valveEmu/test/section_00_target_test_anomaly_0045_noAttribute.wav,valveEmu,section_00,target,anomaly,0.0014792224392294884,fp_naa_c2_fault_preserving_seed42,server02_fp_naa_screening_20260817T165229Z
valveEmu/test/section_00_target_test_anomaly_0046_noAttribute.wav,valveEmu,section_00,target,anomaly,6.988809036556631e-05,fp_naa_c2_fault_preserving_seed42,server02_fp_naa_screening_20260817T165229Z
valveEmu/test/section_00_target_test_anomaly_0047_noAttribute.wav,valveEmu,section_00,target,anomaly,0.0011370303109288216,fp_naa_c2_fault_preserving_seed42,server02_fp_naa_screening_20260817T165229Z
valveEmu/test/section_00_target_test_anomaly_0048_noAttribute.wav,valveEmu,section_00,target,anomaly,0.00042953030788339674,fp_naa_c2_fault_preserving_seed42,server02_fp_naa_screening_20260817T165229Z
valveEmu/test/section_00_target_test_anomaly_0049_noAttribute.wav,valveEmu,section_00,target,anomaly,0.0004562781541608274,fp_naa_c2_fault_preserving_seed42,server02_fp_naa_screening_20260817T165229Z
valveEmu/test/section_00_target_test_normal_0000_noAttribute.wav,valveEmu,section_00,target,normal,0.0009023518650792539,fp_naa_c2_fault_preserving_seed42,server02_fp_naa_screening_20260817T165229Z
valveEmu/test/section_00_target_test_normal_0001_noAttribute.wav,valveEmu,section_00,target,normal,0.0008861045353114605,fp_naa_c2_fault_preserving_seed42,server02_fp_naa_screening_20260817T165229Z
valveEmu/test/section_00_target_test_normal_0002_noAttribute.wav,valveEmu,section_00,target,normal,0.000899562961421907,fp_naa_c2_fault_preserving_seed42,server02_fp_naa_screening_20260817T165229Z
valveEmu/test/section_00_target_test_normal_0003_noAttribute.wav,valveEmu,section_00,target,normal,0.0004025168891530484,fp_naa_c2_fault_preserving_seed42,server02_fp_naa_screening_20260817T165229Z
valveEmu/test/section_00_target_test_normal_0004_noAttribute.wav,valveEmu,section_00,target,normal,0.0005075597437098622,fp_naa_c2_fault_preserving_seed42,server02_fp_naa_screening_20260817T165229Z
valveEmu/test/section_00_target_test_normal_0005_noAttribute.wav,valveEmu,section_00,target,normal,0.0005050170584581792,fp_naa_c2_fault_preserving_seed42,server02_fp_naa_screening_20260817T165229Z
valveEmu/test/section_00_target_test_normal_0006_noAttribute.wav,valveEmu,section_00,target,normal,-0.0002674433635547757,fp_naa_c2_fault_preserving_seed42,server02_fp_naa_screening_20260817T165229Z
valveEmu/test/section_00_target_test_normal_0007_noAttribute.wav,valveEmu,section_00,target,normal,0.000161478208610788,fp_naa_c2_fault_preserving_seed42,server02_fp_naa_screening_20260817T165229Z
valveEmu/test/section_00_target_test_normal_0008_noAttribute.wav,valveEmu,section_00,target,normal,-0.00012393783254083246,fp_naa_c2_fault_preserving_seed42,server02_fp_naa_screening_20260817T165229Z
valveEmu/test/section_00_target_test_normal_0009_noAttribute.wav,valveEmu,section_00,target,normal,0.0006176186725497246,fp_naa_c2_fault_preserving_seed42,server02_fp_naa_screening_20260817T165229Z
valveEmu/test/section_00_target_test_normal_0010_noAttribute.wav,valveEmu,section_00,target,normal,0.0008102518040686846,fp_naa_c2_fault_preserving_seed42,server02_fp_naa_screening_20260817T165229Z
valveEmu/test/section_00_target_test_normal_0011_noAttribute.wav,valveEmu,section_00,target,normal,0.0015660958597436547,fp_naa_c2_fault_preserving_seed42,server02_fp_naa_screening_20260817T165229Z
valveEmu/test/section_00_target_test_normal_0012_noAttribute.wav,valveEmu,section_00,target,normal,0.001080012763850391,fp_naa_c2_fault_preserving_seed42,server02_fp_naa_screening_20260817T165229Z
valveEmu/test/section_00_target_test_normal_0013_noAttribute.wav,valveEmu,section_00,target,normal,0.0009864707244560122,fp_naa_c2_fault_preserving_seed42,server02_fp_naa_screening_20260817T165229Z
valveEmu/test/section_00_target_test_normal_0014_noAttribute.wav,valveEmu,section_00,target,normal,0.00025027740048244596,fp_naa_c2_fault_preserving_seed42,server02_fp_naa_screening_20260817T165229Z
valveEmu/test/section_00_target_test_normal_0015_noAttribute.wav,valveEmu,section_00,target,normal,0.0006795675726607442,fp_naa_c2_fault_preserving_seed42,server02_fp_naa_screening_20260817T165229Z
valveEmu/test/section_00_target_test_normal_0016_noAttribute.wav,valveEmu,section_00,target,normal,0.00041396773303858936,fp_naa_c2_fault_preserving_seed42,server02_fp_naa_screening_20260817T165229Z
valveEmu/test/section_00_target_test_normal_0017_noAttribute.wav,valveEmu,section_00,target,normal,9.240793588105589e-05,fp_naa_c2_fault_preserving_seed42,server02_fp_naa_screening_20260817T165229Z
valveEmu/test/section_00_target_test_normal_0018_noAttribute.wav,valveEmu,section_00,target,normal,0.0011457025539129972,fp_naa_c2_fault_preserving_seed42,server02_fp_naa_screening_20260817T165229Z
valveEmu/test/section_00_target_test_normal_0019_noAttribute.wav,valveEmu,section_00,target,normal,0.00022984223323874176,fp_naa_c2_fault_preserving_seed42,server02_fp_naa_screening_20260817T165229Z
valveEmu/test/section_00_target_test_normal_0020_noAttribute.wav,valveEmu,section_00,target,normal,0.0012241853401064873,fp_naa_c2_fault_preserving_seed42,server02_fp_naa_screening_20260817T165229Z
valveEmu/test/section_00_target_test_normal_0021_noAttribute.wav,valveEmu,section_00,target,normal,5.614614929072559e-05,fp_naa_c2_fault_preserving_seed42,server02_fp_naa_screening_20260817T165229Z
valveEmu/test/section_00_target_test_normal_0022_noAttribute.wav,valveEmu,section_00,target,normal,-0.0003770609910134226,fp_naa_c2_fault_preserving_seed42,server02_fp_naa_screening_20260817T165229Z
valveEmu/test/section_00_target_test_normal_0023_noAttribute.wav,valveEmu,section_00,target,normal,0.0005068220780231059,fp_naa_c2_fault_preserving_seed42,server02_fp_naa_screening_20260817T165229Z
valveEmu/test/section_00_target_test_normal_0024_noAttribute.wav,valveEmu,section_00,target,normal,0.000860355154145509,fp_naa_c2_fault_preserving_seed42,server02_fp_naa_screening_20260817T165229Z
valveEmu/test/section_00_target_test_normal_0025_noAttribute.wav,valveEmu,section_00,target,normal,0.0004884042427875102,fp_naa_c2_fault_preserving_seed42,server02_fp_naa_screening_20260817T165229Z
valveEmu/test/section_00_target_test_normal_0026_noAttribute.wav,valveEmu,section_00,target,normal,0.0006531216204166412,fp_naa_c2_fault_preserving_seed42,server02_fp_naa_screening_20260817T165229Z
valveEmu/test/section_00_target_test_normal_0027_noAttribute.wav,valveEmu,section_00,target,normal,0.0003551057307049632,fp_naa_c2_fault_preserving_seed42,server02_fp_naa_screening_20260817T165229Z
valveEmu/test/section_00_target_test_normal_0028_noAttribute.wav,valveEmu,section_00,target,normal,0.000458752823760733,fp_naa_c2_fault_preserving_seed42,server02_fp_naa_screening_20260817T165229Z
valveEmu/test/section_00_target_test_normal_0029_noAttribute.wav,valveEmu,section_00,target,normal,0.00036598191945813596,fp_naa_c2_fault_preserving_seed42,server02_fp_naa_screening_20260817T165229Z
valveEmu/test/section_00_target_test_normal_0030_noAttribute.wav,valveEmu,section_00,target,normal,0.0004751140368171036,fp_naa_c2_fault_preserving_seed42,server02_fp_naa_screening_20260817T165229Z
valveEmu/test/section_00_target_test_normal_0031_noAttribute.wav,valveEmu,section_00,target,normal,-0.0005999301793053746,fp_naa_c2_fault_preserving_seed42,server02_fp_naa_screening_20260817T165229Z
valveEmu/test/section_00_target_test_normal_0032_noAttribute.wav,valveEmu,section_00,target,normal,0.0002750437706708908,fp_naa_c2_fault_preserving_seed42,server02_fp_naa_screening_20260817T165229Z
valveEmu/test/section_00_target_test_normal_0033_noAttribute.wav,valveEmu,section_00,target,normal,0.0006620553322136402,fp_naa_c2_fault_preserving_seed42,server02_fp_naa_screening_20260817T165229Z
valveEmu/test/section_00_target_test_normal_0034_noAttribute.wav,valveEmu,section_00,target,normal,0.00026442663511261344,fp_naa_c2_fault_preserving_seed42,server02_fp_naa_screening_20260817T165229Z
valveEmu/test/section_00_target_test_normal_0035_noAttribute.wav,valveEmu,section_00,target,normal,0.0006118768360465765,fp_naa_c2_fault_preserving_seed42,server02_fp_naa_screening_20260817T165229Z
valveEmu/test/section_00_target_test_normal_0036_noAttribute.wav,valveEmu,section_00,target,normal,0.0009150708792731166,fp_naa_c2_fault_preserving_seed42,server02_fp_naa_screening_20260817T165229Z
valveEmu/test/section_00_target_test_normal_0037_noAttribute.wav,valveEmu,section_00,target,normal,0.0004114644252695143,fp_naa_c2_fault_preserving_seed42,server02_fp_naa_screening_20260817T165229Z
valveEmu/test/section_00_target_test_normal_0038_noAttribute.wav,valveEmu,section_00,target,normal,0.0005781212821602821,fp_naa_c2_fault_preserving_seed42,server02_fp_naa_screening_20260817T165229Z
valveEmu/test/section_00_target_test_normal_0039_noAttribute.wav,valveEmu,section_00,target,normal,0.0005068321479484439,fp_naa_c2_fault_preserving_seed42,server02_fp_naa_screening_20260817T165229Z
valveEmu/test/section_00_target_test_normal_0040_noAttribute.wav,valveEmu,section_00,target,normal,0.0003338002716191113,fp_naa_c2_fault_preserving_seed42,server02_fp_naa_screening_20260817T165229Z
valveEmu/test/section_00_target_test_normal_0041_noAttribute.wav,valveEmu,section_00,target,normal,0.00039835856296122074,fp_naa_c2_fault_preserving_seed42,server02_fp_naa_screening_20260817T165229Z
valveEmu/test/section_00_target_test_normal_0042_noAttribute.wav,valveEmu,section_00,target,normal,0.0006551468395628035,fp_naa_c2_fault_preserving_seed42,server02_fp_naa_screening_20260817T165229Z
valveEmu/test/section_00_target_test_normal_0043_noAttribute.wav,valveEmu,section_00,target,normal,0.0012318474473431706,fp_naa_c2_fault_preserving_seed42,server02_fp_naa_screening_20260817T165229Z
valveEmu/test/section_00_target_test_normal_0044_noAttribute.wav,valveEmu,section_00,target,normal,2.6211957447230816e-05,fp_naa_c2_fault_preserving_seed42,server02_fp_naa_screening_20260817T165229Z
valveEmu/test/section_00_target_test_normal_0045_noAttribute.wav,valveEmu,section_00,target,normal,0.00022621738025918603,fp_naa_c2_fault_preserving_seed42,server02_fp_naa_screening_20260817T165229Z
valveEmu/test/section_00_target_test_normal_0046_noAttribute.wav,valveEmu,section_00,target,normal,0.00046114620636217296,fp_naa_c2_fault_preserving_seed42,server02_fp_naa_screening_20260817T165229Z
valveEmu/test/section_00_target_test_normal_0047_noAttribute.wav,valveEmu,section_00,target,normal,3.7792211514897645e-05,fp_naa_c2_fault_preserving_seed42,server02_fp_naa_screening_20260817T165229Z
valveEmu/test/section_00_target_test_normal_0048_noAttribute.wav,valveEmu,section_00,target,normal,7.062725489959121e-05,fp_naa_c2_fault_preserving_seed42,server02_fp_naa_screening_20260817T165229Z
valveEmu/test/section_00_target_test_normal_0049_noAttribute.wav,valveEmu,section_00,target,normal,0.0002725674712564796,fp_naa_c2_fault_preserving_seed42,server02_fp_naa_screening_20260817T165229Z
