file_id,candidate,fault_set,fault_family,retention,direction_cosine,transport_relative_error,normal_function_relative_drift
valveEmu/train/section_00_source_train_normal_0172_noAttribute.wav,l1_layerwise_mse,in_support,periodic_resonance,0.8962840456042701,0.9056425458696786,0.4241452117352086,0.08855128535641431
gearboxEmu/train/section_00_source_train_normal_0382_pro_D.wav,l1_layerwise_mse,in_support,frequency_modulation,0.19154417293888157,0.088034891365885,1.0014809180778006,0.23412344656550563
bearingEmu/train/section_00_source_train_normal_0662_noAttribute.wav,l1_layerwise_mse,in_support,amplitude_modulation,0.46188622695203446,0.7617012747492962,0.713932931675638,0.06771688802155597
ToyCarEmu/train/section_00_source_train_normal_0291_car_B1_spd_5_mic_2_mic_1.wav,l1_layerwise_mse,in_support,amplitude_modulation,0.662035016183341,0.7708667347908538,0.6462266012537339,0.07814172085796031
ToyCar/train/section_00_source_train_normal_0589_noAttribute.wav,l1_layerwise_mse,in_support,frequency_modulation,0.9508126216208695,0.7514665543200453,0.6892291870536701,0.07699690562269937
gearboxEmu/train/section_00_source_train_normal_0734_pro_C.wav,l1_layerwise_mse,in_support,periodic_resonance,0.32286100700428005,0.4924398388314295,0.8867130231002228,0.14555603837349512
sliderEmu/train/section_00_source_train_normal_0590_noAttribute.wav,l1_layerwise_mse,in_support,amplitude_modulation,0.0586974583184338,0.03306490266963458,0.999781846264742,0.16118415695036048
sliderEmu/train/section_00_source_train_normal_0276_noAttribute.wav,l1_layerwise_mse,in_support,amplitude_modulation,0.9293545148629624,0.9479519052948124,0.31895618535907044,0.059547111915813376
bearingEmu/train/section_00_source_train_normal_0558_noAttribute.wav,l1_layerwise_mse,in_support,amplitude_modulation,0.3849714702876483,0.6625801157532792,0.7987829180982989,0.07021128406223359
valveEmu/train/section_00_source_train_normal_0703_noAttribute.wav,l1_layerwise_mse,in_support,amplitude_modulation,0.7141450728972959,0.9069197939144947,0.46331261635028814,0.06806371581834195
valveEmu/train/section_00_source_train_normal_0473_noAttribute.wav,l1_layerwise_mse,in_support,amplitude_modulation,0.5169975325007847,0.7770945283040113,0.6810099421490333,0.07426574703340635
ToyCar/train/section_00_source_train_normal_0755_noAttribute.wav,l1_layerwise_mse,in_support,amplitude_modulation,0.8392201042628702,0.8422300997164168,0.5391266263173289,0.07221224388350218
ToyCarEmu/train/section_00_source_train_normal_0204_car_B2_spd_3_mic_2_mic_1.wav,l1_layerwise_mse,in_support,amplitude_modulation,0.8948587420072607,0.903503845858963,0.42866716498779067,0.05436660966777811
gearboxEmu/train/section_00_source_train_normal_0148_pro_D.wav,l1_layerwise_mse,in_support,amplitude_modulation,0.021813667517809023,0.06339498187686962,0.9988543847712029,0.21743767800483949
fan/train/section_00_source_train_normal_0805_spd_1.wav,l1_layerwise_mse,in_support,frequency_modulation,0.6386856339046111,0.6759136275635242,0.737920518474575,0.09807844954405567
ToyCar/train/section_00_source_train_normal_0506_noAttribute.wav,l1_layerwise_mse,in_support,amplitude_modulation,0.500894984442739,0.6333141137929346,0.7851420629978589,0.08262851472557285
ToyCar/train/section_00_source_train_normal_0334_noAttribute.wav,l1_layerwise_mse,in_support,frequency_modulation,0.9351447395071258,0.9247908854782559,0.38061663183522954,0.051344843182714935
ToyCar/train/section_00_source_train_normal_0449_noAttribute.wav,l1_layerwise_mse,in_support,periodic_resonance,0.5586804301950785,0.629396203589599,0.7802955462603802,0.08039623203106133
fan/train/section_00_source_train_normal_0828_spd_3.wav,l1_layerwise_mse,in_support,frequency_modulation,0.17402303045038714,0.17316898346912016,0.9848924979714881,0.15820653863202747
gearboxEmu/train/section_00_source_train_normal_0940_pro_B.wav,l1_layerwise_mse,in_support,periodic_resonance,0.07384303203653232,0.31445143646256957,0.9792919372623621,0.19155192806874494
valveEmu/train/section_00_source_train_normal_0308_noAttribute.wav,l1_layerwise_mse,in_support,periodic_resonance,0.8762961486306803,0.9472806917690206,0.32817388129795566,0.0694566580385053
bearingEmu/train/section_00_source_train_normal_0973_noAttribute.wav,l1_layerwise_mse,in_support,frequency_modulation,0.45132696775133047,0.6697789728887821,0.7740267476157534,0.07205528948351805
sliderEmu/train/section_00_source_train_normal_0574_noAttribute.wav,l1_layerwise_mse,in_support,frequency_modulation,0.7674959974992914,0.8512944446028763,0.5313378852719357,0.07552720897976269
sliderEmu/train/section_00_source_train_normal_0525_noAttribute.wav,l1_layerwise_mse,in_support,frequency_modulation,0.43767252452911093,0.3173352802505057,0.9559180782205668,0.10179690988178648
ToyCarEmu/train/section_00_source_train_normal_0016_car_B1_spd_2_mic_2_mic_1.wav,l1_layerwise_mse,in_support,amplitude_modulation,0.9011771465872485,0.9488213067882408,0.3193870595154298,0.051380575865425965
sliderEmu/train/section_00_source_train_normal_0131_noAttribute.wav,l1_layerwise_mse,in_support,amplitude_modulation,0.18075583370848664,0.39379879534891427,0.9435622991017968,0.13961845072560636
valveEmu/train/section_00_source_train_normal_0251_noAttribute.wav,l1_layerwise_mse,in_support,frequency_modulation,0.4740588524174622,0.20313732912380034,1.015939809880589,0.13275752881555605
bearingEmu/train/section_00_source_train_normal_0266_noAttribute.wav,l1_layerwise_mse,in_support,amplitude_modulation,0.13357188678886447,0.20932779508342833,0.9807756276779337,0.16587743082447975
valveEmu/train/section_00_source_train_normal_0670_noAttribute.wav,l1_layerwise_mse,in_support,frequency_modulation,0.2037582886121677,0.26830109376639266,0.9654948455486096,0.10977151964556865
valveEmu/train/section_00_source_train_normal_0741_noAttribute.wav,l1_layerwise_mse,in_support,frequency_modulation,0.3883154285863089,0.5522320118691931,0.8496519589467431,0.11841474424652393
valveEmu/train/section_00_source_train_normal_0572_noAttribute.wav,l1_layerwise_mse,in_support,frequency_modulation,0.3661155079713157,0.5204445319864841,0.8677297602242556,0.11425924662764322
sliderEmu/train/section_00_source_train_normal_0717_noAttribute.wav,l1_layerwise_mse,in_support,frequency_modulation,0.44461586080736226,0.24014222921495562,0.9920388983120869,0.1416871028998617
fan/train/section_00_source_train_normal_0815_spd_2.wav,l1_layerwise_mse,in_support,periodic_resonance,0.8330041647342721,0.9171633737445759,0.407301016844676,0.0996340544089436
ToyCar/train/section_00_source_train_normal_0469_noAttribute.wav,l1_layerwise_mse,in_support,amplitude_modulation,0.8076608132716111,0.8896167033412387,0.46400311319362003,0.060356291525181065
ToyCarEmu/train/section_00_source_train_normal_0083_car_B1_spd_2_mic_2_mic_1.wav,l1_layerwise_mse,in_support,periodic_resonance,0.39322722329619003,0.5272622144130253,0.860209239717851,0.09685584946407298
valveEmu/train/section_00_source_train_normal_0775_noAttribute.wav,l1_layerwise_mse,in_support,periodic_resonance,0.1772955309691243,0.172758805738395,0.9849746072440967,0.13021325400696404
fan/train/section_00_source_train_normal_0871_spd_3.wav,l1_layerwise_mse,in_support,frequency_modulation,0.3432785223725216,0.084087425325641,1.0296161079210395,0.18215774928492526
gearboxEmu/train/section_00_source_train_normal_0862_pro_F.wav,l1_layerwise_mse,in_support,periodic_resonance,0.9452383707849602,0.9900075836393446,0.14795021715491746,0.053843933992898566
sliderEmu/train/section_00_source_train_normal_0844_noAttribute.wav,l1_layerwise_mse,in_support,frequency_modulation,0.9861511547231365,0.9114027639530862,0.4182491168925374,0.07207065592055112
fan/train/section_00_source_train_normal_0734_spd_2.wav,l1_layerwise_mse,in_support,frequency_modulation,0.22926635886372454,0.2762349995463633,0.9622371216250158,0.12264685194256895
fan/train/section_00_source_train_normal_0791_spd_1.wav,l1_layerwise_mse,in_support,amplitude_modulation,0.6780235112838372,0.8469147124686673,0.5579065402392854,0.0760851599515166
ToyCarEmu/train/section_00_source_train_normal_0351_car_C1_spd_2_mic_2_mic_1.wav,l1_layerwise_mse,in_support,amplitude_modulation,0.8020579992578978,0.8781398354117236,0.48441601465641987,0.046390166007248844
ToyCarEmu/train/section_00_source_train_normal_0360_car_C2_spd_2_mic_2_mic_1.wav,l1_layerwise_mse,in_support,amplitude_modulation,0.6303035440715415,0.7576152195539804,0.665001835948082,0.10492127206402155
gearboxEmu/train/section_00_source_train_normal_0636_pro_F.wav,l1_layerwise_mse,in_support,frequency_modulation,0.9195539996569977,0.8689556735929158,0.49746982615146546,0.060736533319597254
ToyCar/train/section_00_source_train_normal_0029_noAttribute.wav,l1_layerwise_mse,in_support,frequency_modulation,0.7049985505519072,0.7163402391972763,0.6978433173772731,0.08851969119898588
bearingEmu/train/section_00_source_train_normal_0775_noAttribute.wav,l1_layerwise_mse,in_support,periodic_resonance,0.9819236981489581,0.9620848343424122,0.2734709345533237,0.06285724379699088
ToyCar/train/section_00_source_train_normal_0337_noAttribute.wav,l1_layerwise_mse,in_support,frequency_modulation,0.9386642231363931,0.9118864435182696,0.411315163358803,0.04934565306401992
fan/train/section_00_source_train_normal_0908_spd_2.wav,l1_layerwise_mse,in_support,frequency_modulation,0.9125758914242322,0.895201377639313,0.4460004116611759,0.0666203056633467
gearboxEmu/train/section_00_source_train_normal_0087_pro_D.wav,l1_layerwise_mse,in_support,periodic_resonance,0.6281876477851391,0.7303507309560084,0.6906700408697356,0.12257228007925357
sliderEmu/train/section_00_source_train_normal_0598_noAttribute.wav,l1_layerwise_mse,in_support,amplitude_modulation,0.0640531904045651,0.11632768861565308,0.9945855880840827,0.1575000019602307
valveEmu/train/section_00_source_train_normal_0346_noAttribute.wav,l1_layerwise_mse,in_support,amplitude_modulation,0.10357560133742132,0.2513414488949365,0.979112977021439,0.1517958117770594
ToyCar/train/section_00_source_train_normal_0645_noAttribute.wav,l1_layerwise_mse,in_support,frequency_modulation,0.84746918258751,0.8337597146942999,0.552297644085863,0.08374070850444312
sliderEmu/train/section_00_source_train_normal_0146_noAttribute.wav,l1_layerwise_mse,in_support,amplitude_modulation,0.06854391658334223,0.10172499082928098,0.9953657669062651,0.15372705325582034
valveEmu/train/section_00_source_train_normal_0458_noAttribute.wav,l1_layerwise_mse,in_support,periodic_resonance,0.8471613080869476,0.9331790032117513,0.36956189175739734,0.0772631095712865
fan/train/section_00_source_train_normal_0687_spd_3.wav,l1_layerwise_mse,in_support,frequency_modulation,0.40077034345500523,0.23753277250198185,0.9849998408924567,0.1414462198925585
gearboxEmu/train/section_00_source_train_normal_0867_pro_F.wav,l1_layerwise_mse,in_support,frequency_modulation,0.8218139339838367,0.8158135459041628,0.5783461446023334,0.0656224399085374
ToyCar/train/section_00_source_train_normal_0861_noAttribute.wav,l1_layerwise_mse,in_support,amplitude_modulation,0.7709647887368217,0.7737129417310594,0.6335422923079012,0.06188713220473151
bearingEmu/train/section_00_source_train_normal_0922_noAttribute.wav,l1_layerwise_mse,in_support,frequency_modulation,0.7509036899932687,0.35907737647082655,1.012220972750227,0.08600995627607576
valveEmu/train/section_00_source_train_normal_0665_noAttribute.wav,l1_layerwise_mse,in_support,frequency_modulation,0.7744384513090836,0.8724592879223383,0.4984203801294735,0.06770628390797992
sliderEmu/train/section_00_source_train_normal_0584_noAttribute.wav,l1_layerwise_mse,in_support,amplitude_modulation,0.14476766922039652,0.25307725090569977,0.9734900464611124,0.0971948401968498
fan/train/section_00_source_train_normal_0091_spd_1.wav,l1_layerwise_mse,in_support,amplitude_modulation,0.041116726103128984,0.06071358718354971,0.9983475834074579,0.16491847149559294
sliderEmu/train/section_00_source_train_normal_0649_noAttribute.wav,l1_layerwise_mse,in_support,amplitude_modulation,0.490093593718778,0.6299653693859995,0.7891183352341161,0.1479020414007216
bearingEmu/train/section_00_source_train_normal_0959_noAttribute.wav,l1_layerwise_mse,in_support,periodic_resonance,0.9609739559163546,0.8398758117227137,0.5561235307108094,0.11054840967353508
valveEmu/train/section_00_source_train_normal_0187_noAttribute.wav,l1_layerwise_mse,in_support,periodic_resonance,0.6746925604757223,0.7326822232827238,0.6830370126705835,0.10434537076958561
ToyCar/train/section_00_source_train_normal_0783_noAttribute.wav,l1_layerwise_mse,in_support,frequency_modulation,0.9167593687098679,0.7305731258080682,0.7077628309631103,0.0667480352478468
sliderEmu/train/section_00_source_train_normal_0297_noAttribute.wav,l1_layerwise_mse,in_support,amplitude_modulation,0.13404074292595627,0.2055324989192054,0.9812581021642702,0.14557588142006814
ToyCar/train/section_00_source_train_normal_0090_noAttribute.wav,l1_layerwise_mse,in_support,frequency_modulation,0.8590837018916752,0.7794935933765452,0.6314462156497347,0.07514307551539809
ToyCarEmu/train/section_00_source_train_normal_0468_car_C1_spd_3_mic_2_mic_1.wav,l1_layerwise_mse,in_support,periodic_resonance,0.9391060330852874,0.9556080499111388,0.29510264570882966,0.061389759056262566
sliderEmu/train/section_00_source_train_normal_0051_noAttribute.wav,l1_layerwise_mse,in_support,amplitude_modulation,0.7213214971157127,0.885584034878818,0.4926693602002544,0.061192029246445095
fan/train/section_00_source_train_normal_0372_spd_2.wav,l1_layerwise_mse,in_support,periodic_resonance,0.8676290578443862,0.9218365104775785,0.39135137136785525,0.07814277281128153
sliderEmu/train/section_00_source_train_normal_0361_noAttribute.wav,l1_layerwise_mse,in_support,frequency_modulation,0.9277435529998508,0.9551309906222681,0.29744724320868493,0.05678615505805699
sliderEmu/train/section_00_source_train_normal_0627_noAttribute.wav,l1_layerwise_mse,in_support,frequency_modulation,0.8780860825822883,0.4805779082937485,0.9628383159628688,0.14677769984008782
bearingEmu/train/section_00_source_train_normal_0289_noAttribute.wav,l1_layerwise_mse,in_support,frequency_modulation,0.23587343500932698,0.1675980897871756,0.9882167793884566,0.16011507527299174
gearboxEmu/train/section_00_source_train_normal_0617_pro_B.wav,l1_layerwise_mse,in_support,amplitude_modulation,0.43905996476866893,0.6405897605275747,0.7938885421051565,0.10519064460872353
ToyCarEmu/train/section_00_source_train_normal_0042_car_B1_spd_2_mic_2_mic_1.wav,l1_layerwise_mse,in_support,periodic_resonance,0.8835279019325923,0.8652827967756777,0.5016159541584063,0.06258306590568309
sliderEmu/train/section_00_source_train_normal_0962_noAttribute.wav,l1_layerwise_mse,in_support,amplitude_modulation,0.7345531459302732,0.7212997305017022,0.6927498479239776,0.14385658881685637
sliderEmu/train/section_00_source_train_normal_0387_noAttribute.wav,l1_layerwise_mse,in_support,frequency_modulation,0.9415018223656899,0.88222903490923,0.47453681974741185,0.054574462918592345
ToyCar/train/section_00_source_train_normal_0153_noAttribute.wav,l1_layerwise_mse,in_support,periodic_resonance,0.7774619084421741,0.8355886706236427,0.5524222062943471,0.0630310048632296
bearingEmu/train/section_00_source_train_normal_0128_noAttribute.wav,l1_layerwise_mse,in_support,amplitude_modulation,0.19608474662515135,0.36131595166525454,0.9469699753377803,0.12955365936075988
ToyCar/train/section_00_source_train_normal_0513_noAttribute.wav,l1_layerwise_mse,in_support,amplitude_modulation,0.9502903985436952,0.9641710855689142,0.2656441063248975,0.04491272146451382
sliderEmu/train/section_00_source_train_normal_0794_noAttribute.wav,l1_layerwise_mse,in_support,amplitude_modulation,0.6193987412076469,0.7437720439041474,0.6799057766560616,0.0620004171908249
ToyCarEmu/train/section_00_source_train_normal_0274_car_B1_spd_5_mic_2_mic_1.wav,l1_layerwise_mse,in_support,amplitude_modulation,0.9303928742880078,0.9526631338816114,0.30484244751220846,0.0485711962237811
ToyCar/train/section_00_source_train_normal_0465_noAttribute.wav,l1_layerwise_mse,in_support,periodic_resonance,0.9728313323119007,0.9696949717938632,0.24433890078126722,0.046720130365460466
ToyCar/train/section_00_source_train_normal_0921_noAttribute.wav,l1_layerwise_mse,in_support,periodic_resonance,0.9725424976846594,0.9851355617109232,0.17223968855659688,0.04324282362604505
ToyCar/train/section_00_source_train_normal_0487_noAttribute.wav,l1_layerwise_mse,in_support,periodic_resonance,0.7921737966025967,0.8417643202660821,0.5421181136654626,0.06612870004954524
sliderEmu/train/section_00_source_train_normal_0080_noAttribute.wav,l1_layerwise_mse,in_support,frequency_modulation,0.7759185366683965,0.7405861116243183,0.67288973207255,0.10841060114373822
ToyCar/train/section_00_source_train_normal_0634_noAttribute.wav,l1_layerwise_mse,in_support,frequency_modulation,0.9995709086631945,0.7285454245744113,0.736665716154383,0.06696461581995697
sliderEmu/train/section_00_source_train_normal_0100_noAttribute.wav,l1_layerwise_mse,in_support,frequency_modulation,0.8598637361816689,0.8734496870864407,0.48710391313413387,0.11701978044510222
sliderEmu/train/section_00_source_train_normal_0611_noAttribute.wav,l1_layerwise_mse,in_support,frequency_modulation,0.823982552657012,0.8133850079951369,0.5818222552649661,0.08028060876060039
bearingEmu/train/section_00_source_train_normal_0405_noAttribute.wav,l1_layerwise_mse,in_support,periodic_resonance,0.6691427546306101,0.7210562971977127,0.6948185606137691,0.11302637448866588
bearingEmu/train/section_00_source_train_normal_0162_noAttribute.wav,l1_layerwise_mse,in_support,frequency_modulation,0.5515801828294868,0.8161598256297896,0.6355198867166056,0.05977075118577372
ToyCarEmu/train/section_00_source_train_normal_0805_car_D1_spd_3_mic_2_mic_1.wav,l1_layerwise_mse,in_support,amplitude_modulation,0.5998379825408441,0.7027733947440936,0.7188221301026528,0.08823439465382896
fan/train/section_00_source_train_normal_0980_spd_2.wav,l1_layerwise_mse,in_support,frequency_modulation,0.7808007318553354,0.8303184580549853,0.5594848196521289,0.07993318409225064
gearboxEmu/train/section_00_source_train_normal_0531_pro_A.wav,l1_layerwise_mse,in_support,frequency_modulation,0.29986869329628424,0.10031300964887395,1.014770797259741,0.14939784246965432
valveEmu/train/section_00_source_train_normal_0705_noAttribute.wav,l1_layerwise_mse,in_support,periodic_resonance,0.18366590481918108,0.4835230925937191,0.9252673948587297,0.14760071824887114
gearboxEmu/train/section_00_source_train_normal_0620_pro_C.wav,l1_layerwise_mse,in_support,amplitude_modulation,0.620349146637436,0.783545206186065,0.6424094206306726,0.09705154668475871
bearingEmu/train/section_00_source_train_normal_0086_noAttribute.wav,l1_layerwise_mse,in_support,amplitude_modulation,0.6181606464754389,0.6705278144592324,0.74373030751689,0.14262704536110093
ToyCar/train/section_00_source_train_normal_0872_noAttribute.wav,l1_layerwise_mse,in_support,amplitude_modulation,0.9140730276691961,0.9453317922189313,0.32760481220720666,0.04767614972724049
valveEmu/train/section_00_source_train_normal_0091_noAttribute.wav,l1_layerwise_mse,in_support,frequency_modulation,0.3528063552265736,0.4766191614652241,0.8877858896788551,0.10954642852315678
ToyCarEmu/train/section_00_source_train_normal_0036_car_B2_spd_2_mic_2_mic_1.wav,l1_layerwise_mse,in_support,amplitude_modulation,0.8376171615604452,0.9116115399108649,0.41765963215135704,0.045504772147898956
gearboxEmu/train/section_00_source_train_normal_0805_pro_B.wav,l1_layerwise_mse,in_support,periodic_resonance,0.8906822702019807,0.9678628775600514,0.2630556906689875,0.05802935156354515
ToyCar/train/section_00_source_train_normal_0261_noAttribute.wav,l1_layerwise_mse,in_support,periodic_resonance,0.5418425823448335,0.6530184334721597,0.7654586830257082,0.07467732720906413
fan/train/section_00_source_train_normal_0981_spd_2.wav,l1_layerwise_mse,in_support,periodic_resonance,0.9059756099685533,0.9491917227205044,0.3176518627684568,0.06611521237167083
bearingEmu/train/section_00_source_train_normal_0628_noAttribute.wav,l1_layerwise_mse,in_support,amplitude_modulation,0.31653815632814997,0.5589718676449229,0.86390077877287,0.08874537027801568
sliderEmu/train/section_00_source_train_normal_0835_noAttribute.wav,l1_layerwise_mse,in_support,frequency_modulation,0.5602569813148427,0.2859816009957395,0.9967153596394018,0.06964480197465225
gearboxEmu/train/section_00_source_train_normal_0220_pro_A.wav,l1_layerwise_mse,in_support,amplitude_modulation,0.6851598700372776,0.7965753724949033,0.61472033488611,0.10656611511044574
valveEmu/train/section_00_source_train_normal_0158_noAttribute.wav,l1_layerwise_mse,in_support,frequency_modulation,0.4438895514942119,0.4277309398104293,0.9040505206350108,0.09686604285831889
valveEmu/train/section_00_source_train_normal_0254_noAttribute.wav,l1_layerwise_mse,in_support,periodic_resonance,0.8727793510102839,0.952025571239309,0.3161127569824645,0.07435348778849923
valveEmu/train/section_00_source_train_normal_0364_noAttribute.wav,l1_layerwise_mse,in_support,periodic_resonance,0.8401749048026654,0.8470261082171754,0.5315954392079496,0.09149122740848935
sliderEmu/train/section_00_source_train_normal_0534_noAttribute.wav,l1_layerwise_mse,in_support,periodic_resonance,0.6710732944346679,0.679388470921619,0.733825897429897,0.15568579609723907
gearboxEmu/train/section_00_source_train_normal_0398_pro_D.wav,l1_layerwise_mse,in_support,frequency_modulation,0.5081874972864671,0.4664710660995801,0.8855196243578634,0.07642267999190482
sliderEmu/train/section_00_source_train_normal_0211_noAttribute.wav,l1_layerwise_mse,in_support,amplitude_modulation,0.6799503053880671,0.8737624036202485,0.5235478883931506,0.06154336636210992
valveEmu/train/section_00_source_train_normal_0820_noAttribute.wav,l1_layerwise_mse,in_support,frequency_modulation,0.18711402195180582,0.10771231515585518,0.9973478270923719,0.14218109304098536
ToyCarEmu/train/section_00_source_train_normal_0329_car_B2_spd_5_mic_2_mic_1.wav,l1_layerwise_mse,in_support,amplitude_modulation,0.831361153689161,0.8494315503162739,0.5280081254692511,0.06160316877350535
ToyCar/train/section_00_source_train_normal_0753_noAttribute.wav,l1_layerwise_mse,in_support,periodic_resonance,0.9613054118981111,0.9832239033460581,0.18371493177282933,0.0447779077239092
ToyCarEmu/train/section_00_source_train_normal_0880_car_D1_spd_5_mic_2_mic_1.wav,l1_layerwise_mse,in_support,periodic_resonance,0.9211185046055379,0.9610720356538188,0.2791716800240502,0.052353248248318586
gearboxEmu/train/section_00_source_train_normal_0339_pro_A.wav,l1_layerwise_mse,in_support,periodic_resonance,0.7692255425684056,0.8667902250879943,0.5081275164435131,0.11151633813219824
ToyCar/train/section_00_source_train_normal_0796_noAttribute.wav,l1_layerwise_mse,in_support,frequency_modulation,0.9250296122480002,0.9024509548256829,0.4313839008414747,0.05433022508890755
bearingEmu/train/section_00_source_train_normal_0439_noAttribute.wav,l1_layerwise_mse,in_support,periodic_resonance,0.9685714927961995,0.9764842949336762,0.21573371128673455,0.05537304594709014
sliderEmu/train/section_00_source_train_normal_0085_noAttribute.wav,l1_layerwise_mse,in_support,periodic_resonance,0.8685356343353389,0.8598065672619667,0.5106944913597216,0.08987471992316326
sliderEmu/train/section_00_source_train_normal_0455_noAttribute.wav,l1_layerwise_mse,in_support,amplitude_modulation,0.04607474206308641,0.05042653957257276,0.9987372538602428,0.18729322558152953
gearboxEmu/train/section_00_source_train_normal_0319_pro_A.wav,l1_layerwise_mse,in_support,periodic_resonance,0.906307210448137,0.9579695548482736,0.2914846991056631,0.0923736530506527
ToyCarEmu/train/section_00_source_train_normal_0700_car_D2_spd_2_mic_2_mic_1.wav,l1_layerwise_mse,in_support,periodic_resonance,0.9591953462674483,0.9732764100846697,0.2300680463057018,0.044454576491311855
sliderEmu/train/section_00_source_train_normal_0494_noAttribute.wav,l1_layerwise_mse,in_support,periodic_resonance,0.8328121546221612,0.7183425790639709,0.7050441282871555,0.12049125969561966
sliderEmu/train/section_00_source_train_normal_0265_noAttribute.wav,l1_layerwise_mse,in_support,frequency_modulation,0.7781318819347706,0.7464726544206884,0.6661688096037818,0.19581968472803854
gearboxEmu/train/section_00_source_train_normal_0147_pro_D.wav,l1_layerwise_mse,in_support,frequency_modulation,0.23305188979386898,0.05418276812844407,1.0144251526472023,0.18279363044193658
ToyCar/train/section_00_source_train_normal_0850_noAttribute.wav,l1_layerwise_mse,in_support,amplitude_modulation,0.6559788537257121,0.7353281078227398,0.6823407345099542,0.09144661913613414
valveEmu/train/section_00_source_train_normal_0021_noAttribute.wav,l1_layerwise_mse,in_support,periodic_resonance,0.8031052716876871,0.8615631925467829,0.5110050819314457,0.07255474015941672
ToyCar/train/section_00_source_train_normal_0613_noAttribute.wav,l1_layerwise_mse,in_support,amplitude_modulation,0.6608960218142316,0.676934542618829,0.7362179427038141,0.1016060890040165
valveEmu/train/section_00_source_train_normal_0954_noAttribute.wav,l1_layerwise_mse,in_support,amplitude_modulation,0.16932576145345254,0.42310824048925055,0.940948969655446,0.10982370933974572
gearboxEmu/train/section_00_source_train_normal_0665_pro_B.wav,l1_layerwise_mse,in_support,frequency_modulation,0.9462003034738619,0.9685275611639506,0.2499057216267163,0.06119131890588994
ToyCarEmu/train/section_00_source_train_normal_0316_car_B2_spd_5_mic_2_mic_1.wav,l1_layerwise_mse,in_support,frequency_modulation,0.788037698169263,0.5449910928747964,0.8729583959343649,0.0886321235565839
bearingEmu/train/section_00_source_train_normal_0134_noAttribute.wav,l1_layerwise_mse,in_support,amplitude_modulation,0.6091126569854705,0.6892635278689773,0.7289306902943489,0.13726066999760556
bearingEmu/train/section_00_source_train_normal_0878_noAttribute.wav,l1_layerwise_mse,in_support,amplitude_modulation,0.7592635337587758,0.853907177428431,0.5289612004894862,0.07541135472937474
ToyCarEmu/train/section_00_source_train_normal_0264_car_B1_spd_5_mic_2_mic_1.wav,l1_layerwise_mse,in_support,frequency_modulation,0.9494631172151359,0.9795034377837584,0.20365518954758907,0.04389767204956765
ToyCarEmu/train/section_00_source_train_normal_0757_car_D2_spd_2_mic_2_mic_1.wav,l1_layerwise_mse,in_support,amplitude_modulation,0.6509532203167494,0.7368444568830719,0.6814965523607459,0.07057788203057107
bearingEmu/train/section_00_source_train_normal_0626_noAttribute.wav,l1_layerwise_mse,in_support,periodic_resonance,0.6799690429132269,0.7056861038871384,0.7089911776642406,0.16020936215000822
gearboxEmu/train/section_00_source_train_normal_0815_pro_C.wav,l1_layerwise_mse,in_support,amplitude_modulation,0.7491442921566781,0.7252215278306038,0.6889310808956478,0.1463342750795293
ToyCarEmu/train/section_00_source_train_normal_0142_car_B2_spd_3_mic_2_mic_1.wav,l1_layerwise_mse,in_support,amplitude_modulation,0.9464622447348223,0.9675090250294472,0.25371096438139723,0.04701387731796191
ToyCarEmu/train/section_00_source_train_normal_0041_car_B2_spd_2_mic_2_mic_1.wav,l1_layerwise_mse,in_support,periodic_resonance,0.8325505345124617,0.8774336486032256,0.4817931986125541,0.06905780374944592
gearboxEmu/train/section_00_source_train_normal_0344_pro_C.wav,l1_layerwise_mse,in_support,frequency_modulation,0.4263688549679691,0.14116474372432206,1.0302494359132284,0.12178325467016322
ToyCarEmu/train/section_00_source_train_normal_0712_car_D1_spd_2_mic_2_mic_1.wav,l1_layerwise_mse,in_support,frequency_modulation,0.877020930111798,0.8704370018619894,0.4923238506315839,0.05056801567837941
ToyCar/train/section_00_source_train_normal_0673_noAttribute.wav,l1_layerwise_mse,in_support,periodic_resonance,0.7942761986046242,0.8489676359108558,0.5312674528808952,0.061406644526473084
fan/train/section_00_source_train_normal_0329_spd_2.wav,l1_layerwise_mse,in_support,frequency_modulation,0.5798307987171434,0.11861782506969445,1.0948274835043454,0.1590746273367121
bearingEmu/train/section_00_source_train_normal_0656_noAttribute.wav,l1_layerwise_mse,in_support,periodic_resonance,0.8329142908091381,0.9222868045504413,0.39670454542968775,0.06953078441821511
valveEmu/train/section_00_source_train_normal_0068_noAttribute.wav,l1_layerwise_mse,in_support,frequency_modulation,0.6774677290137654,0.8682063375420296,0.5316003877304397,0.07021013462044957
gearboxEmu/train/section_00_source_train_normal_0142_pro_F.wav,l1_layerwise_mse,in_support,frequency_modulation,0.37944920564672074,0.5624657880746348,0.8468336948239445,0.1580340917566279
valveEmu/train/section_00_source_train_normal_0840_noAttribute.wav,l1_layerwise_mse,in_support,frequency_modulation,0.2536548647151767,0.15024030728675178,0.9940434702539419,0.14845054380710804
ToyCarEmu/train/section_00_source_train_normal_0063_car_B1_spd_2_mic_2_mic_1.wav,l1_layerwise_mse,in_support,amplitude_modulation,0.8895632719501055,0.9430572703459246,0.3369044266733005,0.04951555788611588
valveEmu/train/section_00_source_train_normal_0379_noAttribute.wav,l1_layerwise_mse,in_support,amplitude_modulation,0.1763269304943244,0.35950075544160115,0.9509531308023196,0.11128558007888559
bearingEmu/train/section_00_source_train_normal_0686_noAttribute.wav,l1_layerwise_mse,in_support,frequency_modulation,0.5027092084528308,0.33821971177922666,0.9553346121019131,0.08824403495968548
fan/train/section_00_source_train_normal_0924_spd_2.wav,l1_layerwise_mse,in_support,frequency_modulation,0.7902755657933364,0.7204642358473223,0.6969970635904896,0.09898925527765699
fan/train/section_00_source_train_normal_0705_spd_1.wav,l1_layerwise_mse,in_support,frequency_modulation,0.519783006803681,0.1638959670392786,1.048710492490911,0.10786978570730421
fan/train/section_00_source_train_normal_0269_spd_3.wav,l1_layerwise_mse,in_support,amplitude_modulation,0.9023162217409039,0.9588847243609517,0.28937878442604625,0.06109717044049177
sliderEmu/train/section_00_source_train_normal_0502_noAttribute.wav,l1_layerwise_mse,in_support,periodic_resonance,0.37742015324806205,0.46570131171047385,0.8893344990556755,0.10658569588149729
sliderEmu/train/section_00_source_train_normal_0205_noAttribute.wav,l1_layerwise_mse,in_support,frequency_modulation,0.19667338535000617,0.022267272701774865,1.0148505607701521,0.1777973945911068
ToyCar/train/section_00_source_train_normal_0695_noAttribute.wav,l1_layerwise_mse,in_support,amplitude_modulation,0.7834200630658185,0.8151110687908267,0.5801708932534783,0.06755704248165986
ToyCarEmu/train/section_00_source_train_normal_0210_car_B2_spd_3_mic_2_mic_1.wav,l1_layerwise_mse,in_support,periodic_resonance,0.9646244659136813,0.9766601888909776,0.21512725086103335,0.04697069676262701
bearingEmu/train/section_00_source_train_normal_0027_noAttribute.wav,l1_layerwise_mse,in_support,frequency_modulation,0.842663158712708,0.7271196280977825,0.6961661826761657,0.05687025092334639
valveEmu/train/section_00_source_train_normal_0919_noAttribute.wav,l1_layerwise_mse,in_support,frequency_modulation,0.7149812448563588,0.8787048717675591,0.5046614452689203,0.08274642395446895
bearingEmu/train/section_00_source_train_normal_0376_noAttribute.wav,l1_layerwise_mse,in_support,amplitude_modulation,0.1729458927319888,0.301723449482693,0.9620533348806322,0.20783274516986133
gearboxEmu/train/section_00_source_train_normal_0076_pro_E.wav,l1_layerwise_mse,in_support,periodic_resonance,0.40755109621369556,0.49784297643333764,0.8719546974755015,0.1465044342007194
valveEmu/train/section_00_source_train_normal_0935_noAttribute.wav,l1_layerwise_mse,in_support,periodic_resonance,0.8392120319017987,0.8960883085214104,0.4475049208370205,0.10877867065012292
bearingEmu/train/section_00_source_train_normal_0755_noAttribute.wav,l1_layerwise_mse,in_support,amplitude_modulation,0.054448821193069444,0.11023253366489065,0.9954700453047082,0.14214240284789997
ToyCar/train/section_00_source_train_normal_0350_noAttribute.wav,l1_layerwise_mse,in_support,periodic_resonance,0.8062293279674029,0.8583937416562779,0.5156368008015328,0.05678508035567056
fan/train/section_00_source_train_normal_0575_spd_3.wav,l1_layerwise_mse,in_support,amplitude_modulation,0.20701368046682916,0.42440913700626925,0.9312022706961068,0.10557324753310247
gearboxEmu/train/section_00_source_train_normal_0709_pro_C.wav,l1_layerwise_mse,in_support,amplitude_modulation,0.43262160733232524,0.7022396201932508,0.7612840394293797,0.10686127750305666
valveEmu/train/section_00_source_train_normal_0904_noAttribute.wav,l1_layerwise_mse,in_support,frequency_modulation,0.21312360883399586,0.11371278687400763,0.9984747936849018,0.139580677793813
ToyCar/train/section_00_source_train_normal_0278_noAttribute.wav,l1_layerwise_mse,in_support,amplitude_modulation,0.6930996360335875,0.769494137687663,0.6432067256701337,0.07372695219528377
ToyCarEmu/train/section_00_source_train_normal_0065_car_B1_spd_2_mic_2_mic_1.wav,l1_layerwise_mse,in_support,amplitude_modulation,0.9037121516716428,0.9179429490940625,0.39696757777402114,0.059130328573557454
bearingEmu/train/section_00_source_train_normal_0312_noAttribute.wav,l1_layerwise_mse,in_support,amplitude_modulation,0.6930552925063649,0.8501678908974676,0.5494532972511457,0.0881475693239336
ToyCarEmu/train/section_00_source_train_normal_0410_car_C1_spd_2_mic_2_mic_1.wav,l1_layerwise_mse,in_support,amplitude_modulation,0.7805539849829123,0.7688653238575751,0.6395175826889279,0.09208602116315442
ToyCarEmu/train/section_00_source_train_normal_0605_car_C1_spd_5_mic_2_mic_1.wav,l1_layerwise_mse,in_support,amplitude_modulation,0.8558646255489815,0.9030354150777011,0.4321482644882505,0.043733707421637194
ToyCarEmu/train/section_00_source_train_normal_0321_car_B2_spd_5_mic_2_mic_1.wav,l1_layerwise_mse,in_support,amplitude_modulation,0.930910803239499,0.9751660966759766,0.22585308253572361,0.04612125213842393
gearboxEmu/train/section_00_source_train_normal_0099_pro_C.wav,l1_layerwise_mse,in_support,amplitude_modulation,0.5045413477499376,0.7527621415101334,0.7035358702752971,0.07969528564563967
bearingEmu/train/section_00_source_train_normal_0437_noAttribute.wav,l1_layerwise_mse,in_support,amplitude_modulation,0.08802190388012933,0.16701760440029478,0.9891134619046787,0.18262076380981807
ToyCarEmu/train/section_00_source_train_normal_0928_car_D1_spd_5_mic_2_mic_1.wav,l1_layerwise_mse,in_support,periodic_resonance,0.9579276989627935,0.9756412197059247,0.2200862995005671,0.04503935704110867
bearingEmu/train/section_00_source_train_normal_0587_noAttribute.wav,l1_layerwise_mse,in_support,frequency_modulation,0.867536220510243,0.9392443863390818,0.35065944130603094,0.054929287559916634
gearboxEmu/train/section_00_source_train_normal_0036_pro_C.wav,l1_layerwise_mse,in_support,periodic_resonance,0.9595261695269219,0.9587670931894354,0.2841940133323834,0.06850198247725724
ToyCar/train/section_00_source_train_normal_0754_noAttribute.wav,l1_layerwise_mse,in_support,amplitude_modulation,0.6558160808868979,0.689115564618268,0.7254161524377725,0.09266108526540641
gearboxEmu/train/section_00_source_train_normal_0907_pro_B.wav,l1_layerwise_mse,in_support,periodic_resonance,0.2836112886293124,0.7507969323048366,0.8090527746063049,0.18664952418452982
ToyCarEmu/train/section_00_source_train_normal_0015_car_B1_spd_2_mic_2_mic_1.wav,l1_layerwise_mse,in_support,frequency_modulation,0.6798576931314506,0.6833251721324309,0.7301224092854608,0.108478790144695
valveEmu/train/section_00_source_train_normal_0865_noAttribute.wav,l1_layerwise_mse,in_support,frequency_modulation,0.3609140731685111,0.15017839285090404,1.0108689219080997,0.11635578612548865
bearingEmu/train/section_00_source_train_normal_0860_noAttribute.wav,l1_layerwise_mse,in_support,periodic_resonance,0.2398051759115844,0.5043691606878423,0.9031089921973613,0.17978799670516307
bearingEmu/train/section_00_source_train_normal_0157_noAttribute.wav,l1_layerwise_mse,in_support,amplitude_modulation,0.49829898606467316,0.5769244512839692,0.8205730566449534,0.14937851886585368
ToyCarEmu/train/section_00_source_train_normal_0411_car_C1_spd_2_mic_2_mic_1.wav,l1_layerwise_mse,in_support,periodic_resonance,0.9643412033420581,0.9785878729030175,0.20632193921327582,0.047826259033631816
bearingEmu/train/section_00_source_train_normal_0751_noAttribute.wav,l1_layerwise_mse,in_support,frequency_modulation,0.5573996828925543,0.5886672277688668,0.808979946793188,0.0630575421238779
valveEmu/train/section_00_source_train_normal_0368_noAttribute.wav,l1_layerwise_mse,in_support,amplitude_modulation,0.18807560496872883,0.15924328506626842,0.987660305384529,0.16087289142658298
bearingEmu/train/section_00_source_train_normal_0693_noAttribute.wav,l1_layerwise_mse,in_support,periodic_resonance,0.5931941697701347,0.4640089314134865,0.895200836336617,0.16784911309391393
ToyCar/train/section_00_source_train_normal_0942_noAttribute.wav,l1_layerwise_mse,in_support,amplitude_modulation,0.6026760857421303,0.7076316104800001,0.7143340717216861,0.09828694023722469
bearingEmu/train/section_00_source_train_normal_0314_noAttribute.wav,l1_layerwise_mse,in_support,periodic_resonance,0.818831467823669,0.8737123470667245,0.48952900372669056,0.09803560786303302
bearingEmu/train/section_00_source_train_normal_0446_noAttribute.wav,l1_layerwise_mse,in_support,frequency_modulation,0.32095418572433415,0.09658841954700544,1.0202993062046801,0.17317642337101205
sliderEmu/train/section_00_source_train_normal_0360_noAttribute.wav,l1_layerwise_mse,in_support,frequency_modulation,0.5506871670020183,0.07010938607517159,1.1072667598662642,0.13994873222901646
ToyCar/train/section_00_source_train_normal_0775_noAttribute.wav,l1_layerwise_mse,in_support,frequency_modulation,0.9261014168644714,0.9187538662897249,0.3948991259513386,0.05080748962804501
fan/train/section_00_source_train_normal_0209_spd_3.wav,l1_layerwise_mse,in_support,periodic_resonance,0.26829554569380665,0.6718999632211817,0.8434731562243025,0.1804804701241017
gearboxEmu/train/section_00_source_train_normal_0828_pro_F.wav,l1_layerwise_mse,in_support,frequency_modulation,0.5687118873625494,0.6639742782081866,0.7537990985584583,0.10220257326869245
bearingEmu/train/section_00_source_train_normal_0532_noAttribute.wav,l1_layerwise_mse,in_support,periodic_resonance,0.5727672788549715,0.5605434997265242,0.8282151928638601,0.13771515157992534
bearingEmu/train/section_00_source_train_normal_0851_noAttribute.wav,l1_layerwise_mse,in_support,periodic_resonance,0.8985260461445352,0.7900552984165673,0.6225580523586319,0.08534133862449723
fan/train/section_00_source_train_normal_0513_spd_1.wav,l1_layerwise_mse,in_support,frequency_modulation,0.9842586237051806,0.6468671342284318,0.8472407636195681,0.07256340261557663
sliderEmu/train/section_00_source_train_normal_0451_noAttribute.wav,l1_layerwise_mse,in_support,periodic_resonance,0.9317876554420358,0.9281126852206275,0.3723175377801652,0.09593344205963893
sliderEmu/train/section_00_source_train_normal_0753_noAttribute.wav,l1_layerwise_mse,in_support,frequency_modulation,0.9369410596926004,0.19622300424395628,1.2288855806270562,0.10215076548915566
sliderEmu/train/section_00_source_train_normal_0509_noAttribute.wav,l1_layerwise_mse,in_support,frequency_modulation,0.2894064116148885,0.07547458361272133,1.0198384255659496,0.1901684815203777
ToyCarEmu/train/section_00_source_train_normal_0282_car_B1_spd_5_mic_2_mic_1.wav,l1_layerwise_mse,in_support,amplitude_modulation,0.5170391281323367,0.6518540353966269,0.7702346238373164,0.10624669957782937
ToyCarEmu/train/section_00_source_train_normal_0689_car_D2_spd_2_mic_2_mic_1.wav,l1_layerwise_mse,in_support,periodic_resonance,0.11369885056191169,0.20712275749357562,0.9827655822802474,0.11035740080714798
ToyCarEmu/train/section_00_source_train_normal_0174_car_B1_spd_3_mic_2_mic_1.wav,l1_layerwise_mse,in_support,periodic_resonance,0.9095460017970846,0.9339085899711482,0.35834101255736944,0.05190040535801215
sliderEmu/train/section_00_source_train_normal_0467_noAttribute.wav,l1_layerwise_mse,in_support,periodic_resonance,0.7088656717405128,0.6963980049432581,0.7177640708661985,0.09421635149617402
bearingEmu/train/section_00_source_train_normal_0031_noAttribute.wav,l1_layerwise_mse,in_support,frequency_modulation,0.568216706294755,0.8298460409927767,0.6162835849048264,0.07233694699243201
ToyCarEmu/train/section_00_source_train_normal_0536_car_C1_spd_3_mic_2_mic_1.wav,l1_layerwise_mse,in_support,periodic_resonance,0.9508816889921591,0.9764320185521075,0.21733230888866623,0.04536575083524864
fan/train/section_00_source_train_normal_0098_spd_2.wav,l1_layerwise_mse,in_support,amplitude_modulation,0.8483683766867206,0.8877627255221592,0.461984045063935,0.0825160653273825
fan/train/section_00_source_train_normal_0723_spd_1.wav,l1_layerwise_mse,in_support,periodic_resonance,0.3795179082241012,0.6157968872561524,0.8225703310830398,0.15027287661913044
gearboxEmu/train/section_00_source_train_normal_0276_pro_C.wav,l1_layerwise_mse,in_support,frequency_modulation,0.038743271260064924,0.015376495344862936,1.0001547728264764,0.317277187393898
fan/train/section_00_source_train_normal_0229_spd_2.wav,l1_layerwise_mse,in_support,amplitude_modulation,0.06754402612561161,0.07490238061324925,0.997218019672345,0.2403881884795306
ToyCar/train/section_00_source_train_normal_0105_noAttribute.wav,l1_layerwise_mse,in_support,periodic_resonance,0.9663285902991159,0.9748175608923461,0.22316537723766677,0.04868606129388114
valveEmu/train/section_00_source_train_normal_0506_noAttribute.wav,l1_layerwise_mse,in_support,amplitude_modulation,0.8141693400882292,0.8941558140608972,0.4548441669403653,0.08443951423274437
bearingEmu/train/section_00_source_train_normal_0696_noAttribute.wav,l1_layerwise_mse,in_support,frequency_modulation,0.8474163302116682,0.7835155009193551,0.6246493222627697,0.06670500796068403
valveEmu/train/section_00_source_train_normal_0699_noAttribute.wav,l1_layerwise_mse,in_support,frequency_modulation,0.30948192123377455,0.21144401770800492,0.9822946899496224,0.13146859083430415
valveEmu/train/section_00_source_train_normal_0566_noAttribute.wav,l1_layerwise_mse,in_support,frequency_modulation,0.5942390416756537,0.1192978626315432,1.1006076246889058,0.12995823660772193
sliderEmu/train/section_00_source_train_normal_0912_noAttribute.wav,l1_layerwise_mse,in_support,periodic_resonance,0.49519608912028235,0.5849014030043573,0.816049871087898,0.17381827407916145
ToyCar/train/section_00_source_train_normal_0317_noAttribute.wav,l1_layerwise_mse,in_support,periodic_resonance,0.39410841589522844,0.4242229651226316,0.9060583656353118,0.10396104286575139
ToyCar/train/section_00_source_train_normal_0053_noAttribute.wav,l1_layerwise_mse,in_support,periodic_resonance,0.9622819221517482,0.9587140203827716,0.28439436886924374,0.05314124344823312
gearboxEmu/train/section_00_source_train_normal_0937_pro_E.wav,l1_layerwise_mse,in_support,amplitude_modulation,0.21725521684111812,0.5402453132957308,0.9013643014174446,0.06896768263455208
bearingEmu/train/section_00_source_train_normal_0030_noAttribute.wav,l1_layerwise_mse,in_support,periodic_resonance,0.14745795282871907,0.2110664643596697,0.979539172448908,0.21083302634807366
fan/train/section_00_source_train_normal_0614_spd_3.wav,l1_layerwise_mse,in_support,amplitude_modulation,0.20708276507615037,0.21017957784002775,0.9776677018845833,0.13350906766807627
gearboxEmu/train/section_00_source_train_normal_0720_pro_D.wav,l1_layerwise_mse,in_support,frequency_modulation,0.24878547692527914,0.15118640749405127,0.9933117579807885,0.10403017731580143
sliderEmu/train/section_00_source_train_normal_0260_noAttribute.wav,l1_layerwise_mse,in_support,amplitude_modulation,0.27278385509484454,0.540601483388148,0.8828795604062787,0.10395260764054039
valveEmu/train/section_00_source_train_normal_0599_noAttribute.wav,l1_layerwise_mse,in_support,amplitude_modulation,0.684484409417354,0.8806105733501988,0.512825984406843,0.062486610170978146
sliderEmu/train/section_00_source_train_normal_0199_noAttribute.wav,l1_layerwise_mse,in_support,amplitude_modulation,0.9042908075774176,0.9193233066632414,0.3937900885681729,0.0792266688219122
ToyCarEmu/train/section_00_source_train_normal_0404_car_C1_spd_2_mic_2_mic_1.wav,l1_layerwise_mse,in_support,amplitude_modulation,0.713692364668903,0.770899816218616,0.6395202622801854,0.07609629965269268
valveEmu/train/section_00_source_train_normal_0390_noAttribute.wav,l1_layerwise_mse,in_support,frequency_modulation,0.30645626105427926,0.1446518888241701,1.0026247981834377,0.13626450871024107
valveEmu/train/section_00_source_train_normal_0526_noAttribute.wav,l1_layerwise_mse,in_support,amplitude_modulation,0.7666962930665794,0.8510876167847412,0.5317628833179062,0.07812467411949639
ToyCar/train/section_00_source_train_normal_0763_noAttribute.wav,l1_layerwise_mse,in_support,amplitude_modulation,0.6223160103668172,0.7741548036843098,0.6509526550284743,0.0978431258742825
sliderEmu/train/section_00_source_train_normal_0179_noAttribute.wav,l1_layerwise_mse,in_support,frequency_modulation,0.7612983821257682,0.8430142328428366,0.5440629407364719,0.0776138113217364
gearboxEmu/train/section_00_source_train_normal_0522_pro_F.wav,l1_layerwise_mse,in_support,frequency_modulation,0.9538490656828021,0.20222039581783433,1.2345252402758962,0.11962450644156197
valveEmu/train/section_00_source_train_normal_0849_noAttribute.wav,l1_layerwise_mse,in_support,frequency_modulation,0.45264929864177905,0.6683616500280148,0.7744833912437427,0.07293173426079526
ToyCar/train/section_00_source_train_normal_0851_noAttribute.wav,l1_layerwise_mse,in_support,periodic_resonance,0.6529020232320976,0.770605782173559,0.6480901969244921,0.0648577026761454
valveEmu/train/section_00_source_train_normal_0005_noAttribute.wav,l1_layerwise_mse,in_support,periodic_resonance,0.29648172942086565,0.43668458628660733,0.9104742792484641,0.13354588769957076
sliderEmu/train/section_00_source_train_normal_0706_noAttribute.wav,l1_layerwise_mse,in_support,frequency_modulation,0.9205330596117082,0.9424748480895755,0.3349964220706531,0.06502715938387792
valveEmu/train/section_00_source_train_normal_0504_noAttribute.wav,l1_layerwise_mse,in_support,frequency_modulation,0.6554909855766048,0.8020470012032193,0.614979083853485,0.08812456069499075
ToyCarEmu/train/section_00_source_train_normal_0798_car_D1_spd_3_mic_2_mic_1.wav,l1_layerwise_mse,in_support,frequency_modulation,0.5167966562069958,0.5472476449903291,0.8375244938331187,0.1025385924721836
sliderEmu/train/section_00_source_train_normal_0623_noAttribute.wav,l1_layerwise_mse,in_support,frequency_modulation,0.9457449779500705,0.28286171059730775,1.2328213437588886,0.1193245813709608
ToyCarEmu/train/section_00_source_train_normal_0131_car_B2_spd_3_mic_2_mic_1.wav,l1_layerwise_mse,in_support,amplitude_modulation,0.7858681356855973,0.8135786536073674,0.5821148058569857,0.07274368403874175
sliderEmu/train/section_00_source_train_normal_0778_noAttribute.wav,l1_layerwise_mse,in_support,periodic_resonance,0.7306368727951894,0.5924541455640924,0.8173692871089205,0.16318528088030748
bearingEmu/train/section_00_source_train_normal_0013_noAttribute.wav,l1_layerwise_mse,in_support,frequency_modulation,0.6246035382406393,0.743827464743869,0.6789219744149957,0.12856900261353496
ToyCar/train/section_00_source_train_normal_0539_noAttribute.wav,l1_layerwise_mse,in_support,amplitude_modulation,0.8739185584802935,0.8984192364970117,0.4398217351557391,0.04723511686935019
ToyCarEmu/train/section_00_source_train_normal_0793_car_D1_spd_3_mic_2_mic_1.wav,l1_layerwise_mse,in_support,amplitude_modulation,0.7498511089128711,0.7894725681992179,0.6150633496615701,0.056728692438238616
ToyCar/train/section_00_source_train_normal_0411_noAttribute.wav,l1_layerwise_mse,in_support,frequency_modulation,0.9491635727077993,0.9442218687801527,0.3293470554825484,0.045320680899478855
ToyCar/train/section_00_source_train_normal_0436_noAttribute.wav,l1_layerwise_mse,in_support,periodic_resonance,0.9596775491985183,0.9764639849993736,0.2163327770497096,0.04411030897609125
ToyCar/train/section_00_source_train_normal_0612_noAttribute.wav,l1_layerwise_mse,in_support,amplitude_modulation,0.890105582370782,0.9474347143215415,0.3250447530243904,0.04563098089755154
sliderEmu/train/section_00_source_train_normal_0918_noAttribute.wav,l1_layerwise_mse,in_support,periodic_resonance,0.694265770564011,0.7540761937855992,0.659504647968283,0.09099513056187854
ToyCar/train/section_00_source_train_normal_0283_noAttribute.wav,l1_layerwise_mse,in_support,periodic_resonance,0.9385920556565795,0.9273811133644893,0.37428592787054776,0.0596246078576882
sliderEmu/train/section_00_source_train_normal_0782_noAttribute.wav,l1_layerwise_mse,in_support,frequency_modulation,0.9461649200521572,0.8691256105868619,0.5005554197338238,0.08953362047570255
valveEmu/train/section_00_source_train_normal_0468_noAttribute.wav,l1_layerwise_mse,in_support,amplitude_modulation,0.07152030360890022,0.13899665153973714,0.9925890329793213,0.1309446828634991
sliderEmu/train/section_00_source_train_normal_0074_noAttribute.wav,l1_layerwise_mse,in_support,frequency_modulation,0.9047842113760128,0.8291812270069613,0.5640694141900776,0.08055731472016646
sliderEmu/train/section_00_source_train_normal_0344_noAttribute.wav,l1_layerwise_mse,in_support,amplitude_modulation,0.8951070083088911,0.9125499224372319,0.4093371401584408,0.08500979160816474
ToyCar/train/section_00_source_train_normal_0977_noAttribute.wav,l1_layerwise_mse,in_support,periodic_resonance,0.6688872722082617,0.7865631131264061,0.6286223608850458,0.08876958647317663
sliderEmu/train/section_00_source_train_normal_0092_noAttribute.wav,l1_layerwise_mse,in_support,periodic_resonance,0.6200590966327254,0.5088350656800621,0.868019389757928,0.11143205918065313
sliderEmu/train/section_00_source_train_normal_0040_noAttribute.wav,l1_layerwise_mse,in_support,frequency_modulation,0.44035278085055474,0.565392509931678,0.8342459131226464,0.12917899614926567
valveEmu/train/section_00_source_train_normal_0422_noAttribute.wav,l1_layerwise_mse,in_support,periodic_resonance,0.3049478420031924,0.4775785841537208,0.8953882225566571,0.14553445313600932
fan/train/section_00_source_train_normal_0318_spd_3.wav,l1_layerwise_mse,in_support,periodic_resonance,0.8808986015495859,0.9364989017613736,0.3550509827945587,0.0861343916078173
bearingEmu/train/section_00_source_train_normal_0148_noAttribute.wav,l1_layerwise_mse,in_support,frequency_modulation,0.4296561679496097,0.5199991771559992,0.8589311468735719,0.14763594182906659
ToyCarEmu/train/section_00_source_train_normal_0907_car_D2_spd_5_mic_2_mic_1.wav,l1_layerwise_mse,in_support,amplitude_modulation,0.526391130365392,0.6434159523565481,0.7744099180764524,0.08171362053622751
bearingEmu/train/section_00_source_train_normal_0335_noAttribute.wav,l1_layerwise_mse,in_support,amplitude_modulation,0.6503473169597143,0.7909594653689103,0.6278175693810881,0.11627480629769409
ToyCarEmu/train/section_00_source_train_normal_0887_car_D1_spd_5_mic_2_mic_1.wav,l1_layerwise_mse,in_support,amplitude_modulation,0.8572640683996592,0.9106424564061398,0.41662881429008536,0.04338374314714802
gearboxEmu/train/section_00_source_train_normal_0216_pro_D.wav,l1_layerwise_mse,in_support,amplitude_modulation,0.023984831856711478,0.20213576363562513,0.9954289967411727,0.10465456771556161
sliderEmu/train/section_00_source_train_normal_0152_noAttribute.wav,l1_layerwise_mse,in_support,periodic_resonance,0.9609175262345985,0.9702645451439808,0.2422273295873867,0.05603425207964889
ToyCarEmu/train/section_00_source_train_normal_0214_car_B1_spd_5_mic_2_mic_1.wav,l1_layerwise_mse,in_support,amplitude_modulation,0.8323408357188682,0.8458183881730745,0.5336411703087182,0.0566846645347271
ToyCar/train/section_00_source_train_normal_0698_noAttribute.wav,l1_layerwise_mse,in_support,periodic_resonance,0.9743041840186845,0.9749057979865455,0.22261861330891333,0.04800332728591524
valveEmu/train/section_00_source_train_normal_0152_noAttribute.wav,l1_layerwise_mse,in_support,frequency_modulation,0.20965250255945553,0.15409815264232252,0.9896161099875742,0.1275695767563331
sliderEmu/train/section_00_source_train_normal_0135_noAttribute.wav,l1_layerwise_mse,in_support,frequency_modulation,0.46185410352271977,0.3981409326471467,0.9195342113776303,0.1083542325561054
valveEmu/train/section_00_source_train_normal_0291_noAttribute.wav,l1_layerwise_mse,in_support,periodic_resonance,0.21182030830021367,0.39789446612313856,0.9361108834097025,0.1505335433251082
sliderEmu/train/section_00_source_train_normal_0159_noAttribute.wav,l1_layerwise_mse,in_support,amplitude_modulation,0.9224511848029499,0.9505063095805226,0.31196930213388147,0.05981125118267534
bearingEmu/train/section_00_source_train_normal_0816_noAttribute.wav,l1_layerwise_mse,in_support,frequency_modulation,0.1802929088790108,0.0520155526099227,1.0068512613182103,0.14532408645948805
ToyCar/train/section_00_source_train_normal_0036_noAttribute.wav,l1_layerwise_mse,in_support,frequency_modulation,0.7774102976359841,0.6264850937756421,0.7939111061304097,0.09148837775528113
ToyCarEmu/train/section_00_source_train_normal_0933_car_D1_spd_5_mic_2_mic_1.wav,l1_layerwise_mse,in_support,amplitude_modulation,0.7640594316751524,0.8210179521169176,0.5737366951421689,0.06593022597861842
valveEmu/train/section_00_source_train_normal_0485_noAttribute.wav,l1_layerwise_mse,in_support,periodic_resonance,0.821763293690336,0.8346570751670986,0.5509208804123099,0.10885529337753148
sliderEmu/train/section_00_source_train_normal_0682_noAttribute.wav,l1_layerwise_mse,in_support,frequency_modulation,0.28695471236121484,0.4377343423499984,0.9116595539712009,0.14101792294600052
ToyCar/train/section_00_source_train_normal_0369_noAttribute.wav,l1_layerwise_mse,in_support,frequency_modulation,0.8673943342760932,0.8252599135704404,0.5663226858089919,0.05300179666654687
ToyCarEmu/train/section_00_source_train_normal_0628_car_C1_spd_5_mic_2_mic_1.wav,l1_layerwise_mse,in_support,frequency_modulation,0.7814384672957719,0.5686423221951649,0.8496635268023272,0.09431596653207712
valveEmu/train/section_00_source_train_normal_0381_noAttribute.wav,l1_layerwise_mse,in_support,frequency_modulation,0.7904156208409349,0.9056237540775751,0.43945253442699733,0.06844243548832256
sliderEmu/train/section_00_source_train_normal_0317_noAttribute.wav,l1_layerwise_mse,in_support,amplitude_modulation,0.8548971565564003,0.948541723060986,0.330208880026458,0.05492545068926277
bearingEmu/train/section_00_source_train_normal_0234_noAttribute.wav,l1_layerwise_mse,in_support,amplitude_modulation,0.18749854256566467,0.4526433966233962,0.9302772431520242,0.15007354874967235
gearboxEmu/train/section_00_source_train_normal_0611_pro_B.wav,l1_layerwise_mse,in_support,amplitude_modulation,0.045775092642424256,0.11920800205578509,0.995581159138108,0.13787516245273765
bearingEmu/train/section_00_source_train_normal_0924_noAttribute.wav,l1_layerwise_mse,in_support,frequency_modulation,0.14500332326696636,0.11053071548132412,0.9944703724207821,0.16591179516268967
bearingEmu/train/section_00_source_train_normal_0978_noAttribute.wav,l1_layerwise_mse,in_support,frequency_modulation,0.2582709553116216,0.46371640345853493,0.9094915773814332,0.060411829710371935
sliderEmu/train/section_00_source_train_normal_0756_noAttribute.wav,l1_layerwise_mse,in_support,amplitude_modulation,0.023293218597912814,0.01668281874475628,0.9998826835909043,0.17440391629101576
valveEmu/train/section_00_source_train_normal_0149_noAttribute.wav,l1_layerwise_mse,in_support,frequency_modulation,0.8288825900112097,0.9219066134504358,0.39842397645369027,0.06917700647599286
sliderEmu/train/section_00_source_train_normal_0355_noAttribute.wav,l1_layerwise_mse,in_support,periodic_resonance,0.3255075085014778,0.5122560834135207,0.8789020054804285,0.13974473201183554
bearingEmu/train/section_00_source_train_normal_0631_noAttribute.wav,l1_layerwise_mse,in_support,frequency_modulation,0.9623433917600548,0.43392658645932203,1.0444769206105,0.08399787563428184
valveEmu/train/section_00_source_train_normal_0796_noAttribute.wav,l1_layerwise_mse,in_support,amplitude_modulation,0.2537311969579461,0.4341586516566304,0.9187275611413551,0.10593088537047801
fan/train/section_00_source_train_normal_0316_spd_2.wav,l1_layerwise_mse,in_support,frequency_modulation,0.780315205830016,0.7521532463322295,0.6595897133784333,0.06847755987685675
ToyCarEmu/train/section_00_source_train_normal_0491_car_C1_spd_3_mic_2_mic_1.wav,l1_layerwise_mse,in_support,frequency_modulation,0.780747281083679,0.7939013043525064,0.608188907557139,0.054373541812909106
bearingEmu/train/section_00_source_train_normal_0239_noAttribute.wav,l1_layerwise_mse,in_support,periodic_resonance,0.8381823389010895,0.9113153568755024,0.418153989148641,0.06726102501596883
gearboxEmu/train/section_00_source_train_normal_0225_pro_B.wav,l1_layerwise_mse,in_support,frequency_modulation,0.5037444500083494,0.07335833958808137,1.086209352774854,0.18550317458037496
bearingEmu/train/section_00_source_train_normal_0222_noAttribute.wav,l1_layerwise_mse,in_support,amplitude_modulation,0.7980416092394883,0.8836832682303186,0.4758554141800686,0.08689130746666739
bearingEmu/train/section_00_source_train_normal_0066_noAttribute.wav,l1_layerwise_mse,in_support,periodic_resonance,0.7082398108883681,0.7868627790977586,0.6221161772535795,0.09340500058740633
valveEmu/train/section_00_source_train_normal_0755_noAttribute.wav,l1_layerwise_mse,in_support,amplitude_modulation,0.34994913318274384,0.5396013327870083,0.8630170093742188,0.10951086203850555
sliderEmu/train/section_00_source_train_normal_0728_noAttribute.wav,l1_layerwise_mse,in_support,periodic_resonance,0.7583269386728793,0.45813237085119224,0.9382065387364955,0.17435313807256916
sliderEmu/train/section_00_source_train_normal_0557_noAttribute.wav,l1_layerwise_mse,in_support,periodic_resonance,0.7631542182108,0.8210795124368698,0.5737453912386654,0.09499934790253646
ToyCar/train/section_00_source_train_normal_0032_noAttribute.wav,l1_layerwise_mse,in_support,periodic_resonance,0.7634253678350815,0.8068303541434417,0.5923755333141278,0.0687933078649443
ToyCar/train/section_00_source_train_normal_0701_noAttribute.wav,l1_layerwise_mse,in_support,periodic_resonance,0.9660560416841187,0.9694401386596778,0.24535131886306394,0.04528357095995385
ToyCarEmu/train/section_00_source_train_normal_0618_car_C1_spd_5_mic_2_mic_1.wav,l1_layerwise_mse,in_support,frequency_modulation,0.5369784046368984,0.530444330587558,0.8477449535510074,0.09036323614414822
ToyCarEmu/train/section_00_source_train_normal_0180_car_B1_spd_3_mic_2_mic_1.wav,l1_layerwise_mse,in_support,amplitude_modulation,0.6049450152405735,0.7021237496523361,0.7186556523092377,0.10602017243954069
ToyCar/train/section_00_source_train_normal_0620_noAttribute.wav,l1_layerwise_mse,in_support,amplitude_modulation,0.6181738760170704,0.7151892092130134,0.7056318940498539,0.07634473765398049
ToyCarEmu/train/section_00_source_train_normal_0122_car_B2_spd_3_mic_2_mic_1.wav,l1_layerwise_mse,in_support,frequency_modulation,0.9121385839909147,0.8940063314355366,0.4484210721363406,0.05487233639776822
ToyCarEmu/train/section_00_source_train_normal_0505_car_C2_spd_3_mic_2_mic_1.wav,l1_layerwise_mse,in_support,amplitude_modulation,0.9417155610651056,0.9627590271849096,0.2711786920838395,0.04730070704006365
bearingEmu/train/section_00_source_train_normal_0220_noAttribute.wav,l1_layerwise_mse,in_support,frequency_modulation,0.1854751255531975,0.11990921859517337,0.9949475702021304,0.17031405957091061
ToyCar/train/section_00_source_train_normal_0922_noAttribute.wav,l1_layerwise_mse,in_support,amplitude_modulation,0.7364804629889715,0.7782115607355107,0.6293872029654969,0.07770618300773972
valveEmu/train/section_00_source_train_normal_0946_noAttribute.wav,l1_layerwise_mse,in_support,periodic_resonance,0.8598732001345464,0.9379987779444146,0.3553335031810407,0.075120883885469
ToyCarEmu/train/section_00_source_train_normal_0811_car_D1_spd_3_mic_2_mic_1.wav,l1_layerwise_mse,in_support,periodic_resonance,0.8074964089024678,0.8094890070082074,0.5871384146690433,0.06628434285578204
ToyCarEmu/train/section_00_source_train_normal_0703_car_D1_spd_2_mic_2_mic_1.wav,l1_layerwise_mse,in_support,amplitude_modulation,0.9163301452551976,0.9477718941347635,0.32049496136571065,0.04327259837408546
sliderEmu/train/section_00_source_train_normal_0102_noAttribute.wav,l1_layerwise_mse,in_support,amplitude_modulation,0.5311103936007278,0.7251199592839096,0.7154304691755013,0.09758088461303382
sliderEmu/train/section_00_source_train_normal_0335_noAttribute.wav,l1_layerwise_mse,in_support,amplitude_modulation,0.9155529353717748,0.9422912139153996,0.3358603931953263,0.06276903688559421
valveEmu/train/section_00_source_train_normal_0813_noAttribute.wav,l1_layerwise_mse,in_support,frequency_modulation,0.2541323995352019,0.3507812475751853,0.9414316311751227,0.10930191711092717
sliderEmu/train/section_00_source_train_normal_0893_noAttribute.wav,l1_layerwise_mse,in_support,periodic_resonance,0.543465019434514,0.48569390802003776,0.8760359176576533,0.17797958312101855
gearboxEmu/train/section_00_source_train_normal_0410_pro_D.wav,l1_layerwise_mse,in_support,periodic_resonance,0.8828493188136776,0.9432463830048342,0.33754120683437727,0.06844232466103056
ToyCarEmu/train/section_00_source_train_normal_0651_car_C2_spd_5_mic_2_mic_1.wav,l1_layerwise_mse,in_support,amplitude_modulation,0.7472766681786512,0.8019381803642555,0.5999025219054209,0.08689603909012764
ToyCar/train/section_00_source_train_normal_0327_noAttribute.wav,l1_layerwise_mse,in_support,periodic_resonance,0.8936799077954697,0.9305113313838377,0.36811033119137543,0.054420777147678984
sliderEmu/train/section_00_source_train_normal_0063_noAttribute.wav,l1_layerwise_mse,in_support,periodic_resonance,0.7527842825909943,0.7301021313242075,0.6837143832200249,0.1312558181542241
fan/train/section_00_source_train_normal_0601_spd_2.wav,l1_layerwise_mse,in_support,frequency_modulation,0.38188464365500907,0.1129172721848241,1.0293654047800123,0.16932960868167327
fan/train/section_00_source_train_normal_0706_spd_1.wav,l1_layerwise_mse,in_support,frequency_modulation,0.2999692708257822,0.12556750668332617,1.0072977596526929,0.15302814382412663
ToyCarEmu/train/section_00_source_train_normal_0110_car_B2_spd_2_mic_2_mic_1.wav,l1_layerwise_mse,in_support,amplitude_modulation,0.9075257495691299,0.9592016135764172,0.28740678390270696,0.04609563396428549
bearingEmu/train/section_00_source_train_normal_0078_noAttribute.wav,l1_layerwise_mse,in_support,amplitude_modulation,0.7633506453922305,0.8903204459988909,0.4727058638333474,0.061246015048822794
gearboxEmu/train/section_00_source_train_normal_0915_pro_A.wav,l1_layerwise_mse,in_support,frequency_modulation,0.4639541923392656,0.40946662860708555,0.913950750674573,0.07974813434583557
gearboxEmu/train/section_00_source_train_normal_0883_pro_E.wav,l1_layerwise_mse,in_support,amplitude_modulation,0.04695814070068723,0.11150093574389468,0.9958580791057656,0.11957288155344215
bearingEmu/train/section_00_source_train_normal_0600_noAttribute.wav,l1_layerwise_mse,in_support,periodic_resonance,0.26670717540702193,0.44179356750545323,0.9140424981415526,0.16949874721940075
ToyCar/train/section_00_source_train_normal_0591_noAttribute.wav,l1_layerwise_mse,in_support,frequency_modulation,0.7874388419207283,0.8507660807467935,0.5293462147102538,0.09498710116898969
valveEmu/train/section_00_source_train_normal_0956_noAttribute.wav,l1_layerwise_mse,in_support,frequency_modulation,0.45726537704864223,0.633280421762997,0.7936858341796689,0.08612032221505452
gearboxEmu/train/section_00_source_train_normal_0397_pro_D.wav,l1_layerwise_mse,in_support,frequency_modulation,0.6439766033685327,0.5763389935188528,0.8200050065797484,0.12956280415432167
gearboxEmu/train/section_00_source_train_normal_0266_pro_D.wav,l1_layerwise_mse,in_support,amplitude_modulation,0.9280597524457229,0.9610960672599798,0.27818293907769986,0.05819566765006697
sliderEmu/train/section_00_source_train_normal_0107_noAttribute.wav,l1_layerwise_mse,in_support,amplitude_modulation,0.8714256155971766,0.9201823472285763,0.3945144696057221,0.06675697448290059
valveEmu/train/section_00_source_train_normal_0830_noAttribute.wav,l1_layerwise_mse,in_support,amplitude_modulation,0.18430843767156574,0.23114369336248483,0.9740462690213351,0.13565019350218005
fan/train/section_00_source_train_normal_0609_spd_1.wav,l1_layerwise_mse,in_support,frequency_modulation,0.8604229817791714,0.8625387656312671,0.5059954093908353,0.06640120022700949
fan/train/section_00_source_train_normal_0812_spd_2.wav,l1_layerwise_mse,in_support,frequency_modulation,0.8895379981510171,0.9521498253477612,0.3119790874323836,0.06442308002392545
gearboxEmu/train/section_00_source_train_normal_0946_pro_C.wav,l1_layerwise_mse,in_support,periodic_resonance,0.901635458157497,0.960527500470385,0.2843504765037284,0.0657364738731207
gearboxEmu/train/section_00_source_train_normal_0960_pro_E.wav,l1_layerwise_mse,in_support,periodic_resonance,0.06421874330727392,0.2244575499522484,0.9875703941615703,0.323512247419913
sliderEmu/train/section_00_source_train_normal_0887_noAttribute.wav,l1_layerwise_mse,in_support,periodic_resonance,0.6446806235792172,0.7908545554507408,0.6292184759537758,0.13607116109698
bearingEmu/train/section_00_source_train_normal_0531_noAttribute.wav,l1_layerwise_mse,in_support,periodic_resonance,0.6478437598907809,0.7701567761637038,0.6494759534262301,0.11280220871790614
valveEmu/train/section_00_source_train_normal_0456_noAttribute.wav,l1_layerwise_mse,in_support,periodic_resonance,0.7359557956703481,0.7883418387871538,0.6174637177447151,0.09603923450952044
sliderEmu/train/section_00_source_train_normal_0821_noAttribute.wav,l1_layerwise_mse,in_support,amplitude_modulation,0.09612493111801068,0.16321497738716603,0.9888690234125571,0.14314500566929136
ToyCar/train/section_00_source_train_normal_0978_noAttribute.wav,l1_layerwise_mse,in_support,amplitude_modulation,0.8505372677615878,0.8616648894336535,0.5075996870382865,0.06598802028259806
bearingEmu/train/section_00_source_train_normal_0379_noAttribute.wav,l1_layerwise_mse,in_support,frequency_modulation,0.2859603898854513,0.6379223968155071,0.8467185305421108,0.06352947634356369
gearboxEmu/train/section_00_source_train_normal_0953_pro_B.wav,l1_layerwise_mse,in_support,amplitude_modulation,0.6538850574363697,0.6791234495216594,0.7344578386434808,0.09335823452159586
ToyCarEmu/train/section_00_source_train_normal_0156_car_B2_spd_3_mic_2_mic_1.wav,l1_layerwise_mse,in_support,amplitude_modulation,0.8928641985660455,0.8781380583953189,0.47863389934482,0.06010627670309534
ToyCar/train/section_00_source_train_normal_0563_noAttribute.wav,l1_layerwise_mse,in_support,frequency_modulation,0.7768642872049177,0.7481743329266448,0.6641221883255066,0.06102478930898178
valveEmu/train/section_00_source_train_normal_0766_noAttribute.wav,l1_layerwise_mse,in_support,amplitude_modulation,0.22826684292884517,0.5177186450007443,0.9031886571150365,0.09827116255716098
ToyCar/train/section_00_source_train_normal_0750_noAttribute.wav,l1_layerwise_mse,in_support,amplitude_modulation,0.8490417845136085,0.8830844768290208,0.47044735272259364,0.04903842447801925
gearboxEmu/train/section_00_source_train_normal_0917_pro_A.wav,l1_layerwise_mse,in_support,amplitude_modulation,0.01197710319725749,0.04978391606655717,0.9994753207560516,0.16112503410108392
fan/train/section_00_source_train_normal_0090_spd_3.wav,l1_layerwise_mse,in_support,periodic_resonance,0.8630878888181569,0.8804108407543543,0.4745280140792477,0.0848706648592668
fan/train/section_00_source_train_normal_0176_spd_3.wav,l1_layerwise_mse,in_support,frequency_modulation,0.7881230655467973,0.0594122455245688,1.2359165199556146,0.18592636378556282
gearboxEmu/train/section_00_source_train_normal_0958_pro_B.wav,l1_layerwise_mse,in_support,amplitude_modulation,0.8058679500204639,0.8837863574891882,0.4743342202903507,0.07401510129879375
sliderEmu/train/section_00_source_train_normal_0586_noAttribute.wav,l1_layerwise_mse,in_support,periodic_resonance,0.8613779343892096,0.6388641088249104,0.8008527036993833,0.16360829750236122
ToyCarEmu/train/section_00_source_train_normal_0185_car_B1_spd_3_mic_2_mic_1.wav,l1_layerwise_mse,in_support,frequency_modulation,0.8949010698299728,0.8605661681047437,0.5104946187669359,0.05275178675726488
sliderEmu/train/section_00_source_train_normal_0284_noAttribute.wav,l1_layerwise_mse,in_support,amplitude_modulation,0.9352585937199869,0.9607046887278523,0.2787364432711833,0.07046323154885979
fan/train/section_00_source_train_normal_0140_spd_3.wav,l1_layerwise_mse,in_support,frequency_modulation,0.4132705716631563,0.12722429286168302,1.0322966884195721,0.14731961914584474
sliderEmu/train/section_00_source_train_normal_0390_noAttribute.wav,l1_layerwise_mse,in_support,amplitude_modulation,0.8533241634484635,0.9329429771932537,0.3687228726400297,0.05334642078623187
ToyCar/train/section_00_source_train_normal_0023_noAttribute.wav,l1_layerwise_mse,in_support,frequency_modulation,0.9746171813584215,0.681195809709581,0.7887131101829078,0.11429854312523377
ToyCarEmu/train/section_00_source_train_normal_0684_car_D2_spd_2_mic_2_mic_1.wav,l1_layerwise_mse,in_support,periodic_resonance,0.8315373403459664,0.8573900833714421,0.5153160285283709,0.059062735099287354
ToyCar/train/section_00_source_train_normal_0110_noAttribute.wav,l1_layerwise_mse,in_support,periodic_resonance,0.8961039943954893,0.9371241570391436,0.3513985885529233,0.05060866613613714
ToyCar/train/section_00_source_train_normal_0852_noAttribute.wav,l1_layerwise_mse,in_support,amplitude_modulation,0.8119018464730191,0.8503411010242917,0.527633952849182,0.05314524948005465
valveEmu/train/section_00_source_train_normal_0949_noAttribute.wav,l1_layerwise_mse,in_support,periodic_resonance,0.17535686070045997,0.3535342616306398,0.9522398395653862,0.1469025752384802
ToyCar/train/section_00_source_train_normal_0483_noAttribute.wav,l1_layerwise_mse,in_support,periodic_resonance,0.09883634929022579,0.21239690653102722,0.9837599068151188,0.09475057515294082
bearingEmu/train/section_00_source_train_normal_0316_noAttribute.wav,l1_layerwise_mse,in_support,periodic_resonance,0.7953946399067443,0.7445975675939986,0.6694436532589182,0.12016176450040521
sliderEmu/train/section_00_source_train_normal_0503_noAttribute.wav,l1_layerwise_mse,in_support,periodic_resonance,0.5698832873433732,0.705479306404278,0.7215852192364419,0.08823489141756892
ToyCar/train/section_00_source_train_normal_0005_noAttribute.wav,l1_layerwise_mse,in_support,periodic_resonance,0.5613478004342443,0.5833985628792013,0.8124852939929968,0.08741611885886177
valveEmu/train/section_00_source_train_normal_0677_noAttribute.wav,l1_layerwise_mse,in_support,amplitude_modulation,0.12219912714817499,0.24068243170583062,0.9778089079810381,0.12667109169499974
sliderEmu/train/section_00_source_train_normal_0882_noAttribute.wav,l1_layerwise_mse,in_support,frequency_modulation,0.4909107893550672,0.46944854274096287,0.8832206370710045,0.09395804276818112
fan/train/section_00_source_train_normal_0201_spd_1.wav,l1_layerwise_mse,in_support,frequency_modulation,0.34854459742868926,0.30976124163442614,0.9516050240870754,0.13428036653994244
ToyCar/train/section_00_source_train_normal_0723_noAttribute.wav,l1_layerwise_mse,in_support,frequency_modulation,0.9375230309408689,0.9399747486643162,0.3412528136048867,0.04826090038685835
valveEmu/train/section_00_source_train_normal_0838_noAttribute.wav,l1_layerwise_mse,in_support,periodic_resonance,0.0970204350662536,0.3788169454022175,0.9674228626167878,0.1595035382507633
fan/train/section_00_source_train_normal_0517_spd_1.wav,l1_layerwise_mse,in_support,amplitude_modulation,0.7093313259178552,0.8720883203043142,0.5157051491021915,0.08413234593342102
ToyCar/train/section_00_source_train_normal_0799_noAttribute.wav,l1_layerwise_mse,in_support,periodic_resonance,0.868134982714618,0.861735783421424,0.5073976638916056,0.06960105974921717
bearingEmu/train/section_00_source_train_normal_0879_noAttribute.wav,l1_layerwise_mse,in_support,periodic_resonance,0.261957807319106,0.6199882514374488,0.8624386163635719,0.16856992907347373
sliderEmu/train/section_00_source_train_normal_0356_noAttribute.wav,l1_layerwise_mse,in_support,frequency_modulation,0.8912542329042457,0.9514541672470544,0.31362238396372893,0.05379935125346873
valveEmu/train/section_00_source_train_normal_0478_noAttribute.wav,l1_layerwise_mse,in_support,frequency_modulation,0.7665022688936705,0.8529326989934333,0.5291276124291825,0.08377176887207785
valveEmu/train/section_00_source_train_normal_0077_noAttribute.wav,l1_layerwise_mse,in_support,frequency_modulation,0.2877007332470949,0.31798088134670377,0.948580542951893,0.12037816327893987
fan/train/section_00_source_train_normal_0833_spd_1.wav,l1_layerwise_mse,in_support,amplitude_modulation,0.32301991738165464,0.4560375635055057,0.8998463395782037,0.12076633084260603
sliderEmu/train/section_00_source_train_normal_0766_noAttribute.wav,l1_layerwise_mse,in_support,amplitude_modulation,0.25135606579097597,0.40111822849937495,0.9281879508723545,0.11679753029270248
ToyCar/train/section_00_source_train_normal_0340_noAttribute.wav,l1_layerwise_mse,in_support,periodic_resonance,0.7889616460511084,0.8601630901225159,0.5149651483632057,0.06454039098715622
ToyCarEmu/train/section_00_source_train_normal_0763_car_D2_spd_2_mic_2_mic_1.wav,l1_layerwise_mse,in_support,frequency_modulation,0.5320776481077036,0.5824467899682327,0.8144278895687865,0.10525105227058355
ToyCarEmu/train/section_00_source_train_normal_0832_car_D2_spd_3_mic_2_mic_1.wav,l1_layerwise_mse,in_support,periodic_resonance,0.2811467374291951,0.40862011290700545,0.9215633807739828,0.09392171255819746
sliderEmu/train/section_00_source_train_normal_0132_noAttribute.wav,l1_layerwise_mse,in_support,periodic_resonance,0.2738501336490443,0.43450548132044714,0.9148853083517661,0.1845300324873634
ToyCar/train/section_00_source_train_normal_0554_noAttribute.wav,l1_layerwise_mse,in_support,periodic_resonance,0.8664303225906931,0.910699830630191,0.4154342400816291,0.061572365398621445
ToyCar/train/section_00_source_train_normal_0396_noAttribute.wav,l1_layerwise_mse,in_support,periodic_resonance,0.9874617436466417,0.9818854586666629,0.18955748735709554,0.045956587362437136
sliderEmu/train/section_00_source_train_normal_0501_noAttribute.wav,l1_layerwise_mse,in_support,frequency_modulation,0.8670639648203161,0.8224309168771986,0.5706132630190286,0.06221679310626255
ToyCar/train/section_00_source_train_normal_0919_noAttribute.wav,l1_layerwise_mse,in_support,amplitude_modulation,0.7844132481036115,0.7573399612693748,0.6535817821240971,0.10452526589730315
sliderEmu/train/section_00_source_train_normal_0058_noAttribute.wav,l1_layerwise_mse,in_support,periodic_resonance,0.9369043430969648,0.9843395468876265,0.1825534305120651,0.05158684294426357
bearingEmu/train/section_00_source_train_normal_0659_noAttribute.wav,l1_layerwise_mse,in_support,frequency_modulation,0.21750548802258587,0.22613686385550302,0.9741337790336432,0.1305543024694595
gearboxEmu/train/section_00_source_train_normal_0822_pro_B.wav,l1_layerwise_mse,in_support,amplitude_modulation,0.7965626632661499,0.8098808427933968,0.5867455959631718,0.09928608941934526
fan/train/section_00_target_train_normal_0005_spd_1.wav,l1_layerwise_mse,in_support,periodic_resonance,0.9506191798012206,0.962828129465935,0.27039055375705057,0.06864179530022149
valveEmu/train/section_00_source_train_normal_0476_noAttribute.wav,l1_layerwise_mse,in_support,periodic_resonance,0.5602144693171343,0.6587848729092914,0.7587612376039047,0.11702089474387772
gearboxEmu/train/section_00_source_train_normal_0487_pro_D.wav,l1_layerwise_mse,in_support,periodic_resonance,0.4858188079467596,0.6276035461186436,0.7913385501021504,0.14080646070695385
bearingEmu/train/section_00_source_train_normal_0890_noAttribute.wav,l1_layerwise_mse,in_support,frequency_modulation,0.5166286842418552,0.4771897757704616,0.8796847988919394,0.07411907545422278
sliderEmu/train/section_00_source_train_normal_0979_noAttribute.wav,l1_layerwise_mse,in_support,periodic_resonance,0.5838498727946148,0.6105124230218536,0.7924553444331142,0.1454451176771056
ToyCar/train/section_00_source_train_normal_0322_noAttribute.wav,l1_layerwise_mse,in_support,periodic_resonance,0.6152208374928735,0.5766535559767433,0.8178985949266091,0.09264698321800373
gearboxEmu/train/section_00_source_train_normal_0143_pro_B.wav,l1_layerwise_mse,in_support,amplitude_modulation,0.8090181632409684,0.8665004144965402,0.5024751146939845,0.0965347605921108
sliderEmu/train/section_00_source_train_normal_0471_noAttribute.wav,l1_layerwise_mse,in_support,periodic_resonance,0.9297836794761316,0.9508148468522939,0.3104729247558526,0.06734861686997623
valveEmu/train/section_00_source_train_normal_0776_noAttribute.wav,l1_layerwise_mse,in_support,frequency_modulation,0.7784494540530628,0.888000023737928,0.4727126877498821,0.07384086024172545
ToyCarEmu/train/section_00_source_train_normal_0680_car_D1_spd_2_mic_2_mic_1.wav,l1_layerwise_mse,in_support,amplitude_modulation,0.753121857365222,0.8662625071819753,0.5122402515341363,0.06788030377822833
fan/train/section_00_source_train_normal_0221_spd_1.wav,l1_layerwise_mse,in_support,frequency_modulation,0.33735861375353887,0.2933069018984841,0.9570327134513605,0.1389583130829613
ToyCar/train/section_00_source_train_normal_0795_noAttribute.wav,l1_layerwise_mse,in_support,amplitude_modulation,0.9251439659246956,0.9640296333458979,0.26862420062564385,0.047912769534496254
sliderEmu/train/section_00_source_train_normal_0314_noAttribute.wav,l1_layerwise_mse,in_support,amplitude_modulation,0.019665289726134044,0.014027397088771579,0.9999175055794876,0.20073353255305718
ToyCar/train/section_00_source_train_normal_0720_noAttribute.wav,l1_layerwise_mse,in_support,amplitude_modulation,0.8467228676733015,0.8877903687591896,0.46207661787182175,0.08071688200593374
ToyCarEmu/train/section_00_source_train_normal_0199_car_B2_spd_3_mic_2_mic_1.wav,l1_layerwise_mse,in_support,amplitude_modulation,0.7748730886626962,0.7753556175367164,0.6315250582426413,0.08177035345281432
gearboxEmu/train/section_00_source_train_normal_0909_pro_B.wav,l1_layerwise_mse,in_support,amplitude_modulation,0.7345503671154843,0.7760211435511822,0.6320688333241048,0.08520034810932894
ToyCar/train/section_00_source_train_normal_0089_noAttribute.wav,l1_layerwise_mse,in_support,periodic_resonance,0.5883218848919619,0.5847552083672244,0.8112176449442134,0.08800088641433969
ToyCarEmu/train/section_00_source_train_normal_0614_car_C1_spd_5_mic_2_mic_1.wav,l1_layerwise_mse,in_support,amplitude_modulation,0.8513853426305221,0.8889285060736254,0.45958198421068264,0.05608818161955225
valveEmu/train/section_00_source_train_normal_0939_noAttribute.wav,l1_layerwise_mse,in_support,frequency_modulation,0.35220122435629286,0.4343255168110081,0.9044919816438609,0.13195057873565263
fan/train/section_00_source_train_normal_0636_spd_3.wav,l1_layerwise_mse,in_support,amplitude_modulation,0.36195202895560785,0.6447589168319239,0.8150249536032693,0.09639615069732299
gearboxEmu/train/section_00_source_train_normal_0598_pro_C.wav,l1_layerwise_mse,in_support,amplitude_modulation,0.08746698572279815,-0.15203703877352226,1.0169793098145667,0.1692235826267366
ToyCar/train/section_00_source_train_normal_0643_noAttribute.wav,l1_layerwise_mse,in_support,frequency_modulation,0.9403607613473729,0.9596821145213181,0.28175087179344066,0.04303373328615644
ToyCar/train/section_00_source_train_normal_0463_noAttribute.wav,l1_layerwise_mse,in_support,amplitude_modulation,0.9138219422278138,0.9493041764379291,0.31635513199890825,0.04849922704293015
valveEmu/train/section_00_source_train_normal_0213_noAttribute.wav,l1_layerwise_mse,in_support,amplitude_modulation,0.3971846751860926,0.6799047441311147,0.7859135934008787,0.08672443780993583
bearingEmu/train/section_00_source_train_normal_0338_noAttribute.wav,l1_layerwise_mse,in_support,amplitude_modulation,0.7595185854847516,0.851095562292482,0.5329377886088466,0.08255555649635223
bearingEmu/train/section_00_source_train_normal_0337_noAttribute.wav,l1_layerwise_mse,in_support,periodic_resonance,0.4547417990609148,0.7094354098122259,0.7493799000921358,0.07174728818729535
bearingEmu/train/section_00_source_train_normal_0019_noAttribute.wav,l1_layerwise_mse,in_support,periodic_resonance,0.9435671291374885,0.9748858224222309,0.22489662911923436,0.07114177685809954
fan/train/section_00_source_train_normal_0191_spd_1.wav,l1_layerwise_mse,in_support,amplitude_modulation,0.19367778089112314,0.39213949170243567,0.9410704913583832,0.12344438800396722
ToyCar/train/section_00_source_train_normal_0870_noAttribute.wav,l1_layerwise_mse,in_support,periodic_resonance,0.9679546111601953,0.9710238667182671,0.2390022397242041,0.04564533236929459
valveEmu/train/section_00_source_train_normal_0393_noAttribute.wav,l1_layerwise_mse,in_support,amplitude_modulation,0.7208873515729833,0.8510585290220999,0.5409657249930246,0.07354239894447405
ToyCar/train/section_00_source_train_normal_0082_noAttribute.wav,l1_layerwise_mse,in_support,frequency_modulation,0.9235286761131475,0.9508351803253475,0.31089886623780877,0.047040842101587294
valveEmu/train/section_00_source_train_normal_0200_noAttribute.wav,l1_layerwise_mse,in_support,periodic_resonance,0.8098580542531066,0.8845014398398615,0.4724709916313008,0.09565088045750152
ToyCarEmu/train/section_00_source_train_normal_0570_car_C2_spd_5_mic_2_mic_1.wav,l1_layerwise_mse,in_support,frequency_modulation,0.9038139712165348,0.8425127695954308,0.5421531798198989,0.09329397214012544
fan/train/section_00_source_train_normal_0661_spd_1.wav,l1_layerwise_mse,in_support,frequency_modulation,0.7403863543523245,0.13174861460730297,1.1632206157006437,0.1273803006123901
ToyCar/train/section_00_source_train_normal_0260_noAttribute.wav,l1_layerwise_mse,in_support,periodic_resonance,0.876755552755361,0.8859347203442668,0.4639007743107902,0.06328211435806118
fan/train/section_00_source_train_normal_0273_spd_1.wav,l1_layerwise_mse,in_support,periodic_resonance,0.8769198323827792,0.945261270174385,0.33339418595370285,0.06981775159979495
bearingEmu/train/section_00_source_train_normal_0420_noAttribute.wav,l1_layerwise_mse,in_support,periodic_resonance,0.6074678283988835,0.7190153448418121,0.7038890411894447,0.11509477103033876
fan/train/section_00_source_train_normal_0568_spd_2.wav,l1_layerwise_mse,in_support,periodic_resonance,0.511391785116921,0.7215860332134014,0.7235296943486099,0.15415791813289925
ToyCar/train/section_00_source_train_normal_0562_noAttribute.wav,l1_layerwise_mse,in_support,amplitude_modulation,0.8592382357980216,0.8998159331786538,0.43815275409672183,0.04821146358486235
valveEmu/train/section_00_source_train_normal_0814_noAttribute.wav,l1_layerwise_mse,in_support,amplitude_modulation,0.11548563320973046,0.24109063799784308,0.9785969147190352,0.129273189020193
ToyCar/train/section_00_source_train_normal_0330_noAttribute.wav,l1_layerwise_mse,in_support,frequency_modulation,0.9840687580708691,0.8209817525088767,0.5937898057651636,0.0822182057987298
gearboxEmu/train/section_00_source_train_normal_0178_pro_A.wav,l1_layerwise_mse,in_support,periodic_resonance,0.6482531994196884,0.8373193638760508,0.5784827546439445,0.08913618537692074
ToyCar/train/section_00_source_train_normal_0512_noAttribute.wav,l1_layerwise_mse,in_support,periodic_resonance,0.5583491862664215,0.6614233840827318,0.7570623469992568,0.07402092854474492
sliderEmu/train/section_00_source_train_normal_0169_noAttribute.wav,l1_layerwise_mse,in_support,amplitude_modulation,0.041245402499248275,0.0665155897201859,0.9981053344644325,0.18138439283188032
bearingEmu/train/section_00_source_train_normal_0639_noAttribute.wav,l1_layerwise_mse,in_support,frequency_modulation,0.4581113797400542,0.4764792563304259,0.8793775623571729,0.12598359687165694
ToyCarEmu/train/section_00_source_train_normal_0966_car_D2_spd_5_mic_2_mic_1.wav,l1_layerwise_mse,in_support,amplitude_modulation,0.9142298395805681,0.9569080692009285,0.2935104399875396,0.045040485545132944
gearboxEmu/train/section_00_source_train_normal_0921_pro_F.wav,l1_layerwise_mse,in_support,periodic_resonance,0.12144051206440447,0.44300839300050027,0.9524439436422729,0.21849610542447745
bearingEmu/train/section_00_source_train_normal_0229_noAttribute.wav,l1_layerwise_mse,in_support,amplitude_modulation,0.9053113546887551,0.9348005815163082,0.3563951280470301,0.061300282065210654
sliderEmu/train/section_00_source_train_normal_0009_noAttribute.wav,l1_layerwise_mse,in_support,frequency_modulation,0.7094960609490498,0.7985364838478108,0.6084962455709689,0.0964023048846318
sliderEmu/train/section_00_source_train_normal_0982_noAttribute.wav,l1_layerwise_mse,in_support,periodic_resonance,0.9523969201902204,0.9525926082107747,0.3042488472878654,0.06103310148144937
ToyCarEmu/train/section_00_source_train_normal_0596_car_C1_spd_5_mic_2_mic_1.wav,l1_layerwise_mse,in_support,frequency_modulation,0.7105656316471669,0.72887205212285,0.6848946317973722,0.09246115929514157
ToyCarEmu/train/section_00_source_train_normal_0930_car_D1_spd_5_mic_2_mic_1.wav,l1_layerwise_mse,in_support,frequency_modulation,0.7729463552364813,0.7910282592883309,0.6120467696683103,0.06473995549208143
ToyCarEmu/train/section_00_source_train_normal_0543_car_C1_spd_3_mic_2_mic_1.wav,l1_layerwise_mse,in_support,frequency_modulation,0.6721808235389166,0.5112463898233072,0.874372358236466,0.0908506565335466
sliderEmu/train/section_00_source_train_normal_0273_noAttribute.wav,l1_layerwise_mse,in_support,periodic_resonance,0.12827067967997843,0.08844844574286297,0.9968764631394473,0.1738674959482142
valveEmu/train/section_00_source_train_normal_0151_noAttribute.wav,l1_layerwise_mse,in_support,frequency_modulation,0.17218290134810205,0.11046149014966179,0.9957950551163846,0.13430120693286832
gearboxEmu/train/section_00_source_train_normal_0608_pro_A.wav,l1_layerwise_mse,in_support,frequency_modulation,0.8937570647445465,0.638729823648131,0.8105942919140728,0.08737785173641535
valveEmu/train/section_00_source_train_normal_0360_noAttribute.wav,l1_layerwise_mse,in_support,frequency_modulation,0.6725987830678855,0.6907210358466883,0.723348371591902,0.07963348693065317
fan/train/section_00_source_train_normal_0390_spd_1.wav,l1_layerwise_mse,in_support,amplitude_modulation,0.7737994443694778,0.8428537418051748,0.5425551270786716,0.09714031647766552
ToyCarEmu/train/section_00_source_train_normal_0090_car_B1_spd_2_mic_2_mic_1.wav,l1_layerwise_mse,in_support,frequency_modulation,0.8302758433148556,0.7421886300029569,0.6759551720664544,0.062061397318813216
valveEmu/train/section_00_source_train_normal_0394_noAttribute.wav,l1_layerwise_mse,in_support,amplitude_modulation,0.20875854339364733,0.3655977712587426,0.943894492540326,0.1322606323458574
valveEmu/train/section_00_source_train_normal_0577_noAttribute.wav,l1_layerwise_mse,in_support,amplitude_modulation,0.722607508001781,0.8754931608521702,0.5068389765483373,0.07409174498274823
gearboxEmu/train/section_00_source_train_normal_0901_pro_F.wav,l1_layerwise_mse,in_support,frequency_modulation,0.055660619657628405,-0.03175999020406776,1.003311350504333,0.15251840282294457
ToyCar/train/section_00_source_train_normal_0908_noAttribute.wav,l1_layerwise_mse,in_support,amplitude_modulation,0.7360178309126777,0.6689586557713959,0.7463184640883248,0.08622462699287327
ToyCarEmu/train/section_00_source_train_normal_0412_car_C1_spd_2_mic_2_mic_1.wav,l1_layerwise_mse,in_support,periodic_resonance,0.9370022740126247,0.9468177315927941,0.3219200620479934,0.05326985141891512
bearingEmu/train/section_00_source_train_normal_0720_noAttribute.wav,l1_layerwise_mse,in_support,frequency_modulation,0.7820602335724751,0.898129013058857,0.45479252134724224,0.08164313436180115
bearingEmu/train/section_00_source_train_normal_0826_noAttribute.wav,l1_layerwise_mse,in_support,periodic_resonance,0.6405043200995784,0.6282813586266653,0.7780822162145848,0.13509032096433035
ToyCarEmu/train/section_00_source_train_normal_0082_car_B1_spd_2_mic_2_mic_1.wav,l1_layerwise_mse,in_support,periodic_resonance,0.9682676885440425,0.9777978710595606,0.20976688902248172,0.04734817028118861
bearingEmu/train/section_00_source_train_normal_0750_noAttribute.wav,l1_layerwise_mse,in_support,amplitude_modulation,0.334694365385921,0.6853643860183719,0.8082358082564913,0.0752356472608837
ToyCarEmu/train/section_00_source_train_normal_0863_car_D1_spd_3_mic_2_mic_1.wav,l1_layerwise_mse,in_support,amplitude_modulation,0.707476581617529,0.761174081291465,0.6507668088042959,0.06397264806667638
ToyCarEmu/train/section_00_source_train_normal_0403_car_C1_spd_2_mic_2_mic_1.wav,l1_layerwise_mse,in_support,frequency_modulation,0.7488729708022795,0.7179273144867845,0.6968055717046115,0.07055909806524056
ToyCarEmu/train/section_00_source_train_normal_0300_car_B1_spd_5_mic_2_mic_1.wav,l1_layerwise_mse,in_support,periodic_resonance,0.9579897908382891,0.9752732033424273,0.2216774575593752,0.0440934787729951
valveEmu/train/section_00_source_train_normal_0759_noAttribute.wav,l1_layerwise_mse,in_support,frequency_modulation,0.9187073014082701,0.2692638234423864,1.1615824656293716,0.10621687635888934
fan/train/section_00_source_train_normal_0328_spd_3.wav,l1_layerwise_mse,in_support,periodic_resonance,0.8348615360838791,0.8992481173323043,0.4421520726166129,0.10445778180370224
valveEmu/train/section_00_source_train_normal_0737_noAttribute.wav,l1_layerwise_mse,in_support,frequency_modulation,0.9585609593272207,0.1274895988209213,1.3499362003835869,0.15202185830656634
gearboxEmu/train/section_00_source_train_normal_0126_pro_C.wav,l1_layerwise_mse,in_support,periodic_resonance,0.060816720849491135,0.3037460532965519,0.9832359816798522,0.2591905036824106
fan/train/section_00_source_train_normal_0543_spd_1.wav,l1_layerwise_mse,in_support,frequency_modulation,0.8828835749270121,0.6521186248266637,0.7924605740028947,0.1096407768713645
sliderEmu/train/section_00_source_train_normal_0504_noAttribute.wav,l1_layerwise_mse,in_support,periodic_resonance,0.08976358533210071,0.3557945751732613,0.9716906441008609,0.1527595782930983
gearboxEmu/train/section_00_source_train_normal_0897_pro_F.wav,l1_layerwise_mse,in_support,amplitude_modulation,0.036868386544559206,0.0816776947426563,0.9976655894049455,0.1595888653774079
sliderEmu/train/section_00_source_train_normal_0925_noAttribute.wav,l1_layerwise_mse,in_support,frequency_modulation,0.9423289696849191,0.9663999161228551,0.2581677992704676,0.05567670627673067
ToyCarEmu/train/section_00_source_train_normal_0669_car_D1_spd_2_mic_2_mic_1.wav,l1_layerwise_mse,in_support,periodic_resonance,0.255687251904809,0.5412283014423137,0.8880346934038374,0.0892074650396491
ToyCar/train/section_00_source_train_normal_0590_noAttribute.wav,l1_layerwise_mse,in_support,frequency_modulation,0.9582494213715566,0.9350279668233664,0.3553335576743284,0.05236344778890936
ToyCar/train/section_00_source_train_normal_0709_noAttribute.wav,l1_layerwise_mse,in_support,amplitude_modulation,0.7558049993036978,0.7815267221014945,0.6244017854434594,0.08737394481610644
ToyCar/train/section_00_source_train_normal_0213_noAttribute.wav,l1_layerwise_mse,in_support,amplitude_modulation,0.7981867021441148,0.790149223989205,0.6129672135476317,0.09634378995336385
fan/train/section_00_source_train_normal_0642_spd_1.wav,l1_layerwise_mse,in_support,amplitude_modulation,0.07918011056273086,0.10950987240662945,0.994448330633116,0.15492704345928754
valveEmu/train/section_00_source_train_normal_0881_noAttribute.wav,l1_layerwise_mse,in_support,periodic_resonance,0.8764597772632801,0.8797013470750572,0.4755376407069943,0.07783336096047354
bearingEmu/train/section_00_source_train_normal_0369_noAttribute.wav,l1_layerwise_mse,in_support,frequency_modulation,0.6006628535130424,0.3895032335036539,0.9449209576534472,0.11231890256143756
gearboxEmu/train/section_00_source_train_normal_0409_pro_A.wav,l1_layerwise_mse,in_support,periodic_resonance,0.7647082685448906,0.7123875920768329,0.7037338785656458,0.14415768094687734
gearboxEmu/train/section_00_source_train_normal_0448_pro_F.wav,l1_layerwise_mse,in_support,amplitude_modulation,0.03401681082260422,0.13239279969112475,0.9960672576567332,0.1567180717890245
valveEmu/train/section_00_source_train_normal_0017_noAttribute.wav,l1_layerwise_mse,in_support,amplitude_modulation,0.09865451622311212,0.32974857236193006,0.9719415320933456,0.13115522013297634
ToyCar/train/section_00_source_train_normal_0009_noAttribute.wav,l1_layerwise_mse,in_support,periodic_resonance,0.18912635488435903,0.3180957438716639,0.956790573232456,0.09463060368382463
sliderEmu/train/section_00_source_train_normal_0087_noAttribute.wav,l1_layerwise_mse,in_support,amplitude_modulation,0.20314626028038024,0.3635587121007813,0.9452815546463676,0.0876475022229075
valveEmu/train/section_00_source_train_normal_0546_noAttribute.wav,l1_layerwise_mse,in_support,periodic_resonance,0.22173617318143457,0.5233719004255893,0.9039170126704205,0.15320238587815943
sliderEmu/train/section_00_source_train_normal_0928_noAttribute.wav,l1_layerwise_mse,in_support,periodic_resonance,0.8558903048667392,0.8633061225167129,0.5047351118919469,0.07911283801025341
valveEmu/train/section_00_source_train_normal_0749_noAttribute.wav,l1_layerwise_mse,in_support,periodic_resonance,0.8790589370649361,0.923833001110982,0.38540537472831904,0.09290819958137665
bearingEmu/train/section_00_source_train_normal_0280_noAttribute.wav,l1_layerwise_mse,in_support,frequency_modulation,0.5584553457977443,0.545571265173489,0.8381634650535245,0.1744132641427705
ToyCarEmu/train/section_00_source_train_normal_0850_car_D1_spd_3_mic_2_mic_1.wav,l1_layerwise_mse,in_support,amplitude_modulation,0.9375097339640278,0.9713328731526841,0.2401175842738865,0.043875685519708926
valveEmu/train/section_00_source_train_normal_0564_noAttribute.wav,l1_layerwise_mse,in_support,periodic_resonance,0.9062378260800368,0.9310007617782267,0.36585623481465296,0.06966583122162935
ToyCarEmu/train/section_00_source_train_normal_0559_car_C1_spd_5_mic_2_mic_1.wav,l1_layerwise_mse,in_support,frequency_modulation,0.7475039495052009,0.7113668953559663,0.7037492642086373,0.07936874928982843
bearingEmu/train/section_00_source_train_normal_0953_noAttribute.wav,l1_layerwise_mse,in_support,amplitude_modulation,0.5544931449720822,0.7451613754634051,0.6936057227533367,0.09220428600361458
ToyCar/train/section_00_source_train_normal_0161_noAttribute.wav,l1_layerwise_mse,in_support,periodic_resonance,0.7997220987149053,0.8469483455471615,0.5337685063440772,0.07044900161067785
gearboxEmu/train/section_00_source_train_normal_0619_pro_D.wav,l1_layerwise_mse,in_support,periodic_resonance,0.17493726954063543,0.2644747883922603,0.968540166222844,0.16727741716613942
fan/train/section_00_source_train_normal_0742_spd_2.wav,l1_layerwise_mse,in_support,amplitude_modulation,0.3278142096237099,0.5883248215951258,0.8495526371242604,0.10712028140804503
bearingEmu/train/section_00_source_train_normal_0784_noAttribute.wav,l1_layerwise_mse,in_support,amplitude_modulation,0.13770417134631444,0.33036595518969225,0.9633155758137179,0.15129541220814754
fan/train/section_00_source_train_normal_0696_spd_1.wav,l1_layerwise_mse,in_support,frequency_modulation,0.670825514248364,0.6651787423562556,0.746705515414311,0.07271220077535129
sliderEmu/train/section_00_source_train_normal_0523_noAttribute.wav,l1_layerwise_mse,in_support,periodic_resonance,0.3013258252418512,0.2837703098822526,0.9590529742140794,0.15179077554289178
fan/train/section_00_source_train_normal_0906_spd_3.wav,l1_layerwise_mse,in_support,frequency_modulation,0.8351685994520209,0.8815930252299407,0.4742878505451417,0.07275851647630299
gearboxEmu/train/section_00_source_train_normal_0332_pro_A.wav,l1_layerwise_mse,in_support,frequency_modulation,0.06251347510773607,0.06256007358106624,0.9980412012361761,0.18163441855129245
fan/train/section_00_source_train_normal_0730_spd_2.wav,l1_layerwise_mse,in_support,amplitude_modulation,0.17791480412370236,0.10380561620734258,0.9973547843056834,0.14889240652223965
valveEmu/train/section_00_source_train_normal_0835_noAttribute.wav,l1_layerwise_mse,in_support,periodic_resonance,0.8506035340000513,0.8930883288378119,0.4518829435662416,0.10171156269668018
ToyCarEmu/train/section_00_source_train_normal_0911_car_D2_spd_5_mic_2_mic_1.wav,l1_layerwise_mse,in_support,amplitude_modulation,0.8132192075482237,0.8404028593849037,0.5426435154545348,0.05433363915295902
fan/train/section_00_source_train_normal_0826_spd_3.wav,l1_layerwise_mse,in_support,periodic_resonance,0.9293099330124279,0.9546112473044505,0.29892728718660844,0.06310657338353508
valveEmu/train/section_00_source_train_normal_0015_noAttribute.wav,l1_layerwise_mse,in_support,periodic_resonance,0.8414078449787549,0.9458962771523706,0.34087837321746606,0.07127153458132679
ToyCarEmu/train/section_00_source_train_normal_0162_car_B2_spd_3_mic_2_mic_1.wav,l1_layerwise_mse,in_support,periodic_resonance,0.9575847479391493,0.974218012820546,0.2262209738211752,0.04746418220613422
fan/train/section_00_source_train_normal_0761_spd_3.wav,l1_layerwise_mse,in_support,frequency_modulation,0.9250863671161842,0.9643648212612767,0.2674757717508897,0.062051704883744285
fan/train/section_00_source_train_normal_0131_spd_3.wav,l1_layerwise_mse,in_support,frequency_modulation,0.21573710242274527,0.11448245126489333,0.9985721169417258,0.17046488366023474
fan/train/section_00_source_train_normal_0343_spd_1.wav,l1_layerwise_mse,in_support,amplitude_modulation,0.16905484702568357,0.41362609459009037,0.9427240046850189,0.12916725516886818
ToyCar/train/section_00_source_train_normal_0241_noAttribute.wav,l1_layerwise_mse,in_support,amplitude_modulation,0.8343932801680597,0.8757624909816424,0.4845115798337202,0.0677544459938134
ToyCar/train/section_00_source_train_normal_0929_noAttribute.wav,l1_layerwise_mse,in_support,amplitude_modulation,0.9570786811615936,0.9710274785070957,0.23937461212822478,0.04435708409235072
sliderEmu/train/section_00_source_train_normal_0054_noAttribute.wav,l1_layerwise_mse,in_support,frequency_modulation,0.9162990881446034,0.5438457631899315,0.9181248635834625,0.06710266489931349
sliderEmu/train/section_00_source_train_normal_0400_noAttribute.wav,l1_layerwise_mse,in_support,amplitude_modulation,0.8309509973495327,0.8532104934847105,0.5220415107783757,0.07255776177073534
ToyCarEmu/train/section_00_source_train_normal_0674_car_D1_spd_2_mic_2_mic_1.wav,l1_layerwise_mse,in_support,frequency_modulation,0.6164968494075607,0.47102721642655954,0.8940328716020874,0.10947852245004304
gearboxEmu/train/section_00_source_train_normal_0638_pro_F.wav,l1_layerwise_mse,in_support,amplitude_modulation,0.047592747974770734,0.26779022724428925,0.9883194443443385,0.10001157194870657
sliderEmu/train/section_00_source_train_normal_0670_noAttribute.wav,l1_layerwise_mse,in_support,frequency_modulation,0.2427574546518716,0.052521119697513025,1.0165782779120291,0.18418070436923067
bearingEmu/train/section_00_source_train_normal_0094_noAttribute.wav,l1_layerwise_mse,in_support,amplitude_modulation,0.420702761592041,0.601889488066332,0.8188758599480868,0.08321589169986605
valveEmu/train/section_00_source_train_normal_0172_noAttribute.wav,l1_layerwise_mse,heldout,friction_burst,0.9008358510347736,0.8842502250654672,0.4673078454942352,0.08855128535641431
gearboxEmu/train/section_00_source_train_normal_0382_pro_D.wav,l1_layerwise_mse,heldout,friction_burst,0.6687989336612703,0.7087096801611545,0.7066282310607553,0.23412344656550563
bearingEmu/train/section_00_source_train_normal_0662_noAttribute.wav,l1_layerwise_mse,heldout,friction_burst,0.8281499345388327,0.9278981204739406,0.3859466007341861,0.06771688802155597
ToyCarEmu/train/section_00_source_train_normal_0291_car_B1_spd_5_mic_2_mic_1.wav,l1_layerwise_mse,heldout,friction_burst,0.938181910787383,0.9194552195829663,0.39364043001844307,0.07814172085796031
ToyCar/train/section_00_source_train_normal_0589_noAttribute.wav,l1_layerwise_mse,heldout,friction_burst,0.9734520355682007,0.916490015335855,0.40409246904469137,0.07699690562269937
gearboxEmu/train/section_00_source_train_normal_0734_pro_C.wav,l1_layerwise_mse,heldout,friction_burst,0.7794724047979767,0.7589697764493931,0.6514485675827053,0.14555603837349512
sliderEmu/train/section_00_source_train_normal_0590_noAttribute.wav,l1_layerwise_mse,heldout,friction_burst,0.423420979339696,0.4612145248143557,0.8880931900312113,0.16118415695036048
sliderEmu/train/section_00_source_train_normal_0276_noAttribute.wav,l1_layerwise_mse,heldout,friction_burst,0.9702208802572874,0.9440633852074561,0.3307998477295907,0.059547111915813376
bearingEmu/train/section_00_source_train_normal_0558_noAttribute.wav,l1_layerwise_mse,heldout,friction_burst,0.7880529706304769,0.8476891593940517,0.5338347722432952,0.07021128406223359
valveEmu/train/section_00_source_train_normal_0703_noAttribute.wav,l1_layerwise_mse,heldout,friction_burst,0.7974684412965591,0.9257387259321391,0.3993257783189464,0.06806371581834195
valveEmu/train/section_00_source_train_normal_0473_noAttribute.wav,l1_layerwise_mse,heldout,friction_burst,0.9078859151945347,0.9317495599562692,0.36388491458511035,0.07426574703340635
ToyCar/train/section_00_source_train_normal_0755_noAttribute.wav,l1_layerwise_mse,heldout,friction_burst,0.9660998421322391,0.9248112685423951,0.3826602460226173,0.07221224388350218
ToyCarEmu/train/section_00_source_train_normal_0204_car_B2_spd_3_mic_2_mic_1.wav,l1_layerwise_mse,heldout,friction_burst,0.9851924835360564,0.9587977644160895,0.2853130353631446,0.05436660966777811
gearboxEmu/train/section_00_source_train_normal_0148_pro_D.wav,l1_layerwise_mse,heldout,friction_burst,0.7991535682575683,0.7699478003073614,0.6387748912437126,0.21743767800483949
fan/train/section_00_source_train_normal_0805_spd_1.wav,l1_layerwise_mse,heldout,friction_burst,0.8434070984069867,0.896266872770017,0.4466540591114837,0.09807844954405567
ToyCar/train/section_00_source_train_normal_0506_noAttribute.wav,l1_layerwise_mse,heldout,friction_burst,0.8927159492544191,0.900506998447229,0.4349113084240134,0.08262851472557285
ToyCar/train/section_00_source_train_normal_0334_noAttribute.wav,l1_layerwise_mse,heldout,friction_burst,0.9944877841555555,0.980351506805739,0.19886056115703643,0.051344843182714935
ToyCar/train/section_00_source_train_normal_0449_noAttribute.wav,l1_layerwise_mse,heldout,friction_burst,0.9880858612789718,0.945427489182699,0.3286131455185588,0.08039623203106133
fan/train/section_00_source_train_normal_0828_spd_3.wav,l1_layerwise_mse,heldout,friction_burst,0.23584066142293314,0.3732374403543929,0.9378548331050183,0.15820653863202747
gearboxEmu/train/section_00_source_train_normal_0940_pro_B.wav,l1_layerwise_mse,heldout,friction_burst,0.7310249089573123,0.7702945747059037,0.6388962160058994,0.19155192806874494
valveEmu/train/section_00_source_train_normal_0308_noAttribute.wav,l1_layerwise_mse,heldout,friction_burst,0.8651934268279678,0.936109113486261,0.3587879070735016,0.0694566580385053
bearingEmu/train/section_00_source_train_normal_0973_noAttribute.wav,l1_layerwise_mse,heldout,friction_burst,0.36288976937439127,0.5379306671298473,0.8609703323856598,0.07205528948351805
sliderEmu/train/section_00_source_train_normal_0574_noAttribute.wav,l1_layerwise_mse,heldout,friction_burst,0.9128651368132179,0.9246935554344655,0.3808959700824445,0.07552720897976269
sliderEmu/train/section_00_source_train_normal_0525_noAttribute.wav,l1_layerwise_mse,heldout,friction_burst,0.6461688715651615,0.786062013724183,0.6337796161151024,0.10179690988178648
ToyCarEmu/train/section_00_source_train_normal_0016_car_B1_spd_2_mic_2_mic_1.wav,l1_layerwise_mse,heldout,friction_burst,0.9543489584814279,0.9618231666397132,0.27377373851914255,0.051380575865425965
sliderEmu/train/section_00_source_train_normal_0131_noAttribute.wav,l1_layerwise_mse,heldout,friction_burst,0.7923435829621489,0.6455936714457176,0.7776531025587948,0.13961845072560636
valveEmu/train/section_00_source_train_normal_0251_noAttribute.wav,l1_layerwise_mse,heldout,friction_burst,0.7012054258536627,0.7973251007455276,0.611156015778665,0.13275752881555605
bearingEmu/train/section_00_source_train_normal_0266_noAttribute.wav,l1_layerwise_mse,heldout,friction_burst,0.352340322862694,0.44564310326228296,0.9000597943164977,0.16587743082447975
valveEmu/train/section_00_source_train_normal_0670_noAttribute.wav,l1_layerwise_mse,heldout,friction_burst,0.8345284890627748,0.8656661237758311,0.5015891889210247,0.10977151964556865
valveEmu/train/section_00_source_train_normal_0741_noAttribute.wav,l1_layerwise_mse,heldout,friction_burst,0.8614638112018342,0.8301411402642803,0.5584324461878831,0.11841474424652393
valveEmu/train/section_00_source_train_normal_0572_noAttribute.wav,l1_layerwise_mse,heldout,friction_burst,0.4819105898420932,0.7055807364145776,0.7430909492575045,0.11425924662764322
sliderEmu/train/section_00_source_train_normal_0717_noAttribute.wav,l1_layerwise_mse,heldout,friction_burst,0.7484329749890871,0.6173650643424013,0.7975206420719092,0.1416871028998617
fan/train/section_00_source_train_normal_0815_spd_2.wav,l1_layerwise_mse,heldout,friction_burst,0.49243773229094967,0.7332892689950958,0.7213156803434866,0.0996340544089436
ToyCar/train/section_00_source_train_normal_0469_noAttribute.wav,l1_layerwise_mse,heldout,friction_burst,0.7916072117539642,0.8635743618345356,0.5093315150987555,0.060356291525181065
ToyCarEmu/train/section_00_source_train_normal_0083_car_B1_spd_2_mic_2_mic_1.wav,l1_layerwise_mse,heldout,friction_burst,0.8863528484562642,0.8572530655305254,0.5157169562898257,0.09685584946407298
valveEmu/train/section_00_source_train_normal_0775_noAttribute.wav,l1_layerwise_mse,heldout,friction_burst,0.6693399220900548,0.7468627189408503,0.669481786972469,0.13021325400696404
fan/train/section_00_source_train_normal_0871_spd_3.wav,l1_layerwise_mse,heldout,friction_burst,0.42223332462696406,0.4716307373576917,0.883178663671134,0.18215774928492526
gearboxEmu/train/section_00_source_train_normal_0862_pro_F.wav,l1_layerwise_mse,heldout,friction_burst,0.9613782273251976,0.9781023899335957,0.20879514463018678,0.053843933992898566
sliderEmu/train/section_00_source_train_normal_0844_noAttribute.wav,l1_layerwise_mse,heldout,friction_burst,0.9187721880669061,0.8998932823673953,0.4365186060529908,0.07207065592055112
fan/train/section_00_source_train_normal_0734_spd_2.wav,l1_layerwise_mse,heldout,friction_burst,0.6769815027342198,0.8132893224334106,0.5976121649757068,0.12264685194256895
fan/train/section_00_source_train_normal_0791_spd_1.wav,l1_layerwise_mse,heldout,friction_burst,0.9370670816541676,0.9541724930958273,0.2997456397012014,0.0760851599515166
ToyCarEmu/train/section_00_source_train_normal_0351_car_C1_spd_2_mic_2_mic_1.wav,l1_layerwise_mse,heldout,friction_burst,0.9862403284963696,0.9747412123337659,0.2236331787785999,0.046390166007248844
ToyCarEmu/train/section_00_source_train_normal_0360_car_C2_spd_2_mic_2_mic_1.wav,l1_layerwise_mse,heldout,friction_burst,0.9568841171453876,0.8863839070472713,0.4682882114163172,0.10492127206402155
gearboxEmu/train/section_00_source_train_normal_0636_pro_F.wav,l1_layerwise_mse,heldout,friction_burst,0.9334994682856214,0.949001340063456,0.31565291791203365,0.060736533319597254
ToyCar/train/section_00_source_train_normal_0029_noAttribute.wav,l1_layerwise_mse,heldout,friction_burst,0.9188292357585719,0.881032173121613,0.47456393443727907,0.08851969119898588
bearingEmu/train/section_00_source_train_normal_0775_noAttribute.wav,l1_layerwise_mse,heldout,friction_burst,0.936973921444414,0.9554655978821966,0.29568130370568957,0.06285724379699088
ToyCar/train/section_00_source_train_normal_0337_noAttribute.wav,l1_layerwise_mse,heldout,friction_burst,0.9900500082191737,0.9572921024489336,0.29097235432142327,0.04934565306401992
fan/train/section_00_source_train_normal_0908_spd_2.wav,l1_layerwise_mse,heldout,friction_burst,0.8917076883387824,0.9475628731936674,0.32441393777107597,0.0666203056633467
gearboxEmu/train/section_00_source_train_normal_0087_pro_D.wav,l1_layerwise_mse,heldout,friction_burst,0.8155079031081544,0.8393552505464614,0.5441061103865039,0.12257228007925357
sliderEmu/train/section_00_source_train_normal_0598_noAttribute.wav,l1_layerwise_mse,heldout,friction_burst,0.7019610090867469,0.6308710679889535,0.7791376484933614,0.1575000019602307
valveEmu/train/section_00_source_train_normal_0346_noAttribute.wav,l1_layerwise_mse,heldout,friction_burst,0.7383850674348541,0.7248577740247255,0.6890313455155169,0.1517958117770594
ToyCar/train/section_00_source_train_normal_0645_noAttribute.wav,l1_layerwise_mse,heldout,friction_burst,0.9842406819657016,0.9170631199258414,0.4108357893614741,0.08374070850444312
sliderEmu/train/section_00_source_train_normal_0146_noAttribute.wav,l1_layerwise_mse,heldout,friction_burst,0.8001264302327378,0.7011657665578344,0.7198331617550986,0.15372705325582034
valveEmu/train/section_00_source_train_normal_0458_noAttribute.wav,l1_layerwise_mse,heldout,friction_burst,0.9276360656734864,0.9403264917621099,0.34051011116363805,0.0772631095712865
fan/train/section_00_source_train_normal_0687_spd_3.wav,l1_layerwise_mse,heldout,friction_burst,0.861064281055463,0.8592403194344033,0.5115754101735734,0.1414462198925585
gearboxEmu/train/section_00_source_train_normal_0867_pro_F.wav,l1_layerwise_mse,heldout,friction_burst,0.9367409430331884,0.9449967500374181,0.32718389442026147,0.0656224399085374
ToyCar/train/section_00_source_train_normal_0861_noAttribute.wav,l1_layerwise_mse,heldout,friction_burst,0.9800554884012443,0.942870913946441,0.3352269861022348,0.06188713220473151
bearingEmu/train/section_00_source_train_normal_0922_noAttribute.wav,l1_layerwise_mse,heldout,friction_burst,0.7048770498470246,0.7479430651688453,0.6651585171532662,0.08600995627607576
valveEmu/train/section_00_source_train_normal_0665_noAttribute.wav,l1_layerwise_mse,heldout,friction_burst,0.9131812831504177,0.9367605139707524,0.3507644788049814,0.06770628390797992
sliderEmu/train/section_00_source_train_normal_0584_noAttribute.wav,l1_layerwise_mse,heldout,friction_burst,0.8458880473794662,0.8500961753021107,0.5266442832475604,0.0971948401968498
fan/train/section_00_source_train_normal_0091_spd_1.wav,l1_layerwise_mse,heldout,friction_burst,0.5664209857150458,0.5593414320121717,0.8289676004013697,0.16491847149559294
sliderEmu/train/section_00_source_train_normal_0649_noAttribute.wav,l1_layerwise_mse,heldout,friction_burst,0.5836427548555497,0.7000268185914871,0.723538322097988,0.1479020414007216
bearingEmu/train/section_00_source_train_normal_0959_noAttribute.wav,l1_layerwise_mse,heldout,friction_burst,0.6064994175150497,0.7203436761836653,0.7028979324297442,0.11054840967353508
valveEmu/train/section_00_source_train_normal_0187_noAttribute.wav,l1_layerwise_mse,heldout,friction_burst,0.8918403293187066,0.8682623639048731,0.4966652674381186,0.10434537076958561
ToyCar/train/section_00_source_train_normal_0783_noAttribute.wav,l1_layerwise_mse,heldout,friction_burst,0.9786712666252818,0.9427001909983448,0.335574534453142,0.0667480352478468
sliderEmu/train/section_00_source_train_normal_0297_noAttribute.wav,l1_layerwise_mse,heldout,friction_burst,0.644726911630405,0.6593525681468705,0.7519761304101774,0.14557588142006814
ToyCar/train/section_00_source_train_normal_0090_noAttribute.wav,l1_layerwise_mse,heldout,friction_burst,0.8515137382423814,0.895216391834223,0.44776950959425915,0.07514307551539809
ToyCarEmu/train/section_00_source_train_normal_0468_car_C1_spd_3_mic_2_mic_1.wav,l1_layerwise_mse,heldout,friction_burst,0.9957284455494474,0.9502139955859857,0.31490463278267733,0.061389759056262566
sliderEmu/train/section_00_source_train_normal_0051_noAttribute.wav,l1_layerwise_mse,heldout,friction_burst,0.8978390153918697,0.9212740036329151,0.38961956945723014,0.061192029246445095
fan/train/section_00_source_train_normal_0372_spd_2.wav,l1_layerwise_mse,heldout,friction_burst,0.9025201848529903,0.939880637944783,0.34354066698388397,0.07814277281128153
sliderEmu/train/section_00_source_train_normal_0361_noAttribute.wav,l1_layerwise_mse,heldout,friction_burst,0.9656260477997206,0.9552898040327139,0.29585169975234177,0.05678615505805699
sliderEmu/train/section_00_source_train_normal_0627_noAttribute.wav,l1_layerwise_mse,heldout,friction_burst,0.7370486043953887,0.779870723114088,0.6274036890878694,0.14677769984008782
bearingEmu/train/section_00_source_train_normal_0289_noAttribute.wav,l1_layerwise_mse,heldout,friction_burst,0.16774402860002793,0.3349731288476666,0.9569527548001726,0.16011507527299174
gearboxEmu/train/section_00_source_train_normal_0617_pro_B.wav,l1_layerwise_mse,heldout,friction_burst,0.9046250403985122,0.8709393751212884,0.4925437329907961,0.10519064460872353
ToyCarEmu/train/section_00_source_train_normal_0042_car_B1_spd_2_mic_2_mic_1.wav,l1_layerwise_mse,heldout,friction_burst,0.9556163796748223,0.92576934455151,0.37926503423637653,0.06258306590568309
sliderEmu/train/section_00_source_train_normal_0962_noAttribute.wav,l1_layerwise_mse,heldout,friction_burst,0.6003769477753133,0.5390797238166484,0.844482327248359,0.14385658881685637
sliderEmu/train/section_00_source_train_normal_0387_noAttribute.wav,l1_layerwise_mse,heldout,friction_burst,0.9671607860200768,0.9588569704157677,0.2840110273188096,0.054574462918592345
ToyCar/train/section_00_source_train_normal_0153_noAttribute.wav,l1_layerwise_mse,heldout,friction_burst,0.9653583792760518,0.9292295301229623,0.37126509947554454,0.0630310048632296
bearingEmu/train/section_00_source_train_normal_0128_noAttribute.wav,l1_layerwise_mse,heldout,friction_burst,0.5550513086910697,0.703990188957122,0.7256587379113001,0.12955365936075988
ToyCar/train/section_00_source_train_normal_0513_noAttribute.wav,l1_layerwise_mse,heldout,friction_burst,0.9935721710948162,0.9800223667347676,0.19934833306998165,0.04491272146451382
sliderEmu/train/section_00_source_train_normal_0794_noAttribute.wav,l1_layerwise_mse,heldout,friction_burst,0.9227800737443119,0.9541811183734296,0.30087276204972596,0.0620004171908249
ToyCarEmu/train/section_00_source_train_normal_0274_car_B1_spd_5_mic_2_mic_1.wav,l1_layerwise_mse,heldout,friction_burst,0.9957890159826338,0.9793431912475665,0.2037307214229058,0.0485711962237811
ToyCar/train/section_00_source_train_normal_0465_noAttribute.wav,l1_layerwise_mse,heldout,friction_burst,0.9916967060944847,0.9800881918889374,0.20056708621519567,0.046720130365460466
ToyCar/train/section_00_source_train_normal_0921_noAttribute.wav,l1_layerwise_mse,heldout,friction_burst,0.9950689612022737,0.9889882170263883,0.14885314874768502,0.04324282362604505
ToyCar/train/section_00_source_train_normal_0487_noAttribute.wav,l1_layerwise_mse,heldout,friction_burst,0.9672655374179102,0.9548567027632023,0.2973258420751103,0.06612870004954524
sliderEmu/train/section_00_source_train_normal_0080_noAttribute.wav,l1_layerwise_mse,heldout,friction_burst,0.8367007552381915,0.8604969873879683,0.5100109757257751,0.10841060114373822
ToyCar/train/section_00_source_train_normal_0634_noAttribute.wav,l1_layerwise_mse,heldout,friction_burst,0.9880745827061718,0.9507915099550105,0.31206655077281065,0.06696461581995697
sliderEmu/train/section_00_source_train_normal_0100_noAttribute.wav,l1_layerwise_mse,heldout,friction_burst,0.37897031567144973,0.48274534884861425,0.8818878532307561,0.11701978044510222
sliderEmu/train/section_00_source_train_normal_0611_noAttribute.wav,l1_layerwise_mse,heldout,friction_burst,0.9319795887372501,0.9048453479817572,0.42660422320594726,0.08028060876060039
bearingEmu/train/section_00_source_train_normal_0405_noAttribute.wav,l1_layerwise_mse,heldout,friction_burst,0.49477020365194363,0.7051436614532198,0.7396143646925823,0.11302637448866588
bearingEmu/train/section_00_source_train_normal_0162_noAttribute.wav,l1_layerwise_mse,heldout,friction_burst,0.8847635993555738,0.9310576935631457,0.3677971103956298,0.05977075118577372
ToyCarEmu/train/section_00_source_train_normal_0805_car_D1_spd_3_mic_2_mic_1.wav,l1_layerwise_mse,heldout,friction_burst,0.9534870243590575,0.8862661405877424,0.4680288188377982,0.08823439465382896
fan/train/section_00_source_train_normal_0980_spd_2.wav,l1_layerwise_mse,heldout,friction_burst,0.852550143587468,0.907776808628252,0.4230735754549473,0.07993318409225064
gearboxEmu/train/section_00_source_train_normal_0531_pro_A.wav,l1_layerwise_mse,heldout,friction_burst,0.8361812706204471,0.8738404196568098,0.48766908091466465,0.14939784246965432
valveEmu/train/section_00_source_train_normal_0705_noAttribute.wav,l1_layerwise_mse,heldout,friction_burst,0.7690415016234577,0.6442333294602883,0.7749454800508374,0.14760071824887114
gearboxEmu/train/section_00_source_train_normal_0620_pro_C.wav,l1_layerwise_mse,heldout,friction_burst,0.9094492613611204,0.9205637427235079,0.3907504667672732,0.09705154668475871
bearingEmu/train/section_00_source_train_normal_0086_noAttribute.wav,l1_layerwise_mse,heldout,friction_burst,0.15711798628062573,0.2637512002139775,0.9704668704801015,0.14262704536110093
ToyCar/train/section_00_source_train_normal_0872_noAttribute.wav,l1_layerwise_mse,heldout,friction_burst,0.9928421730702471,0.9805637744974547,0.19658444296234903,0.04767614972724049
valveEmu/train/section_00_source_train_normal_0091_noAttribute.wav,l1_layerwise_mse,heldout,friction_burst,0.7409951290451032,0.7705646292526706,0.6380474178987168,0.10954642852315678
ToyCarEmu/train/section_00_source_train_normal_0036_car_B2_spd_2_mic_2_mic_1.wav,l1_layerwise_mse,heldout,friction_burst,0.9758256287758537,0.9826309146709166,0.18569544272574762,0.045504772147898956
gearboxEmu/train/section_00_source_train_normal_0805_pro_B.wav,l1_layerwise_mse,heldout,friction_burst,0.9516781567544476,0.9549969858604417,0.2966340702348708,0.05802935156354515
ToyCar/train/section_00_source_train_normal_0261_noAttribute.wav,l1_layerwise_mse,heldout,friction_burst,0.9662848670275467,0.9273560940312465,0.37619958031622974,0.07467732720906413
fan/train/section_00_source_train_normal_0981_spd_2.wav,l1_layerwise_mse,heldout,friction_burst,0.9437379359758321,0.9567346468258017,0.2912520043811309,0.06611521237167083
bearingEmu/train/section_00_source_train_normal_0628_noAttribute.wav,l1_layerwise_mse,heldout,friction_burst,0.666398731855527,0.8001861257153442,0.6144926614439504,0.08874537027801568
sliderEmu/train/section_00_source_train_normal_0835_noAttribute.wav,l1_layerwise_mse,heldout,friction_burst,0.9280731470260927,0.9192839874305204,0.39369302734521383,0.06964480197465225
gearboxEmu/train/section_00_source_train_normal_0220_pro_A.wav,l1_layerwise_mse,heldout,friction_burst,0.902529274416461,0.9172033530046908,0.3986895255952506,0.10656611511044574
valveEmu/train/section_00_source_train_normal_0158_noAttribute.wav,l1_layerwise_mse,heldout,friction_burst,0.8751871998289621,0.9012300599924873,0.4341228046664156,0.09686604285831889
valveEmu/train/section_00_source_train_normal_0254_noAttribute.wav,l1_layerwise_mse,heldout,friction_burst,0.9285513457943432,0.9394928519514352,0.342743194956726,0.07435348778849923
valveEmu/train/section_00_source_train_normal_0364_noAttribute.wav,l1_layerwise_mse,heldout,friction_burst,0.8059281570970828,0.8728286467392511,0.4925909346970255,0.09149122740848935
sliderEmu/train/section_00_source_train_normal_0534_noAttribute.wav,l1_layerwise_mse,heldout,friction_burst,0.8323300154006604,0.706430781946988,0.718892319684937,0.15568579609723907
gearboxEmu/train/section_00_source_train_normal_0398_pro_D.wav,l1_layerwise_mse,heldout,friction_burst,0.9206389791775955,0.941476773384792,0.3377213331200484,0.07642267999190482
sliderEmu/train/section_00_source_train_normal_0211_noAttribute.wav,l1_layerwise_mse,heldout,friction_burst,0.9318504261253695,0.9398948965480225,0.34155862885800853,0.06154336636210992
valveEmu/train/section_00_source_train_normal_0820_noAttribute.wav,l1_layerwise_mse,heldout,friction_burst,0.119981684444673,0.2128568604525067,0.9814875217122162,0.14218109304098536
ToyCarEmu/train/section_00_source_train_normal_0329_car_B2_spd_5_mic_2_mic_1.wav,l1_layerwise_mse,heldout,friction_burst,0.9538664033164034,0.9259815818835546,0.378596980018029,0.06160316877350535
ToyCar/train/section_00_source_train_normal_0753_noAttribute.wav,l1_layerwise_mse,heldout,friction_burst,0.9523712955038035,0.9693372880343177,0.24631903484875026,0.0447779077239092
ToyCarEmu/train/section_00_source_train_normal_0880_car_D1_spd_5_mic_2_mic_1.wav,l1_layerwise_mse,heldout,friction_burst,0.9810877467048226,0.9620614886159325,0.27349532101840557,0.052353248248318586
gearboxEmu/train/section_00_source_train_normal_0339_pro_A.wav,l1_layerwise_mse,heldout,friction_burst,0.8839535690775049,0.8995871301009836,0.43702105622835913,0.11151633813219824
ToyCar/train/section_00_source_train_normal_0796_noAttribute.wav,l1_layerwise_mse,heldout,friction_burst,0.9859617376970432,0.9636945218401184,0.271749012913352,0.05433022508890755
bearingEmu/train/section_00_source_train_normal_0439_noAttribute.wav,l1_layerwise_mse,heldout,friction_burst,0.8906897199117739,0.9462123040646212,0.328275848925459,0.05537304594709014
sliderEmu/train/section_00_source_train_normal_0085_noAttribute.wav,l1_layerwise_mse,heldout,friction_burst,0.9121183549435318,0.9143822056303625,0.4048583789999734,0.08987471992316326
sliderEmu/train/section_00_source_train_normal_0455_noAttribute.wav,l1_layerwise_mse,heldout,friction_burst,0.08311892373623495,0.12742350467760824,0.9928374219115969,0.18729367581686437
gearboxEmu/train/section_00_source_train_normal_0319_pro_A.wav,l1_layerwise_mse,heldout,friction_burst,0.925141537615938,0.9107409339963987,0.4132291477231177,0.0923736530506527
ToyCarEmu/train/section_00_source_train_normal_0700_car_D2_spd_2_mic_2_mic_1.wav,l1_layerwise_mse,heldout,friction_burst,0.9933560660925201,0.9826716857874529,0.1856623654221526,0.044454576491311855
sliderEmu/train/section_00_source_train_normal_0494_noAttribute.wav,l1_layerwise_mse,heldout,friction_burst,0.6861742842797598,0.7259081413709695,0.6889384222778474,0.12049125969561966
sliderEmu/train/section_00_source_train_normal_0265_noAttribute.wav,l1_layerwise_mse,heldout,friction_burst,0.8752200151399508,0.7677619494918798,0.6496836343831156,0.19581968472803854
gearboxEmu/train/section_00_source_train_normal_0147_pro_D.wav,l1_layerwise_mse,heldout,friction_burst,0.7895453281736667,0.8356456667588865,0.5512001096196983,0.18279363044193658
ToyCar/train/section_00_source_train_normal_0850_noAttribute.wav,l1_layerwise_mse,heldout,friction_burst,0.9358034774972165,0.9129369439090915,0.4087407672403934,0.09144661913613414
valveEmu/train/section_00_source_train_normal_0021_noAttribute.wav,l1_layerwise_mse,heldout,friction_burst,0.8832301578717622,0.899456031932317,0.4373123890419753,0.07255474015941672
ToyCar/train/section_00_source_train_normal_0613_noAttribute.wav,l1_layerwise_mse,heldout,friction_burst,0.6259117397886165,0.7080138569937178,0.7109550871570156,0.1016060890040165
valveEmu/train/section_00_source_train_normal_0954_noAttribute.wav,l1_layerwise_mse,heldout,friction_burst,0.8786486117764034,0.8471441015930015,0.5322963510095504,0.10982370933974572
gearboxEmu/train/section_00_source_train_normal_0665_pro_B.wav,l1_layerwise_mse,heldout,friction_burst,0.9320669996900734,0.9564770395636154,0.2928267795715583,0.06119131890588994
ToyCarEmu/train/section_00_source_train_normal_0316_car_B2_spd_5_mic_2_mic_1.wav,l1_layerwise_mse,heldout,friction_burst,0.9178750499912358,0.90286393437312,0.43018838850019125,0.0886321235565839
bearingEmu/train/section_00_source_train_normal_0134_noAttribute.wav,l1_layerwise_mse,heldout,friction_burst,0.47976463996491076,0.6301275922144846,0.7909160732588407,0.13726066999760556
bearingEmu/train/section_00_source_train_normal_0878_noAttribute.wav,l1_layerwise_mse,heldout,friction_burst,0.8762914239465109,0.9164642920118056,0.40212816463895096,0.07541135472937474
ToyCarEmu/train/section_00_source_train_normal_0264_car_B1_spd_5_mic_2_mic_1.wav,l1_layerwise_mse,heldout,friction_burst,0.993460780926715,0.9895085410482952,0.14452843108721142,0.04389767204956765
ToyCarEmu/train/section_00_source_train_normal_0757_car_D2_spd_2_mic_2_mic_1.wav,l1_layerwise_mse,heldout,friction_burst,0.9265687710583599,0.9207042200604465,0.39030517818918564,0.07057788203057107
bearingEmu/train/section_00_source_train_normal_0626_noAttribute.wav,l1_layerwise_mse,heldout,friction_burst,0.49581288008976543,0.5808651166570504,0.8184311817105263,0.16020936215000822
gearboxEmu/train/section_00_source_train_normal_0815_pro_C.wav,l1_layerwise_mse,heldout,friction_burst,0.928086412081548,0.8692503698850285,0.49786089856112625,0.1463342750795293
ToyCarEmu/train/section_00_source_train_normal_0142_car_B2_spd_3_mic_2_mic_1.wav,l1_layerwise_mse,heldout,friction_burst,0.9923133898714758,0.9800233612522989,0.1992617780790048,0.04701387731796191
ToyCarEmu/train/section_00_source_train_normal_0041_car_B2_spd_2_mic_2_mic_1.wav,l1_layerwise_mse,heldout,friction_burst,0.9538024654160723,0.9321771263548347,0.3626478462508167,0.06905780374944592
gearboxEmu/train/section_00_source_train_normal_0344_pro_C.wav,l1_layerwise_mse,heldout,friction_burst,0.8242089930540946,0.7975882009635031,0.6037894734552212,0.12178325467016322
ToyCarEmu/train/section_00_source_train_normal_0712_car_D1_spd_2_mic_2_mic_1.wav,l1_layerwise_mse,heldout,friction_burst,0.9606434428481021,0.9657350392715014,0.25957996509247483,0.05056801567837941
ToyCar/train/section_00_source_train_normal_0673_noAttribute.wav,l1_layerwise_mse,heldout,friction_burst,0.9134985178369249,0.9257890284719729,0.37824030907954653,0.061406644526473084
fan/train/section_00_source_train_normal_0329_spd_2.wav,l1_layerwise_mse,heldout,friction_burst,0.7691445428276253,0.7845017972030477,0.620316673520178,0.1590746273367121
bearingEmu/train/section_00_source_train_normal_0656_noAttribute.wav,l1_layerwise_mse,heldout,friction_burst,0.6425657625605955,0.7933044068973877,0.6272083042288884,0.06953078441821511
valveEmu/train/section_00_source_train_normal_0068_noAttribute.wav,l1_layerwise_mse,heldout,friction_burst,0.8558017856058441,0.9342830698807252,0.36506774346096754,0.07021013462044957
gearboxEmu/train/section_00_source_train_normal_0142_pro_F.wav,l1_layerwise_mse,heldout,friction_burst,0.8683334446488712,0.8705978863234394,0.4920004553100099,0.1580340917566279
valveEmu/train/section_00_source_train_normal_0840_noAttribute.wav,l1_layerwise_mse,heldout,friction_burst,0.7986853765311946,0.6670412638880096,0.7565620428387207,0.14845054380710804
ToyCarEmu/train/section_00_source_train_normal_0063_car_B1_spd_2_mic_2_mic_1.wav,l1_layerwise_mse,heldout,friction_burst,0.9770758103971253,0.9815940285191952,0.1910329224779231,0.04951555788611588
valveEmu/train/section_00_source_train_normal_0379_noAttribute.wav,l1_layerwise_mse,heldout,friction_burst,0.8268305503523916,0.8719475405543954,0.4916737020891283,0.11128558007888559
bearingEmu/train/section_00_source_train_normal_0686_noAttribute.wav,l1_layerwise_mse,heldout,friction_burst,0.6538160671568278,0.7825621891168625,0.6357452194742577,0.08824403495968548
fan/train/section_00_source_train_normal_0924_spd_2.wav,l1_layerwise_mse,heldout,friction_burst,0.9059685151522816,0.9237330398635193,0.383448626810317,0.09898925527765699
fan/train/section_00_source_train_normal_0705_spd_1.wav,l1_layerwise_mse,heldout,friction_burst,0.8201653787094592,0.8884109454419428,0.4640942246975187,0.10786978570730421
fan/train/section_00_source_train_normal_0269_spd_3.wav,l1_layerwise_mse,heldout,friction_burst,0.9381167931134328,0.9616569819469629,0.2752634911552509,0.06109717044049177
sliderEmu/train/section_00_source_train_normal_0502_noAttribute.wav,l1_layerwise_mse,heldout,friction_burst,0.6586835662313627,0.7840836105125103,0.6331967015322962,0.10658569588149729
sliderEmu/train/section_00_source_train_normal_0205_noAttribute.wav,l1_layerwise_mse,heldout,friction_burst,0.12328520644018774,0.18633223646911665,0.9845076056831079,0.1777973945911068
ToyCar/train/section_00_source_train_normal_0695_noAttribute.wav,l1_layerwise_mse,heldout,friction_burst,0.881403699066336,0.8942153443092002,0.4478203392609673,0.06755704248165986
ToyCarEmu/train/section_00_source_train_normal_0210_car_B2_spd_3_mic_2_mic_1.wav,l1_layerwise_mse,heldout,friction_burst,0.9590258223243497,0.968089750881231,0.25076759966072276,0.04697069676262701
bearingEmu/train/section_00_source_train_normal_0027_noAttribute.wav,l1_layerwise_mse,heldout,friction_burst,0.7276158938897347,0.848798815601166,0.5424259130504153,0.05687025092334639
valveEmu/train/section_00_source_train_normal_0919_noAttribute.wav,l1_layerwise_mse,heldout,friction_burst,0.8786851044640663,0.9279155148690554,0.3760271673349403,0.08274642395446895
bearingEmu/train/section_00_source_train_normal_0376_noAttribute.wav,l1_layerwise_mse,heldout,friction_burst,0.12205455501493542,0.18525675506148295,0.9847204947571739,0.20783274516986133
gearboxEmu/train/section_00_source_train_normal_0076_pro_E.wav,l1_layerwise_mse,heldout,friction_burst,0.8045851195467463,0.7052216301689936,0.7159158856759011,0.1465044342007194
valveEmu/train/section_00_source_train_normal_0935_noAttribute.wav,l1_layerwise_mse,heldout,friction_burst,0.9297015398123493,0.8725039104669352,0.49194358926877146,0.10877867065012292
bearingEmu/train/section_00_source_train_normal_0755_noAttribute.wav,l1_layerwise_mse,heldout,friction_burst,0.3032335206536282,0.39822598107910673,0.9221928407503872,0.14214240284789997
ToyCar/train/section_00_source_train_normal_0350_noAttribute.wav,l1_layerwise_mse,heldout,friction_burst,0.9978185578589357,0.9474966583028284,0.32440873863819697,0.05678508035567056
fan/train/section_00_source_train_normal_0575_spd_3.wav,l1_layerwise_mse,heldout,friction_burst,0.791525163084173,0.8926324316401811,0.4619848717642105,0.10557324753310247
gearboxEmu/train/section_00_source_train_normal_0709_pro_C.wav,l1_layerwise_mse,heldout,friction_burst,0.8394397517411051,0.887626847603384,0.46307728903641937,0.10686127750305666
valveEmu/train/section_00_source_train_normal_0904_noAttribute.wav,l1_layerwise_mse,heldout,friction_burst,0.5640806482252922,0.6406074792474811,0.7716724780620899,0.139580677793813
ToyCar/train/section_00_source_train_normal_0278_noAttribute.wav,l1_layerwise_mse,heldout,friction_burst,0.9408116070463213,0.9188975451380677,0.39510445156762225,0.07372695219528377
ToyCarEmu/train/section_00_source_train_normal_0065_car_B1_spd_2_mic_2_mic_1.wav,l1_layerwise_mse,heldout,friction_burst,0.9967454228901153,0.9624257081354733,0.27370531441821316,0.059130328573557454
bearingEmu/train/section_00_source_train_normal_0312_noAttribute.wav,l1_layerwise_mse,heldout,friction_burst,0.7401450179019629,0.8461429752420432,0.5433945458033351,0.0881475693239336
ToyCarEmu/train/section_00_source_train_normal_0410_car_C1_spd_2_mic_2_mic_1.wav,l1_layerwise_mse,heldout,friction_burst,0.9588972184676486,0.909729415366579,0.41810269513430304,0.09208602116315442
ToyCarEmu/train/section_00_source_train_normal_0605_car_C1_spd_5_mic_2_mic_1.wav,l1_layerwise_mse,heldout,friction_burst,0.9707625719858437,0.9736001049047127,0.22827809207761998,0.043733707421637194
ToyCarEmu/train/section_00_source_train_normal_0321_car_B2_spd_5_mic_2_mic_1.wav,l1_layerwise_mse,heldout,friction_burst,0.9856965159750163,0.9849047380698688,0.1730990578824002,0.04612125213842393
gearboxEmu/train/section_00_source_train_normal_0099_pro_C.wav,l1_layerwise_mse,heldout,friction_burst,0.9337464474410595,0.9306685216558289,0.3658764496740578,0.07969528564563967
bearingEmu/train/section_00_source_train_normal_0437_noAttribute.wav,l1_layerwise_mse,heldout,friction_burst,0.4980944015877809,0.5012885875354054,0.8652860537594642,0.18262076380981807
ToyCarEmu/train/section_00_source_train_normal_0928_car_D1_spd_5_mic_2_mic_1.wav,l1_layerwise_mse,heldout,friction_burst,0.9862131101862814,0.9708461667742095,0.24019546916970314,0.04503935704110867
bearingEmu/train/section_00_source_train_normal_0587_noAttribute.wav,l1_layerwise_mse,heldout,friction_burst,0.8709060664928502,0.9311007638965588,0.36969550858344036,0.054929287559916634
gearboxEmu/train/section_00_source_train_normal_0036_pro_C.wav,l1_layerwise_mse,heldout,friction_burst,0.9233097282914529,0.9556447666546469,0.29629146911704135,0.06850198247725724
ToyCar/train/section_00_source_train_normal_0754_noAttribute.wav,l1_layerwise_mse,heldout,friction_burst,0.8336712380999637,0.8524327447114103,0.5231734032556538,0.09266108526540641
gearboxEmu/train/section_00_source_train_normal_0907_pro_B.wav,l1_layerwise_mse,heldout,friction_burst,0.9806359449768111,0.7556261997619829,0.6925737734529843,0.18664952418452982
ToyCarEmu/train/section_00_source_train_normal_0015_car_B1_spd_2_mic_2_mic_1.wav,l1_layerwise_mse,heldout,friction_burst,0.8425062032047458,0.8334955441740395,0.5525996469580751,0.108478790144695
valveEmu/train/section_00_source_train_normal_0865_noAttribute.wav,l1_layerwise_mse,heldout,friction_burst,0.8049154068242822,0.7965921091485269,0.6045744692976218,0.11635578612548865
bearingEmu/train/section_00_source_train_normal_0860_noAttribute.wav,l1_layerwise_mse,heldout,friction_burst,0.14735707686111224,0.3474650071576214,0.958807203022853,0.17978799670516307
bearingEmu/train/section_00_source_train_normal_0157_noAttribute.wav,l1_layerwise_mse,heldout,friction_burst,0.46542462480608227,0.6438414800561927,0.7856848749953061,0.14937851886585368
ToyCarEmu/train/section_00_source_train_normal_0411_car_C1_spd_2_mic_2_mic_1.wav,l1_layerwise_mse,heldout,friction_burst,0.9996528301282885,0.9889714316335066,0.14849107611764611,0.047826259033631816
bearingEmu/train/section_00_source_train_normal_0751_noAttribute.wav,l1_layerwise_mse,heldout,friction_burst,0.9017558139854407,0.9005160582635859,0.4348245230017094,0.0630575421238779
valveEmu/train/section_00_source_train_normal_0368_noAttribute.wav,l1_layerwise_mse,heldout,friction_burst,0.7815185223698895,0.7430080908042571,0.6703894616853581,0.16087289142658298
bearingEmu/train/section_00_source_train_normal_0693_noAttribute.wav,l1_layerwise_mse,heldout,friction_burst,0.26122877837032127,0.35176606104236074,0.9404560797040865,0.16784911309391393
ToyCar/train/section_00_source_train_normal_0942_noAttribute.wav,l1_layerwise_mse,heldout,friction_burst,0.7078990323812533,0.7889722854480171,0.6197544716722587,0.09828694023722469
bearingEmu/train/section_00_source_train_normal_0314_noAttribute.wav,l1_layerwise_mse,heldout,friction_burst,0.6545754022816903,0.781878782316251,0.636295309060094,0.09803560786303302
bearingEmu/train/section_00_source_train_normal_0446_noAttribute.wav,l1_layerwise_mse,heldout,friction_burst,0.47635947485993435,0.5927629738584153,0.8137455569166674,0.17317642337101205
sliderEmu/train/section_00_source_train_normal_0360_noAttribute.wav,l1_layerwise_mse,heldout,friction_burst,0.8451569669131483,0.8326102477382046,0.5540014400011795,0.13994873222901646
ToyCar/train/section_00_source_train_normal_0775_noAttribute.wav,l1_layerwise_mse,heldout,friction_burst,0.9961417996888633,0.9770627646722884,0.21380449824105294,0.05080748962804501
fan/train/section_00_source_train_normal_0209_spd_3.wav,l1_layerwise_mse,heldout,friction_burst,0.6568631725334049,0.6566304088439183,0.754212543226645,0.1804804701241017
gearboxEmu/train/section_00_source_train_normal_0828_pro_F.wav,l1_layerwise_mse,heldout,friction_burst,0.8495558752641456,0.8619900115175144,0.507077733477228,0.10220257326869245
bearingEmu/train/section_00_source_train_normal_0532_noAttribute.wav,l1_layerwise_mse,heldout,friction_burst,0.4689102546899191,0.6331087733297133,0.7912865692380028,0.13771515157992534
bearingEmu/train/section_00_source_train_normal_0851_noAttribute.wav,l1_layerwise_mse,heldout,friction_burst,0.58185524026709,0.6902808851398059,0.7316204070941913,0.08534133862449723
fan/train/section_00_source_train_normal_0513_spd_1.wav,l1_layerwise_mse,heldout,friction_burst,0.909430080333946,0.952521295493443,0.30750615352447064,0.07256340261557663
sliderEmu/train/section_00_source_train_normal_0451_noAttribute.wav,l1_layerwise_mse,heldout,friction_burst,0.9514661301327626,0.9483674862234046,0.3171887650412247,0.09593344205963893
sliderEmu/train/section_00_source_train_normal_0753_noAttribute.wav,l1_layerwise_mse,heldout,friction_burst,0.9221604312939087,0.8615594179456647,0.511261041120836,0.10215076548915566
sliderEmu/train/section_00_source_train_normal_0509_noAttribute.wav,l1_layerwise_mse,heldout,friction_burst,0.26606155107816,0.27366101217807803,0.9618562274179436,0.1901684815203777
ToyCarEmu/train/section_00_source_train_normal_0282_car_B1_spd_5_mic_2_mic_1.wav,l1_layerwise_mse,heldout,friction_burst,0.7223209786604092,0.7720272724034205,0.6375300826651249,0.10624669957782937
ToyCarEmu/train/section_00_source_train_normal_0689_car_D2_spd_2_mic_2_mic_1.wav,l1_layerwise_mse,heldout,friction_burst,0.6058082036840439,0.7238261458133441,0.7000028180667804,0.11036506427112486
ToyCarEmu/train/section_00_source_train_normal_0174_car_B1_spd_3_mic_2_mic_1.wav,l1_layerwise_mse,heldout,friction_burst,0.9719539700688223,0.9694255259578625,0.245398742154364,0.05190040535801215
sliderEmu/train/section_00_source_train_normal_0467_noAttribute.wav,l1_layerwise_mse,heldout,friction_burst,0.892987403338554,0.8509097199065238,0.5269944781604524,0.09421635149617402
bearingEmu/train/section_00_source_train_normal_0031_noAttribute.wav,l1_layerwise_mse,heldout,friction_burst,0.6100750622299004,0.8014768605592115,0.6279088233110316,0.07233694699243201
ToyCarEmu/train/section_00_source_train_normal_0536_car_C1_spd_3_mic_2_mic_1.wav,l1_layerwise_mse,heldout,friction_burst,0.997477970051801,0.984465438590966,0.17606000736940886,0.04536575083524864
fan/train/section_00_source_train_normal_0098_spd_2.wav,l1_layerwise_mse,heldout,friction_burst,0.9030568235819522,0.9273155666243553,0.3750657629138496,0.0825160653273825
fan/train/section_00_source_train_normal_0723_spd_1.wav,l1_layerwise_mse,heldout,friction_burst,0.36180271868050784,0.43416036130322666,0.9037369136640203,0.15027287661913044
gearboxEmu/train/section_00_source_train_normal_0276_pro_C.wav,l1_layerwise_mse,heldout,friction_burst,0.4060397006598801,0.2804703662371166,0.9680413376556776,0.317277187393898
fan/train/section_00_source_train_normal_0229_spd_2.wav,l1_layerwise_mse,heldout,friction_burst,0.6414871284168082,0.5837962983160577,0.8139472427314818,0.2403881884795306
ToyCar/train/section_00_source_train_normal_0105_noAttribute.wav,l1_layerwise_mse,heldout,friction_burst,0.988272325951205,0.9733180727526443,0.22994686112622773,0.04868606129388114
valveEmu/train/section_00_source_train_normal_0506_noAttribute.wav,l1_layerwise_mse,heldout,friction_burst,0.934819532599727,0.9488224360639601,0.3161203348838561,0.08443951423274437
bearingEmu/train/section_00_source_train_normal_0696_noAttribute.wav,l1_layerwise_mse,heldout,friction_burst,0.7712713445536401,0.8741504926408215,0.49643230689284695,0.06670500796068403
valveEmu/train/section_00_source_train_normal_0699_noAttribute.wav,l1_layerwise_mse,heldout,friction_burst,0.7991435211808493,0.7838041181017456,0.6211975545135123,0.13146859083430415
valveEmu/train/section_00_source_train_normal_0566_noAttribute.wav,l1_layerwise_mse,heldout,friction_burst,0.8613436882293474,0.7312555995557266,0.6943976950805286,0.12995823660772193
sliderEmu/train/section_00_source_train_normal_0912_noAttribute.wav,l1_layerwise_mse,heldout,friction_burst,0.7075361832334699,0.6875834931847915,0.7263794116988579,0.17381827407916145
ToyCar/train/section_00_source_train_normal_0317_noAttribute.wav,l1_layerwise_mse,heldout,friction_burst,0.9322315637333071,0.8860286270201942,0.4659270151661369,0.10235493688782024
ToyCar/train/section_00_source_train_normal_0053_noAttribute.wav,l1_layerwise_mse,heldout,friction_burst,0.9972766947425332,0.9787161655303758,0.20661889363703081,0.05314124344823312
gearboxEmu/train/section_00_source_train_normal_0937_pro_E.wav,l1_layerwise_mse,heldout,friction_burst,0.921056961716013,0.9336334117945928,0.35845058163904125,0.06896768263455208
bearingEmu/train/section_00_source_train_normal_0030_noAttribute.wav,l1_layerwise_mse,heldout,friction_burst,0.11253597652983686,0.2835154505043601,0.9740908427071443,0.21083302634807366
fan/train/section_00_source_train_normal_0614_spd_3.wav,l1_layerwise_mse,heldout,friction_burst,0.7373394377713509,0.7650693242562552,0.6445447041800458,0.13350906766807627
gearboxEmu/train/section_00_source_train_normal_0720_pro_D.wav,l1_layerwise_mse,heldout,friction_burst,0.8035408190394401,0.8696905436252204,0.4980101850280205,0.10403017731580143
sliderEmu/train/section_00_source_train_normal_0260_noAttribute.wav,l1_layerwise_mse,heldout,friction_burst,0.9043289672489463,0.8519514651586076,0.5262338869165735,0.10395260764054039
valveEmu/train/section_00_source_train_normal_0599_noAttribute.wav,l1_layerwise_mse,heldout,friction_burst,0.9436716120276969,0.9710484186882831,0.24044637261958485,0.062486610170978146
sliderEmu/train/section_00_source_train_normal_0199_noAttribute.wav,l1_layerwise_mse,heldout,friction_burst,0.9472879955453516,0.9192529863765345,0.394664298837529,0.0792266688219122
ToyCarEmu/train/section_00_source_train_normal_0404_car_C1_spd_2_mic_2_mic_1.wav,l1_layerwise_mse,heldout,friction_burst,0.9389949518340887,0.9107410066778852,0.4139433586521739,0.07609629965269268
valveEmu/train/section_00_source_train_normal_0390_noAttribute.wav,l1_layerwise_mse,heldout,friction_burst,0.7490397927722984,0.7909018891231714,0.6133731628399538,0.13626450871024107
valveEmu/train/section_00_source_train_normal_0526_noAttribute.wav,l1_layerwise_mse,heldout,friction_burst,0.83014262593124,0.8757155878595425,0.48497330239790976,0.07812467411949639
ToyCar/train/section_00_source_train_normal_0763_noAttribute.wav,l1_layerwise_mse,heldout,friction_burst,0.9384709102194794,0.8704911345367164,0.49685655333794193,0.0978431258742825
sliderEmu/train/section_00_source_train_normal_0179_noAttribute.wav,l1_layerwise_mse,heldout,friction_burst,0.8703315525487526,0.8974333082669521,0.4419818575191097,0.0776138113217364
gearboxEmu/train/section_00_source_train_normal_0522_pro_F.wav,l1_layerwise_mse,heldout,friction_burst,0.8648262581113407,0.8786440224436181,0.47767730994390056,0.11962450644156197
valveEmu/train/section_00_source_train_normal_0849_noAttribute.wav,l1_layerwise_mse,heldout,friction_burst,0.911605005085847,0.9339303081809275,0.35815164193308613,0.07293173426079526
ToyCar/train/section_00_source_train_normal_0851_noAttribute.wav,l1_layerwise_mse,heldout,friction_burst,0.7553301831300385,0.8350762261122249,0.5558840957910927,0.0648577026761454
valveEmu/train/section_00_source_train_normal_0005_noAttribute.wav,l1_layerwise_mse,heldout,friction_burst,0.8074128028946274,0.7653110644273224,0.6450360695706,0.13354588769957076
sliderEmu/train/section_00_source_train_normal_0706_noAttribute.wav,l1_layerwise_mse,heldout,friction_burst,0.940092720699349,0.9550595344500349,0.2967916629050255,0.06502715938387792
valveEmu/train/section_00_source_train_normal_0504_noAttribute.wav,l1_layerwise_mse,heldout,friction_burst,0.8647288257740597,0.9068671748062616,0.42351808428692805,0.08812456069499075
ToyCarEmu/train/section_00_source_train_normal_0798_car_D1_spd_3_mic_2_mic_1.wav,l1_layerwise_mse,heldout,friction_burst,0.9557797906180729,0.8817264880407204,0.47753773872856403,0.1025385924721836
sliderEmu/train/section_00_source_train_normal_0623_noAttribute.wav,l1_layerwise_mse,heldout,friction_burst,0.8255476785567523,0.8298524731152305,0.557999466057743,0.1193245813709608
ToyCarEmu/train/section_00_source_train_normal_0131_car_B2_spd_3_mic_2_mic_1.wav,l1_layerwise_mse,heldout,friction_burst,0.9673275678538698,0.9310538285498042,0.36668045012769795,0.07274368403874175
sliderEmu/train/section_00_source_train_normal_0778_noAttribute.wav,l1_layerwise_mse,heldout,friction_burst,0.8764952771362147,0.7998200405239182,0.6051173396010643,0.16318528088030748
bearingEmu/train/section_00_source_train_normal_0013_noAttribute.wav,l1_layerwise_mse,heldout,friction_burst,0.53177058546987,0.5590256362870737,0.829598201401667,0.12856900261353496
ToyCar/train/section_00_source_train_normal_0539_noAttribute.wav,l1_layerwise_mse,heldout,friction_burst,0.995789986279328,0.9726926489828809,0.23324342992858696,0.04723511686935019
ToyCarEmu/train/section_00_source_train_normal_0793_car_D1_spd_3_mic_2_mic_1.wav,l1_layerwise_mse,heldout,friction_burst,0.9687525084374259,0.9465160959383799,0.3234219197432286,0.056728692438238616
ToyCar/train/section_00_source_train_normal_0411_noAttribute.wav,l1_layerwise_mse,heldout,friction_burst,0.9984148932749453,0.9783055509981383,0.20814090067316188,0.045320680899478855
ToyCar/train/section_00_source_train_normal_0436_noAttribute.wav,l1_layerwise_mse,heldout,friction_burst,0.925223325286033,0.9691981185200037,0.25017751597067095,0.04411030897609125
ToyCar/train/section_00_source_train_normal_0612_noAttribute.wav,l1_layerwise_mse,heldout,friction_burst,0.9928887281767013,0.9777548387604997,0.21029624316494855,0.04563098089755154
sliderEmu/train/section_00_source_train_normal_0918_noAttribute.wav,l1_layerwise_mse,heldout,friction_burst,0.793815645517419,0.8152487698997742,0.5795073959818756,0.09099513056187854
ToyCar/train/section_00_source_train_normal_0283_noAttribute.wav,l1_layerwise_mse,heldout,friction_burst,0.9932127704150157,0.9626289310011501,0.27440771658604424,0.0596246078576882
sliderEmu/train/section_00_source_train_normal_0782_noAttribute.wav,l1_layerwise_mse,heldout,friction_burst,0.9022663685867793,0.8772416910364956,0.48070079050686526,0.08953362047570255
valveEmu/train/section_00_source_train_normal_0468_noAttribute.wav,l1_layerwise_mse,heldout,friction_burst,0.7882049759384642,0.7434366251297057,0.6703030580639548,0.1309446828634991
sliderEmu/train/section_00_source_train_normal_0074_noAttribute.wav,l1_layerwise_mse,heldout,friction_burst,0.9655578520667721,0.9722142052775153,0.2341876301060222,0.08055731472016646
sliderEmu/train/section_00_source_train_normal_0344_noAttribute.wav,l1_layerwise_mse,heldout,friction_burst,0.7846614474180462,0.837979228098567,0.5483006465544483,0.08500979160816474
ToyCar/train/section_00_source_train_normal_0977_noAttribute.wav,l1_layerwise_mse,heldout,friction_burst,0.9447508145309886,0.9012447273553644,0.43548905960481715,0.08876958647317663
sliderEmu/train/section_00_source_train_normal_0092_noAttribute.wav,l1_layerwise_mse,heldout,friction_burst,0.754748926910252,0.7664683269155945,0.6423890162290251,0.11143205918065313
valveEmu/train/section_00_source_train_normal_0172_noAttribute.wav,l2_layerwise_fault_transport,in_support,periodic_resonance,0.9230099317175121,0.8991804253164307,0.4382264347378895,0.09688917472151647
gearboxEmu/train/section_00_source_train_normal_0382_pro_D.wav,l2_layerwise_fault_transport,in_support,frequency_modulation,0.1445025650256226,0.22044925571634472,0.9783506659071591,0.08651492533772258
bearingEmu/train/section_00_source_train_normal_0662_noAttribute.wav,l2_layerwise_fault_transport,in_support,amplitude_modulation,0.8882557777685729,0.8946043039409,0.4469042885842319,0.06681594669514684
ToyCarEmu/train/section_00_source_train_normal_0291_car_B1_spd_5_mic_2_mic_1.wav,l2_layerwise_fault_transport,in_support,amplitude_modulation,0.645727289215454,0.7783958060133129,0.6416392323808049,0.07870492812903222
ToyCar/train/section_00_source_train_normal_0589_noAttribute.wav,l2_layerwise_fault_transport,in_support,frequency_modulation,0.955205386226948,0.7778695959038249,0.6529677436887268,0.07095070990228476
gearboxEmu/train/section_00_source_train_normal_0734_pro_C.wav,l2_layerwise_fault_transport,in_support,periodic_resonance,0.3404009084121756,0.5435887612329813,0.863595137894559,0.07656972954659017
sliderEmu/train/section_00_source_train_normal_0590_noAttribute.wav,l2_layerwise_fault_transport,in_support,amplitude_modulation,0.051222413016435084,0.22606548529154888,0.9896789864812212,0.08620080277393792
sliderEmu/train/section_00_source_train_normal_0276_noAttribute.wav,l2_layerwise_fault_transport,in_support,amplitude_modulation,0.9358404623151404,0.9442184341094932,0.3294263788757722,0.08922529882815014
bearingEmu/train/section_00_source_train_normal_0558_noAttribute.wav,l2_layerwise_fault_transport,in_support,amplitude_modulation,0.6095709787487054,0.814377816939157,0.6154141794328295,0.06964726583510317
valveEmu/train/section_00_source_train_normal_0703_noAttribute.wav,l2_layerwise_fault_transport,in_support,amplitude_modulation,0.8804229992930264,0.9416252402142639,0.3421806851434062,0.08326465083377882
valveEmu/train/section_00_source_train_normal_0473_noAttribute.wav,l2_layerwise_fault_transport,in_support,amplitude_modulation,0.8298318263160634,0.7551953904512417,0.7950227603062057,0.08958138677245955
ToyCar/train/section_00_source_train_normal_0755_noAttribute.wav,l2_layerwise_fault_transport,in_support,amplitude_modulation,0.8399167790296284,0.8634313679068958,0.5050140679273144,0.07732071755005936
ToyCarEmu/train/section_00_source_train_normal_0204_car_B2_spd_3_mic_2_mic_1.wav,l2_layerwise_fault_transport,in_support,amplitude_modulation,0.9421231197180525,0.9222118920840495,0.3871972147170615,0.0784634173750994
gearboxEmu/train/section_00_source_train_normal_0148_pro_D.wav,l2_layerwise_fault_transport,in_support,amplitude_modulation,0.04216913342131857,0.3859234136057866,0.9844948572623416,0.09900151998307234
fan/train/section_00_source_train_normal_0805_spd_1.wav,l2_layerwise_fault_transport,in_support,frequency_modulation,0.922315752786595,0.8364876029779325,0.5546665316780983,0.08181626879457342
ToyCar/train/section_00_source_train_normal_0506_noAttribute.wav,l2_layerwise_fault_transport,in_support,amplitude_modulation,0.5233084482553441,0.6984101916643396,0.7368065042629918,0.08210504640403266
ToyCar/train/section_00_source_train_normal_0334_noAttribute.wav,l2_layerwise_fault_transport,in_support,frequency_modulation,0.8769381519279792,0.9240096033087734,0.3852557261459688,0.07661993782532192
ToyCar/train/section_00_source_train_normal_0449_noAttribute.wav,l2_layerwise_fault_transport,in_support,periodic_resonance,0.700197822227885,0.7979916800046235,0.6105513223818745,0.08380333738065468
fan/train/section_00_source_train_normal_0828_spd_3.wav,l2_layerwise_fault_transport,in_support,frequency_modulation,0.3678726452873648,0.544242503557577,0.8572668337382682,0.13999552103765772
gearboxEmu/train/section_00_source_train_normal_0940_pro_B.wav,l2_layerwise_fault_transport,in_support,periodic_resonance,0.10390324621646829,0.30569510952088236,0.9732782007786279,0.077597195125716
valveEmu/train/section_00_source_train_normal_0308_noAttribute.wav,l2_layerwise_fault_transport,in_support,periodic_resonance,0.9467865520540301,0.9429269935253658,0.33302189278371935,0.08969780603531367
bearingEmu/train/section_00_source_train_normal_0973_noAttribute.wav,l2_layerwise_fault_transport,in_support,frequency_modulation,0.7039599930677989,0.8310430226057848,0.5705414892668137,0.06492111571828162
sliderEmu/train/section_00_source_train_normal_0574_noAttribute.wav,l2_layerwise_fault_transport,in_support,frequency_modulation,0.8150464382870769,0.882552881327469,0.47503424246316006,0.0811044268304853
sliderEmu/train/section_00_source_train_normal_0525_noAttribute.wav,l2_layerwise_fault_transport,in_support,frequency_modulation,0.5579312931426716,0.6127617009148764,0.7921675779204637,0.09188460636897247
ToyCarEmu/train/section_00_source_train_normal_0016_car_B1_spd_2_mic_2_mic_1.wav,l2_layerwise_fault_transport,in_support,amplitude_modulation,0.9005212161334295,0.9525133473497808,0.30890371449520343,0.07808310854168742
sliderEmu/train/section_00_source_train_normal_0131_noAttribute.wav,l2_layerwise_fault_transport,in_support,amplitude_modulation,0.5744850933028091,0.7188135693194846,0.710026592143899,0.08483726702312273
valveEmu/train/section_00_source_train_normal_0251_noAttribute.wav,l2_layerwise_fault_transport,in_support,frequency_modulation,0.5783741656867584,0.545106025353861,0.8390269306071918,0.09910316383369808
bearingEmu/train/section_00_source_train_normal_0266_noAttribute.wav,l2_layerwise_fault_transport,in_support,amplitude_modulation,0.5507846337078524,0.6837552119729444,0.7417277025863244,0.09052344014098875
valveEmu/train/section_00_source_train_normal_0670_noAttribute.wav,l2_layerwise_fault_transport,in_support,frequency_modulation,0.44834193164930547,0.6336453472123326,0.7955067125898352,0.08383980422356363
valveEmu/train/section_00_source_train_normal_0741_noAttribute.wav,l2_layerwise_fault_transport,in_support,frequency_modulation,0.6841783360270574,0.780780649277764,0.6322290602612165,0.10144646113671113
valveEmu/train/section_00_source_train_normal_0572_noAttribute.wav,l2_layerwise_fault_transport,in_support,frequency_modulation,0.5697053152805116,0.7219535366624855,0.7084931981427232,0.08922336693915935
sliderEmu/train/section_00_source_train_normal_0717_noAttribute.wav,l2_layerwise_fault_transport,in_support,frequency_modulation,0.5159068406741745,0.554728973586394,0.8329363264185563,0.09608892257534553
fan/train/section_00_source_train_normal_0815_spd_2.wav,l2_layerwise_fault_transport,in_support,periodic_resonance,0.9119293753191641,0.9174672535336332,0.3978498545790486,0.07319019993806111
ToyCar/train/section_00_source_train_normal_0469_noAttribute.wav,l2_layerwise_fault_transport,in_support,amplitude_modulation,0.7986518384614235,0.8960960679991119,0.4544306490397895,0.07470508678790319
ToyCarEmu/train/section_00_source_train_normal_0083_car_B1_spd_2_mic_2_mic_1.wav,l2_layerwise_fault_transport,in_support,periodic_resonance,0.49130002553870533,0.6167409539480533,0.7970985022213029,0.07872737367895981
valveEmu/train/section_00_source_train_normal_0775_noAttribute.wav,l2_layerwise_fault_transport,in_support,periodic_resonance,0.22461941663505844,0.3391426363981215,0.9476802414537461,0.09373564577007344
fan/train/section_00_source_train_normal_0871_spd_3.wav,l2_layerwise_fault_transport,in_support,frequency_modulation,0.2482019850687683,0.14000542399456992,0.9960446662074864,0.14412142152302163
gearboxEmu/train/section_00_source_train_normal_0862_pro_F.wav,l2_layerwise_fault_transport,in_support,periodic_resonance,0.9196848723411012,0.9877397423662386,0.17029875714289472,0.0730085901013606
sliderEmu/train/section_00_source_train_normal_0844_noAttribute.wav,l2_layerwise_fault_transport,in_support,frequency_modulation,0.9820292519245146,0.94018674255474,0.3495003698278155,0.0829333799659928
fan/train/section_00_source_train_normal_0734_spd_2.wav,l2_layerwise_fault_transport,in_support,frequency_modulation,0.48932130928527084,0.7260538989393757,0.7272469008797973,0.08265629404403889
fan/train/section_00_source_train_normal_0791_spd_1.wav,l2_layerwise_fault_transport,in_support,amplitude_modulation,0.8817716378647295,0.907078700881383,0.4217210901127324,0.07860137629846496
ToyCarEmu/train/section_00_source_train_normal_0351_car_C1_spd_2_mic_2_mic_1.wav,l2_layerwise_fault_transport,in_support,amplitude_modulation,0.8385943715831942,0.9456655747027132,0.34231690486981325,0.08139783372057897
ToyCarEmu/train/section_00_source_train_normal_0360_car_C2_spd_2_mic_2_mic_1.wav,l2_layerwise_fault_transport,in_support,amplitude_modulation,0.5747090022687178,0.7517489485366698,0.6828006011630121,0.08807375711503075
gearboxEmu/train/section_00_source_train_normal_0636_pro_F.wav,l2_layerwise_fault_transport,in_support,frequency_modulation,0.9477805393723366,0.9299385324722379,0.3681476103869256,0.0606655412119857
ToyCar/train/section_00_source_train_normal_0029_noAttribute.wav,l2_layerwise_fault_transport,in_support,frequency_modulation,0.7550479090456118,0.7763249858838278,0.6306918663588851,0.08408071276988903
bearingEmu/train/section_00_source_train_normal_0775_noAttribute.wav,l2_layerwise_fault_transport,in_support,periodic_resonance,0.9717488761909278,0.962975600491526,0.2697312796552951,0.06451693882608689
ToyCar/train/section_00_source_train_normal_0337_noAttribute.wav,l2_layerwise_fault_transport,in_support,frequency_modulation,0.9189940868939406,0.9199873831070977,0.39194923339779786,0.07046319511918918
fan/train/section_00_source_train_normal_0908_spd_2.wav,l2_layerwise_fault_transport,in_support,frequency_modulation,0.9402142520476087,0.9192901821022862,0.394136242679384,0.08240549004554747
gearboxEmu/train/section_00_source_train_normal_0087_pro_D.wav,l2_layerwise_fault_transport,in_support,periodic_resonance,0.7171958570495669,0.8326677831985324,0.5656837708046732,0.08032328656358266
sliderEmu/train/section_00_source_train_normal_0598_noAttribute.wav,l2_layerwise_fault_transport,in_support,amplitude_modulation,0.13175661745309591,0.3589430424725444,0.9606110367748595,0.09376723886229683
valveEmu/train/section_00_source_train_normal_0346_noAttribute.wav,l2_layerwise_fault_transport,in_support,amplitude_modulation,0.11208908444776482,0.4214031776623415,0.9581725158431738,0.0955094271173762
ToyCar/train/section_00_source_train_normal_0645_noAttribute.wav,l2_layerwise_fault_transport,in_support,frequency_modulation,0.8241322152493753,0.8588596145206574,0.5133869445219412,0.07704272141662084
sliderEmu/train/section_00_source_train_normal_0146_noAttribute.wav,l2_layerwise_fault_transport,in_support,amplitude_modulation,0.13779199564157774,0.4068265862369447,0.9522981359152242,0.08689299192540793
valveEmu/train/section_00_source_train_normal_0458_noAttribute.wav,l2_layerwise_fault_transport,in_support,periodic_resonance,0.9010735860294443,0.9354371965067423,0.3551592728856191,0.08754638910104488
fan/train/section_00_source_train_normal_0687_spd_3.wav,l2_layerwise_fault_transport,in_support,frequency_modulation,0.6709418737066781,0.7429655737229979,0.6731935602978519,0.0873417970315403
gearboxEmu/train/section_00_source_train_normal_0867_pro_F.wav,l2_layerwise_fault_transport,in_support,frequency_modulation,0.9846419508214765,0.9390397070903647,0.3468198280677651,0.07507859024733586
ToyCar/train/section_00_source_train_normal_0861_noAttribute.wav,l2_layerwise_fault_transport,in_support,amplitude_modulation,0.733793939523252,0.7771293469661161,0.6308311466805177,0.0798234559167887
bearingEmu/train/section_00_source_train_normal_0922_noAttribute.wav,l2_layerwise_fault_transport,in_support,frequency_modulation,0.780719306697887,0.6793847279072179,0.7407463049824264,0.07477191434872152
valveEmu/train/section_00_source_train_normal_0665_noAttribute.wav,l2_layerwise_fault_transport,in_support,frequency_modulation,0.8626648515030786,0.9006827757985004,0.4361374782653291,0.08923770169563551
sliderEmu/train/section_00_source_train_normal_0584_noAttribute.wav,l2_layerwise_fault_transport,in_support,amplitude_modulation,0.2484193045041183,0.46151448988543226,0.9123672142610594,0.0847458644096734
fan/train/section_00_source_train_normal_0091_spd_1.wav,l2_layerwise_fault_transport,in_support,amplitude_modulation,0.042579933901839694,0.17195696730942114,0.993563897375047,0.14496701137552423
sliderEmu/train/section_00_source_train_normal_0649_noAttribute.wav,l2_layerwise_fault_transport,in_support,amplitude_modulation,0.5665698603856508,0.6920498665149853,0.7326746987543713,0.08278411191741497
bearingEmu/train/section_00_source_train_normal_0959_noAttribute.wav,l2_layerwise_fault_transport,in_support,periodic_resonance,0.9572164208480345,0.8323893322930801,0.5680755244875336,0.08066298356613204
valveEmu/train/section_00_source_train_normal_0187_noAttribute.wav,l2_layerwise_fault_transport,in_support,periodic_resonance,0.721194485310099,0.7674175505490125,0.642811694720495,0.08661960775674747
ToyCar/train/section_00_source_train_normal_0783_noAttribute.wav,l2_layerwise_fault_transport,in_support,frequency_modulation,0.9096035923044864,0.7542470516367226,0.6747199714144867,0.07230854255807388
sliderEmu/train/section_00_source_train_normal_0297_noAttribute.wav,l2_layerwise_fault_transport,in_support,amplitude_modulation,0.24431864000431086,0.4878241594835427,0.9062684632276606,0.10779568352291485
ToyCar/train/section_00_source_train_normal_0090_noAttribute.wav,l2_layerwise_fault_transport,in_support,frequency_modulation,0.8262997549116797,0.8021352393240351,0.5976311417991523,0.0842459661289644
ToyCarEmu/train/section_00_source_train_normal_0468_car_C1_spd_3_mic_2_mic_1.wav,l2_layerwise_fault_transport,in_support,periodic_resonance,0.9567155852928685,0.9562748656757079,0.29246978563723075,0.08248413489019674
sliderEmu/train/section_00_source_train_normal_0051_noAttribute.wav,l2_layerwise_fault_transport,in_support,amplitude_modulation,0.7620196952648901,0.9192392532543665,0.42393063665033853,0.08333423282800308
fan/train/section_00_source_train_normal_0372_spd_2.wav,l2_layerwise_fault_transport,in_support,periodic_resonance,0.7916501551675234,0.9241095460392847,0.40443421856858847,0.08198019418619011
sliderEmu/train/section_00_source_train_normal_0361_noAttribute.wav,l2_layerwise_fault_transport,in_support,frequency_modulation,0.9828507629757511,0.9558567374298639,0.2950704575607466,0.07725850799229085
sliderEmu/train/section_00_source_train_normal_0627_noAttribute.wav,l2_layerwise_fault_transport,in_support,frequency_modulation,0.9765156800849053,0.735099899621262,0.7369666044045102,0.09275572691728924
bearingEmu/train/section_00_source_train_normal_0289_noAttribute.wav,l2_layerwise_fault_transport,in_support,frequency_modulation,0.23070473758602947,0.3506992955698058,0.944144426469046,0.09768957794696756
gearboxEmu/train/section_00_source_train_normal_0617_pro_B.wav,l2_layerwise_fault_transport,in_support,amplitude_modulation,0.70569202983565,0.8278947292751194,0.5740416509180933,0.07529959102486258
ToyCarEmu/train/section_00_source_train_normal_0042_car_B1_spd_2_mic_2_mic_1.wav,l2_layerwise_fault_transport,in_support,periodic_resonance,0.8931349731254509,0.8936637230555732,0.4487375955621952,0.07500799568005274
sliderEmu/train/section_00_source_train_normal_0962_noAttribute.wav,l2_layerwise_fault_transport,in_support,amplitude_modulation,0.8135724578594563,0.7845077969450084,0.6207997028402651,0.09364860170067141
sliderEmu/train/section_00_source_train_normal_0387_noAttribute.wav,l2_layerwise_fault_transport,in_support,frequency_modulation,0.9728363930565109,0.9107316048963116,0.4176421297659185,0.0772180423060998
ToyCar/train/section_00_source_train_normal_0153_noAttribute.wav,l2_layerwise_fault_transport,in_support,periodic_resonance,0.842010422898305,0.8770283844796398,0.4817130582103258,0.07542210504793241
bearingEmu/train/section_00_source_train_normal_0128_noAttribute.wav,l2_layerwise_fault_transport,in_support,amplitude_modulation,0.3099371464913324,0.5729189049682831,0.8607690361656678,0.08288938253320208
ToyCar/train/section_00_source_train_normal_0513_noAttribute.wav,l2_layerwise_fault_transport,in_support,amplitude_modulation,0.9170895682312535,0.95577731997356,0.29662511147749065,0.07348066425309636
sliderEmu/train/section_00_source_train_normal_0794_noAttribute.wav,l2_layerwise_fault_transport,in_support,amplitude_modulation,0.9100155771472853,0.7745033173927433,0.6469220848691268,0.08259996731812252
ToyCarEmu/train/section_00_source_train_normal_0274_car_B1_spd_5_mic_2_mic_1.wav,l2_layerwise_fault_transport,in_support,amplitude_modulation,0.87961862920616,0.957793858604315,0.29789644326730685,0.08082207161646522
ToyCar/train/section_00_source_train_normal_0465_noAttribute.wav,l2_layerwise_fault_transport,in_support,periodic_resonance,0.9807250786217726,0.9686242405089394,0.2488242572208618,0.06984788094071868
ToyCar/train/section_00_source_train_normal_0921_noAttribute.wav,l2_layerwise_fault_transport,in_support,periodic_resonance,0.9788180518743582,0.9769953952318379,0.21326818743783982,0.07390741677334352
ToyCar/train/section_00_source_train_normal_0487_noAttribute.wav,l2_layerwise_fault_transport,in_support,periodic_resonance,0.8694583340982956,0.8774379631718687,0.4797564958027706,0.07511564302910279
sliderEmu/train/section_00_source_train_normal_0080_noAttribute.wav,l2_layerwise_fault_transport,in_support,frequency_modulation,0.9238325573506879,0.8324810593688032,0.5615339544281621,0.0837936397465519
ToyCar/train/section_00_source_train_normal_0634_noAttribute.wav,l2_layerwise_fault_transport,in_support,frequency_modulation,0.9575662816167833,0.7504656705104223,0.6925979645551743,0.07568910281656696
sliderEmu/train/section_00_source_train_normal_0100_noAttribute.wav,l2_layerwise_fault_transport,in_support,frequency_modulation,0.9568694239582223,0.8807097702269416,0.5013642605643622,0.09579084544814884
sliderEmu/train/section_00_source_train_normal_0611_noAttribute.wav,l2_layerwise_fault_transport,in_support,frequency_modulation,0.9155202859476319,0.8294580116930982,0.5651602621274736,0.08068476844324013
bearingEmu/train/section_00_source_train_normal_0405_noAttribute.wav,l2_layerwise_fault_transport,in_support,periodic_resonance,0.7147323682345212,0.7444609962639621,0.6683274768900213,0.0762124070064682
bearingEmu/train/section_00_source_train_normal_0162_noAttribute.wav,l2_layerwise_fault_transport,in_support,frequency_modulation,0.7511880673908072,0.895213283459994,0.46833368443936685,0.06800754011429912
ToyCarEmu/train/section_00_source_train_normal_0805_car_D1_spd_3_mic_2_mic_1.wav,l2_layerwise_fault_transport,in_support,amplitude_modulation,0.5589268705907353,0.7049005702001234,0.724170910151183,0.07673767991106788
fan/train/section_00_source_train_normal_0980_spd_2.wav,l2_layerwise_fault_transport,in_support,frequency_modulation,0.8690964433582051,0.8847586374116508,0.4663126181522939,0.07852482023114675
gearboxEmu/train/section_00_source_train_normal_0531_pro_A.wav,l2_layerwise_fault_transport,in_support,frequency_modulation,0.21633188507044793,0.3755148805722958,0.9403870482549808,0.0772652345777901
valveEmu/train/section_00_source_train_normal_0705_noAttribute.wav,l2_layerwise_fault_transport,in_support,periodic_resonance,0.231497283293096,0.5797624677207652,0.8860948706017697,0.10306645067092708
gearboxEmu/train/section_00_source_train_normal_0620_pro_C.wav,l2_layerwise_fault_transport,in_support,amplitude_modulation,0.6537448615994205,0.8277830508183026,0.5874219199898238,0.07373462380153473
bearingEmu/train/section_00_source_train_normal_0086_noAttribute.wav,l2_layerwise_fault_transport,in_support,amplitude_modulation,0.732732456711217,0.7675311516840034,0.6419555127627117,0.0982314039529427
ToyCar/train/section_00_source_train_normal_0872_noAttribute.wav,l2_layerwise_fault_transport,in_support,amplitude_modulation,0.8848590517351841,0.9537316296017864,0.3084467712249753,0.07013718202416769
valveEmu/train/section_00_source_train_normal_0091_noAttribute.wav,l2_layerwise_fault_transport,in_support,frequency_modulation,0.5964408614952285,0.743348395346906,0.6848466884183362,0.0814672054055105
ToyCarEmu/train/section_00_source_train_normal_0036_car_B2_spd_2_mic_2_mic_1.wav,l2_layerwise_fault_transport,in_support,amplitude_modulation,0.8780012999469666,0.9543034301707384,0.3084266172707025,0.07592779142278182
gearboxEmu/train/section_00_source_train_normal_0805_pro_B.wav,l2_layerwise_fault_transport,in_support,periodic_resonance,0.9039479499767968,0.9673340616822892,0.26130941863313434,0.06236030402094821
ToyCar/train/section_00_source_train_normal_0261_noAttribute.wav,l2_layerwise_fault_transport,in_support,periodic_resonance,0.7093262468659788,0.830724906142115,0.5697664124790242,0.07853760718076114
fan/train/section_00_source_train_normal_0981_spd_2.wav,l2_layerwise_fault_transport,in_support,periodic_resonance,0.9251503454324114,0.9500646526195664,0.3130461284626899,0.08019539359150031
bearingEmu/train/section_00_source_train_normal_0628_noAttribute.wav,l2_layerwise_fault_transport,in_support,amplitude_modulation,0.556408096265316,0.7863615565460144,0.6591768323307459,0.07505623259589166
sliderEmu/train/section_00_source_train_normal_0835_noAttribute.wav,l2_layerwise_fault_transport,in_support,frequency_modulation,0.5969383057498452,0.4675329642750458,0.8933972631021421,0.09322559116605346
gearboxEmu/train/section_00_source_train_normal_0220_pro_A.wav,l2_layerwise_fault_transport,in_support,amplitude_modulation,0.7617575247745302,0.8704734061599393,0.5040785574032283,0.08192859298830762
valveEmu/train/section_00_source_train_normal_0158_noAttribute.wav,l2_layerwise_fault_transport,in_support,frequency_modulation,0.8478655855971452,0.7691788505029632,0.6438598436140603,0.09238224392071219
valveEmu/train/section_00_source_train_normal_0254_noAttribute.wav,l2_layerwise_fault_transport,in_support,periodic_resonance,0.9673401181758493,0.9462759917274468,0.324045436479626,0.08979160028789328
valveEmu/train/section_00_source_train_normal_0364_noAttribute.wav,l2_layerwise_fault_transport,in_support,periodic_resonance,0.765970535823785,0.8511443529687558,0.5317968310703284,0.08664117529118087
sliderEmu/train/section_00_source_train_normal_0534_noAttribute.wav,l2_layerwise_fault_transport,in_support,periodic_resonance,0.6382412563985638,0.7239794583767357,0.6951293283461564,0.08840818898558257
gearboxEmu/train/section_00_source_train_normal_0398_pro_D.wav,l2_layerwise_fault_transport,in_support,frequency_modulation,0.9806275431521138,0.9225149751891584,0.3903116589432035,0.07399428178356596
sliderEmu/train/section_00_source_train_normal_0211_noAttribute.wav,l2_layerwise_fault_transport,in_support,amplitude_modulation,0.8841541879554631,0.9122729097871641,0.4105469529614236,0.07546698422659046
valveEmu/train/section_00_source_train_normal_0820_noAttribute.wav,l2_layerwise_fault_transport,in_support,frequency_modulation,0.19430609742491228,0.3865983476434899,0.942081751810026,0.09873664440629998
ToyCarEmu/train/section_00_source_train_normal_0329_car_B2_spd_5_mic_2_mic_1.wav,l2_layerwise_fault_transport,in_support,amplitude_modulation,0.8223115738764759,0.8664138180444033,0.5012704896982935,0.07637239310540277
ToyCar/train/section_00_source_train_normal_0753_noAttribute.wav,l2_layerwise_fault_transport,in_support,periodic_resonance,0.9714647678207604,0.979097855881696,0.20353292765842973,0.06966356884879722
ToyCarEmu/train/section_00_source_train_normal_0880_car_D1_spd_5_mic_2_mic_1.wav,l2_layerwise_fault_transport,in_support,periodic_resonance,0.9022785012887505,0.9603764972125153,0.28469696298376157,0.07828888536151517
gearboxEmu/train/section_00_source_train_normal_0339_pro_A.wav,l2_layerwise_fault_transport,in_support,periodic_resonance,0.8259196346569845,0.8780396519405776,0.4814175586969294,0.06401488975173547
ToyCar/train/section_00_source_train_normal_0796_noAttribute.wav,l2_layerwise_fault_transport,in_support,frequency_modulation,0.8906101907219662,0.9031458959674671,0.4295167453116622,0.07859476071886275
bearingEmu/train/section_00_source_train_normal_0439_noAttribute.wav,l2_layerwise_fault_transport,in_support,periodic_resonance,0.9676959492366742,0.9753545618278143,0.22077620584767238,0.06782619448520431
sliderEmu/train/section_00_source_train_normal_0085_noAttribute.wav,l2_layerwise_fault_transport,in_support,periodic_resonance,0.8667958147742132,0.8743116786820692,0.4854230904380462,0.07887166507200195
sliderEmu/train/section_00_source_train_normal_0455_noAttribute.wav,l2_layerwise_fault_transport,in_support,amplitude_modulation,0.039309857960132526,0.1805188369499895,0.9936563416260075,0.09432214016841593
gearboxEmu/train/section_00_source_train_normal_0319_pro_A.wav,l2_layerwise_fault_transport,in_support,periodic_resonance,0.9143273674335375,0.9575319632002224,0.29154618252566916,0.06155560405717118
ToyCarEmu/train/section_00_source_train_normal_0700_car_D2_spd_2_mic_2_mic_1.wav,l2_layerwise_fault_transport,in_support,periodic_resonance,0.9987424531007018,0.9376508385396309,0.3529066312151211,0.07265554054804432
sliderEmu/train/section_00_source_train_normal_0494_noAttribute.wav,l2_layerwise_fault_transport,in_support,periodic_resonance,0.7196044228954712,0.7383536106683394,0.6746743493383816,0.07984516908780075
sliderEmu/train/section_00_source_train_normal_0265_noAttribute.wav,l2_layerwise_fault_transport,in_support,frequency_modulation,0.8376227189529322,0.8232924625093505,0.5677982717700264,0.08913119222051327
gearboxEmu/train/section_00_source_train_normal_0147_pro_D.wav,l2_layerwise_fault_transport,in_support,frequency_modulation,0.1663694630451638,0.40141318812703,0.945575488841612,0.07759813262977616
ToyCar/train/section_00_source_train_normal_0850_noAttribute.wav,l2_layerwise_fault_transport,in_support,amplitude_modulation,0.624980270698575,0.743964118488476,0.6787300983723612,0.08755204513770891
valveEmu/train/section_00_source_train_normal_0021_noAttribute.wav,l2_layerwise_fault_transport,in_support,periodic_resonance,0.8244543693773349,0.860959999962206,0.5099809207504507,0.09334867821201046
ToyCar/train/section_00_source_train_normal_0613_noAttribute.wav,l2_layerwise_fault_transport,in_support,amplitude_modulation,0.6336041438485663,0.69600342622973,0.7207446851126696,0.08661752174408217
valveEmu/train/section_00_source_train_normal_0954_noAttribute.wav,l2_layerwise_fault_transport,in_support,amplitude_modulation,0.44382552938184655,0.7164722401019424,0.7490018411391203,0.08697773325571591
gearboxEmu/train/section_00_source_train_normal_0665_pro_B.wav,l2_layerwise_fault_transport,in_support,frequency_modulation,0.96082424907079,0.9300408653488216,0.36874327857547334,0.07852065665443603
ToyCarEmu/train/section_00_source_train_normal_0316_car_B2_spd_5_mic_2_mic_1.wav,l2_layerwise_fault_transport,in_support,frequency_modulation,0.7585198467826678,0.6171179657192053,0.7994747703054023,0.08896050522582453
bearingEmu/train/section_00_source_train_normal_0134_noAttribute.wav,l2_layerwise_fault_transport,in_support,amplitude_modulation,0.62837216403892,0.7319764842149638,0.6891620141268966,0.08916354630018651
bearingEmu/train/section_00_source_train_normal_0878_noAttribute.wav,l2_layerwise_fault_transport,in_support,amplitude_modulation,0.8406045571371794,0.9096978559187383,0.42097944709138485,0.06532846851816777
ToyCarEmu/train/section_00_source_train_normal_0264_car_B1_spd_5_mic_2_mic_1.wav,l2_layerwise_fault_transport,in_support,frequency_modulation,0.9502327688109328,0.9755235125015165,0.22134474982056082,0.0743230597669248
ToyCarEmu/train/section_00_source_train_normal_0757_car_D2_spd_2_mic_2_mic_1.wav,l2_layerwise_fault_transport,in_support,amplitude_modulation,0.6411297619992726,0.7744229002851033,0.6465572149687098,0.07617406360467477
bearingEmu/train/section_00_source_train_normal_0626_noAttribute.wav,l2_layerwise_fault_transport,in_support,periodic_resonance,0.5361362246300353,0.7115169498861844,0.7242251230218637,0.09096247187031704
gearboxEmu/train/section_00_source_train_normal_0815_pro_C.wav,l2_layerwise_fault_transport,in_support,amplitude_modulation,0.8267593217910087,0.8160083592564684,0.5781400702416202,0.09956471673918027
ToyCarEmu/train/section_00_source_train_normal_0142_car_B2_spd_3_mic_2_mic_1.wav,l2_layerwise_fault_transport,in_support,amplitude_modulation,0.9176602229754074,0.9701499785230244,0.24812132840452156,0.07721284256318588
ToyCarEmu/train/section_00_source_train_normal_0041_car_B2_spd_2_mic_2_mic_1.wav,l2_layerwise_fault_transport,in_support,periodic_resonance,0.8479737908068237,0.8958162620258875,0.44699231172617876,0.07814661737648407
gearboxEmu/train/section_00_source_train_normal_0344_pro_C.wav,l2_layerwise_fault_transport,in_support,frequency_modulation,0.2997031920834193,0.3968028466265714,0.9230253755024556,0.09609305598687529
ToyCarEmu/train/section_00_source_train_normal_0712_car_D1_spd_2_mic_2_mic_1.wav,l2_layerwise_fault_transport,in_support,frequency_modulation,0.8525821953598742,0.9101129888963638,0.4183349610623831,0.0737002356236674
ToyCar/train/section_00_source_train_normal_0673_noAttribute.wav,l2_layerwise_fault_transport,in_support,periodic_resonance,0.8493213302290684,0.8762089204994578,0.482680919601887,0.07744995803307192
fan/train/section_00_source_train_normal_0329_spd_2.wav,l2_layerwise_fault_transport,in_support,frequency_modulation,0.6419488668086089,0.552178374665519,0.8385450398227625,0.09706899241874457
bearingEmu/train/section_00_source_train_normal_0656_noAttribute.wav,l2_layerwise_fault_transport,in_support,periodic_resonance,0.8373801693234002,0.9295067138798211,0.3801375659734809,0.0658202915896874
valveEmu/train/section_00_source_train_normal_0068_noAttribute.wav,l2_layerwise_fault_transport,in_support,frequency_modulation,0.8760060668725187,0.9090090818523775,0.41808095879585155,0.09252340691592578
gearboxEmu/train/section_00_source_train_normal_0142_pro_F.wav,l2_layerwise_fault_transport,in_support,frequency_modulation,0.7892908611107121,0.8804337543953459,0.482849284060368,0.08057167003054669
valveEmu/train/section_00_source_train_normal_0840_noAttribute.wav,l2_layerwise_fault_transport,in_support,frequency_modulation,0.3224573464905988,0.43974498475966534,0.9057487170675194,0.10190763763402962
ToyCarEmu/train/section_00_source_train_normal_0063_car_B1_spd_2_mic_2_mic_1.wav,l2_layerwise_fault_transport,in_support,amplitude_modulation,0.8928647395012472,0.9512075094760132,0.31401935087629324,0.07802236834006242
valveEmu/train/section_00_source_train_normal_0379_noAttribute.wav,l2_layerwise_fault_transport,in_support,amplitude_modulation,0.5591928215702968,0.7083636728260871,0.7214380429979509,0.09550921066481499
bearingEmu/train/section_00_source_train_normal_0686_noAttribute.wav,l2_layerwise_fault_transport,in_support,frequency_modulation,0.6799480951337334,0.5807779766037074,0.8200802730838993,0.06829331245381424
fan/train/section_00_source_train_normal_0924_spd_2.wav,l2_layerwise_fault_transport,in_support,frequency_modulation,0.86375127383448,0.8135742769656221,0.5836219897113563,0.08001265013844197
fan/train/section_00_source_train_normal_0705_spd_1.wav,l2_layerwise_fault_transport,in_support,frequency_modulation,0.5530280574487635,0.40838384759400576,0.9241994267845134,0.08094058721174337
fan/train/section_00_source_train_normal_0269_spd_3.wav,l2_layerwise_fault_transport,in_support,amplitude_modulation,0.8994252037923335,0.9624246073811701,0.278761188044085,0.08083142326978891
sliderEmu/train/section_00_source_train_normal_0502_noAttribute.wav,l2_layerwise_fault_transport,in_support,periodic_resonance,0.40067721149467705,0.5213645969120152,0.8618262017864419,0.09216650212580674
sliderEmu/train/section_00_source_train_normal_0205_noAttribute.wav,l2_layerwise_fault_transport,in_support,frequency_modulation,0.1542046398444407,0.09478814792246232,0.9972690341757051,0.11311382014865715
ToyCar/train/section_00_source_train_normal_0695_noAttribute.wav,l2_layerwise_fault_transport,in_support,amplitude_modulation,0.7902816504680192,0.8385699398040248,0.5469298080595645,0.07179795909081195
ToyCarEmu/train/section_00_source_train_normal_0210_car_B2_spd_3_mic_2_mic_1.wav,l2_layerwise_fault_transport,in_support,periodic_resonance,0.95737545878468,0.972780671870446,0.23223928398421637,0.07867168964688644
bearingEmu/train/section_00_source_train_normal_0027_noAttribute.wav,l2_layerwise_fault_transport,in_support,frequency_modulation,0.909352302929056,0.7515258973312614,0.678319983447607,0.0685905913729307
valveEmu/train/section_00_source_train_normal_0919_noAttribute.wav,l2_layerwise_fault_transport,in_support,frequency_modulation,0.7836158362754504,0.9125666601225259,0.42877780470035737,0.07347599838041911
bearingEmu/train/section_00_source_train_normal_0376_noAttribute.wav,l2_layerwise_fault_transport,in_support,amplitude_modulation,0.14303736987099425,0.2935465769116812,0.9677207389466502,0.11914472738095706
gearboxEmu/train/section_00_source_train_normal_0076_pro_E.wav,l2_layerwise_fault_transport,in_support,periodic_resonance,0.44198738772167784,0.5098379643452966,0.8629420321553478,0.08405258418724645
valveEmu/train/section_00_source_train_normal_0935_noAttribute.wav,l2_layerwise_fault_transport,in_support,periodic_resonance,0.8643564630602463,0.8994772369255223,0.4383767432354545,0.08202607946299033
bearingEmu/train/section_00_source_train_normal_0755_noAttribute.wav,l2_layerwise_fault_transport,in_support,amplitude_modulation,0.3760217682820389,0.5810143180258807,0.8393118060050164,0.09119600265001437
ToyCar/train/section_00_source_train_normal_0350_noAttribute.wav,l2_layerwise_fault_transport,in_support,periodic_resonance,0.8432205174997732,0.8951210720795217,0.44883397140244735,0.07092104836101212
fan/train/section_00_source_train_normal_0575_spd_3.wav,l2_layerwise_fault_transport,in_support,amplitude_modulation,0.6775106987604931,0.772920984416646,0.6416356243674377,0.07889681110444616
gearboxEmu/train/section_00_source_train_normal_0709_pro_C.wav,l2_layerwise_fault_transport,in_support,amplitude_modulation,0.468260266519667,0.7329772752953199,0.7299447983483257,0.07746303412887791
valveEmu/train/section_00_source_train_normal_0904_noAttribute.wav,l2_layerwise_fault_transport,in_support,frequency_modulation,0.19805650090232793,0.45678439513881053,0.9264384165251975,0.11360831830253629
ToyCar/train/section_00_source_train_normal_0278_noAttribute.wav,l2_layerwise_fault_transport,in_support,amplitude_modulation,0.6659703444379398,0.7801075375680465,0.6359713269363159,0.07358242606190517
ToyCarEmu/train/section_00_source_train_normal_0065_car_B1_spd_2_mic_2_mic_1.wav,l2_layerwise_fault_transport,in_support,amplitude_modulation,0.9976130899920385,0.8596348531560173,0.5304787455810186,0.0735935208009738
bearingEmu/train/section_00_source_train_normal_0312_noAttribute.wav,l2_layerwise_fault_transport,in_support,amplitude_modulation,0.8465166913979366,0.9022441986401372,0.43481140864016715,0.07027262105339356
ToyCarEmu/train/section_00_source_train_normal_0410_car_C1_spd_2_mic_2_mic_1.wav,l2_layerwise_fault_transport,in_support,amplitude_modulation,0.7510476076016228,0.7730194891989568,0.6347626587154536,0.08932519720253827
ToyCarEmu/train/section_00_source_train_normal_0605_car_C1_spd_5_mic_2_mic_1.wav,l2_layerwise_fault_transport,in_support,amplitude_modulation,0.8595036931714791,0.9372395179548341,0.35724633579441867,0.08023752683750496
ToyCarEmu/train/section_00_source_train_normal_0321_car_B2_spd_5_mic_2_mic_1.wav,l2_layerwise_fault_transport,in_support,amplitude_modulation,0.8840832295280839,0.9587929170205536,0.29376466716819505,0.07705345766681089
gearboxEmu/train/section_00_source_train_normal_0099_pro_C.wav,l2_layerwise_fault_transport,in_support,amplitude_modulation,0.5959271298433415,0.8028801659560388,0.6310412017219375,0.0725224371442803
bearingEmu/train/section_00_source_train_normal_0437_noAttribute.wav,l2_layerwise_fault_transport,in_support,amplitude_modulation,0.45197561638136174,0.6356851367186969,0.7935071485610607,0.11405351630434349
ToyCarEmu/train/section_00_source_train_normal_0928_car_D1_spd_5_mic_2_mic_1.wav,l2_layerwise_fault_transport,in_support,periodic_resonance,0.952988525996039,0.9665285885491222,0.25691598006193234,0.07933543197669887
bearingEmu/train/section_00_source_train_normal_0587_noAttribute.wav,l2_layerwise_fault_transport,in_support,frequency_modulation,0.8975678621290485,0.9420949115242987,0.33828957389767506,0.06324480673490349
gearboxEmu/train/section_00_source_train_normal_0036_pro_C.wav,l2_layerwise_fault_transport,in_support,periodic_resonance,0.9401960558378861,0.9510633463819036,0.309187013266442,0.0747089133991951
ToyCar/train/section_00_source_train_normal_0754_noAttribute.wav,l2_layerwise_fault_transport,in_support,amplitude_modulation,0.6613951846359913,0.7107127938528273,0.705208870642431,0.08354091651394951
gearboxEmu/train/section_00_source_train_normal_0907_pro_B.wav,l2_layerwise_fault_transport,in_support,periodic_resonance,0.2951113017341945,0.741425541467531,0.8059060534878273,0.09019769057918862
ToyCarEmu/train/section_00_source_train_normal_0015_car_B1_spd_2_mic_2_mic_1.wav,l2_layerwise_fault_transport,in_support,frequency_modulation,0.7960547433437757,0.7297400325843789,0.6869331304478277,0.08794964681183802
valveEmu/train/section_00_source_train_normal_0865_noAttribute.wav,l2_layerwise_fault_transport,in_support,frequency_modulation,0.43961522605109693,0.5673905435359681,0.8333033678464993,0.09822314670300998
bearingEmu/train/section_00_source_train_normal_0860_noAttribute.wav,l2_layerwise_fault_transport,in_support,periodic_resonance,0.3294195966846273,0.5556424874717816,0.8616485492544322,0.10285449419020222
bearingEmu/train/section_00_source_train_normal_0157_noAttribute.wav,l2_layerwise_fault_transport,in_support,amplitude_modulation,0.5562411987705626,0.6445112476617589,0.769673211933959,0.0902402869707384
ToyCarEmu/train/section_00_source_train_normal_0411_car_C1_spd_2_mic_2_mic_1.wav,l2_layerwise_fault_transport,in_support,periodic_resonance,0.9621455084585128,0.9715564520984822,0.2369949920272679,0.07680708282211958
bearingEmu/train/section_00_source_train_normal_0751_noAttribute.wav,l2_layerwise_fault_transport,in_support,frequency_modulation,0.7665798492460191,0.8022122602013846,0.598101294341584,0.07077882506376164
valveEmu/train/section_00_source_train_normal_0368_noAttribute.wav,l2_layerwise_fault_transport,in_support,amplitude_modulation,0.13131280505818135,0.28224855947841093,0.9711422926815441,0.11457706012974025
bearingEmu/train/section_00_source_train_normal_0693_noAttribute.wav,l2_layerwise_fault_transport,in_support,periodic_resonance,0.781406470770334,0.493611256336001,0.9160644153495422,0.10072677150828524
ToyCar/train/section_00_source_train_normal_0942_noAttribute.wav,l2_layerwise_fault_transport,in_support,amplitude_modulation,0.6081397530725091,0.7099989775153563,0.7115312737548833,0.08567644176243219
bearingEmu/train/section_00_source_train_normal_0314_noAttribute.wav,l2_layerwise_fault_transport,in_support,periodic_resonance,0.7817699136646814,0.9110276351698899,0.43212984914892894,0.07123463562177722
bearingEmu/train/section_00_source_train_normal_0446_noAttribute.wav,l2_layerwise_fault_transport,in_support,frequency_modulation,0.28260346299048944,0.266492358060584,0.9639716753086534,0.09058196785070581
sliderEmu/train/section_00_source_train_normal_0360_noAttribute.wav,l2_layerwise_fault_transport,in_support,frequency_modulation,0.4285890170944575,0.16498695213089956,1.02091397986295,0.08013780139846932
ToyCar/train/section_00_source_train_normal_0775_noAttribute.wav,l2_layerwise_fault_transport,in_support,frequency_modulation,0.8803016792166728,0.9307920839872557,0.3690194810041321,0.07205028288361814
fan/train/section_00_source_train_normal_0209_spd_3.wav,l2_layerwise_fault_transport,in_support,periodic_resonance,0.35828633118418846,0.7117080408932054,0.7863705039112292,0.15168725080662745
gearboxEmu/train/section_00_source_train_normal_0828_pro_F.wav,l2_layerwise_fault_transport,in_support,frequency_modulation,0.7387867058517764,0.8779507360635517,0.4985670790879115,0.07407122307992303
bearingEmu/train/section_00_source_train_normal_0532_noAttribute.wav,l2_layerwise_fault_transport,in_support,periodic_resonance,0.6164619001862492,0.5681691710352397,0.8243275931169485,0.08560008712075506
bearingEmu/train/section_00_source_train_normal_0851_noAttribute.wav,l2_layerwise_fault_transport,in_support,periodic_resonance,0.8891276086242358,0.7915145909001737,0.6188965613261466,0.07363783319348913
fan/train/section_00_source_train_normal_0513_spd_1.wav,l2_layerwise_fault_transport,in_support,frequency_modulation,0.9234662503649546,0.6714149649384987,0.782771866728591,0.08523028443597405
sliderEmu/train/section_00_source_train_normal_0451_noAttribute.wav,l2_layerwise_fault_transport,in_support,periodic_resonance,0.8760349156518367,0.9190213989810848,0.396544456478546,0.07670076796375754
sliderEmu/train/section_00_source_train_normal_0753_noAttribute.wav,l2_layerwise_fault_transport,in_support,frequency_modulation,0.8699663112589823,0.3934637450796311,1.0354906937695856,0.07646502577114149
sliderEmu/train/section_00_source_train_normal_0509_noAttribute.wav,l2_layerwise_fault_transport,in_support,frequency_modulation,0.48304972973733123,0.5419965270624656,0.8424455410096943,0.0936417865791575
ToyCarEmu/train/section_00_source_train_normal_0282_car_B1_spd_5_mic_2_mic_1.wav,l2_layerwise_fault_transport,in_support,amplitude_modulation,0.49454821890761236,0.6426705140770017,0.7803299460242764,0.08399405047306852
ToyCarEmu/train/section_00_source_train_normal_0689_car_D2_spd_2_mic_2_mic_1.wav,l2_layerwise_fault_transport,in_support,periodic_resonance,0.21830714004119856,0.21066308189500643,0.9775886136568083,0.09635702812097915
ToyCarEmu/train/section_00_source_train_normal_0174_car_B1_spd_3_mic_2_mic_1.wav,l2_layerwise_fault_transport,in_support,periodic_resonance,0.9060178821273457,0.9344493918733905,0.3572291768233529,0.07988511107237783
sliderEmu/train/section_00_source_train_normal_0467_noAttribute.wav,l2_layerwise_fault_transport,in_support,periodic_resonance,0.6539601501600316,0.6877766072361112,0.7267096334217419,0.0876708046333741
bearingEmu/train/section_00_source_train_normal_0031_noAttribute.wav,l2_layerwise_fault_transport,in_support,frequency_modulation,0.7730176636426168,0.9017445820166504,0.4510291878777818,0.07014029206246569
ToyCarEmu/train/section_00_source_train_normal_0536_car_C1_spd_3_mic_2_mic_1.wav,l2_layerwise_fault_transport,in_support,periodic_resonance,0.9325999360374393,0.969495619162813,0.24786999789688516,0.07784306882928972
fan/train/section_00_source_train_normal_0098_spd_2.wav,l2_layerwise_fault_transport,in_support,amplitude_modulation,0.9248045960732998,0.9036962563092005,0.4286941081241169,0.08469390168407578
fan/train/section_00_source_train_normal_0723_spd_1.wav,l2_layerwise_fault_transport,in_support,periodic_resonance,0.48744356357119817,0.6724592229601255,0.7629085054415002,0.14105678619821946
gearboxEmu/train/section_00_source_train_normal_0276_pro_C.wav,l2_layerwise_fault_transport,in_support,frequency_modulation,0.06055603773809003,0.13243416792393586,0.9937945747312711,0.094849869513118
fan/train/section_00_source_train_normal_0229_spd_2.wav,l2_layerwise_fault_transport,in_support,amplitude_modulation,0.06355409208486221,0.1631510486264532,0.9916154945766207,0.17959813948918185
ToyCar/train/section_00_source_train_normal_0105_noAttribute.wav,l2_layerwise_fault_transport,in_support,periodic_resonance,0.9558873723072207,0.9733083593489411,0.23016152678277943,0.07025018872267871
valveEmu/train/section_00_source_train_normal_0506_noAttribute.wav,l2_layerwise_fault_transport,in_support,amplitude_modulation,0.8801561127814428,0.8992753923697574,0.43780054309033833,0.0920099392454738
bearingEmu/train/section_00_source_train_normal_0696_noAttribute.wav,l2_layerwise_fault_transport,in_support,frequency_modulation,0.8947762703541603,0.7954161035254345,0.614154430908585,0.07139041416852496
valveEmu/train/section_00_source_train_normal_0699_noAttribute.wav,l2_layerwise_fault_transport,in_support,frequency_modulation,0.5915589036880421,0.6162462185610497,0.7879403921775086,0.0950960596336358
valveEmu/train/section_00_source_train_normal_0566_noAttribute.wav,l2_layerwise_fault_transport,in_support,frequency_modulation,0.46578134017603445,0.4007784441778177,0.9184780972731811,0.09327896731882138
sliderEmu/train/section_00_source_train_normal_0912_noAttribute.wav,l2_layerwise_fault_transport,in_support,periodic_resonance,0.7500140361752559,0.7796967646362668,0.626860446658288,0.13464309642605532
ToyCar/train/section_00_source_train_normal_0317_noAttribute.wav,l2_layerwise_fault_transport,in_support,periodic_resonance,0.48306090458677187,0.6069915535027884,0.8043134088879884,0.08500200402554414
ToyCar/train/section_00_source_train_normal_0053_noAttribute.wav,l2_layerwise_fault_transport,in_support,periodic_resonance,0.9692329116421213,0.9599436921094688,0.280346923612097,0.07538897681992598
gearboxEmu/train/section_00_source_train_normal_0937_pro_E.wav,l2_layerwise_fault_transport,in_support,amplitude_modulation,0.419892749942602,0.7599428422571667,0.7335672714790671,0.07841380830555869
bearingEmu/train/section_00_source_train_normal_0030_noAttribute.wav,l2_layerwise_fault_transport,in_support,periodic_resonance,0.12621208976914472,0.3310378824247813,0.9655918007816381,0.09987365539921428
fan/train/section_00_source_train_normal_0614_spd_3.wav,l2_layerwise_fault_transport,in_support,amplitude_modulation,0.5340990631076997,0.6030191339515848,0.8006983828217756,0.1205321601045617
gearboxEmu/train/section_00_source_train_normal_0720_pro_D.wav,l2_layerwise_fault_transport,in_support,frequency_modulation,0.4632151239634114,0.7951502899322872,0.6913153917188484,0.08753474158577491
sliderEmu/train/section_00_source_train_normal_0260_noAttribute.wav,l2_layerwise_fault_transport,in_support,amplitude_modulation,0.3483394485195738,0.6728967646606733,0.8078040576587321,0.087921572436672
valveEmu/train/section_00_source_train_normal_0599_noAttribute.wav,l2_layerwise_fault_transport,in_support,amplitude_modulation,0.8691555431238522,0.9314694934864911,0.3691173405758894,0.0729345019171918
sliderEmu/train/section_00_source_train_normal_0199_noAttribute.wav,l2_layerwise_fault_transport,in_support,amplitude_modulation,0.9394931635678587,0.9308981608504696,0.36537992308954964,0.08138560565938388
ToyCarEmu/train/section_00_source_train_normal_0404_car_C1_spd_2_mic_2_mic_1.wav,l2_layerwise_fault_transport,in_support,amplitude_modulation,0.7078332266373893,0.7862305543430471,0.6228865517964034,0.08851591515492935
valveEmu/train/section_00_source_train_normal_0390_noAttribute.wav,l2_layerwise_fault_transport,in_support,frequency_modulation,0.2531031530226795,0.39403996766480637,0.9298363778666585,0.1034829078608504
valveEmu/train/section_00_source_train_normal_0526_noAttribute.wav,l2_layerwise_fault_transport,in_support,amplitude_modulation,0.8310115682747886,0.892632960915512,0.4549764753459112,0.075880501236899
ToyCar/train/section_00_source_train_normal_0763_noAttribute.wav,l2_layerwise_fault_transport,in_support,amplitude_modulation,0.6784898235537303,0.7964996922624066,0.616047538213189,0.08760874876295249
sliderEmu/train/section_00_source_train_normal_0179_noAttribute.wav,l2_layerwise_fault_transport,in_support,frequency_modulation,0.7682252078625574,0.8763240084222116,0.4937019170970108,0.08119150859177565
gearboxEmu/train/section_00_source_train_normal_0522_pro_F.wav,l2_layerwise_fault_transport,in_support,frequency_modulation,0.8407582216832021,0.3329122947710831,1.0710167549910137,0.08995754250026147
valveEmu/train/section_00_source_train_normal_0849_noAttribute.wav,l2_layerwise_fault_transport,in_support,frequency_modulation,0.8973451889487744,0.8514562894046545,0.5264294618793934,0.0900973913197501
ToyCar/train/section_00_source_train_normal_0851_noAttribute.wav,l2_layerwise_fault_transport,in_support,periodic_resonance,0.8310996528077865,0.8433961548158847,0.537432907443725,0.08000529387908466
valveEmu/train/section_00_source_train_normal_0005_noAttribute.wav,l2_layerwise_fault_transport,in_support,periodic_resonance,0.30090238947247316,0.5566926394723322,0.8692076605462692,0.0986979605117163
sliderEmu/train/section_00_source_train_normal_0706_noAttribute.wav,l2_layerwise_fault_transport,in_support,frequency_modulation,0.897147854974813,0.946198996022057,0.32728194934167715,0.07890182528945935
valveEmu/train/section_00_source_train_normal_0504_noAttribute.wav,l2_layerwise_fault_transport,in_support,frequency_modulation,0.7489490960984717,0.8671398582962647,0.5118960074300531,0.08166578570932766
ToyCarEmu/train/section_00_source_train_normal_0798_car_D1_spd_3_mic_2_mic_1.wav,l2_layerwise_fault_transport,in_support,frequency_modulation,0.515743190217417,0.645736404625843,0.7745467910546947,0.08316381253156478
sliderEmu/train/section_00_source_train_normal_0623_noAttribute.wav,l2_layerwise_fault_transport,in_support,frequency_modulation,0.9373736112146087,0.4007493990541492,1.132712361505817,0.08616544543009817
ToyCarEmu/train/section_00_source_train_normal_0131_car_B2_spd_3_mic_2_mic_1.wav,l2_layerwise_fault_transport,in_support,amplitude_modulation,0.8088084756470716,0.8292815521284949,0.5592059139171982,0.0747921696263833
sliderEmu/train/section_00_source_train_normal_0778_noAttribute.wav,l2_layerwise_fault_transport,in_support,periodic_resonance,0.6457843034899631,0.6626574081848206,0.7491127158444314,0.09440386073471058
bearingEmu/train/section_00_source_train_normal_0013_noAttribute.wav,l2_layerwise_fault_transport,in_support,frequency_modulation,0.6299644387256286,0.7670823855513594,0.6560380668212322,0.08445515684948911
ToyCar/train/section_00_source_train_normal_0539_noAttribute.wav,l2_layerwise_fault_transport,in_support,amplitude_modulation,0.8692871743485429,0.9308241994429237,0.3706118119932319,0.0698565568987872
ToyCarEmu/train/section_00_source_train_normal_0793_car_D1_spd_3_mic_2_mic_1.wav,l2_layerwise_fault_transport,in_support,amplitude_modulation,0.7211817738752601,0.8428288154516822,0.5517586343398805,0.07424774377100749
ToyCar/train/section_00_source_train_normal_0411_noAttribute.wav,l2_layerwise_fault_transport,in_support,frequency_modulation,0.9202230451253482,0.9640263524246593,0.26939176223701583,0.07063314117911831
ToyCar/train/section_00_source_train_normal_0436_noAttribute.wav,l2_layerwise_fault_transport,in_support,periodic_resonance,0.9780437757755818,0.9730183369349512,0.23078251888711734,0.07234802725763272
ToyCar/train/section_00_source_train_normal_0612_noAttribute.wav,l2_layerwise_fault_transport,in_support,amplitude_modulation,0.9233456756105565,0.9595677472794525,0.28379883166958886,0.08354950098257055
sliderEmu/train/section_00_source_train_normal_0918_noAttribute.wav,l2_layerwise_fault_transport,in_support,periodic_resonance,0.6015858665133541,0.7899706722959916,0.6414321257638887,0.07522451749842567
ToyCar/train/section_00_source_train_normal_0283_noAttribute.wav,l2_layerwise_fault_transport,in_support,periodic_resonance,0.9562430996013587,0.9351612037835234,0.3548492204717735,0.07228906003662623
sliderEmu/train/section_00_source_train_normal_0782_noAttribute.wav,l2_layerwise_fault_transport,in_support,frequency_modulation,0.9931853570776116,0.8725921007280153,0.5031160494598326,0.08848694165015009
valveEmu/train/section_00_source_train_normal_0468_noAttribute.wav,l2_layerwise_fault_transport,in_support,amplitude_modulation,0.2638081659932522,0.4378815202904539,0.9157299311829881,0.09592538999196486
sliderEmu/train/section_00_source_train_normal_0074_noAttribute.wav,l2_layerwise_fault_transport,in_support,frequency_modulation,0.8767799118260926,0.8937532838622165,0.4488798981284203,0.07718096964816584
sliderEmu/train/section_00_source_train_normal_0344_noAttribute.wav,l2_layerwise_fault_transport,in_support,amplitude_modulation,0.9394536489420087,0.9230314794326405,0.3850747662828424,0.0811792374042593
ToyCar/train/section_00_source_train_normal_0977_noAttribute.wav,l2_layerwise_fault_transport,in_support,periodic_resonance,0.8026592591052519,0.8218114873212233,0.5700812987219589,0.0816637210539595
sliderEmu/train/section_00_source_train_normal_0092_noAttribute.wav,l2_layerwise_fault_transport,in_support,periodic_resonance,0.5929873506705184,0.5895907713699539,0.8077092664234623,0.08455771447607732
sliderEmu/train/section_00_source_train_normal_0040_noAttribute.wav,l2_layerwise_fault_transport,in_support,frequency_modulation,0.9879539045153343,0.8267304066713467,0.592379268940056,0.09154114466837554
valveEmu/train/section_00_source_train_normal_0422_noAttribute.wav,l2_layerwise_fault_transport,in_support,periodic_resonance,0.42893679539894547,0.5769295465069773,0.830092857906739,0.09611600979206684
fan/train/section_00_source_train_normal_0318_spd_3.wav,l2_layerwise_fault_transport,in_support,periodic_resonance,0.918868134321654,0.9386163085517927,0.34552773507495765,0.07880580251723841
bearingEmu/train/section_00_source_train_normal_0148_noAttribute.wav,l2_layerwise_fault_transport,in_support,frequency_modulation,0.7672741137002762,0.8060333815754929,0.5931378158844695,0.08340916935343144
ToyCarEmu/train/section_00_source_train_normal_0907_car_D2_spd_5_mic_2_mic_1.wav,l2_layerwise_fault_transport,in_support,amplitude_modulation,0.5410444367616033,0.67688981156219,0.7485146283527228,0.0793851257455163
bearingEmu/train/section_00_source_train_normal_0335_noAttribute.wav,l2_layerwise_fault_transport,in_support,amplitude_modulation,0.8285806887092679,0.8733772982877593,0.48910002153475923,0.07238974326195548
ToyCarEmu/train/section_00_source_train_normal_0887_car_D1_spd_5_mic_2_mic_1.wav,l2_layerwise_fault_transport,in_support,amplitude_modulation,0.8522107194850507,0.9578998494940321,0.3059380174828986,0.0731427515547226
gearboxEmu/train/section_00_source_train_normal_0216_pro_D.wav,l2_layerwise_fault_transport,in_support,amplitude_modulation,0.0332288847359281,0.31305747543627693,0.9901005288589679,0.07093547402985897
sliderEmu/train/section_00_source_train_normal_0152_noAttribute.wav,l2_layerwise_fault_transport,in_support,periodic_resonance,0.9626113670630897,0.9582265450392928,0.2860439040536267,0.08748377005988034
ToyCarEmu/train/section_00_source_train_normal_0214_car_B1_spd_5_mic_2_mic_1.wav,l2_layerwise_fault_transport,in_support,amplitude_modulation,0.79089515254535,0.861697458308749,0.5123382250483128,0.07733155299480102
ToyCar/train/section_00_source_train_normal_0698_noAttribute.wav,l2_layerwise_fault_transport,in_support,periodic_resonance,0.9968922987996481,0.9724520673603342,0.2343806766766822,0.07295989388845862
valveEmu/train/section_00_source_train_normal_0152_noAttribute.wav,l2_layerwise_fault_transport,in_support,frequency_modulation,0.46543308675162065,0.6330326105522209,0.7920601709186167,0.09101282612864252
sliderEmu/train/section_00_source_train_normal_0135_noAttribute.wav,l2_layerwise_fault_transport,in_support,frequency_modulation,0.6683207623973803,0.7295653473543092,0.6866478741875872,0.0842452123841103
valveEmu/train/section_00_source_train_normal_0291_noAttribute.wav,l2_layerwise_fault_transport,in_support,periodic_resonance,0.4404752953237775,0.6340514895175352,0.797151460890046,0.1110976095395294
sliderEmu/train/section_00_source_train_normal_0159_noAttribute.wav,l2_layerwise_fault_transport,in_support,amplitude_modulation,0.9413768899296735,0.9465665439949505,0.3225503221185378,0.07916859040739169
bearingEmu/train/section_00_source_train_normal_0816_noAttribute.wav,l2_layerwise_fault_transport,in_support,frequency_modulation,0.21606422944766954,0.35089630713112524,0.9460715992007034,0.09429264335117322
ToyCar/train/section_00_source_train_normal_0036_noAttribute.wav,l2_layerwise_fault_transport,in_support,frequency_modulation,0.8025074135442318,0.6866425186380639,0.7361703100981412,0.08449279974555589
ToyCarEmu/train/section_00_source_train_normal_0933_car_D1_spd_5_mic_2_mic_1.wav,l2_layerwise_fault_transport,in_support,amplitude_modulation,0.7449935101800927,0.8346346642098028,0.5580506373037916,0.07656525699917781
valveEmu/train/section_00_source_train_normal_0485_noAttribute.wav,l2_layerwise_fault_transport,in_support,periodic_resonance,0.9278333961857039,0.8466224088711393,0.5383546426453806,0.09338448249025683
sliderEmu/train/section_00_source_train_normal_0682_noAttribute.wav,l2_layerwise_fault_transport,in_support,frequency_modulation,0.4241319665161907,0.6372463410793211,0.7995841653174804,0.10091940479332406
ToyCar/train/section_00_source_train_normal_0369_noAttribute.wav,l2_layerwise_fault_transport,in_support,frequency_modulation,0.8287111929066092,0.8264736736075555,0.5629798160913461,0.07484954278042787
ToyCarEmu/train/section_00_source_train_normal_0628_car_C1_spd_5_mic_2_mic_1.wav,l2_layerwise_fault_transport,in_support,frequency_modulation,0.6843638090256808,0.568853234464529,0.8305111019575182,0.090403028235707
valveEmu/train/section_00_source_train_normal_0381_noAttribute.wav,l2_layerwise_fault_transport,in_support,frequency_modulation,0.8706723242471305,0.9202543305867781,0.39444941676841866,0.08409826987689582
sliderEmu/train/section_00_source_train_normal_0317_noAttribute.wav,l2_layerwise_fault_transport,in_support,amplitude_modulation,0.9063370932803044,0.9530732128970348,0.30632615907713917,0.07921286064160797
bearingEmu/train/section_00_source_train_normal_0234_noAttribute.wav,l2_layerwise_fault_transport,in_support,amplitude_modulation,0.16116614346802793,0.47749474474463915,0.9338428950989932,0.08810978231892179
gearboxEmu/train/section_00_source_train_normal_0611_pro_B.wav,l2_layerwise_fault_transport,in_support,amplitude_modulation,0.09350299944102515,0.43150028708586474,0.9633533457148964,0.07417216364055132
bearingEmu/train/section_00_source_train_normal_0924_noAttribute.wav,l2_layerwise_fault_transport,in_support,frequency_modulation,0.15257991926473036,0.2657264743366697,0.9706655365063965,0.10461257160194569
bearingEmu/train/section_00_source_train_normal_0978_noAttribute.wav,l2_layerwise_fault_transport,in_support,frequency_modulation,0.5162354725360102,0.7874206111082823,0.6734316302226396,0.06755899911838452
sliderEmu/train/section_00_source_train_normal_0756_noAttribute.wav,l2_layerwise_fault_transport,in_support,amplitude_modulation,0.027180349445915897,0.08708905337247048,0.9980002753450755,0.11705423895670607
valveEmu/train/section_00_source_train_normal_0149_noAttribute.wav,l2_layerwise_fault_transport,in_support,frequency_modulation,0.880190411929312,0.930716540281753,0.369214857897474,0.07624479527055471
sliderEmu/train/section_00_source_train_normal_0355_noAttribute.wav,l2_layerwise_fault_transport,in_support,periodic_resonance,0.49144108149146537,0.535007342319093,0.8459699538087402,0.10283727457254671
bearingEmu/train/section_00_source_train_normal_0631_noAttribute.wav,l2_layerwise_fault_transport,in_support,frequency_modulation,0.939504669745905,0.5226301111353316,1.0101298255304088,0.07266489183695629
valveEmu/train/section_00_source_train_normal_0796_noAttribute.wav,l2_layerwise_fault_transport,in_support,amplitude_modulation,0.4834555502102679,0.6179781747438119,0.7976210328543872,0.08714884472321162
fan/train/section_00_source_train_normal_0316_spd_2.wav,l2_layerwise_fault_transport,in_support,frequency_modulation,0.8319652057519079,0.828168456201505,0.5604921261355637,0.07841962899387385
ToyCarEmu/train/section_00_source_train_normal_0491_car_C1_spd_3_mic_2_mic_1.wav,l2_layerwise_fault_transport,in_support,frequency_modulation,0.6927496361223671,0.84156176401063,0.5602846122837477,0.09211577504812324
bearingEmu/train/section_00_source_train_normal_0239_noAttribute.wav,l2_layerwise_fault_transport,in_support,periodic_resonance,0.8329462990920645,0.8999652267641092,0.441082902957864,0.07043356272488464
gearboxEmu/train/section_00_source_train_normal_0225_pro_B.wav,l2_layerwise_fault_transport,in_support,frequency_modulation,0.34599333836603846,0.19132306797428258,0.9936389566658339,0.08019376534608756
bearingEmu/train/section_00_source_train_normal_0222_noAttribute.wav,l2_layerwise_fault_transport,in_support,amplitude_modulation,0.8438214915000335,0.9170929170977322,0.40535081499645614,0.07169585730031465
bearingEmu/train/section_00_source_train_normal_0066_noAttribute.wav,l2_layerwise_fault_transport,in_support,periodic_resonance,0.6757352786154753,0.8565384568957336,0.5468378746346292,0.06988195337218724
valveEmu/train/section_00_source_train_normal_0755_noAttribute.wav,l2_layerwise_fault_transport,in_support,amplitude_modulation,0.7199474505998871,0.7602071995673919,0.6509269245566899,0.09200743487180787
sliderEmu/train/section_00_source_train_normal_0728_noAttribute.wav,l2_layerwise_fault_transport,in_support,periodic_resonance,0.8552065985333654,0.5146989704450143,0.9225130972561838,0.08907053055877323
sliderEmu/train/section_00_source_train_normal_0557_noAttribute.wav,l2_layerwise_fault_transport,in_support,periodic_resonance,0.7174739195745661,0.8409566784044655,0.5550133843207493,0.09014643743545774
ToyCar/train/section_00_source_train_normal_0032_noAttribute.wav,l2_layerwise_fault_transport,in_support,periodic_resonance,0.8445687204652234,0.8286711044500059,0.5599615476482065,0.07678897716729952
ToyCar/train/section_00_source_train_normal_0701_noAttribute.wav,l2_layerwise_fault_transport,in_support,periodic_resonance,0.962106344420878,0.968260317584563,0.2500196567807033,0.06996222563619839
ToyCarEmu/train/section_00_source_train_normal_0618_car_C1_spd_5_mic_2_mic_1.wav,l2_layerwise_fault_transport,in_support,frequency_modulation,0.4877690604475397,0.5950692167026408,0.8108057417564793,0.09186107946797706
ToyCarEmu/train/section_00_source_train_normal_0180_car_B1_spd_3_mic_2_mic_1.wav,l2_layerwise_fault_transport,in_support,amplitude_modulation,0.6739858011413276,0.72238360845706,0.6931841530109644,0.08636622365222901
ToyCar/train/section_00_source_train_normal_0620_noAttribute.wav,l2_layerwise_fault_transport,in_support,amplitude_modulation,0.6009047598422211,0.7234285150139164,0.7011870322860608,0.0764310921744768
ToyCarEmu/train/section_00_source_train_normal_0122_car_B2_spd_3_mic_2_mic_1.wav,l2_layerwise_fault_transport,in_support,frequency_modulation,0.8957299319751635,0.9217986097253071,0.3885445908362792,0.07975324676344712
ToyCarEmu/train/section_00_source_train_normal_0505_car_C2_spd_3_mic_2_mic_1.wav,l2_layerwise_fault_transport,in_support,amplitude_modulation,0.9134836365939387,0.9619386228534796,0.2775283256825574,0.08065921269081351
bearingEmu/train/section_00_source_train_normal_0220_noAttribute.wav,l2_layerwise_fault_transport,in_support,frequency_modulation,0.09484077289352842,0.28486781701395325,0.9772208574968357,0.10780139837772373
ToyCar/train/section_00_source_train_normal_0922_noAttribute.wav,l2_layerwise_fault_transport,in_support,amplitude_modulation,0.7989788270712964,0.7890402699021717,0.6144218643499854,0.07921941986615819
valveEmu/train/section_00_source_train_normal_0946_noAttribute.wav,l2_layerwise_fault_transport,in_support,periodic_resonance,0.9097333625180607,0.9314752782192974,0.36445372403728055,0.0853954342274699
ToyCarEmu/train/section_00_source_train_normal_0811_car_D1_spd_3_mic_2_mic_1.wav,l2_layerwise_fault_transport,in_support,periodic_resonance,0.8175343670132965,0.8388800578183906,0.5447346942416651,0.07386729193613484
ToyCarEmu/train/section_00_source_train_normal_0703_car_D1_spd_2_mic_2_mic_1.wav,l2_layerwise_fault_transport,in_support,amplitude_modulation,0.8954812576197972,0.9567420274910494,0.29731729643183424,0.06998697723717291
sliderEmu/train/section_00_source_train_normal_0102_noAttribute.wav,l2_layerwise_fault_transport,in_support,amplitude_modulation,0.7123604865217082,0.8048810622333709,0.6006051386627475,0.09443248574325834
sliderEmu/train/section_00_source_train_normal_0335_noAttribute.wav,l2_layerwise_fault_transport,in_support,amplitude_modulation,0.8791854585374216,0.9467169046223302,0.32907081109182695,0.08016414145244456
valveEmu/train/section_00_source_train_normal_0813_noAttribute.wav,l2_layerwise_fault_transport,in_support,frequency_modulation,0.2596786310958354,0.5400025132257505,0.8871182359766142,0.09674600699132939
sliderEmu/train/section_00_source_train_normal_0893_noAttribute.wav,l2_layerwise_fault_transport,in_support,periodic_resonance,0.5257025200277117,0.5661916307042446,0.8252674750672325,0.13723479747382528
gearboxEmu/train/section_00_source_train_normal_0410_pro_D.wav,l2_layerwise_fault_transport,in_support,periodic_resonance,0.9025120740625623,0.9482945006032977,0.3206767386411116,0.06252179671447061
ToyCarEmu/train/section_00_source_train_normal_0651_car_C2_spd_5_mic_2_mic_1.wav,l2_layerwise_fault_transport,in_support,amplitude_modulation,0.67464676274647,0.7997230072375242,0.6132594708856578,0.08184098712027199
ToyCar/train/section_00_source_train_normal_0327_noAttribute.wav,l2_layerwise_fault_transport,in_support,periodic_resonance,0.922956005919988,0.938381183635462,0.34594608005650795,0.0822567428609009
sliderEmu/train/section_00_source_train_normal_0063_noAttribute.wav,l2_layerwise_fault_transport,in_support,periodic_resonance,0.8038254056650146,0.7567193311763544,0.655434845028659,0.08117492444804847
fan/train/section_00_source_train_normal_0601_spd_2.wav,l2_layerwise_fault_transport,in_support,frequency_modulation,0.3951201141188085,0.5000302164732762,0.8723393331666948,0.15729031881163302
fan/train/section_00_source_train_normal_0706_spd_1.wav,l2_layerwise_fault_transport,in_support,frequency_modulation,0.26855028354351124,0.3030174741443861,0.953608094340161,0.09595409238040033
ToyCarEmu/train/section_00_source_train_normal_0110_car_B2_spd_2_mic_2_mic_1.wav,l2_layerwise_fault_transport,in_support,amplitude_modulation,0.8903437693207551,0.9625963214847504,0.28040819024814195,0.07316853588368126
bearingEmu/train/section_00_source_train_normal_0078_noAttribute.wav,l2_layerwise_fault_transport,in_support,amplitude_modulation,0.8227430033656403,0.9185853240911321,0.4066777013882591,0.06447408779709282
gearboxEmu/train/section_00_source_train_normal_0915_pro_A.wav,l2_layerwise_fault_transport,in_support,frequency_modulation,0.9863795826382709,0.8816803351647212,0.4899975889316922,0.08616623491987507
gearboxEmu/train/section_00_source_train_normal_0883_pro_E.wav,l2_layerwise_fault_transport,in_support,amplitude_modulation,0.1249166230449032,0.3710818407129496,0.9606745452454988,0.08486775882218127
bearingEmu/train/section_00_source_train_normal_0600_noAttribute.wav,l2_layerwise_fault_transport,in_support,periodic_resonance,0.3137360138226134,0.5266200317359628,0.8763509270020456,0.10597144397716171
ToyCar/train/section_00_source_train_normal_0591_noAttribute.wav,l2_layerwise_fault_transport,in_support,frequency_modulation,0.834281366686343,0.8754852345235246,0.4849983122197782,0.08118962249204464
valveEmu/train/section_00_source_train_normal_0956_noAttribute.wav,l2_layerwise_fault_transport,in_support,frequency_modulation,0.7051260519745399,0.7933068593526144,0.6151748383134186,0.08258663717707487
gearboxEmu/train/section_00_source_train_normal_0397_pro_D.wav,l2_layerwise_fault_transport,in_support,frequency_modulation,0.7114215914597753,0.6754772560177884,0.7382563727141441,0.06587036194522725
gearboxEmu/train/section_00_source_train_normal_0266_pro_D.wav,l2_layerwise_fault_transport,in_support,amplitude_modulation,0.9276435773847285,0.9626829630386332,0.2728905847077923,0.0719748535811931
sliderEmu/train/section_00_source_train_normal_0107_noAttribute.wav,l2_layerwise_fault_transport,in_support,amplitude_modulation,0.8633239182374385,0.9357808430704444,0.3599503017065334,0.07992987428488264
valveEmu/train/section_00_source_train_normal_0830_noAttribute.wav,l2_layerwise_fault_transport,in_support,amplitude_modulation,0.16921477497402732,0.32608942938833946,0.9582668423976679,0.09743736963633336
fan/train/section_00_source_train_normal_0609_spd_1.wav,l2_layerwise_fault_transport,in_support,frequency_modulation,0.8544878894687338,0.863541855765292,0.504358441633661,0.08355814753139566
fan/train/section_00_source_train_normal_0812_spd_2.wav,l2_layerwise_fault_transport,in_support,frequency_modulation,0.9259550123521578,0.95170353170265,0.30809637127601114,0.07823232370630494
gearboxEmu/train/section_00_source_train_normal_0946_pro_C.wav,l2_layerwise_fault_transport,in_support,periodic_resonance,0.878542867372514,0.9555485635872255,0.30472417015376785,0.07525276357037218
gearboxEmu/train/section_00_source_train_normal_0960_pro_E.wav,l2_layerwise_fault_transport,in_support,periodic_resonance,0.10732658417153591,0.23016953205671764,0.9808732723231443,0.09612033042561659
sliderEmu/train/section_00_source_train_normal_0887_noAttribute.wav,l2_layerwise_fault_transport,in_support,periodic_resonance,0.786070310636035,0.8418037950350952,0.5426532888942737,0.10154073954238473
bearingEmu/train/section_00_source_train_normal_0531_noAttribute.wav,l2_layerwise_fault_transport,in_support,periodic_resonance,0.6693686538398597,0.8036436588619655,0.6100710176238822,0.07585547982541918
valveEmu/train/section_00_source_train_normal_0456_noAttribute.wav,l2_layerwise_fault_transport,in_support,periodic_resonance,0.8454835357789102,0.8233049967386439,0.5680323669819727,0.08867604480648934
sliderEmu/train/section_00_source_train_normal_0821_noAttribute.wav,l2_layerwise_fault_transport,in_support,amplitude_modulation,0.2098744135834222,0.3850674784957838,0.9393698137572264,0.08921189379191725
ToyCar/train/section_00_source_train_normal_0978_noAttribute.wav,l2_layerwise_fault_transport,in_support,amplitude_modulation,0.8130946804058437,0.8617126733750262,0.5097204898620585,0.073246444674435
bearingEmu/train/section_00_source_train_normal_0379_noAttribute.wav,l2_layerwise_fault_transport,in_support,frequency_modulation,0.8142744663506519,0.935912339178091,0.37264442231191147,0.06894457428222166
gearboxEmu/train/section_00_source_train_normal_0953_pro_B.wav,l2_layerwise_fault_transport,in_support,amplitude_modulation,0.6767535714008643,0.7448184313487616,0.670729699270054,0.06881046838458504
ToyCarEmu/train/section_00_source_train_normal_0156_car_B2_spd_3_mic_2_mic_1.wav,l2_layerwise_fault_transport,in_support,amplitude_modulation,0.8743301614752602,0.8900123402509972,0.4562060553435229,0.080186639931585
ToyCar/train/section_00_source_train_normal_0563_noAttribute.wav,l2_layerwise_fault_transport,in_support,frequency_modulation,0.8274898502264265,0.7835415092503029,0.6228917722657051,0.07292224243216262
valveEmu/train/section_00_source_train_normal_0766_noAttribute.wav,l2_layerwise_fault_transport,in_support,amplitude_modulation,0.2212107054331867,0.5949938243900242,0.8863950411384498,0.08989810779453601
ToyCar/train/section_00_source_train_normal_0750_noAttribute.wav,l2_layerwise_fault_transport,in_support,amplitude_modulation,0.8105437622332616,0.9060104480641994,0.433888183870051,0.07252718537573484
gearboxEmu/train/section_00_source_train_normal_0917_pro_A.wav,l2_layerwise_fault_transport,in_support,amplitude_modulation,0.0182562870172696,0.1869323909090994,0.9967486690500945,0.07954567058225924
fan/train/section_00_source_train_normal_0090_spd_3.wav,l2_layerwise_fault_transport,in_support,periodic_resonance,0.7761447757302732,0.8914210357749414,0.4676079053093698,0.07836627516634488
fan/train/section_00_source_train_normal_0176_spd_3.wav,l2_layerwise_fault_transport,in_support,frequency_modulation,0.8445642414083735,0.06281371445251874,1.2677493142070455,0.12808543751972148
gearboxEmu/train/section_00_source_train_normal_0958_pro_B.wav,l2_layerwise_fault_transport,in_support,amplitude_modulation,0.8338835129144011,0.90901199308611,0.4234872901971541,0.08195112083288958
sliderEmu/train/section_00_source_train_normal_0586_noAttribute.wav,l2_layerwise_fault_transport,in_support,periodic_resonance,0.6919122918773737,0.6631980452274819,0.7489945665805041,0.0863642718246055
ToyCarEmu/train/section_00_source_train_normal_0185_car_B1_spd_3_mic_2_mic_1.wav,l2_layerwise_fault_transport,in_support,frequency_modulation,0.872743361250673,0.8781765714620343,0.47836746242651934,0.07833392051481104
sliderEmu/train/section_00_source_train_normal_0284_noAttribute.wav,l2_layerwise_fault_transport,in_support,amplitude_modulation,0.9606756630154231,0.9543852759462941,0.2986441260537291,0.0845526841361564
fan/train/section_00_source_train_normal_0140_spd_3.wav,l2_layerwise_fault_transport,in_support,frequency_modulation,0.36335813319305965,0.2143508171937395,0.9880571377150703,0.1180961684369253
sliderEmu/train/section_00_source_train_normal_0390_noAttribute.wav,l2_layerwise_fault_transport,in_support,amplitude_modulation,0.8270020459318674,0.9377103422134023,0.36463082833406213,0.08056486556395656
ToyCar/train/section_00_source_train_normal_0023_noAttribute.wav,l2_layerwise_fault_transport,in_support,frequency_modulation,0.8973459540090721,0.6806854426706079,0.7639431296305788,0.08962546455034055
ToyCarEmu/train/section_00_source_train_normal_0684_car_D2_spd_2_mic_2_mic_1.wav,l2_layerwise_fault_transport,in_support,periodic_resonance,0.8618030411400605,0.8988281518928787,0.43986226502291675,0.07199342317067979
ToyCar/train/section_00_source_train_normal_0110_noAttribute.wav,l2_layerwise_fault_transport,in_support,periodic_resonance,0.940750722481675,0.9411829716651947,0.33789761864628415,0.07115790832527169
ToyCar/train/section_00_source_train_normal_0852_noAttribute.wav,l2_layerwise_fault_transport,in_support,amplitude_modulation,0.8425448279371239,0.9122277583556535,0.4155673563661287,0.07933361747902944
valveEmu/train/section_00_source_train_normal_0949_noAttribute.wav,l2_layerwise_fault_transport,in_support,periodic_resonance,0.1796322281267863,0.41652275579394515,0.9394817273391974,0.1039663214510622
ToyCar/train/section_00_source_train_normal_0483_noAttribute.wav,l2_layerwise_fault_transport,in_support,periodic_resonance,0.11074168731474388,0.35449944311849946,0.966306363604813,0.08389076581524227
bearingEmu/train/section_00_source_train_normal_0316_noAttribute.wav,l2_layerwise_fault_transport,in_support,periodic_resonance,0.7599400750934153,0.7708612790080039,0.6370966655234416,0.08753016347887055
sliderEmu/train/section_00_source_train_normal_0503_noAttribute.wav,l2_layerwise_fault_transport,in_support,periodic_resonance,0.7988714190669696,0.8799016922956087,0.482015473895633,0.08920555972058487
ToyCar/train/section_00_source_train_normal_0005_noAttribute.wav,l2_layerwise_fault_transport,in_support,periodic_resonance,0.6565114207480243,0.7706925972212719,0.6473563637202815,0.08079663145040268
valveEmu/train/section_00_source_train_normal_0677_noAttribute.wav,l2_layerwise_fault_transport,in_support,amplitude_modulation,0.33538165050177166,0.5963733222076392,0.844070798724163,0.1102212633806324
sliderEmu/train/section_00_source_train_normal_0882_noAttribute.wav,l2_layerwise_fault_transport,in_support,frequency_modulation,0.6921722964042029,0.8087733353933706,0.5995677561794297,0.07976004306881686
fan/train/section_00_source_train_normal_0201_spd_1.wav,l2_layerwise_fault_transport,in_support,frequency_modulation,0.5426691425921462,0.6910939359270045,0.7378476068955004,0.08216723479970924
ToyCar/train/section_00_source_train_normal_0723_noAttribute.wav,l2_layerwise_fault_transport,in_support,frequency_modulation,0.9077004827219698,0.9481623074791747,0.32035199068906917,0.07698514914170965
valveEmu/train/section_00_source_train_normal_0838_noAttribute.wav,l2_layerwise_fault_transport,in_support,periodic_resonance,0.10148192018629093,0.4319496439593667,0.9605354868713254,0.10646555722727326
fan/train/section_00_source_train_normal_0517_spd_1.wav,l2_layerwise_fault_transport,in_support,amplitude_modulation,0.8583895186216585,0.907349066542396,0.4232194569927589,0.08495438637555751
ToyCar/train/section_00_source_train_normal_0799_noAttribute.wav,l2_layerwise_fault_transport,in_support,periodic_resonance,0.8889033765404921,0.9045893213091606,0.4265726299667125,0.07844257584240799
bearingEmu/train/section_00_source_train_normal_0879_noAttribute.wav,l2_layerwise_fault_transport,in_support,periodic_resonance,0.299349068347505,0.6732867941491407,0.8285615943320519,0.09808633046877292
sliderEmu/train/section_00_source_train_normal_0356_noAttribute.wav,l2_layerwise_fault_transport,in_support,frequency_modulation,0.8933115081937317,0.9452962516510213,0.33032924509774964,0.07749430224859767
valveEmu/train/section_00_source_train_normal_0478_noAttribute.wav,l2_layerwise_fault_transport,in_support,frequency_modulation,0.8314404382422695,0.8787724607918063,0.47958240429830545,0.08719020536654319
valveEmu/train/section_00_source_train_normal_0077_noAttribute.wav,l2_layerwise_fault_transport,in_support,frequency_modulation,0.511109460576726,0.6341803497410623,0.7829187235990748,0.09713675599446926
fan/train/section_00_source_train_normal_0833_spd_1.wav,l2_layerwise_fault_transport,in_support,amplitude_modulation,0.3491480606181539,0.5072352883997413,0.8761871568276373,0.07933204789052145
sliderEmu/train/section_00_source_train_normal_0766_noAttribute.wav,l2_layerwise_fault_transport,in_support,amplitude_modulation,0.6971527467080112,0.7568916715631798,0.656264989665872,0.0779761627531314
ToyCar/train/section_00_source_train_normal_0340_noAttribute.wav,l2_layerwise_fault_transport,in_support,periodic_resonance,0.8307258375324844,0.8889355374271223,0.4617163409074636,0.07211728078973272
ToyCarEmu/train/section_00_source_train_normal_0763_car_D2_spd_2_mic_2_mic_1.wav,l2_layerwise_fault_transport,in_support,frequency_modulation,0.5137001052364297,0.6452460414890345,0.7752173110085361,0.08921434872556375
ToyCarEmu/train/section_00_source_train_normal_0832_car_D2_spd_3_mic_2_mic_1.wav,l2_layerwise_fault_transport,in_support,periodic_resonance,0.4029596936784677,0.539509747899467,0.8529801575823502,0.07866109998133826
sliderEmu/train/section_00_source_train_normal_0132_noAttribute.wav,l2_layerwise_fault_transport,in_support,periodic_resonance,0.3264757082382814,0.5473733273365375,0.8655508065063577,0.12205771364526287
ToyCar/train/section_00_source_train_normal_0554_noAttribute.wav,l2_layerwise_fault_transport,in_support,periodic_resonance,0.8894213835938418,0.9293167841015559,0.37143230576891484,0.08200825812084594
ToyCar/train/section_00_source_train_normal_0396_noAttribute.wav,l2_layerwise_fault_transport,in_support,periodic_resonance,0.981714494752386,0.975735744051276,0.21903310991868014,0.07251975581609577
sliderEmu/train/section_00_source_train_normal_0501_noAttribute.wav,l2_layerwise_fault_transport,in_support,frequency_modulation,0.8938337180068597,0.889614413874556,0.45673186570896407,0.08000815056334656
ToyCar/train/section_00_source_train_normal_0919_noAttribute.wav,l2_layerwise_fault_transport,in_support,amplitude_modulation,0.7303302555568997,0.7615076251661713,0.6489053591931035,0.08565416461586245
sliderEmu/train/section_00_source_train_normal_0058_noAttribute.wav,l2_layerwise_fault_transport,in_support,periodic_resonance,0.8528131391606201,0.9799186457429114,0.23646407238504444,0.0772484714243354
bearingEmu/train/section_00_source_train_normal_0659_noAttribute.wav,l2_layerwise_fault_transport,in_support,frequency_modulation,0.6304248931754892,0.8021036914283258,0.621372093005947,0.08315740894628543
gearboxEmu/train/section_00_source_train_normal_0822_pro_B.wav,l2_layerwise_fault_transport,in_support,amplitude_modulation,0.7927651189809101,0.837278478303322,0.5485856258855494,0.06590116094227672
fan/train/section_00_target_train_normal_0005_spd_1.wav,l2_layerwise_fault_transport,in_support,periodic_resonance,0.8969297074006417,0.9517889540426633,0.3116204805600925,0.08777017019660989
valveEmu/train/section_00_source_train_normal_0476_noAttribute.wav,l2_layerwise_fault_transport,in_support,periodic_resonance,0.6908173140745532,0.7738348106700577,0.6388048141147814,0.09203609541142917
gearboxEmu/train/section_00_source_train_normal_0487_pro_D.wav,l2_layerwise_fault_transport,in_support,periodic_resonance,0.5540649708564325,0.5992725928246688,0.8018204840070011,0.07110371133588644
bearingEmu/train/section_00_source_train_normal_0890_noAttribute.wav,l2_layerwise_fault_transport,in_support,frequency_modulation,0.6122700516228241,0.5884310101263568,0.8088987861414715,0.06972600545181623
sliderEmu/train/section_00_source_train_normal_0979_noAttribute.wav,l2_layerwise_fault_transport,in_support,periodic_resonance,0.5527897849244585,0.6679206038635185,0.7530851030289815,0.0919456410008705
ToyCar/train/section_00_source_train_normal_0322_noAttribute.wav,l2_layerwise_fault_transport,in_support,periodic_resonance,0.6890377014968888,0.7222826593171816,0.6923965534794154,0.08377749047163773
gearboxEmu/train/section_00_source_train_normal_0143_pro_B.wav,l2_layerwise_fault_transport,in_support,amplitude_modulation,0.8550190216546943,0.900042449117396,0.43812178536024576,0.07340934591734613
sliderEmu/train/section_00_source_train_normal_0471_noAttribute.wav,l2_layerwise_fault_transport,in_support,periodic_resonance,0.8631778165896322,0.9452760084917974,0.3364422400404267,0.07835032630075356
valveEmu/train/section_00_source_train_normal_0776_noAttribute.wav,l2_layerwise_fault_transport,in_support,frequency_modulation,0.8458110718322774,0.9109328274029687,0.4176628149694944,0.08792803907901613
ToyCarEmu/train/section_00_source_train_normal_0680_car_D1_spd_2_mic_2_mic_1.wav,l2_layerwise_fault_transport,in_support,amplitude_modulation,0.6953633274627031,0.8615406171303805,0.5341934636776249,0.07503457261575931
fan/train/section_00_source_train_normal_0221_spd_1.wav,l2_layerwise_fault_transport,in_support,frequency_modulation,0.4495033158118288,0.6269060195813997,0.7990372719200026,0.09385222005239362
ToyCar/train/section_00_source_train_normal_0795_noAttribute.wav,l2_layerwise_fault_transport,in_support,amplitude_modulation,0.9195361147702912,0.9675943447033064,0.2570423653067206,0.08352443090388766
sliderEmu/train/section_00_source_train_normal_0314_noAttribute.wav,l2_layerwise_fault_transport,in_support,amplitude_modulation,0.016187300868236058,0.13151290146416988,0.9980001758022333,0.1140517951235175
ToyCar/train/section_00_source_train_normal_0720_noAttribute.wav,l2_layerwise_fault_transport,in_support,amplitude_modulation,0.7765569755503139,0.8812458117449772,0.484113180677545,0.08483949339539751
ToyCarEmu/train/section_00_source_train_normal_0199_car_B2_spd_3_mic_2_mic_1.wav,l2_layerwise_fault_transport,in_support,amplitude_modulation,0.7613996991145976,0.7914157266170744,0.6120147952216496,0.0749072341905988
gearboxEmu/train/section_00_source_train_normal_0909_pro_B.wav,l2_layerwise_fault_transport,in_support,amplitude_modulation,0.7603597449394245,0.8228194967522907,0.5717248432251583,0.06231902927974073
ToyCar/train/section_00_source_train_normal_0089_noAttribute.wav,l2_layerwise_fault_transport,in_support,periodic_resonance,0.6834878595267602,0.7431396478186516,0.6717899967150383,0.08573821583580268
ToyCarEmu/train/section_00_source_train_normal_0614_car_C1_spd_5_mic_2_mic_1.wav,l2_layerwise_fault_transport,in_support,amplitude_modulation,0.8536910170045594,0.9145500452388263,0.4090257156601284,0.08224525100839682
valveEmu/train/section_00_source_train_normal_0939_noAttribute.wav,l2_layerwise_fault_transport,in_support,frequency_modulation,0.7011234582134168,0.7060631470910544,0.7081661054061286,0.09150790623608157
fan/train/section_00_source_train_normal_0636_spd_3.wav,l2_layerwise_fault_transport,in_support,amplitude_modulation,0.8223367996278036,0.839135760704921,0.5441813853849136,0.09605380801530414
gearboxEmu/train/section_00_source_train_normal_0598_pro_C.wav,l2_layerwise_fault_transport,in_support,amplitude_modulation,0.2149679671549423,0.003330082922746695,1.0221445614931421,0.10928503025200835
ToyCar/train/section_00_source_train_normal_0643_noAttribute.wav,l2_layerwise_fault_transport,in_support,frequency_modulation,0.9213518638683625,0.9666055441946614,0.26023377473959314,0.07326943901717729
ToyCar/train/section_00_source_train_normal_0463_noAttribute.wav,l2_layerwise_fault_transport,in_support,amplitude_modulation,0.9283547043538388,0.9586905776148037,0.2860640515673011,0.0743405411243142
valveEmu/train/section_00_source_train_normal_0213_noAttribute.wav,l2_layerwise_fault_transport,in_support,amplitude_modulation,0.6794643087743555,0.8366306111670556,0.5698688156637743,0.09269936734712765
bearingEmu/train/section_00_source_train_normal_0338_noAttribute.wav,l2_layerwise_fault_transport,in_support,amplitude_modulation,0.8920789849516126,0.8967820342667749,0.44249757252351785,0.07069411597142085
bearingEmu/train/section_00_source_train_normal_0337_noAttribute.wav,l2_layerwise_fault_transport,in_support,periodic_resonance,0.4991494954255326,0.763691366406563,0.6976803697813353,0.07075936953055441
bearingEmu/train/section_00_source_train_normal_0019_noAttribute.wav,l2_layerwise_fault_transport,in_support,periodic_resonance,0.9466635005594687,0.9736440018978455,0.22966346035192176,0.06409697561241223
fan/train/section_00_source_train_normal_0191_spd_1.wav,l2_layerwise_fault_transport,in_support,amplitude_modulation,0.6138301577499016,0.7023207980198076,0.7173395918839266,0.07769848931408793
ToyCar/train/section_00_source_train_normal_0870_noAttribute.wav,l2_layerwise_fault_transport,in_support,periodic_resonance,0.9769406157234137,0.9658619111610642,0.25929424649050026,0.0691550687582597
valveEmu/train/section_00_source_train_normal_0393_noAttribute.wav,l2_layerwise_fault_transport,in_support,amplitude_modulation,0.8205850319057418,0.8896792634926857,0.4617843879449616,0.08236632438384194
ToyCar/train/section_00_source_train_normal_0082_noAttribute.wav,l2_layerwise_fault_transport,in_support,frequency_modulation,0.9306297880107458,0.9660697229100397,0.26070151411563564,0.07723349040659834
valveEmu/train/section_00_source_train_normal_0200_noAttribute.wav,l2_layerwise_fault_transport,in_support,periodic_resonance,0.8672125817755791,0.8874046047270617,0.4614334028872212,0.09244288943234011
ToyCarEmu/train/section_00_source_train_normal_0570_car_C2_spd_5_mic_2_mic_1.wav,l2_layerwise_fault_transport,in_support,frequency_modulation,0.8651023052209379,0.855546012376563,0.5178149702736385,0.08134493630514295
fan/train/section_00_source_train_normal_0661_spd_1.wav,l2_layerwise_fault_transport,in_support,frequency_modulation,0.5681908612593208,0.3000083918337673,0.9909171518025635,0.11946293256821455
ToyCar/train/section_00_source_train_normal_0260_noAttribute.wav,l2_layerwise_fault_transport,in_support,periodic_resonance,0.9003784488848341,0.9003528651950827,0.43516056667571623,0.07812623380462512
fan/train/section_00_source_train_normal_0273_spd_1.wav,l2_layerwise_fault_transport,in_support,periodic_resonance,0.8568508311332218,0.9449118182116645,0.338963704914193,0.07931230381160466
bearingEmu/train/section_00_source_train_normal_0420_noAttribute.wav,l2_layerwise_fault_transport,in_support,periodic_resonance,0.6655738755359414,0.7320090663102781,0.6845263774412039,0.0864206190148335
fan/train/section_00_source_train_normal_0568_spd_2.wav,l2_layerwise_fault_transport,in_support,periodic_resonance,0.6565735577400372,0.7241734055916903,0.6929232411048859,0.13863605878311175
ToyCar/train/section_00_source_train_normal_0562_noAttribute.wav,l2_layerwise_fault_transport,in_support,amplitude_modulation,0.8521597858500158,0.9265884549127821,0.3833711804515283,0.07556056867558698
valveEmu/train/section_00_source_train_normal_0814_noAttribute.wav,l2_layerwise_fault_transport,in_support,amplitude_modulation,0.471815312753181,0.652852867855711,0.7788181618902292,0.09723744033477304
ToyCar/train/section_00_source_train_normal_0330_noAttribute.wav,l2_layerwise_fault_transport,in_support,frequency_modulation,0.9639039384791789,0.8252192060482222,0.581589818496325,0.08356202099107593
gearboxEmu/train/section_00_source_train_normal_0178_pro_A.wav,l2_layerwise_fault_transport,in_support,periodic_resonance,0.6591461143721111,0.8423922803931534,0.569169924798767,0.08266914818742957
ToyCar/train/section_00_source_train_normal_0512_noAttribute.wav,l2_layerwise_fault_transport,in_support,periodic_resonance,0.6317573881244161,0.7777753064794499,0.6452804081262155,0.07388951481653053
sliderEmu/train/section_00_source_train_normal_0169_noAttribute.wav,l2_layerwise_fault_transport,in_support,amplitude_modulation,0.03679352895479074,0.13547346037122243,0.9956830170287119,0.09508755934092769
bearingEmu/train/section_00_source_train_normal_0639_noAttribute.wav,l2_layerwise_fault_transport,in_support,frequency_modulation,0.557417337763081,0.6943321428741184,0.7325629933530825,0.08729049473325053
ToyCarEmu/train/section_00_source_train_normal_0966_car_D2_spd_5_mic_2_mic_1.wav,l2_layerwise_fault_transport,in_support,amplitude_modulation,0.9222563614684431,0.9620716209932081,0.2756872339636447,0.07392703116649035
gearboxEmu/train/section_00_source_train_normal_0921_pro_F.wav,l2_layerwise_fault_transport,in_support,periodic_resonance,0.15140979100057292,0.4765935750812716,0.9373382834496277,0.10473787673489565
bearingEmu/train/section_00_source_train_normal_0229_noAttribute.wav,l2_layerwise_fault_transport,in_support,amplitude_modulation,0.9081041449845685,0.9379123764830646,0.3481506925240247,0.06578898163363958
sliderEmu/train/section_00_source_train_normal_0009_noAttribute.wav,l2_layerwise_fault_transport,in_support,frequency_modulation,0.8572101859625642,0.8642199708470393,0.5031629746645405,0.0846459379651502
sliderEmu/train/section_00_source_train_normal_0982_noAttribute.wav,l2_layerwise_fault_transport,in_support,periodic_resonance,0.9936098385385287,0.9508407256493001,0.3126197553963024,0.07944276472809494
ToyCarEmu/train/section_00_source_train_normal_0596_car_C1_spd_5_mic_2_mic_1.wav,l2_layerwise_fault_transport,in_support,frequency_modulation,0.623935953047322,0.755742913293537,0.6680012902502093,0.089647067722159
ToyCarEmu/train/section_00_source_train_normal_0930_car_D1_spd_5_mic_2_mic_1.wav,l2_layerwise_fault_transport,in_support,frequency_modulation,0.8003872774963806,0.828510996672325,0.5606785816966064,0.07725761865381381
ToyCarEmu/train/section_00_source_train_normal_0543_car_C1_spd_3_mic_2_mic_1.wav,l2_layerwise_fault_transport,in_support,frequency_modulation,0.5768846208304789,0.5329992354247659,0.8472530567007847,0.09250790555012291
sliderEmu/train/section_00_source_train_normal_0273_noAttribute.wav,l2_layerwise_fault_transport,in_support,periodic_resonance,0.09380161240439096,0.12088592224512304,0.9930358269682392,0.08330227230575397
valveEmu/train/section_00_source_train_normal_0151_noAttribute.wav,l2_layerwise_fault_transport,in_support,frequency_modulation,0.32755372346865635,0.5379436626925039,0.8688386169453954,0.1020189900151432
gearboxEmu/train/section_00_source_train_normal_0608_pro_A.wav,l2_layerwise_fault_transport,in_support,frequency_modulation,0.901713342872773,0.8808471034814237,0.47386050714817285,0.06233583297242721
valveEmu/train/section_00_source_train_normal_0360_noAttribute.wav,l2_layerwise_fault_transport,in_support,frequency_modulation,0.8879954216101734,0.819639583096177,0.5769432159934603,0.09069876617739211
fan/train/section_00_source_train_normal_0390_spd_1.wav,l2_layerwise_fault_transport,in_support,amplitude_modulation,0.7737429385682111,0.854942071918449,0.5250403345654688,0.08039877785461867
ToyCarEmu/train/section_00_source_train_normal_0090_car_B1_spd_2_mic_2_mic_1.wav,l2_layerwise_fault_transport,in_support,frequency_modulation,0.807572725145869,0.7728366606482957,0.6355549465898057,0.07416437114985396
valveEmu/train/section_00_source_train_normal_0394_noAttribute.wav,l2_layerwise_fault_transport,in_support,amplitude_modulation,0.597322830614652,0.7162545439206591,0.7079012507002025,0.12616482676448162
valveEmu/train/section_00_source_train_normal_0577_noAttribute.wav,l2_layerwise_fault_transport,in_support,amplitude_modulation,0.8377037353688707,0.9202304381271326,0.3999832464147674,0.08588590298800261
gearboxEmu/train/section_00_source_train_normal_0901_pro_F.wav,l2_layerwise_fault_transport,in_support,frequency_modulation,0.06326883342861118,0.11790378599944329,0.9945268600140544,0.08569274413063786
ToyCar/train/section_00_source_train_normal_0908_noAttribute.wav,l2_layerwise_fault_transport,in_support,amplitude_modulation,0.6963046208932014,0.6665212787273681,0.746080714449986,0.0838470781818597
ToyCarEmu/train/section_00_source_train_normal_0412_car_C1_spd_2_mic_2_mic_1.wav,l2_layerwise_fault_transport,in_support,periodic_resonance,0.9064518632436556,0.9497477996400752,0.31599628983150857,0.08118998394362426
bearingEmu/train/section_00_source_train_normal_0720_noAttribute.wav,l2_layerwise_fault_transport,in_support,frequency_modulation,0.8601482203793697,0.9207383951295953,0.3948569070061203,0.07053689985573136
bearingEmu/train/section_00_source_train_normal_0826_noAttribute.wav,l2_layerwise_fault_transport,in_support,periodic_resonance,0.607870873169762,0.663211385814331,0.7504753360810722,0.08561435202667997
ToyCarEmu/train/section_00_source_train_normal_0082_car_B1_spd_2_mic_2_mic_1.wav,l2_layerwise_fault_transport,in_support,periodic_resonance,0.9551281378847613,0.9738866524154616,0.22780840659291737,0.07623166583625024
bearingEmu/train/section_00_source_train_normal_0750_noAttribute.wav,l2_layerwise_fault_transport,in_support,amplitude_modulation,0.7008064028698203,0.8453721045943897,0.5533942960392433,0.07325288197578787
ToyCarEmu/train/section_00_source_train_normal_0863_car_D1_spd_3_mic_2_mic_1.wav,l2_layerwise_fault_transport,in_support,amplitude_modulation,0.6867143306306039,0.787145374523972,0.6248908336205833,0.07077819340618062
ToyCarEmu/train/section_00_source_train_normal_0403_car_C1_spd_2_mic_2_mic_1.wav,l2_layerwise_fault_transport,in_support,frequency_modulation,0.6887715304591906,0.7702643274893258,0.64291052391854,0.0797673696441103
ToyCarEmu/train/section_00_source_train_normal_0300_car_B1_spd_5_mic_2_mic_1.wav,l2_layerwise_fault_transport,in_support,periodic_resonance,0.9567219327610582,0.9696406758212077,0.24487517986771526,0.07490780399195245
valveEmu/train/section_00_source_train_normal_0759_noAttribute.wav,l2_layerwise_fault_transport,in_support,frequency_modulation,0.79128226004563,0.2986094915575319,1.0740385599974889,0.09292814779543598
fan/train/section_00_source_train_normal_0328_spd_3.wav,l2_layerwise_fault_transport,in_support,periodic_resonance,0.8267731379128048,0.9014909499723934,0.43920020327504844,0.08111844758714966
valveEmu/train/section_00_source_train_normal_0737_noAttribute.wav,l2_layerwise_fault_transport,in_support,frequency_modulation,0.8060759978986989,0.28195347142067473,1.093255076693238,0.0916595500971764
gearboxEmu/train/section_00_source_train_normal_0126_pro_C.wav,l2_layerwise_fault_transport,in_support,periodic_resonance,0.10399877619802529,0.3167917848032213,0.9720719261414972,0.08651317516797254
fan/train/section_00_source_train_normal_0543_spd_1.wav,l2_layerwise_fault_transport,in_support,frequency_modulation,0.8266817710081016,0.6638655373618008,0.765370285706268,0.07991119036150822
sliderEmu/train/section_00_source_train_normal_0504_noAttribute.wav,l2_layerwise_fault_transport,in_support,periodic_resonance,0.08852149428928753,0.4730953452231352,0.9612896759823709,0.08833350492364622
gearboxEmu/train/section_00_source_train_normal_0897_pro_F.wav,l2_layerwise_fault_transport,in_support,amplitude_modulation,0.014563280371159351,0.18460930304538037,0.9974141843068106,0.08033579309573595
sliderEmu/train/section_00_source_train_normal_0925_noAttribute.wav,l2_layerwise_fault_transport,in_support,frequency_modulation,0.959408708701397,0.9697866463745594,0.24417526923079946,0.07373966286919292
ToyCarEmu/train/section_00_source_train_normal_0669_car_D1_spd_2_mic_2_mic_1.wav,l2_layerwise_fault_transport,in_support,periodic_resonance,0.41376398077830273,0.6626136730589548,0.7892206849946951,0.07939977581058225
ToyCar/train/section_00_source_train_normal_0590_noAttribute.wav,l2_layerwise_fault_transport,in_support,frequency_modulation,0.9495333488950948,0.9425873655744575,0.33403189210567125,0.0677743722169638
ToyCar/train/section_00_source_train_normal_0709_noAttribute.wav,l2_layerwise_fault_transport,in_support,amplitude_modulation,0.756864826310616,0.7844795804972444,0.6207691700073833,0.08995832483452931
ToyCar/train/section_00_source_train_normal_0213_noAttribute.wav,l2_layerwise_fault_transport,in_support,amplitude_modulation,0.7817054588469375,0.7937840331905276,0.6083196533155519,0.07701307717519328
fan/train/section_00_source_train_normal_0642_spd_1.wav,l2_layerwise_fault_transport,in_support,amplitude_modulation,0.08837493626251959,0.20409492216997288,0.9857668983501393,0.20279107717873535
valveEmu/train/section_00_source_train_normal_0881_noAttribute.wav,l2_layerwise_fault_transport,in_support,periodic_resonance,0.8524408022967745,0.8691447408758458,0.49483981344664724,0.08852736977073677
bearingEmu/train/section_00_source_train_normal_0369_noAttribute.wav,l2_layerwise_fault_transport,in_support,frequency_modulation,0.7310555959998786,0.5938518057014264,0.8161892629393118,0.07958007396858777
gearboxEmu/train/section_00_source_train_normal_0409_pro_A.wav,l2_layerwise_fault_transport,in_support,periodic_resonance,0.7735182748864308,0.8273700227930227,0.5642329803689856,0.06313287272075295
gearboxEmu/train/section_00_source_train_normal_0448_pro_F.wav,l2_layerwise_fault_transport,in_support,amplitude_modulation,0.05995083967984657,0.30664697474116137,0.9832734187072709,0.07324604914540077
valveEmu/train/section_00_source_train_normal_0017_noAttribute.wav,l2_layerwise_fault_transport,in_support,amplitude_modulation,0.10654582653789062,0.4683756372598115,0.9547486969608948,0.09319830156902464
ToyCar/train/section_00_source_train_normal_0009_noAttribute.wav,l2_layerwise_fault_transport,in_support,periodic_resonance,0.2933895839584618,0.4758032343713799,0.8982683463301486,0.08273565243223828
sliderEmu/train/section_00_source_train_normal_0087_noAttribute.wav,l2_layerwise_fault_transport,in_support,amplitude_modulation,0.5533475567202765,0.7444367362532043,0.6944991146511599,0.08144557385145805
valveEmu/train/section_00_source_train_normal_0546_noAttribute.wav,l2_layerwise_fault_transport,in_support,periodic_resonance,0.261085496773152,0.586807579114066,0.8727839022454473,0.09912706046883298
sliderEmu/train/section_00_source_train_normal_0928_noAttribute.wav,l2_layerwise_fault_transport,in_support,periodic_resonance,0.9613146374998076,0.906792394434009,0.42508849476969224,0.07992211415672078
valveEmu/train/section_00_source_train_normal_0749_noAttribute.wav,l2_layerwise_fault_transport,in_support,periodic_resonance,0.9255791686725722,0.917834648561582,0.3970384559354257,0.09284537473482968
bearingEmu/train/section_00_source_train_normal_0280_noAttribute.wav,l2_layerwise_fault_transport,in_support,frequency_modulation,0.5252325499524518,0.6036456410168078,0.8010995898960842,0.11523295952628305
ToyCarEmu/train/section_00_source_train_normal_0850_car_D1_spd_3_mic_2_mic_1.wav,l2_layerwise_fault_transport,in_support,amplitude_modulation,0.9359750483450343,0.9719097989408869,0.23808118158113803,0.07331228427635991
valveEmu/train/section_00_source_train_normal_0564_noAttribute.wav,l2_layerwise_fault_transport,in_support,periodic_resonance,0.8704726965300426,0.9251046129704411,0.3836223420954018,0.08616086861997857
ToyCarEmu/train/section_00_source_train_normal_0559_car_C1_spd_5_mic_2_mic_1.wav,l2_layerwise_fault_transport,in_support,frequency_modulation,0.666368937168744,0.7517208523830153,0.6649817362328811,0.08826397234770478
bearingEmu/train/section_00_source_train_normal_0953_noAttribute.wav,l2_layerwise_fault_transport,in_support,amplitude_modulation,0.7818792148638404,0.8388052480323991,0.5473996064353842,0.07506856825208764
ToyCar/train/section_00_source_train_normal_0161_noAttribute.wav,l2_layerwise_fault_transport,in_support,periodic_resonance,0.8237338785449032,0.8732824447844589,0.48972730375962703,0.07475184037226891
gearboxEmu/train/section_00_source_train_normal_0619_pro_D.wav,l2_layerwise_fault_transport,in_support,periodic_resonance,0.1851189692953805,0.38449627730231023,0.9444119459688949,0.08299811832800169
fan/train/section_00_source_train_normal_0742_spd_2.wav,l2_layerwise_fault_transport,in_support,amplitude_modulation,0.7330883587920741,0.7763400868556741,0.6317964715962037,0.08479447121683147
bearingEmu/train/section_00_source_train_normal_0784_noAttribute.wav,l2_layerwise_fault_transport,in_support,amplitude_modulation,0.17782129341372363,0.4587771804244553,0.9319118569734876,0.10276512030814224
fan/train/section_00_source_train_normal_0696_spd_1.wav,l2_layerwise_fault_transport,in_support,frequency_modulation,0.8270131584683109,0.7894755595750117,0.6149287862544706,0.08542340344971029
sliderEmu/train/section_00_source_train_normal_0523_noAttribute.wav,l2_layerwise_fault_transport,in_support,periodic_resonance,0.24551989188437887,0.3815094461890858,0.934314562312121,0.09470948921900701
fan/train/section_00_source_train_normal_0906_spd_3.wav,l2_layerwise_fault_transport,in_support,frequency_modulation,0.8199478357115628,0.8960965629750987,0.4503438447320795,0.07910538499556566
gearboxEmu/train/section_00_source_train_normal_0332_pro_A.wav,l2_layerwise_fault_transport,in_support,frequency_modulation,0.09476359025057818,-0.09334873531764921,1.0132483706600677,0.07005947887603625
fan/train/section_00_source_train_normal_0730_spd_2.wav,l2_layerwise_fault_transport,in_support,amplitude_modulation,0.16529399049192886,0.23273145440400672,0.974876341732575,0.1252382844093332
valveEmu/train/section_00_source_train_normal_0835_noAttribute.wav,l2_layerwise_fault_transport,in_support,periodic_resonance,0.9013535314514156,0.8919757396490454,0.45218052020916044,0.09821950075790617
ToyCarEmu/train/section_00_source_train_normal_0911_car_D2_spd_5_mic_2_mic_1.wav,l2_layerwise_fault_transport,in_support,amplitude_modulation,0.786746906126757,0.9072719514609221,0.4374744479910722,0.07661489482591323
fan/train/section_00_source_train_normal_0826_spd_3.wav,l2_layerwise_fault_transport,in_support,periodic_resonance,0.8956521663937116,0.9517754323799694,0.31188675397151205,0.08186984005641454
valveEmu/train/section_00_source_train_normal_0015_noAttribute.wav,l2_layerwise_fault_transport,in_support,periodic_resonance,0.9042460622251712,0.9432531349834343,0.33435770526352676,0.08856397531236408
ToyCarEmu/train/section_00_source_train_normal_0162_car_B2_spd_3_mic_2_mic_1.wav,l2_layerwise_fault_transport,in_support,periodic_resonance,0.9592587948668416,0.9679434352625258,0.25131838195998096,0.0804461455374475
fan/train/section_00_source_train_normal_0761_spd_3.wav,l2_layerwise_fault_transport,in_support,frequency_modulation,0.9356987127024862,0.9628351056495125,0.27144970648550626,0.0840646411187317
fan/train/section_00_source_train_normal_0131_spd_3.wav,l2_layerwise_fault_transport,in_support,frequency_modulation,0.18861412113471554,0.2004062979315969,0.979783839008871,0.14995909654836403
fan/train/section_00_source_train_normal_0343_spd_1.wav,l2_layerwise_fault_transport,in_support,amplitude_modulation,0.21626088121053103,0.5247095711718484,0.9054393741490967,0.09652621772162849
ToyCar/train/section_00_source_train_normal_0241_noAttribute.wav,l2_layerwise_fault_transport,in_support,amplitude_modulation,0.8205896838756662,0.8851034882358176,0.46984449136475737,0.07716205242282596
ToyCar/train/section_00_source_train_normal_0929_noAttribute.wav,l2_layerwise_fault_transport,in_support,amplitude_modulation,0.9368802878376012,0.9690660492905857,0.24889137259584673,0.07302463087343301
sliderEmu/train/section_00_source_train_normal_0054_noAttribute.wav,l2_layerwise_fault_transport,in_support,frequency_modulation,0.8584255100796718,0.6376116680978361,0.8013801304725954,0.0809385151374773
sliderEmu/train/section_00_source_train_normal_0400_noAttribute.wav,l2_layerwise_fault_transport,in_support,amplitude_modulation,0.871091565372309,0.9094784531181509,0.41751945639051047,0.08332597185211357
ToyCarEmu/train/section_00_source_train_normal_0674_car_D1_spd_2_mic_2_mic_1.wav,l2_layerwise_fault_transport,in_support,frequency_modulation,0.5769678111273273,0.5406309859361169,0.8420442398774062,0.08876185165140028
gearboxEmu/train/section_00_source_train_normal_0638_pro_F.wav,l2_layerwise_fault_transport,in_support,amplitude_modulation,0.09739414933422037,0.5539297067965565,0.9495191389096519,0.06739763581693502
sliderEmu/train/section_00_source_train_normal_0670_noAttribute.wav,l2_layerwise_fault_transport,in_support,frequency_modulation,0.5141473427460291,0.5677442689070414,0.8249479229727888,0.1149349302541158
bearingEmu/train/section_00_source_train_normal_0094_noAttribute.wav,l2_layerwise_fault_transport,in_support,amplitude_modulation,0.6921073583027922,0.8061403952407816,0.60261197853539,0.07246417801997178
valveEmu/train/section_00_source_train_normal_0172_noAttribute.wav,l2_layerwise_fault_transport,heldout,friction_burst,0.8675150708551392,0.8631368925997022,0.5049889831255393,0.09688917472151647
gearboxEmu/train/section_00_source_train_normal_0382_pro_D.wav,l2_layerwise_fault_transport,heldout,friction_burst,0.5498612492859162,0.6764537172600604,0.7472857695372174,0.08651492533772258
bearingEmu/train/section_00_source_train_normal_0662_noAttribute.wav,l2_layerwise_fault_transport,heldout,friction_burst,0.7810653396622285,0.9237441715960153,0.40872234404835434,0.06681594669514684
ToyCarEmu/train/section_00_source_train_normal_0291_car_B1_spd_5_mic_2_mic_1.wav,l2_layerwise_fault_transport,heldout,friction_burst,0.8941825102284253,0.9108479352561544,0.41307841293264774,0.07870492812903222
ToyCar/train/section_00_source_train_normal_0589_noAttribute.wav,l2_layerwise_fault_transport,heldout,friction_burst,0.9359007414008669,0.9135254720535283,0.4073964464593968,0.07095070990228476
gearboxEmu/train/section_00_source_train_normal_0734_pro_C.wav,l2_layerwise_fault_transport,heldout,friction_burst,0.6787551435635626,0.7679935568263697,0.646644717812529,0.07656972954659017
sliderEmu/train/section_00_source_train_normal_0590_noAttribute.wav,l2_layerwise_fault_transport,heldout,friction_burst,0.3727900064405606,0.5144585150504816,0.8691388856930822,0.08620080277393792
sliderEmu/train/section_00_source_train_normal_0276_noAttribute.wav,l2_layerwise_fault_transport,heldout,friction_burst,0.9263838123238093,0.9324535369951827,0.36134089569651523,0.08922529882815014
bearingEmu/train/section_00_source_train_normal_0558_noAttribute.wav,l2_layerwise_fault_transport,heldout,friction_burst,0.7230308063745743,0.8582240033350205,0.530781273787986,0.06964726583510317
valveEmu/train/section_00_source_train_normal_0703_noAttribute.wav,l2_layerwise_fault_transport,heldout,friction_burst,0.7756528578305798,0.9282700661532979,0.402003353916322,0.08326465083377882
valveEmu/train/section_00_source_train_normal_0473_noAttribute.wav,l2_layerwise_fault_transport,heldout,friction_burst,0.8630962409372762,0.9191637073981477,0.3978462514558021,0.08958138677245955
ToyCar/train/section_00_source_train_normal_0755_noAttribute.wav,l2_layerwise_fault_transport,heldout,friction_burst,0.9459661894806122,0.923221274949328,0.38494130541937527,0.07732071755005936
ToyCarEmu/train/section_00_source_train_normal_0204_car_B2_spd_3_mic_2_mic_1.wav,l2_layerwise_fault_transport,heldout,friction_burst,0.9423758600992687,0.9521402896418533,0.30581728683156545,0.0784634173750994
gearboxEmu/train/section_00_source_train_normal_0148_pro_D.wav,l2_layerwise_fault_transport,heldout,friction_burst,0.6966659956526194,0.7970200328777468,0.6122336155251015,0.09900151998307234
fan/train/section_00_source_train_normal_0805_spd_1.wav,l2_layerwise_fault_transport,heldout,friction_burst,0.8331633526675974,0.8999727311867131,0.4410357992027845,0.08181626879457342
ToyCar/train/section_00_source_train_normal_0506_noAttribute.wav,l2_layerwise_fault_transport,heldout,friction_burst,0.8237882572473721,0.8950953015000196,0.4515408019134465,0.08210504640403266
ToyCar/train/section_00_source_train_normal_0334_noAttribute.wav,l2_layerwise_fault_transport,heldout,friction_burst,0.9596903212864523,0.9749472711357322,0.22295872493287294,0.07661993782532192
ToyCar/train/section_00_source_train_normal_0449_noAttribute.wav,l2_layerwise_fault_transport,heldout,friction_burst,0.9291743662277697,0.9389921080849102,0.34407878314338136,0.08380333738065468
fan/train/section_00_source_train_normal_0828_spd_3.wav,l2_layerwise_fault_transport,heldout,friction_burst,0.2733954524273651,0.4646030629729932,0.9059273393637493,0.13999552103765772
gearboxEmu/train/section_00_source_train_normal_0940_pro_B.wav,l2_layerwise_fault_transport,heldout,friction_burst,0.601571962713262,0.757327603221683,0.6713529034335737,0.077597195125716
valveEmu/train/section_00_source_train_normal_0308_noAttribute.wav,l2_layerwise_fault_transport,heldout,friction_burst,0.8002520972071036,0.9274646889019221,0.3949585982426176,0.08969780603531367
bearingEmu/train/section_00_source_train_normal_0973_noAttribute.wav,l2_layerwise_fault_transport,heldout,friction_burst,0.37518498375499565,0.6256790238300145,0.8193125308770917,0.06492111571828162
sliderEmu/train/section_00_source_train_normal_0574_noAttribute.wav,l2_layerwise_fault_transport,heldout,friction_burst,0.8759213322035934,0.917964088881466,0.3988853530942128,0.0811044268304853
sliderEmu/train/section_00_source_train_normal_0525_noAttribute.wav,l2_layerwise_fault_transport,heldout,friction_burst,0.6621450145589779,0.8480628741548756,0.561564610705564,0.09188460636897247
ToyCarEmu/train/section_00_source_train_normal_0016_car_B1_spd_2_mic_2_mic_1.wav,l2_layerwise_fault_transport,heldout,friction_burst,0.9144677418656267,0.9550861882707546,0.2990990323668849,0.07808310854168742
sliderEmu/train/section_00_source_train_normal_0131_noAttribute.wav,l2_layerwise_fault_transport,heldout,friction_burst,0.7451800599751092,0.6515061835020399,0.7644046624609886,0.08483726702312273
valveEmu/train/section_00_source_train_normal_0251_noAttribute.wav,l2_layerwise_fault_transport,heldout,friction_burst,0.6768325702542037,0.7960311657633354,0.6168814215915526,0.09910316383369808
bearingEmu/train/section_00_source_train_normal_0266_noAttribute.wav,l2_layerwise_fault_transport,heldout,friction_burst,0.3443449861976551,0.5132597372617346,0.8746980251681464,0.09052344014098875
valveEmu/train/section_00_source_train_normal_0670_noAttribute.wav,l2_layerwise_fault_transport,heldout,friction_burst,0.7883621426990782,0.8385802107548155,0.5470878215512204,0.08383980422356363
valveEmu/train/section_00_source_train_normal_0741_noAttribute.wav,l2_layerwise_fault_transport,heldout,friction_burst,0.8310365870163062,0.8044735188901798,0.5945821675704082,0.10144646113671113
valveEmu/train/section_00_source_train_normal_0572_noAttribute.wav,l2_layerwise_fault_transport,heldout,friction_burst,0.4863902450942921,0.7634809496835127,0.7027631877383109,0.08922336693915935
sliderEmu/train/section_00_source_train_normal_0717_noAttribute.wav,l2_layerwise_fault_transport,heldout,friction_burst,0.7685007776420458,0.6380205627669046,0.7809960614244259,0.09608892257534553
fan/train/section_00_source_train_normal_0815_spd_2.wav,l2_layerwise_fault_transport,heldout,friction_burst,0.45853777875357765,0.7320832159159357,0.7340853296221952,0.07319019993806111
ToyCar/train/section_00_source_train_normal_0469_noAttribute.wav,l2_layerwise_fault_transport,heldout,friction_burst,0.7174249598738446,0.834535873184203,0.5632626761867561,0.07470508678790319
ToyCarEmu/train/section_00_source_train_normal_0083_car_B1_spd_2_mic_2_mic_1.wav,l2_layerwise_fault_transport,heldout,friction_burst,0.8592140567801766,0.8502820172595749,0.526403146319421,0.07872737367895981
valveEmu/train/section_00_source_train_normal_0775_noAttribute.wav,l2_layerwise_fault_transport,heldout,friction_burst,0.645091028334537,0.7406519407634786,0.678650565922953,0.09373564577007344
fan/train/section_00_source_train_normal_0871_spd_3.wav,l2_layerwise_fault_transport,heldout,friction_burst,0.40492672975265986,0.5442183622901027,0.8504284408703796,0.14412142152302163
gearboxEmu/train/section_00_source_train_normal_0862_pro_F.wav,l2_layerwise_fault_transport,heldout,friction_burst,0.9344116957920842,0.9728312375761928,0.23468158084279628,0.0730085901013606
sliderEmu/train/section_00_source_train_normal_0844_noAttribute.wav,l2_layerwise_fault_transport,heldout,friction_burst,0.86625964160201,0.8901500191852686,0.45629342915007687,0.0829333799659928
fan/train/section_00_source_train_normal_0734_spd_2.wav,l2_layerwise_fault_transport,heldout,friction_burst,0.542981639671207,0.7733036797547538,0.6745736883588066,0.08265629404403889
fan/train/section_00_source_train_normal_0791_spd_1.wav,l2_layerwise_fault_transport,heldout,friction_burst,0.873630101386649,0.9437357799466176,0.33804967654902945,0.07860137629846496
ToyCarEmu/train/section_00_source_train_normal_0351_car_C1_spd_2_mic_2_mic_1.wav,l2_layerwise_fault_transport,heldout,friction_burst,0.9609112060777729,0.9694930294754759,0.24526906346152427,0.08139783372057897
ToyCarEmu/train/section_00_source_train_normal_0360_car_C2_spd_2_mic_2_mic_1.wav,l2_layerwise_fault_transport,heldout,friction_burst,0.968472315899764,0.8727594706236969,0.49744532884276327,0.08807375711503075
gearboxEmu/train/section_00_source_train_normal_0636_pro_F.wav,l2_layerwise_fault_transport,heldout,friction_burst,0.9068312270095676,0.9461024163264478,0.32623985674901645,0.0606655412119857
ToyCar/train/section_00_source_train_normal_0029_noAttribute.wav,l2_layerwise_fault_transport,heldout,friction_burst,0.822934732641116,0.8736281971620753,0.4892275548949385,0.08408071276988903
bearingEmu/train/section_00_source_train_normal_0775_noAttribute.wav,l2_layerwise_fault_transport,heldout,friction_burst,0.9012377865979749,0.9554480851615931,0.3000961729702697,0.06451693882608689
ToyCar/train/section_00_source_train_normal_0337_noAttribute.wav,l2_layerwise_fault_transport,heldout,friction_burst,0.9418675533239117,0.9553493091053925,0.29578616487388426,0.07046319511918918
fan/train/section_00_source_train_normal_0908_spd_2.wav,l2_layerwise_fault_transport,heldout,friction_burst,0.8134149368921654,0.9309047168643382,0.38369291955629803,0.08240549004554747
gearboxEmu/train/section_00_source_train_normal_0087_pro_D.wav,l2_layerwise_fault_transport,heldout,friction_burst,0.7355940514239353,0.846303156138089,0.5440840686670751,0.08032328656358266
sliderEmu/train/section_00_source_train_normal_0598_noAttribute.wav,l2_layerwise_fault_transport,heldout,friction_burst,0.6579460486942506,0.6806317327048801,0.7329768650470372,0.09376723886229683
valveEmu/train/section_00_source_train_normal_0346_noAttribute.wav,l2_layerwise_fault_transport,heldout,friction_burst,0.6460945769408584,0.7245409587794307,0.6936816516778762,0.0955094271173762
ToyCar/train/section_00_source_train_normal_0645_noAttribute.wav,l2_layerwise_fault_transport,heldout,friction_burst,0.967062148558277,0.9105284652164568,0.41729362729708264,0.07704272141662084
sliderEmu/train/section_00_source_train_normal_0146_noAttribute.wav,l2_layerwise_fault_transport,heldout,friction_burst,0.7101289366793635,0.706990609388199,0.7072298970879904,0.08689299192540793
valveEmu/train/section_00_source_train_normal_0458_noAttribute.wav,l2_layerwise_fault_transport,heldout,friction_burst,0.9025000047638634,0.9328291150910085,0.36159327561745697,0.08754638910104488
fan/train/section_00_source_train_normal_0687_spd_3.wav,l2_layerwise_fault_transport,heldout,friction_burst,0.8201306856402728,0.8537395874806102,0.5217837435675351,0.0873417970315403
gearboxEmu/train/section_00_source_train_normal_0867_pro_F.wav,l2_layerwise_fault_transport,heldout,friction_burst,0.9010416920390061,0.939204509286071,0.3454725609320413,0.07507859024733586
ToyCar/train/section_00_source_train_normal_0861_noAttribute.wav,l2_layerwise_fault_transport,heldout,friction_burst,0.9326505820842903,0.9437562429626931,0.33082848966267736,0.0798234559167887
bearingEmu/train/section_00_source_train_normal_0922_noAttribute.wav,l2_layerwise_fault_transport,heldout,friction_burst,0.6009199666633537,0.7349210814996686,0.691265001822552,0.07477191434872152
valveEmu/train/section_00_source_train_normal_0665_noAttribute.wav,l2_layerwise_fault_transport,heldout,friction_burst,0.8580148598352859,0.9274191464757395,0.3804085721356455,0.08923770169563551
sliderEmu/train/section_00_source_train_normal_0584_noAttribute.wav,l2_layerwise_fault_transport,heldout,friction_burst,0.7776793848732756,0.8471962464451592,0.5358088409610626,0.0847458644096734
fan/train/section_00_source_train_normal_0091_spd_1.wav,l2_layerwise_fault_transport,heldout,friction_burst,0.5125710096925576,0.6448875383487217,0.775646650632969,0.14496701137552423
sliderEmu/train/section_00_source_train_normal_0649_noAttribute.wav,l2_layerwise_fault_transport,heldout,friction_burst,0.3090837985190421,0.6032417722412948,0.850075454137786,0.08278411191741497
bearingEmu/train/section_00_source_train_normal_0959_noAttribute.wav,l2_layerwise_fault_transport,heldout,friction_burst,0.5188334251954975,0.7039408161135573,0.7339837011690862,0.08066298356613204
valveEmu/train/section_00_source_train_normal_0187_noAttribute.wav,l2_layerwise_fault_transport,heldout,friction_burst,0.8605708911820596,0.8496833274037234,0.5274057092762312,0.08661960775674747
ToyCar/train/section_00_source_train_normal_0783_noAttribute.wav,l2_layerwise_fault_transport,heldout,friction_burst,0.9468945755717121,0.9395668371804663,0.34244394317994026,0.07230854255807388
sliderEmu/train/section_00_source_train_normal_0297_noAttribute.wav,l2_layerwise_fault_transport,heldout,friction_burst,0.6875859005017477,0.6948763910255595,0.7191661507936615,0.10779568352291485
ToyCar/train/section_00_source_train_normal_0090_noAttribute.wav,l2_layerwise_fault_transport,heldout,friction_burst,0.7627083947693812,0.8849021154950254,0.48153873299788197,0.0842459661289644
ToyCarEmu/train/section_00_source_train_normal_0468_car_C1_spd_3_mic_2_mic_1.wav,l2_layerwise_fault_transport,heldout,friction_burst,0.9589974443774812,0.939143192798849,0.34409919314832993,0.08248413489019674
sliderEmu/train/section_00_source_train_normal_0051_noAttribute.wav,l2_layerwise_fault_transport,heldout,friction_burst,0.8490112057096164,0.9222170896989599,0.39354128235528446,0.08333423282800308
fan/train/section_00_source_train_normal_0372_spd_2.wav,l2_layerwise_fault_transport,heldout,friction_burst,0.857779652756445,0.9343570357529589,0.3644736277504021,0.08198019418619011
sliderEmu/train/section_00_source_train_normal_0361_noAttribute.wav,l2_layerwise_fault_transport,heldout,friction_burst,0.9207162498683857,0.9491218782728778,0.31618750751542796,0.07725850799229085
sliderEmu/train/section_00_source_train_normal_0627_noAttribute.wav,l2_layerwise_fault_transport,heldout,friction_burst,0.6861114564669296,0.7884731581481201,0.6235286656209147,0.09275572691728924
bearingEmu/train/section_00_source_train_normal_0289_noAttribute.wav,l2_layerwise_fault_transport,heldout,friction_burst,0.15574546801216596,0.35301003733049063,0.9561889059449864,0.09768957794696756
gearboxEmu/train/section_00_source_train_normal_0617_pro_B.wav,l2_layerwise_fault_transport,heldout,friction_burst,0.831690334993402,0.867233232375537,0.49916912786929735,0.07529959102486258
ToyCarEmu/train/section_00_source_train_normal_0042_car_B1_spd_2_mic_2_mic_1.wav,l2_layerwise_fault_transport,heldout,friction_burst,0.9238760249090766,0.9209751345391318,0.38963215566167825,0.07500799568005274
sliderEmu/train/section_00_source_train_normal_0962_noAttribute.wav,l2_layerwise_fault_transport,heldout,friction_burst,0.5275530839049121,0.5312777448635916,0.8472058964100248,0.09364860170067141
sliderEmu/train/section_00_source_train_normal_0387_noAttribute.wav,l2_layerwise_fault_transport,heldout,friction_burst,0.9085292583186001,0.9496429460623026,0.3160199523985744,0.0772180423060998
ToyCar/train/section_00_source_train_normal_0153_noAttribute.wav,l2_layerwise_fault_transport,heldout,friction_burst,0.9416908742085729,0.927154288945871,0.37496164710590973,0.07542210504793241
bearingEmu/train/section_00_source_train_normal_0128_noAttribute.wav,l2_layerwise_fault_transport,heldout,friction_burst,0.5007157809833508,0.6751342920640214,0.7580339733064809,0.08288938253320208
ToyCar/train/section_00_source_train_normal_0513_noAttribute.wav,l2_layerwise_fault_transport,heldout,friction_burst,0.9433111408179573,0.9721550568954926,0.2361070029609659,0.07348066425309636
sliderEmu/train/section_00_source_train_normal_0794_noAttribute.wav,l2_layerwise_fault_transport,heldout,friction_burst,0.8638063953455688,0.9456457336197177,0.3353383720601875,0.08259996731812252
ToyCarEmu/train/section_00_source_train_normal_0274_car_B1_spd_5_mic_2_mic_1.wav,l2_layerwise_fault_transport,heldout,friction_burst,0.9700899076459885,0.9730030962434131,0.23081044466950665,0.08082207161646522
ToyCar/train/section_00_source_train_normal_0465_noAttribute.wav,l2_layerwise_fault_transport,heldout,friction_burst,0.9864283729805786,0.9763726057683462,0.21632765232248102,0.06984788094071868
ToyCar/train/section_00_source_train_normal_0921_noAttribute.wav,l2_layerwise_fault_transport,heldout,friction_burst,0.9773196242388864,0.9823472374552298,0.1871341282576005,0.07390741677334352
ToyCar/train/section_00_source_train_normal_0487_noAttribute.wav,l2_layerwise_fault_transport,heldout,friction_burst,0.9210364761726816,0.9515881505385205,0.3088905899525495,0.07511564302910279
sliderEmu/train/section_00_source_train_normal_0080_noAttribute.wav,l2_layerwise_fault_transport,heldout,friction_burst,0.7637638544889294,0.8547188340061617,0.5269995475274412,0.0837936397465519
ToyCar/train/section_00_source_train_normal_0634_noAttribute.wav,l2_layerwise_fault_transport,heldout,friction_burst,0.9591789270220642,0.9461569895918076,0.3239699398107877,0.07568910281656696
sliderEmu/train/section_00_source_train_normal_0100_noAttribute.wav,l2_layerwise_fault_transport,heldout,friction_burst,0.33988492142471705,0.5681658713239357,0.8539904769665775,0.09579084544814884
sliderEmu/train/section_00_source_train_normal_0611_noAttribute.wav,l2_layerwise_fault_transport,heldout,friction_burst,0.8683726808144573,0.8926497823777152,0.45140419103208457,0.08068476844324013
bearingEmu/train/section_00_source_train_normal_0405_noAttribute.wav,l2_layerwise_fault_transport,heldout,friction_burst,0.34577337442156447,0.6470551535467702,0.8198111603908639,0.0762124070064682
bearingEmu/train/section_00_source_train_normal_0162_noAttribute.wav,l2_layerwise_fault_transport,heldout,friction_burst,0.8482060604893709,0.9334549567423577,0.3686857985405398,0.06800754011429912
ToyCarEmu/train/section_00_source_train_normal_0805_car_D1_spd_3_mic_2_mic_1.wav,l2_layerwise_fault_transport,heldout,friction_burst,0.9089131791039226,0.8831223839723118,0.46985106155097844,0.07673767991106788
fan/train/section_00_source_train_normal_0980_spd_2.wav,l2_layerwise_fault_transport,heldout,friction_burst,0.8003547016846415,0.8968082915655651,0.4528114212121529,0.07852482023114675
gearboxEmu/train/section_00_source_train_normal_0531_pro_A.wav,l2_layerwise_fault_transport,heldout,friction_burst,0.752714144817982,0.8720679117338467,0.5037289737559021,0.0772652345777901
valveEmu/train/section_00_source_train_normal_0705_noAttribute.wav,l2_layerwise_fault_transport,heldout,friction_burst,0.7158396097163411,0.652177823457937,0.7607344540766369,0.10306645067092708
gearboxEmu/train/section_00_source_train_normal_0620_pro_C.wav,l2_layerwise_fault_transport,heldout,friction_burst,0.8848015551893801,0.9169475827492004,0.4003005090907019,0.07373462380153473
bearingEmu/train/section_00_source_train_normal_0086_noAttribute.wav,l2_layerwise_fault_transport,heldout,friction_burst,0.12151293066842331,0.3255288279352393,0.9672918217997571,0.0982314039529427
ToyCar/train/section_00_source_train_normal_0872_noAttribute.wav,l2_layerwise_fault_transport,heldout,friction_burst,0.965058676058412,0.9764129209811675,0.21620991332219283,0.07013718202416769
valveEmu/train/section_00_source_train_normal_0091_noAttribute.wav,l2_layerwise_fault_transport,heldout,friction_burst,0.6448446368621396,0.7608016598151415,0.659262364764324,0.0814672054055105
ToyCarEmu/train/section_00_source_train_normal_0036_car_B2_spd_2_mic_2_mic_1.wav,l2_layerwise_fault_transport,heldout,friction_burst,0.9511866282336737,0.9766017279914133,0.21655251598603417,0.07592779142278182
gearboxEmu/train/section_00_source_train_normal_0805_pro_B.wav,l2_layerwise_fault_transport,heldout,friction_burst,0.9271933255555205,0.9511576047225831,0.3096344581185941,0.06236030402094821
ToyCar/train/section_00_source_train_normal_0261_noAttribute.wav,l2_layerwise_fault_transport,heldout,friction_burst,0.8922502893300172,0.9205490848232551,0.3916506150351805,0.07853760718076114
fan/train/section_00_source_train_normal_0981_spd_2.wav,l2_layerwise_fault_transport,heldout,friction_burst,0.898574187707438,0.9525966876382932,0.30899511517066397,0.08019539359150031
bearingEmu/train/section_00_source_train_normal_0628_noAttribute.wav,l2_layerwise_fault_transport,heldout,friction_burst,0.538038747851625,0.77976662161705,0.6711157729982852,0.07505623259589166
sliderEmu/train/section_00_source_train_normal_0835_noAttribute.wav,l2_layerwise_fault_transport,heldout,friction_burst,0.8699652700129595,0.9070820319435464,0.4225870813706674,0.09322559116605346
gearboxEmu/train/section_00_source_train_normal_0220_pro_A.wav,l2_layerwise_fault_transport,heldout,friction_burst,0.8483510544045757,0.9106440946936657,0.41786092862100943,0.08192859298830762
valveEmu/train/section_00_source_train_normal_0158_noAttribute.wav,l2_layerwise_fault_transport,heldout,friction_burst,0.8232458504373367,0.8929723924001219,0.4554800731813532,0.09238224392071219
valveEmu/train/section_00_source_train_normal_0254_noAttribute.wav,l2_layerwise_fault_transport,heldout,friction_burst,0.9078386575460169,0.9181503161828423,0.3963664052328215,0.08979160028789328
valveEmu/train/section_00_source_train_normal_0364_noAttribute.wav,l2_layerwise_fault_transport,heldout,friction_burst,0.7618748809734828,0.85745903870513,0.5233548778335239,0.08664117529118087
sliderEmu/train/section_00_source_train_normal_0534_noAttribute.wav,l2_layerwise_fault_transport,heldout,friction_burst,0.7131032852063792,0.7172557760585624,0.6968223553323377,0.08840818898558257
gearboxEmu/train/section_00_source_train_normal_0398_pro_D.wav,l2_layerwise_fault_transport,heldout,friction_burst,0.8868334398977594,0.9398552908506482,0.3456636355454738,0.07399428178356596
sliderEmu/train/section_00_source_train_normal_0211_noAttribute.wav,l2_layerwise_fault_transport,heldout,friction_burst,0.8887170113803998,0.934330403048902,0.35931501421173667,0.07546698422659046
valveEmu/train/section_00_source_train_normal_0820_noAttribute.wav,l2_layerwise_fault_transport,heldout,friction_burst,0.10222847127897505,0.2664757579339438,0.9777360797306448,0.09873664440629998
ToyCarEmu/train/section_00_source_train_normal_0329_car_B2_spd_5_mic_2_mic_1.wav,l2_layerwise_fault_transport,heldout,friction_burst,0.9203111977223787,0.923061098026321,0.3846631919772472,0.07637239310540277
ToyCar/train/section_00_source_train_normal_0753_noAttribute.wav,l2_layerwise_fault_transport,heldout,friction_burst,0.9173401161718628,0.9599774945014604,0.28330399940967976,0.06966356884879722
ToyCarEmu/train/section_00_source_train_normal_0880_car_D1_spd_5_mic_2_mic_1.wav,l2_layerwise_fault_transport,heldout,friction_burst,0.9406896106077957,0.9572254715594147,0.28981516746931585,0.07828888536151517
gearboxEmu/train/section_00_source_train_normal_0339_pro_A.wav,l2_layerwise_fault_transport,heldout,friction_burst,0.8157691311028867,0.8915595173460643,0.4592012736007409,0.06401488975173547
ToyCar/train/section_00_source_train_normal_0796_noAttribute.wav,l2_layerwise_fault_transport,heldout,friction_burst,0.9817304824408908,0.9613985063745389,0.2759099512369361,0.07859476071886275
bearingEmu/train/section_00_source_train_normal_0439_noAttribute.wav,l2_layerwise_fault_transport,heldout,friction_burst,0.8494110119591208,0.9377433723285247,0.3583852306420513,0.06782619448520431
sliderEmu/train/section_00_source_train_normal_0085_noAttribute.wav,l2_layerwise_fault_transport,heldout,friction_burst,0.8645680647274744,0.9065640649827084,0.4241524019965766,0.07887166507200195
sliderEmu/train/section_00_source_train_normal_0455_noAttribute.wav,l2_layerwise_fault_transport,heldout,friction_burst,0.05966880099053994,0.21714857469474222,0.988760019233165,0.09432222576461687
gearboxEmu/train/section_00_source_train_normal_0319_pro_A.wav,l2_layerwise_fault_transport,heldout,friction_burst,0.8823489636452607,0.9013037833231937,0.43360209334863775,0.06155560405717118
ToyCarEmu/train/section_00_source_train_normal_0700_car_D2_spd_2_mic_2_mic_1.wav,l2_layerwise_fault_transport,heldout,friction_burst,0.959147637159824,0.9761939592813228,0.217568221393946,0.07265554054804432
sliderEmu/train/section_00_source_train_normal_0494_noAttribute.wav,l2_layerwise_fault_transport,heldout,friction_burst,0.5963188394392752,0.7290845333998428,0.6971818074576852,0.07984516908780075
sliderEmu/train/section_00_source_train_normal_0265_noAttribute.wav,l2_layerwise_fault_transport,heldout,friction_burst,0.777693235616638,0.751027761176386,0.6608088600113569,0.08913119222051327
gearboxEmu/train/section_00_source_train_normal_0147_pro_D.wav,l2_layerwise_fault_transport,heldout,friction_burst,0.6832140045634403,0.8300519166299799,0.5766933224157859,0.07759813262977616
ToyCar/train/section_00_source_train_normal_0850_noAttribute.wav,l2_layerwise_fault_transport,heldout,friction_burst,0.8835773873152427,0.9091717319455339,0.4172071815156261,0.08755204513770891
valveEmu/train/section_00_source_train_normal_0021_noAttribute.wav,l2_layerwise_fault_transport,heldout,friction_burst,0.8275152772099885,0.8987784375071866,0.4441573575746378,0.09334867821201046
ToyCar/train/section_00_source_train_normal_0613_noAttribute.wav,l2_layerwise_fault_transport,heldout,friction_burst,0.559017357993587,0.6957722255655953,0.7311654422469214,0.08661752174408217
valveEmu/train/section_00_source_train_normal_0954_noAttribute.wav,l2_layerwise_fault_transport,heldout,friction_burst,0.8481690591691647,0.8236798194118217,0.5675837188975753,0.08697773325571591
gearboxEmu/train/section_00_source_train_normal_0665_pro_B.wav,l2_layerwise_fault_transport,heldout,friction_burst,0.8695498140750769,0.9482919874201672,0.327020850188207,0.07852065665443603
ToyCarEmu/train/section_00_source_train_normal_0316_car_B2_spd_5_mic_2_mic_1.wav,l2_layerwise_fault_transport,heldout,friction_burst,0.8672948093091615,0.9026797811598762,0.43176534010737105,0.08896050522582453
bearingEmu/train/section_00_source_train_normal_0134_noAttribute.wav,l2_layerwise_fault_transport,heldout,friction_burst,0.34955900706112164,0.6009981888139628,0.8378680320688184,0.08916354630018651
bearingEmu/train/section_00_source_train_normal_0878_noAttribute.wav,l2_layerwise_fault_transport,heldout,friction_burst,0.8365871745867398,0.9214310531947613,0.3976974955234768,0.06532846851816777
ToyCarEmu/train/section_00_source_train_normal_0264_car_B1_spd_5_mic_2_mic_1.wav,l2_layerwise_fault_transport,heldout,friction_burst,0.9437999588822187,0.9835442976424599,0.18498709965424429,0.0743230597669248
ToyCarEmu/train/section_00_source_train_normal_0757_car_D2_spd_2_mic_2_mic_1.wav,l2_layerwise_fault_transport,heldout,friction_burst,0.9112745845656317,0.9187214872018781,0.3949763098116681,0.07617406360467477
bearingEmu/train/section_00_source_train_normal_0626_noAttribute.wav,l2_layerwise_fault_transport,heldout,friction_burst,0.41880705598398366,0.6033526371308028,0.8185491230146931,0.09096247187031704
gearboxEmu/train/section_00_source_train_normal_0815_pro_C.wav,l2_layerwise_fault_transport,heldout,friction_burst,0.8425452240913951,0.8780068351217301,0.47995991846860503,0.09956471673918027
ToyCarEmu/train/section_00_source_train_normal_0142_car_B2_spd_3_mic_2_mic_1.wav,l2_layerwise_fault_transport,heldout,friction_burst,0.97130113619628,0.9742031999033842,0.2256912653865164,0.07721284256318588
ToyCarEmu/train/section_00_source_train_normal_0041_car_B2_spd_2_mic_2_mic_1.wav,l2_layerwise_fault_transport,heldout,friction_burst,0.8966184221653314,0.9252457084197112,0.38044697471421324,0.07814661737648407
gearboxEmu/train/section_00_source_train_normal_0344_pro_C.wav,l2_layerwise_fault_transport,heldout,friction_burst,0.7452822982474985,0.8035299453100863,0.5981073610801808,0.09609305598687529
ToyCarEmu/train/section_00_source_train_normal_0712_car_D1_spd_2_mic_2_mic_1.wav,l2_layerwise_fault_transport,heldout,friction_burst,0.9504702389411737,0.960963649037591,0.27687357563301207,0.0737002356236674
ToyCar/train/section_00_source_train_normal_0673_noAttribute.wav,l2_layerwise_fault_transport,heldout,friction_burst,0.8626748354571465,0.9245477625172364,0.38605659420265726,0.07744995803307192
fan/train/section_00_source_train_normal_0329_spd_2.wav,l2_layerwise_fault_transport,heldout,friction_burst,0.7092208164437821,0.7649685514263549,0.6464757731611844,0.09706899241874457
bearingEmu/train/section_00_source_train_normal_0656_noAttribute.wav,l2_layerwise_fault_transport,heldout,friction_burst,0.5988544160887719,0.7987079274592436,0.6340402768128117,0.0658202915896874
valveEmu/train/section_00_source_train_normal_0068_noAttribute.wav,l2_layerwise_fault_transport,heldout,friction_burst,0.7875165947999598,0.9182653883268186,0.41699391315668627,0.09252340691592578
gearboxEmu/train/section_00_source_train_normal_0142_pro_F.wav,l2_layerwise_fault_transport,heldout,friction_burst,0.8120364292300916,0.8500562698614226,0.528062350817511,0.08057167003054669
valveEmu/train/section_00_source_train_normal_0840_noAttribute.wav,l2_layerwise_fault_transport,heldout,friction_burst,0.7583400107018464,0.6783787166495887,0.7390508273071404,0.10190763763402962
ToyCarEmu/train/section_00_source_train_normal_0063_car_B1_spd_2_mic_2_mic_1.wav,l2_layerwise_fault_transport,heldout,friction_burst,0.9351925820961304,0.9746032670213586,0.22738002110469108,0.07802236834006242
valveEmu/train/section_00_source_train_normal_0379_noAttribute.wav,l2_layerwise_fault_transport,heldout,friction_burst,0.7831461225596684,0.863725844896147,0.510363357335008,0.09550921066481499
bearingEmu/train/section_00_source_train_normal_0686_noAttribute.wav,l2_layerwise_fault_transport,heldout,friction_burst,0.5997904055281084,0.7609482715258712,0.6685279244988513,0.06829331245381424
fan/train/section_00_source_train_normal_0924_spd_2.wav,l2_layerwise_fault_transport,heldout,friction_burst,0.8311559383983493,0.9099787330200669,0.42208025114090686,0.08001265013844197
fan/train/section_00_source_train_normal_0705_spd_1.wav,l2_layerwise_fault_transport,heldout,friction_burst,0.7750288189898826,0.8742450904191319,0.49551931384595505,0.08094058721174337
fan/train/section_00_source_train_normal_0269_spd_3.wav,l2_layerwise_fault_transport,heldout,friction_burst,0.8989523682448629,0.9601169837594612,0.2862105652970956,0.08083142326978891
sliderEmu/train/section_00_source_train_normal_0502_noAttribute.wav,l2_layerwise_fault_transport,heldout,friction_burst,0.5366145090368716,0.7501719144040948,0.6948732720622343,0.09216650212580674
sliderEmu/train/section_00_source_train_normal_0205_noAttribute.wav,l2_layerwise_fault_transport,heldout,friction_burst,0.12767921906016613,0.2080098007734406,0.9814198516132566,0.11311382014865715
ToyCar/train/section_00_source_train_normal_0695_noAttribute.wav,l2_layerwise_fault_transport,heldout,friction_burst,0.8629936019490657,0.8966430889814471,0.4440309211748113,0.07179795909081195
ToyCarEmu/train/section_00_source_train_normal_0210_car_B2_spd_3_mic_2_mic_1.wav,l2_layerwise_fault_transport,heldout,friction_burst,0.922504391169525,0.9598357203933371,0.2830353652790063,0.07867168964688644
bearingEmu/train/section_00_source_train_normal_0027_noAttribute.wav,l2_layerwise_fault_transport,heldout,friction_burst,0.6989374055097956,0.855158855431776,0.5413949329208212,0.0685905913729307
valveEmu/train/section_00_source_train_normal_0919_noAttribute.wav,l2_layerwise_fault_transport,heldout,friction_burst,0.8688941340508323,0.9261466181935559,0.3814843228091457,0.07347599838041911
bearingEmu/train/section_00_source_train_normal_0376_noAttribute.wav,l2_layerwise_fault_transport,heldout,friction_burst,0.10125915731190023,0.20462158382528936,0.9842833934632675,0.11914472738095706
gearboxEmu/train/section_00_source_train_normal_0076_pro_E.wav,l2_layerwise_fault_transport,heldout,friction_burst,0.7045209834218152,0.7078125656108585,0.7064079603718244,0.08405258418724645
valveEmu/train/section_00_source_train_normal_0935_noAttribute.wav,l2_layerwise_fault_transport,heldout,friction_burst,0.9015055867648317,0.8485254332487694,0.5318002310986464,0.08202607946299033
bearingEmu/train/section_00_source_train_normal_0755_noAttribute.wav,l2_layerwise_fault_transport,heldout,friction_burst,0.20366283483273417,0.4107807188080644,0.9349636457734324,0.09119600265001437
ToyCar/train/section_00_source_train_normal_0350_noAttribute.wav,l2_layerwise_fault_transport,heldout,friction_burst,0.9594669954450263,0.9472553256028258,0.32071244596588305,0.07092104836101212
fan/train/section_00_source_train_normal_0575_spd_3.wav,l2_layerwise_fault_transport,heldout,friction_burst,0.6431365134155907,0.8575185100929026,0.5573344106973832,0.07889681110444616
gearboxEmu/train/section_00_source_train_normal_0709_pro_C.wav,l2_layerwise_fault_transport,heldout,friction_burst,0.7788917814552967,0.8830127491886047,0.48075946240516454,0.07746303412887791
valveEmu/train/section_00_source_train_normal_0904_noAttribute.wav,l2_layerwise_fault_transport,heldout,friction_burst,0.5123749907997406,0.6344184337257737,0.7825649192943522,0.11360831830253629
ToyCar/train/section_00_source_train_normal_0278_noAttribute.wav,l2_layerwise_fault_transport,heldout,friction_burst,0.898691604397236,0.9139490963399577,0.40611555050226406,0.07358242606190517
ToyCarEmu/train/section_00_source_train_normal_0065_car_B1_spd_2_mic_2_mic_1.wav,l2_layerwise_fault_transport,heldout,friction_burst,0.94549441209779,0.9559467648142655,0.2937261216140797,0.0735935208009738
bearingEmu/train/section_00_source_train_normal_0312_noAttribute.wav,l2_layerwise_fault_transport,heldout,friction_burst,0.6178850158704869,0.7988395668101428,0.6281718682051561,0.07027262105339356
ToyCarEmu/train/section_00_source_train_normal_0410_car_C1_spd_2_mic_2_mic_1.wav,l2_layerwise_fault_transport,heldout,friction_burst,0.9245303163159875,0.9021484414108372,0.4320059467001201,0.08932519720253827
ToyCarEmu/train/section_00_source_train_normal_0605_car_C1_spd_5_mic_2_mic_1.wav,l2_layerwise_fault_transport,heldout,friction_burst,0.9390450569773597,0.9667541601048005,0.25720456511537443,0.08023752683750496
ToyCarEmu/train/section_00_source_train_normal_0321_car_B2_spd_5_mic_2_mic_1.wav,l2_layerwise_fault_transport,heldout,friction_burst,0.9593460706901651,0.9750703622899419,0.2224523363106719,0.07705345766681089
gearboxEmu/train/section_00_source_train_normal_0099_pro_C.wav,l2_layerwise_fault_transport,heldout,friction_burst,0.9017698330938295,0.9235988566099781,0.3839813255047825,0.0725224371442803
bearingEmu/train/section_00_source_train_normal_0437_noAttribute.wav,l2_layerwise_fault_transport,heldout,friction_burst,0.3628000153983598,0.4959634195709039,0.8784946093507667,0.11405351630434349
ToyCarEmu/train/section_00_source_train_normal_0928_car_D1_spd_5_mic_2_mic_1.wav,l2_layerwise_fault_transport,heldout,friction_burst,0.9608928333022051,0.9622236290704864,0.272263583087786,0.07933543197669887
bearingEmu/train/section_00_source_train_normal_0587_noAttribute.wav,l2_layerwise_fault_transport,heldout,friction_burst,0.8399137472455913,0.9259698207296084,0.3872796649470036,0.06324480673490349
gearboxEmu/train/section_00_source_train_normal_0036_pro_C.wav,l2_layerwise_fault_transport,heldout,friction_burst,0.8903154866303733,0.9504583620817884,0.3166165937160724,0.0747089133991951
ToyCar/train/section_00_source_train_normal_0754_noAttribute.wav,l2_layerwise_fault_transport,heldout,friction_burst,0.803968895767284,0.8546286377414698,0.5217051859135106,0.08354091651394951
gearboxEmu/train/section_00_source_train_normal_0907_pro_B.wav,l2_layerwise_fault_transport,heldout,friction_burst,0.8516138980201542,0.7791081590892149,0.631068584718441,0.09019769057918862
ToyCarEmu/train/section_00_source_train_normal_0015_car_B1_spd_2_mic_2_mic_1.wav,l2_layerwise_fault_transport,heldout,friction_burst,0.7942997218631741,0.8354300919362032,0.5511336215744882,0.08794964681183802
valveEmu/train/section_00_source_train_normal_0865_noAttribute.wav,l2_layerwise_fault_transport,heldout,friction_burst,0.7567292638456414,0.7888789015593409,0.6153890459535737,0.09822314670300998
bearingEmu/train/section_00_source_train_normal_0860_noAttribute.wav,l2_layerwise_fault_transport,heldout,friction_burst,0.1313350023713421,0.39299456634539714,0.9560444541139735,0.10285449419020222
bearingEmu/train/section_00_source_train_normal_0157_noAttribute.wav,l2_layerwise_fault_transport,heldout,friction_burst,0.4415813841779668,0.6282999576431658,0.8000643654747254,0.0902402869707384
ToyCarEmu/train/section_00_source_train_normal_0411_car_C1_spd_2_mic_2_mic_1.wav,l2_layerwise_fault_transport,heldout,friction_burst,0.9713790995037482,0.9831668076549318,0.1830900827163168,0.07680708282211958
bearingEmu/train/section_00_source_train_normal_0751_noAttribute.wav,l2_layerwise_fault_transport,heldout,friction_burst,0.8451118048153418,0.8960918991804645,0.446786613770629,0.07077882506376164
valveEmu/train/section_00_source_train_normal_0368_noAttribute.wav,l2_layerwise_fault_transport,heldout,friction_burst,0.7262923577961081,0.7475744410526234,0.6645189103047368,0.11457706012974025
bearingEmu/train/section_00_source_train_normal_0693_noAttribute.wav,l2_layerwise_fault_transport,heldout,friction_burst,0.21936342064753833,0.35407470901061494,0.9448694257152618,0.10072677150828524
ToyCar/train/section_00_source_train_normal_0942_noAttribute.wav,l2_layerwise_fault_transport,heldout,friction_burst,0.6933821437470906,0.8000166168317231,0.6093802783510155,0.08567644176243219
bearingEmu/train/section_00_source_train_normal_0314_noAttribute.wav,l2_layerwise_fault_transport,heldout,friction_burst,0.6241733956421034,0.813801250945173,0.6112988201092109,0.07123463562177722
bearingEmu/train/section_00_source_train_normal_0446_noAttribute.wav,l2_layerwise_fault_transport,heldout,friction_burst,0.2401407448332583,0.46294828316397685,0.9139595648892357,0.09058196785070581
sliderEmu/train/section_00_source_train_normal_0360_noAttribute.wav,l2_layerwise_fault_transport,heldout,friction_burst,0.741429962922052,0.8254787421752522,0.570656677443379,0.08013780139846932
ToyCar/train/section_00_source_train_normal_0775_noAttribute.wav,l2_layerwise_fault_transport,heldout,friction_burst,0.9560551321682108,0.9716668250718884,0.2368698081437042,0.07205028288361814
fan/train/section_00_source_train_normal_0209_spd_3.wav,l2_layerwise_fault_transport,heldout,friction_burst,0.6015725333317821,0.6798658244487981,0.7375041018058744,0.15168725080662745
gearboxEmu/train/section_00_source_train_normal_0828_pro_F.wav,l2_layerwise_fault_transport,heldout,friction_burst,0.7296410074277626,0.8593944538810757,0.5275197906287125,0.07407122307992303
bearingEmu/train/section_00_source_train_normal_0532_noAttribute.wav,l2_layerwise_fault_transport,heldout,friction_burst,0.38502122789073995,0.5959064020315042,0.8302819501170959,0.08560008712075506
bearingEmu/train/section_00_source_train_normal_0851_noAttribute.wav,l2_layerwise_fault_transport,heldout,friction_burst,0.5285773834758082,0.6726186900244099,0.7538779714397249,0.07363783319348913
fan/train/section_00_source_train_normal_0513_spd_1.wav,l2_layerwise_fault_transport,heldout,friction_burst,0.8626829463916703,0.9447501819711935,0.3379084562733847,0.08523028443597405
sliderEmu/train/section_00_source_train_normal_0451_noAttribute.wav,l2_layerwise_fault_transport,heldout,friction_burst,0.9031707059219866,0.9330826712148564,0.360903663525642,0.07670076796375754
sliderEmu/train/section_00_source_train_normal_0753_noAttribute.wav,l2_layerwise_fault_transport,heldout,friction_burst,0.8250762367386266,0.8626200715016314,0.507243680858847,0.07646502577114149
sliderEmu/train/section_00_source_train_normal_0509_noAttribute.wav,l2_layerwise_fault_transport,heldout,friction_burst,0.46848840469161535,0.5955754522853735,0.8132902300539279,0.0936417865791575
ToyCarEmu/train/section_00_source_train_normal_0282_car_B1_spd_5_mic_2_mic_1.wav,l2_layerwise_fault_transport,heldout,friction_burst,0.7152109360754981,0.7925770596108125,0.6146601676126086,0.08399405047306852
ToyCarEmu/train/section_00_source_train_normal_0689_car_D2_spd_2_mic_2_mic_1.wav,l2_layerwise_fault_transport,heldout,friction_burst,0.5901153910912068,0.7556695125177221,0.6755529253674604,0.09638916506126163
ToyCarEmu/train/section_00_source_train_normal_0174_car_B1_spd_3_mic_2_mic_1.wav,l2_layerwise_fault_transport,heldout,friction_burst,0.9353490107132727,0.9634920486303143,0.26921200346448215,0.07988511107237783
sliderEmu/train/section_00_source_train_normal_0467_noAttribute.wav,l2_layerwise_fault_transport,heldout,friction_burst,0.8487615190521514,0.8412408420506747,0.5407128685803883,0.0876708046333741
bearingEmu/train/section_00_source_train_normal_0031_noAttribute.wav,l2_layerwise_fault_transport,heldout,friction_burst,0.4963680910426953,0.7756721849918994,0.690176382040619,0.07014029206246569
ToyCarEmu/train/section_00_source_train_normal_0536_car_C1_spd_3_mic_2_mic_1.wav,l2_layerwise_fault_transport,heldout,friction_burst,0.9677305631116148,0.9788285554869279,0.2049824977848995,0.07784306882928972
fan/train/section_00_source_train_normal_0098_spd_2.wav,l2_layerwise_fault_transport,heldout,friction_burst,0.8586501353487989,0.9238160999215236,0.3883431684277187,0.08469390168407578
fan/train/section_00_source_train_normal_0723_spd_1.wav,l2_layerwise_fault_transport,heldout,friction_burst,0.33621790981722244,0.45381274292945467,0.8988228630434022,0.14105678619821946
gearboxEmu/train/section_00_source_train_normal_0276_pro_C.wav,l2_layerwise_fault_transport,heldout,friction_burst,0.1798107847674764,0.31721011943054606,0.9582569161225568,0.094849869513118
fan/train/section_00_source_train_normal_0229_spd_2.wav,l2_layerwise_fault_transport,heldout,friction_burst,0.5503251067524084,0.5756914501366267,0.8180603924016085,0.17959813948918185
ToyCar/train/section_00_source_train_normal_0105_noAttribute.wav,l2_layerwise_fault_transport,heldout,friction_burst,0.9372174648477231,0.9683438170751413,0.2515533775073009,0.07025018872267871
valveEmu/train/section_00_source_train_normal_0506_noAttribute.wav,l2_layerwise_fault_transport,heldout,friction_burst,0.8970930339026342,0.9307966094325694,0.3670880042610149,0.0920099392454738
bearingEmu/train/section_00_source_train_normal_0696_noAttribute.wav,l2_layerwise_fault_transport,heldout,friction_burst,0.7626046030015504,0.8944807464183746,0.4661496664048173,0.07139041416852496
valveEmu/train/section_00_source_train_normal_0699_noAttribute.wav,l2_layerwise_fault_transport,heldout,friction_burst,0.8338785990108771,0.746316433636566,0.6713262349178944,0.0950960596336358
valveEmu/train/section_00_source_train_normal_0566_noAttribute.wav,l2_layerwise_fault_transport,heldout,friction_burst,0.8566154088275704,0.6860168432158505,0.7473183802188565,0.09327896731882138
sliderEmu/train/section_00_source_train_normal_0912_noAttribute.wav,l2_layerwise_fault_transport,heldout,friction_burst,0.6086335061689521,0.6912203673263277,0.7273479177320057,0.13464309642605532
ToyCar/train/section_00_source_train_normal_0317_noAttribute.wav,l2_layerwise_fault_transport,heldout,friction_burst,0.8967049287862477,0.8838101164439198,0.46802345481474467,0.08413894241808291
ToyCar/train/section_00_source_train_normal_0053_noAttribute.wav,l2_layerwise_fault_transport,heldout,friction_burst,0.9811101382638053,0.9755574507357478,0.2198146779738636,0.07538897681992598
gearboxEmu/train/section_00_source_train_normal_0937_pro_E.wav,l2_layerwise_fault_transport,heldout,friction_burst,0.8826443756364852,0.9286367560521877,0.3738302748108724,0.07841380830555869
bearingEmu/train/section_00_source_train_normal_0030_noAttribute.wav,l2_layerwise_fault_transport,heldout,friction_burst,0.07695366862201351,0.2617657661069125,0.9826668789937052,0.09987365539921428
fan/train/section_00_source_train_normal_0614_spd_3.wav,l2_layerwise_fault_transport,heldout,friction_burst,0.7092178942997893,0.7731776244674697,0.6374066269705414,0.1205321601045617
gearboxEmu/train/section_00_source_train_normal_0720_pro_D.wav,l2_layerwise_fault_transport,heldout,friction_burst,0.7041342154900784,0.8443283314647985,0.5538628520128454,0.08753474158577491
sliderEmu/train/section_00_source_train_normal_0260_noAttribute.wav,l2_layerwise_fault_transport,heldout,friction_burst,0.8262446966717893,0.8430051645642893,0.5381665223719427,0.087921572436672
valveEmu/train/section_00_source_train_normal_0599_noAttribute.wav,l2_layerwise_fault_transport,heldout,friction_burst,0.9070944425950203,0.9667902638361373,0.2624503321112464,0.0729345019171918
sliderEmu/train/section_00_source_train_normal_0199_noAttribute.wav,l2_layerwise_fault_transport,heldout,friction_burst,0.9057465342312213,0.9123225250007337,0.409525156774143,0.08138560565938388
ToyCarEmu/train/section_00_source_train_normal_0404_car_C1_spd_2_mic_2_mic_1.wav,l2_layerwise_fault_transport,heldout,friction_burst,0.8864480523045513,0.893529901852389,0.44905953624066186,0.08851591515492935
valveEmu/train/section_00_source_train_normal_0390_noAttribute.wav,l2_layerwise_fault_transport,heldout,friction_burst,0.7378645631746391,0.7788850047842366,0.6285068225183448,0.1034829078608504
valveEmu/train/section_00_source_train_normal_0526_noAttribute.wav,l2_layerwise_fault_transport,heldout,friction_burst,0.8291927567993502,0.9055482002814486,0.4310598690627295,0.075880501236899
ToyCar/train/section_00_source_train_normal_0763_noAttribute.wav,l2_layerwise_fault_transport,heldout,friction_burst,0.8700212713857962,0.863070475201305,0.5051313377760206,0.08760874876295249
sliderEmu/train/section_00_source_train_normal_0179_noAttribute.wav,l2_layerwise_fault_transport,heldout,friction_burst,0.7868226018743184,0.893530855589253,0.4615075963847484,0.08119150859177565
gearboxEmu/train/section_00_source_train_normal_0522_pro_F.wav,l2_layerwise_fault_transport,heldout,friction_burst,0.8089957894647125,0.8679794840059809,0.5000906833429801,0.08995754250026147
valveEmu/train/section_00_source_train_normal_0849_noAttribute.wav,l2_layerwise_fault_transport,heldout,friction_burst,0.8753056252585933,0.9141871328710107,0.40715311337050586,0.0900973913197501
ToyCar/train/section_00_source_train_normal_0851_noAttribute.wav,l2_layerwise_fault_transport,heldout,friction_burst,0.6827671638133815,0.802910303921311,0.6080866862314792,0.08000529387908466
valveEmu/train/section_00_source_train_normal_0005_noAttribute.wav,l2_layerwise_fault_transport,heldout,friction_burst,0.7489331784148814,0.7696895775971148,0.6387556514390986,0.0986979605117163
sliderEmu/train/section_00_source_train_normal_0706_noAttribute.wav,l2_layerwise_fault_transport,heldout,friction_burst,0.8796819039574866,0.9499005983036288,0.32034281383868257,0.07890182528945935
valveEmu/train/section_00_source_train_normal_0504_noAttribute.wav,l2_layerwise_fault_transport,heldout,friction_burst,0.8108176426325021,0.9034243418919298,0.4386347674601951,0.08166578570932766
ToyCarEmu/train/section_00_source_train_normal_0798_car_D1_spd_3_mic_2_mic_1.wav,l2_layerwise_fault_transport,heldout,friction_burst,0.913493243582806,0.8802004292156563,0.47576844777376687,0.08316381253156478
sliderEmu/train/section_00_source_train_normal_0623_noAttribute.wav,l2_layerwise_fault_transport,heldout,friction_burst,0.6995450214253823,0.8055545785937244,0.6019301015215265,0.08616544543009817
ToyCarEmu/train/section_00_source_train_normal_0131_car_B2_spd_3_mic_2_mic_1.wav,l2_layerwise_fault_transport,heldout,friction_burst,0.9251030339778961,0.9290035428779464,0.3700913823502282,0.0747921696263833
sliderEmu/train/section_00_source_train_normal_0778_noAttribute.wav,l2_layerwise_fault_transport,heldout,friction_burst,0.8226668722154064,0.8068142806637959,0.5910177841451676,0.09440386073471058
bearingEmu/train/section_00_source_train_normal_0013_noAttribute.wav,l2_layerwise_fault_transport,heldout,friction_burst,0.4350923583128887,0.5879330850559892,0.8232223121659826,0.08445515684948911
ToyCar/train/section_00_source_train_normal_0539_noAttribute.wav,l2_layerwise_fault_transport,heldout,friction_burst,0.9666760358750656,0.9704450959317408,0.24135144829842084,0.0698565568987872
ToyCarEmu/train/section_00_source_train_normal_0793_car_D1_spd_3_mic_2_mic_1.wav,l2_layerwise_fault_transport,heldout,friction_burst,0.9452148170187886,0.9418577281323839,0.33602870413566704,0.07424774377100749
ToyCar/train/section_00_source_train_normal_0411_noAttribute.wav,l2_layerwise_fault_transport,heldout,friction_burst,0.9705537486532284,0.9756422581035146,0.2194267010441089,0.07063314117911831
ToyCar/train/section_00_source_train_normal_0436_noAttribute.wav,l2_layerwise_fault_transport,heldout,friction_burst,0.891683858082879,0.9612010785931914,0.28447342663026515,0.07234802725763272
ToyCar/train/section_00_source_train_normal_0612_noAttribute.wav,l2_layerwise_fault_transport,heldout,friction_burst,0.9801388536694885,0.9705703628192422,0.24100773189687463,0.08354950098257055
sliderEmu/train/section_00_source_train_normal_0918_noAttribute.wav,l2_layerwise_fault_transport,heldout,friction_burst,0.6468656160150792,0.7829818657146483,0.6367629318626234,0.07522451749842567
ToyCar/train/section_00_source_train_normal_0283_noAttribute.wav,l2_layerwise_fault_transport,heldout,friction_burst,0.9705600345059258,0.9590756146689869,0.28338288100429815,0.07228906003662623
sliderEmu/train/section_00_source_train_normal_0782_noAttribute.wav,l2_layerwise_fault_transport,heldout,friction_burst,0.8501394217136785,0.8653657817231881,0.5013720234135075,0.08848694165015009
valveEmu/train/section_00_source_train_normal_0468_noAttribute.wav,l2_layerwise_fault_transport,heldout,friction_burst,0.7295214104395767,0.7292125227499129,0.6842873607456977,0.09592538999196486
sliderEmu/train/section_00_source_train_normal_0074_noAttribute.wav,l2_layerwise_fault_transport,heldout,friction_burst,0.913625522183294,0.9596626840596592,0.28489814512741435,0.07718096964816584
sliderEmu/train/section_00_source_train_normal_0344_noAttribute.wav,l2_layerwise_fault_transport,heldout,friction_burst,0.806543661247385,0.8815190953648826,0.478064221865835,0.0811792374042593
ToyCar/train/section_00_source_train_normal_0977_noAttribute.wav,l2_layerwise_fault_transport,heldout,friction_burst,0.8984848406861171,0.898514237197648,0.4389443773615101,0.0816637210539595
sliderEmu/train/section_00_source_train_normal_0092_noAttribute.wav,l2_layerwise_fault_transport,heldout,friction_burst,0.7041501566135121,0.7652405955588346,0.6466365846743379,0.08455771447607732
