file_id,fault_set,fault_family,retention
ToyCar/train/section_00_source_train_normal_0000_noAttribute.wav,in_support,amplitude_modulation,0.7970873117446899
ToyCar/train/section_00_source_train_normal_0001_noAttribute.wav,in_support,frequency_modulation,0.9513829350471497
ToyCar/train/section_00_source_train_normal_0002_noAttribute.wav,in_support,amplitude_modulation,0.6570218205451965
ToyCar/train/section_00_source_train_normal_0003_noAttribute.wav,in_support,periodic_resonance,0.15430480241775513
ToyCar/train/section_00_source_train_normal_0004_noAttribute.wav,in_support,periodic_resonance,0.5907328128814697
ToyCar/train/section_00_source_train_normal_0005_noAttribute.wav,in_support,periodic_resonance,0.5459226369857788
ToyCar/train/section_00_source_train_normal_0006_noAttribute.wav,in_support,amplitude_modulation,0.80495285987854
ToyCar/train/section_00_source_train_normal_0007_noAttribute.wav,in_support,frequency_modulation,0.9080047011375427
ToyCar/train/section_00_source_train_normal_0008_noAttribute.wav,in_support,frequency_modulation,0.8169218897819519
ToyCar/train/section_00_source_train_normal_0009_noAttribute.wav,in_support,periodic_resonance,0.23810416460037231
ToyCar/train/section_00_source_train_normal_0010_noAttribute.wav,in_support,amplitude_modulation,0.8998256921768188
ToyCar/train/section_00_source_train_normal_0011_noAttribute.wav,in_support,frequency_modulation,0.9810019135475159
ToyCar/train/section_00_source_train_normal_0012_noAttribute.wav,in_support,amplitude_modulation,0.9589411020278931
ToyCar/train/section_00_source_train_normal_0013_noAttribute.wav,in_support,amplitude_modulation,0.606123685836792
ToyCar/train/section_00_source_train_normal_0014_noAttribute.wav,in_support,periodic_resonance,0.2209039330482483
ToyCar/train/section_00_source_train_normal_0015_noAttribute.wav,in_support,periodic_resonance,0.8476000428199768
ToyCar/train/section_00_source_train_normal_0016_noAttribute.wav,in_support,periodic_resonance,0.8444239497184753
ToyCar/train/section_00_source_train_normal_0017_noAttribute.wav,in_support,frequency_modulation,0.9277122616767883
ToyCar/train/section_00_source_train_normal_0018_noAttribute.wav,in_support,frequency_modulation,0.9397826194763184
ToyCar/train/section_00_source_train_normal_0019_noAttribute.wav,in_support,frequency_modulation,0.8352740406990051
ToyCar/train/section_00_source_train_normal_0020_noAttribute.wav,in_support,amplitude_modulation,0.9125896096229553
ToyCar/train/section_00_source_train_normal_0021_noAttribute.wav,in_support,frequency_modulation,0.9988805651664734
ToyCar/train/section_00_source_train_normal_0022_noAttribute.wav,in_support,amplitude_modulation,0.8063189387321472
ToyCar/train/section_00_source_train_normal_0023_noAttribute.wav,in_support,frequency_modulation,0.9445000290870667
ToyCar/train/section_00_source_train_normal_0024_noAttribute.wav,in_support,periodic_resonance,0.611608624458313
ToyCar/train/section_00_source_train_normal_0025_noAttribute.wav,in_support,amplitude_modulation,0.9489344358444214
ToyCar/train/section_00_source_train_normal_0026_noAttribute.wav,in_support,amplitude_modulation,0.9242581725120544
ToyCar/train/section_00_source_train_normal_0027_noAttribute.wav,in_support,amplitude_modulation,0.924039363861084
ToyCar/train/section_00_source_train_normal_0028_noAttribute.wav,in_support,periodic_resonance,0.6058592200279236
ToyCar/train/section_00_source_train_normal_0029_noAttribute.wav,in_support,frequency_modulation,0.8003445863723755
ToyCar/train/section_00_source_train_normal_0030_noAttribute.wav,in_support,amplitude_modulation,0.9158990979194641
ToyCar/train/section_00_source_train_normal_0031_noAttribute.wav,in_support,frequency_modulation,0.9461613893508911
ToyCar/train/section_00_source_train_normal_0032_noAttribute.wav,in_support,periodic_resonance,0.7174879908561707
ToyCar/train/section_00_source_train_normal_0033_noAttribute.wav,in_support,amplitude_modulation,0.7444754838943481
ToyCar/train/section_00_source_train_normal_0034_noAttribute.wav,in_support,amplitude_modulation,0.6550001502037048
ToyCar/train/section_00_source_train_normal_0035_noAttribute.wav,in_support,frequency_modulation,0.9651351571083069
ToyCar/train/section_00_source_train_normal_0036_noAttribute.wav,in_support,frequency_modulation,0.757175624370575
ToyCar/train/section_00_source_train_normal_0037_noAttribute.wav,in_support,periodic_resonance,0.47870275378227234
ToyCar/train/section_00_source_train_normal_0038_noAttribute.wav,in_support,periodic_resonance,0.9402287602424622
ToyCar/train/section_00_source_train_normal_0039_noAttribute.wav,in_support,frequency_modulation,0.9841389060020447
ToyCar/train/section_00_source_train_normal_0040_noAttribute.wav,in_support,periodic_resonance,0.9594098329544067
ToyCar/train/section_00_source_train_normal_0041_noAttribute.wav,in_support,periodic_resonance,0.8232578039169312
ToyCar/train/section_00_source_train_normal_0042_noAttribute.wav,in_support,periodic_resonance,0.9675214290618896
ToyCar/train/section_00_source_train_normal_0043_noAttribute.wav,in_support,periodic_resonance,0.325544148683548
ToyCar/train/section_00_source_train_normal_0044_noAttribute.wav,in_support,frequency_modulation,0.8875290751457214
ToyCar/train/section_00_source_train_normal_0045_noAttribute.wav,in_support,amplitude_modulation,0.6986871957778931
ToyCar/train/section_00_source_train_normal_0046_noAttribute.wav,in_support,periodic_resonance,0.9803369045257568
ToyCar/train/section_00_source_train_normal_0047_noAttribute.wav,in_support,periodic_resonance,0.9159054756164551
ToyCar/train/section_00_source_train_normal_0048_noAttribute.wav,in_support,frequency_modulation,0.8994604349136353
ToyCar/train/section_00_source_train_normal_0049_noAttribute.wav,in_support,frequency_modulation,0.9684049487113953
ToyCar/train/section_00_source_train_normal_0050_noAttribute.wav,in_support,periodic_resonance,0.2768353223800659
ToyCar/train/section_00_source_train_normal_0051_noAttribute.wav,in_support,periodic_resonance,0.7185648083686829
ToyCar/train/section_00_source_train_normal_0052_noAttribute.wav,in_support,periodic_resonance,0.8773344159126282
ToyCar/train/section_00_source_train_normal_0053_noAttribute.wav,in_support,periodic_resonance,0.9895750284194946
ToyCar/train/section_00_source_train_normal_0054_noAttribute.wav,in_support,frequency_modulation,0.9546743631362915
ToyCar/train/section_00_source_train_normal_0055_noAttribute.wav,in_support,amplitude_modulation,0.7715469002723694
ToyCar/train/section_00_source_train_normal_0056_noAttribute.wav,in_support,frequency_modulation,0.9236460328102112
ToyCar/train/section_00_source_train_normal_0057_noAttribute.wav,in_support,frequency_modulation,0.9650940895080566
ToyCar/train/section_00_source_train_normal_0058_noAttribute.wav,in_support,amplitude_modulation,0.83778977394104
ToyCar/train/section_00_source_train_normal_0059_noAttribute.wav,in_support,frequency_modulation,0.9742816686630249
ToyCar/train/section_00_source_train_normal_0060_noAttribute.wav,in_support,frequency_modulation,0.9847045540809631
ToyCar/train/section_00_source_train_normal_0061_noAttribute.wav,in_support,frequency_modulation,0.908237874507904
ToyCar/train/section_00_source_train_normal_0062_noAttribute.wav,in_support,frequency_modulation,0.9415311813354492
ToyCar/train/section_00_source_train_normal_0063_noAttribute.wav,in_support,amplitude_modulation,0.8902176022529602
ToyCar/train/section_00_source_train_normal_0064_noAttribute.wav,in_support,frequency_modulation,0.9192764759063721
ToyCar/train/section_00_source_train_normal_0065_noAttribute.wav,in_support,frequency_modulation,0.8796719312667847
ToyCar/train/section_00_source_train_normal_0066_noAttribute.wav,in_support,frequency_modulation,0.89240562915802
ToyCar/train/section_00_source_train_normal_0067_noAttribute.wav,in_support,amplitude_modulation,0.6488364934921265
ToyCar/train/section_00_source_train_normal_0068_noAttribute.wav,in_support,frequency_modulation,0.9426196217536926
ToyCar/train/section_00_source_train_normal_0069_noAttribute.wav,in_support,periodic_resonance,0.9708703756332397
ToyCar/train/section_00_source_train_normal_0070_noAttribute.wav,in_support,frequency_modulation,0.9459495544433594
ToyCar/train/section_00_source_train_normal_0071_noAttribute.wav,in_support,amplitude_modulation,0.7599188685417175
ToyCar/train/section_00_source_train_normal_0072_noAttribute.wav,in_support,amplitude_modulation,0.5805995464324951
ToyCar/train/section_00_source_train_normal_0073_noAttribute.wav,in_support,periodic_resonance,0.9777341485023499
ToyCar/train/section_00_source_train_normal_0074_noAttribute.wav,in_support,amplitude_modulation,0.9173223972320557
ToyCar/train/section_00_source_train_normal_0075_noAttribute.wav,in_support,frequency_modulation,0.9642088413238525
ToyCar/train/section_00_source_train_normal_0076_noAttribute.wav,in_support,frequency_modulation,0.944513738155365
ToyCar/train/section_00_source_train_normal_0077_noAttribute.wav,in_support,frequency_modulation,0.9112088084220886
ToyCar/train/section_00_source_train_normal_0078_noAttribute.wav,in_support,amplitude_modulation,0.6929931640625
ToyCar/train/section_00_source_train_normal_0079_noAttribute.wav,in_support,periodic_resonance,0.9014801383018494
ToyCar/train/section_00_source_train_normal_0080_noAttribute.wav,in_support,frequency_modulation,0.723426878452301
ToyCar/train/section_00_source_train_normal_0081_noAttribute.wav,in_support,periodic_resonance,0.8297670483589172
ToyCar/train/section_00_source_train_normal_0082_noAttribute.wav,in_support,frequency_modulation,0.9292769432067871
ToyCar/train/section_00_source_train_normal_0083_noAttribute.wav,in_support,frequency_modulation,0.9697431325912476
ToyCar/train/section_00_source_train_normal_0084_noAttribute.wav,in_support,periodic_resonance,0.6638780832290649
ToyCar/train/section_00_source_train_normal_0085_noAttribute.wav,in_support,periodic_resonance,0.5234168767929077
ToyCar/train/section_00_source_train_normal_0086_noAttribute.wav,in_support,amplitude_modulation,0.7710979580879211
ToyCar/train/section_00_source_train_normal_0087_noAttribute.wav,in_support,frequency_modulation,0.8550834059715271
ToyCar/train/section_00_source_train_normal_0088_noAttribute.wav,in_support,amplitude_modulation,0.7360885143280029
ToyCar/train/section_00_source_train_normal_0089_noAttribute.wav,in_support,periodic_resonance,0.5857718586921692
ToyCar/train/section_00_source_train_normal_0090_noAttribute.wav,in_support,frequency_modulation,0.8613429069519043
ToyCar/train/section_00_source_train_normal_0091_noAttribute.wav,in_support,amplitude_modulation,0.6118558049201965
ToyCar/train/section_00_source_train_normal_0092_noAttribute.wav,in_support,amplitude_modulation,0.7871235609054565
ToyCar/train/section_00_source_train_normal_0093_noAttribute.wav,in_support,frequency_modulation,0.877529501914978
ToyCar/train/section_00_source_train_normal_0094_noAttribute.wav,in_support,amplitude_modulation,0.9111552238464355
ToyCar/train/section_00_source_train_normal_0095_noAttribute.wav,in_support,frequency_modulation,0.9711733460426331
ToyCar/train/section_00_source_train_normal_0096_noAttribute.wav,in_support,amplitude_modulation,0.935828447341919
ToyCar/train/section_00_source_train_normal_0097_noAttribute.wav,in_support,amplitude_modulation,0.64263916015625
ToyCar/train/section_00_source_train_normal_0098_noAttribute.wav,in_support,amplitude_modulation,0.9233574271202087
ToyCar/train/section_00_source_train_normal_0099_noAttribute.wav,in_support,frequency_modulation,0.9521722197532654
ToyCar/train/section_00_source_train_normal_0100_noAttribute.wav,in_support,periodic_resonance,0.6336913704872131
ToyCar/train/section_00_source_train_normal_0101_noAttribute.wav,in_support,amplitude_modulation,0.8526277542114258
ToyCar/train/section_00_source_train_normal_0102_noAttribute.wav,in_support,periodic_resonance,0.9399713277816772
ToyCar/train/section_00_source_train_normal_0103_noAttribute.wav,in_support,amplitude_modulation,0.7864620089530945
ToyCar/train/section_00_source_train_normal_0104_noAttribute.wav,in_support,frequency_modulation,0.9067058563232422
ToyCar/train/section_00_source_train_normal_0105_noAttribute.wav,in_support,periodic_resonance,0.9939414262771606
ToyCar/train/section_00_source_train_normal_0106_noAttribute.wav,in_support,periodic_resonance,0.9646247625350952
ToyCar/train/section_00_source_train_normal_0107_noAttribute.wav,in_support,frequency_modulation,0.8731660842895508
ToyCar/train/section_00_source_train_normal_0108_noAttribute.wav,in_support,periodic_resonance,0.9146362543106079
ToyCar/train/section_00_source_train_normal_0109_noAttribute.wav,in_support,amplitude_modulation,0.911543607711792
ToyCar/train/section_00_source_train_normal_0110_noAttribute.wav,in_support,periodic_resonance,0.9086922407150269
ToyCar/train/section_00_source_train_normal_0111_noAttribute.wav,in_support,frequency_modulation,0.9301881194114685
ToyCar/train/section_00_source_train_normal_0112_noAttribute.wav,in_support,amplitude_modulation,0.9359728693962097
ToyCar/train/section_00_source_train_normal_0113_noAttribute.wav,in_support,amplitude_modulation,0.8077036738395691
ToyCar/train/section_00_source_train_normal_0114_noAttribute.wav,in_support,frequency_modulation,0.9729474186897278
ToyCar/train/section_00_source_train_normal_0115_noAttribute.wav,in_support,periodic_resonance,0.9840032458305359
ToyCar/train/section_00_source_train_normal_0116_noAttribute.wav,in_support,periodic_resonance,0.8068788051605225
ToyCar/train/section_00_source_train_normal_0117_noAttribute.wav,in_support,periodic_resonance,0.10710101574659348
ToyCar/train/section_00_source_train_normal_0118_noAttribute.wav,in_support,frequency_modulation,0.778434693813324
ToyCar/train/section_00_source_train_normal_0119_noAttribute.wav,in_support,frequency_modulation,0.6896283030509949
ToyCar/train/section_00_source_train_normal_0120_noAttribute.wav,in_support,amplitude_modulation,0.8975724577903748
ToyCar/train/section_00_source_train_normal_0121_noAttribute.wav,in_support,amplitude_modulation,0.6389351487159729
ToyCar/train/section_00_source_train_normal_0122_noAttribute.wav,in_support,frequency_modulation,0.8686802387237549
ToyCar/train/section_00_source_train_normal_0123_noAttribute.wav,in_support,periodic_resonance,0.7309128642082214
ToyCar/train/section_00_source_train_normal_0124_noAttribute.wav,in_support,amplitude_modulation,0.8687859773635864
ToyCar/train/section_00_source_train_normal_0125_noAttribute.wav,in_support,amplitude_modulation,0.7651049494743347
ToyCar/train/section_00_source_train_normal_0126_noAttribute.wav,in_support,frequency_modulation,0.872500479221344
ToyCar/train/section_00_source_train_normal_0127_noAttribute.wav,in_support,amplitude_modulation,0.545341432094574
ToyCar/train/section_00_source_train_normal_0128_noAttribute.wav,in_support,periodic_resonance,0.6383695006370544
ToyCar/train/section_00_source_train_normal_0129_noAttribute.wav,in_support,frequency_modulation,0.8949304819107056
ToyCar/train/section_00_source_train_normal_0130_noAttribute.wav,in_support,periodic_resonance,0.7595363855361938
ToyCar/train/section_00_source_train_normal_0131_noAttribute.wav,in_support,periodic_resonance,0.7084765434265137
ToyCar/train/section_00_source_train_normal_0132_noAttribute.wav,in_support,periodic_resonance,0.5544875860214233
ToyCar/train/section_00_source_train_normal_0133_noAttribute.wav,in_support,periodic_resonance,0.33959275484085083
ToyCar/train/section_00_source_train_normal_0134_noAttribute.wav,in_support,periodic_resonance,0.957800030708313
ToyCar/train/section_00_source_train_normal_0135_noAttribute.wav,in_support,periodic_resonance,0.9021158218383789
ToyCar/train/section_00_source_train_normal_0136_noAttribute.wav,in_support,periodic_resonance,0.5863090753555298
ToyCar/train/section_00_source_train_normal_0137_noAttribute.wav,in_support,periodic_resonance,0.9864266514778137
ToyCar/train/section_00_source_train_normal_0138_noAttribute.wav,in_support,amplitude_modulation,0.7726779580116272
ToyCar/train/section_00_source_train_normal_0139_noAttribute.wav,in_support,periodic_resonance,0.7124906778335571
ToyCar/train/section_00_source_train_normal_0140_noAttribute.wav,in_support,periodic_resonance,0.21027180552482605
ToyCar/train/section_00_source_train_normal_0141_noAttribute.wav,in_support,amplitude_modulation,0.7169581651687622
ToyCar/train/section_00_source_train_normal_0142_noAttribute.wav,in_support,frequency_modulation,0.7640766501426697
ToyCar/train/section_00_source_train_normal_0143_noAttribute.wav,in_support,frequency_modulation,0.7050031423568726
ToyCar/train/section_00_source_train_normal_0144_noAttribute.wav,in_support,periodic_resonance,0.09743538498878479
ToyCar/train/section_00_source_train_normal_0145_noAttribute.wav,in_support,periodic_resonance,0.6194270253181458
ToyCar/train/section_00_source_train_normal_0146_noAttribute.wav,in_support,frequency_modulation,0.8238153457641602
ToyCar/train/section_00_source_train_normal_0147_noAttribute.wav,in_support,amplitude_modulation,0.6842042207717896
ToyCar/train/section_00_source_train_normal_0148_noAttribute.wav,in_support,periodic_resonance,0.26905760169029236
ToyCar/train/section_00_source_train_normal_0149_noAttribute.wav,in_support,frequency_modulation,0.8754936456680298
ToyCar/train/section_00_source_train_normal_0150_noAttribute.wav,in_support,frequency_modulation,0.8708577752113342
ToyCar/train/section_00_source_train_normal_0151_noAttribute.wav,in_support,amplitude_modulation,0.7604948878288269
ToyCar/train/section_00_source_train_normal_0152_noAttribute.wav,in_support,amplitude_modulation,0.7153376936912537
ToyCar/train/section_00_source_train_normal_0153_noAttribute.wav,in_support,periodic_resonance,0.7468757033348083
ToyCar/train/section_00_source_train_normal_0154_noAttribute.wav,in_support,amplitude_modulation,0.858196496963501
ToyCar/train/section_00_source_train_normal_0155_noAttribute.wav,in_support,frequency_modulation,0.8175899982452393
ToyCar/train/section_00_source_train_normal_0156_noAttribute.wav,in_support,periodic_resonance,0.9676628708839417
ToyCar/train/section_00_source_train_normal_0157_noAttribute.wav,in_support,periodic_resonance,0.8830857276916504
ToyCar/train/section_00_source_train_normal_0158_noAttribute.wav,in_support,amplitude_modulation,0.8381357192993164
ToyCar/train/section_00_source_train_normal_0159_noAttribute.wav,in_support,periodic_resonance,0.14265842735767365
ToyCar/train/section_00_source_train_normal_0160_noAttribute.wav,in_support,frequency_modulation,0.9049233794212341
ToyCar/train/section_00_source_train_normal_0161_noAttribute.wav,in_support,periodic_resonance,0.7709888219833374
ToyCar/train/section_00_source_train_normal_0162_noAttribute.wav,in_support,frequency_modulation,0.94427490234375
ToyCar/train/section_00_source_train_normal_0163_noAttribute.wav,in_support,amplitude_modulation,0.5691397786140442
ToyCar/train/section_00_source_train_normal_0164_noAttribute.wav,in_support,periodic_resonance,0.1894155591726303
ToyCar/train/section_00_source_train_normal_0165_noAttribute.wav,in_support,amplitude_modulation,0.7435604929924011
ToyCar/train/section_00_source_train_normal_0166_noAttribute.wav,in_support,amplitude_modulation,0.9183689951896667
ToyCar/train/section_00_source_train_normal_0167_noAttribute.wav,in_support,frequency_modulation,0.8589159846305847
ToyCar/train/section_00_source_train_normal_0168_noAttribute.wav,in_support,periodic_resonance,0.9851672053337097
ToyCar/train/section_00_source_train_normal_0169_noAttribute.wav,in_support,periodic_resonance,0.9779015183448792
ToyCar/train/section_00_source_train_normal_0170_noAttribute.wav,in_support,periodic_resonance,0.6632384657859802
ToyCar/train/section_00_source_train_normal_0171_noAttribute.wav,in_support,amplitude_modulation,0.9415926337242126
ToyCar/train/section_00_source_train_normal_0172_noAttribute.wav,in_support,amplitude_modulation,0.8285446763038635
ToyCar/train/section_00_source_train_normal_0173_noAttribute.wav,in_support,frequency_modulation,0.9577987194061279
ToyCar/train/section_00_source_train_normal_0174_noAttribute.wav,in_support,frequency_modulation,0.8446353077888489
ToyCar/train/section_00_source_train_normal_0175_noAttribute.wav,in_support,frequency_modulation,0.9169023633003235
ToyCar/train/section_00_source_train_normal_0176_noAttribute.wav,in_support,periodic_resonance,0.9290205240249634
ToyCar/train/section_00_source_train_normal_0177_noAttribute.wav,in_support,periodic_resonance,0.17693674564361572
ToyCar/train/section_00_source_train_normal_0178_noAttribute.wav,in_support,periodic_resonance,0.9753469228744507
ToyCar/train/section_00_source_train_normal_0179_noAttribute.wav,in_support,amplitude_modulation,0.9256874918937683
ToyCar/train/section_00_source_train_normal_0180_noAttribute.wav,in_support,periodic_resonance,0.8251484632492065
ToyCar/train/section_00_source_train_normal_0181_noAttribute.wav,in_support,periodic_resonance,0.7143459320068359
ToyCar/train/section_00_source_train_normal_0182_noAttribute.wav,in_support,amplitude_modulation,0.7072963714599609
ToyCar/train/section_00_source_train_normal_0183_noAttribute.wav,in_support,periodic_resonance,0.9787093997001648
ToyCar/train/section_00_source_train_normal_0184_noAttribute.wav,in_support,amplitude_modulation,0.7808955907821655
ToyCar/train/section_00_source_train_normal_0185_noAttribute.wav,in_support,frequency_modulation,0.780636191368103
ToyCar/train/section_00_source_train_normal_0186_noAttribute.wav,in_support,amplitude_modulation,0.8060712218284607
ToyCar/train/section_00_source_train_normal_0187_noAttribute.wav,in_support,periodic_resonance,0.74521404504776
ToyCar/train/section_00_source_train_normal_0188_noAttribute.wav,in_support,periodic_resonance,0.6412906646728516
ToyCar/train/section_00_source_train_normal_0189_noAttribute.wav,in_support,amplitude_modulation,0.8516713380813599
ToyCar/train/section_00_source_train_normal_0190_noAttribute.wav,in_support,periodic_resonance,0.9276536107063293
ToyCar/train/section_00_source_train_normal_0191_noAttribute.wav,in_support,amplitude_modulation,0.6600828766822815
ToyCar/train/section_00_source_train_normal_0192_noAttribute.wav,in_support,periodic_resonance,0.7486290335655212
ToyCar/train/section_00_source_train_normal_0193_noAttribute.wav,in_support,periodic_resonance,0.8635541200637817
ToyCar/train/section_00_source_train_normal_0194_noAttribute.wav,in_support,frequency_modulation,0.8137043118476868
ToyCar/train/section_00_source_train_normal_0195_noAttribute.wav,in_support,frequency_modulation,0.9707940816879272
ToyCar/train/section_00_source_train_normal_0196_noAttribute.wav,in_support,amplitude_modulation,0.9056921005249023
ToyCar/train/section_00_source_train_normal_0197_noAttribute.wav,in_support,amplitude_modulation,0.7452422976493835
ToyCar/train/section_00_source_train_normal_0198_noAttribute.wav,in_support,periodic_resonance,0.3665793836116791
ToyCar/train/section_00_source_train_normal_0199_noAttribute.wav,in_support,periodic_resonance,0.4620213806629181
ToyCar/train/section_00_source_train_normal_0200_noAttribute.wav,in_support,frequency_modulation,0.811558187007904
ToyCar/train/section_00_source_train_normal_0201_noAttribute.wav,in_support,amplitude_modulation,0.5359449982643127
ToyCar/train/section_00_source_train_normal_0202_noAttribute.wav,in_support,periodic_resonance,0.9912762641906738
ToyCar/train/section_00_source_train_normal_0203_noAttribute.wav,in_support,amplitude_modulation,0.7205419540405273
ToyCar/train/section_00_source_train_normal_0204_noAttribute.wav,in_support,amplitude_modulation,0.6413713693618774
ToyCar/train/section_00_source_train_normal_0205_noAttribute.wav,in_support,frequency_modulation,0.936771810054779
ToyCar/train/section_00_source_train_normal_0206_noAttribute.wav,in_support,periodic_resonance,0.9623134732246399
ToyCar/train/section_00_source_train_normal_0207_noAttribute.wav,in_support,frequency_modulation,0.9251694679260254
ToyCar/train/section_00_source_train_normal_0208_noAttribute.wav,in_support,frequency_modulation,0.9495194554328918
ToyCar/train/section_00_source_train_normal_0209_noAttribute.wav,in_support,amplitude_modulation,0.6663933992385864
ToyCar/train/section_00_source_train_normal_0210_noAttribute.wav,in_support,amplitude_modulation,0.8357248902320862
ToyCar/train/section_00_source_train_normal_0211_noAttribute.wav,in_support,periodic_resonance,0.947516918182373
ToyCar/train/section_00_source_train_normal_0212_noAttribute.wav,in_support,amplitude_modulation,0.5987422466278076
ToyCar/train/section_00_source_train_normal_0213_noAttribute.wav,in_support,amplitude_modulation,0.7959117293357849
ToyCar/train/section_00_source_train_normal_0214_noAttribute.wav,in_support,frequency_modulation,0.9017198085784912
ToyCar/train/section_00_source_train_normal_0215_noAttribute.wav,in_support,periodic_resonance,0.2329101264476776
ToyCar/train/section_00_source_train_normal_0216_noAttribute.wav,in_support,frequency_modulation,0.909422755241394
ToyCar/train/section_00_source_train_normal_0217_noAttribute.wav,in_support,amplitude_modulation,0.611521303653717
ToyCar/train/section_00_source_train_normal_0218_noAttribute.wav,in_support,amplitude_modulation,0.956699550151825
ToyCar/train/section_00_source_train_normal_0219_noAttribute.wav,in_support,amplitude_modulation,0.8709211945533752
ToyCar/train/section_00_source_train_normal_0220_noAttribute.wav,in_support,frequency_modulation,0.9443393349647522
ToyCar/train/section_00_source_train_normal_0221_noAttribute.wav,in_support,frequency_modulation,0.9566633105278015
ToyCar/train/section_00_source_train_normal_0222_noAttribute.wav,in_support,frequency_modulation,0.96152263879776
ToyCar/train/section_00_source_train_normal_0223_noAttribute.wav,in_support,amplitude_modulation,0.8187423944473267
ToyCar/train/section_00_source_train_normal_0224_noAttribute.wav,in_support,amplitude_modulation,0.5947617292404175
ToyCar/train/section_00_source_train_normal_0225_noAttribute.wav,in_support,periodic_resonance,0.9896994829177856
ToyCar/train/section_00_source_train_normal_0226_noAttribute.wav,in_support,amplitude_modulation,0.8505847454071045
ToyCar/train/section_00_source_train_normal_0227_noAttribute.wav,in_support,amplitude_modulation,0.8933352828025818
ToyCar/train/section_00_source_train_normal_0228_noAttribute.wav,in_support,frequency_modulation,0.9503462910652161
ToyCar/train/section_00_source_train_normal_0229_noAttribute.wav,in_support,amplitude_modulation,0.8612957000732422
ToyCar/train/section_00_source_train_normal_0230_noAttribute.wav,in_support,frequency_modulation,0.9329178929328918
ToyCar/train/section_00_source_train_normal_0231_noAttribute.wav,in_support,amplitude_modulation,0.7531760931015015
ToyCar/train/section_00_source_train_normal_0232_noAttribute.wav,in_support,periodic_resonance,0.9784521460533142
ToyCar/train/section_00_source_train_normal_0233_noAttribute.wav,in_support,amplitude_modulation,0.6090813875198364
ToyCar/train/section_00_source_train_normal_0234_noAttribute.wav,in_support,periodic_resonance,0.38705599308013916
ToyCar/train/section_00_source_train_normal_0235_noAttribute.wav,in_support,periodic_resonance,0.9661872386932373
ToyCar/train/section_00_source_train_normal_0236_noAttribute.wav,in_support,periodic_resonance,0.980060338973999
ToyCar/train/section_00_source_train_normal_0237_noAttribute.wav,in_support,amplitude_modulation,0.8360863327980042
ToyCar/train/section_00_source_train_normal_0238_noAttribute.wav,in_support,periodic_resonance,0.6649320125579834
ToyCar/train/section_00_source_train_normal_0239_noAttribute.wav,in_support,frequency_modulation,0.9576159119606018
ToyCar/train/section_00_source_train_normal_0240_noAttribute.wav,in_support,periodic_resonance,0.9061510562896729
ToyCar/train/section_00_source_train_normal_0241_noAttribute.wav,in_support,amplitude_modulation,0.8125619292259216
ToyCar/train/section_00_source_train_normal_0242_noAttribute.wav,in_support,periodic_resonance,0.8378980755805969
ToyCar/train/section_00_source_train_normal_0243_noAttribute.wav,in_support,periodic_resonance,0.9087818264961243
ToyCar/train/section_00_source_train_normal_0244_noAttribute.wav,in_support,amplitude_modulation,0.6227417588233948
ToyCar/train/section_00_source_train_normal_0245_noAttribute.wav,in_support,amplitude_modulation,0.542016327381134
ToyCar/train/section_00_source_train_normal_0246_noAttribute.wav,in_support,periodic_resonance,0.666298508644104
ToyCar/train/section_00_source_train_normal_0247_noAttribute.wav,in_support,amplitude_modulation,0.6819540858268738
ToyCar/train/section_00_source_train_normal_0248_noAttribute.wav,in_support,frequency_modulation,0.952223002910614
ToyCar/train/section_00_source_train_normal_0249_noAttribute.wav,in_support,frequency_modulation,0.9725961685180664
ToyCar/train/section_00_source_train_normal_0250_noAttribute.wav,in_support,frequency_modulation,0.7033107876777649
ToyCar/train/section_00_source_train_normal_0251_noAttribute.wav,in_support,amplitude_modulation,0.8049716353416443
ToyCar/train/section_00_source_train_normal_0252_noAttribute.wav,in_support,frequency_modulation,0.9313987493515015
ToyCar/train/section_00_source_train_normal_0253_noAttribute.wav,in_support,frequency_modulation,0.936273455619812
ToyCar/train/section_00_source_train_normal_0254_noAttribute.wav,in_support,periodic_resonance,0.5233967304229736
ToyCar/train/section_00_source_train_normal_0255_noAttribute.wav,in_support,periodic_resonance,0.8883994817733765
ToyCar/train/section_00_source_train_normal_0256_noAttribute.wav,in_support,frequency_modulation,0.7807760238647461
ToyCar/train/section_00_source_train_normal_0257_noAttribute.wav,in_support,frequency_modulation,0.926879346370697
ToyCar/train/section_00_source_train_normal_0258_noAttribute.wav,in_support,frequency_modulation,0.9801494479179382
ToyCar/train/section_00_source_train_normal_0259_noAttribute.wav,in_support,amplitude_modulation,0.8708308935165405
ToyCar/train/section_00_source_train_normal_0260_noAttribute.wav,in_support,periodic_resonance,0.8674063682556152
ToyCar/train/section_00_source_train_normal_0261_noAttribute.wav,in_support,periodic_resonance,0.5808804035186768
ToyCar/train/section_00_source_train_normal_0262_noAttribute.wav,in_support,frequency_modulation,0.8421012759208679
ToyCar/train/section_00_source_train_normal_0263_noAttribute.wav,in_support,amplitude_modulation,0.8664364814758301
ToyCar/train/section_00_source_train_normal_0264_noAttribute.wav,in_support,amplitude_modulation,0.8809975385665894
ToyCar/train/section_00_source_train_normal_0265_noAttribute.wav,in_support,frequency_modulation,0.8738304376602173
ToyCar/train/section_00_source_train_normal_0266_noAttribute.wav,in_support,periodic_resonance,0.7428520321846008
ToyCar/train/section_00_source_train_normal_0267_noAttribute.wav,in_support,frequency_modulation,0.9117260575294495
ToyCar/train/section_00_source_train_normal_0268_noAttribute.wav,in_support,amplitude_modulation,0.6849902272224426
ToyCar/train/section_00_source_train_normal_0269_noAttribute.wav,in_support,frequency_modulation,0.8952072858810425
ToyCar/train/section_00_source_train_normal_0270_noAttribute.wav,in_support,frequency_modulation,0.9976487755775452
ToyCar/train/section_00_source_train_normal_0271_noAttribute.wav,in_support,amplitude_modulation,0.7857136130332947
ToyCar/train/section_00_source_train_normal_0272_noAttribute.wav,in_support,periodic_resonance,0.9823471307754517
ToyCar/train/section_00_source_train_normal_0273_noAttribute.wav,in_support,amplitude_modulation,0.8279162049293518
ToyCar/train/section_00_source_train_normal_0274_noAttribute.wav,in_support,periodic_resonance,0.3708731532096863
ToyCar/train/section_00_source_train_normal_0275_noAttribute.wav,in_support,amplitude_modulation,0.6196588277816772
ToyCar/train/section_00_source_train_normal_0276_noAttribute.wav,in_support,frequency_modulation,0.8529574871063232
ToyCar/train/section_00_source_train_normal_0277_noAttribute.wav,in_support,periodic_resonance,0.9030438661575317
ToyCar/train/section_00_source_train_normal_0278_noAttribute.wav,in_support,amplitude_modulation,0.6798745393753052
ToyCar/train/section_00_source_train_normal_0279_noAttribute.wav,in_support,frequency_modulation,0.8741874694824219
ToyCar/train/section_00_source_train_normal_0280_noAttribute.wav,in_support,periodic_resonance,0.9562732577323914
ToyCar/train/section_00_source_train_normal_0281_noAttribute.wav,in_support,periodic_resonance,0.7568315863609314
ToyCar/train/section_00_source_train_normal_0282_noAttribute.wav,in_support,amplitude_modulation,0.3897431492805481
ToyCar/train/section_00_source_train_normal_0283_noAttribute.wav,in_support,periodic_resonance,0.9649991989135742
ToyCar/train/section_00_source_train_normal_0284_noAttribute.wav,in_support,amplitude_modulation,0.5402823090553284
ToyCar/train/section_00_source_train_normal_0285_noAttribute.wav,in_support,periodic_resonance,0.2198685109615326
ToyCar/train/section_00_source_train_normal_0286_noAttribute.wav,in_support,amplitude_modulation,0.8301886916160583
ToyCar/train/section_00_source_train_normal_0287_noAttribute.wav,in_support,periodic_resonance,0.9539226293563843
ToyCar/train/section_00_source_train_normal_0288_noAttribute.wav,in_support,periodic_resonance,0.5840189456939697
ToyCar/train/section_00_source_train_normal_0289_noAttribute.wav,in_support,frequency_modulation,0.9928873181343079
ToyCar/train/section_00_source_train_normal_0290_noAttribute.wav,in_support,periodic_resonance,0.6735036969184875
ToyCar/train/section_00_source_train_normal_0291_noAttribute.wav,in_support,periodic_resonance,0.2382512390613556
ToyCar/train/section_00_source_train_normal_0292_noAttribute.wav,in_support,frequency_modulation,0.8903887867927551
ToyCar/train/section_00_source_train_normal_0293_noAttribute.wav,in_support,periodic_resonance,0.9509679675102234
ToyCar/train/section_00_source_train_normal_0294_noAttribute.wav,in_support,frequency_modulation,0.9513159394264221
ToyCar/train/section_00_source_train_normal_0295_noAttribute.wav,in_support,frequency_modulation,0.9117725491523743
ToyCar/train/section_00_source_train_normal_0296_noAttribute.wav,in_support,frequency_modulation,0.9359005689620972
ToyCar/train/section_00_source_train_normal_0297_noAttribute.wav,in_support,amplitude_modulation,0.81746506690979
ToyCar/train/section_00_source_train_normal_0298_noAttribute.wav,in_support,periodic_resonance,0.6918564438819885
ToyCar/train/section_00_source_train_normal_0299_noAttribute.wav,in_support,frequency_modulation,0.9295191764831543
ToyCar/train/section_00_source_train_normal_0300_noAttribute.wav,in_support,periodic_resonance,0.9433223605155945
ToyCar/train/section_00_source_train_normal_0301_noAttribute.wav,in_support,amplitude_modulation,0.8585479855537415
ToyCar/train/section_00_source_train_normal_0302_noAttribute.wav,in_support,frequency_modulation,0.9512772560119629
ToyCar/train/section_00_source_train_normal_0303_noAttribute.wav,in_support,frequency_modulation,0.8772873878479004
ToyCar/train/section_00_source_train_normal_0304_noAttribute.wav,in_support,amplitude_modulation,0.7947583794593811
ToyCar/train/section_00_source_train_normal_0305_noAttribute.wav,in_support,amplitude_modulation,0.734169065952301
ToyCar/train/section_00_source_train_normal_0306_noAttribute.wav,in_support,periodic_resonance,0.8980599641799927
ToyCar/train/section_00_source_train_normal_0307_noAttribute.wav,in_support,frequency_modulation,0.8026249408721924
ToyCar/train/section_00_source_train_normal_0308_noAttribute.wav,in_support,periodic_resonance,0.2508614659309387
ToyCar/train/section_00_source_train_normal_0309_noAttribute.wav,in_support,periodic_resonance,0.28488248586654663
ToyCar/train/section_00_source_train_normal_0310_noAttribute.wav,in_support,amplitude_modulation,0.8315343260765076
ToyCar/train/section_00_source_train_normal_0311_noAttribute.wav,in_support,periodic_resonance,0.8132284879684448
ToyCar/train/section_00_source_train_normal_0312_noAttribute.wav,in_support,amplitude_modulation,0.7700580954551697
ToyCar/train/section_00_source_train_normal_0313_noAttribute.wav,in_support,periodic_resonance,0.9463877081871033
ToyCar/train/section_00_source_train_normal_0314_noAttribute.wav,in_support,periodic_resonance,0.981414258480072
ToyCar/train/section_00_source_train_normal_0315_noAttribute.wav,in_support,frequency_modulation,0.9319145083427429
ToyCar/train/section_00_source_train_normal_0316_noAttribute.wav,in_support,frequency_modulation,0.7716917395591736
ToyCar/train/section_00_source_train_normal_0317_noAttribute.wav,in_support,periodic_resonance,0.40449702739715576
ToyCar/train/section_00_source_train_normal_0318_noAttribute.wav,in_support,frequency_modulation,0.9931691288948059
ToyCar/train/section_00_source_train_normal_0319_noAttribute.wav,in_support,frequency_modulation,0.9653168320655823
ToyCar/train/section_00_source_train_normal_0320_noAttribute.wav,in_support,periodic_resonance,0.3612845838069916
ToyCar/train/section_00_source_train_normal_0321_noAttribute.wav,in_support,amplitude_modulation,0.9030475616455078
ToyCar/train/section_00_source_train_normal_0322_noAttribute.wav,in_support,periodic_resonance,0.6380738019943237
ToyCar/train/section_00_source_train_normal_0323_noAttribute.wav,in_support,frequency_modulation,0.9438220858573914
ToyCar/train/section_00_source_train_normal_0324_noAttribute.wav,in_support,amplitude_modulation,0.6006919145584106
ToyCar/train/section_00_source_train_normal_0325_noAttribute.wav,in_support,amplitude_modulation,0.9751680493354797
ToyCar/train/section_00_source_train_normal_0326_noAttribute.wav,in_support,frequency_modulation,0.9687164425849915
ToyCar/train/section_00_source_train_normal_0327_noAttribute.wav,in_support,periodic_resonance,0.9005688428878784
ToyCar/train/section_00_source_train_normal_0328_noAttribute.wav,in_support,periodic_resonance,0.2377316653728485
ToyCar/train/section_00_source_train_normal_0329_noAttribute.wav,in_support,periodic_resonance,0.9165471792221069
ToyCar/train/section_00_source_train_normal_0330_noAttribute.wav,in_support,frequency_modulation,0.9692398309707642
ToyCar/train/section_00_source_train_normal_0331_noAttribute.wav,in_support,frequency_modulation,0.8906909227371216
ToyCar/train/section_00_source_train_normal_0332_noAttribute.wav,in_support,amplitude_modulation,0.889205276966095
ToyCar/train/section_00_source_train_normal_0333_noAttribute.wav,in_support,frequency_modulation,0.9254835247993469
ToyCar/train/section_00_source_train_normal_0334_noAttribute.wav,in_support,frequency_modulation,0.9550526738166809
ToyCar/train/section_00_source_train_normal_0335_noAttribute.wav,in_support,periodic_resonance,0.8518779277801514
ToyCar/train/section_00_source_train_normal_0336_noAttribute.wav,in_support,amplitude_modulation,0.8785140514373779
ToyCar/train/section_00_source_train_normal_0337_noAttribute.wav,in_support,frequency_modulation,0.9437662363052368
ToyCar/train/section_00_source_train_normal_0338_noAttribute.wav,in_support,amplitude_modulation,0.6924288868904114
ToyCar/train/section_00_source_train_normal_0339_noAttribute.wav,in_support,amplitude_modulation,0.861426055431366
ToyCar/train/section_00_source_train_normal_0340_noAttribute.wav,in_support,periodic_resonance,0.7676305770874023
ToyCar/train/section_00_source_train_normal_0341_noAttribute.wav,in_support,periodic_resonance,0.7342949509620667
ToyCar/train/section_00_source_train_normal_0342_noAttribute.wav,in_support,frequency_modulation,0.9203384518623352
ToyCar/train/section_00_source_train_normal_0343_noAttribute.wav,in_support,amplitude_modulation,0.9280424118041992
ToyCar/train/section_00_source_train_normal_0344_noAttribute.wav,in_support,amplitude_modulation,0.79201340675354
ToyCar/train/section_00_source_train_normal_0345_noAttribute.wav,in_support,periodic_resonance,0.762946367263794
ToyCar/train/section_00_source_train_normal_0346_noAttribute.wav,in_support,periodic_resonance,0.9997791051864624
ToyCar/train/section_00_source_train_normal_0347_noAttribute.wav,in_support,amplitude_modulation,0.6909355521202087
ToyCar/train/section_00_source_train_normal_0348_noAttribute.wav,in_support,frequency_modulation,0.9683100581169128
ToyCar/train/section_00_source_train_normal_0349_noAttribute.wav,in_support,frequency_modulation,0.9898677468299866
ToyCar/train/section_00_source_train_normal_0350_noAttribute.wav,in_support,periodic_resonance,0.7962247133255005
ToyCar/train/section_00_source_train_normal_0351_noAttribute.wav,in_support,frequency_modulation,0.9612966179847717
ToyCar/train/section_00_source_train_normal_0352_noAttribute.wav,in_support,amplitude_modulation,0.7470362186431885
ToyCar/train/section_00_source_train_normal_0353_noAttribute.wav,in_support,frequency_modulation,0.7974556088447571
ToyCar/train/section_00_source_train_normal_0354_noAttribute.wav,in_support,amplitude_modulation,0.7254148125648499
ToyCar/train/section_00_source_train_normal_0355_noAttribute.wav,in_support,frequency_modulation,0.9458549618721008
ToyCar/train/section_00_source_train_normal_0356_noAttribute.wav,in_support,frequency_modulation,0.8922116160392761
ToyCar/train/section_00_source_train_normal_0357_noAttribute.wav,in_support,frequency_modulation,0.9638290405273438
ToyCar/train/section_00_source_train_normal_0358_noAttribute.wav,in_support,frequency_modulation,0.9470481276512146
ToyCar/train/section_00_source_train_normal_0359_noAttribute.wav,in_support,periodic_resonance,0.9463157653808594
ToyCar/train/section_00_source_train_normal_0360_noAttribute.wav,in_support,periodic_resonance,0.9606993794441223
ToyCar/train/section_00_source_train_normal_0361_noAttribute.wav,in_support,amplitude_modulation,0.6389486193656921
ToyCar/train/section_00_source_train_normal_0362_noAttribute.wav,in_support,periodic_resonance,0.3900820314884186
ToyCar/train/section_00_source_train_normal_0363_noAttribute.wav,in_support,amplitude_modulation,0.6612458229064941
ToyCar/train/section_00_source_train_normal_0364_noAttribute.wav,in_support,amplitude_modulation,0.6873392462730408
ToyCar/train/section_00_source_train_normal_0365_noAttribute.wav,in_support,amplitude_modulation,0.6002039909362793
ToyCar/train/section_00_source_train_normal_0366_noAttribute.wav,in_support,amplitude_modulation,0.7331095933914185
ToyCar/train/section_00_source_train_normal_0367_noAttribute.wav,in_support,amplitude_modulation,0.924805223941803
ToyCar/train/section_00_source_train_normal_0368_noAttribute.wav,in_support,amplitude_modulation,0.9068432450294495
ToyCar/train/section_00_source_train_normal_0369_noAttribute.wav,in_support,frequency_modulation,0.8934639692306519
ToyCar/train/section_00_source_train_normal_0370_noAttribute.wav,in_support,periodic_resonance,0.515871524810791
ToyCar/train/section_00_source_train_normal_0371_noAttribute.wav,in_support,amplitude_modulation,0.8835737109184265
ToyCar/train/section_00_source_train_normal_0372_noAttribute.wav,in_support,amplitude_modulation,0.7003628015518188
ToyCar/train/section_00_source_train_normal_0373_noAttribute.wav,in_support,amplitude_modulation,0.7955482602119446
ToyCar/train/section_00_source_train_normal_0374_noAttribute.wav,in_support,periodic_resonance,0.762151837348938
ToyCar/train/section_00_source_train_normal_0375_noAttribute.wav,in_support,frequency_modulation,0.8410705327987671
ToyCar/train/section_00_source_train_normal_0376_noAttribute.wav,in_support,amplitude_modulation,0.7225009799003601
ToyCar/train/section_00_source_train_normal_0377_noAttribute.wav,in_support,amplitude_modulation,0.8898448944091797
ToyCar/train/section_00_source_train_normal_0378_noAttribute.wav,in_support,amplitude_modulation,0.8642181158065796
ToyCar/train/section_00_source_train_normal_0379_noAttribute.wav,in_support,frequency_modulation,0.9136056900024414
ToyCar/train/section_00_source_train_normal_0380_noAttribute.wav,in_support,periodic_resonance,0.37472623586654663
ToyCar/train/section_00_source_train_normal_0381_noAttribute.wav,in_support,periodic_resonance,0.21750012040138245
ToyCar/train/section_00_source_train_normal_0382_noAttribute.wav,in_support,periodic_resonance,0.5591979622840881
ToyCar/train/section_00_source_train_normal_0383_noAttribute.wav,in_support,frequency_modulation,0.9068729877471924
ToyCar/train/section_00_source_train_normal_0384_noAttribute.wav,in_support,amplitude_modulation,0.5811262130737305
ToyCar/train/section_00_source_train_normal_0385_noAttribute.wav,in_support,frequency_modulation,0.9716010689735413
ToyCar/train/section_00_source_train_normal_0386_noAttribute.wav,in_support,periodic_resonance,0.742628276348114
ToyCar/train/section_00_source_train_normal_0387_noAttribute.wav,in_support,frequency_modulation,0.7110146284103394
ToyCar/train/section_00_source_train_normal_0388_noAttribute.wav,in_support,frequency_modulation,0.9654757380485535
ToyCar/train/section_00_source_train_normal_0389_noAttribute.wav,in_support,amplitude_modulation,0.7997903227806091
ToyCar/train/section_00_source_train_normal_0390_noAttribute.wav,in_support,frequency_modulation,0.5576480031013489
ToyCar/train/section_00_source_train_normal_0391_noAttribute.wav,in_support,amplitude_modulation,0.6703623533248901
ToyCar/train/section_00_source_train_normal_0392_noAttribute.wav,in_support,amplitude_modulation,0.9655424356460571
ToyCar/train/section_00_source_train_normal_0393_noAttribute.wav,in_support,periodic_resonance,0.9615969657897949
ToyCar/train/section_00_source_train_normal_0394_noAttribute.wav,in_support,amplitude_modulation,0.9321543574333191
ToyCar/train/section_00_source_train_normal_0395_noAttribute.wav,in_support,amplitude_modulation,0.7161498069763184
ToyCar/train/section_00_source_train_normal_0396_noAttribute.wav,in_support,periodic_resonance,0.9857500195503235
ToyCar/train/section_00_source_train_normal_0397_noAttribute.wav,in_support,frequency_modulation,0.9225339889526367
ToyCar/train/section_00_source_train_normal_0398_noAttribute.wav,in_support,amplitude_modulation,0.8674951195716858
ToyCar/train/section_00_source_train_normal_0399_noAttribute.wav,in_support,amplitude_modulation,0.918537437915802
ToyCar/train/section_00_source_train_normal_0400_noAttribute.wav,in_support,periodic_resonance,0.9065551161766052
ToyCar/train/section_00_source_train_normal_0401_noAttribute.wav,in_support,amplitude_modulation,0.9526870846748352
ToyCar/train/section_00_source_train_normal_0402_noAttribute.wav,in_support,frequency_modulation,0.9844545722007751
ToyCar/train/section_00_source_train_normal_0403_noAttribute.wav,in_support,frequency_modulation,0.980611264705658
ToyCar/train/section_00_source_train_normal_0404_noAttribute.wav,in_support,frequency_modulation,0.9779608845710754
ToyCar/train/section_00_source_train_normal_0405_noAttribute.wav,in_support,periodic_resonance,0.851818859577179
ToyCar/train/section_00_source_train_normal_0406_noAttribute.wav,in_support,frequency_modulation,0.9454517960548401
ToyCar/train/section_00_source_train_normal_0407_noAttribute.wav,in_support,amplitude_modulation,0.8388452529907227
ToyCar/train/section_00_source_train_normal_0408_noAttribute.wav,in_support,frequency_modulation,0.945667564868927
ToyCar/train/section_00_source_train_normal_0409_noAttribute.wav,in_support,frequency_modulation,0.9616414904594421
ToyCar/train/section_00_source_train_normal_0410_noAttribute.wav,in_support,frequency_modulation,0.9559800624847412
ToyCar/train/section_00_source_train_normal_0411_noAttribute.wav,in_support,frequency_modulation,0.9789779186248779
ToyCar/train/section_00_source_train_normal_0412_noAttribute.wav,in_support,frequency_modulation,0.9473505020141602
ToyCar/train/section_00_source_train_normal_0413_noAttribute.wav,in_support,amplitude_modulation,0.6585059762001038
ToyCar/train/section_00_source_train_normal_0414_noAttribute.wav,in_support,periodic_resonance,0.9687976837158203
ToyCar/train/section_00_source_train_normal_0415_noAttribute.wav,in_support,periodic_resonance,0.9748744964599609
ToyCar/train/section_00_source_train_normal_0416_noAttribute.wav,in_support,periodic_resonance,0.8617701530456543
ToyCar/train/section_00_source_train_normal_0417_noAttribute.wav,in_support,periodic_resonance,0.7811406254768372
ToyCar/train/section_00_source_train_normal_0418_noAttribute.wav,in_support,periodic_resonance,0.6777351498603821
ToyCar/train/section_00_source_train_normal_0419_noAttribute.wav,in_support,periodic_resonance,0.8971133828163147
ToyCar/train/section_00_source_train_normal_0420_noAttribute.wav,in_support,frequency_modulation,0.9721447825431824
ToyCar/train/section_00_source_train_normal_0421_noAttribute.wav,in_support,amplitude_modulation,0.7132015824317932
ToyCar/train/section_00_source_train_normal_0422_noAttribute.wav,in_support,frequency_modulation,0.9421208500862122
ToyCar/train/section_00_source_train_normal_0423_noAttribute.wav,in_support,amplitude_modulation,0.8723152279853821
ToyCar/train/section_00_source_train_normal_0424_noAttribute.wav,in_support,periodic_resonance,0.4720587432384491
ToyCar/train/section_00_source_train_normal_0425_noAttribute.wav,in_support,periodic_resonance,0.9687706828117371
ToyCar/train/section_00_source_train_normal_0426_noAttribute.wav,in_support,periodic_resonance,0.987610936164856
ToyCar/train/section_00_source_train_normal_0427_noAttribute.wav,in_support,frequency_modulation,0.7904132008552551
ToyCar/train/section_00_source_train_normal_0428_noAttribute.wav,in_support,amplitude_modulation,0.865786075592041
ToyCar/train/section_00_source_train_normal_0429_noAttribute.wav,in_support,amplitude_modulation,0.7102549076080322
ToyCar/train/section_00_source_train_normal_0430_noAttribute.wav,in_support,periodic_resonance,0.3011575937271118
ToyCar/train/section_00_source_train_normal_0431_noAttribute.wav,in_support,amplitude_modulation,0.8872296214103699
ToyCar/train/section_00_source_train_normal_0432_noAttribute.wav,in_support,frequency_modulation,0.7901361584663391
ToyCar/train/section_00_source_train_normal_0433_noAttribute.wav,in_support,periodic_resonance,0.9661270976066589
ToyCar/train/section_00_source_train_normal_0434_noAttribute.wav,in_support,periodic_resonance,0.9270939826965332
ToyCar/train/section_00_source_train_normal_0435_noAttribute.wav,in_support,periodic_resonance,0.22058753669261932
ToyCar/train/section_00_source_train_normal_0436_noAttribute.wav,in_support,periodic_resonance,0.9677239060401917
ToyCar/train/section_00_source_train_normal_0437_noAttribute.wav,in_support,periodic_resonance,0.9784207940101624
ToyCar/train/section_00_source_train_normal_0438_noAttribute.wav,in_support,amplitude_modulation,0.8144360780715942
ToyCar/train/section_00_source_train_normal_0439_noAttribute.wav,in_support,amplitude_modulation,0.6789812445640564
ToyCar/train/section_00_source_train_normal_0440_noAttribute.wav,in_support,frequency_modulation,0.9335253834724426
ToyCar/train/section_00_source_train_normal_0441_noAttribute.wav,in_support,amplitude_modulation,0.8094619512557983
ToyCar/train/section_00_source_train_normal_0442_noAttribute.wav,in_support,periodic_resonance,0.6565758585929871
ToyCar/train/section_00_source_train_normal_0443_noAttribute.wav,in_support,frequency_modulation,0.7698538303375244
ToyCar/train/section_00_source_train_normal_0444_noAttribute.wav,in_support,periodic_resonance,0.9215297102928162
ToyCar/train/section_00_source_train_normal_0445_noAttribute.wav,in_support,amplitude_modulation,0.8133280873298645
ToyCar/train/section_00_source_train_normal_0446_noAttribute.wav,in_support,frequency_modulation,0.9428941607475281
ToyCar/train/section_00_source_train_normal_0447_noAttribute.wav,in_support,frequency_modulation,0.9703664183616638
ToyCar/train/section_00_source_train_normal_0448_noAttribute.wav,in_support,amplitude_modulation,0.6458469033241272
ToyCar/train/section_00_source_train_normal_0449_noAttribute.wav,in_support,periodic_resonance,0.6133820414543152
ToyCar/train/section_00_source_train_normal_0450_noAttribute.wav,in_support,amplitude_modulation,0.7351309657096863
ToyCar/train/section_00_source_train_normal_0451_noAttribute.wav,in_support,frequency_modulation,0.9561554193496704
ToyCar/train/section_00_source_train_normal_0452_noAttribute.wav,in_support,amplitude_modulation,0.9167465567588806
ToyCar/train/section_00_source_train_normal_0453_noAttribute.wav,in_support,amplitude_modulation,0.8830593228340149
ToyCar/train/section_00_source_train_normal_0454_noAttribute.wav,in_support,amplitude_modulation,0.807142972946167
ToyCar/train/section_00_source_train_normal_0455_noAttribute.wav,in_support,periodic_resonance,0.6097497344017029
ToyCar/train/section_00_source_train_normal_0456_noAttribute.wav,in_support,amplitude_modulation,0.7512553930282593
ToyCar/train/section_00_source_train_normal_0457_noAttribute.wav,in_support,frequency_modulation,0.8660284876823425
ToyCar/train/section_00_source_train_normal_0458_noAttribute.wav,in_support,frequency_modulation,0.9825499653816223
ToyCar/train/section_00_source_train_normal_0459_noAttribute.wav,in_support,amplitude_modulation,0.709475576877594
ToyCar/train/section_00_source_train_normal_0460_noAttribute.wav,in_support,amplitude_modulation,0.9277955293655396
ToyCar/train/section_00_source_train_normal_0461_noAttribute.wav,in_support,amplitude_modulation,0.8263277411460876
ToyCar/train/section_00_source_train_normal_0462_noAttribute.wav,in_support,amplitude_modulation,0.9504624605178833
ToyCar/train/section_00_source_train_normal_0463_noAttribute.wav,in_support,amplitude_modulation,0.9329941272735596
ToyCar/train/section_00_source_train_normal_0464_noAttribute.wav,in_support,frequency_modulation,0.9354463815689087
ToyCar/train/section_00_source_train_normal_0465_noAttribute.wav,in_support,periodic_resonance,0.9735586047172546
ToyCar/train/section_00_source_train_normal_0466_noAttribute.wav,in_support,periodic_resonance,0.4287862777709961
ToyCar/train/section_00_source_train_normal_0467_noAttribute.wav,in_support,periodic_resonance,0.9831247925758362
ToyCar/train/section_00_source_train_normal_0468_noAttribute.wav,in_support,amplitude_modulation,0.7949599623680115
ToyCar/train/section_00_source_train_normal_0469_noAttribute.wav,in_support,amplitude_modulation,0.8231327533721924
ToyCar/train/section_00_source_train_normal_0470_noAttribute.wav,in_support,frequency_modulation,0.875363290309906
ToyCar/train/section_00_source_train_normal_0471_noAttribute.wav,in_support,periodic_resonance,0.2524888515472412
ToyCar/train/section_00_source_train_normal_0472_noAttribute.wav,in_support,periodic_resonance,0.15336266160011292
ToyCar/train/section_00_source_train_normal_0473_noAttribute.wav,in_support,frequency_modulation,0.9315493702888489
ToyCar/train/section_00_source_train_normal_0474_noAttribute.wav,in_support,amplitude_modulation,0.7393457293510437
ToyCar/train/section_00_source_train_normal_0475_noAttribute.wav,in_support,periodic_resonance,0.9608426094055176
ToyCar/train/section_00_source_train_normal_0476_noAttribute.wav,in_support,amplitude_modulation,0.9225518703460693
ToyCar/train/section_00_source_train_normal_0477_noAttribute.wav,in_support,frequency_modulation,0.9803674221038818
ToyCar/train/section_00_source_train_normal_0478_noAttribute.wav,in_support,periodic_resonance,0.24344021081924438
ToyCar/train/section_00_source_train_normal_0479_noAttribute.wav,in_support,periodic_resonance,0.8126663565635681
ToyCar/train/section_00_source_train_normal_0480_noAttribute.wav,in_support,periodic_resonance,0.9804957509040833
ToyCar/train/section_00_source_train_normal_0481_noAttribute.wav,in_support,amplitude_modulation,0.5203722715377808
ToyCar/train/section_00_source_train_normal_0482_noAttribute.wav,in_support,frequency_modulation,0.993831992149353
ToyCar/train/section_00_source_train_normal_0483_noAttribute.wav,in_support,periodic_resonance,0.12504898011684418
ToyCar/train/section_00_source_train_normal_0484_noAttribute.wav,in_support,periodic_resonance,0.9695525765419006
ToyCar/train/section_00_source_train_normal_0485_noAttribute.wav,in_support,periodic_resonance,0.8537624478340149
ToyCar/train/section_00_source_train_normal_0486_noAttribute.wav,in_support,frequency_modulation,0.9552277326583862
ToyCar/train/section_00_source_train_normal_0487_noAttribute.wav,in_support,periodic_resonance,0.7512413859367371
ToyCar/train/section_00_source_train_normal_0488_noAttribute.wav,in_support,amplitude_modulation,0.728055477142334
ToyCar/train/section_00_source_train_normal_0489_noAttribute.wav,in_support,frequency_modulation,0.779329240322113
ToyCar/train/section_00_source_train_normal_0490_noAttribute.wav,in_support,amplitude_modulation,0.7601557374000549
ToyCar/train/section_00_source_train_normal_0491_noAttribute.wav,in_support,frequency_modulation,0.9067028760910034
ToyCar/train/section_00_source_train_normal_0492_noAttribute.wav,in_support,amplitude_modulation,0.9247825741767883
ToyCar/train/section_00_source_train_normal_0493_noAttribute.wav,in_support,amplitude_modulation,0.6043884754180908
ToyCar/train/section_00_source_train_normal_0494_noAttribute.wav,in_support,frequency_modulation,0.8933286070823669
ToyCar/train/section_00_source_train_normal_0495_noAttribute.wav,in_support,amplitude_modulation,0.7351552248001099
ToyCar/train/section_00_source_train_normal_0496_noAttribute.wav,in_support,frequency_modulation,0.9680100083351135
ToyCar/train/section_00_source_train_normal_0497_noAttribute.wav,in_support,periodic_resonance,0.5002036094665527
ToyCar/train/section_00_source_train_normal_0498_noAttribute.wav,in_support,periodic_resonance,0.16843323409557343
ToyCar/train/section_00_source_train_normal_0499_noAttribute.wav,in_support,periodic_resonance,0.758161723613739
ToyCar/train/section_00_source_train_normal_0500_noAttribute.wav,in_support,frequency_modulation,0.8843886852264404
ToyCar/train/section_00_source_train_normal_0501_noAttribute.wav,in_support,periodic_resonance,0.6309592127799988
ToyCar/train/section_00_source_train_normal_0502_noAttribute.wav,in_support,frequency_modulation,0.900784969329834
ToyCar/train/section_00_source_train_normal_0503_noAttribute.wav,in_support,amplitude_modulation,0.8216972351074219
ToyCar/train/section_00_source_train_normal_0504_noAttribute.wav,in_support,amplitude_modulation,0.7984641790390015
ToyCar/train/section_00_source_train_normal_0505_noAttribute.wav,in_support,amplitude_modulation,0.745708167552948
ToyCar/train/section_00_source_train_normal_0506_noAttribute.wav,in_support,amplitude_modulation,0.5105952024459839
ToyCar/train/section_00_source_train_normal_0507_noAttribute.wav,in_support,frequency_modulation,0.8336451649665833
ToyCar/train/section_00_source_train_normal_0508_noAttribute.wav,in_support,periodic_resonance,0.9838884472846985
ToyCar/train/section_00_source_train_normal_0509_noAttribute.wav,in_support,amplitude_modulation,0.6765690445899963
ToyCar/train/section_00_source_train_normal_0510_noAttribute.wav,in_support,amplitude_modulation,0.8248867988586426
ToyCar/train/section_00_source_train_normal_0511_noAttribute.wav,in_support,amplitude_modulation,0.8764859437942505
ToyCar/train/section_00_source_train_normal_0512_noAttribute.wav,in_support,periodic_resonance,0.581481397151947
ToyCar/train/section_00_source_train_normal_0513_noAttribute.wav,in_support,amplitude_modulation,0.969630777835846
ToyCar/train/section_00_source_train_normal_0514_noAttribute.wav,in_support,periodic_resonance,0.9547553658485413
ToyCar/train/section_00_source_train_normal_0515_noAttribute.wav,in_support,periodic_resonance,0.5231354832649231
ToyCar/train/section_00_source_train_normal_0516_noAttribute.wav,in_support,amplitude_modulation,0.8793994784355164
ToyCar/train/section_00_source_train_normal_0517_noAttribute.wav,in_support,amplitude_modulation,0.8175115585327148
ToyCar/train/section_00_source_train_normal_0518_noAttribute.wav,in_support,amplitude_modulation,0.9324074983596802
ToyCar/train/section_00_source_train_normal_0519_noAttribute.wav,in_support,periodic_resonance,0.982774019241333
ToyCar/train/section_00_source_train_normal_0520_noAttribute.wav,in_support,amplitude_modulation,0.7386385798454285
ToyCar/train/section_00_source_train_normal_0521_noAttribute.wav,in_support,periodic_resonance,0.2497788518667221
ToyCar/train/section_00_source_train_normal_0522_noAttribute.wav,in_support,amplitude_modulation,0.9471182227134705
ToyCar/train/section_00_source_train_normal_0523_noAttribute.wav,in_support,amplitude_modulation,0.8403924703598022
ToyCar/train/section_00_source_train_normal_0524_noAttribute.wav,in_support,periodic_resonance,0.6460410952568054
ToyCar/train/section_00_source_train_normal_0525_noAttribute.wav,in_support,frequency_modulation,0.9861287474632263
ToyCar/train/section_00_source_train_normal_0526_noAttribute.wav,in_support,frequency_modulation,0.7865899205207825
ToyCar/train/section_00_source_train_normal_0527_noAttribute.wav,in_support,periodic_resonance,0.8357228636741638
ToyCar/train/section_00_source_train_normal_0528_noAttribute.wav,in_support,frequency_modulation,0.9630557298660278
ToyCar/train/section_00_source_train_normal_0529_noAttribute.wav,in_support,amplitude_modulation,0.6654568910598755
ToyCar/train/section_00_source_train_normal_0530_noAttribute.wav,in_support,amplitude_modulation,0.8472704291343689
ToyCar/train/section_00_source_train_normal_0531_noAttribute.wav,in_support,amplitude_modulation,0.8558391332626343
ToyCar/train/section_00_source_train_normal_0532_noAttribute.wav,in_support,amplitude_modulation,0.8190956115722656
ToyCar/train/section_00_source_train_normal_0533_noAttribute.wav,in_support,periodic_resonance,0.6245930790901184
ToyCar/train/section_00_source_train_normal_0534_noAttribute.wav,in_support,amplitude_modulation,0.8891103267669678
ToyCar/train/section_00_source_train_normal_0535_noAttribute.wav,in_support,periodic_resonance,0.9918190240859985
ToyCar/train/section_00_source_train_normal_0536_noAttribute.wav,in_support,periodic_resonance,0.972161054611206
ToyCar/train/section_00_source_train_normal_0537_noAttribute.wav,in_support,periodic_resonance,0.9882100224494934
ToyCar/train/section_00_source_train_normal_0538_noAttribute.wav,in_support,periodic_resonance,0.9590616226196289
ToyCar/train/section_00_source_train_normal_0539_noAttribute.wav,in_support,amplitude_modulation,0.895216703414917
ToyCar/train/section_00_source_train_normal_0540_noAttribute.wav,in_support,frequency_modulation,0.9857905507087708
ToyCar/train/section_00_source_train_normal_0541_noAttribute.wav,in_support,amplitude_modulation,0.4330035448074341
ToyCar/train/section_00_source_train_normal_0542_noAttribute.wav,in_support,periodic_resonance,0.5174757242202759
ToyCar/train/section_00_source_train_normal_0543_noAttribute.wav,in_support,amplitude_modulation,0.7688085436820984
ToyCar/train/section_00_source_train_normal_0544_noAttribute.wav,in_support,periodic_resonance,0.9163287878036499
ToyCar/train/section_00_source_train_normal_0545_noAttribute.wav,in_support,amplitude_modulation,0.8568746447563171
ToyCar/train/section_00_source_train_normal_0546_noAttribute.wav,in_support,amplitude_modulation,0.668683648109436
ToyCar/train/section_00_source_train_normal_0547_noAttribute.wav,in_support,frequency_modulation,0.9422253370285034
ToyCar/train/section_00_source_train_normal_0548_noAttribute.wav,in_support,frequency_modulation,0.8689966201782227
ToyCar/train/section_00_source_train_normal_0549_noAttribute.wav,in_support,amplitude_modulation,0.9091765284538269
ToyCar/train/section_00_source_train_normal_0550_noAttribute.wav,in_support,periodic_resonance,0.5610324740409851
ToyCar/train/section_00_source_train_normal_0551_noAttribute.wav,in_support,frequency_modulation,0.9074257016181946
ToyCar/train/section_00_source_train_normal_0552_noAttribute.wav,in_support,amplitude_modulation,0.7787556052207947
ToyCar/train/section_00_source_train_normal_0553_noAttribute.wav,in_support,amplitude_modulation,0.8649875521659851
ToyCar/train/section_00_source_train_normal_0554_noAttribute.wav,in_support,periodic_resonance,0.9089516401290894
ToyCar/train/section_00_source_train_normal_0555_noAttribute.wav,in_support,periodic_resonance,0.9376291036605835
ToyCar/train/section_00_source_train_normal_0556_noAttribute.wav,in_support,periodic_resonance,0.968376636505127
ToyCar/train/section_00_source_train_normal_0557_noAttribute.wav,in_support,frequency_modulation,0.8958632349967957
ToyCar/train/section_00_source_train_normal_0558_noAttribute.wav,in_support,periodic_resonance,0.15062984824180603
ToyCar/train/section_00_source_train_normal_0559_noAttribute.wav,in_support,amplitude_modulation,0.8974432349205017
ToyCar/train/section_00_source_train_normal_0560_noAttribute.wav,in_support,periodic_resonance,0.4324338436126709
ToyCar/train/section_00_source_train_normal_0561_noAttribute.wav,in_support,frequency_modulation,0.7844386696815491
ToyCar/train/section_00_source_train_normal_0562_noAttribute.wav,in_support,amplitude_modulation,0.863895058631897
ToyCar/train/section_00_source_train_normal_0563_noAttribute.wav,in_support,frequency_modulation,0.8073969483375549
ToyCar/train/section_00_source_train_normal_0564_noAttribute.wav,in_support,amplitude_modulation,0.8065713047981262
ToyCar/train/section_00_source_train_normal_0565_noAttribute.wav,in_support,periodic_resonance,0.9575117826461792
ToyCar/train/section_00_source_train_normal_0566_noAttribute.wav,in_support,frequency_modulation,0.7936325669288635
ToyCar/train/section_00_source_train_normal_0567_noAttribute.wav,in_support,periodic_resonance,0.8628700375556946
ToyCar/train/section_00_source_train_normal_0568_noAttribute.wav,in_support,amplitude_modulation,0.7225200533866882
ToyCar/train/section_00_source_train_normal_0569_noAttribute.wav,in_support,frequency_modulation,0.9163504242897034
ToyCar/train/section_00_source_train_normal_0570_noAttribute.wav,in_support,amplitude_modulation,0.7622219920158386
ToyCar/train/section_00_source_train_normal_0571_noAttribute.wav,in_support,amplitude_modulation,0.6509572863578796
ToyCar/train/section_00_source_train_normal_0572_noAttribute.wav,in_support,amplitude_modulation,0.7457367777824402
ToyCar/train/section_00_source_train_normal_0573_noAttribute.wav,in_support,amplitude_modulation,0.9154687523841858
ToyCar/train/section_00_source_train_normal_0574_noAttribute.wav,in_support,amplitude_modulation,0.7068322896957397
ToyCar/train/section_00_source_train_normal_0575_noAttribute.wav,in_support,periodic_resonance,0.8143885135650635
ToyCar/train/section_00_source_train_normal_0576_noAttribute.wav,in_support,frequency_modulation,0.9923230409622192
ToyCar/train/section_00_source_train_normal_0577_noAttribute.wav,in_support,amplitude_modulation,0.7885704636573792
ToyCar/train/section_00_source_train_normal_0578_noAttribute.wav,in_support,frequency_modulation,0.9330875277519226
ToyCar/train/section_00_source_train_normal_0579_noAttribute.wav,in_support,periodic_resonance,0.7929128408432007
ToyCar/train/section_00_source_train_normal_0580_noAttribute.wav,in_support,frequency_modulation,0.8845052123069763
ToyCar/train/section_00_source_train_normal_0581_noAttribute.wav,in_support,frequency_modulation,0.9496578574180603
ToyCar/train/section_00_source_train_normal_0582_noAttribute.wav,in_support,frequency_modulation,0.986962616443634
ToyCar/train/section_00_source_train_normal_0583_noAttribute.wav,in_support,frequency_modulation,0.9297261834144592
ToyCar/train/section_00_source_train_normal_0584_noAttribute.wav,in_support,periodic_resonance,0.9656441807746887
ToyCar/train/section_00_source_train_normal_0585_noAttribute.wav,in_support,amplitude_modulation,0.7506024241447449
ToyCar/train/section_00_source_train_normal_0586_noAttribute.wav,in_support,frequency_modulation,0.9693451523780823
ToyCar/train/section_00_source_train_normal_0587_noAttribute.wav,in_support,periodic_resonance,0.8985766172409058
ToyCar/train/section_00_source_train_normal_0588_noAttribute.wav,in_support,periodic_resonance,0.9544660449028015
ToyCar/train/section_00_source_train_normal_0589_noAttribute.wav,in_support,frequency_modulation,0.9800026416778564
ToyCar/train/section_00_source_train_normal_0590_noAttribute.wav,in_support,frequency_modulation,0.953346848487854
ToyCar/train/section_00_source_train_normal_0591_noAttribute.wav,in_support,frequency_modulation,0.8235231637954712
ToyCar/train/section_00_source_train_normal_0592_noAttribute.wav,in_support,frequency_modulation,0.9828408360481262
ToyCar/train/section_00_source_train_normal_0593_noAttribute.wav,in_support,amplitude_modulation,0.8528606295585632
ToyCar/train/section_00_source_train_normal_0594_noAttribute.wav,in_support,frequency_modulation,0.9776056408882141
ToyCar/train/section_00_source_train_normal_0595_noAttribute.wav,in_support,amplitude_modulation,0.766177237033844
ToyCar/train/section_00_source_train_normal_0596_noAttribute.wav,in_support,periodic_resonance,0.9718340039253235
ToyCar/train/section_00_source_train_normal_0597_noAttribute.wav,in_support,periodic_resonance,0.1769128292798996
ToyCar/train/section_00_source_train_normal_0598_noAttribute.wav,in_support,periodic_resonance,0.7772907018661499
ToyCar/train/section_00_source_train_normal_0599_noAttribute.wav,in_support,periodic_resonance,0.12191285192966461
ToyCar/train/section_00_source_train_normal_0600_noAttribute.wav,in_support,periodic_resonance,0.9809454679489136
ToyCar/train/section_00_source_train_normal_0601_noAttribute.wav,in_support,periodic_resonance,0.47643113136291504
ToyCar/train/section_00_source_train_normal_0602_noAttribute.wav,in_support,frequency_modulation,0.918501615524292
ToyCar/train/section_00_source_train_normal_0603_noAttribute.wav,in_support,periodic_resonance,0.7123887538909912
ToyCar/train/section_00_source_train_normal_0604_noAttribute.wav,in_support,amplitude_modulation,0.7388118505477905
ToyCar/train/section_00_source_train_normal_0605_noAttribute.wav,in_support,amplitude_modulation,0.7349156737327576
ToyCar/train/section_00_source_train_normal_0606_noAttribute.wav,in_support,frequency_modulation,0.7845382690429688
ToyCar/train/section_00_source_train_normal_0607_noAttribute.wav,in_support,amplitude_modulation,0.7124647498130798
ToyCar/train/section_00_source_train_normal_0608_noAttribute.wav,in_support,periodic_resonance,0.28130653500556946
ToyCar/train/section_00_source_train_normal_0609_noAttribute.wav,in_support,periodic_resonance,0.9535857439041138
ToyCar/train/section_00_source_train_normal_0610_noAttribute.wav,in_support,frequency_modulation,0.9057247638702393
ToyCar/train/section_00_source_train_normal_0611_noAttribute.wav,in_support,periodic_resonance,0.5952417850494385
ToyCar/train/section_00_source_train_normal_0612_noAttribute.wav,in_support,amplitude_modulation,0.883275032043457
ToyCar/train/section_00_source_train_normal_0613_noAttribute.wav,in_support,amplitude_modulation,0.6254327893257141
ToyCar/train/section_00_source_train_normal_0614_noAttribute.wav,in_support,periodic_resonance,0.6417012214660645
ToyCar/train/section_00_source_train_normal_0615_noAttribute.wav,in_support,periodic_resonance,0.11543861031532288
ToyCar/train/section_00_source_train_normal_0616_noAttribute.wav,in_support,frequency_modulation,0.6176600456237793
ToyCar/train/section_00_source_train_normal_0617_noAttribute.wav,in_support,frequency_modulation,0.8691368103027344
ToyCar/train/section_00_source_train_normal_0618_noAttribute.wav,in_support,frequency_modulation,0.8126791715621948
ToyCar/train/section_00_source_train_normal_0619_noAttribute.wav,in_support,frequency_modulation,0.8165766000747681
ToyCar/train/section_00_source_train_normal_0620_noAttribute.wav,in_support,amplitude_modulation,0.6146731376647949
ToyCar/train/section_00_source_train_normal_0621_noAttribute.wav,in_support,periodic_resonance,0.9805733561515808
ToyCar/train/section_00_source_train_normal_0622_noAttribute.wav,in_support,periodic_resonance,0.9470000863075256
ToyCar/train/section_00_source_train_normal_0623_noAttribute.wav,in_support,frequency_modulation,0.7156580090522766
ToyCar/train/section_00_source_train_normal_0624_noAttribute.wav,in_support,periodic_resonance,0.17897038161754608
ToyCar/train/section_00_source_train_normal_0625_noAttribute.wav,in_support,frequency_modulation,0.9144812226295471
ToyCar/train/section_00_source_train_normal_0626_noAttribute.wav,in_support,periodic_resonance,0.9239952564239502
ToyCar/train/section_00_source_train_normal_0627_noAttribute.wav,in_support,amplitude_modulation,0.6892305612564087
ToyCar/train/section_00_source_train_normal_0628_noAttribute.wav,in_support,frequency_modulation,0.9239137172698975
ToyCar/train/section_00_source_train_normal_0629_noAttribute.wav,in_support,amplitude_modulation,0.785224437713623
ToyCar/train/section_00_source_train_normal_0630_noAttribute.wav,in_support,periodic_resonance,0.922691822052002
ToyCar/train/section_00_source_train_normal_0631_noAttribute.wav,in_support,frequency_modulation,0.7856423854827881
ToyCar/train/section_00_source_train_normal_0632_noAttribute.wav,in_support,periodic_resonance,0.5488613247871399
ToyCar/train/section_00_source_train_normal_0633_noAttribute.wav,in_support,amplitude_modulation,0.8318156599998474
ToyCar/train/section_00_source_train_normal_0634_noAttribute.wav,in_support,frequency_modulation,0.9777678847312927
ToyCar/train/section_00_source_train_normal_0635_noAttribute.wav,in_support,periodic_resonance,0.9614966511726379
ToyCar/train/section_00_source_train_normal_0636_noAttribute.wav,in_support,periodic_resonance,0.16604824364185333
ToyCar/train/section_00_source_train_normal_0637_noAttribute.wav,in_support,amplitude_modulation,0.7884907126426697
ToyCar/train/section_00_source_train_normal_0638_noAttribute.wav,in_support,amplitude_modulation,0.6388673782348633
ToyCar/train/section_00_source_train_normal_0639_noAttribute.wav,in_support,periodic_resonance,0.9907135367393494
ToyCar/train/section_00_source_train_normal_0640_noAttribute.wav,in_support,periodic_resonance,0.9122391939163208
ToyCar/train/section_00_source_train_normal_0641_noAttribute.wav,in_support,frequency_modulation,0.9763433933258057
ToyCar/train/section_00_source_train_normal_0642_noAttribute.wav,in_support,frequency_modulation,0.9782158732414246
ToyCar/train/section_00_source_train_normal_0643_noAttribute.wav,in_support,frequency_modulation,0.9512494802474976
ToyCar/train/section_00_source_train_normal_0644_noAttribute.wav,in_support,amplitude_modulation,0.835445761680603
ToyCar/train/section_00_source_train_normal_0645_noAttribute.wav,in_support,frequency_modulation,0.8795564770698547
ToyCar/train/section_00_source_train_normal_0646_noAttribute.wav,in_support,amplitude_modulation,0.6191788911819458
ToyCar/train/section_00_source_train_normal_0647_noAttribute.wav,in_support,amplitude_modulation,0.5241223573684692
ToyCar/train/section_00_source_train_normal_0648_noAttribute.wav,in_support,frequency_modulation,0.9507471919059753
ToyCar/train/section_00_source_train_normal_0649_noAttribute.wav,in_support,amplitude_modulation,0.9263043999671936
ToyCar/train/section_00_source_train_normal_0650_noAttribute.wav,in_support,periodic_resonance,0.9939510822296143
ToyCar/train/section_00_source_train_normal_0651_noAttribute.wav,in_support,frequency_modulation,0.9502468109130859
ToyCar/train/section_00_source_train_normal_0652_noAttribute.wav,in_support,frequency_modulation,0.9817370772361755
ToyCar/train/section_00_source_train_normal_0653_noAttribute.wav,in_support,frequency_modulation,0.8487153649330139
ToyCar/train/section_00_source_train_normal_0654_noAttribute.wav,in_support,amplitude_modulation,0.6917765140533447
ToyCar/train/section_00_source_train_normal_0655_noAttribute.wav,in_support,amplitude_modulation,0.8838713765144348
ToyCar/train/section_00_source_train_normal_0656_noAttribute.wav,in_support,frequency_modulation,0.9397487044334412
ToyCar/train/section_00_source_train_normal_0657_noAttribute.wav,in_support,frequency_modulation,0.9674497246742249
ToyCar/train/section_00_source_train_normal_0658_noAttribute.wav,in_support,amplitude_modulation,0.5692492723464966
ToyCar/train/section_00_source_train_normal_0659_noAttribute.wav,in_support,periodic_resonance,0.7568033337593079
ToyCar/train/section_00_source_train_normal_0660_noAttribute.wav,in_support,frequency_modulation,0.959232747554779
ToyCar/train/section_00_source_train_normal_0661_noAttribute.wav,in_support,amplitude_modulation,0.7804992198944092
ToyCar/train/section_00_source_train_normal_0662_noAttribute.wav,in_support,frequency_modulation,0.8091444373130798
ToyCar/train/section_00_source_train_normal_0663_noAttribute.wav,in_support,frequency_modulation,0.7918557524681091
ToyCar/train/section_00_source_train_normal_0664_noAttribute.wav,in_support,frequency_modulation,0.7509170174598694
ToyCar/train/section_00_source_train_normal_0665_noAttribute.wav,in_support,periodic_resonance,0.23550395667552948
ToyCar/train/section_00_source_train_normal_0666_noAttribute.wav,in_support,periodic_resonance,0.9859036207199097
ToyCar/train/section_00_source_train_normal_0667_noAttribute.wav,in_support,frequency_modulation,0.9121583104133606
ToyCar/train/section_00_source_train_normal_0668_noAttribute.wav,in_support,frequency_modulation,0.9442833065986633
ToyCar/train/section_00_source_train_normal_0669_noAttribute.wav,in_support,frequency_modulation,0.9136609435081482
ToyCar/train/section_00_source_train_normal_0670_noAttribute.wav,in_support,amplitude_modulation,0.9168895483016968
ToyCar/train/section_00_source_train_normal_0671_noAttribute.wav,in_support,periodic_resonance,0.24460677802562714
ToyCar/train/section_00_source_train_normal_0672_noAttribute.wav,in_support,amplitude_modulation,0.5970131158828735
ToyCar/train/section_00_source_train_normal_0673_noAttribute.wav,in_support,periodic_resonance,0.7312682271003723
ToyCar/train/section_00_source_train_normal_0674_noAttribute.wav,in_support,periodic_resonance,0.5625653266906738
ToyCar/train/section_00_source_train_normal_0675_noAttribute.wav,in_support,amplitude_modulation,0.6737831830978394
ToyCar/train/section_00_source_train_normal_0676_noAttribute.wav,in_support,amplitude_modulation,0.8695069551467896
ToyCar/train/section_00_source_train_normal_0677_noAttribute.wav,in_support,frequency_modulation,0.8018794059753418
ToyCar/train/section_00_source_train_normal_0678_noAttribute.wav,in_support,periodic_resonance,0.6125151515007019
ToyCar/train/section_00_source_train_normal_0679_noAttribute.wav,in_support,periodic_resonance,0.8857761025428772
ToyCar/train/section_00_source_train_normal_0680_noAttribute.wav,in_support,periodic_resonance,0.9567040801048279
ToyCar/train/section_00_source_train_normal_0681_noAttribute.wav,in_support,amplitude_modulation,0.7286729216575623
ToyCar/train/section_00_source_train_normal_0682_noAttribute.wav,in_support,amplitude_modulation,0.9014239311218262
ToyCar/train/section_00_source_train_normal_0683_noAttribute.wav,in_support,amplitude_modulation,0.8155278563499451
ToyCar/train/section_00_source_train_normal_0684_noAttribute.wav,in_support,periodic_resonance,0.8027048707008362
ToyCar/train/section_00_source_train_normal_0685_noAttribute.wav,in_support,periodic_resonance,0.9752089381217957
ToyCar/train/section_00_source_train_normal_0686_noAttribute.wav,in_support,periodic_resonance,0.962824821472168
ToyCar/train/section_00_source_train_normal_0687_noAttribute.wav,in_support,periodic_resonance,0.7463235259056091
ToyCar/train/section_00_source_train_normal_0688_noAttribute.wav,in_support,periodic_resonance,0.8528299927711487
ToyCar/train/section_00_source_train_normal_0689_noAttribute.wav,in_support,amplitude_modulation,0.7973893284797668
ToyCar/train/section_00_source_train_normal_0690_noAttribute.wav,in_support,amplitude_modulation,0.9132943153381348
ToyCar/train/section_00_source_train_normal_0691_noAttribute.wav,in_support,frequency_modulation,0.6741155982017517
ToyCar/train/section_00_source_train_normal_0692_noAttribute.wav,in_support,amplitude_modulation,0.893795907497406
ToyCar/train/section_00_source_train_normal_0693_noAttribute.wav,in_support,amplitude_modulation,0.8807222247123718
ToyCar/train/section_00_source_train_normal_0694_noAttribute.wav,in_support,frequency_modulation,0.9340269565582275
ToyCar/train/section_00_source_train_normal_0695_noAttribute.wav,in_support,amplitude_modulation,0.7781422734260559
ToyCar/train/section_00_source_train_normal_0696_noAttribute.wav,in_support,periodic_resonance,0.9476023316383362
ToyCar/train/section_00_source_train_normal_0697_noAttribute.wav,in_support,frequency_modulation,0.8248993754386902
ToyCar/train/section_00_source_train_normal_0698_noAttribute.wav,in_support,periodic_resonance,0.9799740314483643
ToyCar/train/section_00_source_train_normal_0699_noAttribute.wav,in_support,frequency_modulation,0.9367409944534302
ToyCar/train/section_00_source_train_normal_0700_noAttribute.wav,in_support,frequency_modulation,0.9779212474822998
ToyCar/train/section_00_source_train_normal_0701_noAttribute.wav,in_support,periodic_resonance,0.9725190997123718
ToyCar/train/section_00_source_train_normal_0702_noAttribute.wav,in_support,periodic_resonance,0.1282484084367752
ToyCar/train/section_00_source_train_normal_0703_noAttribute.wav,in_support,amplitude_modulation,0.8996115922927856
ToyCar/train/section_00_source_train_normal_0704_noAttribute.wav,in_support,amplitude_modulation,0.8932686448097229
ToyCar/train/section_00_source_train_normal_0705_noAttribute.wav,in_support,frequency_modulation,0.9416570663452148
ToyCar/train/section_00_source_train_normal_0706_noAttribute.wav,in_support,periodic_resonance,0.8450235724449158
ToyCar/train/section_00_source_train_normal_0707_noAttribute.wav,in_support,frequency_modulation,0.975216269493103
ToyCar/train/section_00_source_train_normal_0708_noAttribute.wav,in_support,periodic_resonance,0.9640082716941833
ToyCar/train/section_00_source_train_normal_0709_noAttribute.wav,in_support,amplitude_modulation,0.7595222592353821
ToyCar/train/section_00_source_train_normal_0710_noAttribute.wav,in_support,periodic_resonance,0.2658692002296448
ToyCar/train/section_00_source_train_normal_0711_noAttribute.wav,in_support,amplitude_modulation,0.665560245513916
ToyCar/train/section_00_source_train_normal_0712_noAttribute.wav,in_support,periodic_resonance,0.9751230478286743
ToyCar/train/section_00_source_train_normal_0713_noAttribute.wav,in_support,amplitude_modulation,0.8373249173164368
ToyCar/train/section_00_source_train_normal_0714_noAttribute.wav,in_support,amplitude_modulation,0.8876441121101379
ToyCar/train/section_00_source_train_normal_0715_noAttribute.wav,in_support,frequency_modulation,0.7214378118515015
ToyCar/train/section_00_source_train_normal_0716_noAttribute.wav,in_support,frequency_modulation,0.9726482033729553
ToyCar/train/section_00_source_train_normal_0717_noAttribute.wav,in_support,amplitude_modulation,0.7138321995735168
ToyCar/train/section_00_source_train_normal_0718_noAttribute.wav,in_support,periodic_resonance,0.9941538572311401
ToyCar/train/section_00_source_train_normal_0719_noAttribute.wav,in_support,amplitude_modulation,0.9216543436050415
ToyCar/train/section_00_source_train_normal_0720_noAttribute.wav,in_support,amplitude_modulation,0.7624779939651489
ToyCar/train/section_00_source_train_normal_0721_noAttribute.wav,in_support,frequency_modulation,0.830070436000824
ToyCar/train/section_00_source_train_normal_0722_noAttribute.wav,in_support,periodic_resonance,0.5299075245857239
ToyCar/train/section_00_source_train_normal_0723_noAttribute.wav,in_support,frequency_modulation,0.9434754848480225
ToyCar/train/section_00_source_train_normal_0724_noAttribute.wav,in_support,frequency_modulation,0.9170701503753662
ToyCar/train/section_00_source_train_normal_0725_noAttribute.wav,in_support,periodic_resonance,0.40083274245262146
ToyCar/train/section_00_source_train_normal_0726_noAttribute.wav,in_support,frequency_modulation,0.9292899966239929
ToyCar/train/section_00_source_train_normal_0727_noAttribute.wav,in_support,amplitude_modulation,0.6583875417709351
ToyCar/train/section_00_source_train_normal_0728_noAttribute.wav,in_support,periodic_resonance,0.28230810165405273
ToyCar/train/section_00_source_train_normal_0729_noAttribute.wav,in_support,frequency_modulation,0.9476679563522339
ToyCar/train/section_00_source_train_normal_0730_noAttribute.wav,in_support,amplitude_modulation,0.587914228439331
ToyCar/train/section_00_source_train_normal_0731_noAttribute.wav,in_support,amplitude_modulation,0.7064516544342041
ToyCar/train/section_00_source_train_normal_0732_noAttribute.wav,in_support,frequency_modulation,0.9246948957443237
ToyCar/train/section_00_source_train_normal_0733_noAttribute.wav,in_support,frequency_modulation,0.9685479998588562
ToyCar/train/section_00_source_train_normal_0734_noAttribute.wav,in_support,amplitude_modulation,0.8272631168365479
ToyCar/train/section_00_source_train_normal_0735_noAttribute.wav,in_support,amplitude_modulation,0.7914189696311951
ToyCar/train/section_00_source_train_normal_0736_noAttribute.wav,in_support,amplitude_modulation,0.8461863994598389
ToyCar/train/section_00_source_train_normal_0737_noAttribute.wav,in_support,periodic_resonance,0.9788016080856323
ToyCar/train/section_00_source_train_normal_0738_noAttribute.wav,in_support,amplitude_modulation,0.8516550064086914
ToyCar/train/section_00_source_train_normal_0739_noAttribute.wav,in_support,amplitude_modulation,0.8229121565818787
ToyCar/train/section_00_source_train_normal_0740_noAttribute.wav,in_support,periodic_resonance,0.9273884296417236
ToyCar/train/section_00_source_train_normal_0741_noAttribute.wav,in_support,frequency_modulation,0.935684084892273
ToyCar/train/section_00_source_train_normal_0742_noAttribute.wav,in_support,amplitude_modulation,0.8821091651916504
ToyCar/train/section_00_source_train_normal_0743_noAttribute.wav,in_support,amplitude_modulation,0.6717586517333984
ToyCar/train/section_00_source_train_normal_0744_noAttribute.wav,in_support,amplitude_modulation,0.7669166326522827
ToyCar/train/section_00_source_train_normal_0745_noAttribute.wav,in_support,periodic_resonance,0.9100390672683716
ToyCar/train/section_00_source_train_normal_0746_noAttribute.wav,in_support,frequency_modulation,0.9363029599189758
ToyCar/train/section_00_source_train_normal_0747_noAttribute.wav,in_support,amplitude_modulation,0.823889434337616
ToyCar/train/section_00_source_train_normal_0748_noAttribute.wav,in_support,frequency_modulation,0.9263874888420105
ToyCar/train/section_00_source_train_normal_0749_noAttribute.wav,in_support,amplitude_modulation,0.9195008873939514
ToyCar/train/section_00_source_train_normal_0750_noAttribute.wav,in_support,amplitude_modulation,0.8485819697380066
ToyCar/train/section_00_source_train_normal_0751_noAttribute.wav,in_support,amplitude_modulation,0.913796067237854
ToyCar/train/section_00_source_train_normal_0752_noAttribute.wav,in_support,amplitude_modulation,0.8604499101638794
ToyCar/train/section_00_source_train_normal_0753_noAttribute.wav,in_support,periodic_resonance,0.9800950884819031
ToyCar/train/section_00_source_train_normal_0754_noAttribute.wav,in_support,amplitude_modulation,0.668175458908081
ToyCar/train/section_00_source_train_normal_0755_noAttribute.wav,in_support,amplitude_modulation,0.8261348009109497
ToyCar/train/section_00_source_train_normal_0756_noAttribute.wav,in_support,frequency_modulation,0.8638128042221069
ToyCar/train/section_00_source_train_normal_0757_noAttribute.wav,in_support,frequency_modulation,0.9508032202720642
ToyCar/train/section_00_source_train_normal_0758_noAttribute.wav,in_support,amplitude_modulation,0.7871208190917969
ToyCar/train/section_00_source_train_normal_0759_noAttribute.wav,in_support,frequency_modulation,0.9765134453773499
ToyCar/train/section_00_source_train_normal_0760_noAttribute.wav,in_support,periodic_resonance,0.9528182744979858
ToyCar/train/section_00_source_train_normal_0761_noAttribute.wav,in_support,periodic_resonance,0.5541226863861084
ToyCar/train/section_00_source_train_normal_0762_noAttribute.wav,in_support,amplitude_modulation,0.9655547142028809
ToyCar/train/section_00_source_train_normal_0763_noAttribute.wav,in_support,amplitude_modulation,0.6244152188301086
ToyCar/train/section_00_source_train_normal_0764_noAttribute.wav,in_support,frequency_modulation,0.9374675154685974
ToyCar/train/section_00_source_train_normal_0765_noAttribute.wav,in_support,periodic_resonance,0.9521126747131348
ToyCar/train/section_00_source_train_normal_0766_noAttribute.wav,in_support,frequency_modulation,0.838249146938324
ToyCar/train/section_00_source_train_normal_0767_noAttribute.wav,in_support,amplitude_modulation,0.7261609435081482
ToyCar/train/section_00_source_train_normal_0768_noAttribute.wav,in_support,periodic_resonance,0.8716872930526733
ToyCar/train/section_00_source_train_normal_0769_noAttribute.wav,in_support,frequency_modulation,0.8861690759658813
ToyCar/train/section_00_source_train_normal_0770_noAttribute.wav,in_support,amplitude_modulation,0.747226893901825
ToyCar/train/section_00_source_train_normal_0771_noAttribute.wav,in_support,periodic_resonance,0.7047077417373657
ToyCar/train/section_00_source_train_normal_0772_noAttribute.wav,in_support,frequency_modulation,0.9630852341651917
ToyCar/train/section_00_source_train_normal_0773_noAttribute.wav,in_support,periodic_resonance,0.8503883481025696
ToyCar/train/section_00_source_train_normal_0774_noAttribute.wav,in_support,amplitude_modulation,0.747138500213623
ToyCar/train/section_00_source_train_normal_0775_noAttribute.wav,in_support,frequency_modulation,0.9336031675338745
ToyCar/train/section_00_source_train_normal_0776_noAttribute.wav,in_support,frequency_modulation,0.9275215268135071
ToyCar/train/section_00_source_train_normal_0777_noAttribute.wav,in_support,frequency_modulation,0.9481630921363831
ToyCar/train/section_00_source_train_normal_0778_noAttribute.wav,in_support,frequency_modulation,0.9538500905036926
ToyCar/train/section_00_source_train_normal_0779_noAttribute.wav,in_support,amplitude_modulation,0.7825513482093811
ToyCar/train/section_00_source_train_normal_0780_noAttribute.wav,in_support,amplitude_modulation,0.8531981110572815
ToyCar/train/section_00_source_train_normal_0781_noAttribute.wav,in_support,amplitude_modulation,0.818132221698761
ToyCar/train/section_00_source_train_normal_0782_noAttribute.wav,in_support,amplitude_modulation,0.9829885959625244
ToyCar/train/section_00_source_train_normal_0783_noAttribute.wav,in_support,frequency_modulation,0.9441487193107605
ToyCar/train/section_00_source_train_normal_0784_noAttribute.wav,in_support,amplitude_modulation,0.6646207571029663
ToyCar/train/section_00_source_train_normal_0785_noAttribute.wav,in_support,amplitude_modulation,0.9659926891326904
ToyCar/train/section_00_source_train_normal_0786_noAttribute.wav,in_support,periodic_resonance,0.5304130911827087
ToyCar/train/section_00_source_train_normal_0787_noAttribute.wav,in_support,amplitude_modulation,0.8898559212684631
ToyCar/train/section_00_source_train_normal_0788_noAttribute.wav,in_support,frequency_modulation,0.9746366739273071
ToyCar/train/section_00_source_train_normal_0789_noAttribute.wav,in_support,frequency_modulation,0.9282633662223816
ToyCar/train/section_00_source_train_normal_0790_noAttribute.wav,in_support,amplitude_modulation,0.8565986752510071
ToyCar/train/section_00_source_train_normal_0791_noAttribute.wav,in_support,periodic_resonance,0.3562692701816559
ToyCar/train/section_00_source_train_normal_0792_noAttribute.wav,in_support,periodic_resonance,0.5561478137969971
ToyCar/train/section_00_source_train_normal_0793_noAttribute.wav,in_support,periodic_resonance,0.8682661056518555
ToyCar/train/section_00_source_train_normal_0794_noAttribute.wav,in_support,frequency_modulation,0.9322983026504517
ToyCar/train/section_00_source_train_normal_0795_noAttribute.wav,in_support,amplitude_modulation,0.9453009963035583
ToyCar/train/section_00_source_train_normal_0796_noAttribute.wav,in_support,frequency_modulation,0.9236326813697815
ToyCar/train/section_00_source_train_normal_0797_noAttribute.wav,in_support,frequency_modulation,0.7521704435348511
ToyCar/train/section_00_source_train_normal_0798_noAttribute.wav,in_support,amplitude_modulation,0.8608752489089966
ToyCar/train/section_00_source_train_normal_0799_noAttribute.wav,in_support,periodic_resonance,0.8555830717086792
ToyCar/train/section_00_source_train_normal_0800_noAttribute.wav,in_support,periodic_resonance,0.977135956287384
ToyCar/train/section_00_source_train_normal_0801_noAttribute.wav,in_support,amplitude_modulation,0.6865683197975159
ToyCar/train/section_00_source_train_normal_0802_noAttribute.wav,in_support,frequency_modulation,0.9516733288764954
ToyCar/train/section_00_source_train_normal_0803_noAttribute.wav,in_support,amplitude_modulation,0.8890184164047241
ToyCar/train/section_00_source_train_normal_0804_noAttribute.wav,in_support,amplitude_modulation,0.4876598119735718
ToyCar/train/section_00_source_train_normal_0805_noAttribute.wav,in_support,amplitude_modulation,0.8036726117134094
ToyCar/train/section_00_source_train_normal_0806_noAttribute.wav,in_support,frequency_modulation,0.9211753606796265
ToyCar/train/section_00_source_train_normal_0807_noAttribute.wav,in_support,amplitude_modulation,0.8128718733787537
ToyCar/train/section_00_source_train_normal_0808_noAttribute.wav,in_support,amplitude_modulation,0.9011461138725281
ToyCar/train/section_00_source_train_normal_0809_noAttribute.wav,in_support,frequency_modulation,0.9014783501625061
ToyCar/train/section_00_source_train_normal_0810_noAttribute.wav,in_support,frequency_modulation,0.9488459825515747
ToyCar/train/section_00_source_train_normal_0811_noAttribute.wav,in_support,periodic_resonance,0.21066910028457642
ToyCar/train/section_00_source_train_normal_0812_noAttribute.wav,in_support,amplitude_modulation,0.8958010077476501
ToyCar/train/section_00_source_train_normal_0813_noAttribute.wav,in_support,periodic_resonance,0.5541016459465027
ToyCar/train/section_00_source_train_normal_0814_noAttribute.wav,in_support,amplitude_modulation,0.9513232707977295
ToyCar/train/section_00_source_train_normal_0815_noAttribute.wav,in_support,amplitude_modulation,0.9506340622901917
ToyCar/train/section_00_source_train_normal_0816_noAttribute.wav,in_support,amplitude_modulation,0.8308441638946533
ToyCar/train/section_00_source_train_normal_0817_noAttribute.wav,in_support,amplitude_modulation,0.8510398268699646
ToyCar/train/section_00_source_train_normal_0818_noAttribute.wav,in_support,amplitude_modulation,0.9036129713058472
ToyCar/train/section_00_source_train_normal_0819_noAttribute.wav,in_support,amplitude_modulation,0.691675066947937
ToyCar/train/section_00_source_train_normal_0820_noAttribute.wav,in_support,periodic_resonance,0.22904735803604126
ToyCar/train/section_00_source_train_normal_0821_noAttribute.wav,in_support,amplitude_modulation,0.7342209815979004
ToyCar/train/section_00_source_train_normal_0822_noAttribute.wav,in_support,frequency_modulation,0.933952271938324
ToyCar/train/section_00_source_train_normal_0823_noAttribute.wav,in_support,amplitude_modulation,0.9529431462287903
ToyCar/train/section_00_source_train_normal_0824_noAttribute.wav,in_support,amplitude_modulation,0.8943095803260803
ToyCar/train/section_00_source_train_normal_0825_noAttribute.wav,in_support,periodic_resonance,0.9060975313186646
ToyCar/train/section_00_source_train_normal_0826_noAttribute.wav,in_support,frequency_modulation,0.9547656178474426
ToyCar/train/section_00_source_train_normal_0827_noAttribute.wav,in_support,frequency_modulation,0.93902188539505
ToyCar/train/section_00_source_train_normal_0828_noAttribute.wav,in_support,amplitude_modulation,0.9144309759140015
ToyCar/train/section_00_source_train_normal_0829_noAttribute.wav,in_support,frequency_modulation,0.9738277792930603
ToyCar/train/section_00_source_train_normal_0830_noAttribute.wav,in_support,frequency_modulation,0.953700602054596
ToyCar/train/section_00_source_train_normal_0831_noAttribute.wav,in_support,amplitude_modulation,0.8405224680900574
ToyCar/train/section_00_source_train_normal_0832_noAttribute.wav,in_support,frequency_modulation,0.8251262903213501
ToyCar/train/section_00_source_train_normal_0833_noAttribute.wav,in_support,amplitude_modulation,0.8268837928771973
ToyCar/train/section_00_source_train_normal_0834_noAttribute.wav,in_support,amplitude_modulation,0.6452770829200745
ToyCar/train/section_00_source_train_normal_0835_noAttribute.wav,in_support,periodic_resonance,0.12001301348209381
ToyCar/train/section_00_source_train_normal_0836_noAttribute.wav,in_support,periodic_resonance,0.9799046516418457
ToyCar/train/section_00_source_train_normal_0837_noAttribute.wav,in_support,amplitude_modulation,0.6463549137115479
ToyCar/train/section_00_source_train_normal_0838_noAttribute.wav,in_support,amplitude_modulation,0.7099452018737793
ToyCar/train/section_00_source_train_normal_0839_noAttribute.wav,in_support,periodic_resonance,0.959044337272644
ToyCar/train/section_00_source_train_normal_0840_noAttribute.wav,in_support,frequency_modulation,0.8030010461807251
ToyCar/train/section_00_source_train_normal_0841_noAttribute.wav,in_support,frequency_modulation,0.8143967390060425
ToyCar/train/section_00_source_train_normal_0842_noAttribute.wav,in_support,periodic_resonance,0.977719247341156
ToyCar/train/section_00_source_train_normal_0843_noAttribute.wav,in_support,periodic_resonance,0.14273740351200104
ToyCar/train/section_00_source_train_normal_0844_noAttribute.wav,in_support,amplitude_modulation,0.8482942581176758
ToyCar/train/section_00_source_train_normal_0845_noAttribute.wav,in_support,frequency_modulation,0.816988468170166
ToyCar/train/section_00_source_train_normal_0846_noAttribute.wav,in_support,amplitude_modulation,0.7019424438476562
ToyCar/train/section_00_source_train_normal_0847_noAttribute.wav,in_support,frequency_modulation,0.9262686967849731
ToyCar/train/section_00_source_train_normal_0848_noAttribute.wav,in_support,frequency_modulation,0.7512264251708984
ToyCar/train/section_00_source_train_normal_0849_noAttribute.wav,in_support,frequency_modulation,0.8237504959106445
ToyCar/train/section_00_source_train_normal_0850_noAttribute.wav,in_support,amplitude_modulation,0.6588686108589172
ToyCar/train/section_00_source_train_normal_0851_noAttribute.wav,in_support,periodic_resonance,0.6448540687561035
ToyCar/train/section_00_source_train_normal_0852_noAttribute.wav,in_support,amplitude_modulation,0.8129129409790039
ToyCar/train/section_00_source_train_normal_0853_noAttribute.wav,in_support,amplitude_modulation,0.8498840928077698
ToyCar/train/section_00_source_train_normal_0854_noAttribute.wav,in_support,frequency_modulation,0.9330124855041504
ToyCar/train/section_00_source_train_normal_0855_noAttribute.wav,in_support,frequency_modulation,0.9963642358779907
ToyCar/train/section_00_source_train_normal_0856_noAttribute.wav,in_support,amplitude_modulation,0.9244548678398132
ToyCar/train/section_00_source_train_normal_0857_noAttribute.wav,in_support,amplitude_modulation,0.8084443807601929
ToyCar/train/section_00_source_train_normal_0858_noAttribute.wav,in_support,periodic_resonance,0.16945013403892517
ToyCar/train/section_00_source_train_normal_0859_noAttribute.wav,in_support,amplitude_modulation,0.8513500094413757
ToyCar/train/section_00_source_train_normal_0860_noAttribute.wav,in_support,frequency_modulation,0.9359602332115173
ToyCar/train/section_00_source_train_normal_0861_noAttribute.wav,in_support,amplitude_modulation,0.7637141346931458
ToyCar/train/section_00_source_train_normal_0862_noAttribute.wav,in_support,periodic_resonance,0.43117040395736694
ToyCar/train/section_00_source_train_normal_0863_noAttribute.wav,in_support,periodic_resonance,0.7157023549079895
ToyCar/train/section_00_source_train_normal_0864_noAttribute.wav,in_support,amplitude_modulation,0.8467909097671509
ToyCar/train/section_00_source_train_normal_0865_noAttribute.wav,in_support,periodic_resonance,0.33504852652549744
ToyCar/train/section_00_source_train_normal_0866_noAttribute.wav,in_support,frequency_modulation,0.8866440057754517
ToyCar/train/section_00_source_train_normal_0867_noAttribute.wav,in_support,amplitude_modulation,0.7437896132469177
ToyCar/train/section_00_source_train_normal_0868_noAttribute.wav,in_support,amplitude_modulation,0.9336858987808228
ToyCar/train/section_00_source_train_normal_0869_noAttribute.wav,in_support,frequency_modulation,0.772872805595398
ToyCar/train/section_00_source_train_normal_0870_noAttribute.wav,in_support,periodic_resonance,0.9649420380592346
ToyCar/train/section_00_source_train_normal_0871_noAttribute.wav,in_support,frequency_modulation,0.9233891367912292
ToyCar/train/section_00_source_train_normal_0872_noAttribute.wav,in_support,amplitude_modulation,0.9313759803771973
ToyCar/train/section_00_source_train_normal_0873_noAttribute.wav,in_support,periodic_resonance,0.8906491994857788
ToyCar/train/section_00_source_train_normal_0874_noAttribute.wav,in_support,amplitude_modulation,0.9099962115287781
ToyCar/train/section_00_source_train_normal_0875_noAttribute.wav,in_support,frequency_modulation,0.9464261531829834
ToyCar/train/section_00_source_train_normal_0876_noAttribute.wav,in_support,frequency_modulation,0.9054187536239624
ToyCar/train/section_00_source_train_normal_0877_noAttribute.wav,in_support,amplitude_modulation,0.7245604395866394
ToyCar/train/section_00_source_train_normal_0878_noAttribute.wav,in_support,amplitude_modulation,0.8446394205093384
ToyCar/train/section_00_source_train_normal_0879_noAttribute.wav,in_support,amplitude_modulation,0.6219253540039062
ToyCar/train/section_00_source_train_normal_0880_noAttribute.wav,in_support,amplitude_modulation,0.5748311877250671
ToyCar/train/section_00_source_train_normal_0881_noAttribute.wav,in_support,periodic_resonance,0.5686120986938477
ToyCar/train/section_00_source_train_normal_0882_noAttribute.wav,in_support,frequency_modulation,0.9368889331817627
ToyCar/train/section_00_source_train_normal_0883_noAttribute.wav,in_support,frequency_modulation,0.9409903287887573
ToyCar/train/section_00_source_train_normal_0884_noAttribute.wav,in_support,frequency_modulation,0.9201430082321167
ToyCar/train/section_00_source_train_normal_0885_noAttribute.wav,in_support,periodic_resonance,0.9763877987861633
ToyCar/train/section_00_source_train_normal_0886_noAttribute.wav,in_support,frequency_modulation,0.8770596981048584
ToyCar/train/section_00_source_train_normal_0887_noAttribute.wav,in_support,frequency_modulation,0.8448408246040344
ToyCar/train/section_00_source_train_normal_0888_noAttribute.wav,in_support,frequency_modulation,0.799980878829956
ToyCar/train/section_00_source_train_normal_0889_noAttribute.wav,in_support,amplitude_modulation,0.5923940539360046
ToyCar/train/section_00_source_train_normal_0890_noAttribute.wav,in_support,amplitude_modulation,0.6927400827407837
ToyCar/train/section_00_source_train_normal_0891_noAttribute.wav,in_support,periodic_resonance,0.8901224136352539
ToyCar/train/section_00_source_train_normal_0892_noAttribute.wav,in_support,amplitude_modulation,0.570578396320343
ToyCar/train/section_00_source_train_normal_0893_noAttribute.wav,in_support,frequency_modulation,0.7414649724960327
ToyCar/train/section_00_source_train_normal_0894_noAttribute.wav,in_support,amplitude_modulation,0.7901856303215027
ToyCar/train/section_00_source_train_normal_0895_noAttribute.wav,in_support,amplitude_modulation,0.7792355418205261
ToyCar/train/section_00_source_train_normal_0896_noAttribute.wav,in_support,periodic_resonance,0.9392261505126953
ToyCar/train/section_00_source_train_normal_0897_noAttribute.wav,in_support,periodic_resonance,0.6292069554328918
ToyCar/train/section_00_source_train_normal_0898_noAttribute.wav,in_support,amplitude_modulation,0.7350987195968628
ToyCar/train/section_00_source_train_normal_0899_noAttribute.wav,in_support,amplitude_modulation,0.6494420766830444
ToyCar/train/section_00_source_train_normal_0900_noAttribute.wav,in_support,periodic_resonance,0.5126340389251709
ToyCar/train/section_00_source_train_normal_0901_noAttribute.wav,in_support,periodic_resonance,0.944341242313385
ToyCar/train/section_00_source_train_normal_0902_noAttribute.wav,in_support,frequency_modulation,0.8564321398735046
ToyCar/train/section_00_source_train_normal_0903_noAttribute.wav,in_support,amplitude_modulation,0.9245771765708923
ToyCar/train/section_00_source_train_normal_0904_noAttribute.wav,in_support,periodic_resonance,0.17460910975933075
ToyCar/train/section_00_source_train_normal_0905_noAttribute.wav,in_support,periodic_resonance,0.9563183784484863
ToyCar/train/section_00_source_train_normal_0906_noAttribute.wav,in_support,amplitude_modulation,0.8552099466323853
ToyCar/train/section_00_source_train_normal_0907_noAttribute.wav,in_support,amplitude_modulation,0.829725980758667
ToyCar/train/section_00_source_train_normal_0908_noAttribute.wav,in_support,amplitude_modulation,0.71573406457901
ToyCar/train/section_00_source_train_normal_0909_noAttribute.wav,in_support,amplitude_modulation,0.5945487022399902
ToyCar/train/section_00_source_train_normal_0910_noAttribute.wav,in_support,amplitude_modulation,0.717056155204773
ToyCar/train/section_00_source_train_normal_0911_noAttribute.wav,in_support,amplitude_modulation,0.6447413563728333
ToyCar/train/section_00_source_train_normal_0912_noAttribute.wav,in_support,amplitude_modulation,0.8913726210594177
ToyCar/train/section_00_source_train_normal_0913_noAttribute.wav,in_support,frequency_modulation,0.970302402973175
ToyCar/train/section_00_source_train_normal_0914_noAttribute.wav,in_support,frequency_modulation,0.9312219619750977
ToyCar/train/section_00_source_train_normal_0915_noAttribute.wav,in_support,frequency_modulation,0.8873764872550964
ToyCar/train/section_00_source_train_normal_0916_noAttribute.wav,in_support,amplitude_modulation,0.7347522377967834
ToyCar/train/section_00_source_train_normal_0917_noAttribute.wav,in_support,frequency_modulation,0.7417786121368408
ToyCar/train/section_00_source_train_normal_0918_noAttribute.wav,in_support,amplitude_modulation,0.7424113750457764
ToyCar/train/section_00_source_train_normal_0919_noAttribute.wav,in_support,amplitude_modulation,0.7263376712799072
ToyCar/train/section_00_source_train_normal_0920_noAttribute.wav,in_support,frequency_modulation,0.9533479809761047
ToyCar/train/section_00_source_train_normal_0921_noAttribute.wav,in_support,periodic_resonance,0.9777348041534424
ToyCar/train/section_00_source_train_normal_0922_noAttribute.wav,in_support,amplitude_modulation,0.7452679872512817
ToyCar/train/section_00_source_train_normal_0923_noAttribute.wav,in_support,amplitude_modulation,0.9294698238372803
ToyCar/train/section_00_source_train_normal_0924_noAttribute.wav,in_support,frequency_modulation,0.7644941210746765
ToyCar/train/section_00_source_train_normal_0925_noAttribute.wav,in_support,periodic_resonance,0.9220715761184692
ToyCar/train/section_00_source_train_normal_0926_noAttribute.wav,in_support,frequency_modulation,0.9506113529205322
ToyCar/train/section_00_source_train_normal_0927_noAttribute.wav,in_support,frequency_modulation,0.9260425567626953
ToyCar/train/section_00_source_train_normal_0928_noAttribute.wav,in_support,periodic_resonance,0.9183581471443176
ToyCar/train/section_00_source_train_normal_0929_noAttribute.wav,in_support,amplitude_modulation,0.9653294086456299
ToyCar/train/section_00_source_train_normal_0930_noAttribute.wav,in_support,amplitude_modulation,0.7021924257278442
ToyCar/train/section_00_source_train_normal_0931_noAttribute.wav,in_support,amplitude_modulation,0.7851687073707581
ToyCar/train/section_00_source_train_normal_0932_noAttribute.wav,in_support,periodic_resonance,0.9622127413749695
ToyCar/train/section_00_source_train_normal_0933_noAttribute.wav,in_support,periodic_resonance,0.9751002788543701
ToyCar/train/section_00_source_train_normal_0934_noAttribute.wav,in_support,periodic_resonance,0.9480500221252441
ToyCar/train/section_00_source_train_normal_0935_noAttribute.wav,in_support,periodic_resonance,0.9633439183235168
ToyCar/train/section_00_source_train_normal_0936_noAttribute.wav,in_support,amplitude_modulation,0.8200655579566956
ToyCar/train/section_00_source_train_normal_0937_noAttribute.wav,in_support,frequency_modulation,0.889371931552887
ToyCar/train/section_00_source_train_normal_0938_noAttribute.wav,in_support,amplitude_modulation,0.7742127776145935
ToyCar/train/section_00_source_train_normal_0939_noAttribute.wav,in_support,periodic_resonance,0.8628934025764465
ToyCar/train/section_00_source_train_normal_0940_noAttribute.wav,in_support,amplitude_modulation,0.7849012613296509
ToyCar/train/section_00_source_train_normal_0941_noAttribute.wav,in_support,frequency_modulation,0.9449469447135925
ToyCar/train/section_00_source_train_normal_0942_noAttribute.wav,in_support,amplitude_modulation,0.605810284614563
ToyCar/train/section_00_source_train_normal_0943_noAttribute.wav,in_support,frequency_modulation,0.9643800854682922
ToyCar/train/section_00_source_train_normal_0944_noAttribute.wav,in_support,amplitude_modulation,0.8878487944602966
ToyCar/train/section_00_source_train_normal_0945_noAttribute.wav,in_support,amplitude_modulation,0.805211067199707
ToyCar/train/section_00_source_train_normal_0946_noAttribute.wav,in_support,periodic_resonance,0.8756257891654968
ToyCar/train/section_00_source_train_normal_0947_noAttribute.wav,in_support,frequency_modulation,0.9085038900375366
ToyCar/train/section_00_source_train_normal_0948_noAttribute.wav,in_support,amplitude_modulation,0.9173771142959595
ToyCar/train/section_00_source_train_normal_0949_noAttribute.wav,in_support,frequency_modulation,0.971939206123352
ToyCar/train/section_00_source_train_normal_0950_noAttribute.wav,in_support,periodic_resonance,0.7378297448158264
ToyCar/train/section_00_source_train_normal_0951_noAttribute.wav,in_support,periodic_resonance,0.9786522388458252
ToyCar/train/section_00_source_train_normal_0952_noAttribute.wav,in_support,amplitude_modulation,0.5949081182479858
ToyCar/train/section_00_source_train_normal_0953_noAttribute.wav,in_support,periodic_resonance,0.6966741681098938
ToyCar/train/section_00_source_train_normal_0954_noAttribute.wav,in_support,amplitude_modulation,0.7748062610626221
ToyCar/train/section_00_source_train_normal_0955_noAttribute.wav,in_support,amplitude_modulation,0.7424141764640808
ToyCar/train/section_00_source_train_normal_0956_noAttribute.wav,in_support,amplitude_modulation,0.6348289847373962
ToyCar/train/section_00_source_train_normal_0957_noAttribute.wav,in_support,frequency_modulation,0.9134621024131775
ToyCar/train/section_00_source_train_normal_0958_noAttribute.wav,in_support,periodic_resonance,0.6468246579170227
ToyCar/train/section_00_source_train_normal_0959_noAttribute.wav,in_support,periodic_resonance,0.33369484543800354
ToyCar/train/section_00_source_train_normal_0960_noAttribute.wav,in_support,amplitude_modulation,0.675650417804718
ToyCar/train/section_00_source_train_normal_0961_noAttribute.wav,in_support,amplitude_modulation,0.7826793789863586
ToyCar/train/section_00_source_train_normal_0962_noAttribute.wav,in_support,amplitude_modulation,0.8752115368843079
ToyCar/train/section_00_source_train_normal_0963_noAttribute.wav,in_support,amplitude_modulation,0.9058376550674438
ToyCar/train/section_00_source_train_normal_0964_noAttribute.wav,in_support,frequency_modulation,0.9376122951507568
ToyCar/train/section_00_source_train_normal_0965_noAttribute.wav,in_support,frequency_modulation,0.9614854454994202
ToyCar/train/section_00_source_train_normal_0966_noAttribute.wav,in_support,periodic_resonance,0.4807596802711487
ToyCar/train/section_00_source_train_normal_0967_noAttribute.wav,in_support,amplitude_modulation,0.8987129330635071
ToyCar/train/section_00_source_train_normal_0968_noAttribute.wav,in_support,periodic_resonance,0.7618731260299683
ToyCar/train/section_00_source_train_normal_0969_noAttribute.wav,in_support,amplitude_modulation,0.8052383065223694
ToyCar/train/section_00_source_train_normal_0970_noAttribute.wav,in_support,frequency_modulation,0.9434311389923096
ToyCar/train/section_00_source_train_normal_0971_noAttribute.wav,in_support,amplitude_modulation,0.7861381769180298
ToyCar/train/section_00_source_train_normal_0972_noAttribute.wav,in_support,amplitude_modulation,0.9193091988563538
ToyCar/train/section_00_source_train_normal_0973_noAttribute.wav,in_support,amplitude_modulation,0.7985547780990601
ToyCar/train/section_00_source_train_normal_0974_noAttribute.wav,in_support,frequency_modulation,0.8923161029815674
ToyCar/train/section_00_source_train_normal_0975_noAttribute.wav,in_support,frequency_modulation,0.939521074295044
ToyCar/train/section_00_source_train_normal_0976_noAttribute.wav,in_support,amplitude_modulation,0.8863467574119568
ToyCar/train/section_00_source_train_normal_0977_noAttribute.wav,in_support,periodic_resonance,0.7318350672721863
ToyCar/train/section_00_source_train_normal_0978_noAttribute.wav,in_support,amplitude_modulation,0.8453775644302368
ToyCar/train/section_00_source_train_normal_0979_noAttribute.wav,in_support,frequency_modulation,0.9291858077049255
ToyCar/train/section_00_source_train_normal_0980_noAttribute.wav,in_support,amplitude_modulation,0.6736000180244446
ToyCar/train/section_00_source_train_normal_0981_noAttribute.wav,in_support,amplitude_modulation,0.8667042851448059
ToyCar/train/section_00_source_train_normal_0982_noAttribute.wav,in_support,frequency_modulation,0.8952953815460205
ToyCar/train/section_00_source_train_normal_0983_noAttribute.wav,in_support,periodic_resonance,0.9620414972305298
ToyCar/train/section_00_source_train_normal_0984_noAttribute.wav,in_support,periodic_resonance,0.979315996170044
ToyCar/train/section_00_source_train_normal_0985_noAttribute.wav,in_support,periodic_resonance,0.13035516440868378
ToyCar/train/section_00_source_train_normal_0986_noAttribute.wav,in_support,periodic_resonance,0.9881782531738281
ToyCar/train/section_00_source_train_normal_0987_noAttribute.wav,in_support,amplitude_modulation,0.6327484846115112
ToyCar/train/section_00_source_train_normal_0988_noAttribute.wav,in_support,periodic_resonance,0.8023629188537598
ToyCar/train/section_00_source_train_normal_0989_noAttribute.wav,in_support,amplitude_modulation,0.7045339345932007
ToyCar/train/section_00_target_train_normal_0000_noAttribute.wav,in_support,frequency_modulation,0.9353390336036682
ToyCar/train/section_00_target_train_normal_0001_noAttribute.wav,in_support,periodic_resonance,0.9853329062461853
ToyCar/train/section_00_target_train_normal_0002_noAttribute.wav,in_support,frequency_modulation,0.7436562180519104
ToyCar/train/section_00_target_train_normal_0003_noAttribute.wav,in_support,amplitude_modulation,0.9114869832992554
ToyCar/train/section_00_target_train_normal_0004_noAttribute.wav,in_support,periodic_resonance,0.9680364727973938
ToyCar/train/section_00_target_train_normal_0005_noAttribute.wav,in_support,frequency_modulation,0.9823247790336609
ToyCar/train/section_00_target_train_normal_0006_noAttribute.wav,in_support,periodic_resonance,0.15996421873569489
ToyCar/train/section_00_target_train_normal_0007_noAttribute.wav,in_support,frequency_modulation,0.9853509664535522
ToyCar/train/section_00_target_train_normal_0008_noAttribute.wav,in_support,periodic_resonance,0.4703516662120819
ToyCar/train/section_00_target_train_normal_0009_noAttribute.wav,in_support,frequency_modulation,0.9355851411819458
ToyCarEmu/train/section_00_source_train_normal_0000_car_D2_spd_5_mic_2_mic_1.wav,in_support,amplitude_modulation,0.6088724136352539
ToyCarEmu/train/section_00_source_train_normal_0001_car_B1_spd_2_mic_2_mic_1.wav,in_support,periodic_resonance,0.9417887926101685
ToyCarEmu/train/section_00_source_train_normal_0002_car_B1_spd_2_mic_2_mic_1.wav,in_support,amplitude_modulation,0.8530576229095459
ToyCarEmu/train/section_00_source_train_normal_0003_car_B1_spd_2_mic_2_mic_1.wav,in_support,frequency_modulation,0.9150274395942688
ToyCarEmu/train/section_00_source_train_normal_0004_car_B1_spd_2_mic_2_mic_1.wav,in_support,periodic_resonance,0.961369514465332
ToyCarEmu/train/section_00_source_train_normal_0005_car_B1_spd_2_mic_2_mic_1.wav,in_support,periodic_resonance,0.3195513188838959
ToyCarEmu/train/section_00_source_train_normal_0006_car_B1_spd_2_mic_2_mic_1.wav,in_support,amplitude_modulation,0.7454274296760559
ToyCarEmu/train/section_00_source_train_normal_0007_car_B1_spd_2_mic_2_mic_1.wav,in_support,frequency_modulation,0.8906388282775879
ToyCarEmu/train/section_00_source_train_normal_0008_car_B1_spd_2_mic_2_mic_1.wav,in_support,frequency_modulation,0.9809508919715881
ToyCarEmu/train/section_00_source_train_normal_0009_car_B1_spd_2_mic_2_mic_1.wav,in_support,amplitude_modulation,0.8472064137458801
ToyCarEmu/train/section_00_source_train_normal_0010_car_B1_spd_2_mic_2_mic_1.wav,in_support,amplitude_modulation,0.4035400450229645
ToyCarEmu/train/section_00_source_train_normal_0011_car_B1_spd_2_mic_2_mic_1.wav,in_support,periodic_resonance,0.8205572962760925
ToyCarEmu/train/section_00_source_train_normal_0012_car_B1_spd_2_mic_2_mic_1.wav,in_support,frequency_modulation,0.9507488012313843
ToyCarEmu/train/section_00_source_train_normal_0013_car_B1_spd_2_mic_2_mic_1.wav,in_support,amplitude_modulation,0.4725379943847656
ToyCarEmu/train/section_00_source_train_normal_0014_car_B1_spd_2_mic_2_mic_1.wav,in_support,periodic_resonance,0.8378816246986389
ToyCarEmu/train/section_00_source_train_normal_0015_car_B1_spd_2_mic_2_mic_1.wav,in_support,frequency_modulation,0.9022338390350342
ToyCarEmu/train/section_00_source_train_normal_0016_car_B1_spd_2_mic_2_mic_1.wav,in_support,amplitude_modulation,0.9176802039146423
ToyCarEmu/train/section_00_source_train_normal_0017_car_B1_spd_2_mic_2_mic_1.wav,in_support,amplitude_modulation,0.845579206943512
ToyCarEmu/train/section_00_source_train_normal_0018_car_B1_spd_2_mic_2_mic_1.wav,in_support,amplitude_modulation,0.8984420299530029
ToyCarEmu/train/section_00_source_train_normal_0019_car_B1_spd_2_mic_2_mic_1.wav,in_support,periodic_resonance,0.3437875509262085
ToyCarEmu/train/section_00_source_train_normal_0020_car_B1_spd_2_mic_2_mic_1.wav,in_support,amplitude_modulation,0.49748852849006653
ToyCarEmu/train/section_00_source_train_normal_0021_car_B1_spd_2_mic_2_mic_1.wav,in_support,frequency_modulation,0.9309579730033875
ToyCarEmu/train/section_00_source_train_normal_0022_car_B2_spd_2_mic_2_mic_1.wav,in_support,frequency_modulation,0.9401656985282898
ToyCarEmu/train/section_00_source_train_normal_0023_car_B2_spd_2_mic_2_mic_1.wav,in_support,amplitude_modulation,0.7131617069244385
ToyCarEmu/train/section_00_source_train_normal_0024_car_B2_spd_2_mic_2_mic_1.wav,in_support,amplitude_modulation,0.9066587090492249
ToyCarEmu/train/section_00_source_train_normal_0025_car_B2_spd_2_mic_2_mic_1.wav,in_support,amplitude_modulation,0.8060973286628723
ToyCarEmu/train/section_00_source_train_normal_0026_car_B2_spd_2_mic_2_mic_1.wav,in_support,periodic_resonance,0.8618820309638977
ToyCarEmu/train/section_00_source_train_normal_0027_car_B2_spd_2_mic_2_mic_1.wav,in_support,amplitude_modulation,0.7580289244651794
ToyCarEmu/train/section_00_source_train_normal_0028_car_B2_spd_2_mic_2_mic_1.wav,in_support,frequency_modulation,0.7593616247177124
ToyCarEmu/train/section_00_source_train_normal_0029_car_B2_spd_2_mic_2_mic_1.wav,in_support,periodic_resonance,0.989077091217041
ToyCarEmu/train/section_00_source_train_normal_0030_car_B2_spd_2_mic_2_mic_1.wav,in_support,periodic_resonance,0.6638370156288147
ToyCarEmu/train/section_00_source_train_normal_0031_car_B2_spd_2_mic_2_mic_1.wav,in_support,amplitude_modulation,0.7878650426864624
ToyCarEmu/train/section_00_source_train_normal_0032_car_B2_spd_2_mic_2_mic_1.wav,in_support,periodic_resonance,0.8392472267150879
ToyCarEmu/train/section_00_source_train_normal_0033_car_B2_spd_2_mic_2_mic_1.wav,in_support,periodic_resonance,0.9895510673522949
ToyCarEmu/train/section_00_source_train_normal_0034_car_B2_spd_2_mic_2_mic_1.wav,in_support,periodic_resonance,0.9957212805747986
ToyCarEmu/train/section_00_source_train_normal_0035_car_B2_spd_2_mic_2_mic_1.wav,in_support,frequency_modulation,0.8062707185745239
ToyCarEmu/train/section_00_source_train_normal_0036_car_B2_spd_2_mic_2_mic_1.wav,in_support,amplitude_modulation,0.8687368035316467
ToyCarEmu/train/section_00_source_train_normal_0037_car_B2_spd_2_mic_2_mic_1.wav,in_support,periodic_resonance,0.9934592843055725
ToyCarEmu/train/section_00_source_train_normal_0038_car_B2_spd_2_mic_2_mic_1.wav,in_support,frequency_modulation,0.9967929720878601
ToyCarEmu/train/section_00_source_train_normal_0039_car_B2_spd_2_mic_2_mic_1.wav,in_support,periodic_resonance,0.6364025473594666
ToyCarEmu/train/section_00_source_train_normal_0040_car_B2_spd_2_mic_2_mic_1.wav,in_support,periodic_resonance,0.22828443348407745
ToyCarEmu/train/section_00_source_train_normal_0041_car_B2_spd_2_mic_2_mic_1.wav,in_support,periodic_resonance,0.8547045588493347
ToyCarEmu/train/section_00_source_train_normal_0042_car_B1_spd_2_mic_2_mic_1.wav,in_support,periodic_resonance,0.9230830669403076
ToyCarEmu/train/section_00_source_train_normal_0043_car_B1_spd_2_mic_2_mic_1.wav,in_support,frequency_modulation,0.8806331157684326
ToyCarEmu/train/section_00_source_train_normal_0044_car_B1_spd_2_mic_2_mic_1.wav,in_support,frequency_modulation,0.9652361273765564
ToyCarEmu/train/section_00_source_train_normal_0045_car_B1_spd_2_mic_2_mic_1.wav,in_support,frequency_modulation,0.682306170463562
ToyCarEmu/train/section_00_source_train_normal_0046_car_B1_spd_2_mic_2_mic_1.wav,in_support,frequency_modulation,0.9138873815536499
ToyCarEmu/train/section_00_source_train_normal_0047_car_B1_spd_2_mic_2_mic_1.wav,in_support,amplitude_modulation,0.4285370409488678
ToyCarEmu/train/section_00_source_train_normal_0048_car_B1_spd_2_mic_2_mic_1.wav,in_support,periodic_resonance,0.9906249642372131
ToyCarEmu/train/section_00_source_train_normal_0049_car_B1_spd_2_mic_2_mic_1.wav,in_support,periodic_resonance,0.9887651801109314
ToyCarEmu/train/section_00_source_train_normal_0050_car_B1_spd_2_mic_2_mic_1.wav,in_support,amplitude_modulation,0.6478347778320312
ToyCarEmu/train/section_00_source_train_normal_0051_car_B1_spd_2_mic_2_mic_1.wav,in_support,frequency_modulation,0.8389721512794495
ToyCarEmu/train/section_00_source_train_normal_0052_car_B1_spd_2_mic_2_mic_1.wav,in_support,frequency_modulation,0.6481378674507141
ToyCarEmu/train/section_00_source_train_normal_0053_car_B1_spd_2_mic_2_mic_1.wav,in_support,periodic_resonance,0.9568079710006714
ToyCarEmu/train/section_00_source_train_normal_0054_car_B1_spd_2_mic_2_mic_1.wav,in_support,amplitude_modulation,0.7713156342506409
ToyCarEmu/train/section_00_source_train_normal_0055_car_B1_spd_2_mic_2_mic_1.wav,in_support,periodic_resonance,0.9690241813659668
ToyCarEmu/train/section_00_source_train_normal_0056_car_B1_spd_2_mic_2_mic_1.wav,in_support,frequency_modulation,0.9399368762969971
ToyCarEmu/train/section_00_source_train_normal_0057_car_B1_spd_2_mic_2_mic_1.wav,in_support,amplitude_modulation,0.5018880367279053
ToyCarEmu/train/section_00_source_train_normal_0058_car_B1_spd_2_mic_2_mic_1.wav,in_support,amplitude_modulation,0.8675625920295715
ToyCarEmu/train/section_00_source_train_normal_0059_car_B1_spd_2_mic_2_mic_1.wav,in_support,periodic_resonance,0.5722449421882629
ToyCarEmu/train/section_00_source_train_normal_0060_car_B1_spd_2_mic_2_mic_1.wav,in_support,frequency_modulation,0.7860451936721802
ToyCarEmu/train/section_00_source_train_normal_0061_car_B1_spd_2_mic_2_mic_1.wav,in_support,amplitude_modulation,0.8555851578712463
ToyCarEmu/train/section_00_source_train_normal_0062_car_B1_spd_2_mic_2_mic_1.wav,in_support,frequency_modulation,0.5574542880058289
ToyCarEmu/train/section_00_source_train_normal_0063_car_B1_spd_2_mic_2_mic_1.wav,in_support,amplitude_modulation,0.8953284025192261
ToyCarEmu/train/section_00_source_train_normal_0064_car_B1_spd_2_mic_2_mic_1.wav,in_support,periodic_resonance,0.7956432700157166
ToyCarEmu/train/section_00_source_train_normal_0065_car_B1_spd_2_mic_2_mic_1.wav,in_support,amplitude_modulation,0.8849095106124878
ToyCarEmu/train/section_00_source_train_normal_0066_car_B1_spd_2_mic_2_mic_1.wav,in_support,frequency_modulation,0.8802295327186584
ToyCarEmu/train/section_00_source_train_normal_0067_car_B1_spd_2_mic_2_mic_1.wav,in_support,amplitude_modulation,0.8529006242752075
ToyCarEmu/train/section_00_source_train_normal_0068_car_B1_spd_2_mic_2_mic_1.wav,in_support,frequency_modulation,0.9229528307914734
ToyCarEmu/train/section_00_source_train_normal_0069_car_B1_spd_2_mic_2_mic_1.wav,in_support,frequency_modulation,0.8487676978111267
ToyCarEmu/train/section_00_source_train_normal_0070_car_B1_spd_2_mic_2_mic_1.wav,in_support,amplitude_modulation,0.7484509348869324
ToyCarEmu/train/section_00_source_train_normal_0071_car_B1_spd_2_mic_2_mic_1.wav,in_support,amplitude_modulation,0.9162309169769287
ToyCarEmu/train/section_00_source_train_normal_0072_car_B1_spd_2_mic_2_mic_1.wav,in_support,periodic_resonance,0.684605062007904
ToyCarEmu/train/section_00_source_train_normal_0073_car_B1_spd_2_mic_2_mic_1.wav,in_support,amplitude_modulation,0.9180634617805481
ToyCarEmu/train/section_00_source_train_normal_0074_car_B1_spd_2_mic_2_mic_1.wav,in_support,frequency_modulation,0.9022821187973022
ToyCarEmu/train/section_00_source_train_normal_0075_car_B1_spd_2_mic_2_mic_1.wav,in_support,amplitude_modulation,0.8144633173942566
ToyCarEmu/train/section_00_source_train_normal_0076_car_B1_spd_2_mic_2_mic_1.wav,in_support,amplitude_modulation,0.7208940982818604
ToyCarEmu/train/section_00_source_train_normal_0077_car_B1_spd_2_mic_2_mic_1.wav,in_support,periodic_resonance,0.8985618948936462
ToyCarEmu/train/section_00_source_train_normal_0078_car_B1_spd_2_mic_2_mic_1.wav,in_support,amplitude_modulation,0.8991540670394897
ToyCarEmu/train/section_00_source_train_normal_0079_car_B1_spd_2_mic_2_mic_1.wav,in_support,periodic_resonance,0.9735547304153442
ToyCarEmu/train/section_00_source_train_normal_0080_car_B1_spd_2_mic_2_mic_1.wav,in_support,periodic_resonance,0.24098609387874603
ToyCarEmu/train/section_00_source_train_normal_0081_car_B1_spd_2_mic_2_mic_1.wav,in_support,amplitude_modulation,0.6488269567489624
ToyCarEmu/train/section_00_source_train_normal_0082_car_B1_spd_2_mic_2_mic_1.wav,in_support,periodic_resonance,0.9874395728111267
ToyCarEmu/train/section_00_source_train_normal_0083_car_B1_spd_2_mic_2_mic_1.wav,in_support,periodic_resonance,0.4042508900165558
ToyCarEmu/train/section_00_source_train_normal_0084_car_B1_spd_2_mic_2_mic_1.wav,in_support,periodic_resonance,0.9414223432540894
ToyCarEmu/train/section_00_source_train_normal_0085_car_B1_spd_2_mic_2_mic_1.wav,in_support,periodic_resonance,0.823179304599762
ToyCarEmu/train/section_00_source_train_normal_0086_car_B1_spd_2_mic_2_mic_1.wav,in_support,amplitude_modulation,0.8875946402549744
ToyCarEmu/train/section_00_source_train_normal_0087_car_B1_spd_2_mic_2_mic_1.wav,in_support,amplitude_modulation,0.6673796772956848
ToyCarEmu/train/section_00_source_train_normal_0088_car_B1_spd_2_mic_2_mic_1.wav,in_support,frequency_modulation,0.8876019716262817
ToyCarEmu/train/section_00_source_train_normal_0089_car_B1_spd_2_mic_2_mic_1.wav,in_support,frequency_modulation,0.8206331729888916
ToyCarEmu/train/section_00_source_train_normal_0090_car_B1_spd_2_mic_2_mic_1.wav,in_support,frequency_modulation,0.8449457883834839
ToyCarEmu/train/section_00_source_train_normal_0091_car_B1_spd_2_mic_2_mic_1.wav,in_support,periodic_resonance,0.7436994314193726
ToyCarEmu/train/section_00_source_train_normal_0092_car_B2_spd_2_mic_2_mic_1.wav,in_support,periodic_resonance,0.9680718183517456
ToyCarEmu/train/section_00_source_train_normal_0093_car_B2_spd_2_mic_2_mic_1.wav,in_support,amplitude_modulation,0.5723912119865417
ToyCarEmu/train/section_00_source_train_normal_0094_car_B2_spd_2_mic_2_mic_1.wav,in_support,amplitude_modulation,0.6154756546020508
ToyCarEmu/train/section_00_source_train_normal_0095_car_B2_spd_2_mic_2_mic_1.wav,in_support,frequency_modulation,0.7103819847106934
ToyCarEmu/train/section_00_source_train_normal_0096_car_B2_spd_2_mic_2_mic_1.wav,in_support,periodic_resonance,0.9758138060569763
ToyCarEmu/train/section_00_source_train_normal_0097_car_B2_spd_2_mic_2_mic_1.wav,in_support,amplitude_modulation,0.7985970377922058
ToyCarEmu/train/section_00_source_train_normal_0098_car_B2_spd_2_mic_2_mic_1.wav,in_support,frequency_modulation,0.7632129192352295
ToyCarEmu/train/section_00_source_train_normal_0099_car_B2_spd_2_mic_2_mic_1.wav,in_support,amplitude_modulation,0.6927964091300964
ToyCarEmu/train/section_00_source_train_normal_0100_car_B2_spd_2_mic_2_mic_1.wav,in_support,frequency_modulation,0.7312331795692444
ToyCarEmu/train/section_00_source_train_normal_0101_car_B2_spd_2_mic_2_mic_1.wav,in_support,periodic_resonance,0.9664228558540344
ToyCarEmu/train/section_00_source_train_normal_0102_car_B2_spd_2_mic_2_mic_1.wav,in_support,periodic_resonance,0.9734503030776978
ToyCarEmu/train/section_00_source_train_normal_0103_car_B2_spd_2_mic_2_mic_1.wav,in_support,periodic_resonance,0.9845143556594849
ToyCarEmu/train/section_00_source_train_normal_0104_car_B2_spd_2_mic_2_mic_1.wav,in_support,amplitude_modulation,0.635211706161499
ToyCarEmu/train/section_00_source_train_normal_0105_car_B2_spd_2_mic_2_mic_1.wav,in_support,frequency_modulation,0.8831030130386353
ToyCarEmu/train/section_00_source_train_normal_0106_car_B2_spd_2_mic_2_mic_1.wav,in_support,amplitude_modulation,0.7946783900260925
ToyCarEmu/train/section_00_source_train_normal_0107_car_B2_spd_2_mic_2_mic_1.wav,in_support,amplitude_modulation,0.8816336989402771
ToyCarEmu/train/section_00_source_train_normal_0108_car_B2_spd_2_mic_2_mic_1.wav,in_support,periodic_resonance,0.9868607521057129
ToyCarEmu/train/section_00_source_train_normal_0109_car_B2_spd_2_mic_2_mic_1.wav,in_support,amplitude_modulation,0.8206267356872559
ToyCarEmu/train/section_00_source_train_normal_0110_car_B2_spd_2_mic_2_mic_1.wav,in_support,amplitude_modulation,0.929895281791687
ToyCarEmu/train/section_00_source_train_normal_0111_car_B2_spd_2_mic_2_mic_1.wav,in_support,periodic_resonance,0.9644156098365784
ToyCarEmu/train/section_00_source_train_normal_0112_car_B2_spd_2_mic_2_mic_1.wav,in_support,periodic_resonance,0.8718423843383789
ToyCarEmu/train/section_00_source_train_normal_0113_car_B2_spd_2_mic_2_mic_1.wav,in_support,amplitude_modulation,0.7785030603408813
ToyCarEmu/train/section_00_source_train_normal_0114_car_B2_spd_2_mic_2_mic_1.wav,in_support,periodic_resonance,0.5211493968963623
ToyCarEmu/train/section_00_source_train_normal_0115_car_B2_spd_2_mic_2_mic_1.wav,in_support,periodic_resonance,0.915540874004364
ToyCarEmu/train/section_00_source_train_normal_0116_car_B2_spd_2_mic_2_mic_1.wav,in_support,frequency_modulation,0.8965113162994385
ToyCarEmu/train/section_00_source_train_normal_0117_car_B2_spd_3_mic_2_mic_1.wav,in_support,amplitude_modulation,0.8491851687431335
ToyCarEmu/train/section_00_source_train_normal_0118_car_B2_spd_3_mic_2_mic_1.wav,in_support,periodic_resonance,0.9838933348655701
ToyCarEmu/train/section_00_source_train_normal_0119_car_B2_spd_3_mic_2_mic_1.wav,in_support,frequency_modulation,0.7634577751159668
ToyCarEmu/train/section_00_source_train_normal_0120_car_B2_spd_3_mic_2_mic_1.wav,in_support,amplitude_modulation,0.9421621561050415
ToyCarEmu/train/section_00_source_train_normal_0121_car_B2_spd_3_mic_2_mic_1.wav,in_support,frequency_modulation,0.8555023074150085
ToyCarEmu/train/section_00_source_train_normal_0122_car_B2_spd_3_mic_2_mic_1.wav,in_support,frequency_modulation,0.9479743838310242
ToyCarEmu/train/section_00_source_train_normal_0123_car_B2_spd_3_mic_2_mic_1.wav,in_support,frequency_modulation,0.9000182151794434
ToyCarEmu/train/section_00_source_train_normal_0124_car_B2_spd_3_mic_2_mic_1.wav,in_support,frequency_modulation,0.9433022141456604
ToyCarEmu/train/section_00_source_train_normal_0125_car_B2_spd_3_mic_2_mic_1.wav,in_support,amplitude_modulation,0.7776461243629456
ToyCarEmu/train/section_00_source_train_normal_0126_car_B2_spd_3_mic_2_mic_1.wav,in_support,amplitude_modulation,0.7195602059364319
ToyCarEmu/train/section_00_source_train_normal_0127_car_B2_spd_3_mic_2_mic_1.wav,in_support,amplitude_modulation,0.5629236698150635
ToyCarEmu/train/section_00_source_train_normal_0128_car_B2_spd_3_mic_2_mic_1.wav,in_support,periodic_resonance,0.9921001195907593
ToyCarEmu/train/section_00_source_train_normal_0129_car_B2_spd_3_mic_2_mic_1.wav,in_support,amplitude_modulation,0.9655556082725525
ToyCarEmu/train/section_00_source_train_normal_0130_car_B2_spd_3_mic_2_mic_1.wav,in_support,frequency_modulation,0.9504922032356262
ToyCarEmu/train/section_00_source_train_normal_0131_car_B2_spd_3_mic_2_mic_1.wav,in_support,amplitude_modulation,0.8401151299476624
ToyCarEmu/train/section_00_source_train_normal_0132_car_B2_spd_3_mic_2_mic_1.wav,in_support,amplitude_modulation,0.7247174978256226
ToyCarEmu/train/section_00_source_train_normal_0133_car_B2_spd_3_mic_2_mic_1.wav,in_support,frequency_modulation,0.7090821862220764
ToyCarEmu/train/section_00_source_train_normal_0134_car_B2_spd_3_mic_2_mic_1.wav,in_support,amplitude_modulation,0.8832175135612488
ToyCarEmu/train/section_00_source_train_normal_0135_car_B2_spd_3_mic_2_mic_1.wav,in_support,frequency_modulation,0.7657677531242371
ToyCarEmu/train/section_00_source_train_normal_0136_car_B2_spd_3_mic_2_mic_1.wav,in_support,periodic_resonance,0.32938382029533386
ToyCarEmu/train/section_00_source_train_normal_0137_car_B2_spd_3_mic_2_mic_1.wav,in_support,amplitude_modulation,0.8641753792762756
ToyCarEmu/train/section_00_source_train_normal_0138_car_B2_spd_3_mic_2_mic_1.wav,in_support,frequency_modulation,0.46430352330207825
ToyCarEmu/train/section_00_source_train_normal_0139_car_B2_spd_3_mic_2_mic_1.wav,in_support,periodic_resonance,0.806323766708374
ToyCarEmu/train/section_00_source_train_normal_0140_car_B2_spd_3_mic_2_mic_1.wav,in_support,amplitude_modulation,0.7203288674354553
ToyCarEmu/train/section_00_source_train_normal_0141_car_B2_spd_3_mic_2_mic_1.wav,in_support,frequency_modulation,0.938809335231781
ToyCarEmu/train/section_00_source_train_normal_0142_car_B2_spd_3_mic_2_mic_1.wav,in_support,amplitude_modulation,0.9518033862113953
ToyCarEmu/train/section_00_source_train_normal_0143_car_B2_spd_3_mic_2_mic_1.wav,in_support,frequency_modulation,0.9434202909469604
ToyCarEmu/train/section_00_source_train_normal_0144_car_B2_spd_3_mic_2_mic_1.wav,in_support,periodic_resonance,0.9760456085205078
ToyCarEmu/train/section_00_source_train_normal_0145_car_B2_spd_3_mic_2_mic_1.wav,in_support,amplitude_modulation,0.9280602335929871
ToyCarEmu/train/section_00_source_train_normal_0146_car_B2_spd_3_mic_2_mic_1.wav,in_support,amplitude_modulation,0.5736311674118042
ToyCarEmu/train/section_00_source_train_normal_0147_car_B2_spd_3_mic_2_mic_1.wav,in_support,amplitude_modulation,0.9451647400856018
ToyCarEmu/train/section_00_source_train_normal_0148_car_B2_spd_3_mic_2_mic_1.wav,in_support,periodic_resonance,0.5696257948875427
ToyCarEmu/train/section_00_source_train_normal_0149_car_B2_spd_3_mic_2_mic_1.wav,in_support,frequency_modulation,0.9167069792747498
ToyCarEmu/train/section_00_source_train_normal_0150_car_B2_spd_3_mic_2_mic_1.wav,in_support,amplitude_modulation,0.7842076420783997
ToyCarEmu/train/section_00_source_train_normal_0151_car_B2_spd_3_mic_2_mic_1.wav,in_support,amplitude_modulation,0.7876198887825012
ToyCarEmu/train/section_00_source_train_normal_0152_car_B2_spd_3_mic_2_mic_1.wav,in_support,frequency_modulation,0.7695009708404541
ToyCarEmu/train/section_00_source_train_normal_0153_car_B2_spd_3_mic_2_mic_1.wav,in_support,periodic_resonance,0.997291624546051
ToyCarEmu/train/section_00_source_train_normal_0154_car_B2_spd_3_mic_2_mic_1.wav,in_support,frequency_modulation,0.968110978603363
ToyCarEmu/train/section_00_source_train_normal_0155_car_B2_spd_3_mic_2_mic_1.wav,in_support,amplitude_modulation,0.6795702576637268
ToyCarEmu/train/section_00_source_train_normal_0156_car_B2_spd_3_mic_2_mic_1.wav,in_support,amplitude_modulation,0.9200928211212158
ToyCarEmu/train/section_00_source_train_normal_0157_car_B2_spd_3_mic_2_mic_1.wav,in_support,periodic_resonance,0.8467379808425903
ToyCarEmu/train/section_00_source_train_normal_0158_car_B2_spd_3_mic_2_mic_1.wav,in_support,frequency_modulation,0.8988996744155884
ToyCarEmu/train/section_00_source_train_normal_0159_car_B2_spd_3_mic_2_mic_1.wav,in_support,periodic_resonance,0.9742839932441711
ToyCarEmu/train/section_00_source_train_normal_0160_car_B2_spd_3_mic_2_mic_1.wav,in_support,amplitude_modulation,0.8928647041320801
ToyCarEmu/train/section_00_source_train_normal_0161_car_B2_spd_3_mic_2_mic_1.wav,in_support,amplitude_modulation,0.7047619223594666
ToyCarEmu/train/section_00_source_train_normal_0162_car_B2_spd_3_mic_2_mic_1.wav,in_support,periodic_resonance,0.9772903323173523
ToyCarEmu/train/section_00_source_train_normal_0163_car_B2_spd_3_mic_2_mic_1.wav,in_support,frequency_modulation,0.880313515663147
ToyCarEmu/train/section_00_source_train_normal_0164_car_B1_spd_3_mic_2_mic_1.wav,in_support,amplitude_modulation,0.680413544178009
ToyCarEmu/train/section_00_source_train_normal_0165_car_B1_spd_3_mic_2_mic_1.wav,in_support,amplitude_modulation,0.8872422575950623
ToyCarEmu/train/section_00_source_train_normal_0166_car_B1_spd_3_mic_2_mic_1.wav,in_support,periodic_resonance,0.20766189694404602
ToyCarEmu/train/section_00_source_train_normal_0167_car_B1_spd_3_mic_2_mic_1.wav,in_support,amplitude_modulation,0.6106616258621216
ToyCarEmu/train/section_00_source_train_normal_0168_car_B1_spd_3_mic_2_mic_1.wav,in_support,periodic_resonance,0.8788461685180664
ToyCarEmu/train/section_00_source_train_normal_0169_car_B1_spd_3_mic_2_mic_1.wav,in_support,frequency_modulation,0.7626855373382568
ToyCarEmu/train/section_00_source_train_normal_0170_car_B1_spd_3_mic_2_mic_1.wav,in_support,periodic_resonance,0.39797985553741455
ToyCarEmu/train/section_00_source_train_normal_0171_car_B1_spd_3_mic_2_mic_1.wav,in_support,amplitude_modulation,0.508145809173584
ToyCarEmu/train/section_00_source_train_normal_0172_car_B1_spd_3_mic_2_mic_1.wav,in_support,periodic_resonance,0.33725646138191223
ToyCarEmu/train/section_00_source_train_normal_0173_car_B1_spd_3_mic_2_mic_1.wav,in_support,frequency_modulation,0.9262160062789917
ToyCarEmu/train/section_00_source_train_normal_0174_car_B1_spd_3_mic_2_mic_1.wav,in_support,periodic_resonance,0.9327153563499451
ToyCarEmu/train/section_00_source_train_normal_0175_car_B1_spd_3_mic_2_mic_1.wav,in_support,amplitude_modulation,0.6809628009796143
ToyCarEmu/train/section_00_source_train_normal_0176_car_B1_spd_3_mic_2_mic_1.wav,in_support,frequency_modulation,0.8254642486572266
ToyCarEmu/train/section_00_source_train_normal_0177_car_B1_spd_3_mic_2_mic_1.wav,in_support,amplitude_modulation,0.8671985268592834
ToyCarEmu/train/section_00_source_train_normal_0178_car_B1_spd_3_mic_2_mic_1.wav,in_support,frequency_modulation,0.9333693981170654
ToyCarEmu/train/section_00_source_train_normal_0179_car_B1_spd_3_mic_2_mic_1.wav,in_support,amplitude_modulation,0.8448678851127625
ToyCarEmu/train/section_00_source_train_normal_0180_car_B1_spd_3_mic_2_mic_1.wav,in_support,amplitude_modulation,0.7044236063957214
ToyCarEmu/train/section_00_source_train_normal_0181_car_B1_spd_3_mic_2_mic_1.wav,in_support,amplitude_modulation,0.7403716444969177
ToyCarEmu/train/section_00_source_train_normal_0182_car_B1_spd_3_mic_2_mic_1.wav,in_support,periodic_resonance,0.9558767676353455
ToyCarEmu/train/section_00_source_train_normal_0183_car_B1_spd_3_mic_2_mic_1.wav,in_support,amplitude_modulation,0.43196502327919006
ToyCarEmu/train/section_00_source_train_normal_0184_car_B1_spd_3_mic_2_mic_1.wav,in_support,periodic_resonance,0.9816539287567139
ToyCarEmu/train/section_00_source_train_normal_0185_car_B1_spd_3_mic_2_mic_1.wav,in_support,frequency_modulation,0.9256853461265564
ToyCarEmu/train/section_00_source_train_normal_0186_car_B1_spd_3_mic_2_mic_1.wav,in_support,periodic_resonance,0.2373146414756775
ToyCarEmu/train/section_00_source_train_normal_0187_car_B1_spd_3_mic_2_mic_1.wav,in_support,frequency_modulation,0.9788145422935486
ToyCarEmu/train/section_00_source_train_normal_0188_car_B1_spd_3_mic_2_mic_1.wav,in_support,frequency_modulation,0.8318246603012085
ToyCarEmu/train/section_00_source_train_normal_0189_car_B2_spd_3_mic_2_mic_1.wav,in_support,periodic_resonance,0.5362117886543274
ToyCarEmu/train/section_00_source_train_normal_0190_car_B2_spd_3_mic_2_mic_1.wav,in_support,periodic_resonance,0.9947271347045898
ToyCarEmu/train/section_00_source_train_normal_0191_car_B2_spd_3_mic_2_mic_1.wav,in_support,amplitude_modulation,0.35947662591934204
ToyCarEmu/train/section_00_source_train_normal_0192_car_B2_spd_3_mic_2_mic_1.wav,in_support,frequency_modulation,0.9579566717147827
ToyCarEmu/train/section_00_source_train_normal_0193_car_B2_spd_3_mic_2_mic_1.wav,in_support,amplitude_modulation,0.8855226039886475
ToyCarEmu/train/section_00_source_train_normal_0194_car_B2_spd_3_mic_2_mic_1.wav,in_support,periodic_resonance,0.19064714014530182
ToyCarEmu/train/section_00_source_train_normal_0195_car_B2_spd_3_mic_2_mic_1.wav,in_support,frequency_modulation,0.923477828502655
ToyCarEmu/train/section_00_source_train_normal_0196_car_B2_spd_3_mic_2_mic_1.wav,in_support,amplitude_modulation,0.7024030089378357
ToyCarEmu/train/section_00_source_train_normal_0197_car_B2_spd_3_mic_2_mic_1.wav,in_support,periodic_resonance,0.8300307989120483
ToyCarEmu/train/section_00_source_train_normal_0198_car_B2_spd_3_mic_2_mic_1.wav,in_support,frequency_modulation,0.9224815964698792
ToyCarEmu/train/section_00_source_train_normal_0199_car_B2_spd_3_mic_2_mic_1.wav,in_support,amplitude_modulation,0.8006724715232849
ToyCarEmu/train/section_00_source_train_normal_0200_car_B2_spd_3_mic_2_mic_1.wav,in_support,frequency_modulation,0.9460764527320862
ToyCarEmu/train/section_00_source_train_normal_0201_car_B2_spd_3_mic_2_mic_1.wav,in_support,frequency_modulation,0.9832425117492676
ToyCarEmu/train/section_00_source_train_normal_0202_car_B2_spd_3_mic_2_mic_1.wav,in_support,amplitude_modulation,0.8869962096214294
ToyCarEmu/train/section_00_source_train_normal_0203_car_B2_spd_3_mic_2_mic_1.wav,in_support,frequency_modulation,0.9084387421607971
ToyCarEmu/train/section_00_source_train_normal_0204_car_B2_spd_3_mic_2_mic_1.wav,in_support,amplitude_modulation,0.8941366076469421
ToyCarEmu/train/section_00_source_train_normal_0205_car_B2_spd_3_mic_2_mic_1.wav,in_support,amplitude_modulation,0.9526943564414978
ToyCarEmu/train/section_00_source_train_normal_0206_car_B2_spd_3_mic_2_mic_1.wav,in_support,frequency_modulation,0.9397886395454407
ToyCarEmu/train/section_00_source_train_normal_0207_car_B2_spd_3_mic_2_mic_1.wav,in_support,amplitude_modulation,0.21072834730148315
ToyCarEmu/train/section_00_source_train_normal_0208_car_B2_spd_3_mic_2_mic_1.wav,in_support,frequency_modulation,0.8518696427345276
ToyCarEmu/train/section_00_source_train_normal_0209_car_B2_spd_3_mic_2_mic_1.wav,in_support,frequency_modulation,0.7073010802268982
ToyCarEmu/train/section_00_source_train_normal_0210_car_B2_spd_3_mic_2_mic_1.wav,in_support,periodic_resonance,0.9950065612792969
ToyCarEmu/train/section_00_source_train_normal_0211_car_B2_spd_3_mic_2_mic_1.wav,in_support,frequency_modulation,0.9240726828575134
ToyCarEmu/train/section_00_source_train_normal_0212_car_B2_spd_3_mic_2_mic_1.wav,in_support,periodic_resonance,0.6616030335426331
ToyCarEmu/train/section_00_source_train_normal_0213_car_B2_spd_3_mic_2_mic_1.wav,in_support,amplitude_modulation,0.7996014356613159
ToyCarEmu/train/section_00_source_train_normal_0214_car_B1_spd_5_mic_2_mic_1.wav,in_support,amplitude_modulation,0.7978294491767883
ToyCarEmu/train/section_00_source_train_normal_0215_car_B1_spd_5_mic_2_mic_1.wav,in_support,periodic_resonance,0.9416507482528687
ToyCarEmu/train/section_00_source_train_normal_0216_car_B1_spd_5_mic_2_mic_1.wav,in_support,periodic_resonance,0.9837821125984192
ToyCarEmu/train/section_00_source_train_normal_0217_car_B1_spd_5_mic_2_mic_1.wav,in_support,amplitude_modulation,0.7614941596984863
ToyCarEmu/train/section_00_source_train_normal_0218_car_B1_spd_5_mic_2_mic_1.wav,in_support,periodic_resonance,0.9908737540245056
ToyCarEmu/train/section_00_source_train_normal_0219_car_B1_spd_5_mic_2_mic_1.wav,in_support,frequency_modulation,0.9216687679290771
ToyCarEmu/train/section_00_source_train_normal_0220_car_B1_spd_5_mic_2_mic_1.wav,in_support,frequency_modulation,0.9331897497177124
ToyCarEmu/train/section_00_source_train_normal_0221_car_B1_spd_5_mic_2_mic_1.wav,in_support,periodic_resonance,0.28189563751220703
ToyCarEmu/train/section_00_source_train_normal_0222_car_B1_spd_5_mic_2_mic_1.wav,in_support,frequency_modulation,0.9896536469459534
ToyCarEmu/train/section_00_source_train_normal_0223_car_B1_spd_5_mic_2_mic_1.wav,in_support,amplitude_modulation,0.6253679394721985
ToyCarEmu/train/section_00_source_train_normal_0224_car_B1_spd_5_mic_2_mic_1.wav,in_support,frequency_modulation,0.9388786554336548
ToyCarEmu/train/section_00_source_train_normal_0225_car_B1_spd_5_mic_2_mic_1.wav,in_support,frequency_modulation,0.8255389928817749
ToyCarEmu/train/section_00_source_train_normal_0226_car_B1_spd_5_mic_2_mic_1.wav,in_support,periodic_resonance,0.5895266532897949
ToyCarEmu/train/section_00_source_train_normal_0227_car_B1_spd_5_mic_2_mic_1.wav,in_support,periodic_resonance,0.5228673219680786
ToyCarEmu/train/section_00_source_train_normal_0228_car_B1_spd_5_mic_2_mic_1.wav,in_support,amplitude_modulation,0.9397178888320923
ToyCarEmu/train/section_00_source_train_normal_0229_car_B1_spd_5_mic_2_mic_1.wav,in_support,amplitude_modulation,0.8721457719802856
ToyCarEmu/train/section_00_source_train_normal_0230_car_B1_spd_5_mic_2_mic_1.wav,in_support,amplitude_modulation,0.8669469952583313
ToyCarEmu/train/section_00_source_train_normal_0231_car_B1_spd_5_mic_2_mic_1.wav,in_support,periodic_resonance,0.9962455630302429
ToyCarEmu/train/section_00_source_train_normal_0232_car_B1_spd_5_mic_2_mic_1.wav,in_support,periodic_resonance,0.9568740129470825
ToyCarEmu/train/section_00_source_train_normal_0233_car_B1_spd_5_mic_2_mic_1.wav,in_support,amplitude_modulation,0.8406277894973755
ToyCarEmu/train/section_00_source_train_normal_0234_car_B2_spd_5_mic_2_mic_1.wav,in_support,periodic_resonance,0.8361505270004272
ToyCarEmu/train/section_00_source_train_normal_0235_car_B2_spd_5_mic_2_mic_1.wav,in_support,amplitude_modulation,0.6780372262001038
ToyCarEmu/train/section_00_source_train_normal_0236_car_B2_spd_5_mic_2_mic_1.wav,in_support,periodic_resonance,0.7485329508781433
ToyCarEmu/train/section_00_source_train_normal_0237_car_B2_spd_5_mic_2_mic_1.wav,in_support,amplitude_modulation,0.4928399324417114
ToyCarEmu/train/section_00_source_train_normal_0238_car_B2_spd_5_mic_2_mic_1.wav,in_support,periodic_resonance,0.5653479099273682
ToyCarEmu/train/section_00_source_train_normal_0239_car_B2_spd_5_mic_2_mic_1.wav,in_support,frequency_modulation,0.8547138571739197
ToyCarEmu/train/section_00_source_train_normal_0240_car_B2_spd_5_mic_2_mic_1.wav,in_support,frequency_modulation,0.918670654296875
ToyCarEmu/train/section_00_source_train_normal_0241_car_B2_spd_5_mic_2_mic_1.wav,in_support,periodic_resonance,0.5291939377784729
ToyCarEmu/train/section_00_source_train_normal_0242_car_B2_spd_5_mic_2_mic_1.wav,in_support,periodic_resonance,0.8844367265701294
ToyCarEmu/train/section_00_source_train_normal_0243_car_B2_spd_5_mic_2_mic_1.wav,in_support,periodic_resonance,0.1722896546125412
ToyCarEmu/train/section_00_source_train_normal_0244_car_B2_spd_5_mic_2_mic_1.wav,in_support,amplitude_modulation,0.8267228007316589
ToyCarEmu/train/section_00_source_train_normal_0245_car_B2_spd_5_mic_2_mic_1.wav,in_support,amplitude_modulation,0.674786388874054
ToyCarEmu/train/section_00_source_train_normal_0246_car_B2_spd_5_mic_2_mic_1.wav,in_support,amplitude_modulation,0.9175885319709778
ToyCarEmu/train/section_00_source_train_normal_0247_car_B2_spd_5_mic_2_mic_1.wav,in_support,periodic_resonance,0.9614906907081604
ToyCarEmu/train/section_00_source_train_normal_0248_car_B2_spd_5_mic_2_mic_1.wav,in_support,frequency_modulation,0.9104863405227661
ToyCarEmu/train/section_00_source_train_normal_0249_car_B2_spd_5_mic_2_mic_1.wav,in_support,frequency_modulation,0.9277722239494324
ToyCarEmu/train/section_00_source_train_normal_0250_car_B2_spd_5_mic_2_mic_1.wav,in_support,amplitude_modulation,0.925779402256012
ToyCarEmu/train/section_00_source_train_normal_0251_car_B2_spd_5_mic_2_mic_1.wav,in_support,amplitude_modulation,0.8651788234710693
ToyCarEmu/train/section_00_source_train_normal_0252_car_B2_spd_5_mic_2_mic_1.wav,in_support,frequency_modulation,0.835083544254303
ToyCarEmu/train/section_00_source_train_normal_0253_car_B2_spd_5_mic_2_mic_1.wav,in_support,amplitude_modulation,0.8790082931518555
ToyCarEmu/train/section_00_source_train_normal_0254_car_B2_spd_5_mic_2_mic_1.wav,in_support,frequency_modulation,0.650861918926239
ToyCarEmu/train/section_00_source_train_normal_0255_car_B2_spd_5_mic_2_mic_1.wav,in_support,frequency_modulation,0.6469817757606506
ToyCarEmu/train/section_00_source_train_normal_0256_car_B1_spd_5_mic_2_mic_1.wav,in_support,frequency_modulation,0.9270809292793274
ToyCarEmu/train/section_00_source_train_normal_0257_car_B1_spd_5_mic_2_mic_1.wav,in_support,frequency_modulation,0.9245525598526001
ToyCarEmu/train/section_00_source_train_normal_0258_car_B1_spd_5_mic_2_mic_1.wav,in_support,periodic_resonance,0.9883217215538025
ToyCarEmu/train/section_00_source_train_normal_0259_car_B1_spd_5_mic_2_mic_1.wav,in_support,periodic_resonance,0.288484126329422
ToyCarEmu/train/section_00_source_train_normal_0260_car_B1_spd_5_mic_2_mic_1.wav,in_support,amplitude_modulation,0.8515337705612183
ToyCarEmu/train/section_00_source_train_normal_0261_car_B1_spd_5_mic_2_mic_1.wav,in_support,frequency_modulation,0.7624160051345825
ToyCarEmu/train/section_00_source_train_normal_0262_car_B1_spd_5_mic_2_mic_1.wav,in_support,amplitude_modulation,0.7718009948730469
ToyCarEmu/train/section_00_source_train_normal_0263_car_B1_spd_5_mic_2_mic_1.wav,in_support,frequency_modulation,0.9323916435241699
ToyCarEmu/train/section_00_source_train_normal_0264_car_B1_spd_5_mic_2_mic_1.wav,in_support,frequency_modulation,0.9624600410461426
ToyCarEmu/train/section_00_source_train_normal_0265_car_B1_spd_5_mic_2_mic_1.wav,in_support,frequency_modulation,0.9291854500770569
ToyCarEmu/train/section_00_source_train_normal_0266_car_B1_spd_5_mic_2_mic_1.wav,in_support,periodic_resonance,0.9064774513244629
ToyCarEmu/train/section_00_source_train_normal_0267_car_B1_spd_5_mic_2_mic_1.wav,in_support,amplitude_modulation,0.5225327014923096
ToyCarEmu/train/section_00_source_train_normal_0268_car_B1_spd_5_mic_2_mic_1.wav,in_support,frequency_modulation,0.9591333270072937
ToyCarEmu/train/section_00_source_train_normal_0269_car_B1_spd_5_mic_2_mic_1.wav,in_support,periodic_resonance,0.9089323282241821
ToyCarEmu/train/section_00_source_train_normal_0270_car_B1_spd_5_mic_2_mic_1.wav,in_support,periodic_resonance,0.7728432416915894
ToyCarEmu/train/section_00_source_train_normal_0271_car_B1_spd_5_mic_2_mic_1.wav,in_support,periodic_resonance,0.966693103313446
ToyCarEmu/train/section_00_source_train_normal_0272_car_B1_spd_5_mic_2_mic_1.wav,in_support,periodic_resonance,0.9372331500053406
ToyCarEmu/train/section_00_source_train_normal_0273_car_B1_spd_5_mic_2_mic_1.wav,in_support,amplitude_modulation,0.8698509931564331
ToyCarEmu/train/section_00_source_train_normal_0274_car_B1_spd_5_mic_2_mic_1.wav,in_support,amplitude_modulation,0.9347813725471497
ToyCarEmu/train/section_00_source_train_normal_0275_car_B1_spd_5_mic_2_mic_1.wav,in_support,amplitude_modulation,0.9460170865058899
ToyCarEmu/train/section_00_source_train_normal_0276_car_B1_spd_5_mic_2_mic_1.wav,in_support,periodic_resonance,0.9895898103713989
ToyCarEmu/train/section_00_source_train_normal_0277_car_B1_spd_5_mic_2_mic_1.wav,in_support,periodic_resonance,0.9723840355873108
ToyCarEmu/train/section_00_source_train_normal_0278_car_B1_spd_5_mic_2_mic_1.wav,in_support,amplitude_modulation,0.847192108631134
ToyCarEmu/train/section_00_source_train_normal_0279_car_B1_spd_5_mic_2_mic_1.wav,in_support,amplitude_modulation,0.7578070163726807
ToyCarEmu/train/section_00_source_train_normal_0280_car_B1_spd_5_mic_2_mic_1.wav,in_support,periodic_resonance,0.9962467551231384
ToyCarEmu/train/section_00_source_train_normal_0281_car_B1_spd_5_mic_2_mic_1.wav,in_support,periodic_resonance,0.9876040816307068
ToyCarEmu/train/section_00_source_train_normal_0282_car_B1_spd_5_mic_2_mic_1.wav,in_support,amplitude_modulation,0.5567168593406677
ToyCarEmu/train/section_00_source_train_normal_0283_car_B1_spd_5_mic_2_mic_1.wav,in_support,periodic_resonance,0.5798976421356201
ToyCarEmu/train/section_00_source_train_normal_0284_car_B1_spd_5_mic_2_mic_1.wav,in_support,amplitude_modulation,0.8972188234329224
ToyCarEmu/train/section_00_source_train_normal_0285_car_B1_spd_5_mic_2_mic_1.wav,in_support,frequency_modulation,0.9040202498435974
ToyCarEmu/train/section_00_source_train_normal_0286_car_B1_spd_5_mic_2_mic_1.wav,in_support,amplitude_modulation,0.8219262957572937
ToyCarEmu/train/section_00_source_train_normal_0287_car_B1_spd_5_mic_2_mic_1.wav,in_support,amplitude_modulation,0.9479475617408752
ToyCarEmu/train/section_00_source_train_normal_0288_car_B1_spd_5_mic_2_mic_1.wav,in_support,frequency_modulation,0.731308102607727
ToyCarEmu/train/section_00_source_train_normal_0289_car_B1_spd_5_mic_2_mic_1.wav,in_support,frequency_modulation,0.7372372150421143
ToyCarEmu/train/section_00_source_train_normal_0290_car_B1_spd_5_mic_2_mic_1.wav,in_support,frequency_modulation,0.8771117925643921
ToyCarEmu/train/section_00_source_train_normal_0291_car_B1_spd_5_mic_2_mic_1.wav,in_support,amplitude_modulation,0.6934629082679749
ToyCarEmu/train/section_00_source_train_normal_0292_car_B1_spd_5_mic_2_mic_1.wav,in_support,periodic_resonance,0.8775387406349182
ToyCarEmu/train/section_00_source_train_normal_0293_car_B1_spd_5_mic_2_mic_1.wav,in_support,periodic_resonance,0.989743709564209
ToyCarEmu/train/section_00_source_train_normal_0294_car_B1_spd_5_mic_2_mic_1.wav,in_support,periodic_resonance,0.2617182731628418
ToyCarEmu/train/section_00_source_train_normal_0295_car_B1_spd_5_mic_2_mic_1.wav,in_support,periodic_resonance,0.64748215675354
ToyCarEmu/train/section_00_source_train_normal_0296_car_B1_spd_5_mic_2_mic_1.wav,in_support,amplitude_modulation,0.9340221285820007
ToyCarEmu/train/section_00_source_train_normal_0297_car_B1_spd_5_mic_2_mic_1.wav,in_support,periodic_resonance,0.9783432483673096
ToyCarEmu/train/section_00_source_train_normal_0298_car_B1_spd_5_mic_2_mic_1.wav,in_support,periodic_resonance,0.469643235206604
ToyCarEmu/train/section_00_source_train_normal_0299_car_B1_spd_5_mic_2_mic_1.wav,in_support,periodic_resonance,0.9749764800071716
ToyCarEmu/train/section_00_source_train_normal_0300_car_B1_spd_5_mic_2_mic_1.wav,in_support,periodic_resonance,0.975135087966919
ToyCarEmu/train/section_00_source_train_normal_0301_car_B1_spd_5_mic_2_mic_1.wav,in_support,amplitude_modulation,0.6231663227081299
ToyCarEmu/train/section_00_source_train_normal_0302_car_B1_spd_5_mic_2_mic_1.wav,in_support,periodic_resonance,0.986508846282959
ToyCarEmu/train/section_00_source_train_normal_0303_car_B1_spd_5_mic_2_mic_1.wav,in_support,frequency_modulation,0.91908860206604
ToyCarEmu/train/section_00_source_train_normal_0304_car_B1_spd_5_mic_2_mic_1.wav,in_support,amplitude_modulation,0.9118115305900574
ToyCarEmu/train/section_00_source_train_normal_0305_car_B1_spd_5_mic_2_mic_1.wav,in_support,amplitude_modulation,0.8481566309928894
ToyCarEmu/train/section_00_source_train_normal_0306_car_B2_spd_5_mic_2_mic_1.wav,in_support,amplitude_modulation,0.7689046263694763
ToyCarEmu/train/section_00_source_train_normal_0307_car_B2_spd_5_mic_2_mic_1.wav,in_support,frequency_modulation,0.7900028228759766
ToyCarEmu/train/section_00_source_train_normal_0308_car_B2_spd_5_mic_2_mic_1.wav,in_support,frequency_modulation,0.9037600755691528
ToyCarEmu/train/section_00_source_train_normal_0309_car_B2_spd_5_mic_2_mic_1.wav,in_support,periodic_resonance,0.9814276695251465
ToyCarEmu/train/section_00_source_train_normal_0310_car_B2_spd_5_mic_2_mic_1.wav,in_support,periodic_resonance,0.9350816011428833
ToyCarEmu/train/section_00_source_train_normal_0311_car_B2_spd_5_mic_2_mic_1.wav,in_support,amplitude_modulation,0.542726993560791
ToyCarEmu/train/section_00_source_train_normal_0312_car_B2_spd_5_mic_2_mic_1.wav,in_support,amplitude_modulation,0.7891572713851929
ToyCarEmu/train/section_00_source_train_normal_0313_car_B2_spd_5_mic_2_mic_1.wav,in_support,periodic_resonance,0.9916428327560425
ToyCarEmu/train/section_00_source_train_normal_0314_car_B2_spd_5_mic_2_mic_1.wav,in_support,periodic_resonance,0.8785213828086853
ToyCarEmu/train/section_00_source_train_normal_0315_car_B2_spd_5_mic_2_mic_1.wav,in_support,frequency_modulation,0.9614959359169006
ToyCarEmu/train/section_00_source_train_normal_0316_car_B2_spd_5_mic_2_mic_1.wav,in_support,frequency_modulation,0.8519726991653442
ToyCarEmu/train/section_00_source_train_normal_0317_car_B2_spd_5_mic_2_mic_1.wav,in_support,periodic_resonance,0.8680986762046814
ToyCarEmu/train/section_00_source_train_normal_0318_car_B2_spd_5_mic_2_mic_1.wav,in_support,frequency_modulation,0.9607318639755249
ToyCarEmu/train/section_00_source_train_normal_0319_car_B2_spd_5_mic_2_mic_1.wav,in_support,periodic_resonance,0.9361934065818787
ToyCarEmu/train/section_00_source_train_normal_0320_car_B2_spd_5_mic_2_mic_1.wav,in_support,frequency_modulation,0.9272397756576538
ToyCarEmu/train/section_00_source_train_normal_0321_car_B2_spd_5_mic_2_mic_1.wav,in_support,amplitude_modulation,0.961958110332489
ToyCarEmu/train/section_00_source_train_normal_0322_car_B2_spd_5_mic_2_mic_1.wav,in_support,amplitude_modulation,0.8620946407318115
ToyCarEmu/train/section_00_source_train_normal_0323_car_B2_spd_5_mic_2_mic_1.wav,in_support,periodic_resonance,0.21176165342330933
ToyCarEmu/train/section_00_source_train_normal_0324_car_B2_spd_5_mic_2_mic_1.wav,in_support,amplitude_modulation,0.9894664883613586
ToyCarEmu/train/section_00_source_train_normal_0325_car_B2_spd_5_mic_2_mic_1.wav,in_support,periodic_resonance,0.9341622591018677
ToyCarEmu/train/section_00_source_train_normal_0326_car_B2_spd_5_mic_2_mic_1.wav,in_support,periodic_resonance,0.9800073504447937
ToyCarEmu/train/section_00_source_train_normal_0327_car_B2_spd_5_mic_2_mic_1.wav,in_support,amplitude_modulation,0.8428491950035095
ToyCarEmu/train/section_00_source_train_normal_0328_car_B2_spd_5_mic_2_mic_1.wav,in_support,amplitude_modulation,0.5685175061225891
ToyCarEmu/train/section_00_source_train_normal_0329_car_B2_spd_5_mic_2_mic_1.wav,in_support,amplitude_modulation,0.8174615502357483
ToyCarEmu/train/section_00_source_train_normal_0330_car_B2_spd_5_mic_2_mic_1.wav,in_support,periodic_resonance,0.6463353037834167
ToyCarEmu/train/section_00_source_train_normal_0331_car_C1_spd_2_mic_2_mic_1.wav,in_support,amplitude_modulation,0.5389038324356079
ToyCarEmu/train/section_00_source_train_normal_0332_car_C1_spd_2_mic_2_mic_1.wav,in_support,frequency_modulation,0.8757719993591309
ToyCarEmu/train/section_00_source_train_normal_0333_car_C1_spd_2_mic_2_mic_1.wav,in_support,amplitude_modulation,0.7311087250709534
ToyCarEmu/train/section_00_source_train_normal_0334_car_C1_spd_2_mic_2_mic_1.wav,in_support,frequency_modulation,0.9499287009239197
ToyCarEmu/train/section_00_source_train_normal_0335_car_C1_spd_2_mic_2_mic_1.wav,in_support,amplitude_modulation,0.7755995988845825
ToyCarEmu/train/section_00_source_train_normal_0336_car_C1_spd_2_mic_2_mic_1.wav,in_support,periodic_resonance,0.6362917423248291
ToyCarEmu/train/section_00_source_train_normal_0337_car_C1_spd_2_mic_2_mic_1.wav,in_support,periodic_resonance,0.9202648401260376
ToyCarEmu/train/section_00_source_train_normal_0338_car_C1_spd_2_mic_2_mic_1.wav,in_support,frequency_modulation,0.8030883073806763
ToyCarEmu/train/section_00_source_train_normal_0339_car_C1_spd_2_mic_2_mic_1.wav,in_support,periodic_resonance,0.6241394281387329
ToyCarEmu/train/section_00_source_train_normal_0340_car_C1_spd_2_mic_2_mic_1.wav,in_support,amplitude_modulation,0.7420086860656738
ToyCarEmu/train/section_00_source_train_normal_0341_car_C1_spd_2_mic_2_mic_1.wav,in_support,amplitude_modulation,0.7183689475059509
ToyCarEmu/train/section_00_source_train_normal_0342_car_C1_spd_2_mic_2_mic_1.wav,in_support,amplitude_modulation,0.8036134839057922
ToyCarEmu/train/section_00_source_train_normal_0343_car_C1_spd_2_mic_2_mic_1.wav,in_support,periodic_resonance,0.8630070090293884
ToyCarEmu/train/section_00_source_train_normal_0344_car_C1_spd_2_mic_2_mic_1.wav,in_support,frequency_modulation,0.9323230385780334
ToyCarEmu/train/section_00_source_train_normal_0345_car_C1_spd_2_mic_2_mic_1.wav,in_support,amplitude_modulation,0.937009334564209
ToyCarEmu/train/section_00_source_train_normal_0346_car_C1_spd_2_mic_2_mic_1.wav,in_support,amplitude_modulation,0.7697611451148987
ToyCarEmu/train/section_00_source_train_normal_0347_car_C1_spd_2_mic_2_mic_1.wav,in_support,amplitude_modulation,0.85350102186203
ToyCarEmu/train/section_00_source_train_normal_0348_car_C1_spd_2_mic_2_mic_1.wav,in_support,periodic_resonance,0.9780092835426331
ToyCarEmu/train/section_00_source_train_normal_0349_car_C1_spd_2_mic_2_mic_1.wav,in_support,amplitude_modulation,0.8257567882537842
ToyCarEmu/train/section_00_source_train_normal_0350_car_C1_spd_2_mic_2_mic_1.wav,in_support,amplitude_modulation,0.8184319734573364
ToyCarEmu/train/section_00_source_train_normal_0351_car_C1_spd_2_mic_2_mic_1.wav,in_support,amplitude_modulation,0.8334707021713257
ToyCarEmu/train/section_00_source_train_normal_0352_car_C1_spd_2_mic_2_mic_1.wav,in_support,amplitude_modulation,0.7308468222618103
ToyCarEmu/train/section_00_source_train_normal_0353_car_C2_spd_2_mic_2_mic_1.wav,in_support,amplitude_modulation,0.9543266296386719
ToyCarEmu/train/section_00_source_train_normal_0354_car_C2_spd_2_mic_2_mic_1.wav,in_support,frequency_modulation,0.8693091869354248
ToyCarEmu/train/section_00_source_train_normal_0355_car_C2_spd_2_mic_2_mic_1.wav,in_support,periodic_resonance,0.9142987728118896
ToyCarEmu/train/section_00_source_train_normal_0356_car_C2_spd_2_mic_2_mic_1.wav,in_support,amplitude_modulation,0.9259340167045593
ToyCarEmu/train/section_00_source_train_normal_0357_car_C2_spd_2_mic_2_mic_1.wav,in_support,amplitude_modulation,0.915273129940033
ToyCarEmu/train/section_00_source_train_normal_0358_car_C2_spd_2_mic_2_mic_1.wav,in_support,frequency_modulation,0.7345307469367981
ToyCarEmu/train/section_00_source_train_normal_0359_car_C2_spd_2_mic_2_mic_1.wav,in_support,frequency_modulation,0.7764937877655029
ToyCarEmu/train/section_00_source_train_normal_0360_car_C2_spd_2_mic_2_mic_1.wav,in_support,amplitude_modulation,0.5573826432228088
ToyCarEmu/train/section_00_source_train_normal_0361_car_C2_spd_2_mic_2_mic_1.wav,in_support,periodic_resonance,0.9666202664375305
ToyCarEmu/train/section_00_source_train_normal_0362_car_C2_spd_2_mic_2_mic_1.wav,in_support,frequency_modulation,0.835817813873291
ToyCarEmu/train/section_00_source_train_normal_0363_car_C2_spd_2_mic_2_mic_1.wav,in_support,periodic_resonance,0.9890609979629517
ToyCarEmu/train/section_00_source_train_normal_0364_car_C2_spd_2_mic_2_mic_1.wav,in_support,periodic_resonance,0.5046605467796326
ToyCarEmu/train/section_00_source_train_normal_0365_car_C2_spd_2_mic_2_mic_1.wav,in_support,periodic_resonance,0.763829231262207
ToyCarEmu/train/section_00_source_train_normal_0366_car_C2_spd_2_mic_2_mic_1.wav,in_support,amplitude_modulation,0.7527389526367188
ToyCarEmu/train/section_00_source_train_normal_0367_car_C2_spd_2_mic_2_mic_1.wav,in_support,frequency_modulation,0.9326784014701843
ToyCarEmu/train/section_00_source_train_normal_0368_car_C2_spd_2_mic_2_mic_1.wav,in_support,periodic_resonance,0.2420363873243332
ToyCarEmu/train/section_00_source_train_normal_0369_car_C2_spd_2_mic_2_mic_1.wav,in_support,frequency_modulation,0.8741632103919983
ToyCarEmu/train/section_00_source_train_normal_0370_car_C2_spd_2_mic_2_mic_1.wav,in_support,amplitude_modulation,0.8220924735069275
ToyCarEmu/train/section_00_source_train_normal_0371_car_C2_spd_2_mic_2_mic_1.wav,in_support,frequency_modulation,0.8133864402770996
ToyCarEmu/train/section_00_source_train_normal_0372_car_C2_spd_2_mic_2_mic_1.wav,in_support,frequency_modulation,0.9305121302604675
ToyCarEmu/train/section_00_source_train_normal_0373_car_C1_spd_2_mic_2_mic_1.wav,in_support,frequency_modulation,0.9411327838897705
ToyCarEmu/train/section_00_source_train_normal_0374_car_C1_spd_2_mic_2_mic_1.wav,in_support,frequency_modulation,0.9191334247589111
ToyCarEmu/train/section_00_source_train_normal_0375_car_C1_spd_2_mic_2_mic_1.wav,in_support,frequency_modulation,0.8021005392074585
ToyCarEmu/train/section_00_source_train_normal_0376_car_C1_spd_2_mic_2_mic_1.wav,in_support,periodic_resonance,0.5216230154037476
ToyCarEmu/train/section_00_source_train_normal_0377_car_C1_spd_2_mic_2_mic_1.wav,in_support,periodic_resonance,0.9511263966560364
ToyCarEmu/train/section_00_source_train_normal_0378_car_C1_spd_2_mic_2_mic_1.wav,in_support,amplitude_modulation,0.7680475115776062
ToyCarEmu/train/section_00_source_train_normal_0379_car_C1_spd_2_mic_2_mic_1.wav,in_support,frequency_modulation,0.9076367020606995
ToyCarEmu/train/section_00_source_train_normal_0380_car_C1_spd_2_mic_2_mic_1.wav,in_support,periodic_resonance,0.5178141593933105
ToyCarEmu/train/section_00_source_train_normal_0381_car_C1_spd_2_mic_2_mic_1.wav,in_support,amplitude_modulation,0.7994564771652222
ToyCarEmu/train/section_00_source_train_normal_0382_car_C1_spd_2_mic_2_mic_1.wav,in_support,periodic_resonance,0.5501341819763184
ToyCarEmu/train/section_00_source_train_normal_0383_car_C1_spd_2_mic_2_mic_1.wav,in_support,frequency_modulation,0.9184780120849609
ToyCarEmu/train/section_00_source_train_normal_0384_car_C1_spd_2_mic_2_mic_1.wav,in_support,periodic_resonance,0.8646993637084961
ToyCarEmu/train/section_00_source_train_normal_0385_car_C1_spd_2_mic_2_mic_1.wav,in_support,amplitude_modulation,0.9557437300682068
ToyCarEmu/train/section_00_source_train_normal_0386_car_C1_spd_2_mic_2_mic_1.wav,in_support,amplitude_modulation,0.7204443216323853
ToyCarEmu/train/section_00_source_train_normal_0387_car_C1_spd_2_mic_2_mic_1.wav,in_support,frequency_modulation,0.9406582713127136
ToyCarEmu/train/section_00_source_train_normal_0388_car_C1_spd_2_mic_2_mic_1.wav,in_support,frequency_modulation,0.7937697768211365
ToyCarEmu/train/section_00_source_train_normal_0389_car_C1_spd_2_mic_2_mic_1.wav,in_support,frequency_modulation,0.9352647662162781
ToyCarEmu/train/section_00_source_train_normal_0390_car_C1_spd_2_mic_2_mic_1.wav,in_support,amplitude_modulation,0.8808093667030334
ToyCarEmu/train/section_00_source_train_normal_0391_car_C1_spd_2_mic_2_mic_1.wav,in_support,frequency_modulation,0.9136031866073608
ToyCarEmu/train/section_00_source_train_normal_0392_car_C1_spd_2_mic_2_mic_1.wav,in_support,amplitude_modulation,0.9002472758293152
ToyCarEmu/train/section_00_source_train_normal_0393_car_C1_spd_2_mic_2_mic_1.wav,in_support,periodic_resonance,0.962237536907196
ToyCarEmu/train/section_00_source_train_normal_0394_car_C1_spd_2_mic_2_mic_1.wav,in_support,frequency_modulation,0.8881754875183105
ToyCarEmu/train/section_00_source_train_normal_0395_car_C1_spd_2_mic_2_mic_1.wav,in_support,amplitude_modulation,0.8886725902557373
ToyCarEmu/train/section_00_source_train_normal_0396_car_C1_spd_2_mic_2_mic_1.wav,in_support,amplitude_modulation,0.7507971525192261
ToyCarEmu/train/section_00_source_train_normal_0397_car_C1_spd_2_mic_2_mic_1.wav,in_support,frequency_modulation,0.9150134921073914
ToyCarEmu/train/section_00_source_train_normal_0398_car_C1_spd_2_mic_2_mic_1.wav,in_support,periodic_resonance,0.2293812334537506
ToyCarEmu/train/section_00_source_train_normal_0399_car_C1_spd_2_mic_2_mic_1.wav,in_support,frequency_modulation,0.523120105266571
ToyCarEmu/train/section_00_source_train_normal_0400_car_C1_spd_2_mic_2_mic_1.wav,in_support,periodic_resonance,0.2391921877861023
ToyCarEmu/train/section_00_source_train_normal_0401_car_C1_spd_2_mic_2_mic_1.wav,in_support,amplitude_modulation,0.8263239860534668
ToyCarEmu/train/section_00_source_train_normal_0402_car_C1_spd_2_mic_2_mic_1.wav,in_support,amplitude_modulation,0.7359245419502258
ToyCarEmu/train/section_00_source_train_normal_0403_car_C1_spd_2_mic_2_mic_1.wav,in_support,frequency_modulation,0.76732337474823
ToyCarEmu/train/section_00_source_train_normal_0404_car_C1_spd_2_mic_2_mic_1.wav,in_support,amplitude_modulation,0.7334973812103271
ToyCarEmu/train/section_00_source_train_normal_0405_car_C1_spd_2_mic_2_mic_1.wav,in_support,amplitude_modulation,0.8006129860877991
ToyCarEmu/train/section_00_source_train_normal_0406_car_C1_spd_2_mic_2_mic_1.wav,in_support,periodic_resonance,0.6506166458129883
ToyCarEmu/train/section_00_source_train_normal_0407_car_C1_spd_2_mic_2_mic_1.wav,in_support,frequency_modulation,0.9058640003204346
ToyCarEmu/train/section_00_source_train_normal_0408_car_C1_spd_2_mic_2_mic_1.wav,in_support,amplitude_modulation,0.7735828757286072
ToyCarEmu/train/section_00_source_train_normal_0409_car_C1_spd_2_mic_2_mic_1.wav,in_support,frequency_modulation,0.8604168891906738
ToyCarEmu/train/section_00_source_train_normal_0410_car_C1_spd_2_mic_2_mic_1.wav,in_support,amplitude_modulation,0.7925835847854614
ToyCarEmu/train/section_00_source_train_normal_0411_car_C1_spd_2_mic_2_mic_1.wav,in_support,periodic_resonance,0.975001871585846
ToyCarEmu/train/section_00_source_train_normal_0412_car_C1_spd_2_mic_2_mic_1.wav,in_support,periodic_resonance,0.945898175239563
ToyCarEmu/train/section_00_source_train_normal_0413_car_C1_spd_2_mic_2_mic_1.wav,in_support,amplitude_modulation,0.8930914402008057
ToyCarEmu/train/section_00_source_train_normal_0414_car_C1_spd_2_mic_2_mic_1.wav,in_support,frequency_modulation,0.5419908761978149
ToyCarEmu/train/section_00_source_train_normal_0415_car_C1_spd_2_mic_2_mic_1.wav,in_support,amplitude_modulation,0.8442947864532471
ToyCarEmu/train/section_00_source_train_normal_0416_car_C1_spd_2_mic_2_mic_1.wav,in_support,periodic_resonance,0.5843825936317444
ToyCarEmu/train/section_00_source_train_normal_0417_car_C1_spd_2_mic_2_mic_1.wav,in_support,periodic_resonance,0.9879446625709534
ToyCarEmu/train/section_00_source_train_normal_0418_car_C1_spd_2_mic_2_mic_1.wav,in_support,amplitude_modulation,0.7920525074005127
ToyCarEmu/train/section_00_source_train_normal_0419_car_C1_spd_2_mic_2_mic_1.wav,in_support,periodic_resonance,0.9802653789520264
ToyCarEmu/train/section_00_source_train_normal_0420_car_C1_spd_2_mic_2_mic_1.wav,in_support,frequency_modulation,0.9245687127113342
ToyCarEmu/train/section_00_source_train_normal_0421_car_C1_spd_2_mic_2_mic_1.wav,in_support,frequency_modulation,0.797075629234314
ToyCarEmu/train/section_00_source_train_normal_0422_car_C1_spd_2_mic_2_mic_1.wav,in_support,frequency_modulation,0.8248421549797058
ToyCarEmu/train/section_00_source_train_normal_0423_car_C2_spd_2_mic_2_mic_1.wav,in_support,amplitude_modulation,0.8710176944732666
ToyCarEmu/train/section_00_source_train_normal_0424_car_C2_spd_2_mic_2_mic_1.wav,in_support,amplitude_modulation,0.6934463381767273
ToyCarEmu/train/section_00_source_train_normal_0425_car_C2_spd_2_mic_2_mic_1.wav,in_support,amplitude_modulation,0.8864738941192627
ToyCarEmu/train/section_00_source_train_normal_0426_car_C2_spd_2_mic_2_mic_1.wav,in_support,amplitude_modulation,0.7692199349403381
ToyCarEmu/train/section_00_source_train_normal_0427_car_C2_spd_2_mic_2_mic_1.wav,in_support,periodic_resonance,0.9718334674835205
ToyCarEmu/train/section_00_source_train_normal_0428_car_C2_spd_2_mic_2_mic_1.wav,in_support,periodic_resonance,0.2552195191383362
ToyCarEmu/train/section_00_source_train_normal_0429_car_C2_spd_2_mic_2_mic_1.wav,in_support,frequency_modulation,0.8762323260307312
ToyCarEmu/train/section_00_source_train_normal_0430_car_C2_spd_2_mic_2_mic_1.wav,in_support,amplitude_modulation,0.7374504208564758
ToyCarEmu/train/section_00_source_train_normal_0431_car_C2_spd_2_mic_2_mic_1.wav,in_support,frequency_modulation,0.8967487812042236
ToyCarEmu/train/section_00_source_train_normal_0432_car_C2_spd_2_mic_2_mic_1.wav,in_support,amplitude_modulation,0.753001868724823
ToyCarEmu/train/section_00_source_train_normal_0433_car_C2_spd_2_mic_2_mic_1.wav,in_support,frequency_modulation,0.6888659596443176
ToyCarEmu/train/section_00_source_train_normal_0434_car_C2_spd_2_mic_2_mic_1.wav,in_support,amplitude_modulation,0.6666968464851379
ToyCarEmu/train/section_00_source_train_normal_0435_car_C2_spd_2_mic_2_mic_1.wav,in_support,amplitude_modulation,0.9422640800476074
ToyCarEmu/train/section_00_source_train_normal_0436_car_C2_spd_2_mic_2_mic_1.wav,in_support,periodic_resonance,0.9889348149299622
ToyCarEmu/train/section_00_source_train_normal_0437_car_C2_spd_2_mic_2_mic_1.wav,in_support,amplitude_modulation,0.6497323513031006
ToyCarEmu/train/section_00_source_train_normal_0438_car_C2_spd_2_mic_2_mic_1.wav,in_support,frequency_modulation,0.5700333714485168
ToyCarEmu/train/section_00_source_train_normal_0439_car_C2_spd_2_mic_2_mic_1.wav,in_support,periodic_resonance,0.36390647292137146
ToyCarEmu/train/section_00_source_train_normal_0440_car_C2_spd_2_mic_2_mic_1.wav,in_support,amplitude_modulation,0.7831368446350098
ToyCarEmu/train/section_00_source_train_normal_0441_car_C2_spd_2_mic_2_mic_1.wav,in_support,periodic_resonance,0.9883888363838196
ToyCarEmu/train/section_00_source_train_normal_0442_car_C2_spd_2_mic_2_mic_1.wav,in_support,amplitude_modulation,0.9205000400543213
ToyCarEmu/train/section_00_source_train_normal_0443_car_C2_spd_2_mic_2_mic_1.wav,in_support,periodic_resonance,0.45653265714645386
ToyCarEmu/train/section_00_source_train_normal_0444_car_C2_spd_2_mic_2_mic_1.wav,in_support,periodic_resonance,0.4927455186843872
ToyCarEmu/train/section_00_source_train_normal_0445_car_C2_spd_2_mic_2_mic_1.wav,in_support,periodic_resonance,0.8924084305763245
ToyCarEmu/train/section_00_source_train_normal_0446_car_C2_spd_2_mic_2_mic_1.wav,in_support,amplitude_modulation,0.8235284686088562
ToyCarEmu/train/section_00_source_train_normal_0447_car_C2_spd_2_mic_2_mic_1.wav,in_support,periodic_resonance,0.7766184210777283
ToyCarEmu/train/section_00_source_train_normal_0448_car_C1_spd_3_mic_2_mic_1.wav,in_support,amplitude_modulation,0.5301446318626404
ToyCarEmu/train/section_00_source_train_normal_0449_car_C1_spd_3_mic_2_mic_1.wav,in_support,frequency_modulation,0.9767600893974304
ToyCarEmu/train/section_00_source_train_normal_0450_car_C1_spd_3_mic_2_mic_1.wav,in_support,amplitude_modulation,0.8977015018463135
ToyCarEmu/train/section_00_source_train_normal_0451_car_C1_spd_3_mic_2_mic_1.wav,in_support,frequency_modulation,0.967083752155304
ToyCarEmu/train/section_00_source_train_normal_0452_car_C1_spd_3_mic_2_mic_1.wav,in_support,periodic_resonance,0.9817274808883667
ToyCarEmu/train/section_00_source_train_normal_0453_car_C1_spd_3_mic_2_mic_1.wav,in_support,amplitude_modulation,0.8770277500152588
ToyCarEmu/train/section_00_source_train_normal_0454_car_C1_spd_3_mic_2_mic_1.wav,in_support,frequency_modulation,0.8661026954650879
ToyCarEmu/train/section_00_source_train_normal_0455_car_C1_spd_3_mic_2_mic_1.wav,in_support,frequency_modulation,0.8636481761932373
ToyCarEmu/train/section_00_source_train_normal_0456_car_C1_spd_3_mic_2_mic_1.wav,in_support,periodic_resonance,0.9935689568519592
ToyCarEmu/train/section_00_source_train_normal_0457_car_C1_spd_3_mic_2_mic_1.wav,in_support,frequency_modulation,0.8487292528152466
ToyCarEmu/train/section_00_source_train_normal_0458_car_C1_spd_3_mic_2_mic_1.wav,in_support,frequency_modulation,0.9583931565284729
ToyCarEmu/train/section_00_source_train_normal_0459_car_C1_spd_3_mic_2_mic_1.wav,in_support,amplitude_modulation,0.9475394487380981
ToyCarEmu/train/section_00_source_train_normal_0460_car_C1_spd_3_mic_2_mic_1.wav,in_support,frequency_modulation,0.8312950730323792
ToyCarEmu/train/section_00_source_train_normal_0461_car_C1_spd_3_mic_2_mic_1.wav,in_support,periodic_resonance,0.9875332117080688
ToyCarEmu/train/section_00_source_train_normal_0462_car_C1_spd_3_mic_2_mic_1.wav,in_support,periodic_resonance,0.8422832489013672
ToyCarEmu/train/section_00_source_train_normal_0463_car_C1_spd_3_mic_2_mic_1.wav,in_support,periodic_resonance,0.5260956287384033
ToyCarEmu/train/section_00_source_train_normal_0464_car_C1_spd_3_mic_2_mic_1.wav,in_support,frequency_modulation,0.890761137008667
ToyCarEmu/train/section_00_source_train_normal_0465_car_C1_spd_3_mic_2_mic_1.wav,in_support,frequency_modulation,0.6551490426063538
ToyCarEmu/train/section_00_source_train_normal_0466_car_C1_spd_3_mic_2_mic_1.wav,in_support,frequency_modulation,0.9427778720855713
ToyCarEmu/train/section_00_source_train_normal_0467_car_C1_spd_3_mic_2_mic_1.wav,in_support,amplitude_modulation,0.5342511534690857
ToyCarEmu/train/section_00_source_train_normal_0468_car_C1_spd_3_mic_2_mic_1.wav,in_support,periodic_resonance,0.9967591166496277
ToyCarEmu/train/section_00_source_train_normal_0469_car_C1_spd_3_mic_2_mic_1.wav,in_support,frequency_modulation,0.7040513157844543
ToyCarEmu/train/section_00_source_train_normal_0470_car_C1_spd_3_mic_2_mic_1.wav,in_support,periodic_resonance,0.693125307559967
ToyCarEmu/train/section_00_source_train_normal_0471_car_C1_spd_3_mic_2_mic_1.wav,in_support,frequency_modulation,0.7144373655319214
ToyCarEmu/train/section_00_source_train_normal_0472_car_C1_spd_3_mic_2_mic_1.wav,in_support,frequency_modulation,0.6666781306266785
ToyCarEmu/train/section_00_source_train_normal_0473_car_C1_spd_3_mic_2_mic_1.wav,in_support,frequency_modulation,0.9683750867843628
ToyCarEmu/train/section_00_source_train_normal_0474_car_C1_spd_3_mic_2_mic_1.wav,in_support,periodic_resonance,0.2778567373752594
ToyCarEmu/train/section_00_source_train_normal_0475_car_C1_spd_3_mic_2_mic_1.wav,in_support,frequency_modulation,0.9274724125862122
ToyCarEmu/train/section_00_source_train_normal_0476_car_C1_spd_3_mic_2_mic_1.wav,in_support,amplitude_modulation,0.8931270837783813
ToyCarEmu/train/section_00_source_train_normal_0477_car_C1_spd_3_mic_2_mic_1.wav,in_support,frequency_modulation,0.9049217104911804
ToyCarEmu/train/section_00_source_train_normal_0478_car_C1_spd_3_mic_2_mic_1.wav,in_support,amplitude_modulation,0.6851950883865356
ToyCarEmu/train/section_00_source_train_normal_0479_car_C1_spd_3_mic_2_mic_1.wav,in_support,amplitude_modulation,0.9091852307319641
ToyCarEmu/train/section_00_source_train_normal_0480_car_C1_spd_3_mic_2_mic_1.wav,in_support,amplitude_modulation,0.9486659169197083
ToyCarEmu/train/section_00_source_train_normal_0481_car_C1_spd_3_mic_2_mic_1.wav,in_support,frequency_modulation,0.9928706288337708
ToyCarEmu/train/section_00_source_train_normal_0482_car_C1_spd_3_mic_2_mic_1.wav,in_support,frequency_modulation,0.9534714221954346
ToyCarEmu/train/section_00_source_train_normal_0483_car_C1_spd_3_mic_2_mic_1.wav,in_support,frequency_modulation,0.8310748338699341
ToyCarEmu/train/section_00_source_train_normal_0484_car_C1_spd_3_mic_2_mic_1.wav,in_support,periodic_resonance,0.14047838747501373
ToyCarEmu/train/section_00_source_train_normal_0485_car_C1_spd_3_mic_2_mic_1.wav,in_support,amplitude_modulation,0.7082690596580505
ToyCarEmu/train/section_00_source_train_normal_0486_car_C1_spd_3_mic_2_mic_1.wav,in_support,amplitude_modulation,0.6648409366607666
ToyCarEmu/train/section_00_source_train_normal_0487_car_C1_spd_3_mic_2_mic_1.wav,in_support,periodic_resonance,0.9004319906234741
ToyCarEmu/train/section_00_source_train_normal_0488_car_C1_spd_3_mic_2_mic_1.wav,in_support,amplitude_modulation,0.5993745923042297
ToyCarEmu/train/section_00_source_train_normal_0489_car_C1_spd_3_mic_2_mic_1.wav,in_support,periodic_resonance,0.9676069021224976
ToyCarEmu/train/section_00_source_train_normal_0490_car_C1_spd_3_mic_2_mic_1.wav,in_support,frequency_modulation,0.6759907603263855
ToyCarEmu/train/section_00_source_train_normal_0491_car_C1_spd_3_mic_2_mic_1.wav,in_support,frequency_modulation,0.8097761273384094
ToyCarEmu/train/section_00_source_train_normal_0492_car_C1_spd_3_mic_2_mic_1.wav,in_support,amplitude_modulation,0.6994673013687134
ToyCarEmu/train/section_00_source_train_normal_0493_car_C1_spd_3_mic_2_mic_1.wav,in_support,amplitude_modulation,0.847419261932373
ToyCarEmu/train/section_00_source_train_normal_0494_car_C2_spd_3_mic_2_mic_1.wav,in_support,periodic_resonance,0.3830937445163727
ToyCarEmu/train/section_00_source_train_normal_0495_car_C2_spd_3_mic_2_mic_1.wav,in_support,periodic_resonance,0.5584181547164917
ToyCarEmu/train/section_00_source_train_normal_0496_car_C2_spd_3_mic_2_mic_1.wav,in_support,amplitude_modulation,0.7441846132278442
ToyCarEmu/train/section_00_source_train_normal_0497_car_C2_spd_3_mic_2_mic_1.wav,in_support,periodic_resonance,0.8935568332672119
ToyCarEmu/train/section_00_source_train_normal_0498_car_C2_spd_3_mic_2_mic_1.wav,in_support,amplitude_modulation,0.6082907915115356
ToyCarEmu/train/section_00_source_train_normal_0499_car_C2_spd_3_mic_2_mic_1.wav,in_support,periodic_resonance,0.2521553039550781
ToyCarEmu/train/section_00_source_train_normal_0500_car_C2_spd_3_mic_2_mic_1.wav,in_support,frequency_modulation,0.9201480150222778
ToyCarEmu/train/section_00_source_train_normal_0501_car_C2_spd_3_mic_2_mic_1.wav,in_support,periodic_resonance,0.9676049947738647
ToyCarEmu/train/section_00_source_train_normal_0502_car_C2_spd_3_mic_2_mic_1.wav,in_support,periodic_resonance,0.3906366527080536
ToyCarEmu/train/section_00_source_train_normal_0503_car_C2_spd_3_mic_2_mic_1.wav,in_support,periodic_resonance,0.6542152166366577
ToyCarEmu/train/section_00_source_train_normal_0504_car_C2_spd_3_mic_2_mic_1.wav,in_support,periodic_resonance,0.5088465213775635
ToyCarEmu/train/section_00_source_train_normal_0505_car_C2_spd_3_mic_2_mic_1.wav,in_support,amplitude_modulation,0.9613258242607117
ToyCarEmu/train/section_00_source_train_normal_0506_car_C2_spd_3_mic_2_mic_1.wav,in_support,periodic_resonance,0.8152738213539124
ToyCarEmu/train/section_00_source_train_normal_0507_car_C2_spd_3_mic_2_mic_1.wav,in_support,periodic_resonance,0.9449369311332703
ToyCarEmu/train/section_00_source_train_normal_0508_car_C2_spd_3_mic_2_mic_1.wav,in_support,periodic_resonance,0.5054975152015686
ToyCarEmu/train/section_00_source_train_normal_0509_car_C2_spd_3_mic_2_mic_1.wav,in_support,frequency_modulation,0.9278078675270081
ToyCarEmu/train/section_00_source_train_normal_0510_car_C2_spd_3_mic_2_mic_1.wav,in_support,frequency_modulation,0.6552327871322632
ToyCarEmu/train/section_00_source_train_normal_0511_car_C2_spd_3_mic_2_mic_1.wav,in_support,periodic_resonance,0.7948700189590454
ToyCarEmu/train/section_00_source_train_normal_0512_car_C2_spd_3_mic_2_mic_1.wav,in_support,periodic_resonance,0.9895768165588379
ToyCarEmu/train/section_00_source_train_normal_0513_car_C2_spd_3_mic_2_mic_1.wav,in_support,amplitude_modulation,0.5180578827857971
ToyCarEmu/train/section_00_source_train_normal_0514_car_C2_spd_3_mic_2_mic_1.wav,in_support,amplitude_modulation,0.9511249661445618
ToyCarEmu/train/section_00_source_train_normal_0515_car_C2_spd_3_mic_2_mic_1.wav,in_support,periodic_resonance,0.382819265127182
ToyCarEmu/train/section_00_source_train_normal_0516_car_C2_spd_3_mic_2_mic_1.wav,in_support,frequency_modulation,0.741784393787384
ToyCarEmu/train/section_00_source_train_normal_0517_car_C2_spd_3_mic_2_mic_1.wav,in_support,periodic_resonance,0.5595609545707703
ToyCarEmu/train/section_00_source_train_normal_0518_car_C2_spd_3_mic_2_mic_1.wav,in_support,frequency_modulation,0.9508523344993591
ToyCarEmu/train/section_00_source_train_normal_0519_car_C1_spd_3_mic_2_mic_1.wav,in_support,frequency_modulation,0.8692545890808105
ToyCarEmu/train/section_00_source_train_normal_0520_car_C1_spd_3_mic_2_mic_1.wav,in_support,amplitude_modulation,0.5434355735778809
ToyCarEmu/train/section_00_source_train_normal_0521_car_C1_spd_3_mic_2_mic_1.wav,in_support,frequency_modulation,0.8976258635520935
ToyCarEmu/train/section_00_source_train_normal_0522_car_C1_spd_3_mic_2_mic_1.wav,in_support,frequency_modulation,0.7919211387634277
ToyCarEmu/train/section_00_source_train_normal_0523_car_C1_spd_3_mic_2_mic_1.wav,in_support,amplitude_modulation,0.7797853350639343
ToyCarEmu/train/section_00_source_train_normal_0524_car_C1_spd_3_mic_2_mic_1.wav,in_support,frequency_modulation,0.9720228910446167
ToyCarEmu/train/section_00_source_train_normal_0525_car_C1_spd_3_mic_2_mic_1.wav,in_support,amplitude_modulation,0.8459187746047974
ToyCarEmu/train/section_00_source_train_normal_0526_car_C1_spd_3_mic_2_mic_1.wav,in_support,periodic_resonance,0.3005569577217102
ToyCarEmu/train/section_00_source_train_normal_0527_car_C1_spd_3_mic_2_mic_1.wav,in_support,amplitude_modulation,0.7098565697669983
ToyCarEmu/train/section_00_source_train_normal_0528_car_C1_spd_3_mic_2_mic_1.wav,in_support,amplitude_modulation,0.7985063791275024
ToyCarEmu/train/section_00_source_train_normal_0529_car_C1_spd_3_mic_2_mic_1.wav,in_support,amplitude_modulation,0.781312882900238
ToyCarEmu/train/section_00_source_train_normal_0530_car_C1_spd_3_mic_2_mic_1.wav,in_support,periodic_resonance,0.9422134757041931
ToyCarEmu/train/section_00_source_train_normal_0531_car_C1_spd_3_mic_2_mic_1.wav,in_support,frequency_modulation,0.6271152496337891
ToyCarEmu/train/section_00_source_train_normal_0532_car_C1_spd_3_mic_2_mic_1.wav,in_support,amplitude_modulation,0.8036458492279053
ToyCarEmu/train/section_00_source_train_normal_0533_car_C1_spd_3_mic_2_mic_1.wav,in_support,frequency_modulation,0.8346434235572815
ToyCarEmu/train/section_00_source_train_normal_0534_car_C1_spd_3_mic_2_mic_1.wav,in_support,amplitude_modulation,0.9038201570510864
ToyCarEmu/train/section_00_source_train_normal_0535_car_C1_spd_3_mic_2_mic_1.wav,in_support,periodic_resonance,0.4088551998138428
ToyCarEmu/train/section_00_source_train_normal_0536_car_C1_spd_3_mic_2_mic_1.wav,in_support,periodic_resonance,0.977063775062561
ToyCarEmu/train/section_00_source_train_normal_0537_car_C1_spd_3_mic_2_mic_1.wav,in_support,periodic_resonance,0.9568483233451843
ToyCarEmu/train/section_00_source_train_normal_0538_car_C1_spd_3_mic_2_mic_1.wav,in_support,periodic_resonance,0.9892174601554871
ToyCarEmu/train/section_00_source_train_normal_0539_car_C1_spd_3_mic_2_mic_1.wav,in_support,amplitude_modulation,0.9227172136306763
ToyCarEmu/train/section_00_source_train_normal_0540_car_C1_spd_3_mic_2_mic_1.wav,in_support,frequency_modulation,0.822597086429596
ToyCarEmu/train/section_00_source_train_normal_0541_car_C1_spd_3_mic_2_mic_1.wav,in_support,frequency_modulation,0.9374669194221497
ToyCarEmu/train/section_00_source_train_normal_0542_car_C1_spd_3_mic_2_mic_1.wav,in_support,frequency_modulation,0.8877356648445129
ToyCarEmu/train/section_00_source_train_normal_0543_car_C1_spd_3_mic_2_mic_1.wav,in_support,frequency_modulation,0.6953675746917725
ToyCarEmu/train/section_00_source_train_normal_0544_car_C1_spd_5_mic_2_mic_1.wav,in_support,amplitude_modulation,0.7572722434997559
ToyCarEmu/train/section_00_source_train_normal_0545_car_C1_spd_5_mic_2_mic_1.wav,in_support,periodic_resonance,0.6921929717063904
ToyCarEmu/train/section_00_source_train_normal_0546_car_C1_spd_5_mic_2_mic_1.wav,in_support,periodic_resonance,0.9940596222877502
ToyCarEmu/train/section_00_source_train_normal_0547_car_C1_spd_5_mic_2_mic_1.wav,in_support,frequency_modulation,0.9243156909942627
ToyCarEmu/train/section_00_source_train_normal_0548_car_C1_spd_5_mic_2_mic_1.wav,in_support,amplitude_modulation,0.7161244750022888
ToyCarEmu/train/section_00_source_train_normal_0549_car_C1_spd_5_mic_2_mic_1.wav,in_support,frequency_modulation,0.9318382143974304
ToyCarEmu/train/section_00_source_train_normal_0550_car_C1_spd_5_mic_2_mic_1.wav,in_support,periodic_resonance,0.8924677968025208
ToyCarEmu/train/section_00_source_train_normal_0551_car_C1_spd_5_mic_2_mic_1.wav,in_support,frequency_modulation,0.5324764251708984
ToyCarEmu/train/section_00_source_train_normal_0552_car_C1_spd_5_mic_2_mic_1.wav,in_support,periodic_resonance,0.5544953346252441
ToyCarEmu/train/section_00_source_train_normal_0553_car_C1_spd_5_mic_2_mic_1.wav,in_support,periodic_resonance,0.9045637845993042
ToyCarEmu/train/section_00_source_train_normal_0554_car_C1_spd_5_mic_2_mic_1.wav,in_support,frequency_modulation,0.9431875348091125
ToyCarEmu/train/section_00_source_train_normal_0555_car_C1_spd_5_mic_2_mic_1.wav,in_support,periodic_resonance,0.9496312737464905
ToyCarEmu/train/section_00_source_train_normal_0556_car_C1_spd_5_mic_2_mic_1.wav,in_support,periodic_resonance,0.788430392742157
ToyCarEmu/train/section_00_source_train_normal_0557_car_C1_spd_5_mic_2_mic_1.wav,in_support,periodic_resonance,0.47375956177711487
ToyCarEmu/train/section_00_source_train_normal_0558_car_C1_spd_5_mic_2_mic_1.wav,in_support,frequency_modulation,0.7974995374679565
ToyCarEmu/train/section_00_source_train_normal_0559_car_C1_spd_5_mic_2_mic_1.wav,in_support,frequency_modulation,0.7582487463951111
ToyCarEmu/train/section_00_source_train_normal_0560_car_C1_spd_5_mic_2_mic_1.wav,in_support,amplitude_modulation,0.4988586902618408
ToyCarEmu/train/section_00_source_train_normal_0561_car_C1_spd_5_mic_2_mic_1.wav,in_support,frequency_modulation,0.9192582368850708
ToyCarEmu/train/section_00_source_train_normal_0562_car_C1_spd_5_mic_2_mic_1.wav,in_support,amplitude_modulation,0.8552566170692444
ToyCarEmu/train/section_00_source_train_normal_0563_car_C1_spd_5_mic_2_mic_1.wav,in_support,frequency_modulation,0.9079643487930298
ToyCarEmu/train/section_00_source_train_normal_0564_car_C1_spd_5_mic_2_mic_1.wav,in_support,amplitude_modulation,0.907184362411499
ToyCarEmu/train/section_00_source_train_normal_0565_car_C1_spd_5_mic_2_mic_1.wav,in_support,periodic_resonance,0.8444611430168152
ToyCarEmu/train/section_00_source_train_normal_0566_car_C2_spd_5_mic_2_mic_1.wav,in_support,frequency_modulation,0.690435528755188
ToyCarEmu/train/section_00_source_train_normal_0567_car_C2_spd_5_mic_2_mic_1.wav,in_support,frequency_modulation,0.9680407643318176
ToyCarEmu/train/section_00_source_train_normal_0568_car_C2_spd_5_mic_2_mic_1.wav,in_support,frequency_modulation,0.7490119934082031
ToyCarEmu/train/section_00_source_train_normal_0569_car_C2_spd_5_mic_2_mic_1.wav,in_support,amplitude_modulation,0.8255321979522705
ToyCarEmu/train/section_00_source_train_normal_0570_car_C2_spd_5_mic_2_mic_1.wav,in_support,frequency_modulation,0.9401904940605164
ToyCarEmu/train/section_00_source_train_normal_0571_car_C2_spd_5_mic_2_mic_1.wav,in_support,frequency_modulation,0.9503682851791382
ToyCarEmu/train/section_00_source_train_normal_0572_car_C2_spd_5_mic_2_mic_1.wav,in_support,periodic_resonance,0.4397692084312439
ToyCarEmu/train/section_00_source_train_normal_0573_car_C2_spd_5_mic_2_mic_1.wav,in_support,frequency_modulation,0.8299506902694702
ToyCarEmu/train/section_00_source_train_normal_0574_car_C2_spd_5_mic_2_mic_1.wav,in_support,periodic_resonance,0.9712641835212708
ToyCarEmu/train/section_00_source_train_normal_0575_car_C2_spd_5_mic_2_mic_1.wav,in_support,frequency_modulation,0.8663904070854187
ToyCarEmu/train/section_00_source_train_normal_0576_car_C2_spd_5_mic_2_mic_1.wav,in_support,amplitude_modulation,0.8837299942970276
ToyCarEmu/train/section_00_source_train_normal_0577_car_C2_spd_5_mic_2_mic_1.wav,in_support,periodic_resonance,0.8609941005706787
ToyCarEmu/train/section_00_source_train_normal_0578_car_C2_spd_5_mic_2_mic_1.wav,in_support,amplitude_modulation,0.8281979560852051
ToyCarEmu/train/section_00_source_train_normal_0579_car_C2_spd_5_mic_2_mic_1.wav,in_support,frequency_modulation,0.8755643367767334
ToyCarEmu/train/section_00_source_train_normal_0580_car_C2_spd_5_mic_2_mic_1.wav,in_support,periodic_resonance,0.651391327381134
ToyCarEmu/train/section_00_source_train_normal_0581_car_C2_spd_5_mic_2_mic_1.wav,in_support,frequency_modulation,0.8251402378082275
ToyCarEmu/train/section_00_source_train_normal_0582_car_C2_spd_5_mic_2_mic_1.wav,in_support,periodic_resonance,0.17298758029937744
ToyCarEmu/train/section_00_source_train_normal_0583_car_C2_spd_5_mic_2_mic_1.wav,in_support,periodic_resonance,0.9311785697937012
ToyCarEmu/train/section_00_source_train_normal_0584_car_C2_spd_5_mic_2_mic_1.wav,in_support,periodic_resonance,0.5016548037528992
ToyCarEmu/train/section_00_source_train_normal_0585_car_C2_spd_5_mic_2_mic_1.wav,in_support,frequency_modulation,0.9498279690742493
ToyCarEmu/train/section_00_source_train_normal_0586_car_C1_spd_5_mic_2_mic_1.wav,in_support,amplitude_modulation,0.7035019397735596
ToyCarEmu/train/section_00_source_train_normal_0587_car_C1_spd_5_mic_2_mic_1.wav,in_support,frequency_modulation,0.9324005842208862
ToyCarEmu/train/section_00_source_train_normal_0588_car_C1_spd_5_mic_2_mic_1.wav,in_support,frequency_modulation,0.8435690999031067
ToyCarEmu/train/section_00_source_train_normal_0589_car_C1_spd_5_mic_2_mic_1.wav,in_support,frequency_modulation,0.8888522982597351
ToyCarEmu/train/section_00_source_train_normal_0590_car_C1_spd_5_mic_2_mic_1.wav,in_support,amplitude_modulation,0.8842687606811523
ToyCarEmu/train/section_00_source_train_normal_0591_car_C1_spd_5_mic_2_mic_1.wav,in_support,frequency_modulation,0.8336952328681946
ToyCarEmu/train/section_00_source_train_normal_0592_car_C1_spd_5_mic_2_mic_1.wav,in_support,frequency_modulation,0.9424948692321777
ToyCarEmu/train/section_00_source_train_normal_0593_car_C1_spd_5_mic_2_mic_1.wav,in_support,amplitude_modulation,0.7537509202957153
ToyCarEmu/train/section_00_source_train_normal_0594_car_C1_spd_5_mic_2_mic_1.wav,in_support,amplitude_modulation,0.9243966341018677
ToyCarEmu/train/section_00_source_train_normal_0595_car_C1_spd_5_mic_2_mic_1.wav,in_support,frequency_modulation,0.9109588861465454
ToyCarEmu/train/section_00_source_train_normal_0596_car_C1_spd_5_mic_2_mic_1.wav,in_support,frequency_modulation,0.7089968919754028
ToyCarEmu/train/section_00_source_train_normal_0597_car_C1_spd_5_mic_2_mic_1.wav,in_support,frequency_modulation,0.9313831329345703
ToyCarEmu/train/section_00_source_train_normal_0598_car_C1_spd_5_mic_2_mic_1.wav,in_support,frequency_modulation,0.794466495513916
ToyCarEmu/train/section_00_source_train_normal_0599_car_C1_spd_5_mic_2_mic_1.wav,in_support,amplitude_modulation,0.6081039309501648
ToyCarEmu/train/section_00_source_train_normal_0600_car_C1_spd_5_mic_2_mic_1.wav,in_support,amplitude_modulation,0.6378371119499207
ToyCarEmu/train/section_00_source_train_normal_0601_car_C1_spd_5_mic_2_mic_1.wav,in_support,amplitude_modulation,0.888178825378418
ToyCarEmu/train/section_00_source_train_normal_0602_car_C1_spd_5_mic_2_mic_1.wav,in_support,periodic_resonance,0.32258063554763794
ToyCarEmu/train/section_00_source_train_normal_0603_car_C1_spd_5_mic_2_mic_1.wav,in_support,amplitude_modulation,0.5736314654350281
ToyCarEmu/train/section_00_source_train_normal_0604_car_C1_spd_5_mic_2_mic_1.wav,in_support,frequency_modulation,0.9037832021713257
ToyCarEmu/train/section_00_source_train_normal_0605_car_C1_spd_5_mic_2_mic_1.wav,in_support,amplitude_modulation,0.8767817616462708
ToyCarEmu/train/section_00_source_train_normal_0606_car_C1_spd_5_mic_2_mic_1.wav,in_support,periodic_resonance,0.5523251891136169
ToyCarEmu/train/section_00_source_train_normal_0607_car_C1_spd_5_mic_2_mic_1.wav,in_support,frequency_modulation,0.9075884819030762
ToyCarEmu/train/section_00_source_train_normal_0608_car_C1_spd_5_mic_2_mic_1.wav,in_support,frequency_modulation,0.7339105010032654
ToyCarEmu/train/section_00_source_train_normal_0609_car_C1_spd_5_mic_2_mic_1.wav,in_support,frequency_modulation,0.80662602186203
ToyCarEmu/train/section_00_source_train_normal_0610_car_C1_spd_5_mic_2_mic_1.wav,in_support,frequency_modulation,0.7407206892967224
ToyCarEmu/train/section_00_source_train_normal_0611_car_C1_spd_5_mic_2_mic_1.wav,in_support,periodic_resonance,0.8596847653388977
ToyCarEmu/train/section_00_source_train_normal_0612_car_C1_spd_5_mic_2_mic_1.wav,in_support,periodic_resonance,0.8996394872665405
ToyCarEmu/train/section_00_source_train_normal_0613_car_C1_spd_5_mic_2_mic_1.wav,in_support,periodic_resonance,0.981091320514679
ToyCarEmu/train/section_00_source_train_normal_0614_car_C1_spd_5_mic_2_mic_1.wav,in_support,amplitude_modulation,0.8556697368621826
ToyCarEmu/train/section_00_source_train_normal_0615_car_C1_spd_5_mic_2_mic_1.wav,in_support,amplitude_modulation,0.8074981570243835
ToyCarEmu/train/section_00_source_train_normal_0616_car_C1_spd_5_mic_2_mic_1.wav,in_support,periodic_resonance,0.9612481594085693
ToyCarEmu/train/section_00_source_train_normal_0617_car_C1_spd_5_mic_2_mic_1.wav,in_support,frequency_modulation,0.7978855967521667
ToyCarEmu/train/section_00_source_train_normal_0618_car_C1_spd_5_mic_2_mic_1.wav,in_support,frequency_modulation,0.611312747001648
ToyCarEmu/train/section_00_source_train_normal_0619_car_C1_spd_5_mic_2_mic_1.wav,in_support,amplitude_modulation,0.8850695490837097
ToyCarEmu/train/section_00_source_train_normal_0620_car_C1_spd_5_mic_2_mic_1.wav,in_support,frequency_modulation,0.8601399660110474
ToyCarEmu/train/section_00_source_train_normal_0621_car_C1_spd_5_mic_2_mic_1.wav,in_support,periodic_resonance,0.5484562516212463
ToyCarEmu/train/section_00_source_train_normal_0622_car_C1_spd_5_mic_2_mic_1.wav,in_support,periodic_resonance,0.1847364902496338
ToyCarEmu/train/section_00_source_train_normal_0623_car_C1_spd_5_mic_2_mic_1.wav,in_support,periodic_resonance,0.5876002907752991
ToyCarEmu/train/section_00_source_train_normal_0624_car_C1_spd_5_mic_2_mic_1.wav,in_support,amplitude_modulation,0.6465126276016235
ToyCarEmu/train/section_00_source_train_normal_0625_car_C1_spd_5_mic_2_mic_1.wav,in_support,periodic_resonance,0.8925840258598328
ToyCarEmu/train/section_00_source_train_normal_0626_car_C1_spd_5_mic_2_mic_1.wav,in_support,amplitude_modulation,0.706903874874115
ToyCarEmu/train/section_00_source_train_normal_0627_car_C1_spd_5_mic_2_mic_1.wav,in_support,frequency_modulation,0.7087783217430115
ToyCarEmu/train/section_00_source_train_normal_0628_car_C1_spd_5_mic_2_mic_1.wav,in_support,frequency_modulation,0.786494255065918
ToyCarEmu/train/section_00_source_train_normal_0629_car_C1_spd_5_mic_2_mic_1.wav,in_support,periodic_resonance,0.9693030714988708
ToyCarEmu/train/section_00_source_train_normal_0630_car_C1_spd_5_mic_2_mic_1.wav,in_support,periodic_resonance,0.3343484103679657
ToyCarEmu/train/section_00_source_train_normal_0631_car_C1_spd_5_mic_2_mic_1.wav,in_support,amplitude_modulation,0.8182507157325745
ToyCarEmu/train/section_00_source_train_normal_0632_car_C1_spd_5_mic_2_mic_1.wav,in_support,frequency_modulation,0.7243543863296509
ToyCarEmu/train/section_00_source_train_normal_0633_car_C1_spd_5_mic_2_mic_1.wav,in_support,periodic_resonance,0.9769868850708008
ToyCarEmu/train/section_00_source_train_normal_0634_car_C1_spd_5_mic_2_mic_1.wav,in_support,amplitude_modulation,0.8682863712310791
ToyCarEmu/train/section_00_source_train_normal_0635_car_C1_spd_5_mic_2_mic_1.wav,in_support,amplitude_modulation,0.547909677028656
ToyCarEmu/train/section_00_source_train_normal_0636_car_C2_spd_5_mic_2_mic_1.wav,in_support,frequency_modulation,0.9061961770057678
ToyCarEmu/train/section_00_source_train_normal_0637_car_C2_spd_5_mic_2_mic_1.wav,in_support,amplitude_modulation,0.7371537089347839
ToyCarEmu/train/section_00_source_train_normal_0638_car_C2_spd_5_mic_2_mic_1.wav,in_support,periodic_resonance,0.9893175363540649
ToyCarEmu/train/section_00_source_train_normal_0639_car_C2_spd_5_mic_2_mic_1.wav,in_support,amplitude_modulation,0.5559353232383728
ToyCarEmu/train/section_00_source_train_normal_0640_car_C2_spd_5_mic_2_mic_1.wav,in_support,periodic_resonance,0.915963351726532
ToyCarEmu/train/section_00_source_train_normal_0641_car_C2_spd_5_mic_2_mic_1.wav,in_support,periodic_resonance,0.990289032459259
ToyCarEmu/train/section_00_source_train_normal_0642_car_C2_spd_5_mic_2_mic_1.wav,in_support,frequency_modulation,0.865553081035614
ToyCarEmu/train/section_00_source_train_normal_0643_car_C2_spd_5_mic_2_mic_1.wav,in_support,periodic_resonance,0.9455683827400208
ToyCarEmu/train/section_00_source_train_normal_0644_car_C2_spd_5_mic_2_mic_1.wav,in_support,periodic_resonance,0.18346324563026428
ToyCarEmu/train/section_00_source_train_normal_0645_car_C2_spd_5_mic_2_mic_1.wav,in_support,amplitude_modulation,0.5507222414016724
ToyCarEmu/train/section_00_source_train_normal_0646_car_C2_spd_5_mic_2_mic_1.wav,in_support,periodic_resonance,0.8711149096488953
ToyCarEmu/train/section_00_source_train_normal_0647_car_C2_spd_5_mic_2_mic_1.wav,in_support,periodic_resonance,0.9617535471916199
ToyCarEmu/train/section_00_source_train_normal_0648_car_C2_spd_5_mic_2_mic_1.wav,in_support,frequency_modulation,0.9176421165466309
ToyCarEmu/train/section_00_source_train_normal_0649_car_C2_spd_5_mic_2_mic_1.wav,in_support,frequency_modulation,0.8448702096939087
ToyCarEmu/train/section_00_source_train_normal_0650_car_C2_spd_5_mic_2_mic_1.wav,in_support,frequency_modulation,0.9388764500617981
ToyCarEmu/train/section_00_source_train_normal_0651_car_C2_spd_5_mic_2_mic_1.wav,in_support,amplitude_modulation,0.6894225478172302
ToyCarEmu/train/section_00_source_train_normal_0652_car_C2_spd_5_mic_2_mic_1.wav,in_support,amplitude_modulation,0.8279727101325989
ToyCarEmu/train/section_00_source_train_normal_0653_car_C2_spd_5_mic_2_mic_1.wav,in_support,frequency_modulation,0.7117056846618652
ToyCarEmu/train/section_00_source_train_normal_0654_car_C2_spd_5_mic_2_mic_1.wav,in_support,periodic_resonance,0.6442258954048157
ToyCarEmu/train/section_00_source_train_normal_0655_car_C2_spd_5_mic_2_mic_1.wav,in_support,periodic_resonance,0.5913267731666565
ToyCarEmu/train/section_00_source_train_normal_0656_car_C2_spd_5_mic_2_mic_1.wav,in_support,periodic_resonance,0.15058471262454987
ToyCarEmu/train/section_00_source_train_normal_0657_car_C2_spd_5_mic_2_mic_1.wav,in_support,periodic_resonance,0.9679232239723206
ToyCarEmu/train/section_00_source_train_normal_0658_car_C2_spd_5_mic_2_mic_1.wav,in_support,frequency_modulation,0.9307065010070801
ToyCarEmu/train/section_00_source_train_normal_0659_car_C2_spd_5_mic_2_mic_1.wav,in_support,frequency_modulation,0.8707941770553589
ToyCarEmu/train/section_00_source_train_normal_0660_car_C2_spd_5_mic_2_mic_1.wav,in_support,frequency_modulation,0.9260568022727966
ToyCarEmu/train/section_00_source_train_normal_0661_car_D1_spd_2_mic_2_mic_1.wav,in_support,frequency_modulation,0.5776654481887817
ToyCarEmu/train/section_00_source_train_normal_0662_car_D1_spd_2_mic_2_mic_1.wav,in_support,periodic_resonance,0.9743686318397522
ToyCarEmu/train/section_00_source_train_normal_0663_car_D1_spd_2_mic_2_mic_1.wav,in_support,periodic_resonance,0.9702354669570923
ToyCarEmu/train/section_00_source_train_normal_0664_car_D1_spd_2_mic_2_mic_1.wav,in_support,periodic_resonance,0.9796178936958313
ToyCarEmu/train/section_00_source_train_normal_0665_car_D1_spd_2_mic_2_mic_1.wav,in_support,amplitude_modulation,0.7808195352554321
ToyCarEmu/train/section_00_source_train_normal_0666_car_D1_spd_2_mic_2_mic_1.wav,in_support,periodic_resonance,0.9887763857841492
ToyCarEmu/train/section_00_source_train_normal_0667_car_D1_spd_2_mic_2_mic_1.wav,in_support,periodic_resonance,0.6543442010879517
ToyCarEmu/train/section_00_source_train_normal_0668_car_D1_spd_2_mic_2_mic_1.wav,in_support,amplitude_modulation,0.4017309844493866
ToyCarEmu/train/section_00_source_train_normal_0669_car_D1_spd_2_mic_2_mic_1.wav,in_support,periodic_resonance,0.37541818618774414
ToyCarEmu/train/section_00_source_train_normal_0670_car_D1_spd_2_mic_2_mic_1.wav,in_support,amplitude_modulation,0.8005132079124451
ToyCarEmu/train/section_00_source_train_normal_0671_car_D1_spd_2_mic_2_mic_1.wav,in_support,periodic_resonance,0.6130520701408386
ToyCarEmu/train/section_00_source_train_normal_0672_car_D1_spd_2_mic_2_mic_1.wav,in_support,amplitude_modulation,0.9646916389465332
ToyCarEmu/train/section_00_source_train_normal_0673_car_D1_spd_2_mic_2_mic_1.wav,in_support,amplitude_modulation,0.7324656844139099
ToyCarEmu/train/section_00_source_train_normal_0674_car_D1_spd_2_mic_2_mic_1.wav,in_support,frequency_modulation,0.697487473487854
ToyCarEmu/train/section_00_source_train_normal_0675_car_D1_spd_2_mic_2_mic_1.wav,in_support,periodic_resonance,0.9885610938072205
ToyCarEmu/train/section_00_source_train_normal_0676_car_D1_spd_2_mic_2_mic_1.wav,in_support,periodic_resonance,0.5117514133453369
ToyCarEmu/train/section_00_source_train_normal_0677_car_D1_spd_2_mic_2_mic_1.wav,in_support,frequency_modulation,0.8805860877037048
ToyCarEmu/train/section_00_source_train_normal_0678_car_D1_spd_2_mic_2_mic_1.wav,in_support,amplitude_modulation,0.8643640875816345
ToyCarEmu/train/section_00_source_train_normal_0679_car_D1_spd_2_mic_2_mic_1.wav,in_support,amplitude_modulation,0.8318482041358948
ToyCarEmu/train/section_00_source_train_normal_0680_car_D1_spd_2_mic_2_mic_1.wav,in_support,amplitude_modulation,0.7243277430534363
ToyCarEmu/train/section_00_source_train_normal_0681_car_D1_spd_2_mic_2_mic_1.wav,in_support,amplitude_modulation,0.9173584580421448
ToyCarEmu/train/section_00_source_train_normal_0682_car_D1_spd_2_mic_2_mic_1.wav,in_support,periodic_resonance,0.913057267665863
ToyCarEmu/train/section_00_source_train_normal_0683_car_D2_spd_2_mic_2_mic_1.wav,in_support,frequency_modulation,0.8416523337364197
ToyCarEmu/train/section_00_source_train_normal_0684_car_D2_spd_2_mic_2_mic_1.wav,in_support,periodic_resonance,0.830761194229126
ToyCarEmu/train/section_00_source_train_normal_0685_car_D2_spd_2_mic_2_mic_1.wav,in_support,periodic_resonance,0.792072057723999
ToyCarEmu/train/section_00_source_train_normal_0686_car_D2_spd_2_mic_2_mic_1.wav,in_support,frequency_modulation,0.9296931028366089
ToyCarEmu/train/section_00_source_train_normal_0687_car_D2_spd_2_mic_2_mic_1.wav,in_support,periodic_resonance,0.6477481126785278
ToyCarEmu/train/section_00_source_train_normal_0688_car_D2_spd_2_mic_2_mic_1.wav,in_support,periodic_resonance,0.7668943405151367
ToyCarEmu/train/section_00_source_train_normal_0689_car_D2_spd_2_mic_2_mic_1.wav,in_support,periodic_resonance,0.17046453058719635
ToyCarEmu/train/section_00_source_train_normal_0690_car_D2_spd_2_mic_2_mic_1.wav,in_support,frequency_modulation,0.6667167544364929
ToyCarEmu/train/section_00_source_train_normal_0691_car_D2_spd_2_mic_2_mic_1.wav,in_support,periodic_resonance,0.8843891024589539
ToyCarEmu/train/section_00_source_train_normal_0692_car_D2_spd_2_mic_2_mic_1.wav,in_support,frequency_modulation,0.4733603298664093
ToyCarEmu/train/section_00_source_train_normal_0693_car_D2_spd_2_mic_2_mic_1.wav,in_support,frequency_modulation,0.8798598051071167
ToyCarEmu/train/section_00_source_train_normal_0694_car_D2_spd_2_mic_2_mic_1.wav,in_support,periodic_resonance,0.3964037597179413
ToyCarEmu/train/section_00_source_train_normal_0695_car_D2_spd_2_mic_2_mic_1.wav,in_support,periodic_resonance,0.997148334980011
ToyCarEmu/train/section_00_source_train_normal_0696_car_D2_spd_2_mic_2_mic_1.wav,in_support,frequency_modulation,0.9349218010902405
ToyCarEmu/train/section_00_source_train_normal_0697_car_D2_spd_2_mic_2_mic_1.wav,in_support,frequency_modulation,0.6195436716079712
ToyCarEmu/train/section_00_source_train_normal_0698_car_D2_spd_2_mic_2_mic_1.wav,in_support,periodic_resonance,0.9065480828285217
ToyCarEmu/train/section_00_source_train_normal_0699_car_D2_spd_2_mic_2_mic_1.wav,in_support,periodic_resonance,0.9737634062767029
ToyCarEmu/train/section_00_source_train_normal_0700_car_D2_spd_2_mic_2_mic_1.wav,in_support,periodic_resonance,0.9797435998916626
ToyCarEmu/train/section_00_source_train_normal_0701_car_D2_spd_2_mic_2_mic_1.wav,in_support,frequency_modulation,0.8457631468772888
ToyCarEmu/train/section_00_source_train_normal_0702_car_D2_spd_2_mic_2_mic_1.wav,in_support,periodic_resonance,0.984188973903656
ToyCarEmu/train/section_00_source_train_normal_0703_car_D1_spd_2_mic_2_mic_1.wav,in_support,amplitude_modulation,0.9266500473022461
ToyCarEmu/train/section_00_source_train_normal_0704_car_D1_spd_2_mic_2_mic_1.wav,in_support,periodic_resonance,0.961203932762146
ToyCarEmu/train/section_00_source_train_normal_0705_car_D1_spd_2_mic_2_mic_1.wav,in_support,amplitude_modulation,0.8472535014152527
ToyCarEmu/train/section_00_source_train_normal_0706_car_D1_spd_2_mic_2_mic_1.wav,in_support,frequency_modulation,0.9019491076469421
ToyCarEmu/train/section_00_source_train_normal_0707_car_D1_spd_2_mic_2_mic_1.wav,in_support,frequency_modulation,0.848322868347168
ToyCarEmu/train/section_00_source_train_normal_0708_car_D1_spd_2_mic_2_mic_1.wav,in_support,amplitude_modulation,0.6991616487503052
ToyCarEmu/train/section_00_source_train_normal_0709_car_D1_spd_2_mic_2_mic_1.wav,in_support,amplitude_modulation,0.919944703578949
ToyCarEmu/train/section_00_source_train_normal_0710_car_D1_spd_2_mic_2_mic_1.wav,in_support,amplitude_modulation,0.9208275079727173
ToyCarEmu/train/section_00_source_train_normal_0711_car_D1_spd_2_mic_2_mic_1.wav,in_support,frequency_modulation,0.783562958240509
ToyCarEmu/train/section_00_source_train_normal_0712_car_D1_spd_2_mic_2_mic_1.wav,in_support,frequency_modulation,0.8872594833374023
ToyCarEmu/train/section_00_source_train_normal_0713_car_D1_spd_2_mic_2_mic_1.wav,in_support,amplitude_modulation,0.8903379440307617
ToyCarEmu/train/section_00_source_train_normal_0714_car_D1_spd_2_mic_2_mic_1.wav,in_support,amplitude_modulation,0.7733742594718933
ToyCarEmu/train/section_00_source_train_normal_0715_car_D1_spd_2_mic_2_mic_1.wav,in_support,amplitude_modulation,0.853943943977356
ToyCarEmu/train/section_00_source_train_normal_0716_car_D1_spd_2_mic_2_mic_1.wav,in_support,frequency_modulation,0.9498189687728882
ToyCarEmu/train/section_00_source_train_normal_0717_car_D1_spd_2_mic_2_mic_1.wav,in_support,frequency_modulation,0.9084184169769287
ToyCarEmu/train/section_00_source_train_normal_0718_car_D1_spd_2_mic_2_mic_1.wav,in_support,amplitude_modulation,0.8415006995201111
ToyCarEmu/train/section_00_source_train_normal_0719_car_D1_spd_2_mic_2_mic_1.wav,in_support,amplitude_modulation,0.7303639054298401
ToyCarEmu/train/section_00_source_train_normal_0720_car_D1_spd_2_mic_2_mic_1.wav,in_support,amplitude_modulation,0.9525434970855713
ToyCarEmu/train/section_00_source_train_normal_0721_car_D1_spd_2_mic_2_mic_1.wav,in_support,periodic_resonance,0.9366316795349121
ToyCarEmu/train/section_00_source_train_normal_0722_car_D1_spd_2_mic_2_mic_1.wav,in_support,periodic_resonance,0.10548804700374603
ToyCarEmu/train/section_00_source_train_normal_0723_car_D1_spd_2_mic_2_mic_1.wav,in_support,amplitude_modulation,0.5957754850387573
ToyCarEmu/train/section_00_source_train_normal_0724_car_D1_spd_2_mic_2_mic_1.wav,in_support,periodic_resonance,0.9984205961227417
ToyCarEmu/train/section_00_source_train_normal_0725_car_D1_spd_2_mic_2_mic_1.wav,in_support,periodic_resonance,0.7037266492843628
ToyCarEmu/train/section_00_source_train_normal_0726_car_D1_spd_2_mic_2_mic_1.wav,in_support,amplitude_modulation,0.360784649848938
ToyCarEmu/train/section_00_source_train_normal_0727_car_D1_spd_2_mic_2_mic_1.wav,in_support,frequency_modulation,0.8705001473426819
ToyCarEmu/train/section_00_source_train_normal_0728_car_D1_spd_2_mic_2_mic_1.wav,in_support,amplitude_modulation,0.9379807114601135
ToyCarEmu/train/section_00_source_train_normal_0729_car_D1_spd_2_mic_2_mic_1.wav,in_support,periodic_resonance,0.964682936668396
ToyCarEmu/train/section_00_source_train_normal_0730_car_D1_spd_2_mic_2_mic_1.wav,in_support,periodic_resonance,0.3924389183521271
ToyCarEmu/train/section_00_source_train_normal_0731_car_D1_spd_2_mic_2_mic_1.wav,in_support,amplitude_modulation,0.7742375731468201
ToyCarEmu/train/section_00_source_train_normal_0732_car_D1_spd_2_mic_2_mic_1.wav,in_support,frequency_modulation,0.9004362225532532
ToyCarEmu/train/section_00_source_train_normal_0733_car_D1_spd_2_mic_2_mic_1.wav,in_support,frequency_modulation,0.8967046141624451
ToyCarEmu/train/section_00_source_train_normal_0734_car_D1_spd_2_mic_2_mic_1.wav,in_support,frequency_modulation,0.8602487444877625
ToyCarEmu/train/section_00_source_train_normal_0735_car_D1_spd_2_mic_2_mic_1.wav,in_support,amplitude_modulation,0.5683415532112122
ToyCarEmu/train/section_00_source_train_normal_0736_car_D1_spd_2_mic_2_mic_1.wav,in_support,amplitude_modulation,0.8065289855003357
ToyCarEmu/train/section_00_source_train_normal_0737_car_D1_spd_2_mic_2_mic_1.wav,in_support,frequency_modulation,0.36651507019996643
ToyCarEmu/train/section_00_source_train_normal_0738_car_D1_spd_2_mic_2_mic_1.wav,in_support,amplitude_modulation,0.9286723136901855
ToyCarEmu/train/section_00_source_train_normal_0739_car_D1_spd_2_mic_2_mic_1.wav,in_support,periodic_resonance,0.2604749798774719
ToyCarEmu/train/section_00_source_train_normal_0740_car_D1_spd_2_mic_2_mic_1.wav,in_support,amplitude_modulation,0.32026803493499756
ToyCarEmu/train/section_00_source_train_normal_0741_car_D1_spd_2_mic_2_mic_1.wav,in_support,frequency_modulation,0.9152997136116028
ToyCarEmu/train/section_00_source_train_normal_0742_car_D1_spd_2_mic_2_mic_1.wav,in_support,periodic_resonance,0.9823493957519531
ToyCarEmu/train/section_00_source_train_normal_0743_car_D1_spd_2_mic_2_mic_1.wav,in_support,frequency_modulation,0.7987276315689087
ToyCarEmu/train/section_00_source_train_normal_0744_car_D1_spd_2_mic_2_mic_1.wav,in_support,frequency_modulation,0.7058690190315247
ToyCarEmu/train/section_00_source_train_normal_0745_car_D1_spd_2_mic_2_mic_1.wav,in_support,periodic_resonance,0.37477636337280273
ToyCarEmu/train/section_00_source_train_normal_0746_car_D1_spd_2_mic_2_mic_1.wav,in_support,amplitude_modulation,0.8651511669158936
ToyCarEmu/train/section_00_source_train_normal_0747_car_D1_spd_2_mic_2_mic_1.wav,in_support,amplitude_modulation,0.5004286766052246
ToyCarEmu/train/section_00_source_train_normal_0748_car_D1_spd_2_mic_2_mic_1.wav,in_support,frequency_modulation,0.9238184094429016
ToyCarEmu/train/section_00_source_train_normal_0749_car_D1_spd_2_mic_2_mic_1.wav,in_support,frequency_modulation,0.8789774179458618
ToyCarEmu/train/section_00_source_train_normal_0750_car_D1_spd_2_mic_2_mic_1.wav,in_support,periodic_resonance,0.9403023719787598
ToyCarEmu/train/section_00_source_train_normal_0751_car_D1_spd_2_mic_2_mic_1.wav,in_support,periodic_resonance,0.19447511434555054
ToyCarEmu/train/section_00_source_train_normal_0752_car_D1_spd_2_mic_2_mic_1.wav,in_support,amplitude_modulation,0.7536705136299133
ToyCarEmu/train/section_00_source_train_normal_0753_car_D2_spd_2_mic_2_mic_1.wav,in_support,frequency_modulation,0.9054303169250488
ToyCarEmu/train/section_00_source_train_normal_0754_car_D2_spd_2_mic_2_mic_1.wav,in_support,periodic_resonance,0.9811104536056519
ToyCarEmu/train/section_00_source_train_normal_0755_car_D2_spd_2_mic_2_mic_1.wav,in_support,frequency_modulation,0.8583337664604187
ToyCarEmu/train/section_00_source_train_normal_0756_car_D2_spd_2_mic_2_mic_1.wav,in_support,amplitude_modulation,0.8139917850494385
ToyCarEmu/train/section_00_source_train_normal_0757_car_D2_spd_2_mic_2_mic_1.wav,in_support,amplitude_modulation,0.664797306060791
ToyCarEmu/train/section_00_source_train_normal_0758_car_D2_spd_2_mic_2_mic_1.wav,in_support,amplitude_modulation,0.8853021860122681
ToyCarEmu/train/section_00_source_train_normal_0759_car_D2_spd_2_mic_2_mic_1.wav,in_support,frequency_modulation,0.8614881634712219
ToyCarEmu/train/section_00_source_train_normal_0760_car_D2_spd_2_mic_2_mic_1.wav,in_support,frequency_modulation,0.8938223719596863
ToyCarEmu/train/section_00_source_train_normal_0761_car_D2_spd_2_mic_2_mic_1.wav,in_support,periodic_resonance,0.999606192111969
ToyCarEmu/train/section_00_source_train_normal_0762_car_D2_spd_2_mic_2_mic_1.wav,in_support,periodic_resonance,0.34048402309417725
ToyCarEmu/train/section_00_source_train_normal_0763_car_D2_spd_2_mic_2_mic_1.wav,in_support,frequency_modulation,0.5070623159408569
ToyCarEmu/train/section_00_source_train_normal_0764_car_D2_spd_2_mic_2_mic_1.wav,in_support,frequency_modulation,0.7277724146842957
ToyCarEmu/train/section_00_source_train_normal_0765_car_D2_spd_2_mic_2_mic_1.wav,in_support,frequency_modulation,0.5321062803268433
ToyCarEmu/train/section_00_source_train_normal_0766_car_D2_spd_2_mic_2_mic_1.wav,in_support,frequency_modulation,0.8940691351890564
ToyCarEmu/train/section_00_source_train_normal_0767_car_D2_spd_2_mic_2_mic_1.wav,in_support,periodic_resonance,0.7143685817718506
ToyCarEmu/train/section_00_source_train_normal_0768_car_D2_spd_2_mic_2_mic_1.wav,in_support,amplitude_modulation,0.7055238485336304
ToyCarEmu/train/section_00_source_train_normal_0769_car_D2_spd_2_mic_2_mic_1.wav,in_support,amplitude_modulation,0.8554906845092773
ToyCarEmu/train/section_00_source_train_normal_0770_car_D2_spd_2_mic_2_mic_1.wav,in_support,periodic_resonance,0.9768062829971313
ToyCarEmu/train/section_00_source_train_normal_0771_car_D2_spd_2_mic_2_mic_1.wav,in_support,frequency_modulation,0.8534224629402161
ToyCarEmu/train/section_00_source_train_normal_0772_car_D2_spd_2_mic_2_mic_1.wav,in_support,frequency_modulation,0.8683605194091797
ToyCarEmu/train/section_00_source_train_normal_0773_car_D2_spd_2_mic_2_mic_1.wav,in_support,frequency_modulation,0.8420668840408325
ToyCarEmu/train/section_00_source_train_normal_0774_car_D2_spd_2_mic_2_mic_1.wav,in_support,periodic_resonance,0.9786826372146606
ToyCarEmu/train/section_00_source_train_normal_0775_car_D2_spd_2_mic_2_mic_1.wav,in_support,periodic_resonance,0.9729057550430298
ToyCarEmu/train/section_00_source_train_normal_0776_car_D2_spd_2_mic_2_mic_1.wav,in_support,amplitude_modulation,0.7090576887130737
ToyCarEmu/train/section_00_source_train_normal_0777_car_D2_spd_2_mic_2_mic_1.wav,in_support,amplitude_modulation,0.9234581589698792
ToyCarEmu/train/section_00_source_train_normal_0778_car_D1_spd_3_mic_2_mic_1.wav,in_support,frequency_modulation,0.8673207759857178
ToyCarEmu/train/section_00_source_train_normal_0779_car_D1_spd_3_mic_2_mic_1.wav,in_support,frequency_modulation,0.9563552141189575
ToyCarEmu/train/section_00_source_train_normal_0780_car_D1_spd_3_mic_2_mic_1.wav,in_support,amplitude_modulation,0.8178532123565674
ToyCarEmu/train/section_00_source_train_normal_0781_car_D1_spd_3_mic_2_mic_1.wav,in_support,periodic_resonance,0.9776145219802856
ToyCarEmu/train/section_00_source_train_normal_0782_car_D1_spd_3_mic_2_mic_1.wav,in_support,periodic_resonance,0.9610885381698608
ToyCarEmu/train/section_00_source_train_normal_0783_car_D1_spd_3_mic_2_mic_1.wav,in_support,frequency_modulation,0.9108222126960754
ToyCarEmu/train/section_00_source_train_normal_0784_car_D1_spd_3_mic_2_mic_1.wav,in_support,periodic_resonance,0.9971368908882141
ToyCarEmu/train/section_00_source_train_normal_0785_car_D1_spd_3_mic_2_mic_1.wav,in_support,amplitude_modulation,0.7917000651359558
ToyCarEmu/train/section_00_source_train_normal_0786_car_D1_spd_3_mic_2_mic_1.wav,in_support,amplitude_modulation,0.7457574009895325
ToyCarEmu/train/section_00_source_train_normal_0787_car_D1_spd_3_mic_2_mic_1.wav,in_support,periodic_resonance,0.368545800447464
ToyCarEmu/train/section_00_source_train_normal_0788_car_D1_spd_3_mic_2_mic_1.wav,in_support,periodic_resonance,0.2959321439266205
ToyCarEmu/train/section_00_source_train_normal_0789_car_D1_spd_3_mic_2_mic_1.wav,in_support,periodic_resonance,0.9467306137084961
ToyCarEmu/train/section_00_source_train_normal_0790_car_D1_spd_3_mic_2_mic_1.wav,in_support,frequency_modulation,0.9187859892845154
ToyCarEmu/train/section_00_source_train_normal_0791_car_D1_spd_3_mic_2_mic_1.wav,in_support,amplitude_modulation,0.8084788918495178
ToyCarEmu/train/section_00_source_train_normal_0792_car_D1_spd_3_mic_2_mic_1.wav,in_support,periodic_resonance,0.5316139459609985
ToyCarEmu/train/section_00_source_train_normal_0793_car_D1_spd_3_mic_2_mic_1.wav,in_support,amplitude_modulation,0.7431507706642151
ToyCarEmu/train/section_00_source_train_normal_0794_car_D1_spd_3_mic_2_mic_1.wav,in_support,periodic_resonance,0.6398295164108276
ToyCarEmu/train/section_00_source_train_normal_0795_car_D1_spd_3_mic_2_mic_1.wav,in_support,periodic_resonance,0.6476166844367981
ToyCarEmu/train/section_00_source_train_normal_0796_car_D1_spd_3_mic_2_mic_1.wav,in_support,amplitude_modulation,0.6454342603683472
ToyCarEmu/train/section_00_source_train_normal_0797_car_D1_spd_3_mic_2_mic_1.wav,in_support,periodic_resonance,0.33506664633750916
ToyCarEmu/train/section_00_source_train_normal_0798_car_D1_spd_3_mic_2_mic_1.wav,in_support,frequency_modulation,0.6100536584854126
ToyCarEmu/train/section_00_source_train_normal_0799_car_D1_spd_3_mic_2_mic_1.wav,in_support,frequency_modulation,0.8593845367431641
ToyCarEmu/train/section_00_source_train_normal_0800_car_D1_spd_3_mic_2_mic_1.wav,in_support,periodic_resonance,0.3328547179698944
ToyCarEmu/train/section_00_source_train_normal_0801_car_D1_spd_3_mic_2_mic_1.wav,in_support,amplitude_modulation,0.6374552845954895
ToyCarEmu/train/section_00_source_train_normal_0802_car_D1_spd_3_mic_2_mic_1.wav,in_support,periodic_resonance,0.9799742698669434
ToyCarEmu/train/section_00_source_train_normal_0803_car_D1_spd_3_mic_2_mic_1.wav,in_support,periodic_resonance,0.9717636108398438
ToyCarEmu/train/section_00_source_train_normal_0804_car_D1_spd_3_mic_2_mic_1.wav,in_support,amplitude_modulation,0.9414266347885132
ToyCarEmu/train/section_00_source_train_normal_0805_car_D1_spd_3_mic_2_mic_1.wav,in_support,amplitude_modulation,0.567842423915863
ToyCarEmu/train/section_00_source_train_normal_0806_car_D1_spd_3_mic_2_mic_1.wav,in_support,amplitude_modulation,0.598444938659668
ToyCarEmu/train/section_00_source_train_normal_0807_car_D1_spd_3_mic_2_mic_1.wav,in_support,periodic_resonance,0.993107259273529
ToyCarEmu/train/section_00_source_train_normal_0808_car_D1_spd_3_mic_2_mic_1.wav,in_support,frequency_modulation,0.7198451161384583
ToyCarEmu/train/section_00_source_train_normal_0809_car_D1_spd_3_mic_2_mic_1.wav,in_support,amplitude_modulation,0.767802894115448
ToyCarEmu/train/section_00_source_train_normal_0810_car_D1_spd_3_mic_2_mic_1.wav,in_support,amplitude_modulation,0.8474022746086121
ToyCarEmu/train/section_00_source_train_normal_0811_car_D1_spd_3_mic_2_mic_1.wav,in_support,periodic_resonance,0.7975988388061523
ToyCarEmu/train/section_00_source_train_normal_0812_car_D1_spd_3_mic_2_mic_1.wav,in_support,amplitude_modulation,0.8376544117927551
ToyCarEmu/train/section_00_source_train_normal_0813_car_D1_spd_3_mic_2_mic_1.wav,in_support,frequency_modulation,0.9154911637306213
ToyCarEmu/train/section_00_source_train_normal_0814_car_D1_spd_3_mic_2_mic_1.wav,in_support,periodic_resonance,0.9945088624954224
ToyCarEmu/train/section_00_source_train_normal_0815_car_D1_spd_3_mic_2_mic_1.wav,in_support,frequency_modulation,0.8076930642127991
ToyCarEmu/train/section_00_source_train_normal_0816_car_D1_spd_3_mic_2_mic_1.wav,in_support,periodic_resonance,0.622229814529419
ToyCarEmu/train/section_00_source_train_normal_0817_car_D1_spd_3_mic_2_mic_1.wav,in_support,frequency_modulation,0.8799985647201538
ToyCarEmu/train/section_00_source_train_normal_0818_car_D1_spd_3_mic_2_mic_1.wav,in_support,periodic_resonance,0.5060772895812988
ToyCarEmu/train/section_00_source_train_normal_0819_car_D1_spd_3_mic_2_mic_1.wav,in_support,periodic_resonance,0.25008925795555115
ToyCarEmu/train/section_00_source_train_normal_0820_car_D1_spd_3_mic_2_mic_1.wav,in_support,periodic_resonance,0.9779831171035767
ToyCarEmu/train/section_00_source_train_normal_0821_car_D1_spd_3_mic_2_mic_1.wav,in_support,frequency_modulation,0.715604305267334
ToyCarEmu/train/section_00_source_train_normal_0822_car_D1_spd_3_mic_2_mic_1.wav,in_support,amplitude_modulation,0.585182249546051
ToyCarEmu/train/section_00_source_train_normal_0823_car_D1_spd_3_mic_2_mic_1.wav,in_support,frequency_modulation,0.8359308838844299
ToyCarEmu/train/section_00_source_train_normal_0824_car_D1_spd_3_mic_2_mic_1.wav,in_support,frequency_modulation,0.8312312364578247
ToyCarEmu/train/section_00_source_train_normal_0825_car_D2_spd_3_mic_2_mic_1.wav,in_support,frequency_modulation,0.7633343935012817
ToyCarEmu/train/section_00_source_train_normal_0826_car_D2_spd_3_mic_2_mic_1.wav,in_support,frequency_modulation,0.9193605184555054
ToyCarEmu/train/section_00_source_train_normal_0827_car_D2_spd_3_mic_2_mic_1.wav,in_support,periodic_resonance,0.9279366731643677
ToyCarEmu/train/section_00_source_train_normal_0828_car_D2_spd_3_mic_2_mic_1.wav,in_support,amplitude_modulation,0.8332151174545288
ToyCarEmu/train/section_00_source_train_normal_0829_car_D2_spd_3_mic_2_mic_1.wav,in_support,amplitude_modulation,0.43433836102485657
ToyCarEmu/train/section_00_source_train_normal_0830_car_D2_spd_3_mic_2_mic_1.wav,in_support,frequency_modulation,0.5685054659843445
ToyCarEmu/train/section_00_source_train_normal_0831_car_D2_spd_3_mic_2_mic_1.wav,in_support,periodic_resonance,0.9736658930778503
ToyCarEmu/train/section_00_source_train_normal_0832_car_D2_spd_3_mic_2_mic_1.wav,in_support,periodic_resonance,0.3361341059207916
ToyCarEmu/train/section_00_source_train_normal_0833_car_D2_spd_3_mic_2_mic_1.wav,in_support,frequency_modulation,0.906231701374054
ToyCarEmu/train/section_00_source_train_normal_0834_car_D2_spd_3_mic_2_mic_1.wav,in_support,amplitude_modulation,0.31827428936958313
ToyCarEmu/train/section_00_source_train_normal_0835_car_D2_spd_3_mic_2_mic_1.wav,in_support,frequency_modulation,0.583521842956543
ToyCarEmu/train/section_00_source_train_normal_0836_car_D2_spd_3_mic_2_mic_1.wav,in_support,frequency_modulation,0.4930680990219116
ToyCarEmu/train/section_00_source_train_normal_0837_car_D2_spd_3_mic_2_mic_1.wav,in_support,periodic_resonance,0.8742684721946716
ToyCarEmu/train/section_00_source_train_normal_0838_car_D2_spd_3_mic_2_mic_1.wav,in_support,frequency_modulation,0.8905907869338989
ToyCarEmu/train/section_00_source_train_normal_0839_car_D2_spd_3_mic_2_mic_1.wav,in_support,amplitude_modulation,0.7445216774940491
ToyCarEmu/train/section_00_source_train_normal_0840_car_D2_spd_3_mic_2_mic_1.wav,in_support,amplitude_modulation,0.6749265789985657
ToyCarEmu/train/section_00_source_train_normal_0841_car_D2_spd_3_mic_2_mic_1.wav,in_support,amplitude_modulation,0.5355631709098816
ToyCarEmu/train/section_00_source_train_normal_0842_car_D2_spd_3_mic_2_mic_1.wav,in_support,frequency_modulation,0.7778445482254028
ToyCarEmu/train/section_00_source_train_normal_0843_car_D2_spd_3_mic_2_mic_1.wav,in_support,amplitude_modulation,0.7538889646530151
ToyCarEmu/train/section_00_source_train_normal_0844_car_D2_spd_3_mic_2_mic_1.wav,in_support,periodic_resonance,0.968696117401123
ToyCarEmu/train/section_00_source_train_normal_0845_car_D2_spd_3_mic_2_mic_1.wav,in_support,frequency_modulation,0.8344243764877319
ToyCarEmu/train/section_00_source_train_normal_0846_car_D2_spd_3_mic_2_mic_1.wav,in_support,periodic_resonance,0.15393777191638947
ToyCarEmu/train/section_00_source_train_normal_0847_car_D2_spd_3_mic_2_mic_1.wav,in_support,periodic_resonance,0.8983275294303894
ToyCarEmu/train/section_00_source_train_normal_0848_car_D2_spd_3_mic_2_mic_1.wav,in_support,periodic_resonance,0.20291222631931305
ToyCarEmu/train/section_00_source_train_normal_0849_car_D2_spd_3_mic_2_mic_1.wav,in_support,periodic_resonance,0.40303367376327515
ToyCarEmu/train/section_00_source_train_normal_0850_car_D1_spd_3_mic_2_mic_1.wav,in_support,amplitude_modulation,0.9462540745735168
ToyCarEmu/train/section_00_source_train_normal_0851_car_D1_spd_3_mic_2_mic_1.wav,in_support,periodic_resonance,0.9169683456420898
ToyCarEmu/train/section_00_source_train_normal_0852_car_D1_spd_3_mic_2_mic_1.wav,in_support,periodic_resonance,0.9776575565338135
ToyCarEmu/train/section_00_source_train_normal_0853_car_D1_spd_3_mic_2_mic_1.wav,in_support,frequency_modulation,0.8729041814804077
ToyCarEmu/train/section_00_source_train_normal_0854_car_D1_spd_3_mic_2_mic_1.wav,in_support,periodic_resonance,0.942389726638794
ToyCarEmu/train/section_00_source_train_normal_0855_car_D1_spd_3_mic_2_mic_1.wav,in_support,amplitude_modulation,0.46294596791267395
ToyCarEmu/train/section_00_source_train_normal_0856_car_D1_spd_3_mic_2_mic_1.wav,in_support,amplitude_modulation,0.5868317484855652
ToyCarEmu/train/section_00_source_train_normal_0857_car_D1_spd_3_mic_2_mic_1.wav,in_support,amplitude_modulation,0.9114156365394592
ToyCarEmu/train/section_00_source_train_normal_0858_car_D1_spd_3_mic_2_mic_1.wav,in_support,amplitude_modulation,0.6663755774497986
ToyCarEmu/train/section_00_source_train_normal_0859_car_D1_spd_3_mic_2_mic_1.wav,in_support,frequency_modulation,0.8365854024887085
ToyCarEmu/train/section_00_source_train_normal_0860_car_D1_spd_3_mic_2_mic_1.wav,in_support,periodic_resonance,0.9742075204849243
ToyCarEmu/train/section_00_source_train_normal_0861_car_D1_spd_3_mic_2_mic_1.wav,in_support,periodic_resonance,0.9301120042800903
ToyCarEmu/train/section_00_source_train_normal_0862_car_D1_spd_3_mic_2_mic_1.wav,in_support,periodic_resonance,0.9634615778923035
ToyCarEmu/train/section_00_source_train_normal_0863_car_D1_spd_3_mic_2_mic_1.wav,in_support,amplitude_modulation,0.7382183074951172
ToyCarEmu/train/section_00_source_train_normal_0864_car_D1_spd_3_mic_2_mic_1.wav,in_support,frequency_modulation,0.9072698354721069
ToyCarEmu/train/section_00_source_train_normal_0865_car_D1_spd_3_mic_2_mic_1.wav,in_support,amplitude_modulation,0.7292612195014954
ToyCarEmu/train/section_00_source_train_normal_0866_car_D1_spd_3_mic_2_mic_1.wav,in_support,frequency_modulation,0.8573402166366577
ToyCarEmu/train/section_00_source_train_normal_0867_car_D1_spd_3_mic_2_mic_1.wav,in_support,periodic_resonance,0.980659544467926
ToyCarEmu/train/section_00_source_train_normal_0868_car_D1_spd_3_mic_2_mic_1.wav,in_support,amplitude_modulation,0.8829985857009888
ToyCarEmu/train/section_00_source_train_normal_0869_car_D1_spd_3_mic_2_mic_1.wav,in_support,periodic_resonance,0.7954269647598267
ToyCarEmu/train/section_00_source_train_normal_0870_car_D1_spd_3_mic_2_mic_1.wav,in_support,amplitude_modulation,0.835893452167511
ToyCarEmu/train/section_00_source_train_normal_0871_car_D1_spd_3_mic_2_mic_1.wav,in_support,frequency_modulation,0.9067286252975464
ToyCarEmu/train/section_00_source_train_normal_0872_car_D1_spd_3_mic_2_mic_1.wav,in_support,amplitude_modulation,0.9015864133834839
ToyCarEmu/train/section_00_source_train_normal_0873_car_D1_spd_3_mic_2_mic_1.wav,in_support,frequency_modulation,0.5962131023406982
ToyCarEmu/train/section_00_source_train_normal_0874_car_D1_spd_3_mic_2_mic_1.wav,in_support,amplitude_modulation,0.9204569458961487
ToyCarEmu/train/section_00_source_train_normal_0875_car_D1_spd_5_mic_2_mic_1.wav,in_support,amplitude_modulation,0.6983884572982788
ToyCarEmu/train/section_00_source_train_normal_0876_car_D1_spd_5_mic_2_mic_1.wav,in_support,frequency_modulation,0.7686936259269714
ToyCarEmu/train/section_00_source_train_normal_0877_car_D1_spd_5_mic_2_mic_1.wav,in_support,frequency_modulation,0.8747164607048035
ToyCarEmu/train/section_00_source_train_normal_0878_car_D1_spd_5_mic_2_mic_1.wav,in_support,frequency_modulation,0.9423413872718811
ToyCarEmu/train/section_00_source_train_normal_0879_car_D1_spd_5_mic_2_mic_1.wav,in_support,amplitude_modulation,0.722558319568634
ToyCarEmu/train/section_00_source_train_normal_0880_car_D1_spd_5_mic_2_mic_1.wav,in_support,periodic_resonance,0.9848549962043762
ToyCarEmu/train/section_00_source_train_normal_0881_car_D1_spd_5_mic_2_mic_1.wav,in_support,frequency_modulation,0.8910501599311829
ToyCarEmu/train/section_00_source_train_normal_0882_car_D1_spd_5_mic_2_mic_1.wav,in_support,frequency_modulation,0.9634407758712769
ToyCarEmu/train/section_00_source_train_normal_0883_car_D1_spd_5_mic_2_mic_1.wav,in_support,frequency_modulation,0.66962069272995
ToyCarEmu/train/section_00_source_train_normal_0884_car_D1_spd_5_mic_2_mic_1.wav,in_support,frequency_modulation,0.9446720480918884
ToyCarEmu/train/section_00_source_train_normal_0885_car_D1_spd_5_mic_2_mic_1.wav,in_support,periodic_resonance,0.9482805132865906
ToyCarEmu/train/section_00_source_train_normal_0886_car_D1_spd_5_mic_2_mic_1.wav,in_support,frequency_modulation,0.6541255116462708
ToyCarEmu/train/section_00_source_train_normal_0887_car_D1_spd_5_mic_2_mic_1.wav,in_support,amplitude_modulation,0.8734068870544434
ToyCarEmu/train/section_00_source_train_normal_0888_car_D1_spd_5_mic_2_mic_1.wav,in_support,periodic_resonance,0.9800772666931152
ToyCarEmu/train/section_00_source_train_normal_0889_car_D1_spd_5_mic_2_mic_1.wav,in_support,amplitude_modulation,0.5070676803588867
ToyCarEmu/train/section_00_source_train_normal_0890_car_D1_spd_5_mic_2_mic_1.wav,in_support,periodic_resonance,0.20200955867767334
ToyCarEmu/train/section_00_source_train_normal_0891_car_D1_spd_5_mic_2_mic_1.wav,in_support,amplitude_modulation,0.7719760537147522
ToyCarEmu/train/section_00_source_train_normal_0892_car_D1_spd_5_mic_2_mic_1.wav,in_support,amplitude_modulation,0.8263505101203918
ToyCarEmu/train/section_00_source_train_normal_0893_car_D1_spd_5_mic_2_mic_1.wav,in_support,frequency_modulation,0.7390480637550354
ToyCarEmu/train/section_00_source_train_normal_0894_car_D1_spd_5_mic_2_mic_1.wav,in_support,amplitude_modulation,0.8322392106056213
ToyCarEmu/train/section_00_source_train_normal_0895_car_D2_spd_5_mic_2_mic_1.wav,in_support,periodic_resonance,0.5850529074668884
ToyCarEmu/train/section_00_source_train_normal_0896_car_D2_spd_5_mic_2_mic_1.wav,in_support,amplitude_modulation,0.6374817490577698
ToyCarEmu/train/section_00_source_train_normal_0897_car_D2_spd_5_mic_2_mic_1.wav,in_support,periodic_resonance,0.9770633578300476
ToyCarEmu/train/section_00_source_train_normal_0898_car_D2_spd_5_mic_2_mic_1.wav,in_support,frequency_modulation,0.8351327180862427
ToyCarEmu/train/section_00_source_train_normal_0899_car_D2_spd_5_mic_2_mic_1.wav,in_support,amplitude_modulation,0.8841091990470886
ToyCarEmu/train/section_00_source_train_normal_0900_car_D2_spd_5_mic_2_mic_1.wav,in_support,periodic_resonance,0.48797807097435
ToyCarEmu/train/section_00_source_train_normal_0901_car_D2_spd_5_mic_2_mic_1.wav,in_support,periodic_resonance,0.9163731336593628
ToyCarEmu/train/section_00_source_train_normal_0902_car_D2_spd_5_mic_2_mic_1.wav,in_support,amplitude_modulation,0.8661127090454102
ToyCarEmu/train/section_00_source_train_normal_0903_car_D2_spd_5_mic_2_mic_1.wav,in_support,periodic_resonance,0.43550506234169006
ToyCarEmu/train/section_00_source_train_normal_0904_car_D2_spd_5_mic_2_mic_1.wav,in_support,frequency_modulation,0.9859369397163391
ToyCarEmu/train/section_00_source_train_normal_0905_car_D2_spd_5_mic_2_mic_1.wav,in_support,amplitude_modulation,0.8154569268226624
ToyCarEmu/train/section_00_source_train_normal_0906_car_D2_spd_5_mic_2_mic_1.wav,in_support,frequency_modulation,0.8867788910865784
ToyCarEmu/train/section_00_source_train_normal_0907_car_D2_spd_5_mic_2_mic_1.wav,in_support,amplitude_modulation,0.5771001577377319
ToyCarEmu/train/section_00_source_train_normal_0908_car_D2_spd_5_mic_2_mic_1.wav,in_support,periodic_resonance,0.977536678314209
ToyCarEmu/train/section_00_source_train_normal_0909_car_D2_spd_5_mic_2_mic_1.wav,in_support,periodic_resonance,0.9892579913139343
ToyCarEmu/train/section_00_source_train_normal_0910_car_D2_spd_5_mic_2_mic_1.wav,in_support,frequency_modulation,0.792610764503479
ToyCarEmu/train/section_00_source_train_normal_0911_car_D2_spd_5_mic_2_mic_1.wav,in_support,amplitude_modulation,0.8179286122322083
ToyCarEmu/train/section_00_source_train_normal_0912_car_D2_spd_5_mic_2_mic_1.wav,in_support,frequency_modulation,0.7890273332595825
ToyCarEmu/train/section_00_source_train_normal_0913_car_D2_spd_5_mic_2_mic_1.wav,in_support,frequency_modulation,0.906406819820404
ToyCarEmu/train/section_00_source_train_normal_0914_car_D2_spd_5_mic_2_mic_1.wav,in_support,periodic_resonance,0.8960195779800415
ToyCarEmu/train/section_00_source_train_normal_0915_car_D2_spd_5_mic_2_mic_1.wav,in_support,amplitude_modulation,0.8800022006034851
ToyCarEmu/train/section_00_source_train_normal_0916_car_D1_spd_5_mic_2_mic_1.wav,in_support,periodic_resonance,0.1497945338487625
ToyCarEmu/train/section_00_source_train_normal_0917_car_D1_spd_5_mic_2_mic_1.wav,in_support,amplitude_modulation,0.8436572551727295
ToyCarEmu/train/section_00_source_train_normal_0918_car_D1_spd_5_mic_2_mic_1.wav,in_support,frequency_modulation,0.7750512957572937
ToyCarEmu/train/section_00_source_train_normal_0919_car_D1_spd_5_mic_2_mic_1.wav,in_support,amplitude_modulation,0.6767555475234985
ToyCarEmu/train/section_00_source_train_normal_0920_car_D1_spd_5_mic_2_mic_1.wav,in_support,frequency_modulation,0.9153691530227661
ToyCarEmu/train/section_00_source_train_normal_0921_car_D1_spd_5_mic_2_mic_1.wav,in_support,periodic_resonance,0.424106627702713
ToyCarEmu/train/section_00_source_train_normal_0922_car_D1_spd_5_mic_2_mic_1.wav,in_support,periodic_resonance,0.7465227246284485
ToyCarEmu/train/section_00_source_train_normal_0923_car_D1_spd_5_mic_2_mic_1.wav,in_support,amplitude_modulation,0.8986029028892517
ToyCarEmu/train/section_00_source_train_normal_0924_car_D1_spd_5_mic_2_mic_1.wav,in_support,frequency_modulation,0.912666380405426
ToyCarEmu/train/section_00_source_train_normal_0925_car_D1_spd_5_mic_2_mic_1.wav,in_support,amplitude_modulation,0.9036650061607361
ToyCarEmu/train/section_00_source_train_normal_0926_car_D1_spd_5_mic_2_mic_1.wav,in_support,periodic_resonance,0.9389540553092957
ToyCarEmu/train/section_00_source_train_normal_0927_car_D1_spd_5_mic_2_mic_1.wav,in_support,periodic_resonance,0.861156702041626
ToyCarEmu/train/section_00_source_train_normal_0928_car_D1_spd_5_mic_2_mic_1.wav,in_support,periodic_resonance,0.9746382236480713
ToyCarEmu/train/section_00_source_train_normal_0929_car_D1_spd_5_mic_2_mic_1.wav,in_support,amplitude_modulation,0.877223789691925
ToyCarEmu/train/section_00_source_train_normal_0930_car_D1_spd_5_mic_2_mic_1.wav,in_support,frequency_modulation,0.8697872757911682
ToyCarEmu/train/section_00_source_train_normal_0931_car_D1_spd_5_mic_2_mic_1.wav,in_support,periodic_resonance,0.9290077090263367
ToyCarEmu/train/section_00_source_train_normal_0932_car_D1_spd_5_mic_2_mic_1.wav,in_support,periodic_resonance,0.6856678128242493
ToyCarEmu/train/section_00_source_train_normal_0933_car_D1_spd_5_mic_2_mic_1.wav,in_support,amplitude_modulation,0.8134106397628784
ToyCarEmu/train/section_00_source_train_normal_0934_car_D1_spd_5_mic_2_mic_1.wav,in_support,frequency_modulation,0.8966487050056458
ToyCarEmu/train/section_00_source_train_normal_0935_car_D1_spd_5_mic_2_mic_1.wav,in_support,periodic_resonance,0.9736921191215515
ToyCarEmu/train/section_00_source_train_normal_0936_car_D1_spd_5_mic_2_mic_1.wav,in_support,periodic_resonance,0.814041793346405
ToyCarEmu/train/section_00_source_train_normal_0937_car_D1_spd_5_mic_2_mic_1.wav,in_support,frequency_modulation,0.857742965221405
ToyCarEmu/train/section_00_source_train_normal_0938_car_D1_spd_5_mic_2_mic_1.wav,in_support,amplitude_modulation,0.7776136994361877
ToyCarEmu/train/section_00_source_train_normal_0939_car_D1_spd_5_mic_2_mic_1.wav,in_support,periodic_resonance,0.6501796841621399
ToyCarEmu/train/section_00_source_train_normal_0940_car_D1_spd_5_mic_2_mic_1.wav,in_support,frequency_modulation,0.835801899433136
ToyCarEmu/train/section_00_source_train_normal_0941_car_D1_spd_5_mic_2_mic_1.wav,in_support,periodic_resonance,0.8416275978088379
ToyCarEmu/train/section_00_source_train_normal_0942_car_D1_spd_5_mic_2_mic_1.wav,in_support,frequency_modulation,0.675832211971283
ToyCarEmu/train/section_00_source_train_normal_0943_car_D1_spd_5_mic_2_mic_1.wav,in_support,amplitude_modulation,0.8346085548400879
ToyCarEmu/train/section_00_source_train_normal_0944_car_D1_spd_5_mic_2_mic_1.wav,in_support,amplitude_modulation,0.7863069176673889
ToyCarEmu/train/section_00_source_train_normal_0945_car_D1_spd_5_mic_2_mic_1.wav,in_support,amplitude_modulation,0.8737226128578186
ToyCarEmu/train/section_00_source_train_normal_0946_car_D1_spd_5_mic_2_mic_1.wav,in_support,periodic_resonance,0.7075489163398743
ToyCarEmu/train/section_00_source_train_normal_0947_car_D1_spd_5_mic_2_mic_1.wav,in_support,periodic_resonance,0.9879623055458069
ToyCarEmu/train/section_00_source_train_normal_0948_car_D1_spd_5_mic_2_mic_1.wav,in_support,frequency_modulation,0.8910679817199707
ToyCarEmu/train/section_00_source_train_normal_0949_car_D1_spd_5_mic_2_mic_1.wav,in_support,frequency_modulation,0.897071897983551
ToyCarEmu/train/section_00_source_train_normal_0950_car_D1_spd_5_mic_2_mic_1.wav,in_support,frequency_modulation,0.8076499700546265
ToyCarEmu/train/section_00_source_train_normal_0951_car_D1_spd_5_mic_2_mic_1.wav,in_support,amplitude_modulation,0.9378659129142761
ToyCarEmu/train/section_00_source_train_normal_0952_car_D1_spd_5_mic_2_mic_1.wav,in_support,amplitude_modulation,0.5618734955787659
ToyCarEmu/train/section_00_source_train_normal_0953_car_D1_spd_5_mic_2_mic_1.wav,in_support,frequency_modulation,0.7894508838653564
ToyCarEmu/train/section_00_source_train_normal_0954_car_D1_spd_5_mic_2_mic_1.wav,in_support,frequency_modulation,0.9087538123130798
ToyCarEmu/train/section_00_source_train_normal_0955_car_D1_spd_5_mic_2_mic_1.wav,in_support,periodic_resonance,0.9604904055595398
ToyCarEmu/train/section_00_source_train_normal_0956_car_D1_spd_5_mic_2_mic_1.wav,in_support,frequency_modulation,0.7275562286376953
ToyCarEmu/train/section_00_source_train_normal_0957_car_D1_spd_5_mic_2_mic_1.wav,in_support,frequency_modulation,0.8873395919799805
ToyCarEmu/train/section_00_source_train_normal_0958_car_D1_spd_5_mic_2_mic_1.wav,in_support,periodic_resonance,0.9853819012641907
ToyCarEmu/train/section_00_source_train_normal_0959_car_D1_spd_5_mic_2_mic_1.wav,in_support,amplitude_modulation,0.819570779800415
ToyCarEmu/train/section_00_source_train_normal_0960_car_D1_spd_5_mic_2_mic_1.wav,in_support,periodic_resonance,0.9760732650756836
ToyCarEmu/train/section_00_source_train_normal_0961_car_D1_spd_5_mic_2_mic_1.wav,in_support,periodic_resonance,0.9733995795249939
ToyCarEmu/train/section_00_source_train_normal_0962_car_D1_spd_5_mic_2_mic_1.wav,in_support,amplitude_modulation,0.8115725517272949
ToyCarEmu/train/section_00_source_train_normal_0963_car_D1_spd_5_mic_2_mic_1.wav,in_support,frequency_modulation,0.9242159724235535
ToyCarEmu/train/section_00_source_train_normal_0964_car_D1_spd_5_mic_2_mic_1.wav,in_support,frequency_modulation,0.9120793342590332
ToyCarEmu/train/section_00_source_train_normal_0965_car_D1_spd_5_mic_2_mic_1.wav,in_support,periodic_resonance,0.9591188430786133
ToyCarEmu/train/section_00_source_train_normal_0966_car_D2_spd_5_mic_2_mic_1.wav,in_support,amplitude_modulation,0.9151310324668884
ToyCarEmu/train/section_00_source_train_normal_0967_car_D2_spd_5_mic_2_mic_1.wav,in_support,periodic_resonance,0.725195586681366
ToyCarEmu/train/section_00_source_train_normal_0968_car_D2_spd_5_mic_2_mic_1.wav,in_support,periodic_resonance,0.9742452502250671
ToyCarEmu/train/section_00_source_train_normal_0969_car_D2_spd_5_mic_2_mic_1.wav,in_support,amplitude_modulation,0.717048168182373
ToyCarEmu/train/section_00_source_train_normal_0970_car_D2_spd_5_mic_2_mic_1.wav,in_support,frequency_modulation,0.9087410569190979
ToyCarEmu/train/section_00_source_train_normal_0971_car_D2_spd_5_mic_2_mic_1.wav,in_support,periodic_resonance,0.7909848093986511
ToyCarEmu/train/section_00_source_train_normal_0972_car_D2_spd_5_mic_2_mic_1.wav,in_support,amplitude_modulation,0.7820176482200623
ToyCarEmu/train/section_00_source_train_normal_0973_car_D2_spd_5_mic_2_mic_1.wav,in_support,amplitude_modulation,0.8752238154411316
ToyCarEmu/train/section_00_source_train_normal_0974_car_D2_spd_5_mic_2_mic_1.wav,in_support,frequency_modulation,0.8535608053207397
ToyCarEmu/train/section_00_source_train_normal_0975_car_D2_spd_5_mic_2_mic_1.wav,in_support,frequency_modulation,0.8406859636306763
ToyCarEmu/train/section_00_source_train_normal_0976_car_D2_spd_5_mic_2_mic_1.wav,in_support,frequency_modulation,0.7866161465644836
ToyCarEmu/train/section_00_source_train_normal_0977_car_D2_spd_5_mic_2_mic_1.wav,in_support,periodic_resonance,0.9797871708869934
ToyCarEmu/train/section_00_source_train_normal_0978_car_D2_spd_5_mic_2_mic_1.wav,in_support,periodic_resonance,0.9806191325187683
ToyCarEmu/train/section_00_source_train_normal_0979_car_D2_spd_5_mic_2_mic_1.wav,in_support,amplitude_modulation,0.7834450006484985
ToyCarEmu/train/section_00_source_train_normal_0980_car_D2_spd_5_mic_2_mic_1.wav,in_support,frequency_modulation,0.890503466129303
ToyCarEmu/train/section_00_source_train_normal_0981_car_D2_spd_5_mic_2_mic_1.wav,in_support,periodic_resonance,0.2660359740257263
ToyCarEmu/train/section_00_source_train_normal_0982_car_D2_spd_5_mic_2_mic_1.wav,in_support,periodic_resonance,0.985893726348877
ToyCarEmu/train/section_00_source_train_normal_0983_car_D2_spd_5_mic_2_mic_1.wav,in_support,frequency_modulation,0.7361158132553101
ToyCarEmu/train/section_00_source_train_normal_0984_car_D2_spd_5_mic_2_mic_1.wav,in_support,amplitude_modulation,0.8757374882698059
ToyCarEmu/train/section_00_source_train_normal_0985_car_D2_spd_5_mic_2_mic_1.wav,in_support,amplitude_modulation,0.7280118465423584
ToyCarEmu/train/section_00_source_train_normal_0986_car_D2_spd_5_mic_2_mic_1.wav,in_support,amplitude_modulation,0.9196681976318359
ToyCarEmu/train/section_00_source_train_normal_0987_car_D2_spd_5_mic_2_mic_1.wav,in_support,periodic_resonance,0.9612028002738953
ToyCarEmu/train/section_00_source_train_normal_0988_car_D2_spd_5_mic_2_mic_1.wav,in_support,amplitude_modulation,0.9063448905944824
ToyCarEmu/train/section_00_source_train_normal_0989_car_D2_spd_5_mic_2_mic_1.wav,in_support,periodic_resonance,0.8729846477508545
ToyCarEmu/train/section_00_target_train_normal_0000_car_A1_spd_4_mic_2_mic_1.wav,in_support,frequency_modulation,0.9060320258140564
ToyCarEmu/train/section_00_target_train_normal_0001_car_A1_spd_1_mic_2_mic_1.wav,in_support,frequency_modulation,0.934580385684967
ToyCarEmu/train/section_00_target_train_normal_0002_car_A1_spd_1_mic_2_mic_1.wav,in_support,periodic_resonance,0.3347637355327606
ToyCarEmu/train/section_00_target_train_normal_0003_car_A2_spd_1_mic_2_mic_1.wav,in_support,amplitude_modulation,0.47829610109329224
ToyCarEmu/train/section_00_target_train_normal_0004_car_A2_spd_1_mic_2_mic_1.wav,in_support,amplitude_modulation,0.8546503782272339
ToyCarEmu/train/section_00_target_train_normal_0005_car_A1_spd_1_mic_2_mic_1.wav,in_support,frequency_modulation,0.8992482423782349
ToyCarEmu/train/section_00_target_train_normal_0006_car_A2_spd_1_mic_2_mic_1.wav,in_support,periodic_resonance,0.9774348735809326
ToyCarEmu/train/section_00_target_train_normal_0007_car_A2_spd_4_mic_2_mic_1.wav,in_support,frequency_modulation,0.9334480166435242
ToyCarEmu/train/section_00_target_train_normal_0008_car_A1_spd_4_mic_2_mic_1.wav,in_support,periodic_resonance,0.9048668742179871
ToyCarEmu/train/section_00_target_train_normal_0009_car_A2_spd_4_mic_2_mic_1.wav,in_support,amplitude_modulation,0.7155333161354065
bearingEmu/train/section_00_source_train_normal_0000_noAttribute.wav,in_support,frequency_modulation,0.7736870050430298
bearingEmu/train/section_00_source_train_normal_0001_noAttribute.wav,in_support,frequency_modulation,0.5853526592254639
bearingEmu/train/section_00_source_train_normal_0002_noAttribute.wav,in_support,frequency_modulation,0.4424949586391449
bearingEmu/train/section_00_source_train_normal_0003_noAttribute.wav,in_support,frequency_modulation,0.13071048259735107
bearingEmu/train/section_00_source_train_normal_0004_noAttribute.wav,in_support,frequency_modulation,0.0824052095413208
bearingEmu/train/section_00_source_train_normal_0005_noAttribute.wav,in_support,frequency_modulation,0.916935384273529
bearingEmu/train/section_00_source_train_normal_0006_noAttribute.wav,in_support,periodic_resonance,0.9268096685409546
bearingEmu/train/section_00_source_train_normal_0007_noAttribute.wav,in_support,amplitude_modulation,0.19596147537231445
bearingEmu/train/section_00_source_train_normal_0008_noAttribute.wav,in_support,frequency_modulation,0.8522617816925049
bearingEmu/train/section_00_source_train_normal_0009_noAttribute.wav,in_support,frequency_modulation,0.7816735506057739
bearingEmu/train/section_00_source_train_normal_0010_noAttribute.wav,in_support,frequency_modulation,0.22608715295791626
bearingEmu/train/section_00_source_train_normal_0011_noAttribute.wav,in_support,periodic_resonance,0.946919858455658
bearingEmu/train/section_00_source_train_normal_0012_noAttribute.wav,in_support,periodic_resonance,0.8019230961799622
bearingEmu/train/section_00_source_train_normal_0013_noAttribute.wav,in_support,frequency_modulation,0.5381159782409668
bearingEmu/train/section_00_source_train_normal_0014_noAttribute.wav,in_support,frequency_modulation,0.6599878072738647
bearingEmu/train/section_00_source_train_normal_0015_noAttribute.wav,in_support,periodic_resonance,0.937653124332428
bearingEmu/train/section_00_source_train_normal_0016_noAttribute.wav,in_support,frequency_modulation,0.4474470317363739
bearingEmu/train/section_00_source_train_normal_0017_noAttribute.wav,in_support,periodic_resonance,0.9365524649620056
bearingEmu/train/section_00_source_train_normal_0018_noAttribute.wav,in_support,amplitude_modulation,0.5775226950645447
bearingEmu/train/section_00_source_train_normal_0019_noAttribute.wav,in_support,periodic_resonance,0.9729050397872925
bearingEmu/train/section_00_source_train_normal_0020_noAttribute.wav,in_support,amplitude_modulation,0.7189030647277832
bearingEmu/train/section_00_source_train_normal_0021_noAttribute.wav,in_support,frequency_modulation,0.05195934325456619
bearingEmu/train/section_00_source_train_normal_0022_noAttribute.wav,in_support,amplitude_modulation,0.4222414791584015
bearingEmu/train/section_00_source_train_normal_0023_noAttribute.wav,in_support,amplitude_modulation,0.7734020352363586
bearingEmu/train/section_00_source_train_normal_0024_noAttribute.wav,in_support,periodic_resonance,0.5076518058776855
bearingEmu/train/section_00_source_train_normal_0025_noAttribute.wav,in_support,frequency_modulation,0.3162436783313751
bearingEmu/train/section_00_source_train_normal_0026_noAttribute.wav,in_support,amplitude_modulation,0.12835095822811127
bearingEmu/train/section_00_source_train_normal_0027_noAttribute.wav,in_support,frequency_modulation,0.8909202218055725
bearingEmu/train/section_00_source_train_normal_0028_noAttribute.wav,in_support,amplitude_modulation,0.8736419081687927
bearingEmu/train/section_00_source_train_normal_0029_noAttribute.wav,in_support,frequency_modulation,0.6594358086585999
bearingEmu/train/section_00_source_train_normal_0030_noAttribute.wav,in_support,periodic_resonance,0.22640658915042877
bearingEmu/train/section_00_source_train_normal_0031_noAttribute.wav,in_support,frequency_modulation,0.6386045813560486
bearingEmu/train/section_00_source_train_normal_0032_noAttribute.wav,in_support,periodic_resonance,0.18617068231105804
bearingEmu/train/section_00_source_train_normal_0033_noAttribute.wav,in_support,frequency_modulation,0.3005927503108978
bearingEmu/train/section_00_source_train_normal_0034_noAttribute.wav,in_support,periodic_resonance,0.16354072093963623
bearingEmu/train/section_00_source_train_normal_0035_noAttribute.wav,in_support,amplitude_modulation,0.5167403221130371
bearingEmu/train/section_00_source_train_normal_0036_noAttribute.wav,in_support,frequency_modulation,0.7004674077033997
bearingEmu/train/section_00_source_train_normal_0037_noAttribute.wav,in_support,amplitude_modulation,0.8268752694129944
bearingEmu/train/section_00_source_train_normal_0038_noAttribute.wav,in_support,amplitude_modulation,0.4177968204021454
bearingEmu/train/section_00_source_train_normal_0039_noAttribute.wav,in_support,frequency_modulation,0.44180789589881897
bearingEmu/train/section_00_source_train_normal_0040_noAttribute.wav,in_support,periodic_resonance,0.4931946396827698
bearingEmu/train/section_00_source_train_normal_0041_noAttribute.wav,in_support,frequency_modulation,0.2993966042995453
bearingEmu/train/section_00_source_train_normal_0042_noAttribute.wav,in_support,periodic_resonance,0.3451855480670929
bearingEmu/train/section_00_source_train_normal_0043_noAttribute.wav,in_support,frequency_modulation,0.18831929564476013
bearingEmu/train/section_00_source_train_normal_0044_noAttribute.wav,in_support,frequency_modulation,0.20176662504673004
bearingEmu/train/section_00_source_train_normal_0045_noAttribute.wav,in_support,periodic_resonance,0.9152894616127014
bearingEmu/train/section_00_source_train_normal_0046_noAttribute.wav,in_support,amplitude_modulation,0.2292545884847641
bearingEmu/train/section_00_source_train_normal_0047_noAttribute.wav,in_support,amplitude_modulation,0.4322625994682312
bearingEmu/train/section_00_source_train_normal_0048_noAttribute.wav,in_support,frequency_modulation,0.13897894322872162
bearingEmu/train/section_00_source_train_normal_0049_noAttribute.wav,in_support,amplitude_modulation,0.035661909729242325
bearingEmu/train/section_00_source_train_normal_0050_noAttribute.wav,in_support,periodic_resonance,0.7309073209762573
bearingEmu/train/section_00_source_train_normal_0051_noAttribute.wav,in_support,amplitude_modulation,0.7861822247505188
bearingEmu/train/section_00_source_train_normal_0052_noAttribute.wav,in_support,periodic_resonance,0.26408177614212036
bearingEmu/train/section_00_source_train_normal_0053_noAttribute.wav,in_support,frequency_modulation,0.9871281981468201
bearingEmu/train/section_00_source_train_normal_0054_noAttribute.wav,in_support,amplitude_modulation,0.9214485883712769
bearingEmu/train/section_00_source_train_normal_0055_noAttribute.wav,in_support,frequency_modulation,0.4756152629852295
bearingEmu/train/section_00_source_train_normal_0056_noAttribute.wav,in_support,periodic_resonance,0.2498156875371933
bearingEmu/train/section_00_source_train_normal_0057_noAttribute.wav,in_support,frequency_modulation,0.9730015397071838
bearingEmu/train/section_00_source_train_normal_0058_noAttribute.wav,in_support,periodic_resonance,0.6559982895851135
bearingEmu/train/section_00_source_train_normal_0059_noAttribute.wav,in_support,periodic_resonance,0.8773722648620605
bearingEmu/train/section_00_source_train_normal_0060_noAttribute.wav,in_support,amplitude_modulation,0.1513115018606186
bearingEmu/train/section_00_source_train_normal_0061_noAttribute.wav,in_support,amplitude_modulation,0.32572129368782043
bearingEmu/train/section_00_source_train_normal_0062_noAttribute.wav,in_support,periodic_resonance,0.8798469305038452
bearingEmu/train/section_00_source_train_normal_0063_noAttribute.wav,in_support,periodic_resonance,0.5661838054656982
bearingEmu/train/section_00_source_train_normal_0064_noAttribute.wav,in_support,frequency_modulation,0.5506178140640259
bearingEmu/train/section_00_source_train_normal_0065_noAttribute.wav,in_support,amplitude_modulation,0.8727734088897705
bearingEmu/train/section_00_source_train_normal_0066_noAttribute.wav,in_support,periodic_resonance,0.6114119291305542
bearingEmu/train/section_00_source_train_normal_0067_noAttribute.wav,in_support,frequency_modulation,0.6965582966804504
bearingEmu/train/section_00_source_train_normal_0068_noAttribute.wav,in_support,amplitude_modulation,0.5254863500595093
bearingEmu/train/section_00_source_train_normal_0069_noAttribute.wav,in_support,amplitude_modulation,0.06602678447961807
bearingEmu/train/section_00_source_train_normal_0070_noAttribute.wav,in_support,periodic_resonance,0.3685736358165741
bearingEmu/train/section_00_source_train_normal_0071_noAttribute.wav,in_support,frequency_modulation,0.6895624995231628
bearingEmu/train/section_00_source_train_normal_0072_noAttribute.wav,in_support,amplitude_modulation,0.8186288475990295
bearingEmu/train/section_00_source_train_normal_0073_noAttribute.wav,in_support,amplitude_modulation,0.05018647760152817
bearingEmu/train/section_00_source_train_normal_0074_noAttribute.wav,in_support,frequency_modulation,0.05674278736114502
bearingEmu/train/section_00_source_train_normal_0075_noAttribute.wav,in_support,frequency_modulation,0.7872301936149597
bearingEmu/train/section_00_source_train_normal_0076_noAttribute.wav,in_support,amplitude_modulation,0.9354566931724548
bearingEmu/train/section_00_source_train_normal_0077_noAttribute.wav,in_support,amplitude_modulation,0.09732767939567566
bearingEmu/train/section_00_source_train_normal_0078_noAttribute.wav,in_support,amplitude_modulation,0.8575947284698486
bearingEmu/train/section_00_source_train_normal_0079_noAttribute.wav,in_support,periodic_resonance,0.8454312682151794
bearingEmu/train/section_00_source_train_normal_0080_noAttribute.wav,in_support,frequency_modulation,0.43362146615982056
bearingEmu/train/section_00_source_train_normal_0081_noAttribute.wav,in_support,periodic_resonance,0.95393967628479
bearingEmu/train/section_00_source_train_normal_0082_noAttribute.wav,in_support,frequency_modulation,0.26562440395355225
bearingEmu/train/section_00_source_train_normal_0083_noAttribute.wav,in_support,periodic_resonance,0.4031694531440735
bearingEmu/train/section_00_source_train_normal_0084_noAttribute.wav,in_support,frequency_modulation,0.751395046710968
bearingEmu/train/section_00_source_train_normal_0085_noAttribute.wav,in_support,amplitude_modulation,0.33665159344673157
bearingEmu/train/section_00_source_train_normal_0086_noAttribute.wav,in_support,amplitude_modulation,0.5457268357276917
bearingEmu/train/section_00_source_train_normal_0087_noAttribute.wav,in_support,amplitude_modulation,0.4547632932662964
bearingEmu/train/section_00_source_train_normal_0088_noAttribute.wav,in_support,frequency_modulation,0.768377959728241
bearingEmu/train/section_00_source_train_normal_0089_noAttribute.wav,in_support,amplitude_modulation,0.45121660828590393
bearingEmu/train/section_00_source_train_normal_0090_noAttribute.wav,in_support,amplitude_modulation,0.8447343707084656
bearingEmu/train/section_00_source_train_normal_0091_noAttribute.wav,in_support,frequency_modulation,0.3527786135673523
bearingEmu/train/section_00_source_train_normal_0092_noAttribute.wav,in_support,frequency_modulation,0.7238804697990417
bearingEmu/train/section_00_source_train_normal_0093_noAttribute.wav,in_support,amplitude_modulation,0.8794455528259277
bearingEmu/train/section_00_source_train_normal_0094_noAttribute.wav,in_support,amplitude_modulation,0.549505889415741
bearingEmu/train/section_00_source_train_normal_0095_noAttribute.wav,in_support,periodic_resonance,0.927526593208313
bearingEmu/train/section_00_source_train_normal_0096_noAttribute.wav,in_support,periodic_resonance,0.7119812965393066
bearingEmu/train/section_00_source_train_normal_0097_noAttribute.wav,in_support,periodic_resonance,0.8406941890716553
bearingEmu/train/section_00_source_train_normal_0098_noAttribute.wav,in_support,amplitude_modulation,0.719249427318573
bearingEmu/train/section_00_source_train_normal_0099_noAttribute.wav,in_support,frequency_modulation,0.6293700933456421
bearingEmu/train/section_00_source_train_normal_0100_noAttribute.wav,in_support,periodic_resonance,0.3740932047367096
bearingEmu/train/section_00_source_train_normal_0101_noAttribute.wav,in_support,frequency_modulation,0.10382366180419922
bearingEmu/train/section_00_source_train_normal_0102_noAttribute.wav,in_support,frequency_modulation,0.9098590016365051
bearingEmu/train/section_00_source_train_normal_0103_noAttribute.wav,in_support,amplitude_modulation,0.13539767265319824
bearingEmu/train/section_00_source_train_normal_0104_noAttribute.wav,in_support,amplitude_modulation,0.41874364018440247
bearingEmu/train/section_00_source_train_normal_0105_noAttribute.wav,in_support,amplitude_modulation,0.12213488668203354
bearingEmu/train/section_00_source_train_normal_0106_noAttribute.wav,in_support,amplitude_modulation,0.07680486887693405
bearingEmu/train/section_00_source_train_normal_0107_noAttribute.wav,in_support,periodic_resonance,0.20146997272968292
bearingEmu/train/section_00_source_train_normal_0108_noAttribute.wav,in_support,amplitude_modulation,0.2691679000854492
bearingEmu/train/section_00_source_train_normal_0109_noAttribute.wav,in_support,amplitude_modulation,0.888247013092041
bearingEmu/train/section_00_source_train_normal_0110_noAttribute.wav,in_support,periodic_resonance,0.4112613797187805
bearingEmu/train/section_00_source_train_normal_0111_noAttribute.wav,in_support,amplitude_modulation,0.836296558380127
bearingEmu/train/section_00_source_train_normal_0112_noAttribute.wav,in_support,frequency_modulation,0.890703558921814
bearingEmu/train/section_00_source_train_normal_0113_noAttribute.wav,in_support,frequency_modulation,0.5866115093231201
bearingEmu/train/section_00_source_train_normal_0114_noAttribute.wav,in_support,frequency_modulation,0.33609214425086975
bearingEmu/train/section_00_source_train_normal_0115_noAttribute.wav,in_support,periodic_resonance,0.4995667636394501
bearingEmu/train/section_00_source_train_normal_0116_noAttribute.wav,in_support,amplitude_modulation,0.8877217173576355
bearingEmu/train/section_00_source_train_normal_0117_noAttribute.wav,in_support,periodic_resonance,0.2310815453529358
bearingEmu/train/section_00_source_train_normal_0118_noAttribute.wav,in_support,amplitude_modulation,0.5046707987785339
bearingEmu/train/section_00_source_train_normal_0119_noAttribute.wav,in_support,frequency_modulation,0.6793404221534729
bearingEmu/train/section_00_source_train_normal_0120_noAttribute.wav,in_support,amplitude_modulation,0.8801798820495605
bearingEmu/train/section_00_source_train_normal_0121_noAttribute.wav,in_support,frequency_modulation,0.7034730315208435
bearingEmu/train/section_00_source_train_normal_0122_noAttribute.wav,in_support,amplitude_modulation,0.7355501651763916
bearingEmu/train/section_00_source_train_normal_0123_noAttribute.wav,in_support,periodic_resonance,0.6319966316223145
bearingEmu/train/section_00_source_train_normal_0124_noAttribute.wav,in_support,amplitude_modulation,0.8257272243499756
bearingEmu/train/section_00_source_train_normal_0125_noAttribute.wav,in_support,periodic_resonance,0.11151620000600815
bearingEmu/train/section_00_source_train_normal_0126_noAttribute.wav,in_support,frequency_modulation,0.8441675901412964
bearingEmu/train/section_00_source_train_normal_0127_noAttribute.wav,in_support,periodic_resonance,0.20883692800998688
bearingEmu/train/section_00_source_train_normal_0128_noAttribute.wav,in_support,amplitude_modulation,0.2547159492969513
bearingEmu/train/section_00_source_train_normal_0129_noAttribute.wav,in_support,periodic_resonance,0.5188711285591125
bearingEmu/train/section_00_source_train_normal_0130_noAttribute.wav,in_support,amplitude_modulation,0.905743420124054
bearingEmu/train/section_00_source_train_normal_0131_noAttribute.wav,in_support,amplitude_modulation,0.54877108335495
bearingEmu/train/section_00_source_train_normal_0132_noAttribute.wav,in_support,periodic_resonance,0.865696132183075
bearingEmu/train/section_00_source_train_normal_0133_noAttribute.wav,in_support,frequency_modulation,0.7644588351249695
bearingEmu/train/section_00_source_train_normal_0134_noAttribute.wav,in_support,amplitude_modulation,0.5487731695175171
bearingEmu/train/section_00_source_train_normal_0135_noAttribute.wav,in_support,frequency_modulation,0.5340317487716675
bearingEmu/train/section_00_source_train_normal_0136_noAttribute.wav,in_support,amplitude_modulation,0.6730942726135254
bearingEmu/train/section_00_source_train_normal_0137_noAttribute.wav,in_support,periodic_resonance,0.9212498664855957
bearingEmu/train/section_00_source_train_normal_0138_noAttribute.wav,in_support,periodic_resonance,0.5401185750961304
bearingEmu/train/section_00_source_train_normal_0139_noAttribute.wav,in_support,frequency_modulation,0.6575524806976318
bearingEmu/train/section_00_source_train_normal_0140_noAttribute.wav,in_support,frequency_modulation,0.21183639764785767
bearingEmu/train/section_00_source_train_normal_0141_noAttribute.wav,in_support,frequency_modulation,0.2754257917404175
bearingEmu/train/section_00_source_train_normal_0142_noAttribute.wav,in_support,periodic_resonance,0.18679594993591309
bearingEmu/train/section_00_source_train_normal_0143_noAttribute.wav,in_support,frequency_modulation,0.11350198090076447
bearingEmu/train/section_00_source_train_normal_0144_noAttribute.wav,in_support,amplitude_modulation,0.5590841174125671
bearingEmu/train/section_00_source_train_normal_0145_noAttribute.wav,in_support,frequency_modulation,0.3834058344364166
bearingEmu/train/section_00_source_train_normal_0146_noAttribute.wav,in_support,amplitude_modulation,0.9538633823394775
bearingEmu/train/section_00_source_train_normal_0147_noAttribute.wav,in_support,periodic_resonance,0.20398375391960144
bearingEmu/train/section_00_source_train_normal_0148_noAttribute.wav,in_support,frequency_modulation,0.3814581036567688
bearingEmu/train/section_00_source_train_normal_0149_noAttribute.wav,in_support,amplitude_modulation,0.5350950956344604
bearingEmu/train/section_00_source_train_normal_0150_noAttribute.wav,in_support,frequency_modulation,0.4602634906768799
bearingEmu/train/section_00_source_train_normal_0151_noAttribute.wav,in_support,amplitude_modulation,0.04388735815882683
bearingEmu/train/section_00_source_train_normal_0152_noAttribute.wav,in_support,periodic_resonance,0.656286895275116
bearingEmu/train/section_00_source_train_normal_0153_noAttribute.wav,in_support,frequency_modulation,0.47952842712402344
bearingEmu/train/section_00_source_train_normal_0154_noAttribute.wav,in_support,amplitude_modulation,0.09223465621471405
bearingEmu/train/section_00_source_train_normal_0155_noAttribute.wav,in_support,amplitude_modulation,0.277677446603775
bearingEmu/train/section_00_source_train_normal_0156_noAttribute.wav,in_support,amplitude_modulation,0.7928925156593323
bearingEmu/train/section_00_source_train_normal_0157_noAttribute.wav,in_support,amplitude_modulation,0.4563698470592499
bearingEmu/train/section_00_source_train_normal_0158_noAttribute.wav,in_support,frequency_modulation,0.3192286193370819
bearingEmu/train/section_00_source_train_normal_0159_noAttribute.wav,in_support,periodic_resonance,0.37401488423347473
bearingEmu/train/section_00_source_train_normal_0160_noAttribute.wav,in_support,amplitude_modulation,0.6274384260177612
bearingEmu/train/section_00_source_train_normal_0161_noAttribute.wav,in_support,periodic_resonance,0.22469693422317505
bearingEmu/train/section_00_source_train_normal_0162_noAttribute.wav,in_support,frequency_modulation,0.6281495094299316
bearingEmu/train/section_00_source_train_normal_0163_noAttribute.wav,in_support,frequency_modulation,0.18470172584056854
bearingEmu/train/section_00_source_train_normal_0164_noAttribute.wav,in_support,periodic_resonance,0.9498376250267029
bearingEmu/train/section_00_source_train_normal_0165_noAttribute.wav,in_support,amplitude_modulation,0.7583225965499878
bearingEmu/train/section_00_source_train_normal_0166_noAttribute.wav,in_support,amplitude_modulation,0.8993315100669861
bearingEmu/train/section_00_source_train_normal_0167_noAttribute.wav,in_support,frequency_modulation,0.5861411690711975
bearingEmu/train/section_00_source_train_normal_0168_noAttribute.wav,in_support,amplitude_modulation,0.12180973589420319
bearingEmu/train/section_00_source_train_normal_0169_noAttribute.wav,in_support,amplitude_modulation,0.8721643686294556
bearingEmu/train/section_00_source_train_normal_0170_noAttribute.wav,in_support,periodic_resonance,0.6576499342918396
bearingEmu/train/section_00_source_train_normal_0171_noAttribute.wav,in_support,amplitude_modulation,0.08168484270572662
bearingEmu/train/section_00_source_train_normal_0172_noAttribute.wav,in_support,frequency_modulation,0.6085608601570129
bearingEmu/train/section_00_source_train_normal_0173_noAttribute.wav,in_support,periodic_resonance,0.9602323174476624
bearingEmu/train/section_00_source_train_normal_0174_noAttribute.wav,in_support,periodic_resonance,0.3624074161052704
bearingEmu/train/section_00_source_train_normal_0175_noAttribute.wav,in_support,frequency_modulation,0.23582178354263306
bearingEmu/train/section_00_source_train_normal_0176_noAttribute.wav,in_support,periodic_resonance,0.40460875630378723
bearingEmu/train/section_00_source_train_normal_0177_noAttribute.wav,in_support,amplitude_modulation,0.30444347858428955
bearingEmu/train/section_00_source_train_normal_0178_noAttribute.wav,in_support,periodic_resonance,0.12113269418478012
bearingEmu/train/section_00_source_train_normal_0179_noAttribute.wav,in_support,periodic_resonance,0.6250225305557251
bearingEmu/train/section_00_source_train_normal_0180_noAttribute.wav,in_support,amplitude_modulation,0.5395588874816895
bearingEmu/train/section_00_source_train_normal_0181_noAttribute.wav,in_support,frequency_modulation,0.17177584767341614
bearingEmu/train/section_00_source_train_normal_0182_noAttribute.wav,in_support,amplitude_modulation,0.523975133895874
bearingEmu/train/section_00_source_train_normal_0183_noAttribute.wav,in_support,frequency_modulation,0.7397815585136414
bearingEmu/train/section_00_source_train_normal_0184_noAttribute.wav,in_support,amplitude_modulation,0.24226346611976624
bearingEmu/train/section_00_source_train_normal_0185_noAttribute.wav,in_support,periodic_resonance,0.5378797054290771
bearingEmu/train/section_00_source_train_normal_0186_noAttribute.wav,in_support,periodic_resonance,0.24021856486797333
bearingEmu/train/section_00_source_train_normal_0187_noAttribute.wav,in_support,amplitude_modulation,0.10309024155139923
bearingEmu/train/section_00_source_train_normal_0188_noAttribute.wav,in_support,periodic_resonance,0.7173023819923401
bearingEmu/train/section_00_source_train_normal_0189_noAttribute.wav,in_support,frequency_modulation,0.8526389598846436
bearingEmu/train/section_00_source_train_normal_0190_noAttribute.wav,in_support,amplitude_modulation,0.7451982498168945
bearingEmu/train/section_00_source_train_normal_0191_noAttribute.wav,in_support,periodic_resonance,0.3659360706806183
bearingEmu/train/section_00_source_train_normal_0192_noAttribute.wav,in_support,amplitude_modulation,0.8283236026763916
bearingEmu/train/section_00_source_train_normal_0193_noAttribute.wav,in_support,amplitude_modulation,0.8477358818054199
bearingEmu/train/section_00_source_train_normal_0194_noAttribute.wav,in_support,amplitude_modulation,0.1842685341835022
bearingEmu/train/section_00_source_train_normal_0195_noAttribute.wav,in_support,periodic_resonance,0.6257197856903076
bearingEmu/train/section_00_source_train_normal_0196_noAttribute.wav,in_support,periodic_resonance,0.20158076286315918
bearingEmu/train/section_00_source_train_normal_0197_noAttribute.wav,in_support,frequency_modulation,0.0525529608130455
bearingEmu/train/section_00_source_train_normal_0198_noAttribute.wav,in_support,frequency_modulation,0.7476449608802795
bearingEmu/train/section_00_source_train_normal_0199_noAttribute.wav,in_support,amplitude_modulation,0.055801376700401306
bearingEmu/train/section_00_source_train_normal_0200_noAttribute.wav,in_support,periodic_resonance,0.8899943232536316
bearingEmu/train/section_00_source_train_normal_0201_noAttribute.wav,in_support,amplitude_modulation,0.23528654873371124
bearingEmu/train/section_00_source_train_normal_0202_noAttribute.wav,in_support,frequency_modulation,0.509884774684906
bearingEmu/train/section_00_source_train_normal_0203_noAttribute.wav,in_support,periodic_resonance,0.5224263668060303
bearingEmu/train/section_00_source_train_normal_0204_noAttribute.wav,in_support,periodic_resonance,0.6364068984985352
bearingEmu/train/section_00_source_train_normal_0205_noAttribute.wav,in_support,frequency_modulation,0.19542795419692993
bearingEmu/train/section_00_source_train_normal_0206_noAttribute.wav,in_support,amplitude_modulation,0.4929099380970001
bearingEmu/train/section_00_source_train_normal_0207_noAttribute.wav,in_support,periodic_resonance,0.6406701803207397
bearingEmu/train/section_00_source_train_normal_0208_noAttribute.wav,in_support,amplitude_modulation,0.2624776065349579
bearingEmu/train/section_00_source_train_normal_0209_noAttribute.wav,in_support,frequency_modulation,0.3364267945289612
bearingEmu/train/section_00_source_train_normal_0210_noAttribute.wav,in_support,frequency_modulation,0.6820790767669678
bearingEmu/train/section_00_source_train_normal_0211_noAttribute.wav,in_support,periodic_resonance,0.8178445100784302
bearingEmu/train/section_00_source_train_normal_0212_noAttribute.wav,in_support,frequency_modulation,0.42162224650382996
bearingEmu/train/section_00_source_train_normal_0213_noAttribute.wav,in_support,frequency_modulation,0.7580651640892029
bearingEmu/train/section_00_source_train_normal_0214_noAttribute.wav,in_support,periodic_resonance,0.9792810082435608
bearingEmu/train/section_00_source_train_normal_0215_noAttribute.wav,in_support,frequency_modulation,0.08486340939998627
bearingEmu/train/section_00_source_train_normal_0216_noAttribute.wav,in_support,periodic_resonance,0.7414367198944092
bearingEmu/train/section_00_source_train_normal_0217_noAttribute.wav,in_support,periodic_resonance,0.977983832359314
bearingEmu/train/section_00_source_train_normal_0218_noAttribute.wav,in_support,periodic_resonance,0.9477686285972595
bearingEmu/train/section_00_source_train_normal_0219_noAttribute.wav,in_support,periodic_resonance,0.985935389995575
bearingEmu/train/section_00_source_train_normal_0220_noAttribute.wav,in_support,frequency_modulation,0.08455929160118103
bearingEmu/train/section_00_source_train_normal_0221_noAttribute.wav,in_support,amplitude_modulation,0.7932927012443542
bearingEmu/train/section_00_source_train_normal_0222_noAttribute.wav,in_support,amplitude_modulation,0.839026153087616
bearingEmu/train/section_00_source_train_normal_0223_noAttribute.wav,in_support,frequency_modulation,0.1416601538658142
bearingEmu/train/section_00_source_train_normal_0224_noAttribute.wav,in_support,periodic_resonance,0.26145562529563904
bearingEmu/train/section_00_source_train_normal_0225_noAttribute.wav,in_support,amplitude_modulation,0.16335605084896088
bearingEmu/train/section_00_source_train_normal_0226_noAttribute.wav,in_support,amplitude_modulation,0.8479403853416443
bearingEmu/train/section_00_source_train_normal_0227_noAttribute.wav,in_support,frequency_modulation,0.11742081493139267
bearingEmu/train/section_00_source_train_normal_0228_noAttribute.wav,in_support,frequency_modulation,0.5437301993370056
bearingEmu/train/section_00_source_train_normal_0229_noAttribute.wav,in_support,amplitude_modulation,0.9006340503692627
bearingEmu/train/section_00_source_train_normal_0230_noAttribute.wav,in_support,periodic_resonance,0.9556566476821899
bearingEmu/train/section_00_source_train_normal_0231_noAttribute.wav,in_support,amplitude_modulation,0.8636659383773804
bearingEmu/train/section_00_source_train_normal_0232_noAttribute.wav,in_support,amplitude_modulation,0.9153376221656799
bearingEmu/train/section_00_source_train_normal_0233_noAttribute.wav,in_support,frequency_modulation,0.2070084512233734
bearingEmu/train/section_00_source_train_normal_0234_noAttribute.wav,in_support,amplitude_modulation,0.17106452584266663
bearingEmu/train/section_00_source_train_normal_0235_noAttribute.wav,in_support,frequency_modulation,0.4015973210334778
bearingEmu/train/section_00_source_train_normal_0236_noAttribute.wav,in_support,periodic_resonance,0.7698153853416443
bearingEmu/train/section_00_source_train_normal_0237_noAttribute.wav,in_support,amplitude_modulation,0.9052813649177551
bearingEmu/train/section_00_source_train_normal_0238_noAttribute.wav,in_support,periodic_resonance,0.27419760823249817
bearingEmu/train/section_00_source_train_normal_0239_noAttribute.wav,in_support,periodic_resonance,0.8424224257469177
bearingEmu/train/section_00_source_train_normal_0240_noAttribute.wav,in_support,periodic_resonance,0.22708898782730103
bearingEmu/train/section_00_source_train_normal_0241_noAttribute.wav,in_support,periodic_resonance,0.6562552452087402
bearingEmu/train/section_00_source_train_normal_0242_noAttribute.wav,in_support,amplitude_modulation,0.9242209196090698
bearingEmu/train/section_00_source_train_normal_0243_noAttribute.wav,in_support,periodic_resonance,0.19151239097118378
bearingEmu/train/section_00_source_train_normal_0244_noAttribute.wav,in_support,periodic_resonance,0.9548521637916565
bearingEmu/train/section_00_source_train_normal_0245_noAttribute.wav,in_support,frequency_modulation,0.8259891867637634
bearingEmu/train/section_00_source_train_normal_0246_noAttribute.wav,in_support,periodic_resonance,0.39249420166015625
bearingEmu/train/section_00_source_train_normal_0247_noAttribute.wav,in_support,frequency_modulation,0.8035544157028198
bearingEmu/train/section_00_source_train_normal_0248_noAttribute.wav,in_support,amplitude_modulation,0.07114347815513611
bearingEmu/train/section_00_source_train_normal_0249_noAttribute.wav,in_support,frequency_modulation,0.8320683240890503
bearingEmu/train/section_00_source_train_normal_0250_noAttribute.wav,in_support,amplitude_modulation,0.07454350590705872
bearingEmu/train/section_00_source_train_normal_0251_noAttribute.wav,in_support,frequency_modulation,0.1890072077512741
bearingEmu/train/section_00_source_train_normal_0252_noAttribute.wav,in_support,amplitude_modulation,0.5931811332702637
bearingEmu/train/section_00_source_train_normal_0253_noAttribute.wav,in_support,amplitude_modulation,0.7441220283508301
bearingEmu/train/section_00_source_train_normal_0254_noAttribute.wav,in_support,periodic_resonance,0.4217512309551239
bearingEmu/train/section_00_source_train_normal_0255_noAttribute.wav,in_support,amplitude_modulation,0.08053403347730637
bearingEmu/train/section_00_source_train_normal_0256_noAttribute.wav,in_support,amplitude_modulation,0.56181401014328
bearingEmu/train/section_00_source_train_normal_0257_noAttribute.wav,in_support,amplitude_modulation,0.8153555989265442
bearingEmu/train/section_00_source_train_normal_0258_noAttribute.wav,in_support,periodic_resonance,0.8960645198822021
bearingEmu/train/section_00_source_train_normal_0259_noAttribute.wav,in_support,frequency_modulation,0.9424514174461365
bearingEmu/train/section_00_source_train_normal_0260_noAttribute.wav,in_support,periodic_resonance,0.40957900881767273
bearingEmu/train/section_00_source_train_normal_0261_noAttribute.wav,in_support,periodic_resonance,0.24282342195510864
bearingEmu/train/section_00_source_train_normal_0262_noAttribute.wav,in_support,periodic_resonance,0.9634253978729248
bearingEmu/train/section_00_source_train_normal_0263_noAttribute.wav,in_support,amplitude_modulation,0.49986526370048523
bearingEmu/train/section_00_source_train_normal_0264_noAttribute.wav,in_support,frequency_modulation,0.5496760010719299
bearingEmu/train/section_00_source_train_normal_0265_noAttribute.wav,in_support,amplitude_modulation,0.2036460041999817
bearingEmu/train/section_00_source_train_normal_0266_noAttribute.wav,in_support,amplitude_modulation,0.19878411293029785
bearingEmu/train/section_00_source_train_normal_0267_noAttribute.wav,in_support,amplitude_modulation,0.80784010887146
bearingEmu/train/section_00_source_train_normal_0268_noAttribute.wav,in_support,amplitude_modulation,0.04760497063398361
bearingEmu/train/section_00_source_train_normal_0269_noAttribute.wav,in_support,frequency_modulation,0.2395268827676773
bearingEmu/train/section_00_source_train_normal_0270_noAttribute.wav,in_support,amplitude_modulation,0.8061147332191467
bearingEmu/train/section_00_source_train_normal_0271_noAttribute.wav,in_support,periodic_resonance,0.6515011191368103
bearingEmu/train/section_00_source_train_normal_0272_noAttribute.wav,in_support,amplitude_modulation,0.0973503366112709
bearingEmu/train/section_00_source_train_normal_0273_noAttribute.wav,in_support,frequency_modulation,0.20482131838798523
bearingEmu/train/section_00_source_train_normal_0274_noAttribute.wav,in_support,frequency_modulation,0.34838563203811646
bearingEmu/train/section_00_source_train_normal_0275_noAttribute.wav,in_support,amplitude_modulation,0.8137302994728088
bearingEmu/train/section_00_source_train_normal_0276_noAttribute.wav,in_support,frequency_modulation,0.7316122651100159
bearingEmu/train/section_00_source_train_normal_0277_noAttribute.wav,in_support,frequency_modulation,0.874592661857605
bearingEmu/train/section_00_source_train_normal_0278_noAttribute.wav,in_support,amplitude_modulation,0.6374001502990723
bearingEmu/train/section_00_source_train_normal_0279_noAttribute.wav,in_support,periodic_resonance,0.8901522159576416
bearingEmu/train/section_00_source_train_normal_0280_noAttribute.wav,in_support,frequency_modulation,0.331153005361557
bearingEmu/train/section_00_source_train_normal_0281_noAttribute.wav,in_support,periodic_resonance,0.38061055541038513
bearingEmu/train/section_00_source_train_normal_0282_noAttribute.wav,in_support,amplitude_modulation,0.6792318820953369
bearingEmu/train/section_00_source_train_normal_0283_noAttribute.wav,in_support,amplitude_modulation,0.7280893325805664
bearingEmu/train/section_00_source_train_normal_0284_noAttribute.wav,in_support,frequency_modulation,0.5094257593154907
bearingEmu/train/section_00_source_train_normal_0285_noAttribute.wav,in_support,frequency_modulation,0.3320689797401428
bearingEmu/train/section_00_source_train_normal_0286_noAttribute.wav,in_support,amplitude_modulation,0.8394864201545715
bearingEmu/train/section_00_source_train_normal_0287_noAttribute.wav,in_support,periodic_resonance,0.896355390548706
bearingEmu/train/section_00_source_train_normal_0288_noAttribute.wav,in_support,periodic_resonance,0.9253921508789062
bearingEmu/train/section_00_source_train_normal_0289_noAttribute.wav,in_support,frequency_modulation,0.21732467412948608
bearingEmu/train/section_00_source_train_normal_0290_noAttribute.wav,in_support,amplitude_modulation,0.8978796601295471
bearingEmu/train/section_00_source_train_normal_0291_noAttribute.wav,in_support,periodic_resonance,0.8123683333396912
bearingEmu/train/section_00_source_train_normal_0292_noAttribute.wav,in_support,periodic_resonance,0.2883732318878174
bearingEmu/train/section_00_source_train_normal_0293_noAttribute.wav,in_support,frequency_modulation,0.7076664566993713
bearingEmu/train/section_00_source_train_normal_0294_noAttribute.wav,in_support,frequency_modulation,0.7607882618904114
bearingEmu/train/section_00_source_train_normal_0295_noAttribute.wav,in_support,amplitude_modulation,0.1385396420955658
bearingEmu/train/section_00_source_train_normal_0296_noAttribute.wav,in_support,periodic_resonance,0.3905012309551239
bearingEmu/train/section_00_source_train_normal_0297_noAttribute.wav,in_support,amplitude_modulation,0.21055704355239868
bearingEmu/train/section_00_source_train_normal_0298_noAttribute.wav,in_support,amplitude_modulation,0.9246969819068909
bearingEmu/train/section_00_source_train_normal_0299_noAttribute.wav,in_support,periodic_resonance,0.17223431169986725
bearingEmu/train/section_00_source_train_normal_0300_noAttribute.wav,in_support,periodic_resonance,0.18303123116493225
bearingEmu/train/section_00_source_train_normal_0301_noAttribute.wav,in_support,periodic_resonance,0.5138415098190308
bearingEmu/train/section_00_source_train_normal_0302_noAttribute.wav,in_support,periodic_resonance,0.9873500466346741
bearingEmu/train/section_00_source_train_normal_0303_noAttribute.wav,in_support,frequency_modulation,0.5813304781913757
bearingEmu/train/section_00_source_train_normal_0304_noAttribute.wav,in_support,amplitude_modulation,0.4076506793498993
bearingEmu/train/section_00_source_train_normal_0305_noAttribute.wav,in_support,periodic_resonance,0.5441581606864929
bearingEmu/train/section_00_source_train_normal_0306_noAttribute.wav,in_support,frequency_modulation,0.36694127321243286
bearingEmu/train/section_00_source_train_normal_0307_noAttribute.wav,in_support,periodic_resonance,0.8237176537513733
bearingEmu/train/section_00_source_train_normal_0308_noAttribute.wav,in_support,periodic_resonance,0.5175999402999878
bearingEmu/train/section_00_source_train_normal_0309_noAttribute.wav,in_support,frequency_modulation,0.2878361642360687
bearingEmu/train/section_00_source_train_normal_0310_noAttribute.wav,in_support,periodic_resonance,0.21747887134552002
bearingEmu/train/section_00_source_train_normal_0311_noAttribute.wav,in_support,periodic_resonance,0.8774309754371643
bearingEmu/train/section_00_source_train_normal_0312_noAttribute.wav,in_support,amplitude_modulation,0.7267155647277832
bearingEmu/train/section_00_source_train_normal_0313_noAttribute.wav,in_support,amplitude_modulation,0.9090524911880493
bearingEmu/train/section_00_source_train_normal_0314_noAttribute.wav,in_support,periodic_resonance,0.8365674614906311
bearingEmu/train/section_00_source_train_normal_0315_noAttribute.wav,in_support,amplitude_modulation,0.8367750644683838
bearingEmu/train/section_00_source_train_normal_0316_noAttribute.wav,in_support,periodic_resonance,0.8024753928184509
bearingEmu/train/section_00_source_train_normal_0317_noAttribute.wav,in_support,amplitude_modulation,0.8683742880821228
bearingEmu/train/section_00_source_train_normal_0318_noAttribute.wav,in_support,periodic_resonance,0.613483190536499
bearingEmu/train/section_00_source_train_normal_0319_noAttribute.wav,in_support,periodic_resonance,0.8642281293869019
bearingEmu/train/section_00_source_train_normal_0320_noAttribute.wav,in_support,frequency_modulation,0.47813916206359863
bearingEmu/train/section_00_source_train_normal_0321_noAttribute.wav,in_support,frequency_modulation,0.6198038458824158
bearingEmu/train/section_00_source_train_normal_0322_noAttribute.wav,in_support,amplitude_modulation,0.816128134727478
bearingEmu/train/section_00_source_train_normal_0323_noAttribute.wav,in_support,amplitude_modulation,0.3248066008090973
bearingEmu/train/section_00_source_train_normal_0324_noAttribute.wav,in_support,periodic_resonance,0.6798160672187805
bearingEmu/train/section_00_source_train_normal_0325_noAttribute.wav,in_support,frequency_modulation,0.09607166051864624
bearingEmu/train/section_00_source_train_normal_0326_noAttribute.wav,in_support,frequency_modulation,0.8623025417327881
bearingEmu/train/section_00_source_train_normal_0327_noAttribute.wav,in_support,periodic_resonance,0.790851354598999
bearingEmu/train/section_00_source_train_normal_0328_noAttribute.wav,in_support,amplitude_modulation,0.7644345760345459
bearingEmu/train/section_00_source_train_normal_0329_noAttribute.wav,in_support,periodic_resonance,0.7998332381248474
bearingEmu/train/section_00_source_train_normal_0330_noAttribute.wav,in_support,amplitude_modulation,0.7992798089981079
bearingEmu/train/section_00_source_train_normal_0331_noAttribute.wav,in_support,frequency_modulation,0.5899577140808105
bearingEmu/train/section_00_source_train_normal_0332_noAttribute.wav,in_support,amplitude_modulation,0.8479202389717102
bearingEmu/train/section_00_source_train_normal_0333_noAttribute.wav,in_support,frequency_modulation,0.4843668043613434
bearingEmu/train/section_00_source_train_normal_0334_noAttribute.wav,in_support,amplitude_modulation,0.6441055536270142
bearingEmu/train/section_00_source_train_normal_0335_noAttribute.wav,in_support,amplitude_modulation,0.769816517829895
bearingEmu/train/section_00_source_train_normal_0336_noAttribute.wav,in_support,periodic_resonance,0.7435214519500732
bearingEmu/train/section_00_source_train_normal_0337_noAttribute.wav,in_support,periodic_resonance,0.5218510627746582
bearingEmu/train/section_00_source_train_normal_0338_noAttribute.wav,in_support,amplitude_modulation,0.818814218044281
bearingEmu/train/section_00_source_train_normal_0339_noAttribute.wav,in_support,amplitude_modulation,0.6355326771736145
bearingEmu/train/section_00_source_train_normal_0340_noAttribute.wav,in_support,frequency_modulation,0.1601385921239853
bearingEmu/train/section_00_source_train_normal_0341_noAttribute.wav,in_support,frequency_modulation,0.11902624368667603
bearingEmu/train/section_00_source_train_normal_0342_noAttribute.wav,in_support,periodic_resonance,0.9398989081382751
bearingEmu/train/section_00_source_train_normal_0343_noAttribute.wav,in_support,frequency_modulation,0.6752752661705017
bearingEmu/train/section_00_source_train_normal_0344_noAttribute.wav,in_support,periodic_resonance,0.16648432612419128
bearingEmu/train/section_00_source_train_normal_0345_noAttribute.wav,in_support,frequency_modulation,0.5920747518539429
bearingEmu/train/section_00_source_train_normal_0346_noAttribute.wav,in_support,amplitude_modulation,0.8916158080101013
bearingEmu/train/section_00_source_train_normal_0347_noAttribute.wav,in_support,periodic_resonance,0.48855069279670715
bearingEmu/train/section_00_source_train_normal_0348_noAttribute.wav,in_support,amplitude_modulation,0.28552764654159546
bearingEmu/train/section_00_source_train_normal_0349_noAttribute.wav,in_support,frequency_modulation,0.485586553812027
bearingEmu/train/section_00_source_train_normal_0350_noAttribute.wav,in_support,frequency_modulation,0.28558120131492615
bearingEmu/train/section_00_source_train_normal_0351_noAttribute.wav,in_support,frequency_modulation,0.16561242938041687
bearingEmu/train/section_00_source_train_normal_0352_noAttribute.wav,in_support,amplitude_modulation,0.9105392694473267
bearingEmu/train/section_00_source_train_normal_0353_noAttribute.wav,in_support,amplitude_modulation,0.7367522120475769
bearingEmu/train/section_00_source_train_normal_0354_noAttribute.wav,in_support,periodic_resonance,0.11224491149187088
bearingEmu/train/section_00_source_train_normal_0355_noAttribute.wav,in_support,amplitude_modulation,0.4191023111343384
bearingEmu/train/section_00_source_train_normal_0356_noAttribute.wav,in_support,periodic_resonance,0.5420349836349487
bearingEmu/train/section_00_source_train_normal_0357_noAttribute.wav,in_support,amplitude_modulation,0.06340926140546799
bearingEmu/train/section_00_source_train_normal_0358_noAttribute.wav,in_support,frequency_modulation,0.750041663646698
bearingEmu/train/section_00_source_train_normal_0359_noAttribute.wav,in_support,periodic_resonance,0.7788085341453552
bearingEmu/train/section_00_source_train_normal_0360_noAttribute.wav,in_support,amplitude_modulation,0.5559276342391968
bearingEmu/train/section_00_source_train_normal_0361_noAttribute.wav,in_support,frequency_modulation,0.5693459510803223
bearingEmu/train/section_00_source_train_normal_0362_noAttribute.wav,in_support,amplitude_modulation,0.9251618981361389
bearingEmu/train/section_00_source_train_normal_0363_noAttribute.wav,in_support,amplitude_modulation,0.774359405040741
bearingEmu/train/section_00_source_train_normal_0364_noAttribute.wav,in_support,periodic_resonance,0.9321274161338806
bearingEmu/train/section_00_source_train_normal_0365_noAttribute.wav,in_support,periodic_resonance,0.2337256669998169
bearingEmu/train/section_00_source_train_normal_0366_noAttribute.wav,in_support,frequency_modulation,0.8092629909515381
bearingEmu/train/section_00_source_train_normal_0367_noAttribute.wav,in_support,periodic_resonance,0.34848713874816895
bearingEmu/train/section_00_source_train_normal_0368_noAttribute.wav,in_support,periodic_resonance,0.9728348851203918
bearingEmu/train/section_00_source_train_normal_0369_noAttribute.wav,in_support,frequency_modulation,0.6345513463020325
bearingEmu/train/section_00_source_train_normal_0370_noAttribute.wav,in_support,amplitude_modulation,0.3732941150665283
bearingEmu/train/section_00_source_train_normal_0371_noAttribute.wav,in_support,amplitude_modulation,0.41146811842918396
bearingEmu/train/section_00_source_train_normal_0372_noAttribute.wav,in_support,amplitude_modulation,0.15477684140205383
bearingEmu/train/section_00_source_train_normal_0373_noAttribute.wav,in_support,frequency_modulation,0.3698486089706421
bearingEmu/train/section_00_source_train_normal_0374_noAttribute.wav,in_support,frequency_modulation,0.4800143241882324
bearingEmu/train/section_00_source_train_normal_0375_noAttribute.wav,in_support,frequency_modulation,0.1526598483324051
bearingEmu/train/section_00_source_train_normal_0376_noAttribute.wav,in_support,amplitude_modulation,0.11898867040872574
bearingEmu/train/section_00_source_train_normal_0377_noAttribute.wav,in_support,periodic_resonance,0.4241177439689636
bearingEmu/train/section_00_source_train_normal_0378_noAttribute.wav,in_support,periodic_resonance,0.6729748845100403
bearingEmu/train/section_00_source_train_normal_0379_noAttribute.wav,in_support,frequency_modulation,0.4467080533504486
bearingEmu/train/section_00_source_train_normal_0380_noAttribute.wav,in_support,frequency_modulation,0.7441705465316772
bearingEmu/train/section_00_source_train_normal_0381_noAttribute.wav,in_support,periodic_resonance,0.3022341728210449
bearingEmu/train/section_00_source_train_normal_0382_noAttribute.wav,in_support,periodic_resonance,0.9723882675170898
bearingEmu/train/section_00_source_train_normal_0383_noAttribute.wav,in_support,frequency_modulation,0.9003227353096008
bearingEmu/train/section_00_source_train_normal_0384_noAttribute.wav,in_support,amplitude_modulation,0.042244378477334976
bearingEmu/train/section_00_source_train_normal_0385_noAttribute.wav,in_support,periodic_resonance,0.770097017288208
bearingEmu/train/section_00_source_train_normal_0386_noAttribute.wav,in_support,frequency_modulation,0.771791398525238
bearingEmu/train/section_00_source_train_normal_0387_noAttribute.wav,in_support,periodic_resonance,0.3264244496822357
bearingEmu/train/section_00_source_train_normal_0388_noAttribute.wav,in_support,amplitude_modulation,0.5812058448791504
bearingEmu/train/section_00_source_train_normal_0389_noAttribute.wav,in_support,amplitude_modulation,0.03922996670007706
bearingEmu/train/section_00_source_train_normal_0390_noAttribute.wav,in_support,periodic_resonance,0.22538690268993378
bearingEmu/train/section_00_source_train_normal_0391_noAttribute.wav,in_support,periodic_resonance,0.735053539276123
bearingEmu/train/section_00_source_train_normal_0392_noAttribute.wav,in_support,periodic_resonance,0.9441911578178406
bearingEmu/train/section_00_source_train_normal_0393_noAttribute.wav,in_support,frequency_modulation,0.22082693874835968
bearingEmu/train/section_00_source_train_normal_0394_noAttribute.wav,in_support,periodic_resonance,0.7909282445907593
bearingEmu/train/section_00_source_train_normal_0395_noAttribute.wav,in_support,periodic_resonance,0.8702808618545532
bearingEmu/train/section_00_source_train_normal_0396_noAttribute.wav,in_support,periodic_resonance,0.7830917835235596
bearingEmu/train/section_00_source_train_normal_0397_noAttribute.wav,in_support,frequency_modulation,0.6092796921730042
bearingEmu/train/section_00_source_train_normal_0398_noAttribute.wav,in_support,frequency_modulation,0.725990891456604
bearingEmu/train/section_00_source_train_normal_0399_noAttribute.wav,in_support,amplitude_modulation,0.6804360747337341
bearingEmu/train/section_00_source_train_normal_0400_noAttribute.wav,in_support,amplitude_modulation,0.7279617786407471
bearingEmu/train/section_00_source_train_normal_0401_noAttribute.wav,in_support,amplitude_modulation,0.49344709515571594
bearingEmu/train/section_00_source_train_normal_0402_noAttribute.wav,in_support,frequency_modulation,0.374456524848938
bearingEmu/train/section_00_source_train_normal_0403_noAttribute.wav,in_support,periodic_resonance,0.7147696018218994
bearingEmu/train/section_00_source_train_normal_0404_noAttribute.wav,in_support,frequency_modulation,0.2729438841342926
bearingEmu/train/section_00_source_train_normal_0405_noAttribute.wav,in_support,periodic_resonance,0.6359086036682129
bearingEmu/train/section_00_source_train_normal_0406_noAttribute.wav,in_support,amplitude_modulation,0.6777936220169067
bearingEmu/train/section_00_source_train_normal_0407_noAttribute.wav,in_support,amplitude_modulation,0.7235639095306396
bearingEmu/train/section_00_source_train_normal_0408_noAttribute.wav,in_support,amplitude_modulation,0.8003329038619995
bearingEmu/train/section_00_source_train_normal_0409_noAttribute.wav,in_support,periodic_resonance,0.8004276752471924
bearingEmu/train/section_00_source_train_normal_0410_noAttribute.wav,in_support,amplitude_modulation,0.052263401448726654
bearingEmu/train/section_00_source_train_normal_0411_noAttribute.wav,in_support,amplitude_modulation,0.1662711501121521
bearingEmu/train/section_00_source_train_normal_0412_noAttribute.wav,in_support,periodic_resonance,0.7588980793952942
bearingEmu/train/section_00_source_train_normal_0413_noAttribute.wav,in_support,frequency_modulation,0.47513526678085327
bearingEmu/train/section_00_source_train_normal_0414_noAttribute.wav,in_support,frequency_modulation,0.8770405054092407
bearingEmu/train/section_00_source_train_normal_0415_noAttribute.wav,in_support,periodic_resonance,0.9657877683639526
bearingEmu/train/section_00_source_train_normal_0416_noAttribute.wav,in_support,frequency_modulation,0.2472205013036728
bearingEmu/train/section_00_source_train_normal_0417_noAttribute.wav,in_support,frequency_modulation,0.6315380930900574
bearingEmu/train/section_00_source_train_normal_0418_noAttribute.wav,in_support,amplitude_modulation,0.9168732762336731
bearingEmu/train/section_00_source_train_normal_0419_noAttribute.wav,in_support,periodic_resonance,0.18765607476234436
bearingEmu/train/section_00_source_train_normal_0420_noAttribute.wav,in_support,periodic_resonance,0.6618008613586426
bearingEmu/train/section_00_source_train_normal_0421_noAttribute.wav,in_support,frequency_modulation,0.7094917297363281
bearingEmu/train/section_00_source_train_normal_0422_noAttribute.wav,in_support,frequency_modulation,0.39724358916282654
bearingEmu/train/section_00_source_train_normal_0423_noAttribute.wav,in_support,frequency_modulation,0.09355522692203522
bearingEmu/train/section_00_source_train_normal_0424_noAttribute.wav,in_support,periodic_resonance,0.28980332612991333
bearingEmu/train/section_00_source_train_normal_0425_noAttribute.wav,in_support,periodic_resonance,0.42897146940231323
bearingEmu/train/section_00_source_train_normal_0426_noAttribute.wav,in_support,amplitude_modulation,0.35029810667037964
bearingEmu/train/section_00_source_train_normal_0427_noAttribute.wav,in_support,frequency_modulation,0.09960383921861649
bearingEmu/train/section_00_source_train_normal_0428_noAttribute.wav,in_support,frequency_modulation,0.2527908384799957
bearingEmu/train/section_00_source_train_normal_0429_noAttribute.wav,in_support,frequency_modulation,0.19140519201755524
bearingEmu/train/section_00_source_train_normal_0430_noAttribute.wav,in_support,periodic_resonance,0.9281003475189209
bearingEmu/train/section_00_source_train_normal_0431_noAttribute.wav,in_support,periodic_resonance,0.5801207423210144
bearingEmu/train/section_00_source_train_normal_0432_noAttribute.wav,in_support,periodic_resonance,0.9883360266685486
bearingEmu/train/section_00_source_train_normal_0433_noAttribute.wav,in_support,amplitude_modulation,0.869497537612915
bearingEmu/train/section_00_source_train_normal_0434_noAttribute.wav,in_support,frequency_modulation,0.0683554857969284
bearingEmu/train/section_00_source_train_normal_0435_noAttribute.wav,in_support,periodic_resonance,0.9567793011665344
bearingEmu/train/section_00_source_train_normal_0436_noAttribute.wav,in_support,frequency_modulation,0.7134456038475037
bearingEmu/train/section_00_source_train_normal_0437_noAttribute.wav,in_support,amplitude_modulation,0.12924039363861084
bearingEmu/train/section_00_source_train_normal_0438_noAttribute.wav,in_support,periodic_resonance,0.9091678857803345
bearingEmu/train/section_00_source_train_normal_0439_noAttribute.wav,in_support,periodic_resonance,0.9686634540557861
bearingEmu/train/section_00_source_train_normal_0440_noAttribute.wav,in_support,periodic_resonance,0.4916532337665558
bearingEmu/train/section_00_source_train_normal_0441_noAttribute.wav,in_support,frequency_modulation,0.4568842351436615
bearingEmu/train/section_00_source_train_normal_0442_noAttribute.wav,in_support,frequency_modulation,0.29649817943573
bearingEmu/train/section_00_source_train_normal_0443_noAttribute.wav,in_support,amplitude_modulation,0.5462366342544556
bearingEmu/train/section_00_source_train_normal_0444_noAttribute.wav,in_support,periodic_resonance,0.8667810559272766
bearingEmu/train/section_00_source_train_normal_0445_noAttribute.wav,in_support,amplitude_modulation,0.11012900620698929
bearingEmu/train/section_00_source_train_normal_0446_noAttribute.wav,in_support,frequency_modulation,0.15159662067890167
bearingEmu/train/section_00_source_train_normal_0447_noAttribute.wav,in_support,periodic_resonance,0.31326135993003845
bearingEmu/train/section_00_source_train_normal_0448_noAttribute.wav,in_support,amplitude_modulation,0.10547217726707458
bearingEmu/train/section_00_source_train_normal_0449_noAttribute.wav,in_support,amplitude_modulation,0.3853450119495392
bearingEmu/train/section_00_source_train_normal_0450_noAttribute.wav,in_support,amplitude_modulation,0.13668109476566315
bearingEmu/train/section_00_source_train_normal_0451_noAttribute.wav,in_support,amplitude_modulation,0.8834895491600037
bearingEmu/train/section_00_source_train_normal_0452_noAttribute.wav,in_support,periodic_resonance,0.8781442642211914
bearingEmu/train/section_00_source_train_normal_0453_noAttribute.wav,in_support,frequency_modulation,0.7584522366523743
bearingEmu/train/section_00_source_train_normal_0454_noAttribute.wav,in_support,frequency_modulation,0.16842088103294373
bearingEmu/train/section_00_source_train_normal_0455_noAttribute.wav,in_support,periodic_resonance,0.9629014134407043
bearingEmu/train/section_00_source_train_normal_0456_noAttribute.wav,in_support,frequency_modulation,0.8109923601150513
bearingEmu/train/section_00_source_train_normal_0457_noAttribute.wav,in_support,amplitude_modulation,0.5875992178916931
bearingEmu/train/section_00_source_train_normal_0458_noAttribute.wav,in_support,frequency_modulation,0.3213726282119751
bearingEmu/train/section_00_source_train_normal_0459_noAttribute.wav,in_support,frequency_modulation,0.19334450364112854
bearingEmu/train/section_00_source_train_normal_0460_noAttribute.wav,in_support,amplitude_modulation,0.8290483355522156
bearingEmu/train/section_00_source_train_normal_0461_noAttribute.wav,in_support,frequency_modulation,0.7854780554771423
bearingEmu/train/section_00_source_train_normal_0462_noAttribute.wav,in_support,frequency_modulation,0.125302255153656
bearingEmu/train/section_00_source_train_normal_0463_noAttribute.wav,in_support,amplitude_modulation,0.26198524236679077
bearingEmu/train/section_00_source_train_normal_0464_noAttribute.wav,in_support,periodic_resonance,0.3740226626396179
bearingEmu/train/section_00_source_train_normal_0465_noAttribute.wav,in_support,frequency_modulation,0.2556266188621521
bearingEmu/train/section_00_source_train_normal_0466_noAttribute.wav,in_support,periodic_resonance,0.7263599038124084
bearingEmu/train/section_00_source_train_normal_0467_noAttribute.wav,in_support,periodic_resonance,0.604475200176239
bearingEmu/train/section_00_source_train_normal_0468_noAttribute.wav,in_support,periodic_resonance,0.4136303663253784
bearingEmu/train/section_00_source_train_normal_0469_noAttribute.wav,in_support,periodic_resonance,0.8187522888183594
bearingEmu/train/section_00_source_train_normal_0470_noAttribute.wav,in_support,periodic_resonance,0.8248378038406372
bearingEmu/train/section_00_source_train_normal_0471_noAttribute.wav,in_support,frequency_modulation,0.3598160147666931
bearingEmu/train/section_00_source_train_normal_0472_noAttribute.wav,in_support,amplitude_modulation,0.20220252871513367
bearingEmu/train/section_00_source_train_normal_0473_noAttribute.wav,in_support,frequency_modulation,0.8308751583099365
bearingEmu/train/section_00_source_train_normal_0474_noAttribute.wav,in_support,frequency_modulation,0.7215708494186401
bearingEmu/train/section_00_source_train_normal_0475_noAttribute.wav,in_support,amplitude_modulation,0.04947168380022049
bearingEmu/train/section_00_source_train_normal_0476_noAttribute.wav,in_support,frequency_modulation,0.5201821327209473
bearingEmu/train/section_00_source_train_normal_0477_noAttribute.wav,in_support,amplitude_modulation,0.8915690779685974
bearingEmu/train/section_00_source_train_normal_0478_noAttribute.wav,in_support,amplitude_modulation,0.56681889295578
bearingEmu/train/section_00_source_train_normal_0479_noAttribute.wav,in_support,frequency_modulation,0.10069037228822708
bearingEmu/train/section_00_source_train_normal_0480_noAttribute.wav,in_support,frequency_modulation,0.5629950761795044
bearingEmu/train/section_00_source_train_normal_0481_noAttribute.wav,in_support,amplitude_modulation,0.8320668339729309
bearingEmu/train/section_00_source_train_normal_0482_noAttribute.wav,in_support,periodic_resonance,0.9484508633613586
bearingEmu/train/section_00_source_train_normal_0483_noAttribute.wav,in_support,periodic_resonance,0.2280876487493515
bearingEmu/train/section_00_source_train_normal_0484_noAttribute.wav,in_support,periodic_resonance,0.7556285858154297
bearingEmu/train/section_00_source_train_normal_0485_noAttribute.wav,in_support,periodic_resonance,0.913024365901947
bearingEmu/train/section_00_source_train_normal_0486_noAttribute.wav,in_support,amplitude_modulation,0.8232380747795105
bearingEmu/train/section_00_source_train_normal_0487_noAttribute.wav,in_support,periodic_resonance,0.31766799092292786
bearingEmu/train/section_00_source_train_normal_0488_noAttribute.wav,in_support,periodic_resonance,0.09242893010377884
bearingEmu/train/section_00_source_train_normal_0489_noAttribute.wav,in_support,amplitude_modulation,0.3644338846206665
bearingEmu/train/section_00_source_train_normal_0490_noAttribute.wav,in_support,amplitude_modulation,0.8799796104431152
bearingEmu/train/section_00_source_train_normal_0491_noAttribute.wav,in_support,frequency_modulation,0.16536329686641693
bearingEmu/train/section_00_source_train_normal_0492_noAttribute.wav,in_support,frequency_modulation,0.7005055546760559
bearingEmu/train/section_00_source_train_normal_0493_noAttribute.wav,in_support,amplitude_modulation,0.2451849728822708
bearingEmu/train/section_00_source_train_normal_0494_noAttribute.wav,in_support,amplitude_modulation,0.047477032989263535
bearingEmu/train/section_00_source_train_normal_0495_noAttribute.wav,in_support,frequency_modulation,0.16383711993694305
bearingEmu/train/section_00_source_train_normal_0496_noAttribute.wav,in_support,periodic_resonance,0.17101988196372986
bearingEmu/train/section_00_source_train_normal_0497_noAttribute.wav,in_support,amplitude_modulation,0.09166918694972992
bearingEmu/train/section_00_source_train_normal_0498_noAttribute.wav,in_support,amplitude_modulation,0.5663868188858032
bearingEmu/train/section_00_source_train_normal_0499_noAttribute.wav,in_support,frequency_modulation,0.6395830512046814
bearingEmu/train/section_00_source_train_normal_0500_noAttribute.wav,in_support,amplitude_modulation,0.5462163090705872
bearingEmu/train/section_00_source_train_normal_0501_noAttribute.wav,in_support,amplitude_modulation,0.9462651014328003
bearingEmu/train/section_00_source_train_normal_0502_noAttribute.wav,in_support,amplitude_modulation,0.034696467220783234
bearingEmu/train/section_00_source_train_normal_0503_noAttribute.wav,in_support,periodic_resonance,0.734708309173584
bearingEmu/train/section_00_source_train_normal_0504_noAttribute.wav,in_support,amplitude_modulation,0.1338556855916977
bearingEmu/train/section_00_source_train_normal_0505_noAttribute.wav,in_support,frequency_modulation,0.914029061794281
bearingEmu/train/section_00_source_train_normal_0506_noAttribute.wav,in_support,periodic_resonance,0.20106233656406403
bearingEmu/train/section_00_source_train_normal_0507_noAttribute.wav,in_support,periodic_resonance,0.24566835165023804
bearingEmu/train/section_00_source_train_normal_0508_noAttribute.wav,in_support,periodic_resonance,0.3457851707935333
bearingEmu/train/section_00_source_train_normal_0509_noAttribute.wav,in_support,periodic_resonance,0.12144659459590912
bearingEmu/train/section_00_source_train_normal_0510_noAttribute.wav,in_support,amplitude_modulation,0.6699627041816711
bearingEmu/train/section_00_source_train_normal_0511_noAttribute.wav,in_support,amplitude_modulation,0.47832080721855164
bearingEmu/train/section_00_source_train_normal_0512_noAttribute.wav,in_support,frequency_modulation,0.2172526866197586
bearingEmu/train/section_00_source_train_normal_0513_noAttribute.wav,in_support,frequency_modulation,0.7338047623634338
bearingEmu/train/section_00_source_train_normal_0514_noAttribute.wav,in_support,frequency_modulation,0.45061278343200684
bearingEmu/train/section_00_source_train_normal_0515_noAttribute.wav,in_support,frequency_modulation,0.28239184617996216
bearingEmu/train/section_00_source_train_normal_0516_noAttribute.wav,in_support,amplitude_modulation,0.1812000870704651
bearingEmu/train/section_00_source_train_normal_0517_noAttribute.wav,in_support,frequency_modulation,0.6504110097885132
bearingEmu/train/section_00_source_train_normal_0518_noAttribute.wav,in_support,amplitude_modulation,0.11861886084079742
bearingEmu/train/section_00_source_train_normal_0519_noAttribute.wav,in_support,amplitude_modulation,0.9334502816200256
bearingEmu/train/section_00_source_train_normal_0520_noAttribute.wav,in_support,amplitude_modulation,0.09487684816122055
bearingEmu/train/section_00_source_train_normal_0521_noAttribute.wav,in_support,periodic_resonance,0.4354116916656494
bearingEmu/train/section_00_source_train_normal_0522_noAttribute.wav,in_support,amplitude_modulation,0.1710168421268463
bearingEmu/train/section_00_source_train_normal_0523_noAttribute.wav,in_support,frequency_modulation,0.8915329575538635
bearingEmu/train/section_00_source_train_normal_0524_noAttribute.wav,in_support,periodic_resonance,0.14505848288536072
bearingEmu/train/section_00_source_train_normal_0525_noAttribute.wav,in_support,amplitude_modulation,0.36422550678253174
bearingEmu/train/section_00_source_train_normal_0526_noAttribute.wav,in_support,periodic_resonance,0.920953094959259
bearingEmu/train/section_00_source_train_normal_0527_noAttribute.wav,in_support,frequency_modulation,0.1400904506444931
bearingEmu/train/section_00_source_train_normal_0528_noAttribute.wav,in_support,amplitude_modulation,0.1402025818824768
bearingEmu/train/section_00_source_train_normal_0529_noAttribute.wav,in_support,periodic_resonance,0.608512282371521
bearingEmu/train/section_00_source_train_normal_0530_noAttribute.wav,in_support,amplitude_modulation,0.5248854756355286
bearingEmu/train/section_00_source_train_normal_0531_noAttribute.wav,in_support,periodic_resonance,0.6771636009216309
bearingEmu/train/section_00_source_train_normal_0532_noAttribute.wav,in_support,periodic_resonance,0.6261394619941711
bearingEmu/train/section_00_source_train_normal_0533_noAttribute.wav,in_support,amplitude_modulation,0.7770828604698181
bearingEmu/train/section_00_source_train_normal_0534_noAttribute.wav,in_support,amplitude_modulation,0.7835562825202942
bearingEmu/train/section_00_source_train_normal_0535_noAttribute.wav,in_support,periodic_resonance,0.23231960833072662
bearingEmu/train/section_00_source_train_normal_0536_noAttribute.wav,in_support,frequency_modulation,0.31756535172462463
bearingEmu/train/section_00_source_train_normal_0537_noAttribute.wav,in_support,amplitude_modulation,0.7652127742767334
bearingEmu/train/section_00_source_train_normal_0538_noAttribute.wav,in_support,periodic_resonance,0.24074772000312805
bearingEmu/train/section_00_source_train_normal_0539_noAttribute.wav,in_support,amplitude_modulation,0.06073804944753647
bearingEmu/train/section_00_source_train_normal_0540_noAttribute.wav,in_support,periodic_resonance,0.896930456161499
bearingEmu/train/section_00_source_train_normal_0541_noAttribute.wav,in_support,frequency_modulation,0.7177221775054932
bearingEmu/train/section_00_source_train_normal_0542_noAttribute.wav,in_support,periodic_resonance,0.46924370527267456
bearingEmu/train/section_00_source_train_normal_0543_noAttribute.wav,in_support,frequency_modulation,0.3022364675998688
bearingEmu/train/section_00_source_train_normal_0544_noAttribute.wav,in_support,frequency_modulation,0.8878124952316284
bearingEmu/train/section_00_source_train_normal_0545_noAttribute.wav,in_support,amplitude_modulation,0.1206599548459053
bearingEmu/train/section_00_source_train_normal_0546_noAttribute.wav,in_support,periodic_resonance,0.883851170539856
bearingEmu/train/section_00_source_train_normal_0547_noAttribute.wav,in_support,amplitude_modulation,0.44245001673698425
bearingEmu/train/section_00_source_train_normal_0548_noAttribute.wav,in_support,frequency_modulation,0.7345066666603088
bearingEmu/train/section_00_source_train_normal_0549_noAttribute.wav,in_support,periodic_resonance,0.8294505476951599
bearingEmu/train/section_00_source_train_normal_0550_noAttribute.wav,in_support,periodic_resonance,0.9733386635780334
bearingEmu/train/section_00_source_train_normal_0551_noAttribute.wav,in_support,periodic_resonance,0.9542877078056335
bearingEmu/train/section_00_source_train_normal_0552_noAttribute.wav,in_support,frequency_modulation,0.1422404795885086
bearingEmu/train/section_00_source_train_normal_0553_noAttribute.wav,in_support,frequency_modulation,0.7244884967803955
bearingEmu/train/section_00_source_train_normal_0554_noAttribute.wav,in_support,periodic_resonance,0.7083852887153625
bearingEmu/train/section_00_source_train_normal_0555_noAttribute.wav,in_support,periodic_resonance,0.9866134524345398
bearingEmu/train/section_00_source_train_normal_0556_noAttribute.wav,in_support,periodic_resonance,0.15138529241085052
bearingEmu/train/section_00_source_train_normal_0557_noAttribute.wav,in_support,periodic_resonance,0.8900573253631592
bearingEmu/train/section_00_source_train_normal_0558_noAttribute.wav,in_support,amplitude_modulation,0.4579116106033325
bearingEmu/train/section_00_source_train_normal_0559_noAttribute.wav,in_support,amplitude_modulation,0.7703547477722168
bearingEmu/train/section_00_source_train_normal_0560_noAttribute.wav,in_support,periodic_resonance,0.8948864936828613
bearingEmu/train/section_00_source_train_normal_0561_noAttribute.wav,in_support,periodic_resonance,0.11644504964351654
bearingEmu/train/section_00_source_train_normal_0562_noAttribute.wav,in_support,amplitude_modulation,0.14064054191112518
bearingEmu/train/section_00_source_train_normal_0563_noAttribute.wav,in_support,periodic_resonance,0.7085091471672058
bearingEmu/train/section_00_source_train_normal_0564_noAttribute.wav,in_support,amplitude_modulation,0.06153331696987152
bearingEmu/train/section_00_source_train_normal_0565_noAttribute.wav,in_support,amplitude_modulation,0.10018697381019592
bearingEmu/train/section_00_source_train_normal_0566_noAttribute.wav,in_support,frequency_modulation,0.6537356972694397
bearingEmu/train/section_00_source_train_normal_0567_noAttribute.wav,in_support,periodic_resonance,0.5988494753837585
bearingEmu/train/section_00_source_train_normal_0568_noAttribute.wav,in_support,periodic_resonance,0.20879733562469482
bearingEmu/train/section_00_source_train_normal_0569_noAttribute.wav,in_support,periodic_resonance,0.5857296586036682
bearingEmu/train/section_00_source_train_normal_0570_noAttribute.wav,in_support,amplitude_modulation,0.3514031171798706
bearingEmu/train/section_00_source_train_normal_0571_noAttribute.wav,in_support,frequency_modulation,0.9869337677955627
bearingEmu/train/section_00_source_train_normal_0572_noAttribute.wav,in_support,frequency_modulation,0.42901402711868286
bearingEmu/train/section_00_source_train_normal_0573_noAttribute.wav,in_support,frequency_modulation,0.7657744288444519
bearingEmu/train/section_00_source_train_normal_0574_noAttribute.wav,in_support,frequency_modulation,0.909709632396698
bearingEmu/train/section_00_source_train_normal_0575_noAttribute.wav,in_support,amplitude_modulation,0.8231114149093628
bearingEmu/train/section_00_source_train_normal_0576_noAttribute.wav,in_support,amplitude_modulation,0.05525416508316994
bearingEmu/train/section_00_source_train_normal_0577_noAttribute.wav,in_support,amplitude_modulation,0.5453876256942749
bearingEmu/train/section_00_source_train_normal_0578_noAttribute.wav,in_support,periodic_resonance,0.1224960908293724
bearingEmu/train/section_00_source_train_normal_0579_noAttribute.wav,in_support,frequency_modulation,0.7036421895027161
bearingEmu/train/section_00_source_train_normal_0580_noAttribute.wav,in_support,amplitude_modulation,0.7805217504501343
bearingEmu/train/section_00_source_train_normal_0581_noAttribute.wav,in_support,amplitude_modulation,0.0451027937233448
bearingEmu/train/section_00_source_train_normal_0582_noAttribute.wav,in_support,amplitude_modulation,0.9542849063873291
bearingEmu/train/section_00_source_train_normal_0583_noAttribute.wav,in_support,frequency_modulation,0.32530704140663147
bearingEmu/train/section_00_source_train_normal_0584_noAttribute.wav,in_support,frequency_modulation,0.05213283747434616
bearingEmu/train/section_00_source_train_normal_0585_noAttribute.wav,in_support,frequency_modulation,0.6817169189453125
bearingEmu/train/section_00_source_train_normal_0586_noAttribute.wav,in_support,periodic_resonance,0.9284947514533997
bearingEmu/train/section_00_source_train_normal_0587_noAttribute.wav,in_support,frequency_modulation,0.8503828048706055
bearingEmu/train/section_00_source_train_normal_0588_noAttribute.wav,in_support,amplitude_modulation,0.12599444389343262
bearingEmu/train/section_00_source_train_normal_0589_noAttribute.wav,in_support,amplitude_modulation,0.2805892527103424
bearingEmu/train/section_00_source_train_normal_0590_noAttribute.wav,in_support,frequency_modulation,0.6272264122962952
bearingEmu/train/section_00_source_train_normal_0591_noAttribute.wav,in_support,periodic_resonance,0.8309949040412903
bearingEmu/train/section_00_source_train_normal_0592_noAttribute.wav,in_support,periodic_resonance,0.5378227233886719
bearingEmu/train/section_00_source_train_normal_0593_noAttribute.wav,in_support,amplitude_modulation,0.7447124123573303
bearingEmu/train/section_00_source_train_normal_0594_noAttribute.wav,in_support,periodic_resonance,0.25957953929901123
bearingEmu/train/section_00_source_train_normal_0595_noAttribute.wav,in_support,frequency_modulation,0.06853417307138443
bearingEmu/train/section_00_source_train_normal_0596_noAttribute.wav,in_support,amplitude_modulation,0.7187111377716064
bearingEmu/train/section_00_source_train_normal_0597_noAttribute.wav,in_support,amplitude_modulation,0.030559344217181206
bearingEmu/train/section_00_source_train_normal_0598_noAttribute.wav,in_support,frequency_modulation,0.32626524567604065
bearingEmu/train/section_00_source_train_normal_0599_noAttribute.wav,in_support,frequency_modulation,0.7026650309562683
bearingEmu/train/section_00_source_train_normal_0600_noAttribute.wav,in_support,periodic_resonance,0.2778245508670807
bearingEmu/train/section_00_source_train_normal_0601_noAttribute.wav,in_support,frequency_modulation,0.2674019932746887
bearingEmu/train/section_00_source_train_normal_0602_noAttribute.wav,in_support,amplitude_modulation,0.6594180464744568
bearingEmu/train/section_00_source_train_normal_0603_noAttribute.wav,in_support,amplitude_modulation,0.3552471697330475
bearingEmu/train/section_00_source_train_normal_0604_noAttribute.wav,in_support,amplitude_modulation,0.7396990656852722
bearingEmu/train/section_00_source_train_normal_0605_noAttribute.wav,in_support,periodic_resonance,0.3269449472427368
bearingEmu/train/section_00_source_train_normal_0606_noAttribute.wav,in_support,frequency_modulation,0.47600793838500977
bearingEmu/train/section_00_source_train_normal_0607_noAttribute.wav,in_support,periodic_resonance,0.4738112986087799
bearingEmu/train/section_00_source_train_normal_0608_noAttribute.wav,in_support,amplitude_modulation,0.8755709528923035
bearingEmu/train/section_00_source_train_normal_0609_noAttribute.wav,in_support,periodic_resonance,0.35986512899398804
bearingEmu/train/section_00_source_train_normal_0610_noAttribute.wav,in_support,periodic_resonance,0.5101040601730347
bearingEmu/train/section_00_source_train_normal_0611_noAttribute.wav,in_support,amplitude_modulation,0.9137478470802307
bearingEmu/train/section_00_source_train_normal_0612_noAttribute.wav,in_support,frequency_modulation,0.39442673325538635
bearingEmu/train/section_00_source_train_normal_0613_noAttribute.wav,in_support,frequency_modulation,0.1913829743862152
bearingEmu/train/section_00_source_train_normal_0614_noAttribute.wav,in_support,amplitude_modulation,0.9424933195114136
bearingEmu/train/section_00_source_train_normal_0615_noAttribute.wav,in_support,frequency_modulation,0.3386669158935547
bearingEmu/train/section_00_source_train_normal_0616_noAttribute.wav,in_support,periodic_resonance,0.7846220135688782
bearingEmu/train/section_00_source_train_normal_0617_noAttribute.wav,in_support,amplitude_modulation,0.07759051024913788
bearingEmu/train/section_00_source_train_normal_0618_noAttribute.wav,in_support,amplitude_modulation,0.8366197943687439
bearingEmu/train/section_00_source_train_normal_0619_noAttribute.wav,in_support,frequency_modulation,0.8503922820091248
bearingEmu/train/section_00_source_train_normal_0620_noAttribute.wav,in_support,amplitude_modulation,0.9104101657867432
bearingEmu/train/section_00_source_train_normal_0621_noAttribute.wav,in_support,periodic_resonance,0.5696025490760803
bearingEmu/train/section_00_source_train_normal_0622_noAttribute.wav,in_support,frequency_modulation,0.9039581418037415
bearingEmu/train/section_00_source_train_normal_0623_noAttribute.wav,in_support,periodic_resonance,0.9601088166236877
bearingEmu/train/section_00_source_train_normal_0624_noAttribute.wav,in_support,frequency_modulation,0.6947588324546814
bearingEmu/train/section_00_source_train_normal_0625_noAttribute.wav,in_support,periodic_resonance,0.7833226919174194
bearingEmu/train/section_00_source_train_normal_0626_noAttribute.wav,in_support,periodic_resonance,0.38069814443588257
bearingEmu/train/section_00_source_train_normal_0627_noAttribute.wav,in_support,frequency_modulation,0.28013473749160767
bearingEmu/train/section_00_source_train_normal_0628_noAttribute.wav,in_support,amplitude_modulation,0.4128151535987854
bearingEmu/train/section_00_source_train_normal_0629_noAttribute.wav,in_support,frequency_modulation,0.30897560715675354
bearingEmu/train/section_00_source_train_normal_0630_noAttribute.wav,in_support,periodic_resonance,0.5458385944366455
bearingEmu/train/section_00_source_train_normal_0631_noAttribute.wav,in_support,frequency_modulation,0.9784829020500183
bearingEmu/train/section_00_source_train_normal_0632_noAttribute.wav,in_support,frequency_modulation,0.2523077130317688
bearingEmu/train/section_00_source_train_normal_0633_noAttribute.wav,in_support,frequency_modulation,0.723392128944397
bearingEmu/train/section_00_source_train_normal_0634_noAttribute.wav,in_support,amplitude_modulation,0.049294620752334595
bearingEmu/train/section_00_source_train_normal_0635_noAttribute.wav,in_support,amplitude_modulation,0.8769040703773499
bearingEmu/train/section_00_source_train_normal_0636_noAttribute.wav,in_support,periodic_resonance,0.8155901432037354
bearingEmu/train/section_00_source_train_normal_0637_noAttribute.wav,in_support,amplitude_modulation,0.16261623799800873
bearingEmu/train/section_00_source_train_normal_0638_noAttribute.wav,in_support,amplitude_modulation,0.8521221876144409
bearingEmu/train/section_00_source_train_normal_0639_noAttribute.wav,in_support,frequency_modulation,0.4452700912952423
bearingEmu/train/section_00_source_train_normal_0640_noAttribute.wav,in_support,frequency_modulation,0.6026585102081299
bearingEmu/train/section_00_source_train_normal_0641_noAttribute.wav,in_support,amplitude_modulation,0.5697251558303833
bearingEmu/train/section_00_source_train_normal_0642_noAttribute.wav,in_support,frequency_modulation,0.5293673872947693
bearingEmu/train/section_00_source_train_normal_0643_noAttribute.wav,in_support,periodic_resonance,0.8966279029846191
bearingEmu/train/section_00_source_train_normal_0644_noAttribute.wav,in_support,periodic_resonance,0.7327095866203308
bearingEmu/train/section_00_source_train_normal_0645_noAttribute.wav,in_support,frequency_modulation,0.28713616728782654
bearingEmu/train/section_00_source_train_normal_0646_noAttribute.wav,in_support,frequency_modulation,0.8563393950462341
bearingEmu/train/section_00_source_train_normal_0647_noAttribute.wav,in_support,frequency_modulation,0.13658857345581055
bearingEmu/train/section_00_source_train_normal_0648_noAttribute.wav,in_support,amplitude_modulation,0.7634281516075134
bearingEmu/train/section_00_source_train_normal_0649_noAttribute.wav,in_support,frequency_modulation,0.8108197450637817
bearingEmu/train/section_00_source_train_normal_0650_noAttribute.wav,in_support,amplitude_modulation,0.863114058971405
bearingEmu/train/section_00_source_train_normal_0651_noAttribute.wav,in_support,frequency_modulation,0.0625460222363472
bearingEmu/train/section_00_source_train_normal_0652_noAttribute.wav,in_support,frequency_modulation,0.6799851059913635
bearingEmu/train/section_00_source_train_normal_0653_noAttribute.wav,in_support,frequency_modulation,0.1397681087255478
bearingEmu/train/section_00_source_train_normal_0654_noAttribute.wav,in_support,periodic_resonance,0.9408980011940002
bearingEmu/train/section_00_source_train_normal_0655_noAttribute.wav,in_support,periodic_resonance,0.8047758936882019
bearingEmu/train/section_00_source_train_normal_0656_noAttribute.wav,in_support,periodic_resonance,0.835976779460907
bearingEmu/train/section_00_source_train_normal_0657_noAttribute.wav,in_support,amplitude_modulation,0.5545187592506409
bearingEmu/train/section_00_source_train_normal_0658_noAttribute.wav,in_support,frequency_modulation,0.6916796565055847
bearingEmu/train/section_00_source_train_normal_0659_noAttribute.wav,in_support,frequency_modulation,0.18875691294670105
bearingEmu/train/section_00_source_train_normal_0660_noAttribute.wav,in_support,frequency_modulation,0.16613046824932098
bearingEmu/train/section_00_source_train_normal_0661_noAttribute.wav,in_support,amplitude_modulation,0.16195175051689148
bearingEmu/train/section_00_source_train_normal_0662_noAttribute.wav,in_support,amplitude_modulation,0.5935500264167786
bearingEmu/train/section_00_source_train_normal_0663_noAttribute.wav,in_support,periodic_resonance,0.9112141728401184
bearingEmu/train/section_00_source_train_normal_0664_noAttribute.wav,in_support,periodic_resonance,0.8782600164413452
bearingEmu/train/section_00_source_train_normal_0665_noAttribute.wav,in_support,periodic_resonance,0.35795214772224426
bearingEmu/train/section_00_source_train_normal_0666_noAttribute.wav,in_support,frequency_modulation,0.8529176115989685
bearingEmu/train/section_00_source_train_normal_0667_noAttribute.wav,in_support,frequency_modulation,0.34323397278785706
bearingEmu/train/section_00_source_train_normal_0668_noAttribute.wav,in_support,frequency_modulation,0.7974860668182373
bearingEmu/train/section_00_source_train_normal_0669_noAttribute.wav,in_support,amplitude_modulation,0.3707242012023926
bearingEmu/train/section_00_source_train_normal_0670_noAttribute.wav,in_support,amplitude_modulation,0.052993688732385635
bearingEmu/train/section_00_source_train_normal_0671_noAttribute.wav,in_support,periodic_resonance,0.20946332812309265
bearingEmu/train/section_00_source_train_normal_0672_noAttribute.wav,in_support,periodic_resonance,0.9055249691009521
bearingEmu/train/section_00_source_train_normal_0673_noAttribute.wav,in_support,frequency_modulation,0.08876629918813705
bearingEmu/train/section_00_source_train_normal_0674_noAttribute.wav,in_support,frequency_modulation,0.5143809914588928
bearingEmu/train/section_00_source_train_normal_0675_noAttribute.wav,in_support,periodic_resonance,0.9831954836845398
bearingEmu/train/section_00_source_train_normal_0676_noAttribute.wav,in_support,amplitude_modulation,0.9329801201820374
bearingEmu/train/section_00_source_train_normal_0677_noAttribute.wav,in_support,amplitude_modulation,0.8114190697669983
bearingEmu/train/section_00_source_train_normal_0678_noAttribute.wav,in_support,periodic_resonance,0.9599493741989136
bearingEmu/train/section_00_source_train_normal_0679_noAttribute.wav,in_support,frequency_modulation,0.8372510075569153
bearingEmu/train/section_00_source_train_normal_0680_noAttribute.wav,in_support,periodic_resonance,0.6094683408737183
bearingEmu/train/section_00_source_train_normal_0681_noAttribute.wav,in_support,frequency_modulation,0.23242446780204773
bearingEmu/train/section_00_source_train_normal_0682_noAttribute.wav,in_support,periodic_resonance,0.8558066487312317
bearingEmu/train/section_00_source_train_normal_0683_noAttribute.wav,in_support,amplitude_modulation,0.13231196999549866
bearingEmu/train/section_00_source_train_normal_0684_noAttribute.wav,in_support,frequency_modulation,0.4402022063732147
bearingEmu/train/section_00_source_train_normal_0685_noAttribute.wav,in_support,frequency_modulation,0.29615411162376404
bearingEmu/train/section_00_source_train_normal_0686_noAttribute.wav,in_support,frequency_modulation,0.5970398187637329
bearingEmu/train/section_00_source_train_normal_0687_noAttribute.wav,in_support,frequency_modulation,0.3616209328174591
bearingEmu/train/section_00_source_train_normal_0688_noAttribute.wav,in_support,amplitude_modulation,0.8204860091209412
bearingEmu/train/section_00_source_train_normal_0689_noAttribute.wav,in_support,periodic_resonance,0.7415754795074463
bearingEmu/train/section_00_source_train_normal_0690_noAttribute.wav,in_support,frequency_modulation,0.5795366168022156
bearingEmu/train/section_00_source_train_normal_0691_noAttribute.wav,in_support,frequency_modulation,0.45654815435409546
bearingEmu/train/section_00_source_train_normal_0692_noAttribute.wav,in_support,amplitude_modulation,0.6744357347488403
bearingEmu/train/section_00_source_train_normal_0693_noAttribute.wav,in_support,periodic_resonance,0.4502769708633423
bearingEmu/train/section_00_source_train_normal_0694_noAttribute.wav,in_support,amplitude_modulation,0.0870906263589859
bearingEmu/train/section_00_source_train_normal_0695_noAttribute.wav,in_support,frequency_modulation,0.15583519637584686
bearingEmu/train/section_00_source_train_normal_0696_noAttribute.wav,in_support,frequency_modulation,0.8988690972328186
bearingEmu/train/section_00_source_train_normal_0697_noAttribute.wav,in_support,frequency_modulation,0.35192131996154785
bearingEmu/train/section_00_source_train_normal_0698_noAttribute.wav,in_support,periodic_resonance,0.5674669742584229
bearingEmu/train/section_00_source_train_normal_0699_noAttribute.wav,in_support,amplitude_modulation,0.06680528074502945
bearingEmu/train/section_00_source_train_normal_0700_noAttribute.wav,in_support,amplitude_modulation,0.08242299407720566
bearingEmu/train/section_00_source_train_normal_0701_noAttribute.wav,in_support,periodic_resonance,0.9311044216156006
bearingEmu/train/section_00_source_train_normal_0702_noAttribute.wav,in_support,amplitude_modulation,0.5663466453552246
bearingEmu/train/section_00_source_train_normal_0703_noAttribute.wav,in_support,periodic_resonance,0.5824484825134277
bearingEmu/train/section_00_source_train_normal_0704_noAttribute.wav,in_support,frequency_modulation,0.3666897714138031
bearingEmu/train/section_00_source_train_normal_0705_noAttribute.wav,in_support,frequency_modulation,0.765557050704956
bearingEmu/train/section_00_source_train_normal_0706_noAttribute.wav,in_support,periodic_resonance,0.7085177302360535
bearingEmu/train/section_00_source_train_normal_0707_noAttribute.wav,in_support,periodic_resonance,0.690521776676178
bearingEmu/train/section_00_source_train_normal_0708_noAttribute.wav,in_support,frequency_modulation,0.7288232445716858
bearingEmu/train/section_00_source_train_normal_0709_noAttribute.wav,in_support,frequency_modulation,0.38189229369163513
bearingEmu/train/section_00_source_train_normal_0710_noAttribute.wav,in_support,periodic_resonance,0.8175066709518433
bearingEmu/train/section_00_source_train_normal_0711_noAttribute.wav,in_support,amplitude_modulation,0.9009898900985718
bearingEmu/train/section_00_source_train_normal_0712_noAttribute.wav,in_support,frequency_modulation,0.18181651830673218
bearingEmu/train/section_00_source_train_normal_0713_noAttribute.wav,in_support,amplitude_modulation,0.4429669678211212
bearingEmu/train/section_00_source_train_normal_0714_noAttribute.wav,in_support,frequency_modulation,0.269370973110199
bearingEmu/train/section_00_source_train_normal_0715_noAttribute.wav,in_support,frequency_modulation,0.5071545839309692
bearingEmu/train/section_00_source_train_normal_0716_noAttribute.wav,in_support,amplitude_modulation,0.8598271608352661
bearingEmu/train/section_00_source_train_normal_0717_noAttribute.wav,in_support,amplitude_modulation,0.35349205136299133
bearingEmu/train/section_00_source_train_normal_0718_noAttribute.wav,in_support,periodic_resonance,0.557613730430603
bearingEmu/train/section_00_source_train_normal_0719_noAttribute.wav,in_support,frequency_modulation,0.3086576461791992
bearingEmu/train/section_00_source_train_normal_0720_noAttribute.wav,in_support,frequency_modulation,0.7949344515800476
bearingEmu/train/section_00_source_train_normal_0721_noAttribute.wav,in_support,frequency_modulation,0.14239507913589478
bearingEmu/train/section_00_source_train_normal_0722_noAttribute.wav,in_support,periodic_resonance,0.6515163779258728
bearingEmu/train/section_00_source_train_normal_0723_noAttribute.wav,in_support,frequency_modulation,0.4502030611038208
bearingEmu/train/section_00_source_train_normal_0724_noAttribute.wav,in_support,amplitude_modulation,0.8812863230705261
bearingEmu/train/section_00_source_train_normal_0725_noAttribute.wav,in_support,frequency_modulation,0.05276556685566902
bearingEmu/train/section_00_source_train_normal_0726_noAttribute.wav,in_support,periodic_resonance,0.9574238061904907
bearingEmu/train/section_00_source_train_normal_0727_noAttribute.wav,in_support,amplitude_modulation,0.3785093128681183
bearingEmu/train/section_00_source_train_normal_0728_noAttribute.wav,in_support,periodic_resonance,0.983433723449707
bearingEmu/train/section_00_source_train_normal_0729_noAttribute.wav,in_support,frequency_modulation,0.38734909892082214
bearingEmu/train/section_00_source_train_normal_0730_noAttribute.wav,in_support,periodic_resonance,0.9044430255889893
bearingEmu/train/section_00_source_train_normal_0731_noAttribute.wav,in_support,amplitude_modulation,0.044322699308395386
bearingEmu/train/section_00_source_train_normal_0732_noAttribute.wav,in_support,periodic_resonance,0.18740667402744293
bearingEmu/train/section_00_source_train_normal_0733_noAttribute.wav,in_support,amplitude_modulation,0.34466856718063354
bearingEmu/train/section_00_source_train_normal_0734_noAttribute.wav,in_support,amplitude_modulation,0.5302886962890625
bearingEmu/train/section_00_source_train_normal_0735_noAttribute.wav,in_support,amplitude_modulation,0.08008129149675369
bearingEmu/train/section_00_source_train_normal_0736_noAttribute.wav,in_support,periodic_resonance,0.2079947143793106
bearingEmu/train/section_00_source_train_normal_0737_noAttribute.wav,in_support,periodic_resonance,0.5119619965553284
bearingEmu/train/section_00_source_train_normal_0738_noAttribute.wav,in_support,frequency_modulation,0.42006999254226685
bearingEmu/train/section_00_source_train_normal_0739_noAttribute.wav,in_support,frequency_modulation,0.3484775424003601
bearingEmu/train/section_00_source_train_normal_0740_noAttribute.wav,in_support,periodic_resonance,0.9165627956390381
bearingEmu/train/section_00_source_train_normal_0741_noAttribute.wav,in_support,amplitude_modulation,0.8441201448440552
bearingEmu/train/section_00_source_train_normal_0742_noAttribute.wav,in_support,amplitude_modulation,0.8789066076278687
bearingEmu/train/section_00_source_train_normal_0743_noAttribute.wav,in_support,amplitude_modulation,0.059734225273132324
bearingEmu/train/section_00_source_train_normal_0744_noAttribute.wav,in_support,amplitude_modulation,0.09441235661506653
bearingEmu/train/section_00_source_train_normal_0745_noAttribute.wav,in_support,amplitude_modulation,0.3864634037017822
bearingEmu/train/section_00_source_train_normal_0746_noAttribute.wav,in_support,amplitude_modulation,0.4280058741569519
bearingEmu/train/section_00_source_train_normal_0747_noAttribute.wav,in_support,frequency_modulation,0.10146480798721313
bearingEmu/train/section_00_source_train_normal_0748_noAttribute.wav,in_support,frequency_modulation,0.25591012835502625
bearingEmu/train/section_00_source_train_normal_0749_noAttribute.wav,in_support,periodic_resonance,0.960357129573822
bearingEmu/train/section_00_source_train_normal_0750_noAttribute.wav,in_support,amplitude_modulation,0.44708874821662903
bearingEmu/train/section_00_source_train_normal_0751_noAttribute.wav,in_support,frequency_modulation,0.6073103547096252
bearingEmu/train/section_00_source_train_normal_0752_noAttribute.wav,in_support,frequency_modulation,0.6580620408058167
bearingEmu/train/section_00_source_train_normal_0753_noAttribute.wav,in_support,periodic_resonance,0.4743063747882843
bearingEmu/train/section_00_source_train_normal_0754_noAttribute.wav,in_support,frequency_modulation,0.41721904277801514
bearingEmu/train/section_00_source_train_normal_0755_noAttribute.wav,in_support,amplitude_modulation,0.08382134884595871
bearingEmu/train/section_00_source_train_normal_0756_noAttribute.wav,in_support,periodic_resonance,0.2190713733434677
bearingEmu/train/section_00_source_train_normal_0757_noAttribute.wav,in_support,frequency_modulation,0.07666186988353729
bearingEmu/train/section_00_source_train_normal_0758_noAttribute.wav,in_support,periodic_resonance,0.1896173059940338
bearingEmu/train/section_00_source_train_normal_0759_noAttribute.wav,in_support,frequency_modulation,0.7481075525283813
bearingEmu/train/section_00_source_train_normal_0760_noAttribute.wav,in_support,periodic_resonance,0.45521271228790283
bearingEmu/train/section_00_source_train_normal_0761_noAttribute.wav,in_support,amplitude_modulation,0.47384199500083923
bearingEmu/train/section_00_source_train_normal_0762_noAttribute.wav,in_support,frequency_modulation,0.6195297241210938
bearingEmu/train/section_00_source_train_normal_0763_noAttribute.wav,in_support,frequency_modulation,0.12936721742153168
bearingEmu/train/section_00_source_train_normal_0764_noAttribute.wav,in_support,frequency_modulation,0.451559454202652
bearingEmu/train/section_00_source_train_normal_0765_noAttribute.wav,in_support,periodic_resonance,0.7051076889038086
bearingEmu/train/section_00_source_train_normal_0766_noAttribute.wav,in_support,periodic_resonance,0.956916093826294
bearingEmu/train/section_00_source_train_normal_0767_noAttribute.wav,in_support,frequency_modulation,0.1995648443698883
bearingEmu/train/section_00_source_train_normal_0768_noAttribute.wav,in_support,frequency_modulation,0.35761988162994385
bearingEmu/train/section_00_source_train_normal_0769_noAttribute.wav,in_support,amplitude_modulation,0.6852224469184875
bearingEmu/train/section_00_source_train_normal_0770_noAttribute.wav,in_support,frequency_modulation,0.37507107853889465
bearingEmu/train/section_00_source_train_normal_0771_noAttribute.wav,in_support,periodic_resonance,0.5339061617851257
bearingEmu/train/section_00_source_train_normal_0772_noAttribute.wav,in_support,frequency_modulation,0.4830489754676819
bearingEmu/train/section_00_source_train_normal_0773_noAttribute.wav,in_support,periodic_resonance,0.2878453731536865
bearingEmu/train/section_00_source_train_normal_0774_noAttribute.wav,in_support,periodic_resonance,0.6646963953971863
bearingEmu/train/section_00_source_train_normal_0775_noAttribute.wav,in_support,periodic_resonance,0.9908867478370667
bearingEmu/train/section_00_source_train_normal_0776_noAttribute.wav,in_support,amplitude_modulation,0.3959800899028778
bearingEmu/train/section_00_source_train_normal_0777_noAttribute.wav,in_support,periodic_resonance,0.1525367945432663
bearingEmu/train/section_00_source_train_normal_0778_noAttribute.wav,in_support,amplitude_modulation,0.9121589064598083
bearingEmu/train/section_00_source_train_normal_0779_noAttribute.wav,in_support,periodic_resonance,0.9608175158500671
bearingEmu/train/section_00_source_train_normal_0780_noAttribute.wav,in_support,periodic_resonance,0.15050339698791504
bearingEmu/train/section_00_source_train_normal_0781_noAttribute.wav,in_support,periodic_resonance,0.704603374004364
bearingEmu/train/section_00_source_train_normal_0782_noAttribute.wav,in_support,amplitude_modulation,0.7356622219085693
bearingEmu/train/section_00_source_train_normal_0783_noAttribute.wav,in_support,frequency_modulation,0.20358119904994965
bearingEmu/train/section_00_source_train_normal_0784_noAttribute.wav,in_support,amplitude_modulation,0.1380235105752945
bearingEmu/train/section_00_source_train_normal_0785_noAttribute.wav,in_support,amplitude_modulation,0.5547673106193542
bearingEmu/train/section_00_source_train_normal_0786_noAttribute.wav,in_support,amplitude_modulation,0.06908117979764938
bearingEmu/train/section_00_source_train_normal_0787_noAttribute.wav,in_support,periodic_resonance,0.22680461406707764
bearingEmu/train/section_00_source_train_normal_0788_noAttribute.wav,in_support,frequency_modulation,0.20233240723609924
bearingEmu/train/section_00_source_train_normal_0789_noAttribute.wav,in_support,amplitude_modulation,0.7869890332221985
bearingEmu/train/section_00_source_train_normal_0790_noAttribute.wav,in_support,amplitude_modulation,0.11166122555732727
bearingEmu/train/section_00_source_train_normal_0791_noAttribute.wav,in_support,amplitude_modulation,0.6320704221725464
bearingEmu/train/section_00_source_train_normal_0792_noAttribute.wav,in_support,frequency_modulation,0.48523443937301636
bearingEmu/train/section_00_source_train_normal_0793_noAttribute.wav,in_support,amplitude_modulation,0.5818151831626892
bearingEmu/train/section_00_source_train_normal_0794_noAttribute.wav,in_support,periodic_resonance,0.3897981345653534
bearingEmu/train/section_00_source_train_normal_0795_noAttribute.wav,in_support,amplitude_modulation,0.4844758212566376
bearingEmu/train/section_00_source_train_normal_0796_noAttribute.wav,in_support,frequency_modulation,0.39664435386657715
bearingEmu/train/section_00_source_train_normal_0797_noAttribute.wav,in_support,periodic_resonance,0.1607780009508133
bearingEmu/train/section_00_source_train_normal_0798_noAttribute.wav,in_support,amplitude_modulation,0.8971521258354187
bearingEmu/train/section_00_source_train_normal_0799_noAttribute.wav,in_support,frequency_modulation,0.8324413895606995
bearingEmu/train/section_00_source_train_normal_0800_noAttribute.wav,in_support,frequency_modulation,0.8138148784637451
bearingEmu/train/section_00_source_train_normal_0801_noAttribute.wav,in_support,frequency_modulation,0.7844741344451904
bearingEmu/train/section_00_source_train_normal_0802_noAttribute.wav,in_support,amplitude_modulation,0.7540381550788879
bearingEmu/train/section_00_source_train_normal_0803_noAttribute.wav,in_support,periodic_resonance,0.923794150352478
bearingEmu/train/section_00_source_train_normal_0804_noAttribute.wav,in_support,periodic_resonance,0.6064881682395935
bearingEmu/train/section_00_source_train_normal_0805_noAttribute.wav,in_support,frequency_modulation,0.3761884272098541
bearingEmu/train/section_00_source_train_normal_0806_noAttribute.wav,in_support,periodic_resonance,0.9867266416549683
bearingEmu/train/section_00_source_train_normal_0807_noAttribute.wav,in_support,periodic_resonance,0.8549562096595764
bearingEmu/train/section_00_source_train_normal_0808_noAttribute.wav,in_support,amplitude_modulation,0.2628817558288574
bearingEmu/train/section_00_source_train_normal_0809_noAttribute.wav,in_support,amplitude_modulation,0.3143274784088135
bearingEmu/train/section_00_source_train_normal_0810_noAttribute.wav,in_support,amplitude_modulation,0.8735730051994324
bearingEmu/train/section_00_source_train_normal_0811_noAttribute.wav,in_support,amplitude_modulation,0.9373763203620911
bearingEmu/train/section_00_source_train_normal_0812_noAttribute.wav,in_support,frequency_modulation,0.37401241064071655
bearingEmu/train/section_00_source_train_normal_0813_noAttribute.wav,in_support,frequency_modulation,0.10268216580152512
bearingEmu/train/section_00_source_train_normal_0814_noAttribute.wav,in_support,frequency_modulation,0.12247275561094284
bearingEmu/train/section_00_source_train_normal_0815_noAttribute.wav,in_support,amplitude_modulation,0.2989155650138855
bearingEmu/train/section_00_source_train_normal_0816_noAttribute.wav,in_support,frequency_modulation,0.15631869435310364
bearingEmu/train/section_00_source_train_normal_0817_noAttribute.wav,in_support,amplitude_modulation,0.5797334313392639
bearingEmu/train/section_00_source_train_normal_0818_noAttribute.wav,in_support,frequency_modulation,0.4829311668872833
bearingEmu/train/section_00_source_train_normal_0819_noAttribute.wav,in_support,periodic_resonance,0.9130808711051941
bearingEmu/train/section_00_source_train_normal_0820_noAttribute.wav,in_support,frequency_modulation,0.4739997386932373
bearingEmu/train/section_00_source_train_normal_0821_noAttribute.wav,in_support,frequency_modulation,0.047678250819444656
bearingEmu/train/section_00_source_train_normal_0822_noAttribute.wav,in_support,periodic_resonance,0.7012664079666138
bearingEmu/train/section_00_source_train_normal_0823_noAttribute.wav,in_support,frequency_modulation,0.1194310337305069
bearingEmu/train/section_00_source_train_normal_0824_noAttribute.wav,in_support,periodic_resonance,0.5760693550109863
bearingEmu/train/section_00_source_train_normal_0825_noAttribute.wav,in_support,frequency_modulation,0.5259688496589661
bearingEmu/train/section_00_source_train_normal_0826_noAttribute.wav,in_support,periodic_resonance,0.5773131847381592
bearingEmu/train/section_00_source_train_normal_0827_noAttribute.wav,in_support,frequency_modulation,0.49747347831726074
bearingEmu/train/section_00_source_train_normal_0828_noAttribute.wav,in_support,periodic_resonance,0.5800712704658508
bearingEmu/train/section_00_source_train_normal_0829_noAttribute.wav,in_support,amplitude_modulation,0.85322505235672
bearingEmu/train/section_00_source_train_normal_0830_noAttribute.wav,in_support,periodic_resonance,0.6458717584609985
bearingEmu/train/section_00_source_train_normal_0831_noAttribute.wav,in_support,periodic_resonance,0.5243308544158936
bearingEmu/train/section_00_source_train_normal_0832_noAttribute.wav,in_support,periodic_resonance,0.17613914608955383
bearingEmu/train/section_00_source_train_normal_0833_noAttribute.wav,in_support,frequency_modulation,0.31848838925361633
bearingEmu/train/section_00_source_train_normal_0834_noAttribute.wav,in_support,amplitude_modulation,0.552166759967804
bearingEmu/train/section_00_source_train_normal_0835_noAttribute.wav,in_support,amplitude_modulation,0.6134882569313049
bearingEmu/train/section_00_source_train_normal_0836_noAttribute.wav,in_support,frequency_modulation,0.09544603526592255
bearingEmu/train/section_00_source_train_normal_0837_noAttribute.wav,in_support,periodic_resonance,0.6920830607414246
bearingEmu/train/section_00_source_train_normal_0838_noAttribute.wav,in_support,frequency_modulation,0.27604255080223083
bearingEmu/train/section_00_source_train_normal_0839_noAttribute.wav,in_support,amplitude_modulation,0.6438857913017273
bearingEmu/train/section_00_source_train_normal_0840_noAttribute.wav,in_support,frequency_modulation,0.31908079981803894
bearingEmu/train/section_00_source_train_normal_0841_noAttribute.wav,in_support,amplitude_modulation,0.926405131816864
bearingEmu/train/section_00_source_train_normal_0842_noAttribute.wav,in_support,frequency_modulation,0.3796001970767975
bearingEmu/train/section_00_source_train_normal_0843_noAttribute.wav,in_support,frequency_modulation,0.10380569100379944
bearingEmu/train/section_00_source_train_normal_0844_noAttribute.wav,in_support,frequency_modulation,0.5928493142127991
bearingEmu/train/section_00_source_train_normal_0845_noAttribute.wav,in_support,amplitude_modulation,0.23750264942646027
bearingEmu/train/section_00_source_train_normal_0846_noAttribute.wav,in_support,amplitude_modulation,0.039346061646938324
bearingEmu/train/section_00_source_train_normal_0847_noAttribute.wav,in_support,periodic_resonance,0.9624560475349426
bearingEmu/train/section_00_source_train_normal_0848_noAttribute.wav,in_support,periodic_resonance,0.16899718344211578
bearingEmu/train/section_00_source_train_normal_0849_noAttribute.wav,in_support,amplitude_modulation,0.5795853137969971
bearingEmu/train/section_00_source_train_normal_0850_noAttribute.wav,in_support,frequency_modulation,0.5873806476593018
bearingEmu/train/section_00_source_train_normal_0851_noAttribute.wav,in_support,periodic_resonance,0.9673903584480286
bearingEmu/train/section_00_source_train_normal_0852_noAttribute.wav,in_support,amplitude_modulation,0.5099387764930725
bearingEmu/train/section_00_source_train_normal_0853_noAttribute.wav,in_support,frequency_modulation,0.7518900632858276
bearingEmu/train/section_00_source_train_normal_0854_noAttribute.wav,in_support,amplitude_modulation,0.5802261829376221
bearingEmu/train/section_00_source_train_normal_0855_noAttribute.wav,in_support,periodic_resonance,0.9264970421791077
bearingEmu/train/section_00_source_train_normal_0856_noAttribute.wav,in_support,periodic_resonance,0.16117383539676666
bearingEmu/train/section_00_source_train_normal_0857_noAttribute.wav,in_support,periodic_resonance,0.2088182270526886
bearingEmu/train/section_00_source_train_normal_0858_noAttribute.wav,in_support,amplitude_modulation,0.16890692710876465
bearingEmu/train/section_00_source_train_normal_0859_noAttribute.wav,in_support,periodic_resonance,0.9731528162956238
bearingEmu/train/section_00_source_train_normal_0860_noAttribute.wav,in_support,periodic_resonance,0.2634934186935425
bearingEmu/train/section_00_source_train_normal_0861_noAttribute.wav,in_support,frequency_modulation,0.705809473991394
bearingEmu/train/section_00_source_train_normal_0862_noAttribute.wav,in_support,frequency_modulation,0.8069832921028137
bearingEmu/train/section_00_source_train_normal_0863_noAttribute.wav,in_support,periodic_resonance,0.4898880124092102
bearingEmu/train/section_00_source_train_normal_0864_noAttribute.wav,in_support,periodic_resonance,0.4861691892147064
bearingEmu/train/section_00_source_train_normal_0865_noAttribute.wav,in_support,amplitude_modulation,0.8800575733184814
bearingEmu/train/section_00_source_train_normal_0866_noAttribute.wav,in_support,periodic_resonance,0.8552051186561584
bearingEmu/train/section_00_source_train_normal_0867_noAttribute.wav,in_support,frequency_modulation,0.6043531894683838
bearingEmu/train/section_00_source_train_normal_0868_noAttribute.wav,in_support,periodic_resonance,0.9884370565414429
bearingEmu/train/section_00_source_train_normal_0869_noAttribute.wav,in_support,periodic_resonance,0.5555926561355591
bearingEmu/train/section_00_source_train_normal_0870_noAttribute.wav,in_support,periodic_resonance,0.42869052290916443
bearingEmu/train/section_00_source_train_normal_0871_noAttribute.wav,in_support,periodic_resonance,0.7959898710250854
bearingEmu/train/section_00_source_train_normal_0872_noAttribute.wav,in_support,amplitude_modulation,0.18036989867687225
bearingEmu/train/section_00_source_train_normal_0873_noAttribute.wav,in_support,amplitude_modulation,0.10060158371925354
bearingEmu/train/section_00_source_train_normal_0874_noAttribute.wav,in_support,periodic_resonance,0.22274962067604065
bearingEmu/train/section_00_source_train_normal_0875_noAttribute.wav,in_support,amplitude_modulation,0.9212813973426819
bearingEmu/train/section_00_source_train_normal_0876_noAttribute.wav,in_support,periodic_resonance,0.8559499382972717
bearingEmu/train/section_00_source_train_normal_0877_noAttribute.wav,in_support,amplitude_modulation,0.8790313601493835
bearingEmu/train/section_00_source_train_normal_0878_noAttribute.wav,in_support,amplitude_modulation,0.7371450662612915
bearingEmu/train/section_00_source_train_normal_0879_noAttribute.wav,in_support,periodic_resonance,0.2635066509246826
bearingEmu/train/section_00_source_train_normal_0880_noAttribute.wav,in_support,amplitude_modulation,0.12163073569536209
bearingEmu/train/section_00_source_train_normal_0881_noAttribute.wav,in_support,periodic_resonance,0.7367392778396606
bearingEmu/train/section_00_source_train_normal_0882_noAttribute.wav,in_support,amplitude_modulation,0.60104900598526
bearingEmu/train/section_00_source_train_normal_0883_noAttribute.wav,in_support,frequency_modulation,0.125068798661232
bearingEmu/train/section_00_source_train_normal_0884_noAttribute.wav,in_support,frequency_modulation,0.5509704351425171
bearingEmu/train/section_00_source_train_normal_0885_noAttribute.wav,in_support,frequency_modulation,0.2919052839279175
bearingEmu/train/section_00_source_train_normal_0886_noAttribute.wav,in_support,amplitude_modulation,0.36819687485694885
bearingEmu/train/section_00_source_train_normal_0887_noAttribute.wav,in_support,amplitude_modulation,0.10646814852952957
bearingEmu/train/section_00_source_train_normal_0888_noAttribute.wav,in_support,frequency_modulation,0.09451092779636383
bearingEmu/train/section_00_source_train_normal_0889_noAttribute.wav,in_support,amplitude_modulation,0.04744422063231468
bearingEmu/train/section_00_source_train_normal_0890_noAttribute.wav,in_support,frequency_modulation,0.5996800065040588
bearingEmu/train/section_00_source_train_normal_0891_noAttribute.wav,in_support,periodic_resonance,0.7401401996612549
bearingEmu/train/section_00_source_train_normal_0892_noAttribute.wav,in_support,amplitude_modulation,0.05506187677383423
bearingEmu/train/section_00_source_train_normal_0893_noAttribute.wav,in_support,amplitude_modulation,0.3912806808948517
bearingEmu/train/section_00_source_train_normal_0894_noAttribute.wav,in_support,frequency_modulation,0.591317355632782
bearingEmu/train/section_00_source_train_normal_0895_noAttribute.wav,in_support,periodic_resonance,0.5235244035720825
bearingEmu/train/section_00_source_train_normal_0896_noAttribute.wav,in_support,amplitude_modulation,0.7760934233665466
bearingEmu/train/section_00_source_train_normal_0897_noAttribute.wav,in_support,periodic_resonance,0.12936435639858246
bearingEmu/train/section_00_source_train_normal_0898_noAttribute.wav,in_support,periodic_resonance,0.9530137777328491
bearingEmu/train/section_00_source_train_normal_0899_noAttribute.wav,in_support,periodic_resonance,0.7458751797676086
bearingEmu/train/section_00_source_train_normal_0900_noAttribute.wav,in_support,periodic_resonance,0.6498134732246399
bearingEmu/train/section_00_source_train_normal_0901_noAttribute.wav,in_support,periodic_resonance,0.6514687538146973
bearingEmu/train/section_00_source_train_normal_0902_noAttribute.wav,in_support,frequency_modulation,0.44711121916770935
bearingEmu/train/section_00_source_train_normal_0903_noAttribute.wav,in_support,frequency_modulation,0.46505728363990784
bearingEmu/train/section_00_source_train_normal_0904_noAttribute.wav,in_support,periodic_resonance,0.8128645420074463
bearingEmu/train/section_00_source_train_normal_0905_noAttribute.wav,in_support,periodic_resonance,0.7308272123336792
bearingEmu/train/section_00_source_train_normal_0906_noAttribute.wav,in_support,frequency_modulation,0.48704808950424194
bearingEmu/train/section_00_source_train_normal_0907_noAttribute.wav,in_support,periodic_resonance,0.22728171944618225
bearingEmu/train/section_00_source_train_normal_0908_noAttribute.wav,in_support,frequency_modulation,0.44287562370300293
bearingEmu/train/section_00_source_train_normal_0909_noAttribute.wav,in_support,frequency_modulation,0.20953363180160522
bearingEmu/train/section_00_source_train_normal_0910_noAttribute.wav,in_support,amplitude_modulation,0.9083635807037354
bearingEmu/train/section_00_source_train_normal_0911_noAttribute.wav,in_support,amplitude_modulation,0.129751056432724
bearingEmu/train/section_00_source_train_normal_0912_noAttribute.wav,in_support,periodic_resonance,0.6979827880859375
bearingEmu/train/section_00_source_train_normal_0913_noAttribute.wav,in_support,frequency_modulation,0.6472371220588684
bearingEmu/train/section_00_source_train_normal_0914_noAttribute.wav,in_support,amplitude_modulation,0.08976560086011887
bearingEmu/train/section_00_source_train_normal_0915_noAttribute.wav,in_support,periodic_resonance,0.5275007486343384
bearingEmu/train/section_00_source_train_normal_0916_noAttribute.wav,in_support,amplitude_modulation,0.6229866147041321
bearingEmu/train/section_00_source_train_normal_0917_noAttribute.wav,in_support,periodic_resonance,0.7517480254173279
bearingEmu/train/section_00_source_train_normal_0918_noAttribute.wav,in_support,amplitude_modulation,0.880315899848938
bearingEmu/train/section_00_source_train_normal_0919_noAttribute.wav,in_support,frequency_modulation,0.431456983089447
bearingEmu/train/section_00_source_train_normal_0920_noAttribute.wav,in_support,periodic_resonance,0.11316891014575958
bearingEmu/train/section_00_source_train_normal_0921_noAttribute.wav,in_support,periodic_resonance,0.09165294468402863
bearingEmu/train/section_00_source_train_normal_0922_noAttribute.wav,in_support,frequency_modulation,0.6494061946868896
bearingEmu/train/section_00_source_train_normal_0923_noAttribute.wav,in_support,frequency_modulation,0.11941707879304886
bearingEmu/train/section_00_source_train_normal_0924_noAttribute.wav,in_support,frequency_modulation,0.07269857078790665
bearingEmu/train/section_00_source_train_normal_0925_noAttribute.wav,in_support,frequency_modulation,0.14763039350509644
bearingEmu/train/section_00_source_train_normal_0926_noAttribute.wav,in_support,frequency_modulation,0.17808526754379272
bearingEmu/train/section_00_source_train_normal_0927_noAttribute.wav,in_support,frequency_modulation,0.2635842561721802
bearingEmu/train/section_00_source_train_normal_0928_noAttribute.wav,in_support,periodic_resonance,0.8144772052764893
bearingEmu/train/section_00_source_train_normal_0929_noAttribute.wav,in_support,frequency_modulation,0.9629908800125122
bearingEmu/train/section_00_source_train_normal_0930_noAttribute.wav,in_support,periodic_resonance,0.37758752703666687
bearingEmu/train/section_00_source_train_normal_0931_noAttribute.wav,in_support,amplitude_modulation,0.6160215139389038
bearingEmu/train/section_00_source_train_normal_0932_noAttribute.wav,in_support,periodic_resonance,0.34089967608451843
bearingEmu/train/section_00_source_train_normal_0933_noAttribute.wav,in_support,amplitude_modulation,0.8925675749778748
bearingEmu/train/section_00_source_train_normal_0934_noAttribute.wav,in_support,frequency_modulation,0.38148102164268494
bearingEmu/train/section_00_source_train_normal_0935_noAttribute.wav,in_support,frequency_modulation,0.20131783187389374
bearingEmu/train/section_00_source_train_normal_0936_noAttribute.wav,in_support,periodic_resonance,0.9375993013381958
bearingEmu/train/section_00_source_train_normal_0937_noAttribute.wav,in_support,periodic_resonance,0.8076152205467224
bearingEmu/train/section_00_source_train_normal_0938_noAttribute.wav,in_support,periodic_resonance,0.28797945380210876
bearingEmu/train/section_00_source_train_normal_0939_noAttribute.wav,in_support,amplitude_modulation,0.8153334259986877
bearingEmu/train/section_00_source_train_normal_0940_noAttribute.wav,in_support,periodic_resonance,0.6283630728721619
bearingEmu/train/section_00_source_train_normal_0941_noAttribute.wav,in_support,periodic_resonance,0.6796010136604309
bearingEmu/train/section_00_source_train_normal_0942_noAttribute.wav,in_support,frequency_modulation,0.4431830048561096
bearingEmu/train/section_00_source_train_normal_0943_noAttribute.wav,in_support,periodic_resonance,0.2982654273509979
bearingEmu/train/section_00_source_train_normal_0944_noAttribute.wav,in_support,periodic_resonance,0.38513922691345215
bearingEmu/train/section_00_source_train_normal_0945_noAttribute.wav,in_support,amplitude_modulation,0.04861780256032944
bearingEmu/train/section_00_source_train_normal_0946_noAttribute.wav,in_support,amplitude_modulation,0.8127893805503845
bearingEmu/train/section_00_source_train_normal_0947_noAttribute.wav,in_support,periodic_resonance,0.6733258962631226
bearingEmu/train/section_00_source_train_normal_0948_noAttribute.wav,in_support,amplitude_modulation,0.912070095539093
bearingEmu/train/section_00_source_train_normal_0949_noAttribute.wav,in_support,frequency_modulation,0.7087767720222473
bearingEmu/train/section_00_source_train_normal_0950_noAttribute.wav,in_support,frequency_modulation,0.10250719636678696
bearingEmu/train/section_00_source_train_normal_0951_noAttribute.wav,in_support,amplitude_modulation,0.09047063440084457
bearingEmu/train/section_00_source_train_normal_0952_noAttribute.wav,in_support,amplitude_modulation,0.4083123505115509
bearingEmu/train/section_00_source_train_normal_0953_noAttribute.wav,in_support,amplitude_modulation,0.6254238486289978
bearingEmu/train/section_00_source_train_normal_0954_noAttribute.wav,in_support,frequency_modulation,0.18696554005146027
bearingEmu/train/section_00_source_train_normal_0955_noAttribute.wav,in_support,frequency_modulation,0.3951970934867859
bearingEmu/train/section_00_source_train_normal_0956_noAttribute.wav,in_support,periodic_resonance,0.4344102442264557
bearingEmu/train/section_00_source_train_normal_0957_noAttribute.wav,in_support,frequency_modulation,0.17810240387916565
bearingEmu/train/section_00_source_train_normal_0958_noAttribute.wav,in_support,amplitude_modulation,0.8617064356803894
bearingEmu/train/section_00_source_train_normal_0959_noAttribute.wav,in_support,periodic_resonance,0.8611041307449341
bearingEmu/train/section_00_source_train_normal_0960_noAttribute.wav,in_support,frequency_modulation,0.2818855941295624
bearingEmu/train/section_00_source_train_normal_0961_noAttribute.wav,in_support,periodic_resonance,0.938352108001709
bearingEmu/train/section_00_source_train_normal_0962_noAttribute.wav,in_support,periodic_resonance,0.6395400166511536
bearingEmu/train/section_00_source_train_normal_0963_noAttribute.wav,in_support,periodic_resonance,0.9659179449081421
bearingEmu/train/section_00_source_train_normal_0964_noAttribute.wav,in_support,periodic_resonance,0.8666915893554688
bearingEmu/train/section_00_source_train_normal_0965_noAttribute.wav,in_support,amplitude_modulation,0.5592092871665955
bearingEmu/train/section_00_source_train_normal_0966_noAttribute.wav,in_support,periodic_resonance,0.49983730912208557
bearingEmu/train/section_00_source_train_normal_0967_noAttribute.wav,in_support,periodic_resonance,0.1300615817308426
bearingEmu/train/section_00_source_train_normal_0968_noAttribute.wav,in_support,frequency_modulation,0.464422345161438
bearingEmu/train/section_00_source_train_normal_0969_noAttribute.wav,in_support,frequency_modulation,0.5429461598396301
bearingEmu/train/section_00_source_train_normal_0970_noAttribute.wav,in_support,amplitude_modulation,0.7799879908561707
bearingEmu/train/section_00_source_train_normal_0971_noAttribute.wav,in_support,periodic_resonance,0.971229076385498
bearingEmu/train/section_00_source_train_normal_0972_noAttribute.wav,in_support,amplitude_modulation,0.05815853923559189
bearingEmu/train/section_00_source_train_normal_0973_noAttribute.wav,in_support,frequency_modulation,0.5479767918586731
bearingEmu/train/section_00_source_train_normal_0974_noAttribute.wav,in_support,periodic_resonance,0.9378865361213684
bearingEmu/train/section_00_source_train_normal_0975_noAttribute.wav,in_support,frequency_modulation,0.8688727021217346
bearingEmu/train/section_00_source_train_normal_0976_noAttribute.wav,in_support,periodic_resonance,0.23740091919898987
bearingEmu/train/section_00_source_train_normal_0977_noAttribute.wav,in_support,amplitude_modulation,0.7291467785835266
bearingEmu/train/section_00_source_train_normal_0978_noAttribute.wav,in_support,frequency_modulation,0.43783536553382874
bearingEmu/train/section_00_source_train_normal_0979_noAttribute.wav,in_support,frequency_modulation,0.2919996380805969
bearingEmu/train/section_00_source_train_normal_0980_noAttribute.wav,in_support,periodic_resonance,0.44113463163375854
bearingEmu/train/section_00_source_train_normal_0981_noAttribute.wav,in_support,periodic_resonance,0.8537167906761169
bearingEmu/train/section_00_source_train_normal_0982_noAttribute.wav,in_support,frequency_modulation,0.11350148916244507
bearingEmu/train/section_00_source_train_normal_0983_noAttribute.wav,in_support,amplitude_modulation,0.40127262473106384
bearingEmu/train/section_00_source_train_normal_0984_noAttribute.wav,in_support,amplitude_modulation,0.052693404257297516
bearingEmu/train/section_00_source_train_normal_0985_noAttribute.wav,in_support,frequency_modulation,0.15694893896579742
bearingEmu/train/section_00_source_train_normal_0986_noAttribute.wav,in_support,frequency_modulation,0.3921460807323456
bearingEmu/train/section_00_source_train_normal_0987_noAttribute.wav,in_support,frequency_modulation,0.18607887625694275
bearingEmu/train/section_00_source_train_normal_0988_noAttribute.wav,in_support,periodic_resonance,0.4201422929763794
bearingEmu/train/section_00_source_train_normal_0989_noAttribute.wav,in_support,periodic_resonance,0.855526864528656
bearingEmu/train/section_00_target_train_normal_0000_noAttribute.wav,in_support,frequency_modulation,0.21863208711147308
bearingEmu/train/section_00_target_train_normal_0001_noAttribute.wav,in_support,periodic_resonance,0.8640746474266052
bearingEmu/train/section_00_target_train_normal_0002_noAttribute.wav,in_support,amplitude_modulation,0.05794654041528702
bearingEmu/train/section_00_target_train_normal_0003_noAttribute.wav,in_support,amplitude_modulation,0.12680436670780182
bearingEmu/train/section_00_target_train_normal_0004_noAttribute.wav,in_support,amplitude_modulation,0.42724451422691345
bearingEmu/train/section_00_target_train_normal_0005_noAttribute.wav,in_support,amplitude_modulation,0.10492680221796036
bearingEmu/train/section_00_target_train_normal_0006_noAttribute.wav,in_support,frequency_modulation,0.5660061240196228
bearingEmu/train/section_00_target_train_normal_0007_noAttribute.wav,in_support,amplitude_modulation,0.9275596737861633
bearingEmu/train/section_00_target_train_normal_0008_noAttribute.wav,in_support,periodic_resonance,0.6422902941703796
bearingEmu/train/section_00_target_train_normal_0009_noAttribute.wav,in_support,frequency_modulation,0.711534857749939
fan/train/section_00_source_train_normal_0000_spd_1.wav,in_support,amplitude_modulation,0.8003740906715393
fan/train/section_00_source_train_normal_0001_spd_3.wav,in_support,periodic_resonance,0.9431357383728027
fan/train/section_00_source_train_normal_0002_spd_2.wav,in_support,frequency_modulation,0.8721436262130737
fan/train/section_00_source_train_normal_0003_spd_3.wav,in_support,amplitude_modulation,0.4852483570575714
fan/train/section_00_source_train_normal_0004_spd_1.wav,in_support,periodic_resonance,0.5338060259819031
fan/train/section_00_source_train_normal_0005_spd_2.wav,in_support,amplitude_modulation,0.6136714220046997
fan/train/section_00_source_train_normal_0006_spd_3.wav,in_support,periodic_resonance,0.8494824767112732
fan/train/section_00_source_train_normal_0007_spd_3.wav,in_support,frequency_modulation,0.8965349793434143
fan/train/section_00_source_train_normal_0008_spd_2.wav,in_support,periodic_resonance,0.8815034031867981
fan/train/section_00_source_train_normal_0009_spd_3.wav,in_support,frequency_modulation,0.20487545430660248
fan/train/section_00_source_train_normal_0010_spd_1.wav,in_support,periodic_resonance,0.9144912362098694
fan/train/section_00_source_train_normal_0011_spd_3.wav,in_support,frequency_modulation,0.2912933826446533
fan/train/section_00_source_train_normal_0012_spd_1.wav,in_support,periodic_resonance,0.9480662941932678
fan/train/section_00_source_train_normal_0013_spd_1.wav,in_support,frequency_modulation,0.5762004852294922
fan/train/section_00_source_train_normal_0014_spd_1.wav,in_support,frequency_modulation,0.3838481605052948
fan/train/section_00_source_train_normal_0015_spd_3.wav,in_support,periodic_resonance,0.843678891658783
fan/train/section_00_source_train_normal_0016_spd_1.wav,in_support,periodic_resonance,0.917672872543335
fan/train/section_00_source_train_normal_0017_spd_3.wav,in_support,frequency_modulation,0.28728798031806946
fan/train/section_00_source_train_normal_0018_spd_2.wav,in_support,amplitude_modulation,0.9002942442893982
fan/train/section_00_source_train_normal_0019_spd_1.wav,in_support,amplitude_modulation,0.05952071025967598
fan/train/section_00_source_train_normal_0020_spd_2.wav,in_support,periodic_resonance,0.8175535798072815
fan/train/section_00_source_train_normal_0021_spd_3.wav,in_support,periodic_resonance,0.8935790657997131
fan/train/section_00_source_train_normal_0022_spd_2.wav,in_support,periodic_resonance,0.44396018981933594
fan/train/section_00_source_train_normal_0023_spd_1.wav,in_support,periodic_resonance,0.47444266080856323
fan/train/section_00_source_train_normal_0024_spd_1.wav,in_support,periodic_resonance,0.9200257658958435
fan/train/section_00_source_train_normal_0025_spd_2.wav,in_support,frequency_modulation,0.9062414765357971
fan/train/section_00_source_train_normal_0026_spd_2.wav,in_support,amplitude_modulation,0.48394468426704407
fan/train/section_00_source_train_normal_0027_spd_2.wav,in_support,frequency_modulation,0.4338113069534302
fan/train/section_00_source_train_normal_0028_spd_2.wav,in_support,amplitude_modulation,0.08641818910837173
fan/train/section_00_source_train_normal_0029_spd_2.wav,in_support,frequency_modulation,0.6105018258094788
fan/train/section_00_source_train_normal_0030_spd_3.wav,in_support,frequency_modulation,0.4470820426940918
fan/train/section_00_source_train_normal_0031_spd_3.wav,in_support,frequency_modulation,0.45332586765289307
fan/train/section_00_source_train_normal_0032_spd_2.wav,in_support,frequency_modulation,0.4234629273414612
fan/train/section_00_source_train_normal_0033_spd_1.wav,in_support,frequency_modulation,0.26149484515190125
fan/train/section_00_source_train_normal_0034_spd_3.wav,in_support,periodic_resonance,0.9735944867134094
fan/train/section_00_source_train_normal_0035_spd_2.wav,in_support,periodic_resonance,0.9213671684265137
fan/train/section_00_source_train_normal_0036_spd_2.wav,in_support,amplitude_modulation,0.7028180956840515
fan/train/section_00_source_train_normal_0037_spd_1.wav,in_support,frequency_modulation,0.5393157005310059
fan/train/section_00_source_train_normal_0038_spd_1.wav,in_support,frequency_modulation,0.6185321807861328
fan/train/section_00_source_train_normal_0039_spd_1.wav,in_support,amplitude_modulation,0.20363841950893402
fan/train/section_00_source_train_normal_0040_spd_3.wav,in_support,periodic_resonance,0.965739905834198
fan/train/section_00_source_train_normal_0041_spd_1.wav,in_support,amplitude_modulation,0.29290851950645447
fan/train/section_00_source_train_normal_0042_spd_3.wav,in_support,amplitude_modulation,0.8932936191558838
fan/train/section_00_source_train_normal_0043_spd_3.wav,in_support,periodic_resonance,0.850929856300354
fan/train/section_00_source_train_normal_0044_spd_3.wav,in_support,amplitude_modulation,0.15112198889255524
fan/train/section_00_source_train_normal_0045_spd_3.wav,in_support,frequency_modulation,0.8687829375267029
fan/train/section_00_source_train_normal_0046_spd_2.wav,in_support,amplitude_modulation,0.05279214307665825
fan/train/section_00_source_train_normal_0047_spd_3.wav,in_support,amplitude_modulation,0.8624261021614075
fan/train/section_00_source_train_normal_0048_spd_3.wav,in_support,amplitude_modulation,0.9427284598350525
fan/train/section_00_source_train_normal_0049_spd_1.wav,in_support,periodic_resonance,0.6465663313865662
fan/train/section_00_source_train_normal_0050_spd_2.wav,in_support,amplitude_modulation,0.5776860117912292
fan/train/section_00_source_train_normal_0051_spd_2.wav,in_support,frequency_modulation,0.7246168255805969
fan/train/section_00_source_train_normal_0052_spd_3.wav,in_support,periodic_resonance,0.953540027141571
fan/train/section_00_source_train_normal_0053_spd_1.wav,in_support,periodic_resonance,0.6680364012718201
fan/train/section_00_source_train_normal_0054_spd_1.wav,in_support,frequency_modulation,0.9109348654747009
fan/train/section_00_source_train_normal_0055_spd_2.wav,in_support,amplitude_modulation,0.20452818274497986
fan/train/section_00_source_train_normal_0056_spd_2.wav,in_support,frequency_modulation,0.44953370094299316
fan/train/section_00_source_train_normal_0057_spd_3.wav,in_support,periodic_resonance,0.8558022975921631
fan/train/section_00_source_train_normal_0058_spd_1.wav,in_support,amplitude_modulation,0.10907425731420517
fan/train/section_00_source_train_normal_0059_spd_1.wav,in_support,frequency_modulation,0.5241713523864746
fan/train/section_00_source_train_normal_0060_spd_3.wav,in_support,frequency_modulation,0.9094032645225525
fan/train/section_00_source_train_normal_0061_spd_2.wav,in_support,amplitude_modulation,0.34347033500671387
fan/train/section_00_source_train_normal_0062_spd_3.wav,in_support,frequency_modulation,0.9518824219703674
fan/train/section_00_source_train_normal_0063_spd_2.wav,in_support,amplitude_modulation,0.7313662767410278
fan/train/section_00_source_train_normal_0064_spd_2.wav,in_support,amplitude_modulation,0.8163747787475586
fan/train/section_00_source_train_normal_0065_spd_3.wav,in_support,frequency_modulation,0.6167844533920288
fan/train/section_00_source_train_normal_0066_spd_3.wav,in_support,frequency_modulation,0.43035322427749634
fan/train/section_00_source_train_normal_0067_spd_2.wav,in_support,frequency_modulation,0.4058341085910797
fan/train/section_00_source_train_normal_0068_spd_3.wav,in_support,periodic_resonance,0.8986653685569763
fan/train/section_00_source_train_normal_0069_spd_2.wav,in_support,periodic_resonance,0.9734490513801575
fan/train/section_00_source_train_normal_0070_spd_2.wav,in_support,amplitude_modulation,0.14973336458206177
fan/train/section_00_source_train_normal_0071_spd_2.wav,in_support,periodic_resonance,0.9395445585250854
fan/train/section_00_source_train_normal_0072_spd_3.wav,in_support,frequency_modulation,0.3744650185108185
fan/train/section_00_source_train_normal_0073_spd_1.wav,in_support,amplitude_modulation,0.9296101927757263
fan/train/section_00_source_train_normal_0074_spd_3.wav,in_support,amplitude_modulation,0.7723286151885986
fan/train/section_00_source_train_normal_0075_spd_2.wav,in_support,periodic_resonance,0.9071362614631653
fan/train/section_00_source_train_normal_0076_spd_3.wav,in_support,amplitude_modulation,0.12155719101428986
fan/train/section_00_source_train_normal_0077_spd_2.wav,in_support,amplitude_modulation,0.057739995419979095
fan/train/section_00_source_train_normal_0078_spd_3.wav,in_support,frequency_modulation,0.3241221606731415
fan/train/section_00_source_train_normal_0079_spd_3.wav,in_support,amplitude_modulation,0.8097941279411316
fan/train/section_00_source_train_normal_0080_spd_1.wav,in_support,frequency_modulation,0.6753780841827393
fan/train/section_00_source_train_normal_0081_spd_2.wav,in_support,frequency_modulation,0.5711667537689209
fan/train/section_00_source_train_normal_0082_spd_2.wav,in_support,frequency_modulation,0.3621332049369812
fan/train/section_00_source_train_normal_0083_spd_2.wav,in_support,frequency_modulation,0.819570779800415
fan/train/section_00_source_train_normal_0084_spd_2.wav,in_support,amplitude_modulation,0.740314781665802
fan/train/section_00_source_train_normal_0085_spd_3.wav,in_support,frequency_modulation,0.4698469042778015
fan/train/section_00_source_train_normal_0086_spd_1.wav,in_support,periodic_resonance,0.8959660530090332
fan/train/section_00_source_train_normal_0087_spd_2.wav,in_support,frequency_modulation,0.7747704386711121
fan/train/section_00_source_train_normal_0088_spd_3.wav,in_support,amplitude_modulation,0.652879536151886
fan/train/section_00_source_train_normal_0089_spd_1.wav,in_support,amplitude_modulation,0.3897645175457001
fan/train/section_00_source_train_normal_0090_spd_3.wav,in_support,periodic_resonance,0.8833468556404114
fan/train/section_00_source_train_normal_0091_spd_1.wav,in_support,amplitude_modulation,0.04625328630208969
fan/train/section_00_source_train_normal_0092_spd_3.wav,in_support,frequency_modulation,0.5782203078269958
fan/train/section_00_source_train_normal_0093_spd_3.wav,in_support,periodic_resonance,0.5074594616889954
fan/train/section_00_source_train_normal_0094_spd_2.wav,in_support,periodic_resonance,0.7949426770210266
fan/train/section_00_source_train_normal_0095_spd_1.wav,in_support,periodic_resonance,0.8786433339118958
fan/train/section_00_source_train_normal_0096_spd_1.wav,in_support,periodic_resonance,0.8904438018798828
fan/train/section_00_source_train_normal_0097_spd_3.wav,in_support,amplitude_modulation,0.9355122447013855
fan/train/section_00_source_train_normal_0098_spd_2.wav,in_support,amplitude_modulation,0.8679226636886597
fan/train/section_00_source_train_normal_0099_spd_2.wav,in_support,amplitude_modulation,0.683891773223877
fan/train/section_00_source_train_normal_0100_spd_3.wav,in_support,amplitude_modulation,0.8533905148506165
fan/train/section_00_source_train_normal_0101_spd_2.wav,in_support,frequency_modulation,0.6955994367599487
fan/train/section_00_source_train_normal_0102_spd_3.wav,in_support,amplitude_modulation,0.9438252449035645
fan/train/section_00_source_train_normal_0103_spd_2.wav,in_support,frequency_modulation,0.8263235688209534
fan/train/section_00_source_train_normal_0104_spd_3.wav,in_support,amplitude_modulation,0.051884014159440994
fan/train/section_00_source_train_normal_0105_spd_2.wav,in_support,frequency_modulation,0.5697546005249023
fan/train/section_00_source_train_normal_0106_spd_3.wav,in_support,periodic_resonance,0.32943063974380493
fan/train/section_00_source_train_normal_0107_spd_1.wav,in_support,frequency_modulation,0.8473857641220093
fan/train/section_00_source_train_normal_0108_spd_1.wav,in_support,periodic_resonance,0.9608455896377563
fan/train/section_00_source_train_normal_0109_spd_3.wav,in_support,amplitude_modulation,0.8687196373939514
fan/train/section_00_source_train_normal_0110_spd_1.wav,in_support,amplitude_modulation,0.7433803081512451
fan/train/section_00_source_train_normal_0111_spd_1.wav,in_support,frequency_modulation,0.4999118149280548
fan/train/section_00_source_train_normal_0112_spd_1.wav,in_support,amplitude_modulation,0.6081467866897583
fan/train/section_00_source_train_normal_0113_spd_3.wav,in_support,amplitude_modulation,0.9319336414337158
fan/train/section_00_source_train_normal_0114_spd_3.wav,in_support,frequency_modulation,0.38094642758369446
fan/train/section_00_source_train_normal_0115_spd_1.wav,in_support,amplitude_modulation,0.09804943203926086
fan/train/section_00_source_train_normal_0116_spd_3.wav,in_support,periodic_resonance,0.7553464770317078
fan/train/section_00_source_train_normal_0117_spd_1.wav,in_support,periodic_resonance,0.6059457063674927
fan/train/section_00_source_train_normal_0118_spd_1.wav,in_support,periodic_resonance,0.8349910378456116
fan/train/section_00_source_train_normal_0119_spd_3.wav,in_support,amplitude_modulation,0.8283871412277222
fan/train/section_00_source_train_normal_0120_spd_3.wav,in_support,amplitude_modulation,0.8696088194847107
fan/train/section_00_source_train_normal_0121_spd_2.wav,in_support,periodic_resonance,0.8235160112380981
fan/train/section_00_source_train_normal_0122_spd_1.wav,in_support,amplitude_modulation,0.680332362651825
fan/train/section_00_source_train_normal_0123_spd_1.wav,in_support,amplitude_modulation,0.6638733148574829
fan/train/section_00_source_train_normal_0124_spd_2.wav,in_support,periodic_resonance,0.8872182965278625
fan/train/section_00_source_train_normal_0125_spd_2.wav,in_support,periodic_resonance,0.9158406257629395
fan/train/section_00_source_train_normal_0126_spd_2.wav,in_support,periodic_resonance,0.5755359530448914
fan/train/section_00_source_train_normal_0127_spd_2.wav,in_support,amplitude_modulation,0.2987494170665741
fan/train/section_00_source_train_normal_0128_spd_2.wav,in_support,amplitude_modulation,0.20041821897029877
fan/train/section_00_source_train_normal_0129_spd_3.wav,in_support,periodic_resonance,0.8523106575012207
fan/train/section_00_source_train_normal_0130_spd_1.wav,in_support,frequency_modulation,0.9345320463180542
fan/train/section_00_source_train_normal_0131_spd_3.wav,in_support,frequency_modulation,0.21156321465969086
fan/train/section_00_source_train_normal_0132_spd_3.wav,in_support,frequency_modulation,0.7434454560279846
fan/train/section_00_source_train_normal_0133_spd_3.wav,in_support,amplitude_modulation,0.827767014503479
fan/train/section_00_source_train_normal_0134_spd_2.wav,in_support,amplitude_modulation,0.13200516998767853
fan/train/section_00_source_train_normal_0135_spd_1.wav,in_support,frequency_modulation,0.6219855546951294
fan/train/section_00_source_train_normal_0136_spd_2.wav,in_support,amplitude_modulation,0.08464400470256805
fan/train/section_00_source_train_normal_0137_spd_2.wav,in_support,frequency_modulation,0.9163809418678284
fan/train/section_00_source_train_normal_0138_spd_3.wav,in_support,amplitude_modulation,0.8674905300140381
fan/train/section_00_source_train_normal_0139_spd_3.wav,in_support,amplitude_modulation,0.13673987984657288
fan/train/section_00_source_train_normal_0140_spd_3.wav,in_support,frequency_modulation,0.4150862395763397
fan/train/section_00_source_train_normal_0141_spd_2.wav,in_support,amplitude_modulation,0.7665426731109619
fan/train/section_00_source_train_normal_0142_spd_3.wav,in_support,frequency_modulation,0.9688919186592102
fan/train/section_00_source_train_normal_0143_spd_1.wav,in_support,frequency_modulation,0.4569839835166931
fan/train/section_00_source_train_normal_0144_spd_3.wav,in_support,amplitude_modulation,0.5345396995544434
fan/train/section_00_source_train_normal_0145_spd_3.wav,in_support,periodic_resonance,0.8802452087402344
fan/train/section_00_source_train_normal_0146_spd_2.wav,in_support,amplitude_modulation,0.4205159544944763
fan/train/section_00_source_train_normal_0147_spd_2.wav,in_support,periodic_resonance,0.39719656109809875
fan/train/section_00_source_train_normal_0148_spd_2.wav,in_support,amplitude_modulation,0.1967538595199585
fan/train/section_00_source_train_normal_0149_spd_2.wav,in_support,periodic_resonance,0.4084726572036743
fan/train/section_00_source_train_normal_0150_spd_3.wav,in_support,frequency_modulation,0.7095964550971985
fan/train/section_00_source_train_normal_0151_spd_3.wav,in_support,periodic_resonance,0.41757524013519287
fan/train/section_00_source_train_normal_0152_spd_3.wav,in_support,frequency_modulation,0.9947460889816284
fan/train/section_00_source_train_normal_0153_spd_3.wav,in_support,periodic_resonance,0.49443233013153076
fan/train/section_00_source_train_normal_0154_spd_3.wav,in_support,amplitude_modulation,0.473053514957428
fan/train/section_00_source_train_normal_0155_spd_1.wav,in_support,periodic_resonance,0.5312191843986511
fan/train/section_00_source_train_normal_0156_spd_2.wav,in_support,frequency_modulation,0.4250180721282959
fan/train/section_00_source_train_normal_0157_spd_3.wav,in_support,amplitude_modulation,0.3483067452907562
fan/train/section_00_source_train_normal_0158_spd_1.wav,in_support,amplitude_modulation,0.7648113369941711
fan/train/section_00_source_train_normal_0159_spd_2.wav,in_support,frequency_modulation,0.9503173232078552
fan/train/section_00_source_train_normal_0160_spd_1.wav,in_support,amplitude_modulation,0.8645986914634705
fan/train/section_00_source_train_normal_0161_spd_2.wav,in_support,amplitude_modulation,0.764416515827179
fan/train/section_00_source_train_normal_0162_spd_3.wav,in_support,periodic_resonance,0.936389148235321
fan/train/section_00_source_train_normal_0163_spd_3.wav,in_support,amplitude_modulation,0.7898116111755371
fan/train/section_00_source_train_normal_0164_spd_3.wav,in_support,amplitude_modulation,0.06066516786813736
fan/train/section_00_source_train_normal_0165_spd_2.wav,in_support,amplitude_modulation,0.9175064563751221
fan/train/section_00_source_train_normal_0166_spd_2.wav,in_support,frequency_modulation,0.916690468788147
fan/train/section_00_source_train_normal_0167_spd_2.wav,in_support,frequency_modulation,0.3478708565235138
fan/train/section_00_source_train_normal_0168_spd_1.wav,in_support,periodic_resonance,0.9542233943939209
fan/train/section_00_source_train_normal_0169_spd_3.wav,in_support,periodic_resonance,0.8716351389884949
fan/train/section_00_source_train_normal_0170_spd_3.wav,in_support,periodic_resonance,0.9104248881340027
fan/train/section_00_source_train_normal_0171_spd_2.wav,in_support,amplitude_modulation,0.5263043642044067
fan/train/section_00_source_train_normal_0172_spd_2.wav,in_support,amplitude_modulation,0.1937943696975708
fan/train/section_00_source_train_normal_0173_spd_1.wav,in_support,periodic_resonance,0.7131571769714355
fan/train/section_00_source_train_normal_0174_spd_3.wav,in_support,amplitude_modulation,0.8244127035140991
fan/train/section_00_source_train_normal_0175_spd_2.wav,in_support,frequency_modulation,0.7311350107192993
fan/train/section_00_source_train_normal_0176_spd_3.wav,in_support,frequency_modulation,0.5920600891113281
fan/train/section_00_source_train_normal_0177_spd_1.wav,in_support,frequency_modulation,0.3199172019958496
fan/train/section_00_source_train_normal_0178_spd_1.wav,in_support,periodic_resonance,0.9345365166664124
fan/train/section_00_source_train_normal_0179_spd_1.wav,in_support,periodic_resonance,0.8336900472640991
fan/train/section_00_source_train_normal_0180_spd_1.wav,in_support,frequency_modulation,0.7989361882209778
fan/train/section_00_source_train_normal_0181_spd_3.wav,in_support,frequency_modulation,0.9456351399421692
fan/train/section_00_source_train_normal_0182_spd_1.wav,in_support,amplitude_modulation,0.8906049728393555
fan/train/section_00_source_train_normal_0183_spd_1.wav,in_support,frequency_modulation,0.3143021762371063
fan/train/section_00_source_train_normal_0184_spd_2.wav,in_support,frequency_modulation,0.7236105799674988
fan/train/section_00_source_train_normal_0185_spd_1.wav,in_support,amplitude_modulation,0.9312438368797302
fan/train/section_00_source_train_normal_0186_spd_2.wav,in_support,amplitude_modulation,0.13034342229366302
fan/train/section_00_source_train_normal_0187_spd_2.wav,in_support,amplitude_modulation,0.8762321472167969
fan/train/section_00_source_train_normal_0188_spd_2.wav,in_support,periodic_resonance,0.916882336139679
fan/train/section_00_source_train_normal_0189_spd_1.wav,in_support,frequency_modulation,0.9229360818862915
fan/train/section_00_source_train_normal_0190_spd_3.wav,in_support,frequency_modulation,0.7318717837333679
fan/train/section_00_source_train_normal_0191_spd_1.wav,in_support,amplitude_modulation,0.31984439492225647
fan/train/section_00_source_train_normal_0192_spd_2.wav,in_support,frequency_modulation,0.8278982043266296
fan/train/section_00_source_train_normal_0193_spd_3.wav,in_support,frequency_modulation,0.869060754776001
fan/train/section_00_source_train_normal_0194_spd_3.wav,in_support,frequency_modulation,0.43591174483299255
fan/train/section_00_source_train_normal_0195_spd_1.wav,in_support,frequency_modulation,0.6301118731498718
fan/train/section_00_source_train_normal_0196_spd_1.wav,in_support,amplitude_modulation,0.4298677146434784
fan/train/section_00_source_train_normal_0197_spd_1.wav,in_support,amplitude_modulation,0.9283617734909058
fan/train/section_00_source_train_normal_0198_spd_3.wav,in_support,amplitude_modulation,0.8705025315284729
fan/train/section_00_source_train_normal_0199_spd_1.wav,in_support,frequency_modulation,0.7949982285499573
fan/train/section_00_source_train_normal_0200_spd_3.wav,in_support,frequency_modulation,0.8171890377998352
fan/train/section_00_source_train_normal_0201_spd_1.wav,in_support,frequency_modulation,0.3892292380332947
fan/train/section_00_source_train_normal_0202_spd_3.wav,in_support,frequency_modulation,0.6922507286071777
fan/train/section_00_source_train_normal_0203_spd_2.wav,in_support,frequency_modulation,0.986462414264679
fan/train/section_00_source_train_normal_0204_spd_2.wav,in_support,frequency_modulation,0.6529437303543091
fan/train/section_00_source_train_normal_0205_spd_3.wav,in_support,amplitude_modulation,0.6285697817802429
fan/train/section_00_source_train_normal_0206_spd_1.wav,in_support,amplitude_modulation,0.9028453230857849
fan/train/section_00_source_train_normal_0207_spd_3.wav,in_support,amplitude_modulation,0.15751077234745026
fan/train/section_00_source_train_normal_0208_spd_2.wav,in_support,amplitude_modulation,0.11112713813781738
fan/train/section_00_source_train_normal_0209_spd_3.wav,in_support,periodic_resonance,0.4195619225502014
fan/train/section_00_source_train_normal_0210_spd_2.wav,in_support,periodic_resonance,0.7494840621948242
fan/train/section_00_source_train_normal_0211_spd_2.wav,in_support,frequency_modulation,0.5949644446372986
fan/train/section_00_source_train_normal_0212_spd_3.wav,in_support,amplitude_modulation,0.7483846545219421
fan/train/section_00_source_train_normal_0213_spd_3.wav,in_support,amplitude_modulation,0.7090283036231995
fan/train/section_00_source_train_normal_0214_spd_2.wav,in_support,amplitude_modulation,0.5923288464546204
fan/train/section_00_source_train_normal_0215_spd_1.wav,in_support,amplitude_modulation,0.880497932434082
fan/train/section_00_source_train_normal_0216_spd_2.wav,in_support,periodic_resonance,0.8147751688957214
fan/train/section_00_source_train_normal_0217_spd_3.wav,in_support,periodic_resonance,0.7243545651435852
fan/train/section_00_source_train_normal_0218_spd_3.wav,in_support,amplitude_modulation,0.32816046476364136
fan/train/section_00_source_train_normal_0219_spd_1.wav,in_support,frequency_modulation,0.3153747022151947
fan/train/section_00_source_train_normal_0220_spd_1.wav,in_support,amplitude_modulation,0.9192705154418945
fan/train/section_00_source_train_normal_0221_spd_1.wav,in_support,frequency_modulation,0.41408032178878784
fan/train/section_00_source_train_normal_0222_spd_2.wav,in_support,frequency_modulation,0.23758402466773987
fan/train/section_00_source_train_normal_0223_spd_2.wav,in_support,amplitude_modulation,0.15374572575092316
fan/train/section_00_source_train_normal_0224_spd_3.wav,in_support,periodic_resonance,0.3816710412502289
fan/train/section_00_source_train_normal_0225_spd_1.wav,in_support,frequency_modulation,0.5732590556144714
fan/train/section_00_source_train_normal_0226_spd_3.wav,in_support,amplitude_modulation,0.9553455114364624
fan/train/section_00_source_train_normal_0227_spd_1.wav,in_support,periodic_resonance,0.5409172773361206
fan/train/section_00_source_train_normal_0228_spd_1.wav,in_support,frequency_modulation,0.6836961507797241
fan/train/section_00_source_train_normal_0229_spd_2.wav,in_support,amplitude_modulation,0.06309080868959427
fan/train/section_00_source_train_normal_0230_spd_1.wav,in_support,frequency_modulation,0.1803402453660965
fan/train/section_00_source_train_normal_0231_spd_3.wav,in_support,amplitude_modulation,0.12504439055919647
fan/train/section_00_source_train_normal_0232_spd_1.wav,in_support,frequency_modulation,0.9184633493423462
fan/train/section_00_source_train_normal_0233_spd_2.wav,in_support,amplitude_modulation,0.8043787479400635
fan/train/section_00_source_train_normal_0234_spd_1.wav,in_support,periodic_resonance,0.2706294655799866
fan/train/section_00_source_train_normal_0235_spd_3.wav,in_support,amplitude_modulation,0.4805389642715454
fan/train/section_00_source_train_normal_0236_spd_1.wav,in_support,frequency_modulation,0.8543250560760498
fan/train/section_00_source_train_normal_0237_spd_1.wav,in_support,amplitude_modulation,0.5062556266784668
fan/train/section_00_source_train_normal_0238_spd_3.wav,in_support,amplitude_modulation,0.11469093710184097
fan/train/section_00_source_train_normal_0239_spd_3.wav,in_support,periodic_resonance,0.8514041900634766
fan/train/section_00_source_train_normal_0240_spd_3.wav,in_support,frequency_modulation,0.9697245955467224
fan/train/section_00_source_train_normal_0241_spd_2.wav,in_support,periodic_resonance,0.9729264974594116
fan/train/section_00_source_train_normal_0242_spd_2.wav,in_support,periodic_resonance,0.949813961982727
fan/train/section_00_source_train_normal_0243_spd_3.wav,in_support,amplitude_modulation,0.9356927871704102
fan/train/section_00_source_train_normal_0244_spd_2.wav,in_support,amplitude_modulation,0.9307659864425659
fan/train/section_00_source_train_normal_0245_spd_2.wav,in_support,periodic_resonance,0.7471625208854675
fan/train/section_00_source_train_normal_0246_spd_1.wav,in_support,amplitude_modulation,0.49284112453460693
fan/train/section_00_source_train_normal_0247_spd_3.wav,in_support,frequency_modulation,0.5146029591560364
fan/train/section_00_source_train_normal_0248_spd_3.wav,in_support,amplitude_modulation,0.8739022612571716
fan/train/section_00_source_train_normal_0249_spd_3.wav,in_support,frequency_modulation,0.5442502498626709
fan/train/section_00_source_train_normal_0250_spd_1.wav,in_support,amplitude_modulation,0.7064854502677917
fan/train/section_00_source_train_normal_0251_spd_1.wav,in_support,amplitude_modulation,0.8199152946472168
fan/train/section_00_source_train_normal_0252_spd_2.wav,in_support,periodic_resonance,0.5408458709716797
fan/train/section_00_source_train_normal_0253_spd_3.wav,in_support,periodic_resonance,0.9382954239845276
fan/train/section_00_source_train_normal_0254_spd_1.wav,in_support,amplitude_modulation,0.9227357506752014
fan/train/section_00_source_train_normal_0255_spd_1.wav,in_support,amplitude_modulation,0.17708973586559296
fan/train/section_00_source_train_normal_0256_spd_2.wav,in_support,frequency_modulation,0.8464493751525879
fan/train/section_00_source_train_normal_0257_spd_3.wav,in_support,periodic_resonance,0.6215401291847229
fan/train/section_00_source_train_normal_0258_spd_2.wav,in_support,amplitude_modulation,0.8244114518165588
fan/train/section_00_source_train_normal_0259_spd_3.wav,in_support,periodic_resonance,0.5057899951934814
fan/train/section_00_source_train_normal_0260_spd_2.wav,in_support,frequency_modulation,0.8904697895050049
fan/train/section_00_source_train_normal_0261_spd_3.wav,in_support,frequency_modulation,0.9507341384887695
fan/train/section_00_source_train_normal_0262_spd_2.wav,in_support,frequency_modulation,0.834467351436615
fan/train/section_00_source_train_normal_0263_spd_3.wav,in_support,amplitude_modulation,0.8925483226776123
fan/train/section_00_source_train_normal_0264_spd_3.wav,in_support,frequency_modulation,0.8426180481910706
fan/train/section_00_source_train_normal_0265_spd_1.wav,in_support,frequency_modulation,0.6904329657554626
fan/train/section_00_source_train_normal_0266_spd_2.wav,in_support,frequency_modulation,0.9406979084014893
fan/train/section_00_source_train_normal_0267_spd_1.wav,in_support,frequency_modulation,0.8251234292984009
fan/train/section_00_source_train_normal_0268_spd_1.wav,in_support,frequency_modulation,0.7100789546966553
fan/train/section_00_source_train_normal_0269_spd_3.wav,in_support,amplitude_modulation,0.9344714879989624
fan/train/section_00_source_train_normal_0270_spd_1.wav,in_support,amplitude_modulation,0.14215199649333954
fan/train/section_00_source_train_normal_0271_spd_2.wav,in_support,amplitude_modulation,0.9114403128623962
fan/train/section_00_source_train_normal_0272_spd_2.wav,in_support,periodic_resonance,0.6994279623031616
fan/train/section_00_source_train_normal_0273_spd_1.wav,in_support,periodic_resonance,0.9494634866714478
fan/train/section_00_source_train_normal_0274_spd_1.wav,in_support,periodic_resonance,0.8784364461898804
fan/train/section_00_source_train_normal_0275_spd_2.wav,in_support,frequency_modulation,0.5224474668502808
fan/train/section_00_source_train_normal_0276_spd_2.wav,in_support,periodic_resonance,0.9312657117843628
fan/train/section_00_source_train_normal_0277_spd_2.wav,in_support,frequency_modulation,0.739747941493988
fan/train/section_00_source_train_normal_0278_spd_3.wav,in_support,frequency_modulation,0.2957800626754761
fan/train/section_00_source_train_normal_0279_spd_3.wav,in_support,amplitude_modulation,0.16137489676475525
fan/train/section_00_source_train_normal_0280_spd_1.wav,in_support,periodic_resonance,0.7531216144561768
fan/train/section_00_source_train_normal_0281_spd_2.wav,in_support,amplitude_modulation,0.8387764692306519
fan/train/section_00_source_train_normal_0282_spd_2.wav,in_support,periodic_resonance,0.9308885335922241
fan/train/section_00_source_train_normal_0283_spd_2.wav,in_support,periodic_resonance,0.8239747285842896
fan/train/section_00_source_train_normal_0284_spd_3.wav,in_support,amplitude_modulation,0.4510955512523651
fan/train/section_00_source_train_normal_0285_spd_2.wav,in_support,amplitude_modulation,0.585206151008606
fan/train/section_00_source_train_normal_0286_spd_2.wav,in_support,amplitude_modulation,0.16133852303028107
fan/train/section_00_source_train_normal_0287_spd_2.wav,in_support,amplitude_modulation,0.07736845314502716
fan/train/section_00_source_train_normal_0288_spd_1.wav,in_support,periodic_resonance,0.9311726093292236
fan/train/section_00_source_train_normal_0289_spd_1.wav,in_support,frequency_modulation,0.9258764386177063
fan/train/section_00_source_train_normal_0290_spd_2.wav,in_support,frequency_modulation,0.9795194864273071
fan/train/section_00_source_train_normal_0291_spd_1.wav,in_support,frequency_modulation,0.8864468336105347
fan/train/section_00_source_train_normal_0292_spd_1.wav,in_support,frequency_modulation,0.35830843448638916
fan/train/section_00_source_train_normal_0293_spd_1.wav,in_support,periodic_resonance,0.4026174545288086
fan/train/section_00_source_train_normal_0294_spd_2.wav,in_support,frequency_modulation,0.36191126704216003
fan/train/section_00_source_train_normal_0295_spd_3.wav,in_support,amplitude_modulation,0.9458445906639099
fan/train/section_00_source_train_normal_0296_spd_3.wav,in_support,amplitude_modulation,0.9102703928947449
fan/train/section_00_source_train_normal_0297_spd_1.wav,in_support,amplitude_modulation,0.4988745152950287
fan/train/section_00_source_train_normal_0298_spd_2.wav,in_support,periodic_resonance,0.7691903710365295
fan/train/section_00_source_train_normal_0299_spd_2.wav,in_support,periodic_resonance,0.9666584134101868
fan/train/section_00_source_train_normal_0300_spd_1.wav,in_support,amplitude_modulation,0.09830030053853989
fan/train/section_00_source_train_normal_0301_spd_2.wav,in_support,periodic_resonance,0.5823180675506592
fan/train/section_00_source_train_normal_0302_spd_3.wav,in_support,periodic_resonance,0.935777485370636
fan/train/section_00_source_train_normal_0303_spd_3.wav,in_support,frequency_modulation,0.43954789638519287
fan/train/section_00_source_train_normal_0304_spd_1.wav,in_support,frequency_modulation,0.3433687090873718
fan/train/section_00_source_train_normal_0305_spd_2.wav,in_support,frequency_modulation,0.7715327143669128
fan/train/section_00_source_train_normal_0306_spd_2.wav,in_support,frequency_modulation,0.17035917937755585
fan/train/section_00_source_train_normal_0307_spd_2.wav,in_support,amplitude_modulation,0.16259706020355225
fan/train/section_00_source_train_normal_0308_spd_3.wav,in_support,amplitude_modulation,0.06563515961170197
fan/train/section_00_source_train_normal_0309_spd_2.wav,in_support,periodic_resonance,0.9016003012657166
fan/train/section_00_source_train_normal_0310_spd_3.wav,in_support,amplitude_modulation,0.08779326826334
fan/train/section_00_source_train_normal_0311_spd_2.wav,in_support,frequency_modulation,0.7053866386413574
fan/train/section_00_source_train_normal_0312_spd_3.wav,in_support,periodic_resonance,0.8977759480476379
fan/train/section_00_source_train_normal_0313_spd_2.wav,in_support,amplitude_modulation,0.08645880967378616
fan/train/section_00_source_train_normal_0314_spd_3.wav,in_support,amplitude_modulation,0.8328875303268433
fan/train/section_00_source_train_normal_0315_spd_2.wav,in_support,periodic_resonance,0.9236330986022949
fan/train/section_00_source_train_normal_0316_spd_2.wav,in_support,frequency_modulation,0.8447190523147583
fan/train/section_00_source_train_normal_0317_spd_1.wav,in_support,periodic_resonance,0.9516305327415466
fan/train/section_00_source_train_normal_0318_spd_3.wav,in_support,periodic_resonance,0.931847870349884
fan/train/section_00_source_train_normal_0319_spd_1.wav,in_support,amplitude_modulation,0.9070008397102356
fan/train/section_00_source_train_normal_0320_spd_1.wav,in_support,periodic_resonance,0.8800705671310425
fan/train/section_00_source_train_normal_0321_spd_3.wav,in_support,frequency_modulation,0.4575269818305969
fan/train/section_00_source_train_normal_0322_spd_3.wav,in_support,frequency_modulation,0.7613452672958374
fan/train/section_00_source_train_normal_0323_spd_2.wav,in_support,frequency_modulation,0.6184656620025635
fan/train/section_00_source_train_normal_0324_spd_3.wav,in_support,periodic_resonance,0.9463061690330505
fan/train/section_00_source_train_normal_0325_spd_2.wav,in_support,amplitude_modulation,0.9039342999458313
fan/train/section_00_source_train_normal_0326_spd_1.wav,in_support,periodic_resonance,0.9452261328697205
fan/train/section_00_source_train_normal_0327_spd_1.wav,in_support,frequency_modulation,0.9241696000099182
fan/train/section_00_source_train_normal_0328_spd_3.wav,in_support,periodic_resonance,0.8435927629470825
fan/train/section_00_source_train_normal_0329_spd_2.wav,in_support,frequency_modulation,0.6394562721252441
fan/train/section_00_source_train_normal_0330_spd_1.wav,in_support,frequency_modulation,0.32539573311805725
fan/train/section_00_source_train_normal_0331_spd_1.wav,in_support,frequency_modulation,0.940942108631134
fan/train/section_00_source_train_normal_0332_spd_1.wav,in_support,periodic_resonance,0.8948042392730713
fan/train/section_00_source_train_normal_0333_spd_1.wav,in_support,frequency_modulation,0.8858330249786377
fan/train/section_00_source_train_normal_0334_spd_3.wav,in_support,frequency_modulation,0.5653266310691833
fan/train/section_00_source_train_normal_0335_spd_2.wav,in_support,amplitude_modulation,0.9308192133903503
fan/train/section_00_source_train_normal_0336_spd_1.wav,in_support,amplitude_modulation,0.1444462686777115
fan/train/section_00_source_train_normal_0337_spd_1.wav,in_support,periodic_resonance,0.942511796951294
fan/train/section_00_source_train_normal_0338_spd_2.wav,in_support,amplitude_modulation,0.7410094738006592
fan/train/section_00_source_train_normal_0339_spd_1.wav,in_support,periodic_resonance,0.7861514687538147
fan/train/section_00_source_train_normal_0340_spd_3.wav,in_support,amplitude_modulation,0.07700600475072861
fan/train/section_00_source_train_normal_0341_spd_3.wav,in_support,periodic_resonance,0.9416729807853699
fan/train/section_00_source_train_normal_0342_spd_2.wav,in_support,periodic_resonance,0.3641737997531891
fan/train/section_00_source_train_normal_0343_spd_1.wav,in_support,amplitude_modulation,0.23881065845489502
fan/train/section_00_source_train_normal_0344_spd_2.wav,in_support,periodic_resonance,0.3538920283317566
fan/train/section_00_source_train_normal_0345_spd_3.wav,in_support,frequency_modulation,0.37796178460121155
fan/train/section_00_source_train_normal_0346_spd_2.wav,in_support,frequency_modulation,0.977229118347168
fan/train/section_00_source_train_normal_0347_spd_2.wav,in_support,periodic_resonance,0.37509238719940186
fan/train/section_00_source_train_normal_0348_spd_3.wav,in_support,amplitude_modulation,0.8823283910751343
fan/train/section_00_source_train_normal_0349_spd_3.wav,in_support,amplitude_modulation,0.243178591132164
fan/train/section_00_source_train_normal_0350_spd_2.wav,in_support,amplitude_modulation,0.5945845246315002
fan/train/section_00_source_train_normal_0351_spd_2.wav,in_support,frequency_modulation,0.8990223407745361
fan/train/section_00_source_train_normal_0352_spd_2.wav,in_support,amplitude_modulation,0.7333228588104248
fan/train/section_00_source_train_normal_0353_spd_1.wav,in_support,frequency_modulation,0.590661346912384
fan/train/section_00_source_train_normal_0354_spd_3.wav,in_support,frequency_modulation,0.5758047103881836
fan/train/section_00_source_train_normal_0355_spd_1.wav,in_support,frequency_modulation,0.8655350804328918
fan/train/section_00_source_train_normal_0356_spd_2.wav,in_support,periodic_resonance,0.9737359881401062
fan/train/section_00_source_train_normal_0357_spd_2.wav,in_support,amplitude_modulation,0.3106878399848938
fan/train/section_00_source_train_normal_0358_spd_1.wav,in_support,frequency_modulation,0.5551360845565796
fan/train/section_00_source_train_normal_0359_spd_1.wav,in_support,frequency_modulation,0.7693142294883728
fan/train/section_00_source_train_normal_0360_spd_2.wav,in_support,amplitude_modulation,0.8237869143486023
fan/train/section_00_source_train_normal_0361_spd_3.wav,in_support,amplitude_modulation,0.1528199017047882
fan/train/section_00_source_train_normal_0362_spd_2.wav,in_support,frequency_modulation,0.5560978055000305
fan/train/section_00_source_train_normal_0363_spd_2.wav,in_support,amplitude_modulation,0.8463691473007202
fan/train/section_00_source_train_normal_0364_spd_1.wav,in_support,periodic_resonance,0.9666454792022705
fan/train/section_00_source_train_normal_0365_spd_1.wav,in_support,periodic_resonance,0.29124021530151367
fan/train/section_00_source_train_normal_0366_spd_2.wav,in_support,frequency_modulation,0.9236378073692322
fan/train/section_00_source_train_normal_0367_spd_1.wav,in_support,frequency_modulation,0.9605684876441956
fan/train/section_00_source_train_normal_0368_spd_2.wav,in_support,amplitude_modulation,0.7249400019645691
fan/train/section_00_source_train_normal_0369_spd_2.wav,in_support,frequency_modulation,0.24946874380111694
fan/train/section_00_source_train_normal_0370_spd_2.wav,in_support,frequency_modulation,0.8897556066513062
fan/train/section_00_source_train_normal_0371_spd_1.wav,in_support,amplitude_modulation,0.9234504103660583
fan/train/section_00_source_train_normal_0372_spd_2.wav,in_support,periodic_resonance,0.9091038107872009
fan/train/section_00_source_train_normal_0373_spd_3.wav,in_support,periodic_resonance,0.2770237624645233
fan/train/section_00_source_train_normal_0374_spd_1.wav,in_support,amplitude_modulation,0.8079389333724976
fan/train/section_00_source_train_normal_0375_spd_3.wav,in_support,amplitude_modulation,0.8105604648590088
fan/train/section_00_source_train_normal_0376_spd_1.wav,in_support,amplitude_modulation,0.8793918490409851
fan/train/section_00_source_train_normal_0377_spd_3.wav,in_support,amplitude_modulation,0.9221005439758301
fan/train/section_00_source_train_normal_0378_spd_1.wav,in_support,periodic_resonance,0.9666435718536377
fan/train/section_00_source_train_normal_0379_spd_2.wav,in_support,frequency_modulation,0.8638014197349548
fan/train/section_00_source_train_normal_0380_spd_2.wav,in_support,periodic_resonance,0.8649256825447083
fan/train/section_00_source_train_normal_0381_spd_1.wav,in_support,amplitude_modulation,0.45007142424583435
fan/train/section_00_source_train_normal_0382_spd_2.wav,in_support,periodic_resonance,0.8213657736778259
fan/train/section_00_source_train_normal_0383_spd_3.wav,in_support,periodic_resonance,0.8373810648918152
fan/train/section_00_source_train_normal_0384_spd_1.wav,in_support,frequency_modulation,0.7409669756889343
fan/train/section_00_source_train_normal_0385_spd_2.wav,in_support,periodic_resonance,0.237595334649086
fan/train/section_00_source_train_normal_0386_spd_3.wav,in_support,frequency_modulation,0.8873313069343567
fan/train/section_00_source_train_normal_0387_spd_1.wav,in_support,amplitude_modulation,0.18096815049648285
fan/train/section_00_source_train_normal_0388_spd_2.wav,in_support,frequency_modulation,0.3554306924343109
fan/train/section_00_source_train_normal_0389_spd_2.wav,in_support,amplitude_modulation,0.9264230728149414
fan/train/section_00_source_train_normal_0390_spd_1.wav,in_support,amplitude_modulation,0.8067073225975037
fan/train/section_00_source_train_normal_0391_spd_3.wav,in_support,periodic_resonance,0.8838581442832947
fan/train/section_00_source_train_normal_0392_spd_3.wav,in_support,amplitude_modulation,0.9289380311965942
fan/train/section_00_source_train_normal_0393_spd_1.wav,in_support,periodic_resonance,0.6688329577445984
fan/train/section_00_source_train_normal_0394_spd_1.wav,in_support,frequency_modulation,0.5861851572990417
fan/train/section_00_source_train_normal_0395_spd_1.wav,in_support,amplitude_modulation,0.7346376776695251
fan/train/section_00_source_train_normal_0396_spd_3.wav,in_support,periodic_resonance,0.9549907445907593
fan/train/section_00_source_train_normal_0397_spd_2.wav,in_support,frequency_modulation,0.3783116340637207
fan/train/section_00_source_train_normal_0398_spd_2.wav,in_support,frequency_modulation,0.5127671360969543
fan/train/section_00_source_train_normal_0399_spd_1.wav,in_support,frequency_modulation,0.5238660573959351
fan/train/section_00_source_train_normal_0400_spd_3.wav,in_support,frequency_modulation,0.2905625104904175
fan/train/section_00_source_train_normal_0401_spd_3.wav,in_support,amplitude_modulation,0.6041961312294006
fan/train/section_00_source_train_normal_0402_spd_1.wav,in_support,amplitude_modulation,0.5684939026832581
fan/train/section_00_source_train_normal_0403_spd_3.wav,in_support,amplitude_modulation,0.07828231155872345
fan/train/section_00_source_train_normal_0404_spd_2.wav,in_support,frequency_modulation,0.41616809368133545
fan/train/section_00_source_train_normal_0405_spd_2.wav,in_support,periodic_resonance,0.7557008862495422
fan/train/section_00_source_train_normal_0406_spd_3.wav,in_support,frequency_modulation,0.9261085987091064
fan/train/section_00_source_train_normal_0407_spd_3.wav,in_support,amplitude_modulation,0.3616088628768921
fan/train/section_00_source_train_normal_0408_spd_3.wav,in_support,periodic_resonance,0.9175606369972229
fan/train/section_00_source_train_normal_0409_spd_1.wav,in_support,periodic_resonance,0.6020510196685791
fan/train/section_00_source_train_normal_0410_spd_2.wav,in_support,amplitude_modulation,0.5839297771453857
fan/train/section_00_source_train_normal_0411_spd_3.wav,in_support,periodic_resonance,0.9273642897605896
fan/train/section_00_source_train_normal_0412_spd_1.wav,in_support,amplitude_modulation,0.5989192128181458
fan/train/section_00_source_train_normal_0413_spd_1.wav,in_support,periodic_resonance,0.31939905881881714
fan/train/section_00_source_train_normal_0414_spd_2.wav,in_support,periodic_resonance,0.1699981540441513
fan/train/section_00_source_train_normal_0415_spd_3.wav,in_support,amplitude_modulation,0.22496777772903442
fan/train/section_00_source_train_normal_0416_spd_1.wav,in_support,amplitude_modulation,0.07136447727680206
fan/train/section_00_source_train_normal_0417_spd_3.wav,in_support,periodic_resonance,0.955640435218811
fan/train/section_00_source_train_normal_0418_spd_2.wav,in_support,frequency_modulation,0.8649275898933411
fan/train/section_00_source_train_normal_0419_spd_1.wav,in_support,amplitude_modulation,0.9061445593833923
fan/train/section_00_source_train_normal_0420_spd_2.wav,in_support,frequency_modulation,0.8452118635177612
fan/train/section_00_source_train_normal_0421_spd_1.wav,in_support,amplitude_modulation,0.46011051535606384
fan/train/section_00_source_train_normal_0422_spd_1.wav,in_support,amplitude_modulation,0.07080984115600586
fan/train/section_00_source_train_normal_0423_spd_1.wav,in_support,amplitude_modulation,0.11814188212156296
fan/train/section_00_source_train_normal_0424_spd_1.wav,in_support,periodic_resonance,0.9270992875099182
fan/train/section_00_source_train_normal_0425_spd_1.wav,in_support,frequency_modulation,0.5364229083061218
fan/train/section_00_source_train_normal_0426_spd_1.wav,in_support,periodic_resonance,0.6007129549980164
fan/train/section_00_source_train_normal_0427_spd_3.wav,in_support,frequency_modulation,0.8793056011199951
fan/train/section_00_source_train_normal_0428_spd_3.wav,in_support,periodic_resonance,0.9452193975448608
fan/train/section_00_source_train_normal_0429_spd_1.wav,in_support,amplitude_modulation,0.800674557685852
fan/train/section_00_source_train_normal_0430_spd_1.wav,in_support,frequency_modulation,0.3428916037082672
fan/train/section_00_source_train_normal_0431_spd_2.wav,in_support,amplitude_modulation,0.9002120494842529
fan/train/section_00_source_train_normal_0432_spd_2.wav,in_support,frequency_modulation,0.7471508383750916
fan/train/section_00_source_train_normal_0433_spd_2.wav,in_support,amplitude_modulation,0.19093014299869537
fan/train/section_00_source_train_normal_0434_spd_2.wav,in_support,periodic_resonance,0.9671487212181091
fan/train/section_00_source_train_normal_0435_spd_2.wav,in_support,amplitude_modulation,0.44909465312957764
fan/train/section_00_source_train_normal_0436_spd_1.wav,in_support,amplitude_modulation,0.21309208869934082
fan/train/section_00_source_train_normal_0437_spd_1.wav,in_support,periodic_resonance,0.2958880364894867
fan/train/section_00_source_train_normal_0438_spd_2.wav,in_support,frequency_modulation,0.831376314163208
fan/train/section_00_source_train_normal_0439_spd_1.wav,in_support,amplitude_modulation,0.653838574886322
fan/train/section_00_source_train_normal_0440_spd_1.wav,in_support,amplitude_modulation,0.18758903443813324
fan/train/section_00_source_train_normal_0441_spd_2.wav,in_support,amplitude_modulation,0.863889753818512
fan/train/section_00_source_train_normal_0442_spd_2.wav,in_support,amplitude_modulation,0.8795126676559448
fan/train/section_00_source_train_normal_0443_spd_3.wav,in_support,frequency_modulation,0.3813678026199341
fan/train/section_00_source_train_normal_0444_spd_3.wav,in_support,frequency_modulation,0.8887349367141724
fan/train/section_00_source_train_normal_0445_spd_1.wav,in_support,amplitude_modulation,0.8180764317512512
fan/train/section_00_source_train_normal_0446_spd_2.wav,in_support,frequency_modulation,0.26188144087791443
fan/train/section_00_source_train_normal_0447_spd_1.wav,in_support,periodic_resonance,0.753695547580719
fan/train/section_00_source_train_normal_0448_spd_3.wav,in_support,amplitude_modulation,0.8454863429069519
fan/train/section_00_source_train_normal_0449_spd_1.wav,in_support,frequency_modulation,0.4556819498538971
fan/train/section_00_source_train_normal_0450_spd_2.wav,in_support,amplitude_modulation,0.5978086590766907
fan/train/section_00_source_train_normal_0451_spd_2.wav,in_support,periodic_resonance,0.919718325138092
fan/train/section_00_source_train_normal_0452_spd_2.wav,in_support,periodic_resonance,0.946711003780365
fan/train/section_00_source_train_normal_0453_spd_3.wav,in_support,frequency_modulation,0.845519483089447
fan/train/section_00_source_train_normal_0454_spd_3.wav,in_support,periodic_resonance,0.9270932078361511
fan/train/section_00_source_train_normal_0455_spd_2.wav,in_support,frequency_modulation,0.7462573647499084
fan/train/section_00_source_train_normal_0456_spd_2.wav,in_support,frequency_modulation,0.7009959816932678
fan/train/section_00_source_train_normal_0457_spd_3.wav,in_support,amplitude_modulation,0.9199591875076294
fan/train/section_00_source_train_normal_0458_spd_1.wav,in_support,amplitude_modulation,0.10024885833263397
fan/train/section_00_source_train_normal_0459_spd_1.wav,in_support,amplitude_modulation,0.9006453156471252
fan/train/section_00_source_train_normal_0460_spd_3.wav,in_support,periodic_resonance,0.5185662508010864
fan/train/section_00_source_train_normal_0461_spd_1.wav,in_support,frequency_modulation,0.19860731065273285
fan/train/section_00_source_train_normal_0462_spd_1.wav,in_support,amplitude_modulation,0.684070348739624
fan/train/section_00_source_train_normal_0463_spd_3.wav,in_support,periodic_resonance,0.9169393181800842
fan/train/section_00_source_train_normal_0464_spd_3.wav,in_support,amplitude_modulation,0.769989013671875
fan/train/section_00_source_train_normal_0465_spd_1.wav,in_support,amplitude_modulation,0.6617183685302734
fan/train/section_00_source_train_normal_0466_spd_3.wav,in_support,periodic_resonance,0.9172371625900269
fan/train/section_00_source_train_normal_0467_spd_3.wav,in_support,amplitude_modulation,0.8906508088111877
fan/train/section_00_source_train_normal_0468_spd_2.wav,in_support,periodic_resonance,0.5377132296562195
fan/train/section_00_source_train_normal_0469_spd_1.wav,in_support,periodic_resonance,0.9315199851989746
fan/train/section_00_source_train_normal_0470_spd_2.wav,in_support,periodic_resonance,0.858571469783783
fan/train/section_00_source_train_normal_0471_spd_1.wav,in_support,frequency_modulation,0.5129312872886658
fan/train/section_00_source_train_normal_0472_spd_1.wav,in_support,periodic_resonance,0.8992475271224976
fan/train/section_00_source_train_normal_0473_spd_2.wav,in_support,periodic_resonance,0.9336456656455994
fan/train/section_00_source_train_normal_0474_spd_3.wav,in_support,frequency_modulation,0.8649628758430481
fan/train/section_00_source_train_normal_0475_spd_1.wav,in_support,periodic_resonance,0.9418277144432068
fan/train/section_00_source_train_normal_0476_spd_1.wav,in_support,amplitude_modulation,0.6624552607536316
fan/train/section_00_source_train_normal_0477_spd_3.wav,in_support,frequency_modulation,0.9420675039291382
fan/train/section_00_source_train_normal_0478_spd_2.wav,in_support,periodic_resonance,0.773939311504364
fan/train/section_00_source_train_normal_0479_spd_1.wav,in_support,periodic_resonance,0.977436900138855
fan/train/section_00_source_train_normal_0480_spd_2.wav,in_support,frequency_modulation,0.9737916588783264
fan/train/section_00_source_train_normal_0481_spd_1.wav,in_support,periodic_resonance,0.9710550308227539
fan/train/section_00_source_train_normal_0482_spd_2.wav,in_support,amplitude_modulation,0.4960097670555115
fan/train/section_00_source_train_normal_0483_spd_2.wav,in_support,amplitude_modulation,0.8893823027610779
fan/train/section_00_source_train_normal_0484_spd_1.wav,in_support,amplitude_modulation,0.8221662044525146
fan/train/section_00_source_train_normal_0485_spd_2.wav,in_support,frequency_modulation,0.2792694866657257
fan/train/section_00_source_train_normal_0486_spd_2.wav,in_support,amplitude_modulation,0.07438145577907562
fan/train/section_00_source_train_normal_0487_spd_2.wav,in_support,frequency_modulation,0.7370461225509644
fan/train/section_00_source_train_normal_0488_spd_1.wav,in_support,frequency_modulation,0.4187491238117218
fan/train/section_00_source_train_normal_0489_spd_2.wav,in_support,frequency_modulation,0.8054753541946411
fan/train/section_00_source_train_normal_0490_spd_2.wav,in_support,periodic_resonance,0.8974851369857788
fan/train/section_00_source_train_normal_0491_spd_1.wav,in_support,periodic_resonance,0.7966319918632507
fan/train/section_00_source_train_normal_0492_spd_2.wav,in_support,periodic_resonance,0.893240749835968
fan/train/section_00_source_train_normal_0493_spd_2.wav,in_support,amplitude_modulation,0.646696925163269
fan/train/section_00_source_train_normal_0494_spd_2.wav,in_support,frequency_modulation,0.9226258993148804
fan/train/section_00_source_train_normal_0495_spd_3.wav,in_support,amplitude_modulation,0.04487898200750351
fan/train/section_00_source_train_normal_0496_spd_1.wav,in_support,amplitude_modulation,0.3694091737270355
fan/train/section_00_source_train_normal_0497_spd_2.wav,in_support,periodic_resonance,0.25772330164909363
fan/train/section_00_source_train_normal_0498_spd_2.wav,in_support,periodic_resonance,0.8875557780265808
fan/train/section_00_source_train_normal_0499_spd_1.wav,in_support,periodic_resonance,0.8405200242996216
fan/train/section_00_source_train_normal_0500_spd_3.wav,in_support,frequency_modulation,0.8022599220275879
fan/train/section_00_source_train_normal_0501_spd_2.wav,in_support,amplitude_modulation,0.5499908328056335
fan/train/section_00_source_train_normal_0502_spd_3.wav,in_support,frequency_modulation,0.9434890747070312
fan/train/section_00_source_train_normal_0503_spd_2.wav,in_support,frequency_modulation,0.39747118949890137
fan/train/section_00_source_train_normal_0504_spd_3.wav,in_support,frequency_modulation,0.7765818238258362
fan/train/section_00_source_train_normal_0505_spd_3.wav,in_support,periodic_resonance,0.46008309721946716
fan/train/section_00_source_train_normal_0506_spd_2.wav,in_support,amplitude_modulation,0.0786399245262146
fan/train/section_00_source_train_normal_0507_spd_1.wav,in_support,periodic_resonance,0.8418055772781372
fan/train/section_00_source_train_normal_0508_spd_3.wav,in_support,frequency_modulation,0.7056530117988586
fan/train/section_00_source_train_normal_0509_spd_2.wav,in_support,periodic_resonance,0.8775387406349182
fan/train/section_00_source_train_normal_0510_spd_2.wav,in_support,periodic_resonance,0.9653714895248413
fan/train/section_00_source_train_normal_0511_spd_3.wav,in_support,amplitude_modulation,0.1251574456691742
fan/train/section_00_source_train_normal_0512_spd_2.wav,in_support,frequency_modulation,0.8999713659286499
fan/train/section_00_source_train_normal_0513_spd_1.wav,in_support,frequency_modulation,0.9239742755889893
fan/train/section_00_source_train_normal_0514_spd_2.wav,in_support,periodic_resonance,0.9039308428764343
fan/train/section_00_source_train_normal_0515_spd_1.wav,in_support,frequency_modulation,0.3517968952655792
fan/train/section_00_source_train_normal_0516_spd_1.wav,in_support,amplitude_modulation,0.4567452669143677
fan/train/section_00_source_train_normal_0517_spd_1.wav,in_support,amplitude_modulation,0.7420439124107361
fan/train/section_00_source_train_normal_0518_spd_2.wav,in_support,frequency_modulation,0.7431092262268066
fan/train/section_00_source_train_normal_0519_spd_2.wav,in_support,amplitude_modulation,0.11359412968158722
fan/train/section_00_source_train_normal_0520_spd_3.wav,in_support,periodic_resonance,0.8982135057449341
fan/train/section_00_source_train_normal_0521_spd_3.wav,in_support,periodic_resonance,0.7612165212631226
fan/train/section_00_source_train_normal_0522_spd_3.wav,in_support,amplitude_modulation,0.7307339906692505
fan/train/section_00_source_train_normal_0523_spd_2.wav,in_support,frequency_modulation,0.9111547470092773
fan/train/section_00_source_train_normal_0524_spd_3.wav,in_support,periodic_resonance,0.9441910982131958
fan/train/section_00_source_train_normal_0525_spd_3.wav,in_support,amplitude_modulation,0.05515391379594803
fan/train/section_00_source_train_normal_0526_spd_3.wav,in_support,periodic_resonance,0.4417495131492615
fan/train/section_00_source_train_normal_0527_spd_2.wav,in_support,frequency_modulation,0.5692099332809448
fan/train/section_00_source_train_normal_0528_spd_1.wav,in_support,frequency_modulation,0.8601666688919067
fan/train/section_00_source_train_normal_0529_spd_3.wav,in_support,frequency_modulation,0.9015955328941345
fan/train/section_00_source_train_normal_0530_spd_1.wav,in_support,amplitude_modulation,0.3122309446334839
fan/train/section_00_source_train_normal_0531_spd_1.wav,in_support,frequency_modulation,0.5716484785079956
fan/train/section_00_source_train_normal_0532_spd_3.wav,in_support,amplitude_modulation,0.4600004255771637
fan/train/section_00_source_train_normal_0533_spd_1.wav,in_support,frequency_modulation,0.1795314997434616
fan/train/section_00_source_train_normal_0534_spd_1.wav,in_support,periodic_resonance,0.9568247199058533
fan/train/section_00_source_train_normal_0535_spd_3.wav,in_support,frequency_modulation,0.6365405917167664
fan/train/section_00_source_train_normal_0536_spd_3.wav,in_support,frequency_modulation,0.8555269241333008
fan/train/section_00_source_train_normal_0537_spd_2.wav,in_support,frequency_modulation,0.9282190799713135
fan/train/section_00_source_train_normal_0538_spd_2.wav,in_support,amplitude_modulation,0.20616912841796875
fan/train/section_00_source_train_normal_0539_spd_3.wav,in_support,amplitude_modulation,0.8661535978317261
fan/train/section_00_source_train_normal_0540_spd_3.wav,in_support,frequency_modulation,0.7530232667922974
fan/train/section_00_source_train_normal_0541_spd_1.wav,in_support,amplitude_modulation,0.6497939229011536
fan/train/section_00_source_train_normal_0542_spd_1.wav,in_support,frequency_modulation,0.8171643018722534
fan/train/section_00_source_train_normal_0543_spd_1.wav,in_support,frequency_modulation,0.8658321499824524
fan/train/section_00_source_train_normal_0544_spd_1.wav,in_support,frequency_modulation,0.9947307109832764
fan/train/section_00_source_train_normal_0545_spd_3.wav,in_support,frequency_modulation,0.9122543931007385
fan/train/section_00_source_train_normal_0546_spd_3.wav,in_support,amplitude_modulation,0.8675475716590881
fan/train/section_00_source_train_normal_0547_spd_2.wav,in_support,frequency_modulation,0.18829143047332764
fan/train/section_00_source_train_normal_0548_spd_1.wav,in_support,periodic_resonance,0.7995004653930664
fan/train/section_00_source_train_normal_0549_spd_3.wav,in_support,periodic_resonance,0.5735201239585876
fan/train/section_00_source_train_normal_0550_spd_3.wav,in_support,periodic_resonance,0.7955479025840759
fan/train/section_00_source_train_normal_0551_spd_2.wav,in_support,frequency_modulation,0.5544843673706055
fan/train/section_00_source_train_normal_0552_spd_1.wav,in_support,amplitude_modulation,0.853112518787384
fan/train/section_00_source_train_normal_0553_spd_2.wav,in_support,periodic_resonance,0.9568612575531006
fan/train/section_00_source_train_normal_0554_spd_3.wav,in_support,amplitude_modulation,0.5324752926826477
fan/train/section_00_source_train_normal_0555_spd_1.wav,in_support,amplitude_modulation,0.7228087782859802
fan/train/section_00_source_train_normal_0556_spd_1.wav,in_support,periodic_resonance,0.5599644780158997
fan/train/section_00_source_train_normal_0557_spd_3.wav,in_support,amplitude_modulation,0.7240986227989197
fan/train/section_00_source_train_normal_0558_spd_3.wav,in_support,amplitude_modulation,0.8189484477043152
fan/train/section_00_source_train_normal_0559_spd_2.wav,in_support,periodic_resonance,0.4565685987472534
fan/train/section_00_source_train_normal_0560_spd_3.wav,in_support,frequency_modulation,0.8571419715881348
fan/train/section_00_source_train_normal_0561_spd_1.wav,in_support,frequency_modulation,0.8978391289710999
fan/train/section_00_source_train_normal_0562_spd_3.wav,in_support,amplitude_modulation,0.8295779228210449
fan/train/section_00_source_train_normal_0563_spd_3.wav,in_support,frequency_modulation,0.5844004154205322
fan/train/section_00_source_train_normal_0564_spd_3.wav,in_support,frequency_modulation,0.8648577928543091
fan/train/section_00_source_train_normal_0565_spd_2.wav,in_support,amplitude_modulation,0.5897754430770874
fan/train/section_00_source_train_normal_0566_spd_1.wav,in_support,frequency_modulation,0.9720538258552551
fan/train/section_00_source_train_normal_0567_spd_3.wav,in_support,frequency_modulation,0.5913002490997314
fan/train/section_00_source_train_normal_0568_spd_2.wav,in_support,periodic_resonance,0.7167327404022217
fan/train/section_00_source_train_normal_0569_spd_2.wav,in_support,frequency_modulation,0.7127295732498169
fan/train/section_00_source_train_normal_0570_spd_1.wav,in_support,frequency_modulation,0.8931757211685181
fan/train/section_00_source_train_normal_0571_spd_3.wav,in_support,amplitude_modulation,0.7185132503509521
fan/train/section_00_source_train_normal_0572_spd_1.wav,in_support,frequency_modulation,0.7998203039169312
fan/train/section_00_source_train_normal_0573_spd_1.wav,in_support,amplitude_modulation,0.8217918872833252
fan/train/section_00_source_train_normal_0574_spd_3.wav,in_support,amplitude_modulation,0.9145076870918274
fan/train/section_00_source_train_normal_0575_spd_3.wav,in_support,amplitude_modulation,0.26755431294441223
fan/train/section_00_source_train_normal_0576_spd_3.wav,in_support,amplitude_modulation,0.1832321584224701
fan/train/section_00_source_train_normal_0577_spd_1.wav,in_support,periodic_resonance,0.8510094285011292
fan/train/section_00_source_train_normal_0578_spd_1.wav,in_support,amplitude_modulation,0.6256999373435974
fan/train/section_00_source_train_normal_0579_spd_2.wav,in_support,amplitude_modulation,0.7812780737876892
fan/train/section_00_source_train_normal_0580_spd_2.wav,in_support,periodic_resonance,0.9807356595993042
fan/train/section_00_source_train_normal_0581_spd_1.wav,in_support,frequency_modulation,0.8909770250320435
fan/train/section_00_source_train_normal_0582_spd_2.wav,in_support,frequency_modulation,0.5437002778053284
fan/train/section_00_source_train_normal_0583_spd_3.wav,in_support,frequency_modulation,0.6553270220756531
fan/train/section_00_source_train_normal_0584_spd_2.wav,in_support,frequency_modulation,0.3295080363750458
fan/train/section_00_source_train_normal_0585_spd_1.wav,in_support,amplitude_modulation,0.7810640335083008
fan/train/section_00_source_train_normal_0586_spd_3.wav,in_support,periodic_resonance,0.13686901330947876
fan/train/section_00_source_train_normal_0587_spd_2.wav,in_support,amplitude_modulation,0.9229997396469116
fan/train/section_00_source_train_normal_0588_spd_3.wav,in_support,frequency_modulation,0.8663859367370605
fan/train/section_00_source_train_normal_0589_spd_3.wav,in_support,amplitude_modulation,0.7682921290397644
fan/train/section_00_source_train_normal_0590_spd_1.wav,in_support,periodic_resonance,0.2863457500934601
fan/train/section_00_source_train_normal_0591_spd_1.wav,in_support,amplitude_modulation,0.3105531632900238
fan/train/section_00_source_train_normal_0592_spd_2.wav,in_support,amplitude_modulation,0.5801519155502319
fan/train/section_00_source_train_normal_0593_spd_2.wav,in_support,amplitude_modulation,0.07904178649187088
fan/train/section_00_source_train_normal_0594_spd_1.wav,in_support,frequency_modulation,0.8939263224601746
fan/train/section_00_source_train_normal_0595_spd_2.wav,in_support,amplitude_modulation,0.1923357993364334
fan/train/section_00_source_train_normal_0596_spd_1.wav,in_support,frequency_modulation,0.45199406147003174
fan/train/section_00_source_train_normal_0597_spd_3.wav,in_support,frequency_modulation,0.85558021068573
fan/train/section_00_source_train_normal_0598_spd_2.wav,in_support,frequency_modulation,0.9080347418785095
fan/train/section_00_source_train_normal_0599_spd_1.wav,in_support,periodic_resonance,0.8747141361236572
fan/train/section_00_source_train_normal_0600_spd_3.wav,in_support,frequency_modulation,0.24231795966625214
fan/train/section_00_source_train_normal_0601_spd_2.wav,in_support,frequency_modulation,0.2857079803943634
fan/train/section_00_source_train_normal_0602_spd_2.wav,in_support,amplitude_modulation,0.10978717356920242
fan/train/section_00_source_train_normal_0603_spd_2.wav,in_support,periodic_resonance,0.9209266901016235
fan/train/section_00_source_train_normal_0604_spd_2.wav,in_support,periodic_resonance,0.8725498914718628
fan/train/section_00_source_train_normal_0605_spd_3.wav,in_support,amplitude_modulation,0.05682922154664993
fan/train/section_00_source_train_normal_0606_spd_2.wav,in_support,amplitude_modulation,0.13243016600608826
fan/train/section_00_source_train_normal_0607_spd_3.wav,in_support,periodic_resonance,0.6522246599197388
fan/train/section_00_source_train_normal_0608_spd_1.wav,in_support,amplitude_modulation,0.17753799259662628
fan/train/section_00_source_train_normal_0609_spd_1.wav,in_support,frequency_modulation,0.876805305480957
fan/train/section_00_source_train_normal_0610_spd_2.wav,in_support,amplitude_modulation,0.9121313691139221
fan/train/section_00_source_train_normal_0611_spd_1.wav,in_support,frequency_modulation,0.8984137773513794
fan/train/section_00_source_train_normal_0612_spd_1.wav,in_support,frequency_modulation,0.8172174692153931
fan/train/section_00_source_train_normal_0613_spd_1.wav,in_support,amplitude_modulation,0.9397627711296082
fan/train/section_00_source_train_normal_0614_spd_3.wav,in_support,amplitude_modulation,0.34247565269470215
fan/train/section_00_source_train_normal_0615_spd_1.wav,in_support,periodic_resonance,0.18390603363513947
fan/train/section_00_source_train_normal_0616_spd_1.wav,in_support,periodic_resonance,0.9428507089614868
fan/train/section_00_source_train_normal_0617_spd_1.wav,in_support,frequency_modulation,0.8542789220809937
fan/train/section_00_source_train_normal_0618_spd_3.wav,in_support,periodic_resonance,0.8508285880088806
fan/train/section_00_source_train_normal_0619_spd_2.wav,in_support,amplitude_modulation,0.4333031177520752
fan/train/section_00_source_train_normal_0620_spd_2.wav,in_support,periodic_resonance,0.3072783946990967
fan/train/section_00_source_train_normal_0621_spd_3.wav,in_support,frequency_modulation,0.7635162472724915
fan/train/section_00_source_train_normal_0622_spd_2.wav,in_support,frequency_modulation,0.45048782229423523
fan/train/section_00_source_train_normal_0623_spd_3.wav,in_support,periodic_resonance,0.9982678294181824
fan/train/section_00_source_train_normal_0624_spd_1.wav,in_support,amplitude_modulation,0.1111043244600296
fan/train/section_00_source_train_normal_0625_spd_2.wav,in_support,amplitude_modulation,0.8628387451171875
fan/train/section_00_source_train_normal_0626_spd_3.wav,in_support,periodic_resonance,0.8702166676521301
fan/train/section_00_source_train_normal_0627_spd_1.wav,in_support,periodic_resonance,0.3117975890636444
fan/train/section_00_source_train_normal_0628_spd_1.wav,in_support,periodic_resonance,0.3252674639225006
fan/train/section_00_source_train_normal_0629_spd_2.wav,in_support,periodic_resonance,0.6589471697807312
fan/train/section_00_source_train_normal_0630_spd_3.wav,in_support,amplitude_modulation,0.07421664148569107
fan/train/section_00_source_train_normal_0631_spd_2.wav,in_support,periodic_resonance,0.9555009603500366
fan/train/section_00_source_train_normal_0632_spd_2.wav,in_support,frequency_modulation,0.6831745505332947
fan/train/section_00_source_train_normal_0633_spd_1.wav,in_support,frequency_modulation,0.5306453704833984
fan/train/section_00_source_train_normal_0634_spd_3.wav,in_support,amplitude_modulation,0.8049005270004272
fan/train/section_00_source_train_normal_0635_spd_2.wav,in_support,periodic_resonance,0.9433194398880005
fan/train/section_00_source_train_normal_0636_spd_3.wav,in_support,amplitude_modulation,0.5358454585075378
fan/train/section_00_source_train_normal_0637_spd_1.wav,in_support,periodic_resonance,0.922824501991272
fan/train/section_00_source_train_normal_0638_spd_3.wav,in_support,amplitude_modulation,0.33605822920799255
fan/train/section_00_source_train_normal_0639_spd_3.wav,in_support,periodic_resonance,0.9472880363464355
fan/train/section_00_source_train_normal_0640_spd_3.wav,in_support,frequency_modulation,0.6460192799568176
fan/train/section_00_source_train_normal_0641_spd_2.wav,in_support,amplitude_modulation,0.46917372941970825
fan/train/section_00_source_train_normal_0642_spd_1.wav,in_support,amplitude_modulation,0.10991314798593521
fan/train/section_00_source_train_normal_0643_spd_1.wav,in_support,frequency_modulation,0.9063292741775513
fan/train/section_00_source_train_normal_0644_spd_3.wav,in_support,frequency_modulation,0.5232687592506409
fan/train/section_00_source_train_normal_0645_spd_1.wav,in_support,frequency_modulation,0.7892914414405823
fan/train/section_00_source_train_normal_0646_spd_3.wav,in_support,periodic_resonance,0.6165058016777039
fan/train/section_00_source_train_normal_0647_spd_1.wav,in_support,frequency_modulation,0.21545694768428802
fan/train/section_00_source_train_normal_0648_spd_3.wav,in_support,amplitude_modulation,0.11004164814949036
fan/train/section_00_source_train_normal_0649_spd_2.wav,in_support,amplitude_modulation,0.06551390141248703
fan/train/section_00_source_train_normal_0650_spd_1.wav,in_support,amplitude_modulation,0.8435335159301758
fan/train/section_00_source_train_normal_0651_spd_3.wav,in_support,frequency_modulation,0.7670345306396484
fan/train/section_00_source_train_normal_0652_spd_2.wav,in_support,periodic_resonance,0.7824523448944092
fan/train/section_00_source_train_normal_0653_spd_2.wav,in_support,amplitude_modulation,0.06891976296901703
fan/train/section_00_source_train_normal_0654_spd_1.wav,in_support,frequency_modulation,0.8510329127311707
fan/train/section_00_source_train_normal_0655_spd_2.wav,in_support,periodic_resonance,0.7552741765975952
fan/train/section_00_source_train_normal_0656_spd_2.wav,in_support,frequency_modulation,0.5209329128265381
fan/train/section_00_source_train_normal_0657_spd_3.wav,in_support,periodic_resonance,0.5416361689567566
fan/train/section_00_source_train_normal_0658_spd_2.wav,in_support,periodic_resonance,0.8954087495803833
fan/train/section_00_source_train_normal_0659_spd_1.wav,in_support,frequency_modulation,0.6123066544532776
fan/train/section_00_source_train_normal_0660_spd_1.wav,in_support,periodic_resonance,0.8261916637420654
fan/train/section_00_source_train_normal_0661_spd_1.wav,in_support,frequency_modulation,0.6541863083839417
fan/train/section_00_source_train_normal_0662_spd_3.wav,in_support,periodic_resonance,0.9564865231513977
fan/train/section_00_source_train_normal_0663_spd_3.wav,in_support,amplitude_modulation,0.717397153377533
fan/train/section_00_source_train_normal_0664_spd_2.wav,in_support,frequency_modulation,0.7590309977531433
fan/train/section_00_source_train_normal_0665_spd_1.wav,in_support,periodic_resonance,0.5097729563713074
fan/train/section_00_source_train_normal_0666_spd_2.wav,in_support,periodic_resonance,0.9393208026885986
fan/train/section_00_source_train_normal_0667_spd_3.wav,in_support,periodic_resonance,0.9545705318450928
fan/train/section_00_source_train_normal_0668_spd_2.wav,in_support,periodic_resonance,0.9361465573310852
fan/train/section_00_source_train_normal_0669_spd_3.wav,in_support,periodic_resonance,0.7321078777313232
fan/train/section_00_source_train_normal_0670_spd_3.wav,in_support,frequency_modulation,0.12503792345523834
fan/train/section_00_source_train_normal_0671_spd_3.wav,in_support,amplitude_modulation,0.585833728313446
fan/train/section_00_source_train_normal_0672_spd_3.wav,in_support,periodic_resonance,0.9053105115890503
fan/train/section_00_source_train_normal_0673_spd_3.wav,in_support,amplitude_modulation,0.5800884962081909
fan/train/section_00_source_train_normal_0674_spd_1.wav,in_support,periodic_resonance,0.5172728896141052
fan/train/section_00_source_train_normal_0675_spd_3.wav,in_support,periodic_resonance,0.960720956325531
fan/train/section_00_source_train_normal_0676_spd_1.wav,in_support,periodic_resonance,0.9760172963142395
fan/train/section_00_source_train_normal_0677_spd_1.wav,in_support,amplitude_modulation,0.8500380516052246
fan/train/section_00_source_train_normal_0678_spd_3.wav,in_support,frequency_modulation,0.9064520597457886
fan/train/section_00_source_train_normal_0679_spd_2.wav,in_support,periodic_resonance,0.7381688356399536
fan/train/section_00_source_train_normal_0680_spd_3.wav,in_support,periodic_resonance,0.5065290331840515
fan/train/section_00_source_train_normal_0681_spd_2.wav,in_support,frequency_modulation,0.43751397728919983
fan/train/section_00_source_train_normal_0682_spd_2.wav,in_support,amplitude_modulation,0.13281801342964172
fan/train/section_00_source_train_normal_0683_spd_2.wav,in_support,amplitude_modulation,0.17279043793678284
fan/train/section_00_source_train_normal_0684_spd_3.wav,in_support,amplitude_modulation,0.07986415922641754
fan/train/section_00_source_train_normal_0685_spd_1.wav,in_support,frequency_modulation,0.8263451457023621
fan/train/section_00_source_train_normal_0686_spd_3.wav,in_support,frequency_modulation,0.46071353554725647
fan/train/section_00_source_train_normal_0687_spd_3.wav,in_support,frequency_modulation,0.49468088150024414
fan/train/section_00_source_train_normal_0688_spd_2.wav,in_support,frequency_modulation,0.8620790839195251
fan/train/section_00_source_train_normal_0689_spd_2.wav,in_support,periodic_resonance,0.8489444255828857
fan/train/section_00_source_train_normal_0690_spd_2.wav,in_support,periodic_resonance,0.31594496965408325
fan/train/section_00_source_train_normal_0691_spd_3.wav,in_support,periodic_resonance,0.8734420537948608
fan/train/section_00_source_train_normal_0692_spd_2.wav,in_support,periodic_resonance,0.5632591843605042
fan/train/section_00_source_train_normal_0693_spd_1.wav,in_support,periodic_resonance,0.7564258575439453
fan/train/section_00_source_train_normal_0694_spd_3.wav,in_support,frequency_modulation,0.7928177118301392
fan/train/section_00_source_train_normal_0695_spd_1.wav,in_support,amplitude_modulation,0.9153549671173096
fan/train/section_00_source_train_normal_0696_spd_1.wav,in_support,frequency_modulation,0.7105662822723389
fan/train/section_00_source_train_normal_0697_spd_2.wav,in_support,periodic_resonance,0.24634718894958496
fan/train/section_00_source_train_normal_0698_spd_1.wav,in_support,periodic_resonance,0.8416180610656738
fan/train/section_00_source_train_normal_0699_spd_1.wav,in_support,amplitude_modulation,0.08672396838665009
fan/train/section_00_source_train_normal_0700_spd_2.wav,in_support,frequency_modulation,0.9449973702430725
fan/train/section_00_source_train_normal_0701_spd_3.wav,in_support,frequency_modulation,0.703159749507904
fan/train/section_00_source_train_normal_0702_spd_3.wav,in_support,amplitude_modulation,0.2568127512931824
fan/train/section_00_source_train_normal_0703_spd_3.wav,in_support,amplitude_modulation,0.5254315733909607
fan/train/section_00_source_train_normal_0704_spd_1.wav,in_support,periodic_resonance,0.826643168926239
fan/train/section_00_source_train_normal_0705_spd_1.wav,in_support,frequency_modulation,0.5924382209777832
fan/train/section_00_source_train_normal_0706_spd_1.wav,in_support,frequency_modulation,0.3146793842315674
fan/train/section_00_source_train_normal_0707_spd_3.wav,in_support,periodic_resonance,0.5356164574623108
fan/train/section_00_source_train_normal_0708_spd_2.wav,in_support,periodic_resonance,0.777847170829773
fan/train/section_00_source_train_normal_0709_spd_2.wav,in_support,periodic_resonance,0.8445530533790588
fan/train/section_00_source_train_normal_0710_spd_2.wav,in_support,frequency_modulation,0.8055458068847656
fan/train/section_00_source_train_normal_0711_spd_3.wav,in_support,amplitude_modulation,0.5226230621337891
fan/train/section_00_source_train_normal_0712_spd_1.wav,in_support,frequency_modulation,0.6284573078155518
fan/train/section_00_source_train_normal_0713_spd_3.wav,in_support,periodic_resonance,0.619921088218689
fan/train/section_00_source_train_normal_0714_spd_1.wav,in_support,periodic_resonance,0.8977564573287964
fan/train/section_00_source_train_normal_0715_spd_1.wav,in_support,periodic_resonance,0.8196755051612854
fan/train/section_00_source_train_normal_0716_spd_2.wav,in_support,amplitude_modulation,0.48743319511413574
fan/train/section_00_source_train_normal_0717_spd_3.wav,in_support,frequency_modulation,0.2808101773262024
fan/train/section_00_source_train_normal_0718_spd_3.wav,in_support,periodic_resonance,0.8178975582122803
fan/train/section_00_source_train_normal_0719_spd_2.wav,in_support,frequency_modulation,0.4503898322582245
fan/train/section_00_source_train_normal_0720_spd_2.wav,in_support,periodic_resonance,0.9384528398513794
fan/train/section_00_source_train_normal_0721_spd_2.wav,in_support,amplitude_modulation,0.38534361124038696
fan/train/section_00_source_train_normal_0722_spd_2.wav,in_support,frequency_modulation,0.9059106111526489
fan/train/section_00_source_train_normal_0723_spd_1.wav,in_support,periodic_resonance,0.6372236609458923
fan/train/section_00_source_train_normal_0724_spd_2.wav,in_support,periodic_resonance,0.7703138589859009
fan/train/section_00_source_train_normal_0725_spd_1.wav,in_support,amplitude_modulation,0.15501900017261505
fan/train/section_00_source_train_normal_0726_spd_1.wav,in_support,amplitude_modulation,0.8093208074569702
fan/train/section_00_source_train_normal_0727_spd_3.wav,in_support,frequency_modulation,0.681045413017273
fan/train/section_00_source_train_normal_0728_spd_2.wav,in_support,periodic_resonance,0.20020811259746552
fan/train/section_00_source_train_normal_0729_spd_3.wav,in_support,amplitude_modulation,0.6101798415184021
fan/train/section_00_source_train_normal_0730_spd_2.wav,in_support,amplitude_modulation,0.16291455924510956
fan/train/section_00_source_train_normal_0731_spd_1.wav,in_support,amplitude_modulation,0.5432252883911133
fan/train/section_00_source_train_normal_0732_spd_1.wav,in_support,periodic_resonance,0.8543853759765625
fan/train/section_00_source_train_normal_0733_spd_1.wav,in_support,amplitude_modulation,0.27697718143463135
fan/train/section_00_source_train_normal_0734_spd_2.wav,in_support,frequency_modulation,0.2806267738342285
fan/train/section_00_source_train_normal_0735_spd_1.wav,in_support,amplitude_modulation,0.8607293367385864
fan/train/section_00_source_train_normal_0736_spd_3.wav,in_support,periodic_resonance,0.8413769602775574
fan/train/section_00_source_train_normal_0737_spd_2.wav,in_support,frequency_modulation,0.7065204977989197
fan/train/section_00_source_train_normal_0738_spd_1.wav,in_support,frequency_modulation,0.8957230448722839
fan/train/section_00_source_train_normal_0739_spd_1.wav,in_support,amplitude_modulation,0.23443692922592163
fan/train/section_00_source_train_normal_0740_spd_1.wav,in_support,periodic_resonance,0.9444381594657898
fan/train/section_00_source_train_normal_0741_spd_2.wav,in_support,frequency_modulation,0.3728265166282654
fan/train/section_00_source_train_normal_0742_spd_2.wav,in_support,amplitude_modulation,0.4843579828739166
fan/train/section_00_source_train_normal_0743_spd_1.wav,in_support,amplitude_modulation,0.13476349413394928
fan/train/section_00_source_train_normal_0744_spd_3.wav,in_support,amplitude_modulation,0.9368035793304443
fan/train/section_00_source_train_normal_0745_spd_2.wav,in_support,periodic_resonance,0.9518426656723022
fan/train/section_00_source_train_normal_0746_spd_3.wav,in_support,amplitude_modulation,0.8699370622634888
fan/train/section_00_source_train_normal_0747_spd_2.wav,in_support,amplitude_modulation,0.8878360390663147
fan/train/section_00_source_train_normal_0748_spd_3.wav,in_support,periodic_resonance,0.8191519379615784
fan/train/section_00_source_train_normal_0749_spd_1.wav,in_support,amplitude_modulation,0.8081491589546204
fan/train/section_00_source_train_normal_0750_spd_3.wav,in_support,amplitude_modulation,0.17420648038387299
fan/train/section_00_source_train_normal_0751_spd_3.wav,in_support,amplitude_modulation,0.6136877536773682
fan/train/section_00_source_train_normal_0752_spd_1.wav,in_support,periodic_resonance,0.9363324046134949
fan/train/section_00_source_train_normal_0753_spd_2.wav,in_support,frequency_modulation,0.4964054524898529
fan/train/section_00_source_train_normal_0754_spd_3.wav,in_support,amplitude_modulation,0.11144104599952698
fan/train/section_00_source_train_normal_0755_spd_2.wav,in_support,frequency_modulation,0.5860800743103027
fan/train/section_00_source_train_normal_0756_spd_3.wav,in_support,frequency_modulation,0.8019416928291321
fan/train/section_00_source_train_normal_0757_spd_1.wav,in_support,periodic_resonance,0.9477465748786926
fan/train/section_00_source_train_normal_0758_spd_1.wav,in_support,frequency_modulation,0.7824152708053589
fan/train/section_00_source_train_normal_0759_spd_3.wav,in_support,frequency_modulation,0.9489317536354065
fan/train/section_00_source_train_normal_0760_spd_1.wav,in_support,periodic_resonance,0.8273099660873413
fan/train/section_00_source_train_normal_0761_spd_3.wav,in_support,frequency_modulation,0.9362942576408386
fan/train/section_00_source_train_normal_0762_spd_2.wav,in_support,amplitude_modulation,0.1636897623538971
fan/train/section_00_source_train_normal_0763_spd_2.wav,in_support,amplitude_modulation,0.8260440230369568
fan/train/section_00_source_train_normal_0764_spd_1.wav,in_support,amplitude_modulation,0.7199656963348389
fan/train/section_00_source_train_normal_0765_spd_2.wav,in_support,amplitude_modulation,0.8645859956741333
fan/train/section_00_source_train_normal_0766_spd_1.wav,in_support,periodic_resonance,0.8523657321929932
fan/train/section_00_source_train_normal_0767_spd_1.wav,in_support,frequency_modulation,0.4788415729999542
fan/train/section_00_source_train_normal_0768_spd_3.wav,in_support,frequency_modulation,0.6064568161964417
fan/train/section_00_source_train_normal_0769_spd_3.wav,in_support,frequency_modulation,0.9477567672729492
fan/train/section_00_source_train_normal_0770_spd_2.wav,in_support,periodic_resonance,0.8113991022109985
fan/train/section_00_source_train_normal_0771_spd_2.wav,in_support,frequency_modulation,0.16871634125709534
fan/train/section_00_source_train_normal_0772_spd_1.wav,in_support,periodic_resonance,0.9450432062149048
fan/train/section_00_source_train_normal_0773_spd_3.wav,in_support,frequency_modulation,0.24776867032051086
fan/train/section_00_source_train_normal_0774_spd_3.wav,in_support,amplitude_modulation,0.06877997517585754
fan/train/section_00_source_train_normal_0775_spd_1.wav,in_support,frequency_modulation,0.2928151786327362
fan/train/section_00_source_train_normal_0776_spd_1.wav,in_support,frequency_modulation,0.9359301328659058
fan/train/section_00_source_train_normal_0777_spd_3.wav,in_support,amplitude_modulation,0.9270326495170593
fan/train/section_00_source_train_normal_0778_spd_1.wav,in_support,amplitude_modulation,0.9226514101028442
fan/train/section_00_source_train_normal_0779_spd_1.wav,in_support,frequency_modulation,0.3881480097770691
fan/train/section_00_source_train_normal_0780_spd_3.wav,in_support,amplitude_modulation,0.5325791239738464
fan/train/section_00_source_train_normal_0781_spd_3.wav,in_support,amplitude_modulation,0.8196724057197571
fan/train/section_00_source_train_normal_0782_spd_1.wav,in_support,amplitude_modulation,0.43601348996162415
fan/train/section_00_source_train_normal_0783_spd_3.wav,in_support,amplitude_modulation,0.48375022411346436
fan/train/section_00_source_train_normal_0784_spd_3.wav,in_support,frequency_modulation,0.5729213953018188
fan/train/section_00_source_train_normal_0785_spd_2.wav,in_support,amplitude_modulation,0.28524139523506165
fan/train/section_00_source_train_normal_0786_spd_3.wav,in_support,periodic_resonance,0.5064058899879456
fan/train/section_00_source_train_normal_0787_spd_3.wav,in_support,frequency_modulation,0.8601199388504028
fan/train/section_00_source_train_normal_0788_spd_3.wav,in_support,frequency_modulation,0.7033512592315674
fan/train/section_00_source_train_normal_0789_spd_3.wav,in_support,periodic_resonance,0.819518506526947
fan/train/section_00_source_train_normal_0790_spd_1.wav,in_support,periodic_resonance,0.9163097739219666
fan/train/section_00_source_train_normal_0791_spd_1.wav,in_support,amplitude_modulation,0.7736077904701233
fan/train/section_00_source_train_normal_0792_spd_1.wav,in_support,periodic_resonance,0.7551513314247131
fan/train/section_00_source_train_normal_0793_spd_1.wav,in_support,periodic_resonance,0.8986952900886536
fan/train/section_00_source_train_normal_0794_spd_3.wav,in_support,periodic_resonance,0.5053765773773193
fan/train/section_00_source_train_normal_0795_spd_1.wav,in_support,frequency_modulation,0.3721020519733429
fan/train/section_00_source_train_normal_0796_spd_2.wav,in_support,periodic_resonance,0.781025767326355
fan/train/section_00_source_train_normal_0797_spd_1.wav,in_support,periodic_resonance,0.903021514415741
fan/train/section_00_source_train_normal_0798_spd_2.wav,in_support,frequency_modulation,0.3081446886062622
fan/train/section_00_source_train_normal_0799_spd_3.wav,in_support,periodic_resonance,0.841209888458252
fan/train/section_00_source_train_normal_0800_spd_2.wav,in_support,frequency_modulation,0.7653299570083618
fan/train/section_00_source_train_normal_0801_spd_1.wav,in_support,periodic_resonance,0.6821556687355042
fan/train/section_00_source_train_normal_0802_spd_2.wav,in_support,amplitude_modulation,0.169447124004364
fan/train/section_00_source_train_normal_0803_spd_3.wav,in_support,frequency_modulation,0.7238810658454895
fan/train/section_00_source_train_normal_0804_spd_3.wav,in_support,periodic_resonance,0.677306592464447
fan/train/section_00_source_train_normal_0805_spd_1.wav,in_support,frequency_modulation,0.7279664874076843
fan/train/section_00_source_train_normal_0806_spd_2.wav,in_support,frequency_modulation,0.8800573945045471
fan/train/section_00_source_train_normal_0807_spd_2.wav,in_support,periodic_resonance,0.8415619134902954
fan/train/section_00_source_train_normal_0808_spd_1.wav,in_support,frequency_modulation,0.891632080078125
fan/train/section_00_source_train_normal_0809_spd_3.wav,in_support,amplitude_modulation,0.6807469129562378
fan/train/section_00_source_train_normal_0810_spd_1.wav,in_support,amplitude_modulation,0.7613118886947632
fan/train/section_00_source_train_normal_0811_spd_2.wav,in_support,amplitude_modulation,0.5192605257034302
fan/train/section_00_source_train_normal_0812_spd_2.wav,in_support,frequency_modulation,0.9151042699813843
fan/train/section_00_source_train_normal_0813_spd_1.wav,in_support,amplitude_modulation,0.19743220508098602
fan/train/section_00_source_train_normal_0814_spd_2.wav,in_support,periodic_resonance,0.4822867810726166
fan/train/section_00_source_train_normal_0815_spd_2.wav,in_support,periodic_resonance,0.8658395409584045
fan/train/section_00_source_train_normal_0816_spd_2.wav,in_support,amplitude_modulation,0.8019441366195679
fan/train/section_00_source_train_normal_0817_spd_2.wav,in_support,amplitude_modulation,0.5570888519287109
fan/train/section_00_source_train_normal_0818_spd_1.wav,in_support,periodic_resonance,0.9582991600036621
fan/train/section_00_source_train_normal_0819_spd_2.wav,in_support,amplitude_modulation,0.47671958804130554
fan/train/section_00_source_train_normal_0820_spd_2.wav,in_support,amplitude_modulation,0.8781905770301819
fan/train/section_00_source_train_normal_0821_spd_2.wav,in_support,amplitude_modulation,0.11244987696409225
fan/train/section_00_source_train_normal_0822_spd_1.wav,in_support,frequency_modulation,0.8120231628417969
fan/train/section_00_source_train_normal_0823_spd_1.wav,in_support,amplitude_modulation,0.7592326998710632
fan/train/section_00_source_train_normal_0824_spd_3.wav,in_support,periodic_resonance,0.6765934228897095
fan/train/section_00_source_train_normal_0825_spd_1.wav,in_support,amplitude_modulation,0.6640698909759521
fan/train/section_00_source_train_normal_0826_spd_3.wav,in_support,periodic_resonance,0.9556614756584167
fan/train/section_00_source_train_normal_0827_spd_1.wav,in_support,frequency_modulation,0.7773349285125732
fan/train/section_00_source_train_normal_0828_spd_3.wav,in_support,frequency_modulation,0.1897733062505722
fan/train/section_00_source_train_normal_0829_spd_2.wav,in_support,periodic_resonance,0.9165573120117188
fan/train/section_00_source_train_normal_0830_spd_1.wav,in_support,periodic_resonance,0.7263139486312866
fan/train/section_00_source_train_normal_0831_spd_1.wav,in_support,frequency_modulation,0.8242191076278687
fan/train/section_00_source_train_normal_0832_spd_1.wav,in_support,amplitude_modulation,0.08209914714097977
fan/train/section_00_source_train_normal_0833_spd_1.wav,in_support,amplitude_modulation,0.4633808732032776
fan/train/section_00_source_train_normal_0834_spd_3.wav,in_support,amplitude_modulation,0.15668590366840363
fan/train/section_00_source_train_normal_0835_spd_3.wav,in_support,frequency_modulation,0.8885129690170288
fan/train/section_00_source_train_normal_0836_spd_3.wav,in_support,frequency_modulation,0.9134472012519836
fan/train/section_00_source_train_normal_0837_spd_1.wav,in_support,frequency_modulation,0.5368651747703552
fan/train/section_00_source_train_normal_0838_spd_3.wav,in_support,frequency_modulation,0.4157923460006714
fan/train/section_00_source_train_normal_0839_spd_1.wav,in_support,periodic_resonance,0.9441580772399902
fan/train/section_00_source_train_normal_0840_spd_2.wav,in_support,amplitude_modulation,0.14653977751731873
fan/train/section_00_source_train_normal_0841_spd_1.wav,in_support,frequency_modulation,0.548942506313324
fan/train/section_00_source_train_normal_0842_spd_2.wav,in_support,periodic_resonance,0.8343292474746704
fan/train/section_00_source_train_normal_0843_spd_2.wav,in_support,periodic_resonance,0.19554635882377625
fan/train/section_00_source_train_normal_0844_spd_3.wav,in_support,amplitude_modulation,0.6660120487213135
fan/train/section_00_source_train_normal_0845_spd_3.wav,in_support,periodic_resonance,0.870133101940155
fan/train/section_00_source_train_normal_0846_spd_2.wav,in_support,frequency_modulation,0.9828071594238281
fan/train/section_00_source_train_normal_0847_spd_2.wav,in_support,amplitude_modulation,0.26052477955818176
fan/train/section_00_source_train_normal_0848_spd_3.wav,in_support,frequency_modulation,0.9291632771492004
fan/train/section_00_source_train_normal_0849_spd_3.wav,in_support,periodic_resonance,0.8870841860771179
fan/train/section_00_source_train_normal_0850_spd_3.wav,in_support,amplitude_modulation,0.25322476029396057
fan/train/section_00_source_train_normal_0851_spd_1.wav,in_support,frequency_modulation,0.6705899834632874
fan/train/section_00_source_train_normal_0852_spd_3.wav,in_support,periodic_resonance,0.8048390746116638
fan/train/section_00_source_train_normal_0853_spd_3.wav,in_support,frequency_modulation,0.852685272693634
fan/train/section_00_source_train_normal_0854_spd_1.wav,in_support,periodic_resonance,0.9624477028846741
fan/train/section_00_source_train_normal_0855_spd_1.wav,in_support,amplitude_modulation,0.5512604713439941
fan/train/section_00_source_train_normal_0856_spd_1.wav,in_support,frequency_modulation,0.46939605474472046
fan/train/section_00_source_train_normal_0857_spd_3.wav,in_support,periodic_resonance,0.448550820350647
fan/train/section_00_source_train_normal_0858_spd_2.wav,in_support,amplitude_modulation,0.10576551407575607
fan/train/section_00_source_train_normal_0859_spd_2.wav,in_support,frequency_modulation,0.4120403230190277
fan/train/section_00_source_train_normal_0860_spd_2.wav,in_support,periodic_resonance,0.7327758073806763
fan/train/section_00_source_train_normal_0861_spd_1.wav,in_support,periodic_resonance,0.8527332544326782
fan/train/section_00_source_train_normal_0862_spd_3.wav,in_support,amplitude_modulation,0.22207482159137726
fan/train/section_00_source_train_normal_0863_spd_1.wav,in_support,amplitude_modulation,0.06339393556118011
fan/train/section_00_source_train_normal_0864_spd_2.wav,in_support,amplitude_modulation,0.21344003081321716
fan/train/section_00_source_train_normal_0865_spd_3.wav,in_support,amplitude_modulation,0.06326733529567719
fan/train/section_00_source_train_normal_0866_spd_1.wav,in_support,periodic_resonance,0.6667172908782959
fan/train/section_00_source_train_normal_0867_spd_3.wav,in_support,frequency_modulation,0.8095223307609558
fan/train/section_00_source_train_normal_0868_spd_3.wav,in_support,amplitude_modulation,0.3822294771671295
fan/train/section_00_source_train_normal_0869_spd_3.wav,in_support,frequency_modulation,0.519504725933075
fan/train/section_00_source_train_normal_0870_spd_3.wav,in_support,periodic_resonance,0.9088228344917297
fan/train/section_00_source_train_normal_0871_spd_3.wav,in_support,frequency_modulation,0.2861276865005493
fan/train/section_00_source_train_normal_0872_spd_3.wav,in_support,frequency_modulation,0.8279847502708435
fan/train/section_00_source_train_normal_0873_spd_3.wav,in_support,periodic_resonance,0.48610591888427734
fan/train/section_00_source_train_normal_0874_spd_1.wav,in_support,periodic_resonance,0.947897732257843
fan/train/section_00_source_train_normal_0875_spd_3.wav,in_support,periodic_resonance,0.9177932143211365
fan/train/section_00_source_train_normal_0876_spd_1.wav,in_support,amplitude_modulation,0.7419393062591553
fan/train/section_00_source_train_normal_0877_spd_2.wav,in_support,frequency_modulation,0.7090378999710083
fan/train/section_00_source_train_normal_0878_spd_2.wav,in_support,frequency_modulation,0.8892772793769836
fan/train/section_00_source_train_normal_0879_spd_1.wav,in_support,amplitude_modulation,0.29376065731048584
fan/train/section_00_source_train_normal_0880_spd_2.wav,in_support,periodic_resonance,0.9165622591972351
fan/train/section_00_source_train_normal_0881_spd_1.wav,in_support,amplitude_modulation,0.11254045367240906
fan/train/section_00_source_train_normal_0882_spd_1.wav,in_support,amplitude_modulation,0.5152164101600647
fan/train/section_00_source_train_normal_0883_spd_3.wav,in_support,periodic_resonance,0.9000235199928284
fan/train/section_00_source_train_normal_0884_spd_3.wav,in_support,frequency_modulation,0.6751396656036377
fan/train/section_00_source_train_normal_0885_spd_1.wav,in_support,frequency_modulation,0.8334197402000427
fan/train/section_00_source_train_normal_0886_spd_3.wav,in_support,frequency_modulation,0.857232391834259
fan/train/section_00_source_train_normal_0887_spd_1.wav,in_support,periodic_resonance,0.9510530233383179
fan/train/section_00_source_train_normal_0888_spd_3.wav,in_support,periodic_resonance,0.7763426899909973
fan/train/section_00_source_train_normal_0889_spd_2.wav,in_support,periodic_resonance,0.9488139152526855
fan/train/section_00_source_train_normal_0890_spd_2.wav,in_support,frequency_modulation,0.42816779017448425
fan/train/section_00_source_train_normal_0891_spd_1.wav,in_support,periodic_resonance,0.9128628373146057
fan/train/section_00_source_train_normal_0892_spd_2.wav,in_support,amplitude_modulation,0.44326940178871155
fan/train/section_00_source_train_normal_0893_spd_3.wav,in_support,periodic_resonance,0.9566773772239685
fan/train/section_00_source_train_normal_0894_spd_2.wav,in_support,frequency_modulation,0.8164188265800476
fan/train/section_00_source_train_normal_0895_spd_1.wav,in_support,amplitude_modulation,0.38301125168800354
fan/train/section_00_source_train_normal_0896_spd_3.wav,in_support,periodic_resonance,0.438976526260376
fan/train/section_00_source_train_normal_0897_spd_3.wav,in_support,amplitude_modulation,0.7989994883537292
fan/train/section_00_source_train_normal_0898_spd_3.wav,in_support,amplitude_modulation,0.8985724449157715
fan/train/section_00_source_train_normal_0899_spd_2.wav,in_support,periodic_resonance,0.570426881313324
fan/train/section_00_source_train_normal_0900_spd_2.wav,in_support,frequency_modulation,0.9190592169761658
fan/train/section_00_source_train_normal_0901_spd_3.wav,in_support,frequency_modulation,0.6510273218154907
fan/train/section_00_source_train_normal_0902_spd_1.wav,in_support,amplitude_modulation,0.8341687917709351
fan/train/section_00_source_train_normal_0903_spd_2.wav,in_support,amplitude_modulation,0.6885399222373962
fan/train/section_00_source_train_normal_0904_spd_1.wav,in_support,periodic_resonance,0.9754764437675476
fan/train/section_00_source_train_normal_0905_spd_1.wav,in_support,amplitude_modulation,0.12084762752056122
fan/train/section_00_source_train_normal_0906_spd_3.wav,in_support,frequency_modulation,0.8492482304573059
fan/train/section_00_source_train_normal_0907_spd_1.wav,in_support,frequency_modulation,0.3504799008369446
fan/train/section_00_source_train_normal_0908_spd_2.wav,in_support,frequency_modulation,0.9304609894752502
fan/train/section_00_source_train_normal_0909_spd_1.wav,in_support,amplitude_modulation,0.4657653868198395
fan/train/section_00_source_train_normal_0910_spd_3.wav,in_support,frequency_modulation,0.9321535229682922
fan/train/section_00_source_train_normal_0911_spd_3.wav,in_support,periodic_resonance,0.6555455327033997
fan/train/section_00_source_train_normal_0912_spd_1.wav,in_support,frequency_modulation,0.4893251359462738
fan/train/section_00_source_train_normal_0913_spd_2.wav,in_support,amplitude_modulation,0.5371135473251343
fan/train/section_00_source_train_normal_0914_spd_3.wav,in_support,frequency_modulation,0.8810644745826721
fan/train/section_00_source_train_normal_0915_spd_1.wav,in_support,frequency_modulation,0.8447813987731934
fan/train/section_00_source_train_normal_0916_spd_2.wav,in_support,frequency_modulation,0.8760048151016235
fan/train/section_00_source_train_normal_0917_spd_1.wav,in_support,frequency_modulation,0.7719103693962097
fan/train/section_00_source_train_normal_0918_spd_1.wav,in_support,periodic_resonance,0.8378273844718933
fan/train/section_00_source_train_normal_0919_spd_1.wav,in_support,frequency_modulation,0.813687801361084
fan/train/section_00_source_train_normal_0920_spd_2.wav,in_support,amplitude_modulation,0.6105139255523682
fan/train/section_00_source_train_normal_0921_spd_3.wav,in_support,frequency_modulation,0.8585260510444641
fan/train/section_00_source_train_normal_0922_spd_1.wav,in_support,periodic_resonance,0.8811160326004028
fan/train/section_00_source_train_normal_0923_spd_3.wav,in_support,amplitude_modulation,0.4848906397819519
fan/train/section_00_source_train_normal_0924_spd_2.wav,in_support,frequency_modulation,0.8186858892440796
fan/train/section_00_source_train_normal_0925_spd_2.wav,in_support,frequency_modulation,0.6113105416297913
fan/train/section_00_source_train_normal_0926_spd_2.wav,in_support,frequency_modulation,0.8362979888916016
fan/train/section_00_source_train_normal_0927_spd_3.wav,in_support,frequency_modulation,0.7336645722389221
fan/train/section_00_source_train_normal_0928_spd_1.wav,in_support,periodic_resonance,0.7789743542671204
fan/train/section_00_source_train_normal_0929_spd_2.wav,in_support,periodic_resonance,0.8510527014732361
fan/train/section_00_source_train_normal_0930_spd_2.wav,in_support,frequency_modulation,0.8341371417045593
fan/train/section_00_source_train_normal_0931_spd_2.wav,in_support,amplitude_modulation,0.7660671472549438
fan/train/section_00_source_train_normal_0932_spd_3.wav,in_support,frequency_modulation,0.9251024127006531
fan/train/section_00_source_train_normal_0933_spd_1.wav,in_support,amplitude_modulation,0.6673350930213928
fan/train/section_00_source_train_normal_0934_spd_1.wav,in_support,amplitude_modulation,0.07481556385755539
fan/train/section_00_source_train_normal_0935_spd_1.wav,in_support,periodic_resonance,0.9559623003005981
fan/train/section_00_source_train_normal_0936_spd_1.wav,in_support,periodic_resonance,0.8634272813796997
fan/train/section_00_source_train_normal_0937_spd_3.wav,in_support,periodic_resonance,0.24426069855690002
fan/train/section_00_source_train_normal_0938_spd_1.wav,in_support,periodic_resonance,0.8777037858963013
fan/train/section_00_source_train_normal_0939_spd_2.wav,in_support,frequency_modulation,0.8063852787017822
fan/train/section_00_source_train_normal_0940_spd_1.wav,in_support,periodic_resonance,0.24084334075450897
fan/train/section_00_source_train_normal_0941_spd_3.wav,in_support,amplitude_modulation,0.5830676555633545
fan/train/section_00_source_train_normal_0942_spd_3.wav,in_support,frequency_modulation,0.6478416323661804
fan/train/section_00_source_train_normal_0943_spd_2.wav,in_support,periodic_resonance,0.4788031578063965
fan/train/section_00_source_train_normal_0944_spd_1.wav,in_support,frequency_modulation,0.6579917073249817
fan/train/section_00_source_train_normal_0945_spd_3.wav,in_support,amplitude_modulation,0.8547458052635193
fan/train/section_00_source_train_normal_0946_spd_2.wav,in_support,periodic_resonance,0.9837191700935364
fan/train/section_00_source_train_normal_0947_spd_1.wav,in_support,amplitude_modulation,0.7093563675880432
fan/train/section_00_source_train_normal_0948_spd_2.wav,in_support,frequency_modulation,0.9378542900085449
fan/train/section_00_source_train_normal_0949_spd_1.wav,in_support,periodic_resonance,0.3851526379585266
fan/train/section_00_source_train_normal_0950_spd_1.wav,in_support,frequency_modulation,0.8050789833068848
fan/train/section_00_source_train_normal_0951_spd_1.wav,in_support,frequency_modulation,0.8323275446891785
fan/train/section_00_source_train_normal_0952_spd_2.wav,in_support,periodic_resonance,0.9243947267532349
fan/train/section_00_source_train_normal_0953_spd_1.wav,in_support,periodic_resonance,0.8523158431053162
fan/train/section_00_source_train_normal_0954_spd_2.wav,in_support,amplitude_modulation,0.07959403842687607
fan/train/section_00_source_train_normal_0955_spd_1.wav,in_support,amplitude_modulation,0.31429523229599
fan/train/section_00_source_train_normal_0956_spd_2.wav,in_support,frequency_modulation,0.506969153881073
fan/train/section_00_source_train_normal_0957_spd_2.wav,in_support,frequency_modulation,0.8423141837120056
fan/train/section_00_source_train_normal_0958_spd_1.wav,in_support,frequency_modulation,0.9249488711357117
fan/train/section_00_source_train_normal_0959_spd_3.wav,in_support,periodic_resonance,0.9477421641349792
fan/train/section_00_source_train_normal_0960_spd_3.wav,in_support,amplitude_modulation,0.8216515183448792
fan/train/section_00_source_train_normal_0961_spd_2.wav,in_support,frequency_modulation,0.9396442770957947
fan/train/section_00_source_train_normal_0962_spd_3.wav,in_support,amplitude_modulation,0.25147297978401184
fan/train/section_00_source_train_normal_0963_spd_3.wav,in_support,periodic_resonance,0.966809868812561
fan/train/section_00_source_train_normal_0964_spd_1.wav,in_support,amplitude_modulation,0.8879294991493225
fan/train/section_00_source_train_normal_0965_spd_2.wav,in_support,periodic_resonance,0.5474079847335815
fan/train/section_00_source_train_normal_0966_spd_3.wav,in_support,periodic_resonance,0.6481943130493164
fan/train/section_00_source_train_normal_0967_spd_1.wav,in_support,frequency_modulation,0.7070792317390442
fan/train/section_00_source_train_normal_0968_spd_2.wav,in_support,amplitude_modulation,0.7182304859161377
fan/train/section_00_source_train_normal_0969_spd_3.wav,in_support,periodic_resonance,0.641917884349823
fan/train/section_00_source_train_normal_0970_spd_3.wav,in_support,periodic_resonance,0.9601626396179199
fan/train/section_00_source_train_normal_0971_spd_1.wav,in_support,amplitude_modulation,0.2910655438899994
fan/train/section_00_source_train_normal_0972_spd_1.wav,in_support,frequency_modulation,0.8652952313423157
fan/train/section_00_source_train_normal_0973_spd_2.wav,in_support,amplitude_modulation,0.6667957305908203
fan/train/section_00_source_train_normal_0974_spd_3.wav,in_support,periodic_resonance,0.7344930171966553
fan/train/section_00_source_train_normal_0975_spd_1.wav,in_support,amplitude_modulation,0.7099769115447998
fan/train/section_00_source_train_normal_0976_spd_2.wav,in_support,frequency_modulation,0.8808438777923584
fan/train/section_00_source_train_normal_0977_spd_3.wav,in_support,amplitude_modulation,0.9181135892868042
fan/train/section_00_source_train_normal_0978_spd_3.wav,in_support,periodic_resonance,0.49428680539131165
fan/train/section_00_source_train_normal_0979_spd_2.wav,in_support,periodic_resonance,0.8557548522949219
fan/train/section_00_source_train_normal_0980_spd_2.wav,in_support,frequency_modulation,0.8216349482536316
fan/train/section_00_source_train_normal_0981_spd_2.wav,in_support,periodic_resonance,0.9414079189300537
fan/train/section_00_source_train_normal_0982_spd_3.wav,in_support,frequency_modulation,0.25040528178215027
fan/train/section_00_source_train_normal_0983_spd_1.wav,in_support,amplitude_modulation,0.9150810837745667
fan/train/section_00_source_train_normal_0984_spd_3.wav,in_support,periodic_resonance,0.9114755392074585
fan/train/section_00_source_train_normal_0985_spd_1.wav,in_support,periodic_resonance,0.8412937521934509
fan/train/section_00_source_train_normal_0986_spd_2.wav,in_support,frequency_modulation,0.906792402267456
fan/train/section_00_source_train_normal_0987_spd_2.wav,in_support,periodic_resonance,0.8647074103355408
fan/train/section_00_source_train_normal_0988_spd_1.wav,in_support,frequency_modulation,0.9860831499099731
fan/train/section_00_source_train_normal_0989_spd_3.wav,in_support,periodic_resonance,0.49758610129356384
fan/train/section_00_target_train_normal_0000_spd_3.wav,in_support,amplitude_modulation,0.7926115393638611
fan/train/section_00_target_train_normal_0001_spd_2.wav,in_support,frequency_modulation,0.6551692485809326
fan/train/section_00_target_train_normal_0002_spd_1.wav,in_support,amplitude_modulation,0.11562883853912354
fan/train/section_00_target_train_normal_0003_spd_3.wav,in_support,frequency_modulation,0.7597097754478455
fan/train/section_00_target_train_normal_0004_spd_2.wav,in_support,periodic_resonance,0.2613246440887451
fan/train/section_00_target_train_normal_0005_spd_1.wav,in_support,periodic_resonance,0.9645068049430847
fan/train/section_00_target_train_normal_0006_spd_1.wav,in_support,frequency_modulation,0.9226665496826172
fan/train/section_00_target_train_normal_0007_spd_1.wav,in_support,periodic_resonance,0.8887792825698853
fan/train/section_00_target_train_normal_0008_spd_3.wav,in_support,amplitude_modulation,0.8840609788894653
fan/train/section_00_target_train_normal_0009_spd_2.wav,in_support,frequency_modulation,0.6485992074012756
gearboxEmu/train/section_00_source_train_normal_0000_pro_A.wav,in_support,amplitude_modulation,0.3442654311656952
gearboxEmu/train/section_00_source_train_normal_0001_pro_F.wav,in_support,periodic_resonance,0.5288528203964233
gearboxEmu/train/section_00_source_train_normal_0002_pro_C.wav,in_support,frequency_modulation,0.6694371700286865
gearboxEmu/train/section_00_source_train_normal_0003_pro_E.wav,in_support,amplitude_modulation,0.16356416046619415
gearboxEmu/train/section_00_source_train_normal_0004_pro_A.wav,in_support,amplitude_modulation,0.035331130027770996
gearboxEmu/train/section_00_source_train_normal_0005_pro_D.wav,in_support,periodic_resonance,0.9901271462440491
gearboxEmu/train/section_00_source_train_normal_0006_pro_F.wav,in_support,frequency_modulation,0.8810222148895264
gearboxEmu/train/section_00_source_train_normal_0007_pro_E.wav,in_support,periodic_resonance,0.9518266916275024
gearboxEmu/train/section_00_source_train_normal_0008_pro_D.wav,in_support,amplitude_modulation,0.03311527520418167
gearboxEmu/train/section_00_source_train_normal_0009_pro_E.wav,in_support,amplitude_modulation,0.07011616975069046
gearboxEmu/train/section_00_source_train_normal_0010_pro_A.wav,in_support,frequency_modulation,0.4771192967891693
gearboxEmu/train/section_00_source_train_normal_0011_pro_E.wav,in_support,periodic_resonance,0.9073150753974915
gearboxEmu/train/section_00_source_train_normal_0012_pro_A.wav,in_support,frequency_modulation,0.8760901093482971
gearboxEmu/train/section_00_source_train_normal_0013_pro_A.wav,in_support,periodic_resonance,0.8504343032836914
gearboxEmu/train/section_00_source_train_normal_0014_pro_A.wav,in_support,amplitude_modulation,0.9484808444976807
gearboxEmu/train/section_00_source_train_normal_0015_pro_E.wav,in_support,frequency_modulation,0.6058525443077087
gearboxEmu/train/section_00_source_train_normal_0016_pro_B.wav,in_support,frequency_modulation,0.4405870735645294
gearboxEmu/train/section_00_source_train_normal_0017_pro_E.wav,in_support,frequency_modulation,0.32780736684799194
gearboxEmu/train/section_00_source_train_normal_0018_pro_C.wav,in_support,amplitude_modulation,0.7448989152908325
gearboxEmu/train/section_00_source_train_normal_0019_pro_A.wav,in_support,amplitude_modulation,0.15051484107971191
gearboxEmu/train/section_00_source_train_normal_0020_pro_C.wav,in_support,amplitude_modulation,0.8676163554191589
gearboxEmu/train/section_00_source_train_normal_0021_pro_F.wav,in_support,periodic_resonance,0.8718345165252686
gearboxEmu/train/section_00_source_train_normal_0022_pro_D.wav,in_support,amplitude_modulation,0.8758125305175781
gearboxEmu/train/section_00_source_train_normal_0023_pro_A.wav,in_support,frequency_modulation,0.8383158445358276
gearboxEmu/train/section_00_source_train_normal_0024_pro_B.wav,in_support,amplitude_modulation,0.8287484049797058
gearboxEmu/train/section_00_source_train_normal_0025_pro_C.wav,in_support,periodic_resonance,0.9679391384124756
gearboxEmu/train/section_00_source_train_normal_0026_pro_C.wav,in_support,amplitude_modulation,0.815460205078125
gearboxEmu/train/section_00_source_train_normal_0027_pro_D.wav,in_support,frequency_modulation,0.3135678768157959
gearboxEmu/train/section_00_source_train_normal_0028_pro_C.wav,in_support,amplitude_modulation,0.07266280800104141
gearboxEmu/train/section_00_source_train_normal_0029_pro_D.wav,in_support,frequency_modulation,0.548689603805542
gearboxEmu/train/section_00_source_train_normal_0030_pro_F.wav,in_support,amplitude_modulation,0.06654296070337296
gearboxEmu/train/section_00_source_train_normal_0031_pro_E.wav,in_support,frequency_modulation,0.48506125807762146
gearboxEmu/train/section_00_source_train_normal_0032_pro_C.wav,in_support,amplitude_modulation,0.6083298921585083
gearboxEmu/train/section_00_source_train_normal_0033_pro_B.wav,in_support,periodic_resonance,0.8273574113845825
gearboxEmu/train/section_00_source_train_normal_0034_pro_F.wav,in_support,frequency_modulation,0.8482168316841125
gearboxEmu/train/section_00_source_train_normal_0035_pro_D.wav,in_support,frequency_modulation,0.4998862147331238
gearboxEmu/train/section_00_source_train_normal_0036_pro_C.wav,in_support,periodic_resonance,0.9957432150840759
gearboxEmu/train/section_00_source_train_normal_0037_pro_A.wav,in_support,frequency_modulation,0.13990572094917297
gearboxEmu/train/section_00_source_train_normal_0038_pro_A.wav,in_support,frequency_modulation,0.9081704616546631
gearboxEmu/train/section_00_source_train_normal_0039_pro_B.wav,in_support,periodic_resonance,0.3709465563297272
gearboxEmu/train/section_00_source_train_normal_0040_pro_E.wav,in_support,periodic_resonance,0.7595054507255554
gearboxEmu/train/section_00_source_train_normal_0041_pro_B.wav,in_support,frequency_modulation,0.38476282358169556
gearboxEmu/train/section_00_source_train_normal_0042_pro_E.wav,in_support,frequency_modulation,0.11653055995702744
gearboxEmu/train/section_00_source_train_normal_0043_pro_E.wav,in_support,amplitude_modulation,0.8853933215141296
gearboxEmu/train/section_00_source_train_normal_0044_pro_F.wav,in_support,frequency_modulation,0.6770426034927368
gearboxEmu/train/section_00_source_train_normal_0045_pro_F.wav,in_support,periodic_resonance,0.6144353151321411
gearboxEmu/train/section_00_source_train_normal_0046_pro_C.wav,in_support,amplitude_modulation,0.8901315331459045
gearboxEmu/train/section_00_source_train_normal_0047_pro_E.wav,in_support,amplitude_modulation,0.4891238510608673
gearboxEmu/train/section_00_source_train_normal_0048_pro_F.wav,in_support,periodic_resonance,0.46493765711784363
gearboxEmu/train/section_00_source_train_normal_0049_pro_A.wav,in_support,amplitude_modulation,0.09271815419197083
gearboxEmu/train/section_00_source_train_normal_0050_pro_D.wav,in_support,frequency_modulation,0.2585092782974243
gearboxEmu/train/section_00_source_train_normal_0051_pro_C.wav,in_support,frequency_modulation,0.1669164001941681
gearboxEmu/train/section_00_source_train_normal_0052_pro_F.wav,in_support,amplitude_modulation,0.03694155067205429
gearboxEmu/train/section_00_source_train_normal_0053_pro_B.wav,in_support,frequency_modulation,0.5858460664749146
gearboxEmu/train/section_00_source_train_normal_0054_pro_A.wav,in_support,periodic_resonance,0.08523949980735779
gearboxEmu/train/section_00_source_train_normal_0055_pro_D.wav,in_support,frequency_modulation,0.9857984185218811
gearboxEmu/train/section_00_source_train_normal_0056_pro_C.wav,in_support,frequency_modulation,0.18951453268527985
gearboxEmu/train/section_00_source_train_normal_0057_pro_E.wav,in_support,periodic_resonance,0.9191238880157471
gearboxEmu/train/section_00_source_train_normal_0058_pro_A.wav,in_support,amplitude_modulation,0.5979949235916138
gearboxEmu/train/section_00_source_train_normal_0059_pro_B.wav,in_support,amplitude_modulation,0.01590370200574398
gearboxEmu/train/section_00_source_train_normal_0060_pro_F.wav,in_support,amplitude_modulation,0.05348888784646988
gearboxEmu/train/section_00_source_train_normal_0061_pro_D.wav,in_support,frequency_modulation,0.7458578944206238
gearboxEmu/train/section_00_source_train_normal_0062_pro_F.wav,in_support,periodic_resonance,0.9134129881858826
gearboxEmu/train/section_00_source_train_normal_0063_pro_D.wav,in_support,frequency_modulation,0.07261908054351807
gearboxEmu/train/section_00_source_train_normal_0064_pro_D.wav,in_support,amplitude_modulation,0.10625800490379333
gearboxEmu/train/section_00_source_train_normal_0065_pro_F.wav,in_support,amplitude_modulation,0.9143272638320923
gearboxEmu/train/section_00_source_train_normal_0066_pro_F.wav,in_support,frequency_modulation,0.15151645243167877
gearboxEmu/train/section_00_source_train_normal_0067_pro_C.wav,in_support,frequency_modulation,0.2163563072681427
gearboxEmu/train/section_00_source_train_normal_0068_pro_E.wav,in_support,frequency_modulation,0.18579308688640594
gearboxEmu/train/section_00_source_train_normal_0069_pro_C.wav,in_support,amplitude_modulation,0.7161586880683899
gearboxEmu/train/section_00_source_train_normal_0070_pro_D.wav,in_support,periodic_resonance,0.37786081433296204
gearboxEmu/train/section_00_source_train_normal_0071_pro_C.wav,in_support,amplitude_modulation,0.6323298811912537
gearboxEmu/train/section_00_source_train_normal_0072_pro_E.wav,in_support,periodic_resonance,0.6609596014022827
gearboxEmu/train/section_00_source_train_normal_0073_pro_B.wav,in_support,periodic_resonance,0.795569658279419
gearboxEmu/train/section_00_source_train_normal_0074_pro_E.wav,in_support,amplitude_modulation,0.9371894001960754
gearboxEmu/train/section_00_source_train_normal_0075_pro_D.wav,in_support,periodic_resonance,0.12247824668884277
gearboxEmu/train/section_00_source_train_normal_0076_pro_E.wav,in_support,periodic_resonance,0.4179796874523163
gearboxEmu/train/section_00_source_train_normal_0077_pro_D.wav,in_support,frequency_modulation,0.3453373908996582
gearboxEmu/train/section_00_source_train_normal_0078_pro_F.wav,in_support,periodic_resonance,0.9880783557891846
gearboxEmu/train/section_00_source_train_normal_0079_pro_E.wav,in_support,frequency_modulation,0.24486427009105682
gearboxEmu/train/section_00_source_train_normal_0080_pro_B.wav,in_support,frequency_modulation,0.9529585838317871
gearboxEmu/train/section_00_source_train_normal_0081_pro_D.wav,in_support,periodic_resonance,0.21569181978702545
gearboxEmu/train/section_00_source_train_normal_0082_pro_D.wav,in_support,amplitude_modulation,0.9719918370246887
gearboxEmu/train/section_00_source_train_normal_0083_pro_C.wav,in_support,amplitude_modulation,0.047869302332401276
gearboxEmu/train/section_00_source_train_normal_0084_pro_C.wav,in_support,amplitude_modulation,0.7301592230796814
gearboxEmu/train/section_00_source_train_normal_0085_pro_F.wav,in_support,frequency_modulation,0.7635950446128845
gearboxEmu/train/section_00_source_train_normal_0086_pro_A.wav,in_support,periodic_resonance,0.916292130947113
gearboxEmu/train/section_00_source_train_normal_0087_pro_D.wav,in_support,periodic_resonance,0.6134273409843445
gearboxEmu/train/section_00_source_train_normal_0088_pro_F.wav,in_support,amplitude_modulation,0.029264358803629875
gearboxEmu/train/section_00_source_train_normal_0089_pro_B.wav,in_support,frequency_modulation,0.6049898266792297
gearboxEmu/train/section_00_source_train_normal_0090_pro_F.wav,in_support,frequency_modulation,0.1297442764043808
gearboxEmu/train/section_00_source_train_normal_0091_pro_A.wav,in_support,frequency_modulation,0.4151684045791626
gearboxEmu/train/section_00_source_train_normal_0092_pro_E.wav,in_support,amplitude_modulation,0.8686444759368896
gearboxEmu/train/section_00_source_train_normal_0093_pro_F.wav,in_support,frequency_modulation,0.12199758738279343
gearboxEmu/train/section_00_source_train_normal_0094_pro_D.wav,in_support,frequency_modulation,0.20940621197223663
gearboxEmu/train/section_00_source_train_normal_0095_pro_A.wav,in_support,amplitude_modulation,0.7650879621505737
gearboxEmu/train/section_00_source_train_normal_0096_pro_B.wav,in_support,frequency_modulation,0.10002914071083069
gearboxEmu/train/section_00_source_train_normal_0097_pro_E.wav,in_support,frequency_modulation,0.1097768098115921
gearboxEmu/train/section_00_source_train_normal_0098_pro_D.wav,in_support,frequency_modulation,0.3829372227191925
gearboxEmu/train/section_00_source_train_normal_0099_pro_C.wav,in_support,amplitude_modulation,0.5474119186401367
gearboxEmu/train/section_00_source_train_normal_0100_pro_E.wav,in_support,frequency_modulation,0.9293243288993835
gearboxEmu/train/section_00_source_train_normal_0101_pro_C.wav,in_support,amplitude_modulation,0.6254644989967346
gearboxEmu/train/section_00_source_train_normal_0102_pro_F.wav,in_support,frequency_modulation,0.5275158286094666
gearboxEmu/train/section_00_source_train_normal_0103_pro_C.wav,in_support,periodic_resonance,0.9858704805374146
gearboxEmu/train/section_00_source_train_normal_0104_pro_F.wav,in_support,amplitude_modulation,0.7479433417320251
gearboxEmu/train/section_00_source_train_normal_0105_pro_C.wav,in_support,frequency_modulation,0.8406925797462463
gearboxEmu/train/section_00_source_train_normal_0106_pro_E.wav,in_support,amplitude_modulation,0.23682130873203278
gearboxEmu/train/section_00_source_train_normal_0107_pro_A.wav,in_support,frequency_modulation,0.3158375024795532
gearboxEmu/train/section_00_source_train_normal_0108_pro_A.wav,in_support,periodic_resonance,0.8842925429344177
gearboxEmu/train/section_00_source_train_normal_0109_pro_F.wav,in_support,amplitude_modulation,0.7754637598991394
gearboxEmu/train/section_00_source_train_normal_0110_pro_A.wav,in_support,amplitude_modulation,0.5562470555305481
gearboxEmu/train/section_00_source_train_normal_0111_pro_A.wav,in_support,amplitude_modulation,0.9595804214477539
gearboxEmu/train/section_00_source_train_normal_0112_pro_A.wav,in_support,frequency_modulation,0.11064420640468597
gearboxEmu/train/section_00_source_train_normal_0113_pro_E.wav,in_support,frequency_modulation,0.6699751019477844
gearboxEmu/train/section_00_source_train_normal_0114_pro_F.wav,in_support,amplitude_modulation,0.4907335340976715
gearboxEmu/train/section_00_source_train_normal_0115_pro_B.wav,in_support,frequency_modulation,0.475885808467865
gearboxEmu/train/section_00_source_train_normal_0116_pro_E.wav,in_support,periodic_resonance,0.746277391910553
gearboxEmu/train/section_00_source_train_normal_0117_pro_B.wav,in_support,frequency_modulation,0.7050988674163818
gearboxEmu/train/section_00_source_train_normal_0118_pro_B.wav,in_support,periodic_resonance,0.7929037809371948
gearboxEmu/train/section_00_source_train_normal_0119_pro_F.wav,in_support,periodic_resonance,0.3043185770511627
gearboxEmu/train/section_00_source_train_normal_0120_pro_F.wav,in_support,amplitude_modulation,0.02789105847477913
gearboxEmu/train/section_00_source_train_normal_0121_pro_D.wav,in_support,periodic_resonance,0.6896315217018127
gearboxEmu/train/section_00_source_train_normal_0122_pro_A.wav,in_support,frequency_modulation,0.8561798334121704
gearboxEmu/train/section_00_source_train_normal_0123_pro_B.wav,in_support,frequency_modulation,0.16907855868339539
gearboxEmu/train/section_00_source_train_normal_0124_pro_C.wav,in_support,frequency_modulation,0.5582801103591919
gearboxEmu/train/section_00_source_train_normal_0125_pro_D.wav,in_support,periodic_resonance,0.9997499585151672
gearboxEmu/train/section_00_source_train_normal_0126_pro_C.wav,in_support,periodic_resonance,0.14087237417697906
gearboxEmu/train/section_00_source_train_normal_0127_pro_D.wav,in_support,periodic_resonance,0.9375484585762024
gearboxEmu/train/section_00_source_train_normal_0128_pro_C.wav,in_support,frequency_modulation,0.9079346656799316
gearboxEmu/train/section_00_source_train_normal_0129_pro_F.wav,in_support,amplitude_modulation,0.09722669422626495
gearboxEmu/train/section_00_source_train_normal_0130_pro_A.wav,in_support,periodic_resonance,0.7167496085166931
gearboxEmu/train/section_00_source_train_normal_0131_pro_E.wav,in_support,frequency_modulation,0.39229530096054077
gearboxEmu/train/section_00_source_train_normal_0132_pro_E.wav,in_support,amplitude_modulation,0.03582370653748512
gearboxEmu/train/section_00_source_train_normal_0133_pro_E.wav,in_support,periodic_resonance,0.9608681797981262
gearboxEmu/train/section_00_source_train_normal_0134_pro_C.wav,in_support,amplitude_modulation,0.5929732322692871
gearboxEmu/train/section_00_source_train_normal_0135_pro_B.wav,in_support,frequency_modulation,0.6358880400657654
gearboxEmu/train/section_00_source_train_normal_0136_pro_D.wav,in_support,frequency_modulation,0.7438082098960876
gearboxEmu/train/section_00_source_train_normal_0137_pro_D.wav,in_support,frequency_modulation,0.04298551380634308
gearboxEmu/train/section_00_source_train_normal_0138_pro_E.wav,in_support,periodic_resonance,0.9923807382583618
gearboxEmu/train/section_00_source_train_normal_0139_pro_F.wav,in_support,amplitude_modulation,0.03299639746546745
gearboxEmu/train/section_00_source_train_normal_0140_pro_F.wav,in_support,frequency_modulation,0.8282403349876404
gearboxEmu/train/section_00_source_train_normal_0141_pro_D.wav,in_support,amplitude_modulation,0.051527172327041626
gearboxEmu/train/section_00_source_train_normal_0142_pro_F.wav,in_support,frequency_modulation,0.45235365629196167
gearboxEmu/train/section_00_source_train_normal_0143_pro_B.wav,in_support,amplitude_modulation,0.8084864616394043
gearboxEmu/train/section_00_source_train_normal_0144_pro_E.wav,in_support,frequency_modulation,0.12656152248382568
gearboxEmu/train/section_00_source_train_normal_0145_pro_F.wav,in_support,frequency_modulation,0.1715785413980484
gearboxEmu/train/section_00_source_train_normal_0146_pro_C.wav,in_support,periodic_resonance,0.4643004834651947
gearboxEmu/train/section_00_source_train_normal_0147_pro_D.wav,in_support,frequency_modulation,0.2293071150779724
gearboxEmu/train/section_00_source_train_normal_0148_pro_D.wav,in_support,amplitude_modulation,0.0496024526655674
gearboxEmu/train/section_00_source_train_normal_0149_pro_D.wav,in_support,amplitude_modulation,0.8073197603225708
gearboxEmu/train/section_00_source_train_normal_0150_pro_F.wav,in_support,amplitude_modulation,0.8010136485099792
gearboxEmu/train/section_00_source_train_normal_0151_pro_F.wav,in_support,amplitude_modulation,0.21842412650585175
gearboxEmu/train/section_00_source_train_normal_0152_pro_F.wav,in_support,frequency_modulation,0.13300928473472595
gearboxEmu/train/section_00_source_train_normal_0153_pro_F.wav,in_support,periodic_resonance,0.6922992467880249
gearboxEmu/train/section_00_source_train_normal_0154_pro_E.wav,in_support,periodic_resonance,0.7826038599014282
gearboxEmu/train/section_00_source_train_normal_0155_pro_B.wav,in_support,frequency_modulation,0.33279165625572205
gearboxEmu/train/section_00_source_train_normal_0156_pro_D.wav,in_support,periodic_resonance,0.9921668171882629
gearboxEmu/train/section_00_source_train_normal_0157_pro_F.wav,in_support,periodic_resonance,0.8381068706512451
gearboxEmu/train/section_00_source_train_normal_0158_pro_A.wav,in_support,amplitude_modulation,0.9531548023223877
gearboxEmu/train/section_00_source_train_normal_0159_pro_C.wav,in_support,amplitude_modulation,0.7858207821846008
gearboxEmu/train/section_00_source_train_normal_0160_pro_B.wav,in_support,periodic_resonance,0.9905802607536316
gearboxEmu/train/section_00_source_train_normal_0161_pro_C.wav,in_support,frequency_modulation,0.18559002876281738
gearboxEmu/train/section_00_source_train_normal_0162_pro_E.wav,in_support,frequency_modulation,0.1549614667892456
gearboxEmu/train/section_00_source_train_normal_0163_pro_E.wav,in_support,frequency_modulation,0.28460660576820374
gearboxEmu/train/section_00_source_train_normal_0164_pro_E.wav,in_support,amplitude_modulation,0.8958337306976318
gearboxEmu/train/section_00_source_train_normal_0165_pro_C.wav,in_support,periodic_resonance,0.7940349578857422
gearboxEmu/train/section_00_source_train_normal_0166_pro_D.wav,in_support,amplitude_modulation,0.04505809023976326
gearboxEmu/train/section_00_source_train_normal_0167_pro_D.wav,in_support,amplitude_modulation,0.85465407371521
gearboxEmu/train/section_00_source_train_normal_0168_pro_B.wav,in_support,periodic_resonance,0.9897764325141907
gearboxEmu/train/section_00_source_train_normal_0169_pro_E.wav,in_support,amplitude_modulation,0.9010056853294373
gearboxEmu/train/section_00_source_train_normal_0170_pro_E.wav,in_support,periodic_resonance,0.336758553981781
gearboxEmu/train/section_00_source_train_normal_0171_pro_D.wav,in_support,periodic_resonance,0.871042013168335
gearboxEmu/train/section_00_source_train_normal_0172_pro_D.wav,in_support,periodic_resonance,0.5853830575942993
gearboxEmu/train/section_00_source_train_normal_0173_pro_B.wav,in_support,amplitude_modulation,0.23646625876426697
gearboxEmu/train/section_00_source_train_normal_0174_pro_F.wav,in_support,amplitude_modulation,0.46004971861839294
gearboxEmu/train/section_00_source_train_normal_0175_pro_C.wav,in_support,amplitude_modulation,0.9073800444602966
gearboxEmu/train/section_00_source_train_normal_0176_pro_F.wav,in_support,periodic_resonance,0.3546268343925476
gearboxEmu/train/section_00_source_train_normal_0177_pro_B.wav,in_support,amplitude_modulation,0.012485184706747532
gearboxEmu/train/section_00_source_train_normal_0178_pro_A.wav,in_support,periodic_resonance,0.6879020929336548
gearboxEmu/train/section_00_source_train_normal_0179_pro_A.wav,in_support,frequency_modulation,0.190127432346344
gearboxEmu/train/section_00_source_train_normal_0180_pro_A.wav,in_support,amplitude_modulation,0.7255629897117615
gearboxEmu/train/section_00_source_train_normal_0181_pro_F.wav,in_support,periodic_resonance,0.8062968254089355
gearboxEmu/train/section_00_source_train_normal_0182_pro_A.wav,in_support,frequency_modulation,0.8001599311828613
gearboxEmu/train/section_00_source_train_normal_0183_pro_B.wav,in_support,periodic_resonance,0.9336698055267334
gearboxEmu/train/section_00_source_train_normal_0184_pro_D.wav,in_support,frequency_modulation,0.1792619526386261
gearboxEmu/train/section_00_source_train_normal_0185_pro_A.wav,in_support,periodic_resonance,0.7883042693138123
gearboxEmu/train/section_00_source_train_normal_0186_pro_D.wav,in_support,periodic_resonance,0.4614996612071991
gearboxEmu/train/section_00_source_train_normal_0187_pro_C.wav,in_support,amplitude_modulation,0.2890144884586334
gearboxEmu/train/section_00_source_train_normal_0188_pro_D.wav,in_support,periodic_resonance,0.7913427948951721
gearboxEmu/train/section_00_source_train_normal_0189_pro_A.wav,in_support,frequency_modulation,0.41092410683631897
gearboxEmu/train/section_00_source_train_normal_0190_pro_E.wav,in_support,periodic_resonance,0.19227807223796844
gearboxEmu/train/section_00_source_train_normal_0191_pro_B.wav,in_support,frequency_modulation,0.6301688551902771
gearboxEmu/train/section_00_source_train_normal_0192_pro_C.wav,in_support,amplitude_modulation,0.8720869421958923
gearboxEmu/train/section_00_source_train_normal_0193_pro_E.wav,in_support,periodic_resonance,0.8713614344596863
gearboxEmu/train/section_00_source_train_normal_0194_pro_E.wav,in_support,frequency_modulation,0.5273802280426025
gearboxEmu/train/section_00_source_train_normal_0195_pro_A.wav,in_support,amplitude_modulation,0.08021390438079834
gearboxEmu/train/section_00_source_train_normal_0196_pro_B.wav,in_support,frequency_modulation,0.4317880868911743
gearboxEmu/train/section_00_source_train_normal_0197_pro_A.wav,in_support,frequency_modulation,0.7213426232337952
gearboxEmu/train/section_00_source_train_normal_0198_pro_F.wav,in_support,amplitude_modulation,0.4983508586883545
gearboxEmu/train/section_00_source_train_normal_0199_pro_B.wav,in_support,amplitude_modulation,0.773635745048523
gearboxEmu/train/section_00_source_train_normal_0200_pro_F.wav,in_support,periodic_resonance,0.8630378842353821
gearboxEmu/train/section_00_source_train_normal_0201_pro_A.wav,in_support,frequency_modulation,0.4312751889228821
gearboxEmu/train/section_00_source_train_normal_0202_pro_F.wav,in_support,amplitude_modulation,0.6146702170372009
gearboxEmu/train/section_00_source_train_normal_0203_pro_D.wav,in_support,periodic_resonance,0.20361684262752533
gearboxEmu/train/section_00_source_train_normal_0204_pro_C.wav,in_support,periodic_resonance,0.9841657876968384
gearboxEmu/train/section_00_source_train_normal_0205_pro_F.wav,in_support,periodic_resonance,0.9325453042984009
gearboxEmu/train/section_00_source_train_normal_0206_pro_B.wav,in_support,amplitude_modulation,0.872460126876831
gearboxEmu/train/section_00_source_train_normal_0207_pro_F.wav,in_support,amplitude_modulation,0.03554251790046692
gearboxEmu/train/section_00_source_train_normal_0208_pro_D.wav,in_support,periodic_resonance,0.3346776068210602
gearboxEmu/train/section_00_source_train_normal_0209_pro_E.wav,in_support,periodic_resonance,0.9579723477363586
gearboxEmu/train/section_00_source_train_normal_0210_pro_D.wav,in_support,frequency_modulation,0.5054794549942017
gearboxEmu/train/section_00_source_train_normal_0211_pro_D.wav,in_support,periodic_resonance,0.8171594738960266
gearboxEmu/train/section_00_source_train_normal_0212_pro_E.wav,in_support,periodic_resonance,0.3433552086353302
gearboxEmu/train/section_00_source_train_normal_0213_pro_E.wav,in_support,frequency_modulation,0.39727261662483215
gearboxEmu/train/section_00_source_train_normal_0214_pro_C.wav,in_support,frequency_modulation,0.44313812255859375
gearboxEmu/train/section_00_source_train_normal_0215_pro_B.wav,in_support,amplitude_modulation,0.12754623591899872
gearboxEmu/train/section_00_source_train_normal_0216_pro_D.wav,in_support,amplitude_modulation,0.040423791855573654
gearboxEmu/train/section_00_source_train_normal_0217_pro_E.wav,in_support,frequency_modulation,0.9768660068511963
gearboxEmu/train/section_00_source_train_normal_0218_pro_F.wav,in_support,periodic_resonance,0.3159885108470917
gearboxEmu/train/section_00_source_train_normal_0219_pro_A.wav,in_support,periodic_resonance,0.6755260229110718
gearboxEmu/train/section_00_source_train_normal_0220_pro_A.wav,in_support,amplitude_modulation,0.7013629674911499
gearboxEmu/train/section_00_source_train_normal_0221_pro_A.wav,in_support,periodic_resonance,0.7030823230743408
gearboxEmu/train/section_00_source_train_normal_0222_pro_D.wav,in_support,frequency_modulation,0.09328707307577133
gearboxEmu/train/section_00_source_train_normal_0223_pro_C.wav,in_support,amplitude_modulation,0.1819416731595993
gearboxEmu/train/section_00_source_train_normal_0224_pro_F.wav,in_support,frequency_modulation,0.12375521659851074
gearboxEmu/train/section_00_source_train_normal_0225_pro_B.wav,in_support,frequency_modulation,0.2517804503440857
gearboxEmu/train/section_00_source_train_normal_0226_pro_E.wav,in_support,frequency_modulation,0.1253710836172104
gearboxEmu/train/section_00_source_train_normal_0227_pro_B.wav,in_support,periodic_resonance,0.297354131937027
gearboxEmu/train/section_00_source_train_normal_0228_pro_A.wav,in_support,periodic_resonance,0.8898863196372986
gearboxEmu/train/section_00_source_train_normal_0229_pro_C.wav,in_support,periodic_resonance,0.3662143051624298
gearboxEmu/train/section_00_source_train_normal_0230_pro_A.wav,in_support,periodic_resonance,0.9443259835243225
gearboxEmu/train/section_00_source_train_normal_0231_pro_F.wav,in_support,frequency_modulation,0.5693987011909485
gearboxEmu/train/section_00_source_train_normal_0232_pro_A.wav,in_support,amplitude_modulation,0.06134713068604469
gearboxEmu/train/section_00_source_train_normal_0233_pro_C.wav,in_support,frequency_modulation,0.9519263505935669
gearboxEmu/train/section_00_source_train_normal_0234_pro_A.wav,in_support,frequency_modulation,0.6448358297348022
gearboxEmu/train/section_00_source_train_normal_0235_pro_F.wav,in_support,periodic_resonance,0.10336411744356155
gearboxEmu/train/section_00_source_train_normal_0236_pro_B.wav,in_support,periodic_resonance,0.8740786910057068
gearboxEmu/train/section_00_source_train_normal_0237_pro_A.wav,in_support,amplitude_modulation,0.6257198452949524
gearboxEmu/train/section_00_source_train_normal_0238_pro_F.wav,in_support,amplitude_modulation,0.8168152570724487
gearboxEmu/train/section_00_source_train_normal_0239_pro_F.wav,in_support,frequency_modulation,0.21053257584571838
gearboxEmu/train/section_00_source_train_normal_0240_pro_F.wav,in_support,amplitude_modulation,0.06321270018815994
gearboxEmu/train/section_00_source_train_normal_0241_pro_D.wav,in_support,periodic_resonance,0.3987170457839966
gearboxEmu/train/section_00_source_train_normal_0242_pro_C.wav,in_support,amplitude_modulation,0.9503639340400696
gearboxEmu/train/section_00_source_train_normal_0243_pro_E.wav,in_support,frequency_modulation,0.9383046627044678
gearboxEmu/train/section_00_source_train_normal_0244_pro_C.wav,in_support,frequency_modulation,0.6031827330589294
gearboxEmu/train/section_00_source_train_normal_0245_pro_C.wav,in_support,amplitude_modulation,0.4527267515659332
gearboxEmu/train/section_00_source_train_normal_0246_pro_B.wav,in_support,frequency_modulation,0.7466749548912048
gearboxEmu/train/section_00_source_train_normal_0247_pro_F.wav,in_support,amplitude_modulation,0.9468362331390381
gearboxEmu/train/section_00_source_train_normal_0248_pro_E.wav,in_support,periodic_resonance,0.5237622857093811
gearboxEmu/train/section_00_source_train_normal_0249_pro_E.wav,in_support,periodic_resonance,0.20038804411888123
gearboxEmu/train/section_00_source_train_normal_0250_pro_A.wav,in_support,periodic_resonance,0.7249133586883545
gearboxEmu/train/section_00_source_train_normal_0251_pro_A.wav,in_support,periodic_resonance,0.8512797951698303
gearboxEmu/train/section_00_source_train_normal_0252_pro_D.wav,in_support,amplitude_modulation,0.08841972798109055
gearboxEmu/train/section_00_source_train_normal_0253_pro_F.wav,in_support,amplitude_modulation,0.40673550963401794
gearboxEmu/train/section_00_source_train_normal_0254_pro_A.wav,in_support,periodic_resonance,0.46896758675575256
gearboxEmu/train/section_00_source_train_normal_0255_pro_B.wav,in_support,periodic_resonance,0.9895608425140381
gearboxEmu/train/section_00_source_train_normal_0256_pro_C.wav,in_support,frequency_modulation,0.08183708041906357
gearboxEmu/train/section_00_source_train_normal_0257_pro_E.wav,in_support,amplitude_modulation,0.9547297358512878
gearboxEmu/train/section_00_source_train_normal_0258_pro_D.wav,in_support,frequency_modulation,0.7379748821258545
gearboxEmu/train/section_00_source_train_normal_0259_pro_F.wav,in_support,frequency_modulation,0.6250832676887512
gearboxEmu/train/section_00_source_train_normal_0260_pro_C.wav,in_support,amplitude_modulation,0.4830057621002197
gearboxEmu/train/section_00_source_train_normal_0261_pro_F.wav,in_support,frequency_modulation,0.643700897693634
gearboxEmu/train/section_00_source_train_normal_0262_pro_C.wav,in_support,frequency_modulation,0.3775383532047272
gearboxEmu/train/section_00_source_train_normal_0263_pro_E.wav,in_support,periodic_resonance,0.546004593372345
gearboxEmu/train/section_00_source_train_normal_0264_pro_E.wav,in_support,amplitude_modulation,0.94590824842453
gearboxEmu/train/section_00_source_train_normal_0265_pro_B.wav,in_support,frequency_modulation,0.29639357328414917
gearboxEmu/train/section_00_source_train_normal_0266_pro_D.wav,in_support,amplitude_modulation,0.9484810829162598
gearboxEmu/train/section_00_source_train_normal_0267_pro_A.wav,in_support,amplitude_modulation,0.036234889179468155
gearboxEmu/train/section_00_source_train_normal_0268_pro_A.wav,in_support,frequency_modulation,0.11551818251609802
gearboxEmu/train/section_00_source_train_normal_0269_pro_E.wav,in_support,frequency_modulation,0.38601139187812805
gearboxEmu/train/section_00_source_train_normal_0270_pro_B.wav,in_support,amplitude_modulation,0.1572721153497696
gearboxEmu/train/section_00_source_train_normal_0271_pro_D.wav,in_support,frequency_modulation,0.9278412461280823
gearboxEmu/train/section_00_source_train_normal_0272_pro_C.wav,in_support,frequency_modulation,0.5768083333969116
gearboxEmu/train/section_00_source_train_normal_0273_pro_B.wav,in_support,periodic_resonance,0.9381241798400879
gearboxEmu/train/section_00_source_train_normal_0274_pro_A.wav,in_support,frequency_modulation,0.31609296798706055
gearboxEmu/train/section_00_source_train_normal_0275_pro_D.wav,in_support,amplitude_modulation,0.9578301906585693
gearboxEmu/train/section_00_source_train_normal_0276_pro_C.wav,in_support,frequency_modulation,0.10498946160078049
gearboxEmu/train/section_00_source_train_normal_0277_pro_D.wav,in_support,frequency_modulation,0.7974728941917419
gearboxEmu/train/section_00_source_train_normal_0278_pro_E.wav,in_support,amplitude_modulation,0.07077422738075256
gearboxEmu/train/section_00_source_train_normal_0279_pro_F.wav,in_support,amplitude_modulation,0.2172301858663559
gearboxEmu/train/section_00_source_train_normal_0280_pro_A.wav,in_support,frequency_modulation,0.23221415281295776
gearboxEmu/train/section_00_source_train_normal_0281_pro_D.wav,in_support,periodic_resonance,0.7303290367126465
gearboxEmu/train/section_00_source_train_normal_0282_pro_D.wav,in_support,amplitude_modulation,0.044514529407024384
gearboxEmu/train/section_00_source_train_normal_0283_pro_C.wav,in_support,amplitude_modulation,0.7100883722305298
gearboxEmu/train/section_00_source_train_normal_0284_pro_F.wav,in_support,frequency_modulation,0.770729124546051
gearboxEmu/train/section_00_source_train_normal_0285_pro_D.wav,in_support,frequency_modulation,0.9299746155738831
gearboxEmu/train/section_00_source_train_normal_0286_pro_D.wav,in_support,periodic_resonance,0.0911400318145752
gearboxEmu/train/section_00_source_train_normal_0287_pro_D.wav,in_support,frequency_modulation,0.22747045755386353
gearboxEmu/train/section_00_source_train_normal_0288_pro_A.wav,in_support,periodic_resonance,0.4956551492214203
gearboxEmu/train/section_00_source_train_normal_0289_pro_B.wav,in_support,periodic_resonance,0.9752698540687561
gearboxEmu/train/section_00_source_train_normal_0290_pro_C.wav,in_support,frequency_modulation,0.16144198179244995
gearboxEmu/train/section_00_source_train_normal_0291_pro_B.wav,in_support,amplitude_modulation,0.6328550577163696
gearboxEmu/train/section_00_source_train_normal_0292_pro_A.wav,in_support,periodic_resonance,0.32575294375419617
gearboxEmu/train/section_00_source_train_normal_0293_pro_B.wav,in_support,periodic_resonance,0.9967821836471558
gearboxEmu/train/section_00_source_train_normal_0294_pro_D.wav,in_support,amplitude_modulation,0.03385486453771591
gearboxEmu/train/section_00_source_train_normal_0295_pro_F.wav,in_support,amplitude_modulation,0.25332650542259216
gearboxEmu/train/section_00_source_train_normal_0296_pro_F.wav,in_support,frequency_modulation,0.21566087007522583
gearboxEmu/train/section_00_source_train_normal_0297_pro_B.wav,in_support,amplitude_modulation,0.20646938681602478
gearboxEmu/train/section_00_source_train_normal_0298_pro_C.wav,in_support,periodic_resonance,0.7713914513587952
gearboxEmu/train/section_00_source_train_normal_0299_pro_D.wav,in_support,periodic_resonance,0.5744911432266235
gearboxEmu/train/section_00_source_train_normal_0300_pro_B.wav,in_support,amplitude_modulation,0.03884284198284149
gearboxEmu/train/section_00_source_train_normal_0301_pro_D.wav,in_support,periodic_resonance,0.17699362337589264
gearboxEmu/train/section_00_source_train_normal_0302_pro_F.wav,in_support,amplitude_modulation,0.8168677687644958
gearboxEmu/train/section_00_source_train_normal_0303_pro_F.wav,in_support,periodic_resonance,0.5881555676460266
gearboxEmu/train/section_00_source_train_normal_0304_pro_B.wav,in_support,frequency_modulation,0.9692972898483276
gearboxEmu/train/section_00_source_train_normal_0305_pro_C.wav,in_support,frequency_modulation,0.3458902835845947
gearboxEmu/train/section_00_source_train_normal_0306_pro_D.wav,in_support,frequency_modulation,0.6145741939544678
gearboxEmu/train/section_00_source_train_normal_0307_pro_C.wav,in_support,frequency_modulation,0.8136361837387085
gearboxEmu/train/section_00_source_train_normal_0308_pro_E.wav,in_support,amplitude_modulation,0.23741082847118378
gearboxEmu/train/section_00_source_train_normal_0309_pro_C.wav,in_support,amplitude_modulation,0.093716099858284
gearboxEmu/train/section_00_source_train_normal_0310_pro_E.wav,in_support,frequency_modulation,0.8436748385429382
gearboxEmu/train/section_00_source_train_normal_0311_pro_D.wav,in_support,periodic_resonance,0.7603132128715515
gearboxEmu/train/section_00_source_train_normal_0312_pro_E.wav,in_support,amplitude_modulation,0.8159276843070984
gearboxEmu/train/section_00_source_train_normal_0313_pro_C.wav,in_support,amplitude_modulation,0.7671701312065125
gearboxEmu/train/section_00_source_train_normal_0314_pro_E.wav,in_support,frequency_modulation,0.8003348112106323
gearboxEmu/train/section_00_source_train_normal_0315_pro_D.wav,in_support,frequency_modulation,0.2748481333255768
gearboxEmu/train/section_00_source_train_normal_0316_pro_C.wav,in_support,periodic_resonance,0.9754546880722046
gearboxEmu/train/section_00_source_train_normal_0317_pro_A.wav,in_support,periodic_resonance,0.12848399579524994
gearboxEmu/train/section_00_source_train_normal_0318_pro_E.wav,in_support,periodic_resonance,0.9072976112365723
gearboxEmu/train/section_00_source_train_normal_0319_pro_A.wav,in_support,periodic_resonance,0.9300447106361389
gearboxEmu/train/section_00_source_train_normal_0320_pro_A.wav,in_support,frequency_modulation,0.187605619430542
gearboxEmu/train/section_00_source_train_normal_0321_pro_F.wav,in_support,frequency_modulation,0.23903414607048035
gearboxEmu/train/section_00_source_train_normal_0322_pro_F.wav,in_support,frequency_modulation,0.246013805270195
gearboxEmu/train/section_00_source_train_normal_0323_pro_D.wav,in_support,amplitude_modulation,0.06277048587799072
gearboxEmu/train/section_00_source_train_normal_0324_pro_F.wav,in_support,amplitude_modulation,0.3944571316242218
gearboxEmu/train/section_00_source_train_normal_0325_pro_C.wav,in_support,frequency_modulation,0.3687378466129303
gearboxEmu/train/section_00_source_train_normal_0326_pro_B.wav,in_support,frequency_modulation,0.6346674561500549
gearboxEmu/train/section_00_source_train_normal_0327_pro_B.wav,in_support,frequency_modulation,0.08123284578323364
gearboxEmu/train/section_00_source_train_normal_0328_pro_F.wav,in_support,periodic_resonance,0.8039076924324036
gearboxEmu/train/section_00_source_train_normal_0329_pro_D.wav,in_support,frequency_modulation,0.9339357018470764
gearboxEmu/train/section_00_source_train_normal_0330_pro_A.wav,in_support,periodic_resonance,0.8790275454521179
gearboxEmu/train/section_00_source_train_normal_0331_pro_A.wav,in_support,amplitude_modulation,0.8577414155006409
gearboxEmu/train/section_00_source_train_normal_0332_pro_A.wav,in_support,frequency_modulation,0.16700778901576996
gearboxEmu/train/section_00_source_train_normal_0333_pro_A.wav,in_support,periodic_resonance,0.9606302380561829
gearboxEmu/train/section_00_source_train_normal_0334_pro_F.wav,in_support,periodic_resonance,0.30462202429771423
gearboxEmu/train/section_00_source_train_normal_0335_pro_D.wav,in_support,amplitude_modulation,0.7160339951515198
gearboxEmu/train/section_00_source_train_normal_0336_pro_A.wav,in_support,periodic_resonance,0.6864878535270691
gearboxEmu/train/section_00_source_train_normal_0337_pro_A.wav,in_support,frequency_modulation,0.8869662880897522
gearboxEmu/train/section_00_source_train_normal_0338_pro_D.wav,in_support,amplitude_modulation,0.8282811641693115
gearboxEmu/train/section_00_source_train_normal_0339_pro_A.wav,in_support,periodic_resonance,0.9159923195838928
gearboxEmu/train/section_00_source_train_normal_0340_pro_E.wav,in_support,frequency_modulation,0.8500038981437683
gearboxEmu/train/section_00_source_train_normal_0341_pro_F.wav,in_support,periodic_resonance,0.9606480002403259
gearboxEmu/train/section_00_source_train_normal_0342_pro_C.wav,in_support,amplitude_modulation,0.7199631929397583
gearboxEmu/train/section_00_source_train_normal_0343_pro_A.wav,in_support,periodic_resonance,0.9769842624664307
gearboxEmu/train/section_00_source_train_normal_0344_pro_C.wav,in_support,frequency_modulation,0.288422554731369
gearboxEmu/train/section_00_source_train_normal_0345_pro_E.wav,in_support,periodic_resonance,0.6878898739814758
gearboxEmu/train/section_00_source_train_normal_0346_pro_D.wav,in_support,amplitude_modulation,0.8513190150260925
gearboxEmu/train/section_00_source_train_normal_0347_pro_C.wav,in_support,frequency_modulation,0.8629322052001953
gearboxEmu/train/section_00_source_train_normal_0348_pro_F.wav,in_support,periodic_resonance,0.9570678472518921
gearboxEmu/train/section_00_source_train_normal_0349_pro_E.wav,in_support,periodic_resonance,0.7246149778366089
gearboxEmu/train/section_00_source_train_normal_0350_pro_C.wav,in_support,frequency_modulation,0.11020566523075104
gearboxEmu/train/section_00_source_train_normal_0351_pro_C.wav,in_support,amplitude_modulation,0.45551320910453796
gearboxEmu/train/section_00_source_train_normal_0352_pro_C.wav,in_support,frequency_modulation,0.9721553921699524
gearboxEmu/train/section_00_source_train_normal_0353_pro_B.wav,in_support,frequency_modulation,0.3738618791103363
gearboxEmu/train/section_00_source_train_normal_0354_pro_F.wav,in_support,amplitude_modulation,0.7450260519981384
gearboxEmu/train/section_00_source_train_normal_0355_pro_A.wav,in_support,frequency_modulation,0.8912842273712158
gearboxEmu/train/section_00_source_train_normal_0356_pro_D.wav,in_support,frequency_modulation,0.5747708082199097
gearboxEmu/train/section_00_source_train_normal_0357_pro_D.wav,in_support,periodic_resonance,0.8685811161994934
gearboxEmu/train/section_00_source_train_normal_0358_pro_A.wav,in_support,periodic_resonance,0.30219361186027527
gearboxEmu/train/section_00_source_train_normal_0359_pro_A.wav,in_support,periodic_resonance,0.9614623188972473
gearboxEmu/train/section_00_source_train_normal_0360_pro_C.wav,in_support,amplitude_modulation,0.8619031310081482
gearboxEmu/train/section_00_source_train_normal_0361_pro_E.wav,in_support,amplitude_modulation,0.5015592575073242
gearboxEmu/train/section_00_source_train_normal_0362_pro_C.wav,in_support,periodic_resonance,0.9844948053359985
gearboxEmu/train/section_00_source_train_normal_0363_pro_D.wav,in_support,frequency_modulation,0.5002917647361755
gearboxEmu/train/section_00_source_train_normal_0364_pro_A.wav,in_support,periodic_resonance,0.9856042265892029
gearboxEmu/train/section_00_source_train_normal_0365_pro_B.wav,in_support,frequency_modulation,0.10141897201538086
gearboxEmu/train/section_00_source_train_normal_0366_pro_D.wav,in_support,amplitude_modulation,0.6928785443305969
gearboxEmu/train/section_00_source_train_normal_0367_pro_A.wav,in_support,frequency_modulation,0.20637981593608856
gearboxEmu/train/section_00_source_train_normal_0368_pro_D.wav,in_support,frequency_modulation,0.9133614897727966
gearboxEmu/train/section_00_source_train_normal_0369_pro_C.wav,in_support,periodic_resonance,0.3524445593357086
gearboxEmu/train/section_00_source_train_normal_0370_pro_C.wav,in_support,amplitude_modulation,0.8321048021316528
gearboxEmu/train/section_00_source_train_normal_0371_pro_B.wav,in_support,amplitude_modulation,0.10107231885194778
gearboxEmu/train/section_00_source_train_normal_0372_pro_C.wav,in_support,amplitude_modulation,0.06497933715581894
gearboxEmu/train/section_00_source_train_normal_0373_pro_F.wav,in_support,frequency_modulation,0.9525976777076721
gearboxEmu/train/section_00_source_train_normal_0374_pro_B.wav,in_support,amplitude_modulation,0.6308476328849792
gearboxEmu/train/section_00_source_train_normal_0375_pro_E.wav,in_support,frequency_modulation,0.45117858052253723
gearboxEmu/train/section_00_source_train_normal_0376_pro_B.wav,in_support,periodic_resonance,0.23577378690242767
gearboxEmu/train/section_00_source_train_normal_0377_pro_E.wav,in_support,amplitude_modulation,0.8592380285263062
gearboxEmu/train/section_00_source_train_normal_0378_pro_B.wav,in_support,periodic_resonance,0.9927359223365784
gearboxEmu/train/section_00_source_train_normal_0379_pro_D.wav,in_support,amplitude_modulation,0.1342242956161499
gearboxEmu/train/section_00_source_train_normal_0380_pro_C.wav,in_support,amplitude_modulation,0.07248593866825104
gearboxEmu/train/section_00_source_train_normal_0381_pro_A.wav,in_support,frequency_modulation,0.5894707441329956
gearboxEmu/train/section_00_source_train_normal_0382_pro_D.wav,in_support,frequency_modulation,0.18378087878227234
gearboxEmu/train/section_00_source_train_normal_0383_pro_E.wav,in_support,amplitude_modulation,0.24059124290943146
gearboxEmu/train/section_00_source_train_normal_0384_pro_A.wav,in_support,periodic_resonance,0.9223870038986206
gearboxEmu/train/section_00_source_train_normal_0385_pro_D.wav,in_support,periodic_resonance,0.8037002682685852
gearboxEmu/train/section_00_source_train_normal_0386_pro_F.wav,in_support,frequency_modulation,0.2061188817024231
gearboxEmu/train/section_00_source_train_normal_0387_pro_A.wav,in_support,periodic_resonance,0.8124492168426514
gearboxEmu/train/section_00_source_train_normal_0388_pro_D.wav,in_support,periodic_resonance,0.9960665106773376
gearboxEmu/train/section_00_source_train_normal_0389_pro_D.wav,in_support,amplitude_modulation,0.1748366504907608
gearboxEmu/train/section_00_source_train_normal_0390_pro_A.wav,in_support,amplitude_modulation,0.8925113081932068
gearboxEmu/train/section_00_source_train_normal_0391_pro_F.wav,in_support,frequency_modulation,0.1628895401954651
gearboxEmu/train/section_00_source_train_normal_0392_pro_E.wav,in_support,frequency_modulation,0.32560673356056213
gearboxEmu/train/section_00_source_train_normal_0393_pro_B.wav,in_support,frequency_modulation,0.8840265870094299
gearboxEmu/train/section_00_source_train_normal_0394_pro_A.wav,in_support,frequency_modulation,0.2380174994468689
gearboxEmu/train/section_00_source_train_normal_0395_pro_B.wav,in_support,frequency_modulation,0.04676296189427376
gearboxEmu/train/section_00_source_train_normal_0396_pro_F.wav,in_support,amplitude_modulation,0.0771961510181427
gearboxEmu/train/section_00_source_train_normal_0397_pro_D.wav,in_support,frequency_modulation,0.5847378373146057
gearboxEmu/train/section_00_source_train_normal_0398_pro_D.wav,in_support,frequency_modulation,0.642729640007019
gearboxEmu/train/section_00_source_train_normal_0399_pro_B.wav,in_support,frequency_modulation,0.11347145587205887
gearboxEmu/train/section_00_source_train_normal_0400_pro_E.wav,in_support,amplitude_modulation,0.02464122697710991
gearboxEmu/train/section_00_source_train_normal_0401_pro_F.wav,in_support,amplitude_modulation,0.9686885476112366
gearboxEmu/train/section_00_source_train_normal_0402_pro_A.wav,in_support,periodic_resonance,0.2963407039642334
gearboxEmu/train/section_00_source_train_normal_0403_pro_E.wav,in_support,frequency_modulation,0.06236286833882332
gearboxEmu/train/section_00_source_train_normal_0404_pro_C.wav,in_support,amplitude_modulation,0.8257516026496887
gearboxEmu/train/section_00_source_train_normal_0405_pro_D.wav,in_support,frequency_modulation,0.9547075033187866
gearboxEmu/train/section_00_source_train_normal_0406_pro_E.wav,in_support,amplitude_modulation,0.9032356142997742
gearboxEmu/train/section_00_source_train_normal_0407_pro_F.wav,in_support,periodic_resonance,0.9831075668334961
gearboxEmu/train/section_00_source_train_normal_0408_pro_F.wav,in_support,periodic_resonance,0.3584144413471222
gearboxEmu/train/section_00_source_train_normal_0409_pro_A.wav,in_support,periodic_resonance,0.6885166764259338
gearboxEmu/train/section_00_source_train_normal_0410_pro_D.wav,in_support,periodic_resonance,0.9174909591674805
gearboxEmu/train/section_00_source_train_normal_0411_pro_E.wav,in_support,frequency_modulation,0.6892226338386536
gearboxEmu/train/section_00_source_train_normal_0412_pro_B.wav,in_support,periodic_resonance,0.5753121972084045
gearboxEmu/train/section_00_source_train_normal_0413_pro_B.wav,in_support,amplitude_modulation,0.041026122868061066
gearboxEmu/train/section_00_source_train_normal_0414_pro_C.wav,in_support,amplitude_modulation,0.8128522038459778
gearboxEmu/train/section_00_source_train_normal_0415_pro_E.wav,in_support,frequency_modulation,0.5443756580352783
gearboxEmu/train/section_00_source_train_normal_0416_pro_B.wav,in_support,amplitude_modulation,0.20572859048843384
gearboxEmu/train/section_00_source_train_normal_0417_pro_F.wav,in_support,amplitude_modulation,0.06012343615293503
gearboxEmu/train/section_00_source_train_normal_0418_pro_C.wav,in_support,frequency_modulation,0.2093067318201065
gearboxEmu/train/section_00_source_train_normal_0419_pro_B.wav,in_support,frequency_modulation,0.6013748049736023
gearboxEmu/train/section_00_source_train_normal_0420_pro_C.wav,in_support,periodic_resonance,0.9535847306251526
gearboxEmu/train/section_00_source_train_normal_0421_pro_A.wav,in_support,frequency_modulation,0.9626619219779968
gearboxEmu/train/section_00_source_train_normal_0422_pro_A.wav,in_support,frequency_modulation,0.07465023547410965
gearboxEmu/train/section_00_source_train_normal_0423_pro_A.wav,in_support,periodic_resonance,0.9844979643821716
gearboxEmu/train/section_00_source_train_normal_0424_pro_B.wav,in_support,frequency_modulation,0.4388875961303711
gearboxEmu/train/section_00_source_train_normal_0425_pro_A.wav,in_support,periodic_resonance,0.718314528465271
gearboxEmu/train/section_00_source_train_normal_0426_pro_A.wav,in_support,periodic_resonance,0.7599020600318909
gearboxEmu/train/section_00_source_train_normal_0427_pro_E.wav,in_support,amplitude_modulation,0.8214032649993896
gearboxEmu/train/section_00_source_train_normal_0428_pro_E.wav,in_support,amplitude_modulation,0.4870774745941162
gearboxEmu/train/section_00_source_train_normal_0429_pro_A.wav,in_support,periodic_resonance,0.5587350130081177
gearboxEmu/train/section_00_source_train_normal_0430_pro_B.wav,in_support,frequency_modulation,0.3702004551887512
gearboxEmu/train/section_00_source_train_normal_0431_pro_D.wav,in_support,amplitude_modulation,0.02455030381679535
gearboxEmu/train/section_00_source_train_normal_0432_pro_C.wav,in_support,periodic_resonance,0.934548556804657
gearboxEmu/train/section_00_source_train_normal_0433_pro_C.wav,in_support,periodic_resonance,0.929794192314148
gearboxEmu/train/section_00_source_train_normal_0434_pro_D.wav,in_support,periodic_resonance,0.05299108475446701
gearboxEmu/train/section_00_source_train_normal_0435_pro_C.wav,in_support,periodic_resonance,0.9128043055534363
gearboxEmu/train/section_00_source_train_normal_0436_pro_B.wav,in_support,periodic_resonance,0.8684363961219788
gearboxEmu/train/section_00_source_train_normal_0437_pro_B.wav,in_support,amplitude_modulation,0.018377944827079773
gearboxEmu/train/section_00_source_train_normal_0438_pro_C.wav,in_support,periodic_resonance,0.9853057265281677
gearboxEmu/train/section_00_source_train_normal_0439_pro_A.wav,in_support,amplitude_modulation,0.04476114735007286
gearboxEmu/train/section_00_source_train_normal_0440_pro_B.wav,in_support,amplitude_modulation,0.9419829845428467
gearboxEmu/train/section_00_source_train_normal_0441_pro_C.wav,in_support,frequency_modulation,0.15438224375247955
gearboxEmu/train/section_00_source_train_normal_0442_pro_C.wav,in_support,amplitude_modulation,0.856219470500946
gearboxEmu/train/section_00_source_train_normal_0443_pro_F.wav,in_support,periodic_resonance,0.8452451229095459
gearboxEmu/train/section_00_source_train_normal_0444_pro_E.wav,in_support,amplitude_modulation,0.07436936348676682
gearboxEmu/train/section_00_source_train_normal_0445_pro_A.wav,in_support,frequency_modulation,0.8896320462226868
gearboxEmu/train/section_00_source_train_normal_0446_pro_C.wav,in_support,periodic_resonance,0.8617268800735474
gearboxEmu/train/section_00_source_train_normal_0447_pro_A.wav,in_support,frequency_modulation,0.6519743800163269
gearboxEmu/train/section_00_source_train_normal_0448_pro_F.wav,in_support,amplitude_modulation,0.0576779805123806
gearboxEmu/train/section_00_source_train_normal_0449_pro_A.wav,in_support,frequency_modulation,0.2097182422876358
gearboxEmu/train/section_00_source_train_normal_0450_pro_D.wav,in_support,periodic_resonance,0.7692691683769226
gearboxEmu/train/section_00_source_train_normal_0451_pro_D.wav,in_support,frequency_modulation,0.7453963160514832
gearboxEmu/train/section_00_source_train_normal_0452_pro_D.wav,in_support,frequency_modulation,0.1842120885848999
gearboxEmu/train/section_00_source_train_normal_0453_pro_E.wav,in_support,amplitude_modulation,0.01953042671084404
gearboxEmu/train/section_00_source_train_normal_0454_pro_E.wav,in_support,frequency_modulation,0.9335123300552368
gearboxEmu/train/section_00_source_train_normal_0455_pro_C.wav,in_support,frequency_modulation,0.617358386516571
gearboxEmu/train/section_00_source_train_normal_0456_pro_C.wav,in_support,periodic_resonance,0.2138521671295166
gearboxEmu/train/section_00_source_train_normal_0457_pro_F.wav,in_support,amplitude_modulation,0.5939068794250488
gearboxEmu/train/section_00_source_train_normal_0458_pro_B.wav,in_support,periodic_resonance,0.38806384801864624
gearboxEmu/train/section_00_source_train_normal_0459_pro_A.wav,in_support,amplitude_modulation,0.7131802439689636
gearboxEmu/train/section_00_source_train_normal_0460_pro_F.wav,in_support,frequency_modulation,0.6330432891845703
gearboxEmu/train/section_00_source_train_normal_0461_pro_B.wav,in_support,frequency_modulation,0.9066409468650818
gearboxEmu/train/section_00_source_train_normal_0462_pro_A.wav,in_support,amplitude_modulation,0.019092902541160583
gearboxEmu/train/section_00_source_train_normal_0463_pro_F.wav,in_support,periodic_resonance,0.261903315782547
gearboxEmu/train/section_00_source_train_normal_0464_pro_F.wav,in_support,frequency_modulation,0.9564253091812134
gearboxEmu/train/section_00_source_train_normal_0465_pro_B.wav,in_support,periodic_resonance,0.8607064485549927
gearboxEmu/train/section_00_source_train_normal_0466_pro_F.wav,in_support,amplitude_modulation,0.885173499584198
gearboxEmu/train/section_00_source_train_normal_0467_pro_E.wav,in_support,frequency_modulation,0.8683947324752808
gearboxEmu/train/section_00_source_train_normal_0468_pro_D.wav,in_support,periodic_resonance,0.5723276138305664
gearboxEmu/train/section_00_source_train_normal_0469_pro_B.wav,in_support,amplitude_modulation,0.02112649567425251
gearboxEmu/train/section_00_source_train_normal_0470_pro_D.wav,in_support,amplitude_modulation,0.6705853939056396
gearboxEmu/train/section_00_source_train_normal_0471_pro_B.wav,in_support,frequency_modulation,0.7783350348472595
gearboxEmu/train/section_00_source_train_normal_0472_pro_A.wav,in_support,periodic_resonance,0.67864590883255
gearboxEmu/train/section_00_source_train_normal_0473_pro_C.wav,in_support,frequency_modulation,0.6655279397964478
gearboxEmu/train/section_00_source_train_normal_0474_pro_F.wav,in_support,frequency_modulation,0.5044769644737244
gearboxEmu/train/section_00_source_train_normal_0475_pro_B.wav,in_support,frequency_modulation,0.09471423923969269
gearboxEmu/train/section_00_source_train_normal_0476_pro_B.wav,in_support,periodic_resonance,0.9972385168075562
gearboxEmu/train/section_00_source_train_normal_0477_pro_E.wav,in_support,amplitude_modulation,0.022898342460393906
gearboxEmu/train/section_00_source_train_normal_0478_pro_D.wav,in_support,periodic_resonance,0.9811762571334839
gearboxEmu/train/section_00_source_train_normal_0479_pro_B.wav,in_support,amplitude_modulation,0.7355663180351257
gearboxEmu/train/section_00_source_train_normal_0480_pro_C.wav,in_support,periodic_resonance,0.7408019304275513
gearboxEmu/train/section_00_source_train_normal_0481_pro_A.wav,in_support,frequency_modulation,0.11065004020929337
gearboxEmu/train/section_00_source_train_normal_0482_pro_C.wav,in_support,amplitude_modulation,0.1617155224084854
gearboxEmu/train/section_00_source_train_normal_0483_pro_C.wav,in_support,frequency_modulation,0.6674360632896423
gearboxEmu/train/section_00_source_train_normal_0484_pro_B.wav,in_support,frequency_modulation,0.678782045841217
gearboxEmu/train/section_00_source_train_normal_0485_pro_D.wav,in_support,amplitude_modulation,0.5280941724777222
gearboxEmu/train/section_00_source_train_normal_0486_pro_D.wav,in_support,periodic_resonance,0.7136521339416504
gearboxEmu/train/section_00_source_train_normal_0487_pro_D.wav,in_support,periodic_resonance,0.5339676141738892
gearboxEmu/train/section_00_source_train_normal_0488_pro_B.wav,in_support,periodic_resonance,0.9997450709342957
gearboxEmu/train/section_00_source_train_normal_0489_pro_C.wav,in_support,frequency_modulation,0.4943704903125763
gearboxEmu/train/section_00_source_train_normal_0490_pro_D.wav,in_support,periodic_resonance,0.9927951693534851
gearboxEmu/train/section_00_source_train_normal_0491_pro_B.wav,in_support,frequency_modulation,0.37102773785591125
gearboxEmu/train/section_00_source_train_normal_0492_pro_C.wav,in_support,periodic_resonance,0.9914485812187195
gearboxEmu/train/section_00_source_train_normal_0493_pro_D.wav,in_support,amplitude_modulation,0.8128677010536194
gearboxEmu/train/section_00_source_train_normal_0494_pro_C.wav,in_support,amplitude_modulation,0.8962502479553223
gearboxEmu/train/section_00_source_train_normal_0495_pro_E.wav,in_support,amplitude_modulation,0.8649160265922546
gearboxEmu/train/section_00_source_train_normal_0496_pro_B.wav,in_support,amplitude_modulation,0.023860454559326172
gearboxEmu/train/section_00_source_train_normal_0497_pro_C.wav,in_support,amplitude_modulation,0.3062816262245178
gearboxEmu/train/section_00_source_train_normal_0498_pro_C.wav,in_support,amplitude_modulation,0.0981292799115181
gearboxEmu/train/section_00_source_train_normal_0499_pro_B.wav,in_support,frequency_modulation,0.7524957656860352
gearboxEmu/train/section_00_source_train_normal_0500_pro_E.wav,in_support,amplitude_modulation,0.9525831341743469
gearboxEmu/train/section_00_source_train_normal_0501_pro_C.wav,in_support,frequency_modulation,0.09724047034978867
gearboxEmu/train/section_00_source_train_normal_0502_pro_E.wav,in_support,amplitude_modulation,0.8282625079154968
gearboxEmu/train/section_00_source_train_normal_0503_pro_D.wav,in_support,amplitude_modulation,0.018740078434348106
gearboxEmu/train/section_00_source_train_normal_0504_pro_E.wav,in_support,frequency_modulation,0.8974103331565857
gearboxEmu/train/section_00_source_train_normal_0505_pro_F.wav,in_support,amplitude_modulation,0.1525932103395462
gearboxEmu/train/section_00_source_train_normal_0506_pro_D.wav,in_support,frequency_modulation,0.3122851252555847
gearboxEmu/train/section_00_source_train_normal_0507_pro_A.wav,in_support,periodic_resonance,0.5829973220825195
gearboxEmu/train/section_00_source_train_normal_0508_pro_E.wav,in_support,frequency_modulation,0.05390029773116112
gearboxEmu/train/section_00_source_train_normal_0509_pro_C.wav,in_support,amplitude_modulation,0.6809784173965454
gearboxEmu/train/section_00_source_train_normal_0510_pro_D.wav,in_support,periodic_resonance,0.8056379556655884
gearboxEmu/train/section_00_source_train_normal_0511_pro_F.wav,in_support,periodic_resonance,0.7121971845626831
gearboxEmu/train/section_00_source_train_normal_0512_pro_C.wav,in_support,amplitude_modulation,0.19885846972465515
gearboxEmu/train/section_00_source_train_normal_0513_pro_B.wav,in_support,frequency_modulation,0.08967334032058716
gearboxEmu/train/section_00_source_train_normal_0514_pro_C.wav,in_support,periodic_resonance,0.5808262825012207
gearboxEmu/train/section_00_source_train_normal_0515_pro_A.wav,in_support,amplitude_modulation,0.060463909059762955
gearboxEmu/train/section_00_source_train_normal_0516_pro_A.wav,in_support,amplitude_modulation,0.9508699774742126
gearboxEmu/train/section_00_source_train_normal_0517_pro_B.wav,in_support,frequency_modulation,0.3657809793949127
gearboxEmu/train/section_00_source_train_normal_0518_pro_D.wav,in_support,amplitude_modulation,0.23800645768642426
gearboxEmu/train/section_00_source_train_normal_0519_pro_C.wav,in_support,frequency_modulation,0.5643584728240967
gearboxEmu/train/section_00_source_train_normal_0520_pro_F.wav,in_support,periodic_resonance,0.9929065704345703
gearboxEmu/train/section_00_source_train_normal_0521_pro_F.wav,in_support,amplitude_modulation,0.021578839048743248
gearboxEmu/train/section_00_source_train_normal_0522_pro_F.wav,in_support,frequency_modulation,0.9669796824455261
gearboxEmu/train/section_00_source_train_normal_0523_pro_D.wav,in_support,amplitude_modulation,0.579670250415802
gearboxEmu/train/section_00_source_train_normal_0524_pro_F.wav,in_support,amplitude_modulation,0.12552182376384735
gearboxEmu/train/section_00_source_train_normal_0525_pro_E.wav,in_support,frequency_modulation,0.9114857912063599
gearboxEmu/train/section_00_source_train_normal_0526_pro_F.wav,in_support,periodic_resonance,0.6557894945144653
gearboxEmu/train/section_00_source_train_normal_0527_pro_D.wav,in_support,periodic_resonance,0.5989577770233154
gearboxEmu/train/section_00_source_train_normal_0528_pro_B.wav,in_support,frequency_modulation,0.9532454013824463
gearboxEmu/train/section_00_source_train_normal_0529_pro_E.wav,in_support,amplitude_modulation,0.018749771639704704
gearboxEmu/train/section_00_source_train_normal_0530_pro_B.wav,in_support,frequency_modulation,0.44535771012306213
gearboxEmu/train/section_00_source_train_normal_0531_pro_A.wav,in_support,frequency_modulation,0.22762520611286163
gearboxEmu/train/section_00_source_train_normal_0532_pro_F.wav,in_support,frequency_modulation,0.5669418573379517
gearboxEmu/train/section_00_source_train_normal_0533_pro_B.wav,in_support,periodic_resonance,0.08680132776498795
gearboxEmu/train/section_00_source_train_normal_0534_pro_A.wav,in_support,amplitude_modulation,0.7657707333564758
gearboxEmu/train/section_00_source_train_normal_0535_pro_F.wav,in_support,periodic_resonance,0.7619484066963196
gearboxEmu/train/section_00_source_train_normal_0536_pro_F.wav,in_support,frequency_modulation,0.7128086686134338
gearboxEmu/train/section_00_source_train_normal_0537_pro_D.wav,in_support,periodic_resonance,0.17847956717014313
gearboxEmu/train/section_00_source_train_normal_0538_pro_D.wav,in_support,frequency_modulation,0.34258556365966797
gearboxEmu/train/section_00_source_train_normal_0539_pro_E.wav,in_support,amplitude_modulation,0.8972475528717041
gearboxEmu/train/section_00_source_train_normal_0540_pro_E.wav,in_support,periodic_resonance,0.4162522554397583
gearboxEmu/train/section_00_source_train_normal_0541_pro_B.wav,in_support,frequency_modulation,0.3498908579349518
gearboxEmu/train/section_00_source_train_normal_0542_pro_A.wav,in_support,frequency_modulation,0.5446051955223083
gearboxEmu/train/section_00_source_train_normal_0543_pro_B.wav,in_support,periodic_resonance,0.4697277247905731
gearboxEmu/train/section_00_source_train_normal_0544_pro_B.wav,in_support,frequency_modulation,0.5195256471633911
gearboxEmu/train/section_00_source_train_normal_0545_pro_E.wav,in_support,amplitude_modulation,0.8247796297073364
gearboxEmu/train/section_00_source_train_normal_0546_pro_F.wav,in_support,frequency_modulation,0.4818451702594757
gearboxEmu/train/section_00_source_train_normal_0547_pro_C.wav,in_support,frequency_modulation,0.9367207884788513
gearboxEmu/train/section_00_source_train_normal_0548_pro_A.wav,in_support,periodic_resonance,0.38621240854263306
gearboxEmu/train/section_00_source_train_normal_0549_pro_F.wav,in_support,frequency_modulation,0.4091974198818207
gearboxEmu/train/section_00_source_train_normal_0550_pro_E.wav,in_support,frequency_modulation,0.10388175398111343
gearboxEmu/train/section_00_source_train_normal_0551_pro_D.wav,in_support,frequency_modulation,0.8163424134254456
gearboxEmu/train/section_00_source_train_normal_0552_pro_B.wav,in_support,amplitude_modulation,0.03491711989045143
gearboxEmu/train/section_00_source_train_normal_0553_pro_C.wav,in_support,frequency_modulation,0.5825612545013428
gearboxEmu/train/section_00_source_train_normal_0554_pro_F.wav,in_support,periodic_resonance,0.29174861311912537
gearboxEmu/train/section_00_source_train_normal_0555_pro_A.wav,in_support,periodic_resonance,0.13993538916110992
gearboxEmu/train/section_00_source_train_normal_0556_pro_A.wav,in_support,amplitude_modulation,0.025256497785449028
gearboxEmu/train/section_00_source_train_normal_0557_pro_E.wav,in_support,frequency_modulation,0.4432525336742401
gearboxEmu/train/section_00_source_train_normal_0558_pro_F.wav,in_support,periodic_resonance,0.8104844093322754
gearboxEmu/train/section_00_source_train_normal_0559_pro_D.wav,in_support,amplitude_modulation,0.6897117495536804
gearboxEmu/train/section_00_source_train_normal_0560_pro_F.wav,in_support,amplitude_modulation,0.20784606039524078
gearboxEmu/train/section_00_source_train_normal_0561_pro_B.wav,in_support,amplitude_modulation,0.5616918802261353
gearboxEmu/train/section_00_source_train_normal_0562_pro_E.wav,in_support,frequency_modulation,0.23256005346775055
gearboxEmu/train/section_00_source_train_normal_0563_pro_E.wav,in_support,periodic_resonance,0.9685350060462952
gearboxEmu/train/section_00_source_train_normal_0564_pro_E.wav,in_support,amplitude_modulation,0.026036880910396576
gearboxEmu/train/section_00_source_train_normal_0565_pro_C.wav,in_support,frequency_modulation,0.6566277146339417
gearboxEmu/train/section_00_source_train_normal_0566_pro_A.wav,in_support,periodic_resonance,0.538891613483429
gearboxEmu/train/section_00_source_train_normal_0567_pro_E.wav,in_support,periodic_resonance,0.8995886445045471
gearboxEmu/train/section_00_source_train_normal_0568_pro_C.wav,in_support,periodic_resonance,0.9470096826553345
gearboxEmu/train/section_00_source_train_normal_0569_pro_C.wav,in_support,frequency_modulation,0.814736545085907
gearboxEmu/train/section_00_source_train_normal_0570_pro_A.wav,in_support,amplitude_modulation,0.15592552721500397
gearboxEmu/train/section_00_source_train_normal_0571_pro_F.wav,in_support,frequency_modulation,0.11478930711746216
gearboxEmu/train/section_00_source_train_normal_0572_pro_B.wav,in_support,amplitude_modulation,0.853227436542511
gearboxEmu/train/section_00_source_train_normal_0573_pro_A.wav,in_support,amplitude_modulation,0.618408203125
gearboxEmu/train/section_00_source_train_normal_0574_pro_F.wav,in_support,periodic_resonance,0.9294317960739136
gearboxEmu/train/section_00_source_train_normal_0575_pro_E.wav,in_support,amplitude_modulation,0.9387573599815369
gearboxEmu/train/section_00_source_train_normal_0576_pro_E.wav,in_support,frequency_modulation,0.09438136219978333
gearboxEmu/train/section_00_source_train_normal_0577_pro_A.wav,in_support,frequency_modulation,0.7748737335205078
gearboxEmu/train/section_00_source_train_normal_0578_pro_A.wav,in_support,amplitude_modulation,0.9445058107376099
gearboxEmu/train/section_00_source_train_normal_0579_pro_C.wav,in_support,frequency_modulation,0.10332228243350983
gearboxEmu/train/section_00_source_train_normal_0580_pro_C.wav,in_support,periodic_resonance,0.9674424529075623
gearboxEmu/train/section_00_source_train_normal_0581_pro_B.wav,in_support,frequency_modulation,0.12257865816354752
gearboxEmu/train/section_00_source_train_normal_0582_pro_D.wav,in_support,amplitude_modulation,0.0400250218808651
gearboxEmu/train/section_00_source_train_normal_0583_pro_E.wav,in_support,periodic_resonance,0.9519161581993103
gearboxEmu/train/section_00_source_train_normal_0584_pro_D.wav,in_support,frequency_modulation,0.8769760727882385
gearboxEmu/train/section_00_source_train_normal_0585_pro_B.wav,in_support,frequency_modulation,0.2552962303161621
gearboxEmu/train/section_00_source_train_normal_0586_pro_E.wav,in_support,periodic_resonance,0.5730211734771729
gearboxEmu/train/section_00_source_train_normal_0587_pro_C.wav,in_support,frequency_modulation,0.9596441984176636
gearboxEmu/train/section_00_source_train_normal_0588_pro_E.wav,in_support,periodic_resonance,0.78987056016922
gearboxEmu/train/section_00_source_train_normal_0589_pro_F.wav,in_support,amplitude_modulation,0.700419545173645
gearboxEmu/train/section_00_source_train_normal_0590_pro_B.wav,in_support,frequency_modulation,0.7029966711997986
gearboxEmu/train/section_00_source_train_normal_0591_pro_A.wav,in_support,frequency_modulation,0.10917234420776367
gearboxEmu/train/section_00_source_train_normal_0592_pro_D.wav,in_support,frequency_modulation,0.39379972219467163
gearboxEmu/train/section_00_source_train_normal_0593_pro_D.wav,in_support,periodic_resonance,0.8466097712516785
gearboxEmu/train/section_00_source_train_normal_0594_pro_A.wav,in_support,frequency_modulation,0.41359445452690125
gearboxEmu/train/section_00_source_train_normal_0595_pro_C.wav,in_support,frequency_modulation,0.7870558500289917
gearboxEmu/train/section_00_source_train_normal_0596_pro_B.wav,in_support,periodic_resonance,0.9814972877502441
gearboxEmu/train/section_00_source_train_normal_0597_pro_F.wav,in_support,amplitude_modulation,0.8268722891807556
gearboxEmu/train/section_00_source_train_normal_0598_pro_C.wav,in_support,amplitude_modulation,0.04779215529561043
gearboxEmu/train/section_00_source_train_normal_0599_pro_B.wav,in_support,frequency_modulation,0.7686668038368225
gearboxEmu/train/section_00_source_train_normal_0600_pro_F.wav,in_support,frequency_modulation,0.4669152498245239
gearboxEmu/train/section_00_source_train_normal_0601_pro_C.wav,in_support,amplitude_modulation,0.8202937245368958
gearboxEmu/train/section_00_source_train_normal_0602_pro_C.wav,in_support,periodic_resonance,0.8156411647796631
gearboxEmu/train/section_00_source_train_normal_0603_pro_C.wav,in_support,amplitude_modulation,0.4827203154563904
gearboxEmu/train/section_00_source_train_normal_0604_pro_C.wav,in_support,frequency_modulation,0.8579166531562805
gearboxEmu/train/section_00_source_train_normal_0605_pro_E.wav,in_support,amplitude_modulation,0.04167652502655983
gearboxEmu/train/section_00_source_train_normal_0606_pro_C.wav,in_support,frequency_modulation,0.17467762529850006
gearboxEmu/train/section_00_source_train_normal_0607_pro_E.wav,in_support,frequency_modulation,0.5013027787208557
gearboxEmu/train/section_00_source_train_normal_0608_pro_A.wav,in_support,frequency_modulation,0.8779199123382568
gearboxEmu/train/section_00_source_train_normal_0609_pro_A.wav,in_support,frequency_modulation,0.7927987575531006
gearboxEmu/train/section_00_source_train_normal_0610_pro_C.wav,in_support,amplitude_modulation,0.8134013414382935
gearboxEmu/train/section_00_source_train_normal_0611_pro_B.wav,in_support,amplitude_modulation,0.05157403647899628
gearboxEmu/train/section_00_source_train_normal_0612_pro_B.wav,in_support,amplitude_modulation,0.2498621642589569
gearboxEmu/train/section_00_source_train_normal_0613_pro_B.wav,in_support,periodic_resonance,0.24117115139961243
gearboxEmu/train/section_00_source_train_normal_0614_pro_E.wav,in_support,frequency_modulation,0.2599997818470001
gearboxEmu/train/section_00_source_train_normal_0615_pro_A.wav,in_support,frequency_modulation,0.5614028573036194
gearboxEmu/train/section_00_source_train_normal_0616_pro_A.wav,in_support,frequency_modulation,0.5120168328285217
gearboxEmu/train/section_00_source_train_normal_0617_pro_B.wav,in_support,amplitude_modulation,0.4776352047920227
gearboxEmu/train/section_00_source_train_normal_0618_pro_F.wav,in_support,periodic_resonance,0.5678037405014038
gearboxEmu/train/section_00_source_train_normal_0619_pro_D.wav,in_support,periodic_resonance,0.24672964215278625
gearboxEmu/train/section_00_source_train_normal_0620_pro_C.wav,in_support,amplitude_modulation,0.7240266799926758
gearboxEmu/train/section_00_source_train_normal_0621_pro_F.wav,in_support,frequency_modulation,0.9636970162391663
gearboxEmu/train/section_00_source_train_normal_0622_pro_C.wav,in_support,amplitude_modulation,0.9125258922576904
gearboxEmu/train/section_00_source_train_normal_0623_pro_F.wav,in_support,periodic_resonance,0.41617581248283386
gearboxEmu/train/section_00_source_train_normal_0624_pro_B.wav,in_support,periodic_resonance,0.7383384704589844
gearboxEmu/train/section_00_source_train_normal_0625_pro_D.wav,in_support,amplitude_modulation,0.04127804934978485
gearboxEmu/train/section_00_source_train_normal_0626_pro_E.wav,in_support,frequency_modulation,0.9978936910629272
gearboxEmu/train/section_00_source_train_normal_0627_pro_B.wav,in_support,periodic_resonance,0.8676501512527466
gearboxEmu/train/section_00_source_train_normal_0628_pro_A.wav,in_support,periodic_resonance,0.140584334731102
gearboxEmu/train/section_00_source_train_normal_0629_pro_D.wav,in_support,periodic_resonance,0.35303372144699097
gearboxEmu/train/section_00_source_train_normal_0630_pro_E.wav,in_support,amplitude_modulation,0.019337410107254982
gearboxEmu/train/section_00_source_train_normal_0631_pro_D.wav,in_support,amplitude_modulation,0.026209840551018715
gearboxEmu/train/section_00_source_train_normal_0632_pro_C.wav,in_support,amplitude_modulation,0.7833547592163086
gearboxEmu/train/section_00_source_train_normal_0633_pro_B.wav,in_support,frequency_modulation,0.9185307621955872
gearboxEmu/train/section_00_source_train_normal_0634_pro_E.wav,in_support,amplitude_modulation,0.926563024520874
gearboxEmu/train/section_00_source_train_normal_0635_pro_D.wav,in_support,periodic_resonance,0.23310458660125732
gearboxEmu/train/section_00_source_train_normal_0636_pro_F.wav,in_support,frequency_modulation,0.9006518125534058
gearboxEmu/train/section_00_source_train_normal_0637_pro_B.wav,in_support,periodic_resonance,0.9355469346046448
gearboxEmu/train/section_00_source_train_normal_0638_pro_F.wav,in_support,amplitude_modulation,0.1014719009399414
gearboxEmu/train/section_00_source_train_normal_0639_pro_E.wav,in_support,periodic_resonance,0.9235557913780212
gearboxEmu/train/section_00_source_train_normal_0640_pro_F.wav,in_support,frequency_modulation,0.7540762424468994
gearboxEmu/train/section_00_source_train_normal_0641_pro_D.wav,in_support,periodic_resonance,0.5461561679840088
gearboxEmu/train/section_00_source_train_normal_0642_pro_B.wav,in_support,frequency_modulation,0.06362422555685043
gearboxEmu/train/section_00_source_train_normal_0643_pro_A.wav,in_support,periodic_resonance,0.4125400185585022
gearboxEmu/train/section_00_source_train_normal_0644_pro_F.wav,in_support,amplitude_modulation,0.45985180139541626
gearboxEmu/train/section_00_source_train_normal_0645_pro_A.wav,in_support,frequency_modulation,0.6468573212623596
gearboxEmu/train/section_00_source_train_normal_0646_pro_F.wav,in_support,amplitude_modulation,0.29011866450309753
gearboxEmu/train/section_00_source_train_normal_0647_pro_A.wav,in_support,amplitude_modulation,0.8195738792419434
gearboxEmu/train/section_00_source_train_normal_0648_pro_E.wav,in_support,frequency_modulation,0.8603801727294922
gearboxEmu/train/section_00_source_train_normal_0649_pro_C.wav,in_support,amplitude_modulation,0.0958956852555275
gearboxEmu/train/section_00_source_train_normal_0650_pro_A.wav,in_support,frequency_modulation,0.24375399947166443
gearboxEmu/train/section_00_source_train_normal_0651_pro_F.wav,in_support,periodic_resonance,0.6623224020004272
gearboxEmu/train/section_00_source_train_normal_0652_pro_C.wav,in_support,amplitude_modulation,0.4801989793777466
gearboxEmu/train/section_00_source_train_normal_0653_pro_D.wav,in_support,frequency_modulation,0.8090209364891052
gearboxEmu/train/section_00_source_train_normal_0654_pro_A.wav,in_support,amplitude_modulation,0.034009311348199844
gearboxEmu/train/section_00_source_train_normal_0655_pro_D.wav,in_support,periodic_resonance,0.5769873261451721
gearboxEmu/train/section_00_source_train_normal_0656_pro_C.wav,in_support,periodic_resonance,0.2366933524608612
gearboxEmu/train/section_00_source_train_normal_0657_pro_E.wav,in_support,frequency_modulation,0.4912092089653015
gearboxEmu/train/section_00_source_train_normal_0658_pro_D.wav,in_support,amplitude_modulation,0.014135868288576603
gearboxEmu/train/section_00_source_train_normal_0659_pro_A.wav,in_support,periodic_resonance,0.741186797618866
gearboxEmu/train/section_00_source_train_normal_0660_pro_A.wav,in_support,amplitude_modulation,0.12262627482414246
gearboxEmu/train/section_00_source_train_normal_0661_pro_A.wav,in_support,frequency_modulation,0.8595501780509949
gearboxEmu/train/section_00_source_train_normal_0662_pro_E.wav,in_support,periodic_resonance,0.5910701751708984
gearboxEmu/train/section_00_source_train_normal_0663_pro_F.wav,in_support,amplitude_modulation,0.01671854592859745
gearboxEmu/train/section_00_source_train_normal_0664_pro_C.wav,in_support,amplitude_modulation,0.6319299340248108
gearboxEmu/train/section_00_source_train_normal_0665_pro_B.wav,in_support,frequency_modulation,0.9751790761947632
gearboxEmu/train/section_00_source_train_normal_0666_pro_D.wav,in_support,periodic_resonance,0.7917466163635254
gearboxEmu/train/section_00_source_train_normal_0667_pro_E.wav,in_support,frequency_modulation,0.8751890659332275
gearboxEmu/train/section_00_source_train_normal_0668_pro_C.wav,in_support,periodic_resonance,0.8201999068260193
gearboxEmu/train/section_00_source_train_normal_0669_pro_E.wav,in_support,amplitude_modulation,0.8965744376182556
gearboxEmu/train/section_00_source_train_normal_0670_pro_F.wav,in_support,periodic_resonance,0.28653207421302795
gearboxEmu/train/section_00_source_train_normal_0671_pro_E.wav,in_support,amplitude_modulation,0.6763889193534851
gearboxEmu/train/section_00_source_train_normal_0672_pro_F.wav,in_support,frequency_modulation,0.343833863735199
gearboxEmu/train/section_00_source_train_normal_0673_pro_E.wav,in_support,frequency_modulation,0.9870819449424744
gearboxEmu/train/section_00_source_train_normal_0674_pro_A.wav,in_support,amplitude_modulation,0.017539527267217636
gearboxEmu/train/section_00_source_train_normal_0675_pro_F.wav,in_support,frequency_modulation,0.9523791670799255
gearboxEmu/train/section_00_source_train_normal_0676_pro_B.wav,in_support,amplitude_modulation,0.3994733393192291
gearboxEmu/train/section_00_source_train_normal_0677_pro_A.wav,in_support,periodic_resonance,0.269032746553421
gearboxEmu/train/section_00_source_train_normal_0678_pro_F.wav,in_support,periodic_resonance,0.7326112985610962
gearboxEmu/train/section_00_source_train_normal_0679_pro_D.wav,in_support,amplitude_modulation,0.33982205390930176
gearboxEmu/train/section_00_source_train_normal_0680_pro_E.wav,in_support,periodic_resonance,0.6065188050270081
gearboxEmu/train/section_00_source_train_normal_0681_pro_C.wav,in_support,frequency_modulation,0.7233545184135437
gearboxEmu/train/section_00_source_train_normal_0682_pro_D.wav,in_support,amplitude_modulation,0.37043511867523193
gearboxEmu/train/section_00_source_train_normal_0683_pro_D.wav,in_support,periodic_resonance,0.7910588383674622
gearboxEmu/train/section_00_source_train_normal_0684_pro_E.wav,in_support,frequency_modulation,0.5018757581710815
gearboxEmu/train/section_00_source_train_normal_0685_pro_A.wav,in_support,amplitude_modulation,0.896605908870697
gearboxEmu/train/section_00_source_train_normal_0686_pro_E.wav,in_support,frequency_modulation,0.154712975025177
gearboxEmu/train/section_00_source_train_normal_0687_pro_F.wav,in_support,frequency_modulation,0.8296770453453064
gearboxEmu/train/section_00_source_train_normal_0688_pro_C.wav,in_support,periodic_resonance,0.6433368921279907
gearboxEmu/train/section_00_source_train_normal_0689_pro_D.wav,in_support,frequency_modulation,0.8720784187316895
gearboxEmu/train/section_00_source_train_normal_0690_pro_D.wav,in_support,periodic_resonance,0.7771381139755249
gearboxEmu/train/section_00_source_train_normal_0691_pro_E.wav,in_support,amplitude_modulation,0.030240707099437714
gearboxEmu/train/section_00_source_train_normal_0692_pro_D.wav,in_support,frequency_modulation,0.6464889645576477
gearboxEmu/train/section_00_source_train_normal_0693_pro_A.wav,in_support,periodic_resonance,0.973691999912262
gearboxEmu/train/section_00_source_train_normal_0694_pro_E.wav,in_support,amplitude_modulation,0.029301712289452553
gearboxEmu/train/section_00_source_train_normal_0695_pro_B.wav,in_support,frequency_modulation,0.6689849495887756
gearboxEmu/train/section_00_source_train_normal_0696_pro_A.wav,in_support,amplitude_modulation,0.9041450023651123
gearboxEmu/train/section_00_source_train_normal_0697_pro_C.wav,in_support,amplitude_modulation,0.2651556730270386
gearboxEmu/train/section_00_source_train_normal_0698_pro_A.wav,in_support,periodic_resonance,0.06390263140201569
gearboxEmu/train/section_00_source_train_normal_0699_pro_A.wav,in_support,frequency_modulation,0.730712354183197
gearboxEmu/train/section_00_source_train_normal_0700_pro_D.wav,in_support,amplitude_modulation,0.21591536700725555
gearboxEmu/train/section_00_source_train_normal_0701_pro_E.wav,in_support,amplitude_modulation,0.17647354304790497
gearboxEmu/train/section_00_source_train_normal_0702_pro_F.wav,in_support,frequency_modulation,0.1116301417350769
gearboxEmu/train/section_00_source_train_normal_0703_pro_E.wav,in_support,frequency_modulation,0.818369448184967
gearboxEmu/train/section_00_source_train_normal_0704_pro_B.wav,in_support,amplitude_modulation,0.8119787573814392
gearboxEmu/train/section_00_source_train_normal_0705_pro_B.wav,in_support,periodic_resonance,0.5643125176429749
gearboxEmu/train/section_00_source_train_normal_0706_pro_B.wav,in_support,frequency_modulation,0.24082478880882263
gearboxEmu/train/section_00_source_train_normal_0707_pro_E.wav,in_support,amplitude_modulation,0.8642458319664001
gearboxEmu/train/section_00_source_train_normal_0708_pro_C.wav,in_support,amplitude_modulation,0.8863059878349304
gearboxEmu/train/section_00_source_train_normal_0709_pro_C.wav,in_support,amplitude_modulation,0.47563794255256653
gearboxEmu/train/section_00_source_train_normal_0710_pro_C.wav,in_support,amplitude_modulation,0.7239707112312317
gearboxEmu/train/section_00_source_train_normal_0711_pro_E.wav,in_support,amplitude_modulation,0.05756022408604622
gearboxEmu/train/section_00_source_train_normal_0712_pro_B.wav,in_support,amplitude_modulation,0.0816759392619133
gearboxEmu/train/section_00_source_train_normal_0713_pro_E.wav,in_support,frequency_modulation,0.2607182562351227
gearboxEmu/train/section_00_source_train_normal_0714_pro_A.wav,in_support,frequency_modulation,0.6485323905944824
gearboxEmu/train/section_00_source_train_normal_0715_pro_A.wav,in_support,periodic_resonance,0.7328225374221802
gearboxEmu/train/section_00_source_train_normal_0716_pro_D.wav,in_support,periodic_resonance,0.9086739420890808
gearboxEmu/train/section_00_source_train_normal_0717_pro_F.wav,in_support,amplitude_modulation,0.053786393254995346
gearboxEmu/train/section_00_source_train_normal_0718_pro_E.wav,in_support,periodic_resonance,0.5070852041244507
gearboxEmu/train/section_00_source_train_normal_0719_pro_C.wav,in_support,amplitude_modulation,0.04266495630145073
gearboxEmu/train/section_00_source_train_normal_0720_pro_D.wav,in_support,frequency_modulation,0.43258169293403625
gearboxEmu/train/section_00_source_train_normal_0721_pro_D.wav,in_support,frequency_modulation,0.5539265871047974
gearboxEmu/train/section_00_source_train_normal_0722_pro_D.wav,in_support,amplitude_modulation,0.08045145869255066
gearboxEmu/train/section_00_source_train_normal_0723_pro_B.wav,in_support,amplitude_modulation,0.03544517606496811
gearboxEmu/train/section_00_source_train_normal_0724_pro_C.wav,in_support,periodic_resonance,0.7956146597862244
gearboxEmu/train/section_00_source_train_normal_0725_pro_A.wav,in_support,periodic_resonance,0.39215725660324097
gearboxEmu/train/section_00_source_train_normal_0726_pro_B.wav,in_support,periodic_resonance,0.726462721824646
gearboxEmu/train/section_00_source_train_normal_0727_pro_F.wav,in_support,frequency_modulation,0.9323869347572327
gearboxEmu/train/section_00_source_train_normal_0728_pro_D.wav,in_support,amplitude_modulation,0.49033719301223755
gearboxEmu/train/section_00_source_train_normal_0729_pro_F.wav,in_support,periodic_resonance,0.3296343982219696
gearboxEmu/train/section_00_source_train_normal_0730_pro_C.wav,in_support,amplitude_modulation,0.9230324625968933
gearboxEmu/train/section_00_source_train_normal_0731_pro_A.wav,in_support,frequency_modulation,0.5460078716278076
gearboxEmu/train/section_00_source_train_normal_0732_pro_A.wav,in_support,periodic_resonance,0.9904060959815979
gearboxEmu/train/section_00_source_train_normal_0733_pro_A.wav,in_support,amplitude_modulation,0.8126632571220398
gearboxEmu/train/section_00_source_train_normal_0734_pro_C.wav,in_support,periodic_resonance,0.4955528974533081
gearboxEmu/train/section_00_source_train_normal_0735_pro_B.wav,in_support,periodic_resonance,0.8762544393539429
gearboxEmu/train/section_00_source_train_normal_0736_pro_E.wav,in_support,frequency_modulation,0.1886066198348999
gearboxEmu/train/section_00_source_train_normal_0737_pro_D.wav,in_support,periodic_resonance,0.9992122054100037
gearboxEmu/train/section_00_source_train_normal_0738_pro_B.wav,in_support,frequency_modulation,0.0889771357178688
gearboxEmu/train/section_00_source_train_normal_0739_pro_A.wav,in_support,periodic_resonance,0.2546280324459076
gearboxEmu/train/section_00_source_train_normal_0740_pro_A.wav,in_support,frequency_modulation,0.3809755742549896
gearboxEmu/train/section_00_source_train_normal_0741_pro_C.wav,in_support,frequency_modulation,0.9702326655387878
gearboxEmu/train/section_00_source_train_normal_0742_pro_D.wav,in_support,frequency_modulation,0.11033186316490173
gearboxEmu/train/section_00_source_train_normal_0743_pro_B.wav,in_support,periodic_resonance,0.21337583661079407
gearboxEmu/train/section_00_source_train_normal_0744_pro_E.wav,in_support,periodic_resonance,0.7543903589248657
gearboxEmu/train/section_00_source_train_normal_0745_pro_D.wav,in_support,amplitude_modulation,0.9733877778053284
gearboxEmu/train/section_00_source_train_normal_0746_pro_F.wav,in_support,amplitude_modulation,0.0806732103228569
gearboxEmu/train/section_00_source_train_normal_0747_pro_C.wav,in_support,amplitude_modulation,0.24321307241916656
gearboxEmu/train/section_00_source_train_normal_0748_pro_F.wav,in_support,amplitude_modulation,0.19071777164936066
gearboxEmu/train/section_00_source_train_normal_0749_pro_B.wav,in_support,frequency_modulation,0.13891708850860596
gearboxEmu/train/section_00_source_train_normal_0750_pro_F.wav,in_support,amplitude_modulation,0.8220003843307495
gearboxEmu/train/section_00_source_train_normal_0751_pro_F.wav,in_support,frequency_modulation,0.13396614789962769
gearboxEmu/train/section_00_source_train_normal_0752_pro_B.wav,in_support,amplitude_modulation,0.03115270659327507
gearboxEmu/train/section_00_source_train_normal_0753_pro_C.wav,in_support,frequency_modulation,0.08527430146932602
gearboxEmu/train/section_00_source_train_normal_0754_pro_F.wav,in_support,frequency_modulation,0.4222824275493622
gearboxEmu/train/section_00_source_train_normal_0755_pro_C.wav,in_support,frequency_modulation,0.8991583585739136
gearboxEmu/train/section_00_source_train_normal_0756_pro_E.wav,in_support,amplitude_modulation,0.5344167351722717
gearboxEmu/train/section_00_source_train_normal_0757_pro_A.wav,in_support,periodic_resonance,0.9906420111656189
gearboxEmu/train/section_00_source_train_normal_0758_pro_B.wav,in_support,periodic_resonance,0.38223782181739807
gearboxEmu/train/section_00_source_train_normal_0759_pro_E.wav,in_support,frequency_modulation,0.6656307578086853
gearboxEmu/train/section_00_source_train_normal_0760_pro_B.wav,in_support,frequency_modulation,0.5207110047340393
gearboxEmu/train/section_00_source_train_normal_0761_pro_E.wav,in_support,periodic_resonance,0.8427864909172058
gearboxEmu/train/section_00_source_train_normal_0762_pro_D.wav,in_support,amplitude_modulation,0.2670014500617981
gearboxEmu/train/section_00_source_train_normal_0763_pro_D.wav,in_support,periodic_resonance,0.9378774166107178
gearboxEmu/train/section_00_source_train_normal_0764_pro_A.wav,in_support,frequency_modulation,0.8690043687820435
gearboxEmu/train/section_00_source_train_normal_0765_pro_C.wav,in_support,amplitude_modulation,0.8556873202323914
gearboxEmu/train/section_00_source_train_normal_0766_pro_A.wav,in_support,amplitude_modulation,0.03156966716051102
gearboxEmu/train/section_00_source_train_normal_0767_pro_A.wav,in_support,frequency_modulation,0.9489822387695312
gearboxEmu/train/section_00_source_train_normal_0768_pro_E.wav,in_support,amplitude_modulation,0.8874879479408264
gearboxEmu/train/section_00_source_train_normal_0769_pro_F.wav,in_support,amplitude_modulation,0.020374154672026634
gearboxEmu/train/section_00_source_train_normal_0770_pro_D.wav,in_support,periodic_resonance,0.5572860240936279
gearboxEmu/train/section_00_source_train_normal_0771_pro_C.wav,in_support,frequency_modulation,0.9088515043258667
gearboxEmu/train/section_00_source_train_normal_0772_pro_B.wav,in_support,periodic_resonance,0.9006859660148621
gearboxEmu/train/section_00_source_train_normal_0773_pro_F.wav,in_support,frequency_modulation,0.37665504217147827
gearboxEmu/train/section_00_source_train_normal_0774_pro_F.wav,in_support,amplitude_modulation,0.9456192255020142
gearboxEmu/train/section_00_source_train_normal_0775_pro_B.wav,in_support,amplitude_modulation,0.0369533896446228
gearboxEmu/train/section_00_source_train_normal_0776_pro_B.wav,in_support,periodic_resonance,0.4577914774417877
gearboxEmu/train/section_00_source_train_normal_0777_pro_F.wav,in_support,periodic_resonance,0.13577696681022644
gearboxEmu/train/section_00_source_train_normal_0778_pro_B.wav,in_support,frequency_modulation,0.17810015380382538
gearboxEmu/train/section_00_source_train_normal_0779_pro_A.wav,in_support,frequency_modulation,0.11344518512487411
gearboxEmu/train/section_00_source_train_normal_0780_pro_E.wav,in_support,amplitude_modulation,0.2617245614528656
gearboxEmu/train/section_00_source_train_normal_0781_pro_E.wav,in_support,amplitude_modulation,0.7662403583526611
gearboxEmu/train/section_00_source_train_normal_0782_pro_A.wav,in_support,periodic_resonance,0.19233472645282745
gearboxEmu/train/section_00_source_train_normal_0783_pro_F.wav,in_support,frequency_modulation,0.8704923987388611
gearboxEmu/train/section_00_source_train_normal_0784_pro_E.wav,in_support,periodic_resonance,0.4289873540401459
gearboxEmu/train/section_00_source_train_normal_0785_pro_D.wav,in_support,periodic_resonance,0.9967668652534485
gearboxEmu/train/section_00_source_train_normal_0786_pro_E.wav,in_support,amplitude_modulation,0.22707796096801758
gearboxEmu/train/section_00_source_train_normal_0787_pro_F.wav,in_support,periodic_resonance,0.16845129430294037
gearboxEmu/train/section_00_source_train_normal_0788_pro_F.wav,in_support,periodic_resonance,0.22078852355480194
gearboxEmu/train/section_00_source_train_normal_0789_pro_E.wav,in_support,frequency_modulation,0.1844637542963028
gearboxEmu/train/section_00_source_train_normal_0790_pro_B.wav,in_support,periodic_resonance,0.9300516247749329
gearboxEmu/train/section_00_source_train_normal_0791_pro_A.wav,in_support,frequency_modulation,0.891615629196167
gearboxEmu/train/section_00_source_train_normal_0792_pro_B.wav,in_support,amplitude_modulation,0.010725460946559906
gearboxEmu/train/section_00_source_train_normal_0793_pro_B.wav,in_support,amplitude_modulation,0.8832589387893677
gearboxEmu/train/section_00_source_train_normal_0794_pro_E.wav,in_support,frequency_modulation,0.7703368067741394
gearboxEmu/train/section_00_source_train_normal_0795_pro_B.wav,in_support,amplitude_modulation,0.8053136467933655
gearboxEmu/train/section_00_source_train_normal_0796_pro_D.wav,in_support,amplitude_modulation,0.9251786470413208
gearboxEmu/train/section_00_source_train_normal_0797_pro_A.wav,in_support,amplitude_modulation,0.03773753345012665
gearboxEmu/train/section_00_source_train_normal_0798_pro_C.wav,in_support,periodic_resonance,0.9615852236747742
gearboxEmu/train/section_00_source_train_normal_0799_pro_F.wav,in_support,periodic_resonance,0.6175979375839233
gearboxEmu/train/section_00_source_train_normal_0800_pro_D.wav,in_support,periodic_resonance,0.49408063292503357
gearboxEmu/train/section_00_source_train_normal_0801_pro_B.wav,in_support,periodic_resonance,0.9616479277610779
gearboxEmu/train/section_00_source_train_normal_0802_pro_D.wav,in_support,amplitude_modulation,0.04973114654421806
gearboxEmu/train/section_00_source_train_normal_0803_pro_F.wav,in_support,frequency_modulation,0.6319722533226013
gearboxEmu/train/section_00_source_train_normal_0804_pro_E.wav,in_support,periodic_resonance,0.9568284153938293
gearboxEmu/train/section_00_source_train_normal_0805_pro_B.wav,in_support,periodic_resonance,0.9387853145599365
gearboxEmu/train/section_00_source_train_normal_0806_pro_C.wav,in_support,amplitude_modulation,0.74681556224823
gearboxEmu/train/section_00_source_train_normal_0807_pro_D.wav,in_support,amplitude_modulation,0.046446431428194046
gearboxEmu/train/section_00_source_train_normal_0808_pro_B.wav,in_support,amplitude_modulation,0.7400144338607788
gearboxEmu/train/section_00_source_train_normal_0809_pro_E.wav,in_support,amplitude_modulation,0.01661071740090847
gearboxEmu/train/section_00_source_train_normal_0810_pro_B.wav,in_support,amplitude_modulation,0.0487222820520401
gearboxEmu/train/section_00_source_train_normal_0811_pro_D.wav,in_support,amplitude_modulation,0.9242873787879944
gearboxEmu/train/section_00_source_train_normal_0812_pro_C.wav,in_support,frequency_modulation,0.2725133001804352
gearboxEmu/train/section_00_source_train_normal_0813_pro_B.wav,in_support,amplitude_modulation,0.8703458905220032
gearboxEmu/train/section_00_source_train_normal_0814_pro_C.wav,in_support,frequency_modulation,0.46203798055648804
gearboxEmu/train/section_00_source_train_normal_0815_pro_C.wav,in_support,amplitude_modulation,0.7732928395271301
gearboxEmu/train/section_00_source_train_normal_0816_pro_C.wav,in_support,periodic_resonance,0.652438759803772
gearboxEmu/train/section_00_source_train_normal_0817_pro_D.wav,in_support,amplitude_modulation,0.30686748027801514
gearboxEmu/train/section_00_source_train_normal_0818_pro_B.wav,in_support,frequency_modulation,0.06477178633213043
gearboxEmu/train/section_00_source_train_normal_0819_pro_C.wav,in_support,periodic_resonance,0.9663434028625488
gearboxEmu/train/section_00_source_train_normal_0820_pro_C.wav,in_support,periodic_resonance,0.145144984126091
gearboxEmu/train/section_00_source_train_normal_0821_pro_C.wav,in_support,frequency_modulation,0.49110424518585205
gearboxEmu/train/section_00_source_train_normal_0822_pro_B.wav,in_support,amplitude_modulation,0.6581562161445618
gearboxEmu/train/section_00_source_train_normal_0823_pro_B.wav,in_support,periodic_resonance,0.9949881434440613
gearboxEmu/train/section_00_source_train_normal_0824_pro_E.wav,in_support,periodic_resonance,0.6276736855506897
gearboxEmu/train/section_00_source_train_normal_0825_pro_B.wav,in_support,frequency_modulation,0.592906653881073
gearboxEmu/train/section_00_source_train_normal_0826_pro_E.wav,in_support,periodic_resonance,0.901094377040863
gearboxEmu/train/section_00_source_train_normal_0827_pro_B.wav,in_support,periodic_resonance,0.15589655935764313
gearboxEmu/train/section_00_source_train_normal_0828_pro_F.wav,in_support,frequency_modulation,0.4423266053199768
gearboxEmu/train/section_00_source_train_normal_0829_pro_C.wav,in_support,frequency_modulation,0.7758421301841736
gearboxEmu/train/section_00_source_train_normal_0830_pro_A.wav,in_support,frequency_modulation,0.10402185469865799
gearboxEmu/train/section_00_source_train_normal_0831_pro_A.wav,in_support,frequency_modulation,0.70660001039505
gearboxEmu/train/section_00_source_train_normal_0832_pro_A.wav,in_support,amplitude_modulation,0.5887210965156555
gearboxEmu/train/section_00_source_train_normal_0833_pro_A.wav,in_support,amplitude_modulation,0.7265287041664124
gearboxEmu/train/section_00_source_train_normal_0834_pro_E.wav,in_support,periodic_resonance,0.9956184029579163
gearboxEmu/train/section_00_source_train_normal_0835_pro_F.wav,in_support,frequency_modulation,0.308069109916687
gearboxEmu/train/section_00_source_train_normal_0836_pro_F.wav,in_support,periodic_resonance,0.2498013824224472
gearboxEmu/train/section_00_source_train_normal_0837_pro_B.wav,in_support,amplitude_modulation,0.39241164922714233
gearboxEmu/train/section_00_source_train_normal_0838_pro_F.wav,in_support,amplitude_modulation,0.730491578578949
gearboxEmu/train/section_00_source_train_normal_0839_pro_A.wav,in_support,frequency_modulation,0.08433686941862106
gearboxEmu/train/section_00_source_train_normal_0840_pro_D.wav,in_support,amplitude_modulation,0.19029933214187622
gearboxEmu/train/section_00_source_train_normal_0841_pro_B.wav,in_support,periodic_resonance,0.9365440607070923
gearboxEmu/train/section_00_source_train_normal_0842_pro_C.wav,in_support,amplitude_modulation,0.605542004108429
gearboxEmu/train/section_00_source_train_normal_0843_pro_C.wav,in_support,amplitude_modulation,0.8232873678207397
gearboxEmu/train/section_00_source_train_normal_0844_pro_E.wav,in_support,amplitude_modulation,0.6406306028366089
gearboxEmu/train/section_00_source_train_normal_0845_pro_E.wav,in_support,amplitude_modulation,0.028447343036532402
gearboxEmu/train/section_00_source_train_normal_0846_pro_C.wav,in_support,frequency_modulation,0.6665823459625244
gearboxEmu/train/section_00_source_train_normal_0847_pro_D.wav,in_support,periodic_resonance,0.4817477762699127
gearboxEmu/train/section_00_source_train_normal_0848_pro_E.wav,in_support,periodic_resonance,0.7669195532798767
gearboxEmu/train/section_00_source_train_normal_0849_pro_F.wav,in_support,frequency_modulation,0.05642952769994736
gearboxEmu/train/section_00_source_train_normal_0850_pro_E.wav,in_support,periodic_resonance,0.9701029658317566
gearboxEmu/train/section_00_source_train_normal_0851_pro_A.wav,in_support,amplitude_modulation,0.5213651061058044
gearboxEmu/train/section_00_source_train_normal_0852_pro_E.wav,in_support,periodic_resonance,0.941150963306427
gearboxEmu/train/section_00_source_train_normal_0853_pro_E.wav,in_support,amplitude_modulation,0.06315159052610397
gearboxEmu/train/section_00_source_train_normal_0854_pro_B.wav,in_support,frequency_modulation,0.3275332748889923
gearboxEmu/train/section_00_source_train_normal_0855_pro_B.wav,in_support,amplitude_modulation,0.03523639217019081
gearboxEmu/train/section_00_source_train_normal_0856_pro_B.wav,in_support,frequency_modulation,0.5520251989364624
gearboxEmu/train/section_00_source_train_normal_0857_pro_F.wav,in_support,frequency_modulation,0.10174717009067535
gearboxEmu/train/section_00_source_train_normal_0858_pro_C.wav,in_support,amplitude_modulation,0.7141063213348389
gearboxEmu/train/section_00_source_train_normal_0859_pro_D.wav,in_support,frequency_modulation,0.24932940304279327
gearboxEmu/train/section_00_source_train_normal_0860_pro_D.wav,in_support,amplitude_modulation,0.03358173742890358
gearboxEmu/train/section_00_source_train_normal_0861_pro_B.wav,in_support,amplitude_modulation,0.03464621677994728
gearboxEmu/train/section_00_source_train_normal_0862_pro_F.wav,in_support,periodic_resonance,0.9959805011749268
gearboxEmu/train/section_00_source_train_normal_0863_pro_B.wav,in_support,frequency_modulation,0.8811277151107788
gearboxEmu/train/section_00_source_train_normal_0864_pro_C.wav,in_support,frequency_modulation,0.6127777695655823
gearboxEmu/train/section_00_source_train_normal_0865_pro_E.wav,in_support,periodic_resonance,0.9321162104606628
gearboxEmu/train/section_00_source_train_normal_0866_pro_A.wav,in_support,frequency_modulation,0.2758652865886688
gearboxEmu/train/section_00_source_train_normal_0867_pro_F.wav,in_support,frequency_modulation,0.8414769768714905
gearboxEmu/train/section_00_source_train_normal_0868_pro_F.wav,in_support,frequency_modulation,0.9422056078910828
gearboxEmu/train/section_00_source_train_normal_0869_pro_F.wav,in_support,frequency_modulation,0.22082306444644928
gearboxEmu/train/section_00_source_train_normal_0870_pro_E.wav,in_support,frequency_modulation,0.9701998829841614
gearboxEmu/train/section_00_source_train_normal_0871_pro_F.wav,in_support,amplitude_modulation,0.752012312412262
gearboxEmu/train/section_00_source_train_normal_0872_pro_E.wav,in_support,periodic_resonance,0.5825585722923279
gearboxEmu/train/section_00_source_train_normal_0873_pro_F.wav,in_support,periodic_resonance,0.41141438484191895
gearboxEmu/train/section_00_source_train_normal_0874_pro_B.wav,in_support,frequency_modulation,0.4480679929256439
gearboxEmu/train/section_00_source_train_normal_0875_pro_E.wav,in_support,periodic_resonance,0.9700966477394104
gearboxEmu/train/section_00_source_train_normal_0876_pro_A.wav,in_support,amplitude_modulation,0.14565885066986084
gearboxEmu/train/section_00_source_train_normal_0877_pro_C.wav,in_support,frequency_modulation,0.9023987650871277
gearboxEmu/train/section_00_source_train_normal_0878_pro_D.wav,in_support,frequency_modulation,0.3872441053390503
gearboxEmu/train/section_00_source_train_normal_0879_pro_A.wav,in_support,frequency_modulation,0.3950037956237793
gearboxEmu/train/section_00_source_train_normal_0880_pro_C.wav,in_support,amplitude_modulation,0.9062871932983398
gearboxEmu/train/section_00_source_train_normal_0881_pro_B.wav,in_support,amplitude_modulation,0.820807933807373
gearboxEmu/train/section_00_source_train_normal_0882_pro_B.wav,in_support,periodic_resonance,0.23404258489608765
gearboxEmu/train/section_00_source_train_normal_0883_pro_E.wav,in_support,amplitude_modulation,0.06486859172582626
gearboxEmu/train/section_00_source_train_normal_0884_pro_F.wav,in_support,frequency_modulation,0.9433827996253967
gearboxEmu/train/section_00_source_train_normal_0885_pro_B.wav,in_support,amplitude_modulation,0.13411341607570648
gearboxEmu/train/section_00_source_train_normal_0886_pro_E.wav,in_support,periodic_resonance,0.7912264466285706
gearboxEmu/train/section_00_source_train_normal_0887_pro_B.wav,in_support,frequency_modulation,0.796794593334198
gearboxEmu/train/section_00_source_train_normal_0888_pro_E.wav,in_support,frequency_modulation,0.7741597294807434
gearboxEmu/train/section_00_source_train_normal_0889_pro_D.wav,in_support,amplitude_modulation,0.8888695240020752
gearboxEmu/train/section_00_source_train_normal_0890_pro_C.wav,in_support,periodic_resonance,0.9140223860740662
gearboxEmu/train/section_00_source_train_normal_0891_pro_B.wav,in_support,amplitude_modulation,0.7935208082199097
gearboxEmu/train/section_00_source_train_normal_0892_pro_C.wav,in_support,amplitude_modulation,0.4304845631122589
gearboxEmu/train/section_00_source_train_normal_0893_pro_F.wav,in_support,amplitude_modulation,0.03409959003329277
gearboxEmu/train/section_00_source_train_normal_0894_pro_D.wav,in_support,amplitude_modulation,0.02997489832341671
gearboxEmu/train/section_00_source_train_normal_0895_pro_B.wav,in_support,amplitude_modulation,0.9593668580055237
gearboxEmu/train/section_00_source_train_normal_0896_pro_E.wav,in_support,amplitude_modulation,0.06809473782777786
gearboxEmu/train/section_00_source_train_normal_0897_pro_F.wav,in_support,amplitude_modulation,0.025998279452323914
gearboxEmu/train/section_00_source_train_normal_0898_pro_E.wav,in_support,periodic_resonance,0.9373262524604797
gearboxEmu/train/section_00_source_train_normal_0899_pro_C.wav,in_support,amplitude_modulation,0.9155013561248779
gearboxEmu/train/section_00_source_train_normal_0900_pro_D.wav,in_support,frequency_modulation,0.3418601155281067
gearboxEmu/train/section_00_source_train_normal_0901_pro_F.wav,in_support,frequency_modulation,0.10356395691633224
gearboxEmu/train/section_00_source_train_normal_0902_pro_B.wav,in_support,frequency_modulation,0.3633611798286438
gearboxEmu/train/section_00_source_train_normal_0903_pro_C.wav,in_support,amplitude_modulation,0.9433245658874512
gearboxEmu/train/section_00_source_train_normal_0904_pro_A.wav,in_support,frequency_modulation,0.17620575428009033
gearboxEmu/train/section_00_source_train_normal_0905_pro_B.wav,in_support,amplitude_modulation,0.030115650966763496
gearboxEmu/train/section_00_source_train_normal_0906_pro_E.wav,in_support,frequency_modulation,0.7986446619033813
gearboxEmu/train/section_00_source_train_normal_0907_pro_B.wav,in_support,periodic_resonance,0.3594195246696472
gearboxEmu/train/section_00_source_train_normal_0908_pro_D.wav,in_support,frequency_modulation,0.18431828916072845
gearboxEmu/train/section_00_source_train_normal_0909_pro_B.wav,in_support,amplitude_modulation,0.6917271614074707
gearboxEmu/train/section_00_source_train_normal_0910_pro_E.wav,in_support,frequency_modulation,0.9142348170280457
gearboxEmu/train/section_00_source_train_normal_0911_pro_E.wav,in_support,frequency_modulation,0.9842880368232727
gearboxEmu/train/section_00_source_train_normal_0912_pro_B.wav,in_support,periodic_resonance,0.43472856283187866
gearboxEmu/train/section_00_source_train_normal_0913_pro_C.wav,in_support,frequency_modulation,0.7714616060256958
gearboxEmu/train/section_00_source_train_normal_0914_pro_F.wav,in_support,amplitude_modulation,0.015204789116978645
gearboxEmu/train/section_00_source_train_normal_0915_pro_A.wav,in_support,frequency_modulation,0.662734866142273
gearboxEmu/train/section_00_source_train_normal_0916_pro_C.wav,in_support,amplitude_modulation,0.8764938712120056
gearboxEmu/train/section_00_source_train_normal_0917_pro_A.wav,in_support,amplitude_modulation,0.03332873061299324
gearboxEmu/train/section_00_source_train_normal_0918_pro_A.wav,in_support,frequency_modulation,0.33277198672294617
gearboxEmu/train/section_00_source_train_normal_0919_pro_B.wav,in_support,amplitude_modulation,0.9347426295280457
gearboxEmu/train/section_00_source_train_normal_0920_pro_D.wav,in_support,periodic_resonance,0.7910680770874023
gearboxEmu/train/section_00_source_train_normal_0921_pro_F.wav,in_support,periodic_resonance,0.22076943516731262
gearboxEmu/train/section_00_source_train_normal_0922_pro_A.wav,in_support,frequency_modulation,0.11918160319328308
gearboxEmu/train/section_00_source_train_normal_0923_pro_E.wav,in_support,amplitude_modulation,0.3298500180244446
gearboxEmu/train/section_00_source_train_normal_0924_pro_C.wav,in_support,frequency_modulation,0.047344665974378586
gearboxEmu/train/section_00_source_train_normal_0925_pro_D.wav,in_support,amplitude_modulation,0.8726747632026672
gearboxEmu/train/section_00_source_train_normal_0926_pro_D.wav,in_support,periodic_resonance,0.5700648427009583
gearboxEmu/train/section_00_source_train_normal_0927_pro_F.wav,in_support,amplitude_modulation,0.9380823969841003
gearboxEmu/train/section_00_source_train_normal_0928_pro_B.wav,in_support,amplitude_modulation,0.6240363121032715
gearboxEmu/train/section_00_source_train_normal_0929_pro_D.wav,in_support,frequency_modulation,0.8733389973640442
gearboxEmu/train/section_00_source_train_normal_0930_pro_C.wav,in_support,frequency_modulation,0.12183921784162521
gearboxEmu/train/section_00_source_train_normal_0931_pro_D.wav,in_support,amplitude_modulation,0.04150491580367088
gearboxEmu/train/section_00_source_train_normal_0932_pro_F.wav,in_support,frequency_modulation,0.9803048968315125
gearboxEmu/train/section_00_source_train_normal_0933_pro_B.wav,in_support,periodic_resonance,0.840181827545166
gearboxEmu/train/section_00_source_train_normal_0934_pro_B.wav,in_support,periodic_resonance,0.09528028964996338
gearboxEmu/train/section_00_source_train_normal_0935_pro_A.wav,in_support,periodic_resonance,0.4335768222808838
gearboxEmu/train/section_00_source_train_normal_0936_pro_A.wav,in_support,frequency_modulation,0.7571086883544922
gearboxEmu/train/section_00_source_train_normal_0937_pro_E.wav,in_support,amplitude_modulation,0.30966734886169434
gearboxEmu/train/section_00_source_train_normal_0938_pro_B.wav,in_support,frequency_modulation,0.7547646164894104
gearboxEmu/train/section_00_source_train_normal_0939_pro_C.wav,in_support,periodic_resonance,0.5446333885192871
gearboxEmu/train/section_00_source_train_normal_0940_pro_B.wav,in_support,periodic_resonance,0.17023871839046478
gearboxEmu/train/section_00_source_train_normal_0941_pro_F.wav,in_support,periodic_resonance,0.999148964881897
gearboxEmu/train/section_00_source_train_normal_0942_pro_F.wav,in_support,frequency_modulation,0.2502446472644806
gearboxEmu/train/section_00_source_train_normal_0943_pro_D.wav,in_support,frequency_modulation,0.07333169132471085
gearboxEmu/train/section_00_source_train_normal_0944_pro_B.wav,in_support,frequency_modulation,0.39891597628593445
gearboxEmu/train/section_00_source_train_normal_0945_pro_F.wav,in_support,periodic_resonance,0.9126117825508118
gearboxEmu/train/section_00_source_train_normal_0946_pro_C.wav,in_support,periodic_resonance,0.9880022406578064
gearboxEmu/train/section_00_source_train_normal_0947_pro_A.wav,in_support,amplitude_modulation,0.9166842699050903
gearboxEmu/train/section_00_source_train_normal_0948_pro_C.wav,in_support,frequency_modulation,0.8205283284187317
gearboxEmu/train/section_00_source_train_normal_0949_pro_A.wav,in_support,periodic_resonance,0.3630293309688568
gearboxEmu/train/section_00_source_train_normal_0950_pro_B.wav,in_support,frequency_modulation,0.09134338796138763
gearboxEmu/train/section_00_source_train_normal_0951_pro_A.wav,in_support,frequency_modulation,0.8197675347328186
gearboxEmu/train/section_00_source_train_normal_0952_pro_D.wav,in_support,periodic_resonance,0.5140823125839233
gearboxEmu/train/section_00_source_train_normal_0953_pro_B.wav,in_support,amplitude_modulation,0.5519171953201294
gearboxEmu/train/section_00_source_train_normal_0954_pro_C.wav,in_support,frequency_modulation,0.8226547241210938
gearboxEmu/train/section_00_source_train_normal_0955_pro_A.wav,in_support,frequency_modulation,0.49764329195022583
gearboxEmu/train/section_00_source_train_normal_0956_pro_D.wav,in_support,periodic_resonance,0.7400857210159302
gearboxEmu/train/section_00_source_train_normal_0957_pro_C.wav,in_support,amplitude_modulation,0.024286024272441864
gearboxEmu/train/section_00_source_train_normal_0958_pro_B.wav,in_support,amplitude_modulation,0.8501429557800293
gearboxEmu/train/section_00_source_train_normal_0959_pro_F.wav,in_support,frequency_modulation,0.16089734435081482
gearboxEmu/train/section_00_source_train_normal_0960_pro_E.wav,in_support,periodic_resonance,0.20295405387878418
gearboxEmu/train/section_00_source_train_normal_0961_pro_C.wav,in_support,amplitude_modulation,0.8291082978248596
gearboxEmu/train/section_00_source_train_normal_0962_pro_F.wav,in_support,amplitude_modulation,0.031234396621584892
gearboxEmu/train/section_00_source_train_normal_0963_pro_E.wav,in_support,periodic_resonance,0.41779738664627075
gearboxEmu/train/section_00_source_train_normal_0964_pro_A.wav,in_support,frequency_modulation,0.29801028966903687
gearboxEmu/train/section_00_source_train_normal_0965_pro_D.wav,in_support,periodic_resonance,0.4641094505786896
gearboxEmu/train/section_00_source_train_normal_0966_pro_F.wav,in_support,frequency_modulation,0.8813594579696655
gearboxEmu/train/section_00_source_train_normal_0967_pro_A.wav,in_support,amplitude_modulation,0.6151535511016846
gearboxEmu/train/section_00_source_train_normal_0968_pro_C.wav,in_support,periodic_resonance,0.9426872730255127
gearboxEmu/train/section_00_source_train_normal_0969_pro_F.wav,in_support,amplitude_modulation,0.28025975823402405
gearboxEmu/train/section_00_source_train_normal_0970_pro_F.wav,in_support,amplitude_modulation,0.020233172923326492
gearboxEmu/train/section_00_source_train_normal_0971_pro_A.wav,in_support,periodic_resonance,0.9822608232498169
gearboxEmu/train/section_00_source_train_normal_0972_pro_A.wav,in_support,amplitude_modulation,0.059922732412815094
gearboxEmu/train/section_00_source_train_normal_0973_pro_C.wav,in_support,periodic_resonance,0.9313821792602539
gearboxEmu/train/section_00_source_train_normal_0974_pro_E.wav,in_support,amplitude_modulation,0.09770604223012924
gearboxEmu/train/section_00_source_train_normal_0975_pro_A.wav,in_support,amplitude_modulation,0.7648993730545044
gearboxEmu/train/section_00_source_train_normal_0976_pro_D.wav,in_support,periodic_resonance,0.9660066962242126
gearboxEmu/train/section_00_source_train_normal_0977_pro_F.wav,in_support,periodic_resonance,0.11872385442256927
gearboxEmu/train/section_00_source_train_normal_0978_pro_E.wav,in_support,frequency_modulation,0.5825258493423462
gearboxEmu/train/section_00_source_train_normal_0979_pro_D.wav,in_support,amplitude_modulation,0.7137629389762878
gearboxEmu/train/section_00_source_train_normal_0980_pro_D.wav,in_support,periodic_resonance,0.11148658394813538
gearboxEmu/train/section_00_source_train_normal_0981_pro_D.wav,in_support,periodic_resonance,0.6426957249641418
gearboxEmu/train/section_00_source_train_normal_0982_pro_E.wav,in_support,periodic_resonance,0.9784343838691711
gearboxEmu/train/section_00_source_train_normal_0983_pro_B.wav,in_support,frequency_modulation,0.6561187505722046
gearboxEmu/train/section_00_source_train_normal_0984_pro_E.wav,in_support,amplitude_modulation,0.022864175960421562
gearboxEmu/train/section_00_source_train_normal_0985_pro_B.wav,in_support,frequency_modulation,0.8019927144050598
gearboxEmu/train/section_00_source_train_normal_0986_pro_D.wav,in_support,periodic_resonance,0.6970610618591309
gearboxEmu/train/section_00_source_train_normal_0987_pro_D.wav,in_support,frequency_modulation,0.3039249777793884
gearboxEmu/train/section_00_source_train_normal_0988_pro_A.wav,in_support,frequency_modulation,0.5349502563476562
gearboxEmu/train/section_00_source_train_normal_0989_pro_E.wav,in_support,amplitude_modulation,0.06155305355787277
gearboxEmu/train/section_00_target_train_normal_0000_pro_X.wav,in_support,amplitude_modulation,0.9518417119979858
gearboxEmu/train/section_00_target_train_normal_0001_pro_Z.wav,in_support,periodic_resonance,0.23232221603393555
gearboxEmu/train/section_00_target_train_normal_0002_pro_Y.wav,in_support,frequency_modulation,0.08025459200143814
gearboxEmu/train/section_00_target_train_normal_0003_pro_Y.wav,in_support,frequency_modulation,0.17697255313396454
gearboxEmu/train/section_00_target_train_normal_0004_pro_Y.wav,in_support,amplitude_modulation,0.8614876866340637
gearboxEmu/train/section_00_target_train_normal_0005_pro_Z.wav,in_support,periodic_resonance,0.23269958794116974
gearboxEmu/train/section_00_target_train_normal_0006_pro_X.wav,in_support,amplitude_modulation,0.4169860780239105
gearboxEmu/train/section_00_target_train_normal_0007_pro_X.wav,in_support,amplitude_modulation,0.7851409316062927
gearboxEmu/train/section_00_target_train_normal_0008_pro_Z.wav,in_support,frequency_modulation,0.5433409810066223
gearboxEmu/train/section_00_target_train_normal_0009_pro_Z.wav,in_support,frequency_modulation,0.2367618978023529
sliderEmu/train/section_00_source_train_normal_0000_noAttribute.wav,in_support,periodic_resonance,0.9870222806930542
sliderEmu/train/section_00_source_train_normal_0001_noAttribute.wav,in_support,amplitude_modulation,0.19880613684654236
sliderEmu/train/section_00_source_train_normal_0002_noAttribute.wav,in_support,frequency_modulation,0.2703644335269928
sliderEmu/train/section_00_source_train_normal_0003_noAttribute.wav,in_support,amplitude_modulation,0.8314549922943115
sliderEmu/train/section_00_source_train_normal_0004_noAttribute.wav,in_support,frequency_modulation,0.8500539660453796
sliderEmu/train/section_00_source_train_normal_0005_noAttribute.wav,in_support,periodic_resonance,0.6143465042114258
sliderEmu/train/section_00_source_train_normal_0006_noAttribute.wav,in_support,periodic_resonance,0.9906247854232788
sliderEmu/train/section_00_source_train_normal_0007_noAttribute.wav,in_support,amplitude_modulation,0.058295488357543945
sliderEmu/train/section_00_source_train_normal_0008_noAttribute.wav,in_support,periodic_resonance,0.6956025958061218
sliderEmu/train/section_00_source_train_normal_0009_noAttribute.wav,in_support,frequency_modulation,0.6426948308944702
sliderEmu/train/section_00_source_train_normal_0010_noAttribute.wav,in_support,periodic_resonance,0.34656763076782227
sliderEmu/train/section_00_source_train_normal_0011_noAttribute.wav,in_support,periodic_resonance,0.9585436582565308
sliderEmu/train/section_00_source_train_normal_0012_noAttribute.wav,in_support,amplitude_modulation,0.5214000344276428
sliderEmu/train/section_00_source_train_normal_0013_noAttribute.wav,in_support,frequency_modulation,0.6466017365455627
sliderEmu/train/section_00_source_train_normal_0014_noAttribute.wav,in_support,frequency_modulation,0.7957336902618408
sliderEmu/train/section_00_source_train_normal_0015_noAttribute.wav,in_support,amplitude_modulation,0.5530380010604858
sliderEmu/train/section_00_source_train_normal_0016_noAttribute.wav,in_support,amplitude_modulation,0.9406787753105164
sliderEmu/train/section_00_source_train_normal_0017_noAttribute.wav,in_support,amplitude_modulation,0.15365581214427948
sliderEmu/train/section_00_source_train_normal_0018_noAttribute.wav,in_support,amplitude_modulation,0.8876245021820068
sliderEmu/train/section_00_source_train_normal_0019_noAttribute.wav,in_support,amplitude_modulation,0.6440873146057129
sliderEmu/train/section_00_source_train_normal_0020_noAttribute.wav,in_support,frequency_modulation,0.7392891645431519
sliderEmu/train/section_00_source_train_normal_0021_noAttribute.wav,in_support,periodic_resonance,0.9593827724456787
sliderEmu/train/section_00_source_train_normal_0022_noAttribute.wav,in_support,amplitude_modulation,0.5825859904289246
sliderEmu/train/section_00_source_train_normal_0023_noAttribute.wav,in_support,amplitude_modulation,0.14581504464149475
sliderEmu/train/section_00_source_train_normal_0024_noAttribute.wav,in_support,amplitude_modulation,0.8547232747077942
sliderEmu/train/section_00_source_train_normal_0025_noAttribute.wav,in_support,amplitude_modulation,0.04710456356406212
sliderEmu/train/section_00_source_train_normal_0026_noAttribute.wav,in_support,amplitude_modulation,0.4508606791496277
sliderEmu/train/section_00_source_train_normal_0027_noAttribute.wav,in_support,periodic_resonance,0.7614865303039551
sliderEmu/train/section_00_source_train_normal_0028_noAttribute.wav,in_support,amplitude_modulation,0.9228298664093018
sliderEmu/train/section_00_source_train_normal_0029_noAttribute.wav,in_support,frequency_modulation,0.34414857625961304
sliderEmu/train/section_00_source_train_normal_0030_noAttribute.wav,in_support,frequency_modulation,0.5279638767242432
sliderEmu/train/section_00_source_train_normal_0031_noAttribute.wav,in_support,frequency_modulation,0.38501885533332825
sliderEmu/train/section_00_source_train_normal_0032_noAttribute.wav,in_support,frequency_modulation,0.9054916501045227
sliderEmu/train/section_00_source_train_normal_0033_noAttribute.wav,in_support,amplitude_modulation,0.15420475602149963
sliderEmu/train/section_00_source_train_normal_0034_noAttribute.wav,in_support,frequency_modulation,0.5109789967536926
sliderEmu/train/section_00_source_train_normal_0035_noAttribute.wav,in_support,amplitude_modulation,0.7742770314216614
sliderEmu/train/section_00_source_train_normal_0036_noAttribute.wav,in_support,frequency_modulation,0.6029027104377747
sliderEmu/train/section_00_source_train_normal_0037_noAttribute.wav,in_support,amplitude_modulation,0.9327340126037598
sliderEmu/train/section_00_source_train_normal_0038_noAttribute.wav,in_support,amplitude_modulation,0.8293218612670898
sliderEmu/train/section_00_source_train_normal_0039_noAttribute.wav,in_support,periodic_resonance,0.5109980702400208
sliderEmu/train/section_00_source_train_normal_0040_noAttribute.wav,in_support,frequency_modulation,0.4779960811138153
sliderEmu/train/section_00_source_train_normal_0041_noAttribute.wav,in_support,frequency_modulation,0.36039188504219055
sliderEmu/train/section_00_source_train_normal_0042_noAttribute.wav,in_support,frequency_modulation,0.9700857996940613
sliderEmu/train/section_00_source_train_normal_0043_noAttribute.wav,in_support,frequency_modulation,0.5478548407554626
sliderEmu/train/section_00_source_train_normal_0044_noAttribute.wav,in_support,frequency_modulation,0.3676488995552063
sliderEmu/train/section_00_source_train_normal_0045_noAttribute.wav,in_support,periodic_resonance,0.7227256298065186
sliderEmu/train/section_00_source_train_normal_0046_noAttribute.wav,in_support,frequency_modulation,0.4967804253101349
sliderEmu/train/section_00_source_train_normal_0047_noAttribute.wav,in_support,periodic_resonance,0.32416588068008423
sliderEmu/train/section_00_source_train_normal_0048_noAttribute.wav,in_support,periodic_resonance,0.8558012843132019
sliderEmu/train/section_00_source_train_normal_0049_noAttribute.wav,in_support,periodic_resonance,0.6938666701316833
sliderEmu/train/section_00_source_train_normal_0050_noAttribute.wav,in_support,periodic_resonance,0.8670007586479187
sliderEmu/train/section_00_source_train_normal_0051_noAttribute.wav,in_support,amplitude_modulation,0.810165524482727
sliderEmu/train/section_00_source_train_normal_0052_noAttribute.wav,in_support,periodic_resonance,0.8632369637489319
sliderEmu/train/section_00_source_train_normal_0053_noAttribute.wav,in_support,amplitude_modulation,0.7677230834960938
sliderEmu/train/section_00_source_train_normal_0054_noAttribute.wav,in_support,frequency_modulation,0.9314613342285156
sliderEmu/train/section_00_source_train_normal_0055_noAttribute.wav,in_support,periodic_resonance,0.9574177265167236
sliderEmu/train/section_00_source_train_normal_0056_noAttribute.wav,in_support,amplitude_modulation,0.7814631462097168
sliderEmu/train/section_00_source_train_normal_0057_noAttribute.wav,in_support,amplitude_modulation,0.42805951833724976
sliderEmu/train/section_00_source_train_normal_0058_noAttribute.wav,in_support,periodic_resonance,0.9621005654335022
sliderEmu/train/section_00_source_train_normal_0059_noAttribute.wav,in_support,periodic_resonance,0.9338058233261108
sliderEmu/train/section_00_source_train_normal_0060_noAttribute.wav,in_support,amplitude_modulation,0.1592191457748413
sliderEmu/train/section_00_source_train_normal_0061_noAttribute.wav,in_support,periodic_resonance,0.6822526454925537
sliderEmu/train/section_00_source_train_normal_0062_noAttribute.wav,in_support,frequency_modulation,0.6374049782752991
sliderEmu/train/section_00_source_train_normal_0063_noAttribute.wav,in_support,periodic_resonance,0.7250416874885559
sliderEmu/train/section_00_source_train_normal_0064_noAttribute.wav,in_support,frequency_modulation,0.15141037106513977
sliderEmu/train/section_00_source_train_normal_0065_noAttribute.wav,in_support,frequency_modulation,0.8267858028411865
sliderEmu/train/section_00_source_train_normal_0066_noAttribute.wav,in_support,frequency_modulation,0.21576246619224548
sliderEmu/train/section_00_source_train_normal_0067_noAttribute.wav,in_support,frequency_modulation,0.7537786364555359
sliderEmu/train/section_00_source_train_normal_0068_noAttribute.wav,in_support,amplitude_modulation,0.6457673907279968
sliderEmu/train/section_00_source_train_normal_0069_noAttribute.wav,in_support,periodic_resonance,0.86244136095047
sliderEmu/train/section_00_source_train_normal_0070_noAttribute.wav,in_support,frequency_modulation,0.48917654156684875
sliderEmu/train/section_00_source_train_normal_0071_noAttribute.wav,in_support,periodic_resonance,0.9234020113945007
sliderEmu/train/section_00_source_train_normal_0072_noAttribute.wav,in_support,frequency_modulation,0.21538248658180237
sliderEmu/train/section_00_source_train_normal_0073_noAttribute.wav,in_support,frequency_modulation,0.5690508484840393
sliderEmu/train/section_00_source_train_normal_0074_noAttribute.wav,in_support,frequency_modulation,0.9024780988693237
sliderEmu/train/section_00_source_train_normal_0075_noAttribute.wav,in_support,frequency_modulation,0.6586204767227173
sliderEmu/train/section_00_source_train_normal_0076_noAttribute.wav,in_support,periodic_resonance,0.9895077347755432
sliderEmu/train/section_00_source_train_normal_0077_noAttribute.wav,in_support,periodic_resonance,0.8710650205612183
sliderEmu/train/section_00_source_train_normal_0078_noAttribute.wav,in_support,periodic_resonance,0.7233420610427856
sliderEmu/train/section_00_source_train_normal_0079_noAttribute.wav,in_support,frequency_modulation,0.41487574577331543
sliderEmu/train/section_00_source_train_normal_0080_noAttribute.wav,in_support,frequency_modulation,0.7090064287185669
sliderEmu/train/section_00_source_train_normal_0081_noAttribute.wav,in_support,frequency_modulation,0.5964476466178894
sliderEmu/train/section_00_source_train_normal_0082_noAttribute.wav,in_support,periodic_resonance,0.7611106038093567
sliderEmu/train/section_00_source_train_normal_0083_noAttribute.wav,in_support,frequency_modulation,0.1840110570192337
sliderEmu/train/section_00_source_train_normal_0084_noAttribute.wav,in_support,periodic_resonance,0.6794010400772095
sliderEmu/train/section_00_source_train_normal_0085_noAttribute.wav,in_support,periodic_resonance,0.8819541335105896
sliderEmu/train/section_00_source_train_normal_0086_noAttribute.wav,in_support,frequency_modulation,0.854595422744751
sliderEmu/train/section_00_source_train_normal_0087_noAttribute.wav,in_support,amplitude_modulation,0.3137954771518707
sliderEmu/train/section_00_source_train_normal_0088_noAttribute.wav,in_support,frequency_modulation,0.6168603301048279
sliderEmu/train/section_00_source_train_normal_0089_noAttribute.wav,in_support,frequency_modulation,0.4775095283985138
sliderEmu/train/section_00_source_train_normal_0090_noAttribute.wav,in_support,periodic_resonance,0.3624056577682495
sliderEmu/train/section_00_source_train_normal_0091_noAttribute.wav,in_support,periodic_resonance,0.19977766275405884
sliderEmu/train/section_00_source_train_normal_0092_noAttribute.wav,in_support,periodic_resonance,0.6235536336898804
sliderEmu/train/section_00_source_train_normal_0093_noAttribute.wav,in_support,periodic_resonance,0.9949844479560852
sliderEmu/train/section_00_source_train_normal_0094_noAttribute.wav,in_support,periodic_resonance,0.7402361631393433
sliderEmu/train/section_00_source_train_normal_0095_noAttribute.wav,in_support,frequency_modulation,0.49090486764907837
sliderEmu/train/section_00_source_train_normal_0096_noAttribute.wav,in_support,frequency_modulation,0.3721107542514801
sliderEmu/train/section_00_source_train_normal_0097_noAttribute.wav,in_support,frequency_modulation,0.5520764589309692
sliderEmu/train/section_00_source_train_normal_0098_noAttribute.wav,in_support,periodic_resonance,0.4478802978992462
sliderEmu/train/section_00_source_train_normal_0099_noAttribute.wav,in_support,periodic_resonance,0.5360657572746277
sliderEmu/train/section_00_source_train_normal_0100_noAttribute.wav,in_support,frequency_modulation,0.7256079316139221
sliderEmu/train/section_00_source_train_normal_0101_noAttribute.wav,in_support,frequency_modulation,0.1026311069726944
sliderEmu/train/section_00_source_train_normal_0102_noAttribute.wav,in_support,amplitude_modulation,0.4980297088623047
sliderEmu/train/section_00_source_train_normal_0103_noAttribute.wav,in_support,periodic_resonance,0.3840014636516571
sliderEmu/train/section_00_source_train_normal_0104_noAttribute.wav,in_support,amplitude_modulation,0.9237781763076782
sliderEmu/train/section_00_source_train_normal_0105_noAttribute.wav,in_support,periodic_resonance,0.895431399345398
sliderEmu/train/section_00_source_train_normal_0106_noAttribute.wav,in_support,frequency_modulation,0.22011001408100128
sliderEmu/train/section_00_source_train_normal_0107_noAttribute.wav,in_support,amplitude_modulation,0.8848055005073547
sliderEmu/train/section_00_source_train_normal_0108_noAttribute.wav,in_support,amplitude_modulation,0.05092025548219681
sliderEmu/train/section_00_source_train_normal_0109_noAttribute.wav,in_support,frequency_modulation,0.6591264009475708
sliderEmu/train/section_00_source_train_normal_0110_noAttribute.wav,in_support,frequency_modulation,0.49933910369873047
sliderEmu/train/section_00_source_train_normal_0111_noAttribute.wav,in_support,amplitude_modulation,0.72711580991745
sliderEmu/train/section_00_source_train_normal_0112_noAttribute.wav,in_support,frequency_modulation,0.6068482995033264
sliderEmu/train/section_00_source_train_normal_0113_noAttribute.wav,in_support,frequency_modulation,0.48331841826438904
sliderEmu/train/section_00_source_train_normal_0114_noAttribute.wav,in_support,periodic_resonance,0.9935123324394226
sliderEmu/train/section_00_source_train_normal_0115_noAttribute.wav,in_support,frequency_modulation,0.12632863223552704
sliderEmu/train/section_00_source_train_normal_0116_noAttribute.wav,in_support,amplitude_modulation,0.30434539914131165
sliderEmu/train/section_00_source_train_normal_0117_noAttribute.wav,in_support,amplitude_modulation,0.23452746868133545
sliderEmu/train/section_00_source_train_normal_0118_noAttribute.wav,in_support,frequency_modulation,0.5036846399307251
sliderEmu/train/section_00_source_train_normal_0119_noAttribute.wav,in_support,periodic_resonance,0.9982451796531677
sliderEmu/train/section_00_source_train_normal_0120_noAttribute.wav,in_support,amplitude_modulation,0.8321415185928345
sliderEmu/train/section_00_source_train_normal_0121_noAttribute.wav,in_support,periodic_resonance,0.6942313313484192
sliderEmu/train/section_00_source_train_normal_0122_noAttribute.wav,in_support,amplitude_modulation,0.8468638062477112
sliderEmu/train/section_00_source_train_normal_0123_noAttribute.wav,in_support,amplitude_modulation,0.9441443085670471
sliderEmu/train/section_00_source_train_normal_0124_noAttribute.wav,in_support,periodic_resonance,0.22704613208770752
sliderEmu/train/section_00_source_train_normal_0125_noAttribute.wav,in_support,amplitude_modulation,0.3889363408088684
sliderEmu/train/section_00_source_train_normal_0126_noAttribute.wav,in_support,amplitude_modulation,0.04644378647208214
sliderEmu/train/section_00_source_train_normal_0127_noAttribute.wav,in_support,amplitude_modulation,0.0628466084599495
sliderEmu/train/section_00_source_train_normal_0128_noAttribute.wav,in_support,amplitude_modulation,0.8461528420448303
sliderEmu/train/section_00_source_train_normal_0129_noAttribute.wav,in_support,frequency_modulation,0.5062682032585144
sliderEmu/train/section_00_source_train_normal_0130_noAttribute.wav,in_support,periodic_resonance,0.4301169514656067
sliderEmu/train/section_00_source_train_normal_0131_noAttribute.wav,in_support,amplitude_modulation,0.2207474261522293
sliderEmu/train/section_00_source_train_normal_0132_noAttribute.wav,in_support,periodic_resonance,0.3507401645183563
sliderEmu/train/section_00_source_train_normal_0133_noAttribute.wav,in_support,frequency_modulation,0.7953823208808899
sliderEmu/train/section_00_source_train_normal_0134_noAttribute.wav,in_support,periodic_resonance,0.9521687626838684
sliderEmu/train/section_00_source_train_normal_0135_noAttribute.wav,in_support,frequency_modulation,0.4257180094718933
sliderEmu/train/section_00_source_train_normal_0136_noAttribute.wav,in_support,frequency_modulation,0.878587543964386
sliderEmu/train/section_00_source_train_normal_0137_noAttribute.wav,in_support,frequency_modulation,0.614213764667511
sliderEmu/train/section_00_source_train_normal_0138_noAttribute.wav,in_support,frequency_modulation,0.4970395565032959
sliderEmu/train/section_00_source_train_normal_0139_noAttribute.wav,in_support,frequency_modulation,0.44572192430496216
sliderEmu/train/section_00_source_train_normal_0140_noAttribute.wav,in_support,amplitude_modulation,0.5823144316673279
sliderEmu/train/section_00_source_train_normal_0141_noAttribute.wav,in_support,periodic_resonance,0.3367546796798706
sliderEmu/train/section_00_source_train_normal_0142_noAttribute.wav,in_support,periodic_resonance,0.84563809633255
sliderEmu/train/section_00_source_train_normal_0143_noAttribute.wav,in_support,amplitude_modulation,0.5546542406082153
sliderEmu/train/section_00_source_train_normal_0144_noAttribute.wav,in_support,frequency_modulation,0.9374241232872009
sliderEmu/train/section_00_source_train_normal_0145_noAttribute.wav,in_support,frequency_modulation,0.5059575438499451
sliderEmu/train/section_00_source_train_normal_0146_noAttribute.wav,in_support,amplitude_modulation,0.07614882290363312
sliderEmu/train/section_00_source_train_normal_0147_noAttribute.wav,in_support,periodic_resonance,0.6506306529045105
sliderEmu/train/section_00_source_train_normal_0148_noAttribute.wav,in_support,periodic_resonance,0.8671877384185791
sliderEmu/train/section_00_source_train_normal_0149_noAttribute.wav,in_support,periodic_resonance,0.8705325126647949
sliderEmu/train/section_00_source_train_normal_0150_noAttribute.wav,in_support,frequency_modulation,0.9174401760101318
sliderEmu/train/section_00_source_train_normal_0151_noAttribute.wav,in_support,periodic_resonance,0.959700882434845
sliderEmu/train/section_00_source_train_normal_0152_noAttribute.wav,in_support,periodic_resonance,0.948178768157959
sliderEmu/train/section_00_source_train_normal_0153_noAttribute.wav,in_support,frequency_modulation,0.836659848690033
sliderEmu/train/section_00_source_train_normal_0154_noAttribute.wav,in_support,frequency_modulation,0.19724537432193756
sliderEmu/train/section_00_source_train_normal_0155_noAttribute.wav,in_support,amplitude_modulation,0.5654023885726929
sliderEmu/train/section_00_source_train_normal_0156_noAttribute.wav,in_support,amplitude_modulation,0.7958365082740784
sliderEmu/train/section_00_source_train_normal_0157_noAttribute.wav,in_support,amplitude_modulation,0.12773862481117249
sliderEmu/train/section_00_source_train_normal_0158_noAttribute.wav,in_support,periodic_resonance,0.29287832975387573
sliderEmu/train/section_00_source_train_normal_0159_noAttribute.wav,in_support,amplitude_modulation,0.8978809714317322
sliderEmu/train/section_00_source_train_normal_0160_noAttribute.wav,in_support,frequency_modulation,0.533552885055542
sliderEmu/train/section_00_source_train_normal_0161_noAttribute.wav,in_support,frequency_modulation,0.18809184432029724
sliderEmu/train/section_00_source_train_normal_0162_noAttribute.wav,in_support,periodic_resonance,0.932288408279419
sliderEmu/train/section_00_source_train_normal_0163_noAttribute.wav,in_support,frequency_modulation,0.33051592111587524
sliderEmu/train/section_00_source_train_normal_0164_noAttribute.wav,in_support,frequency_modulation,0.8475795388221741
sliderEmu/train/section_00_source_train_normal_0165_noAttribute.wav,in_support,periodic_resonance,0.7333459854125977
sliderEmu/train/section_00_source_train_normal_0166_noAttribute.wav,in_support,periodic_resonance,0.23646993935108185
sliderEmu/train/section_00_source_train_normal_0167_noAttribute.wav,in_support,amplitude_modulation,0.9295639395713806
sliderEmu/train/section_00_source_train_normal_0168_noAttribute.wav,in_support,periodic_resonance,0.4387216866016388
sliderEmu/train/section_00_source_train_normal_0169_noAttribute.wav,in_support,amplitude_modulation,0.0647011324763298
sliderEmu/train/section_00_source_train_normal_0170_noAttribute.wav,in_support,periodic_resonance,0.6328937411308289
sliderEmu/train/section_00_source_train_normal_0171_noAttribute.wav,in_support,amplitude_modulation,0.7633575797080994
sliderEmu/train/section_00_source_train_normal_0172_noAttribute.wav,in_support,amplitude_modulation,0.023196659982204437
sliderEmu/train/section_00_source_train_normal_0173_noAttribute.wav,in_support,periodic_resonance,0.8085775971412659
sliderEmu/train/section_00_source_train_normal_0174_noAttribute.wav,in_support,amplitude_modulation,0.6075363755226135
sliderEmu/train/section_00_source_train_normal_0175_noAttribute.wav,in_support,frequency_modulation,0.6210207939147949
sliderEmu/train/section_00_source_train_normal_0176_noAttribute.wav,in_support,periodic_resonance,0.4332740902900696
sliderEmu/train/section_00_source_train_normal_0177_noAttribute.wav,in_support,periodic_resonance,0.7258972525596619
sliderEmu/train/section_00_source_train_normal_0178_noAttribute.wav,in_support,periodic_resonance,0.9039468169212341
sliderEmu/train/section_00_source_train_normal_0179_noAttribute.wav,in_support,frequency_modulation,0.7385251522064209
sliderEmu/train/section_00_source_train_normal_0180_noAttribute.wav,in_support,periodic_resonance,0.14951962232589722
sliderEmu/train/section_00_source_train_normal_0181_noAttribute.wav,in_support,amplitude_modulation,0.8500140309333801
sliderEmu/train/section_00_source_train_normal_0182_noAttribute.wav,in_support,frequency_modulation,0.3511665463447571
sliderEmu/train/section_00_source_train_normal_0183_noAttribute.wav,in_support,periodic_resonance,0.9865076541900635
sliderEmu/train/section_00_source_train_normal_0184_noAttribute.wav,in_support,periodic_resonance,0.6498995423316956
sliderEmu/train/section_00_source_train_normal_0185_noAttribute.wav,in_support,frequency_modulation,0.7322503328323364
sliderEmu/train/section_00_source_train_normal_0186_noAttribute.wav,in_support,periodic_resonance,0.8351749777793884
sliderEmu/train/section_00_source_train_normal_0187_noAttribute.wav,in_support,frequency_modulation,0.12212597578763962
sliderEmu/train/section_00_source_train_normal_0188_noAttribute.wav,in_support,amplitude_modulation,0.5659317970275879
sliderEmu/train/section_00_source_train_normal_0189_noAttribute.wav,in_support,amplitude_modulation,0.735008716583252
sliderEmu/train/section_00_source_train_normal_0190_noAttribute.wav,in_support,amplitude_modulation,0.43865516781806946
sliderEmu/train/section_00_source_train_normal_0191_noAttribute.wav,in_support,amplitude_modulation,0.7010350823402405
sliderEmu/train/section_00_source_train_normal_0192_noAttribute.wav,in_support,frequency_modulation,0.7567203640937805
sliderEmu/train/section_00_source_train_normal_0193_noAttribute.wav,in_support,frequency_modulation,0.7268531322479248
sliderEmu/train/section_00_source_train_normal_0194_noAttribute.wav,in_support,frequency_modulation,0.7450062036514282
sliderEmu/train/section_00_source_train_normal_0195_noAttribute.wav,in_support,frequency_modulation,0.7672203779220581
sliderEmu/train/section_00_source_train_normal_0196_noAttribute.wav,in_support,amplitude_modulation,0.7031331658363342
sliderEmu/train/section_00_source_train_normal_0197_noAttribute.wav,in_support,amplitude_modulation,0.690351665019989
sliderEmu/train/section_00_source_train_normal_0198_noAttribute.wav,in_support,amplitude_modulation,0.6544023156166077
sliderEmu/train/section_00_source_train_normal_0199_noAttribute.wav,in_support,amplitude_modulation,0.8815621733665466
sliderEmu/train/section_00_source_train_normal_0200_noAttribute.wav,in_support,amplitude_modulation,0.08134886622428894
sliderEmu/train/section_00_source_train_normal_0201_noAttribute.wav,in_support,frequency_modulation,0.793393611907959
sliderEmu/train/section_00_source_train_normal_0202_noAttribute.wav,in_support,frequency_modulation,0.3706318438053131
sliderEmu/train/section_00_source_train_normal_0203_noAttribute.wav,in_support,amplitude_modulation,0.7057628035545349
sliderEmu/train/section_00_source_train_normal_0204_noAttribute.wav,in_support,amplitude_modulation,0.32891160249710083
sliderEmu/train/section_00_source_train_normal_0205_noAttribute.wav,in_support,frequency_modulation,0.10749521106481552
sliderEmu/train/section_00_source_train_normal_0206_noAttribute.wav,in_support,amplitude_modulation,0.8945574164390564
sliderEmu/train/section_00_source_train_normal_0207_noAttribute.wav,in_support,frequency_modulation,0.5403357148170471
sliderEmu/train/section_00_source_train_normal_0208_noAttribute.wav,in_support,frequency_modulation,0.7999128103256226
sliderEmu/train/section_00_source_train_normal_0209_noAttribute.wav,in_support,amplitude_modulation,0.5909042954444885
sliderEmu/train/section_00_source_train_normal_0210_noAttribute.wav,in_support,amplitude_modulation,0.8369032740592957
sliderEmu/train/section_00_source_train_normal_0211_noAttribute.wav,in_support,amplitude_modulation,0.757691502571106
sliderEmu/train/section_00_source_train_normal_0212_noAttribute.wav,in_support,amplitude_modulation,0.24111129343509674
sliderEmu/train/section_00_source_train_normal_0213_noAttribute.wav,in_support,periodic_resonance,0.6657626628875732
sliderEmu/train/section_00_source_train_normal_0214_noAttribute.wav,in_support,frequency_modulation,0.67588871717453
sliderEmu/train/section_00_source_train_normal_0215_noAttribute.wav,in_support,periodic_resonance,0.6692258715629578
sliderEmu/train/section_00_source_train_normal_0216_noAttribute.wav,in_support,periodic_resonance,0.5315631031990051
sliderEmu/train/section_00_source_train_normal_0217_noAttribute.wav,in_support,amplitude_modulation,0.04073327034711838
sliderEmu/train/section_00_source_train_normal_0218_noAttribute.wav,in_support,amplitude_modulation,0.2896527647972107
sliderEmu/train/section_00_source_train_normal_0219_noAttribute.wav,in_support,amplitude_modulation,0.06361567229032516
sliderEmu/train/section_00_source_train_normal_0220_noAttribute.wav,in_support,amplitude_modulation,0.37138503789901733
sliderEmu/train/section_00_source_train_normal_0221_noAttribute.wav,in_support,frequency_modulation,0.4407971501350403
sliderEmu/train/section_00_source_train_normal_0222_noAttribute.wav,in_support,periodic_resonance,0.8345516324043274
sliderEmu/train/section_00_source_train_normal_0223_noAttribute.wav,in_support,periodic_resonance,0.6806522011756897
sliderEmu/train/section_00_source_train_normal_0224_noAttribute.wav,in_support,periodic_resonance,0.6268969774246216
sliderEmu/train/section_00_source_train_normal_0225_noAttribute.wav,in_support,frequency_modulation,0.3974848687648773
sliderEmu/train/section_00_source_train_normal_0226_noAttribute.wav,in_support,amplitude_modulation,0.13871710002422333
sliderEmu/train/section_00_source_train_normal_0227_noAttribute.wav,in_support,amplitude_modulation,0.06619217991828918
sliderEmu/train/section_00_source_train_normal_0228_noAttribute.wav,in_support,frequency_modulation,0.37240031361579895
sliderEmu/train/section_00_source_train_normal_0229_noAttribute.wav,in_support,amplitude_modulation,0.06644903123378754
sliderEmu/train/section_00_source_train_normal_0230_noAttribute.wav,in_support,periodic_resonance,0.8705723881721497
sliderEmu/train/section_00_source_train_normal_0231_noAttribute.wav,in_support,amplitude_modulation,0.5324674248695374
sliderEmu/train/section_00_source_train_normal_0232_noAttribute.wav,in_support,amplitude_modulation,0.2001899927854538
sliderEmu/train/section_00_source_train_normal_0233_noAttribute.wav,in_support,amplitude_modulation,0.15111388266086578
sliderEmu/train/section_00_source_train_normal_0234_noAttribute.wav,in_support,amplitude_modulation,0.8028619289398193
sliderEmu/train/section_00_source_train_normal_0235_noAttribute.wav,in_support,amplitude_modulation,0.3139822483062744
sliderEmu/train/section_00_source_train_normal_0236_noAttribute.wav,in_support,periodic_resonance,0.5521531701087952
sliderEmu/train/section_00_source_train_normal_0237_noAttribute.wav,in_support,periodic_resonance,0.9887740015983582
sliderEmu/train/section_00_source_train_normal_0238_noAttribute.wav,in_support,frequency_modulation,0.8421313762664795
sliderEmu/train/section_00_source_train_normal_0239_noAttribute.wav,in_support,amplitude_modulation,0.06255210191011429
sliderEmu/train/section_00_source_train_normal_0240_noAttribute.wav,in_support,amplitude_modulation,0.04882454127073288
sliderEmu/train/section_00_source_train_normal_0241_noAttribute.wav,in_support,periodic_resonance,0.34880489110946655
sliderEmu/train/section_00_source_train_normal_0242_noAttribute.wav,in_support,amplitude_modulation,0.19371595978736877
sliderEmu/train/section_00_source_train_normal_0243_noAttribute.wav,in_support,frequency_modulation,0.15256628394126892
sliderEmu/train/section_00_source_train_normal_0244_noAttribute.wav,in_support,periodic_resonance,0.547889232635498
sliderEmu/train/section_00_source_train_normal_0245_noAttribute.wav,in_support,frequency_modulation,0.8644407391548157
sliderEmu/train/section_00_source_train_normal_0246_noAttribute.wav,in_support,periodic_resonance,0.9843993782997131
sliderEmu/train/section_00_source_train_normal_0247_noAttribute.wav,in_support,amplitude_modulation,0.03321554884314537
sliderEmu/train/section_00_source_train_normal_0248_noAttribute.wav,in_support,frequency_modulation,0.9828491806983948
sliderEmu/train/section_00_source_train_normal_0249_noAttribute.wav,in_support,amplitude_modulation,0.30445146560668945
sliderEmu/train/section_00_source_train_normal_0250_noAttribute.wav,in_support,frequency_modulation,0.2747677266597748
sliderEmu/train/section_00_source_train_normal_0251_noAttribute.wav,in_support,frequency_modulation,0.9454370141029358
sliderEmu/train/section_00_source_train_normal_0252_noAttribute.wav,in_support,periodic_resonance,0.69927579164505
sliderEmu/train/section_00_source_train_normal_0253_noAttribute.wav,in_support,periodic_resonance,0.8575853705406189
sliderEmu/train/section_00_source_train_normal_0254_noAttribute.wav,in_support,frequency_modulation,0.44420483708381653
sliderEmu/train/section_00_source_train_normal_0255_noAttribute.wav,in_support,periodic_resonance,0.942719578742981
sliderEmu/train/section_00_source_train_normal_0256_noAttribute.wav,in_support,periodic_resonance,0.9805605411529541
sliderEmu/train/section_00_source_train_normal_0257_noAttribute.wav,in_support,frequency_modulation,0.862817108631134
sliderEmu/train/section_00_source_train_normal_0258_noAttribute.wav,in_support,frequency_modulation,0.09491638094186783
sliderEmu/train/section_00_source_train_normal_0259_noAttribute.wav,in_support,frequency_modulation,0.5401116013526917
sliderEmu/train/section_00_source_train_normal_0260_noAttribute.wav,in_support,amplitude_modulation,0.2868103086948395
sliderEmu/train/section_00_source_train_normal_0261_noAttribute.wav,in_support,amplitude_modulation,0.5612494349479675
sliderEmu/train/section_00_source_train_normal_0262_noAttribute.wav,in_support,periodic_resonance,0.7693673968315125
sliderEmu/train/section_00_source_train_normal_0263_noAttribute.wav,in_support,periodic_resonance,0.738009512424469
sliderEmu/train/section_00_source_train_normal_0264_noAttribute.wav,in_support,periodic_resonance,0.9253578782081604
sliderEmu/train/section_00_source_train_normal_0265_noAttribute.wav,in_support,frequency_modulation,0.7347327470779419
sliderEmu/train/section_00_source_train_normal_0266_noAttribute.wav,in_support,periodic_resonance,0.5202369093894958
sliderEmu/train/section_00_source_train_normal_0267_noAttribute.wav,in_support,periodic_resonance,0.4422239065170288
sliderEmu/train/section_00_source_train_normal_0268_noAttribute.wav,in_support,periodic_resonance,0.32862961292266846
sliderEmu/train/section_00_source_train_normal_0269_noAttribute.wav,in_support,periodic_resonance,0.9701068997383118
sliderEmu/train/section_00_source_train_normal_0270_noAttribute.wav,in_support,frequency_modulation,0.320573091506958
sliderEmu/train/section_00_source_train_normal_0271_noAttribute.wav,in_support,amplitude_modulation,0.15476763248443604
sliderEmu/train/section_00_source_train_normal_0272_noAttribute.wav,in_support,frequency_modulation,0.8295510411262512
sliderEmu/train/section_00_source_train_normal_0273_noAttribute.wav,in_support,periodic_resonance,0.12092836201190948
sliderEmu/train/section_00_source_train_normal_0274_noAttribute.wav,in_support,frequency_modulation,0.9159092307090759
sliderEmu/train/section_00_source_train_normal_0275_noAttribute.wav,in_support,frequency_modulation,0.9333498477935791
sliderEmu/train/section_00_source_train_normal_0276_noAttribute.wav,in_support,amplitude_modulation,0.9153519868850708
sliderEmu/train/section_00_source_train_normal_0277_noAttribute.wav,in_support,periodic_resonance,0.0707792192697525
sliderEmu/train/section_00_source_train_normal_0278_noAttribute.wav,in_support,amplitude_modulation,0.8676062822341919
sliderEmu/train/section_00_source_train_normal_0279_noAttribute.wav,in_support,amplitude_modulation,0.5610233545303345
sliderEmu/train/section_00_source_train_normal_0280_noAttribute.wav,in_support,frequency_modulation,0.26973578333854675
sliderEmu/train/section_00_source_train_normal_0281_noAttribute.wav,in_support,frequency_modulation,0.7050406336784363
sliderEmu/train/section_00_source_train_normal_0282_noAttribute.wav,in_support,amplitude_modulation,0.20041470229625702
sliderEmu/train/section_00_source_train_normal_0283_noAttribute.wav,in_support,frequency_modulation,0.7236765027046204
sliderEmu/train/section_00_source_train_normal_0284_noAttribute.wav,in_support,amplitude_modulation,0.9195771217346191
sliderEmu/train/section_00_source_train_normal_0285_noAttribute.wav,in_support,amplitude_modulation,0.8938367962837219
sliderEmu/train/section_00_source_train_normal_0286_noAttribute.wav,in_support,periodic_resonance,0.6630601286888123
sliderEmu/train/section_00_source_train_normal_0287_noAttribute.wav,in_support,frequency_modulation,0.8495639562606812
sliderEmu/train/section_00_source_train_normal_0288_noAttribute.wav,in_support,amplitude_modulation,0.09240368008613586
sliderEmu/train/section_00_source_train_normal_0289_noAttribute.wav,in_support,amplitude_modulation,0.7610974311828613
sliderEmu/train/section_00_source_train_normal_0290_noAttribute.wav,in_support,periodic_resonance,0.7756628394126892
sliderEmu/train/section_00_source_train_normal_0291_noAttribute.wav,in_support,periodic_resonance,0.9212223291397095
sliderEmu/train/section_00_source_train_normal_0292_noAttribute.wav,in_support,frequency_modulation,0.3998168408870697
sliderEmu/train/section_00_source_train_normal_0293_noAttribute.wav,in_support,periodic_resonance,0.44136640429496765
sliderEmu/train/section_00_source_train_normal_0294_noAttribute.wav,in_support,periodic_resonance,0.7921245694160461
sliderEmu/train/section_00_source_train_normal_0295_noAttribute.wav,in_support,amplitude_modulation,0.3301739990711212
sliderEmu/train/section_00_source_train_normal_0296_noAttribute.wav,in_support,amplitude_modulation,0.23992805182933807
sliderEmu/train/section_00_source_train_normal_0297_noAttribute.wav,in_support,amplitude_modulation,0.13676083087921143
sliderEmu/train/section_00_source_train_normal_0298_noAttribute.wav,in_support,amplitude_modulation,0.06473330408334732
sliderEmu/train/section_00_source_train_normal_0299_noAttribute.wav,in_support,amplitude_modulation,0.6701610684394836
sliderEmu/train/section_00_source_train_normal_0300_noAttribute.wav,in_support,periodic_resonance,0.8543978333473206
sliderEmu/train/section_00_source_train_normal_0301_noAttribute.wav,in_support,periodic_resonance,0.2995797097682953
sliderEmu/train/section_00_source_train_normal_0302_noAttribute.wav,in_support,periodic_resonance,0.6784437298774719
sliderEmu/train/section_00_source_train_normal_0303_noAttribute.wav,in_support,frequency_modulation,0.6907508373260498
sliderEmu/train/section_00_source_train_normal_0304_noAttribute.wav,in_support,frequency_modulation,0.5123656392097473
sliderEmu/train/section_00_source_train_normal_0305_noAttribute.wav,in_support,amplitude_modulation,0.74726802110672
sliderEmu/train/section_00_source_train_normal_0306_noAttribute.wav,in_support,frequency_modulation,0.421002596616745
sliderEmu/train/section_00_source_train_normal_0307_noAttribute.wav,in_support,amplitude_modulation,0.13988319039344788
sliderEmu/train/section_00_source_train_normal_0308_noAttribute.wav,in_support,amplitude_modulation,0.9117316603660583
sliderEmu/train/section_00_source_train_normal_0309_noAttribute.wav,in_support,amplitude_modulation,0.0456743985414505
sliderEmu/train/section_00_source_train_normal_0310_noAttribute.wav,in_support,amplitude_modulation,0.559963047504425
sliderEmu/train/section_00_source_train_normal_0311_noAttribute.wav,in_support,periodic_resonance,0.8791044354438782
sliderEmu/train/section_00_source_train_normal_0312_noAttribute.wav,in_support,amplitude_modulation,0.5743641257286072
sliderEmu/train/section_00_source_train_normal_0313_noAttribute.wav,in_support,frequency_modulation,0.5240764617919922
sliderEmu/train/section_00_source_train_normal_0314_noAttribute.wav,in_support,amplitude_modulation,0.02479594014585018
sliderEmu/train/section_00_source_train_normal_0315_noAttribute.wav,in_support,frequency_modulation,0.8984979391098022
sliderEmu/train/section_00_source_train_normal_0316_noAttribute.wav,in_support,amplitude_modulation,0.954017162322998
sliderEmu/train/section_00_source_train_normal_0317_noAttribute.wav,in_support,amplitude_modulation,0.8882308006286621
sliderEmu/train/section_00_source_train_normal_0318_noAttribute.wav,in_support,frequency_modulation,0.13956396281719208
sliderEmu/train/section_00_source_train_normal_0319_noAttribute.wav,in_support,frequency_modulation,0.9748877882957458
sliderEmu/train/section_00_source_train_normal_0320_noAttribute.wav,in_support,amplitude_modulation,0.8701209425926208
sliderEmu/train/section_00_source_train_normal_0321_noAttribute.wav,in_support,frequency_modulation,0.9115590453147888
sliderEmu/train/section_00_source_train_normal_0322_noAttribute.wav,in_support,frequency_modulation,0.9552988409996033
sliderEmu/train/section_00_source_train_normal_0323_noAttribute.wav,in_support,amplitude_modulation,0.813538134098053
sliderEmu/train/section_00_source_train_normal_0324_noAttribute.wav,in_support,amplitude_modulation,0.39317479729652405
sliderEmu/train/section_00_source_train_normal_0325_noAttribute.wav,in_support,frequency_modulation,0.2646900713443756
sliderEmu/train/section_00_source_train_normal_0326_noAttribute.wav,in_support,amplitude_modulation,0.6821013689041138
sliderEmu/train/section_00_source_train_normal_0327_noAttribute.wav,in_support,amplitude_modulation,0.536202609539032
sliderEmu/train/section_00_source_train_normal_0328_noAttribute.wav,in_support,frequency_modulation,0.5194268822669983
sliderEmu/train/section_00_source_train_normal_0329_noAttribute.wav,in_support,periodic_resonance,0.6069774627685547
sliderEmu/train/section_00_source_train_normal_0330_noAttribute.wav,in_support,amplitude_modulation,0.919536828994751
sliderEmu/train/section_00_source_train_normal_0331_noAttribute.wav,in_support,periodic_resonance,0.5311962366104126
sliderEmu/train/section_00_source_train_normal_0332_noAttribute.wav,in_support,periodic_resonance,0.7060575485229492
sliderEmu/train/section_00_source_train_normal_0333_noAttribute.wav,in_support,periodic_resonance,0.9925806522369385
sliderEmu/train/section_00_source_train_normal_0334_noAttribute.wav,in_support,amplitude_modulation,0.7525912523269653
sliderEmu/train/section_00_source_train_normal_0335_noAttribute.wav,in_support,amplitude_modulation,0.9316805601119995
sliderEmu/train/section_00_source_train_normal_0336_noAttribute.wav,in_support,frequency_modulation,0.4985862970352173
sliderEmu/train/section_00_source_train_normal_0337_noAttribute.wav,in_support,amplitude_modulation,0.919141948223114
sliderEmu/train/section_00_source_train_normal_0338_noAttribute.wav,in_support,amplitude_modulation,0.4363740384578705
sliderEmu/train/section_00_source_train_normal_0339_noAttribute.wav,in_support,amplitude_modulation,0.15485142171382904
sliderEmu/train/section_00_source_train_normal_0340_noAttribute.wav,in_support,periodic_resonance,0.19257758557796478
sliderEmu/train/section_00_source_train_normal_0341_noAttribute.wav,in_support,amplitude_modulation,0.08898379653692245
sliderEmu/train/section_00_source_train_normal_0342_noAttribute.wav,in_support,frequency_modulation,0.8536510467529297
sliderEmu/train/section_00_source_train_normal_0343_noAttribute.wav,in_support,frequency_modulation,0.6989195942878723
sliderEmu/train/section_00_source_train_normal_0344_noAttribute.wav,in_support,amplitude_modulation,0.8601439595222473
sliderEmu/train/section_00_source_train_normal_0345_noAttribute.wav,in_support,frequency_modulation,0.15668024122714996
sliderEmu/train/section_00_source_train_normal_0346_noAttribute.wav,in_support,amplitude_modulation,0.38591158390045166
sliderEmu/train/section_00_source_train_normal_0347_noAttribute.wav,in_support,amplitude_modulation,0.6479372978210449
sliderEmu/train/section_00_source_train_normal_0348_noAttribute.wav,in_support,amplitude_modulation,0.7354021668434143
sliderEmu/train/section_00_source_train_normal_0349_noAttribute.wav,in_support,frequency_modulation,0.7262036204338074
sliderEmu/train/section_00_source_train_normal_0350_noAttribute.wav,in_support,frequency_modulation,0.8427025079727173
sliderEmu/train/section_00_source_train_normal_0351_noAttribute.wav,in_support,amplitude_modulation,0.9495065808296204
sliderEmu/train/section_00_source_train_normal_0352_noAttribute.wav,in_support,periodic_resonance,0.45504745841026306
sliderEmu/train/section_00_source_train_normal_0353_noAttribute.wav,in_support,amplitude_modulation,0.11227494478225708
sliderEmu/train/section_00_source_train_normal_0354_noAttribute.wav,in_support,amplitude_modulation,0.8734896779060364
sliderEmu/train/section_00_source_train_normal_0355_noAttribute.wav,in_support,periodic_resonance,0.43361103534698486
sliderEmu/train/section_00_source_train_normal_0356_noAttribute.wav,in_support,frequency_modulation,0.8981707096099854
sliderEmu/train/section_00_source_train_normal_0357_noAttribute.wav,in_support,amplitude_modulation,0.06998796761035919
sliderEmu/train/section_00_source_train_normal_0358_noAttribute.wav,in_support,amplitude_modulation,0.3466125428676605
sliderEmu/train/section_00_source_train_normal_0359_noAttribute.wav,in_support,frequency_modulation,0.6894679665565491
sliderEmu/train/section_00_source_train_normal_0360_noAttribute.wav,in_support,frequency_modulation,0.5089768171310425
sliderEmu/train/section_00_source_train_normal_0361_noAttribute.wav,in_support,frequency_modulation,0.9206176400184631
sliderEmu/train/section_00_source_train_normal_0362_noAttribute.wav,in_support,periodic_resonance,0.9321630597114563
sliderEmu/train/section_00_source_train_normal_0363_noAttribute.wav,in_support,amplitude_modulation,0.5353801250457764
sliderEmu/train/section_00_source_train_normal_0364_noAttribute.wav,in_support,frequency_modulation,0.8258354067802429
sliderEmu/train/section_00_source_train_normal_0365_noAttribute.wav,in_support,periodic_resonance,0.6280912160873413
sliderEmu/train/section_00_source_train_normal_0366_noAttribute.wav,in_support,frequency_modulation,0.25505462288856506
sliderEmu/train/section_00_source_train_normal_0367_noAttribute.wav,in_support,amplitude_modulation,0.4987938106060028
sliderEmu/train/section_00_source_train_normal_0368_noAttribute.wav,in_support,frequency_modulation,0.7812978625297546
sliderEmu/train/section_00_source_train_normal_0369_noAttribute.wav,in_support,amplitude_modulation,0.048415038734674454
sliderEmu/train/section_00_source_train_normal_0370_noAttribute.wav,in_support,frequency_modulation,0.3101539611816406
sliderEmu/train/section_00_source_train_normal_0371_noAttribute.wav,in_support,frequency_modulation,0.5309242010116577
sliderEmu/train/section_00_source_train_normal_0372_noAttribute.wav,in_support,amplitude_modulation,0.13872063159942627
sliderEmu/train/section_00_source_train_normal_0373_noAttribute.wav,in_support,amplitude_modulation,0.8428981304168701
sliderEmu/train/section_00_source_train_normal_0374_noAttribute.wav,in_support,periodic_resonance,0.27027004957199097
sliderEmu/train/section_00_source_train_normal_0375_noAttribute.wav,in_support,periodic_resonance,0.6783061027526855
sliderEmu/train/section_00_source_train_normal_0376_noAttribute.wav,in_support,frequency_modulation,0.7181475758552551
sliderEmu/train/section_00_source_train_normal_0377_noAttribute.wav,in_support,frequency_modulation,0.1593230664730072
sliderEmu/train/section_00_source_train_normal_0378_noAttribute.wav,in_support,amplitude_modulation,0.8112448453903198
sliderEmu/train/section_00_source_train_normal_0379_noAttribute.wav,in_support,periodic_resonance,0.7803545594215393
sliderEmu/train/section_00_source_train_normal_0380_noAttribute.wav,in_support,periodic_resonance,0.7446487545967102
sliderEmu/train/section_00_source_train_normal_0381_noAttribute.wav,in_support,amplitude_modulation,0.2614646255970001
sliderEmu/train/section_00_source_train_normal_0382_noAttribute.wav,in_support,frequency_modulation,0.7383427023887634
sliderEmu/train/section_00_source_train_normal_0383_noAttribute.wav,in_support,periodic_resonance,0.6075257658958435
sliderEmu/train/section_00_source_train_normal_0384_noAttribute.wav,in_support,frequency_modulation,0.5843216776847839
sliderEmu/train/section_00_source_train_normal_0385_noAttribute.wav,in_support,periodic_resonance,0.727927565574646
sliderEmu/train/section_00_source_train_normal_0386_noAttribute.wav,in_support,amplitude_modulation,0.0844406858086586
sliderEmu/train/section_00_source_train_normal_0387_noAttribute.wav,in_support,frequency_modulation,0.9147961139678955
sliderEmu/train/section_00_source_train_normal_0388_noAttribute.wav,in_support,periodic_resonance,0.9163888692855835
sliderEmu/train/section_00_source_train_normal_0389_noAttribute.wav,in_support,amplitude_modulation,0.40292489528656006
sliderEmu/train/section_00_source_train_normal_0390_noAttribute.wav,in_support,amplitude_modulation,0.8702338337898254
sliderEmu/train/section_00_source_train_normal_0391_noAttribute.wav,in_support,periodic_resonance,0.5634479522705078
sliderEmu/train/section_00_source_train_normal_0392_noAttribute.wav,in_support,frequency_modulation,0.5062963366508484
sliderEmu/train/section_00_source_train_normal_0393_noAttribute.wav,in_support,periodic_resonance,0.9536765217781067
sliderEmu/train/section_00_source_train_normal_0394_noAttribute.wav,in_support,amplitude_modulation,0.20342420041561127
sliderEmu/train/section_00_source_train_normal_0395_noAttribute.wav,in_support,frequency_modulation,0.9970763921737671
sliderEmu/train/section_00_source_train_normal_0396_noAttribute.wav,in_support,amplitude_modulation,0.9019011855125427
sliderEmu/train/section_00_source_train_normal_0397_noAttribute.wav,in_support,periodic_resonance,0.8985853791236877
sliderEmu/train/section_00_source_train_normal_0398_noAttribute.wav,in_support,amplitude_modulation,0.12061327695846558
sliderEmu/train/section_00_source_train_normal_0399_noAttribute.wav,in_support,frequency_modulation,0.7847718596458435
sliderEmu/train/section_00_source_train_normal_0400_noAttribute.wav,in_support,amplitude_modulation,0.8387381434440613
sliderEmu/train/section_00_source_train_normal_0401_noAttribute.wav,in_support,amplitude_modulation,0.13557875156402588
sliderEmu/train/section_00_source_train_normal_0402_noAttribute.wav,in_support,periodic_resonance,0.6030791401863098
sliderEmu/train/section_00_source_train_normal_0403_noAttribute.wav,in_support,amplitude_modulation,0.19241727888584137
sliderEmu/train/section_00_source_train_normal_0404_noAttribute.wav,in_support,periodic_resonance,0.8830273151397705
sliderEmu/train/section_00_source_train_normal_0405_noAttribute.wav,in_support,amplitude_modulation,0.1829758882522583
sliderEmu/train/section_00_source_train_normal_0406_noAttribute.wav,in_support,frequency_modulation,0.5599943399429321
sliderEmu/train/section_00_source_train_normal_0407_noAttribute.wav,in_support,frequency_modulation,0.5433500409126282
sliderEmu/train/section_00_source_train_normal_0408_noAttribute.wav,in_support,frequency_modulation,0.9384979009628296
sliderEmu/train/section_00_source_train_normal_0409_noAttribute.wav,in_support,periodic_resonance,0.9772263765335083
sliderEmu/train/section_00_source_train_normal_0410_noAttribute.wav,in_support,amplitude_modulation,0.4462069869041443
sliderEmu/train/section_00_source_train_normal_0411_noAttribute.wav,in_support,periodic_resonance,0.6599345803260803
sliderEmu/train/section_00_source_train_normal_0412_noAttribute.wav,in_support,amplitude_modulation,0.396958589553833
sliderEmu/train/section_00_source_train_normal_0413_noAttribute.wav,in_support,frequency_modulation,0.9527881145477295
sliderEmu/train/section_00_source_train_normal_0414_noAttribute.wav,in_support,periodic_resonance,0.41663098335266113
sliderEmu/train/section_00_source_train_normal_0415_noAttribute.wav,in_support,periodic_resonance,0.8743448257446289
sliderEmu/train/section_00_source_train_normal_0416_noAttribute.wav,in_support,amplitude_modulation,0.17829357087612152
sliderEmu/train/section_00_source_train_normal_0417_noAttribute.wav,in_support,amplitude_modulation,0.8957856893539429
sliderEmu/train/section_00_source_train_normal_0418_noAttribute.wav,in_support,frequency_modulation,0.5537075996398926
sliderEmu/train/section_00_source_train_normal_0419_noAttribute.wav,in_support,amplitude_modulation,0.8088796138763428
sliderEmu/train/section_00_source_train_normal_0420_noAttribute.wav,in_support,periodic_resonance,0.9880846738815308
sliderEmu/train/section_00_source_train_normal_0421_noAttribute.wav,in_support,periodic_resonance,0.23863786458969116
sliderEmu/train/section_00_source_train_normal_0422_noAttribute.wav,in_support,amplitude_modulation,0.9250472187995911
sliderEmu/train/section_00_source_train_normal_0423_noAttribute.wav,in_support,amplitude_modulation,0.40543603897094727
sliderEmu/train/section_00_source_train_normal_0424_noAttribute.wav,in_support,frequency_modulation,0.17992869019508362
sliderEmu/train/section_00_source_train_normal_0425_noAttribute.wav,in_support,periodic_resonance,0.8425963521003723
sliderEmu/train/section_00_source_train_normal_0426_noAttribute.wav,in_support,amplitude_modulation,0.05763674154877663
sliderEmu/train/section_00_source_train_normal_0427_noAttribute.wav,in_support,frequency_modulation,0.9649496674537659
sliderEmu/train/section_00_source_train_normal_0428_noAttribute.wav,in_support,frequency_modulation,0.19796320796012878
sliderEmu/train/section_00_source_train_normal_0429_noAttribute.wav,in_support,amplitude_modulation,0.7595893740653992
sliderEmu/train/section_00_source_train_normal_0430_noAttribute.wav,in_support,periodic_resonance,0.23366084694862366
sliderEmu/train/section_00_source_train_normal_0431_noAttribute.wav,in_support,amplitude_modulation,0.583273708820343
sliderEmu/train/section_00_source_train_normal_0432_noAttribute.wav,in_support,amplitude_modulation,0.33801329135894775
sliderEmu/train/section_00_source_train_normal_0433_noAttribute.wav,in_support,periodic_resonance,0.4001148045063019
sliderEmu/train/section_00_source_train_normal_0434_noAttribute.wav,in_support,amplitude_modulation,0.10063906013965607
sliderEmu/train/section_00_source_train_normal_0435_noAttribute.wav,in_support,periodic_resonance,0.9330766201019287
sliderEmu/train/section_00_source_train_normal_0436_noAttribute.wav,in_support,amplitude_modulation,0.8816294074058533
sliderEmu/train/section_00_source_train_normal_0437_noAttribute.wav,in_support,frequency_modulation,0.4795711934566498
sliderEmu/train/section_00_source_train_normal_0438_noAttribute.wav,in_support,frequency_modulation,0.7960235476493835
sliderEmu/train/section_00_source_train_normal_0439_noAttribute.wav,in_support,periodic_resonance,0.88416987657547
sliderEmu/train/section_00_source_train_normal_0440_noAttribute.wav,in_support,amplitude_modulation,0.09534607827663422
sliderEmu/train/section_00_source_train_normal_0441_noAttribute.wav,in_support,frequency_modulation,0.40844082832336426
sliderEmu/train/section_00_source_train_normal_0442_noAttribute.wav,in_support,periodic_resonance,0.944316029548645
sliderEmu/train/section_00_source_train_normal_0443_noAttribute.wav,in_support,amplitude_modulation,0.17062553763389587
sliderEmu/train/section_00_source_train_normal_0444_noAttribute.wav,in_support,periodic_resonance,0.9139214158058167
sliderEmu/train/section_00_source_train_normal_0445_noAttribute.wav,in_support,amplitude_modulation,0.25201740860939026
sliderEmu/train/section_00_source_train_normal_0446_noAttribute.wav,in_support,periodic_resonance,0.7396516799926758
sliderEmu/train/section_00_source_train_normal_0447_noAttribute.wav,in_support,frequency_modulation,0.18699201941490173
sliderEmu/train/section_00_source_train_normal_0448_noAttribute.wav,in_support,frequency_modulation,0.23349158465862274
sliderEmu/train/section_00_source_train_normal_0449_noAttribute.wav,in_support,frequency_modulation,0.2360779345035553
sliderEmu/train/section_00_source_train_normal_0450_noAttribute.wav,in_support,frequency_modulation,0.4437008202075958
sliderEmu/train/section_00_source_train_normal_0451_noAttribute.wav,in_support,periodic_resonance,0.9443293809890747
sliderEmu/train/section_00_source_train_normal_0452_noAttribute.wav,in_support,frequency_modulation,0.4452696740627289
sliderEmu/train/section_00_source_train_normal_0453_noAttribute.wav,in_support,periodic_resonance,0.9004607796669006
sliderEmu/train/section_00_source_train_normal_0454_noAttribute.wav,in_support,amplitude_modulation,0.19755734503269196
sliderEmu/train/section_00_source_train_normal_0455_noAttribute.wav,in_support,amplitude_modulation,0.05191202834248543
sliderEmu/train/section_00_source_train_normal_0456_noAttribute.wav,in_support,amplitude_modulation,0.04357399046421051
sliderEmu/train/section_00_source_train_normal_0457_noAttribute.wav,in_support,frequency_modulation,0.6900117993354797
sliderEmu/train/section_00_source_train_normal_0458_noAttribute.wav,in_support,frequency_modulation,0.7536811232566833
sliderEmu/train/section_00_source_train_normal_0459_noAttribute.wav,in_support,periodic_resonance,0.9369109272956848
sliderEmu/train/section_00_source_train_normal_0460_noAttribute.wav,in_support,periodic_resonance,0.9502453207969666
sliderEmu/train/section_00_source_train_normal_0461_noAttribute.wav,in_support,periodic_resonance,0.9481772780418396
sliderEmu/train/section_00_source_train_normal_0462_noAttribute.wav,in_support,periodic_resonance,0.5092386603355408
sliderEmu/train/section_00_source_train_normal_0463_noAttribute.wav,in_support,amplitude_modulation,0.6568142175674438
sliderEmu/train/section_00_source_train_normal_0464_noAttribute.wav,in_support,frequency_modulation,0.6017805337905884
sliderEmu/train/section_00_source_train_normal_0465_noAttribute.wav,in_support,frequency_modulation,0.11844503879547119
sliderEmu/train/section_00_source_train_normal_0466_noAttribute.wav,in_support,periodic_resonance,0.36413779854774475
sliderEmu/train/section_00_source_train_normal_0467_noAttribute.wav,in_support,periodic_resonance,0.6902508735656738
sliderEmu/train/section_00_source_train_normal_0468_noAttribute.wav,in_support,frequency_modulation,0.8671775460243225
sliderEmu/train/section_00_source_train_normal_0469_noAttribute.wav,in_support,frequency_modulation,0.6254660487174988
sliderEmu/train/section_00_source_train_normal_0470_noAttribute.wav,in_support,frequency_modulation,0.7649840712547302
sliderEmu/train/section_00_source_train_normal_0471_noAttribute.wav,in_support,periodic_resonance,0.936357855796814
sliderEmu/train/section_00_source_train_normal_0472_noAttribute.wav,in_support,frequency_modulation,0.264492005109787
sliderEmu/train/section_00_source_train_normal_0473_noAttribute.wav,in_support,amplitude_modulation,0.8586952090263367
sliderEmu/train/section_00_source_train_normal_0474_noAttribute.wav,in_support,frequency_modulation,0.9693378210067749
sliderEmu/train/section_00_source_train_normal_0475_noAttribute.wav,in_support,amplitude_modulation,0.09944095462560654
sliderEmu/train/section_00_source_train_normal_0476_noAttribute.wav,in_support,periodic_resonance,0.2260969877243042
sliderEmu/train/section_00_source_train_normal_0477_noAttribute.wav,in_support,amplitude_modulation,0.9387340545654297
sliderEmu/train/section_00_source_train_normal_0478_noAttribute.wav,in_support,frequency_modulation,0.8070653676986694
sliderEmu/train/section_00_source_train_normal_0479_noAttribute.wav,in_support,periodic_resonance,0.8929671049118042
sliderEmu/train/section_00_source_train_normal_0480_noAttribute.wav,in_support,amplitude_modulation,0.9633650779724121
sliderEmu/train/section_00_source_train_normal_0481_noAttribute.wav,in_support,periodic_resonance,0.7376075387001038
sliderEmu/train/section_00_source_train_normal_0482_noAttribute.wav,in_support,amplitude_modulation,0.2515217363834381
sliderEmu/train/section_00_source_train_normal_0483_noAttribute.wav,in_support,amplitude_modulation,0.9264689087867737
sliderEmu/train/section_00_source_train_normal_0484_noAttribute.wav,in_support,frequency_modulation,0.23595553636550903
sliderEmu/train/section_00_source_train_normal_0485_noAttribute.wav,in_support,periodic_resonance,0.9671021699905396
sliderEmu/train/section_00_source_train_normal_0486_noAttribute.wav,in_support,amplitude_modulation,0.7875893115997314
sliderEmu/train/section_00_source_train_normal_0487_noAttribute.wav,in_support,periodic_resonance,0.6511207818984985
sliderEmu/train/section_00_source_train_normal_0488_noAttribute.wav,in_support,frequency_modulation,0.547692596912384
sliderEmu/train/section_00_source_train_normal_0489_noAttribute.wav,in_support,periodic_resonance,0.32035723328590393
sliderEmu/train/section_00_source_train_normal_0490_noAttribute.wav,in_support,periodic_resonance,0.8529638051986694
sliderEmu/train/section_00_source_train_normal_0491_noAttribute.wav,in_support,periodic_resonance,0.2632640600204468
sliderEmu/train/section_00_source_train_normal_0492_noAttribute.wav,in_support,amplitude_modulation,0.262780100107193
sliderEmu/train/section_00_source_train_normal_0493_noAttribute.wav,in_support,periodic_resonance,0.8900516033172607
sliderEmu/train/section_00_source_train_normal_0494_noAttribute.wav,in_support,periodic_resonance,0.8046501278877258
sliderEmu/train/section_00_source_train_normal_0495_noAttribute.wav,in_support,frequency_modulation,0.8209294080734253
sliderEmu/train/section_00_source_train_normal_0496_noAttribute.wav,in_support,amplitude_modulation,0.4706137478351593
sliderEmu/train/section_00_source_train_normal_0497_noAttribute.wav,in_support,periodic_resonance,0.9574581384658813
sliderEmu/train/section_00_source_train_normal_0498_noAttribute.wav,in_support,frequency_modulation,0.8611510396003723
sliderEmu/train/section_00_source_train_normal_0499_noAttribute.wav,in_support,amplitude_modulation,0.2348022311925888
sliderEmu/train/section_00_source_train_normal_0500_noAttribute.wav,in_support,frequency_modulation,0.8631057739257812
sliderEmu/train/section_00_source_train_normal_0501_noAttribute.wav,in_support,frequency_modulation,0.842859148979187
sliderEmu/train/section_00_source_train_normal_0502_noAttribute.wav,in_support,periodic_resonance,0.4281104803085327
sliderEmu/train/section_00_source_train_normal_0503_noAttribute.wav,in_support,periodic_resonance,0.7004320025444031
sliderEmu/train/section_00_source_train_normal_0504_noAttribute.wav,in_support,periodic_resonance,0.17271001636981964
sliderEmu/train/section_00_source_train_normal_0505_noAttribute.wav,in_support,periodic_resonance,0.8601681590080261
sliderEmu/train/section_00_source_train_normal_0506_noAttribute.wav,in_support,amplitude_modulation,0.6168493628501892
sliderEmu/train/section_00_source_train_normal_0507_noAttribute.wav,in_support,amplitude_modulation,0.8376901149749756
sliderEmu/train/section_00_source_train_normal_0508_noAttribute.wav,in_support,amplitude_modulation,0.6286065578460693
sliderEmu/train/section_00_source_train_normal_0509_noAttribute.wav,in_support,frequency_modulation,0.2727445363998413
sliderEmu/train/section_00_source_train_normal_0510_noAttribute.wav,in_support,frequency_modulation,0.6288915276527405
sliderEmu/train/section_00_source_train_normal_0511_noAttribute.wav,in_support,amplitude_modulation,0.11158464103937149
sliderEmu/train/section_00_source_train_normal_0512_noAttribute.wav,in_support,amplitude_modulation,0.7931748628616333
sliderEmu/train/section_00_source_train_normal_0513_noAttribute.wav,in_support,amplitude_modulation,0.06739760935306549
sliderEmu/train/section_00_source_train_normal_0514_noAttribute.wav,in_support,periodic_resonance,0.3387964069843292
sliderEmu/train/section_00_source_train_normal_0515_noAttribute.wav,in_support,frequency_modulation,0.826797366142273
sliderEmu/train/section_00_source_train_normal_0516_noAttribute.wav,in_support,periodic_resonance,0.4906998872756958
sliderEmu/train/section_00_source_train_normal_0517_noAttribute.wav,in_support,amplitude_modulation,0.14663107693195343
sliderEmu/train/section_00_source_train_normal_0518_noAttribute.wav,in_support,amplitude_modulation,0.5043960213661194
sliderEmu/train/section_00_source_train_normal_0519_noAttribute.wav,in_support,amplitude_modulation,0.4055245518684387
sliderEmu/train/section_00_source_train_normal_0520_noAttribute.wav,in_support,frequency_modulation,0.3260703682899475
sliderEmu/train/section_00_source_train_normal_0521_noAttribute.wav,in_support,periodic_resonance,0.6938925385475159
sliderEmu/train/section_00_source_train_normal_0522_noAttribute.wav,in_support,periodic_resonance,0.9299800395965576
sliderEmu/train/section_00_source_train_normal_0523_noAttribute.wav,in_support,periodic_resonance,0.29474493861198425
sliderEmu/train/section_00_source_train_normal_0524_noAttribute.wav,in_support,periodic_resonance,0.40861713886260986
sliderEmu/train/section_00_source_train_normal_0525_noAttribute.wav,in_support,frequency_modulation,0.5313146114349365
sliderEmu/train/section_00_source_train_normal_0526_noAttribute.wav,in_support,periodic_resonance,0.9669458270072937
sliderEmu/train/section_00_source_train_normal_0527_noAttribute.wav,in_support,periodic_resonance,0.9860226511955261
sliderEmu/train/section_00_source_train_normal_0528_noAttribute.wav,in_support,frequency_modulation,0.7639685273170471
sliderEmu/train/section_00_source_train_normal_0529_noAttribute.wav,in_support,amplitude_modulation,0.09292834997177124
sliderEmu/train/section_00_source_train_normal_0530_noAttribute.wav,in_support,frequency_modulation,0.6220851540565491
sliderEmu/train/section_00_source_train_normal_0531_noAttribute.wav,in_support,amplitude_modulation,0.6450039744377136
sliderEmu/train/section_00_source_train_normal_0532_noAttribute.wav,in_support,amplitude_modulation,0.07360543310642242
sliderEmu/train/section_00_source_train_normal_0533_noAttribute.wav,in_support,frequency_modulation,0.6784843802452087
sliderEmu/train/section_00_source_train_normal_0534_noAttribute.wav,in_support,periodic_resonance,0.662575900554657
sliderEmu/train/section_00_source_train_normal_0535_noAttribute.wav,in_support,periodic_resonance,0.6807262897491455
sliderEmu/train/section_00_source_train_normal_0536_noAttribute.wav,in_support,amplitude_modulation,0.04258408024907112
sliderEmu/train/section_00_source_train_normal_0537_noAttribute.wav,in_support,amplitude_modulation,0.6199503540992737
sliderEmu/train/section_00_source_train_normal_0538_noAttribute.wav,in_support,frequency_modulation,0.14173860847949982
sliderEmu/train/section_00_source_train_normal_0539_noAttribute.wav,in_support,amplitude_modulation,0.2970788776874542
sliderEmu/train/section_00_source_train_normal_0540_noAttribute.wav,in_support,amplitude_modulation,0.6849686503410339
sliderEmu/train/section_00_source_train_normal_0541_noAttribute.wav,in_support,amplitude_modulation,0.8535744547843933
sliderEmu/train/section_00_source_train_normal_0542_noAttribute.wav,in_support,periodic_resonance,0.5210695862770081
sliderEmu/train/section_00_source_train_normal_0543_noAttribute.wav,in_support,amplitude_modulation,0.17412486672401428
sliderEmu/train/section_00_source_train_normal_0544_noAttribute.wav,in_support,periodic_resonance,0.9572697877883911
sliderEmu/train/section_00_source_train_normal_0545_noAttribute.wav,in_support,periodic_resonance,0.4679012596607208
sliderEmu/train/section_00_source_train_normal_0546_noAttribute.wav,in_support,frequency_modulation,0.8223960399627686
sliderEmu/train/section_00_source_train_normal_0547_noAttribute.wav,in_support,amplitude_modulation,0.843090295791626
sliderEmu/train/section_00_source_train_normal_0548_noAttribute.wav,in_support,amplitude_modulation,0.094825379550457
sliderEmu/train/section_00_source_train_normal_0549_noAttribute.wav,in_support,amplitude_modulation,0.5637730360031128
sliderEmu/train/section_00_source_train_normal_0550_noAttribute.wav,in_support,amplitude_modulation,0.8331917524337769
sliderEmu/train/section_00_source_train_normal_0551_noAttribute.wav,in_support,amplitude_modulation,0.79859858751297
sliderEmu/train/section_00_source_train_normal_0552_noAttribute.wav,in_support,amplitude_modulation,0.8471288681030273
sliderEmu/train/section_00_source_train_normal_0553_noAttribute.wav,in_support,frequency_modulation,0.09934033453464508
sliderEmu/train/section_00_source_train_normal_0554_noAttribute.wav,in_support,periodic_resonance,0.2693648338317871
sliderEmu/train/section_00_source_train_normal_0555_noAttribute.wav,in_support,periodic_resonance,0.7599653601646423
sliderEmu/train/section_00_source_train_normal_0556_noAttribute.wav,in_support,periodic_resonance,0.9325857162475586
sliderEmu/train/section_00_source_train_normal_0557_noAttribute.wav,in_support,periodic_resonance,0.8433436155319214
sliderEmu/train/section_00_source_train_normal_0558_noAttribute.wav,in_support,frequency_modulation,0.2407263070344925
sliderEmu/train/section_00_source_train_normal_0559_noAttribute.wav,in_support,periodic_resonance,0.902103841304779
sliderEmu/train/section_00_source_train_normal_0560_noAttribute.wav,in_support,amplitude_modulation,0.5426561832427979
sliderEmu/train/section_00_source_train_normal_0561_noAttribute.wav,in_support,amplitude_modulation,0.07201125472784042
sliderEmu/train/section_00_source_train_normal_0562_noAttribute.wav,in_support,amplitude_modulation,0.7351964712142944
sliderEmu/train/section_00_source_train_normal_0563_noAttribute.wav,in_support,periodic_resonance,0.9628645181655884
sliderEmu/train/section_00_source_train_normal_0564_noAttribute.wav,in_support,amplitude_modulation,0.9438101649284363
sliderEmu/train/section_00_source_train_normal_0565_noAttribute.wav,in_support,frequency_modulation,0.34644490480422974
sliderEmu/train/section_00_source_train_normal_0566_noAttribute.wav,in_support,periodic_resonance,0.5299538969993591
sliderEmu/train/section_00_source_train_normal_0567_noAttribute.wav,in_support,amplitude_modulation,0.874190628528595
sliderEmu/train/section_00_source_train_normal_0568_noAttribute.wav,in_support,periodic_resonance,0.8490201234817505
sliderEmu/train/section_00_source_train_normal_0569_noAttribute.wav,in_support,amplitude_modulation,0.9730302095413208
sliderEmu/train/section_00_source_train_normal_0570_noAttribute.wav,in_support,frequency_modulation,0.6776302456855774
sliderEmu/train/section_00_source_train_normal_0571_noAttribute.wav,in_support,frequency_modulation,0.7326110601425171
sliderEmu/train/section_00_source_train_normal_0572_noAttribute.wav,in_support,frequency_modulation,0.8825090527534485
sliderEmu/train/section_00_source_train_normal_0573_noAttribute.wav,in_support,amplitude_modulation,0.4138077199459076
sliderEmu/train/section_00_source_train_normal_0574_noAttribute.wav,in_support,frequency_modulation,0.808997631072998
sliderEmu/train/section_00_source_train_normal_0575_noAttribute.wav,in_support,frequency_modulation,0.9029011726379395
sliderEmu/train/section_00_source_train_normal_0576_noAttribute.wav,in_support,periodic_resonance,0.9396224617958069
sliderEmu/train/section_00_source_train_normal_0577_noAttribute.wav,in_support,periodic_resonance,0.9811573624610901
sliderEmu/train/section_00_source_train_normal_0578_noAttribute.wav,in_support,frequency_modulation,0.6593835949897766
sliderEmu/train/section_00_source_train_normal_0579_noAttribute.wav,in_support,amplitude_modulation,0.9784684181213379
sliderEmu/train/section_00_source_train_normal_0580_noAttribute.wav,in_support,amplitude_modulation,0.7421519756317139
sliderEmu/train/section_00_source_train_normal_0581_noAttribute.wav,in_support,amplitude_modulation,0.27414581179618835
sliderEmu/train/section_00_source_train_normal_0582_noAttribute.wav,in_support,frequency_modulation,0.22365503013134003
sliderEmu/train/section_00_source_train_normal_0583_noAttribute.wav,in_support,frequency_modulation,0.8623839020729065
sliderEmu/train/section_00_source_train_normal_0584_noAttribute.wav,in_support,amplitude_modulation,0.1639978140592575
sliderEmu/train/section_00_source_train_normal_0585_noAttribute.wav,in_support,amplitude_modulation,0.9204818606376648
sliderEmu/train/section_00_source_train_normal_0586_noAttribute.wav,in_support,periodic_resonance,0.8750610947608948
sliderEmu/train/section_00_source_train_normal_0587_noAttribute.wav,in_support,periodic_resonance,0.7649983167648315
sliderEmu/train/section_00_source_train_normal_0588_noAttribute.wav,in_support,amplitude_modulation,0.9454458355903625
sliderEmu/train/section_00_source_train_normal_0589_noAttribute.wav,in_support,amplitude_modulation,0.4811888635158539
sliderEmu/train/section_00_source_train_normal_0590_noAttribute.wav,in_support,amplitude_modulation,0.06806552410125732
sliderEmu/train/section_00_source_train_normal_0591_noAttribute.wav,in_support,frequency_modulation,0.7523766756057739
sliderEmu/train/section_00_source_train_normal_0592_noAttribute.wav,in_support,amplitude_modulation,0.6645925045013428
sliderEmu/train/section_00_source_train_normal_0593_noAttribute.wav,in_support,periodic_resonance,0.5292553901672363
sliderEmu/train/section_00_source_train_normal_0594_noAttribute.wav,in_support,frequency_modulation,0.8438538908958435
sliderEmu/train/section_00_source_train_normal_0595_noAttribute.wav,in_support,frequency_modulation,0.6226271390914917
sliderEmu/train/section_00_source_train_normal_0596_noAttribute.wav,in_support,amplitude_modulation,0.8455154895782471
sliderEmu/train/section_00_source_train_normal_0597_noAttribute.wav,in_support,frequency_modulation,0.882199227809906
sliderEmu/train/section_00_source_train_normal_0598_noAttribute.wav,in_support,amplitude_modulation,0.07432969659566879
sliderEmu/train/section_00_source_train_normal_0599_noAttribute.wav,in_support,frequency_modulation,0.2789272964000702
sliderEmu/train/section_00_source_train_normal_0600_noAttribute.wav,in_support,periodic_resonance,0.35513436794281006
sliderEmu/train/section_00_source_train_normal_0601_noAttribute.wav,in_support,frequency_modulation,0.8523104190826416
sliderEmu/train/section_00_source_train_normal_0602_noAttribute.wav,in_support,amplitude_modulation,0.8231317400932312
sliderEmu/train/section_00_source_train_normal_0603_noAttribute.wav,in_support,amplitude_modulation,0.8621551990509033
sliderEmu/train/section_00_source_train_normal_0604_noAttribute.wav,in_support,amplitude_modulation,0.46885383129119873
sliderEmu/train/section_00_source_train_normal_0605_noAttribute.wav,in_support,periodic_resonance,0.5338714122772217
sliderEmu/train/section_00_source_train_normal_0606_noAttribute.wav,in_support,amplitude_modulation,0.8540968298912048
sliderEmu/train/section_00_source_train_normal_0607_noAttribute.wav,in_support,amplitude_modulation,0.1885891556739807
sliderEmu/train/section_00_source_train_normal_0608_noAttribute.wav,in_support,amplitude_modulation,0.07464448362588882
sliderEmu/train/section_00_source_train_normal_0609_noAttribute.wav,in_support,periodic_resonance,0.8989709615707397
sliderEmu/train/section_00_source_train_normal_0610_noAttribute.wav,in_support,periodic_resonance,0.3734142482280731
sliderEmu/train/section_00_source_train_normal_0611_noAttribute.wav,in_support,frequency_modulation,0.7808115482330322
sliderEmu/train/section_00_source_train_normal_0612_noAttribute.wav,in_support,amplitude_modulation,0.1748439371585846
sliderEmu/train/section_00_source_train_normal_0613_noAttribute.wav,in_support,amplitude_modulation,0.035292088985443115
sliderEmu/train/section_00_source_train_normal_0614_noAttribute.wav,in_support,amplitude_modulation,0.1297958493232727
sliderEmu/train/section_00_source_train_normal_0615_noAttribute.wav,in_support,frequency_modulation,0.5292142629623413
sliderEmu/train/section_00_source_train_normal_0616_noAttribute.wav,in_support,amplitude_modulation,0.2221727967262268
sliderEmu/train/section_00_source_train_normal_0617_noAttribute.wav,in_support,frequency_modulation,0.8699474334716797
sliderEmu/train/section_00_source_train_normal_0618_noAttribute.wav,in_support,periodic_resonance,0.8854517340660095
sliderEmu/train/section_00_source_train_normal_0619_noAttribute.wav,in_support,periodic_resonance,0.7782861590385437
sliderEmu/train/section_00_source_train_normal_0620_noAttribute.wav,in_support,periodic_resonance,0.9357278943061829
sliderEmu/train/section_00_source_train_normal_0621_noAttribute.wav,in_support,periodic_resonance,0.9488444328308105
sliderEmu/train/section_00_source_train_normal_0622_noAttribute.wav,in_support,frequency_modulation,0.43973714113235474
sliderEmu/train/section_00_source_train_normal_0623_noAttribute.wav,in_support,frequency_modulation,0.7867331504821777
sliderEmu/train/section_00_source_train_normal_0624_noAttribute.wav,in_support,amplitude_modulation,0.2543267607688904
sliderEmu/train/section_00_source_train_normal_0625_noAttribute.wav,in_support,frequency_modulation,0.31339365243911743
sliderEmu/train/section_00_source_train_normal_0626_noAttribute.wav,in_support,amplitude_modulation,0.4052833020687103
sliderEmu/train/section_00_source_train_normal_0627_noAttribute.wav,in_support,frequency_modulation,0.7884394526481628
sliderEmu/train/section_00_source_train_normal_0628_noAttribute.wav,in_support,amplitude_modulation,0.15311047434806824
sliderEmu/train/section_00_source_train_normal_0629_noAttribute.wav,in_support,amplitude_modulation,0.23154379427433014
sliderEmu/train/section_00_source_train_normal_0630_noAttribute.wav,in_support,amplitude_modulation,0.877103328704834
sliderEmu/train/section_00_source_train_normal_0631_noAttribute.wav,in_support,periodic_resonance,0.863418459892273
sliderEmu/train/section_00_source_train_normal_0632_noAttribute.wav,in_support,periodic_resonance,0.2687971889972687
sliderEmu/train/section_00_source_train_normal_0633_noAttribute.wav,in_support,periodic_resonance,0.8551405072212219
sliderEmu/train/section_00_source_train_normal_0634_noAttribute.wav,in_support,periodic_resonance,0.8078601956367493
sliderEmu/train/section_00_source_train_normal_0635_noAttribute.wav,in_support,periodic_resonance,0.6971696019172668
sliderEmu/train/section_00_source_train_normal_0636_noAttribute.wav,in_support,periodic_resonance,0.6182123422622681
sliderEmu/train/section_00_source_train_normal_0637_noAttribute.wav,in_support,periodic_resonance,0.39886361360549927
sliderEmu/train/section_00_source_train_normal_0638_noAttribute.wav,in_support,amplitude_modulation,0.599166214466095
sliderEmu/train/section_00_source_train_normal_0639_noAttribute.wav,in_support,amplitude_modulation,0.9443042874336243
sliderEmu/train/section_00_source_train_normal_0640_noAttribute.wav,in_support,frequency_modulation,0.13417580723762512
sliderEmu/train/section_00_source_train_normal_0641_noAttribute.wav,in_support,periodic_resonance,0.6946637630462646
sliderEmu/train/section_00_source_train_normal_0642_noAttribute.wav,in_support,frequency_modulation,0.7878953814506531
sliderEmu/train/section_00_source_train_normal_0643_noAttribute.wav,in_support,amplitude_modulation,0.8719173073768616
sliderEmu/train/section_00_source_train_normal_0644_noAttribute.wav,in_support,periodic_resonance,0.724312961101532
sliderEmu/train/section_00_source_train_normal_0645_noAttribute.wav,in_support,amplitude_modulation,0.0630602166056633
sliderEmu/train/section_00_source_train_normal_0646_noAttribute.wav,in_support,amplitude_modulation,0.43959537148475647
sliderEmu/train/section_00_source_train_normal_0647_noAttribute.wav,in_support,periodic_resonance,0.1951923966407776
sliderEmu/train/section_00_source_train_normal_0648_noAttribute.wav,in_support,periodic_resonance,0.982614278793335
sliderEmu/train/section_00_source_train_normal_0649_noAttribute.wav,in_support,amplitude_modulation,0.4363580644130707
sliderEmu/train/section_00_source_train_normal_0650_noAttribute.wav,in_support,amplitude_modulation,0.2150329202413559
sliderEmu/train/section_00_source_train_normal_0651_noAttribute.wav,in_support,frequency_modulation,0.8937729001045227
sliderEmu/train/section_00_source_train_normal_0652_noAttribute.wav,in_support,periodic_resonance,0.6560867428779602
sliderEmu/train/section_00_source_train_normal_0653_noAttribute.wav,in_support,periodic_resonance,0.9592760801315308
sliderEmu/train/section_00_source_train_normal_0654_noAttribute.wav,in_support,frequency_modulation,0.45663130283355713
sliderEmu/train/section_00_source_train_normal_0655_noAttribute.wav,in_support,amplitude_modulation,0.11426042020320892
sliderEmu/train/section_00_source_train_normal_0656_noAttribute.wav,in_support,periodic_resonance,0.7138350009918213
sliderEmu/train/section_00_source_train_normal_0657_noAttribute.wav,in_support,amplitude_modulation,0.9686640501022339
sliderEmu/train/section_00_source_train_normal_0658_noAttribute.wav,in_support,periodic_resonance,0.4484076201915741
sliderEmu/train/section_00_source_train_normal_0659_noAttribute.wav,in_support,amplitude_modulation,0.035343728959560394
sliderEmu/train/section_00_source_train_normal_0660_noAttribute.wav,in_support,periodic_resonance,0.9435140490531921
sliderEmu/train/section_00_source_train_normal_0661_noAttribute.wav,in_support,periodic_resonance,0.8546367883682251
sliderEmu/train/section_00_source_train_normal_0662_noAttribute.wav,in_support,amplitude_modulation,0.8938500881195068
sliderEmu/train/section_00_source_train_normal_0663_noAttribute.wav,in_support,amplitude_modulation,0.7005689740180969
sliderEmu/train/section_00_source_train_normal_0664_noAttribute.wav,in_support,periodic_resonance,0.7368380427360535
sliderEmu/train/section_00_source_train_normal_0665_noAttribute.wav,in_support,amplitude_modulation,0.8688747882843018
sliderEmu/train/section_00_source_train_normal_0666_noAttribute.wav,in_support,periodic_resonance,0.3207075595855713
sliderEmu/train/section_00_source_train_normal_0667_noAttribute.wav,in_support,periodic_resonance,0.9545089602470398
sliderEmu/train/section_00_source_train_normal_0668_noAttribute.wav,in_support,frequency_modulation,0.8203264474868774
sliderEmu/train/section_00_source_train_normal_0669_noAttribute.wav,in_support,amplitude_modulation,0.9213857650756836
sliderEmu/train/section_00_source_train_normal_0670_noAttribute.wav,in_support,frequency_modulation,0.1963946372270584
sliderEmu/train/section_00_source_train_normal_0671_noAttribute.wav,in_support,periodic_resonance,0.9216307997703552
sliderEmu/train/section_00_source_train_normal_0672_noAttribute.wav,in_support,frequency_modulation,0.9134880900382996
sliderEmu/train/section_00_source_train_normal_0673_noAttribute.wav,in_support,frequency_modulation,0.8158583045005798
sliderEmu/train/section_00_source_train_normal_0674_noAttribute.wav,in_support,frequency_modulation,0.21030667424201965
sliderEmu/train/section_00_source_train_normal_0675_noAttribute.wav,in_support,frequency_modulation,0.9897854328155518
sliderEmu/train/section_00_source_train_normal_0676_noAttribute.wav,in_support,periodic_resonance,0.840836763381958
sliderEmu/train/section_00_source_train_normal_0677_noAttribute.wav,in_support,frequency_modulation,0.40425947308540344
sliderEmu/train/section_00_source_train_normal_0678_noAttribute.wav,in_support,periodic_resonance,0.845510721206665
sliderEmu/train/section_00_source_train_normal_0679_noAttribute.wav,in_support,amplitude_modulation,0.4136761724948883
sliderEmu/train/section_00_source_train_normal_0680_noAttribute.wav,in_support,periodic_resonance,0.9517329335212708
sliderEmu/train/section_00_source_train_normal_0681_noAttribute.wav,in_support,frequency_modulation,0.6066939830780029
sliderEmu/train/section_00_source_train_normal_0682_noAttribute.wav,in_support,frequency_modulation,0.2753523588180542
sliderEmu/train/section_00_source_train_normal_0683_noAttribute.wav,in_support,amplitude_modulation,0.8564460277557373
sliderEmu/train/section_00_source_train_normal_0684_noAttribute.wav,in_support,frequency_modulation,0.5695328116416931
sliderEmu/train/section_00_source_train_normal_0685_noAttribute.wav,in_support,periodic_resonance,0.8256304860115051
sliderEmu/train/section_00_source_train_normal_0686_noAttribute.wav,in_support,periodic_resonance,0.7136742472648621
sliderEmu/train/section_00_source_train_normal_0687_noAttribute.wav,in_support,frequency_modulation,0.9875185489654541
sliderEmu/train/section_00_source_train_normal_0688_noAttribute.wav,in_support,periodic_resonance,0.9113527536392212
sliderEmu/train/section_00_source_train_normal_0689_noAttribute.wav,in_support,frequency_modulation,0.7994121313095093
sliderEmu/train/section_00_source_train_normal_0690_noAttribute.wav,in_support,frequency_modulation,0.4867907166481018
sliderEmu/train/section_00_source_train_normal_0691_noAttribute.wav,in_support,amplitude_modulation,0.5884416699409485
sliderEmu/train/section_00_source_train_normal_0692_noAttribute.wav,in_support,periodic_resonance,0.40312278270721436
sliderEmu/train/section_00_source_train_normal_0693_noAttribute.wav,in_support,periodic_resonance,0.9277884364128113
sliderEmu/train/section_00_source_train_normal_0694_noAttribute.wav,in_support,amplitude_modulation,0.08198946714401245
sliderEmu/train/section_00_source_train_normal_0695_noAttribute.wav,in_support,periodic_resonance,0.5849766731262207
sliderEmu/train/section_00_source_train_normal_0696_noAttribute.wav,in_support,periodic_resonance,0.9736550450325012
sliderEmu/train/section_00_source_train_normal_0697_noAttribute.wav,in_support,frequency_modulation,0.9387591481208801
sliderEmu/train/section_00_source_train_normal_0698_noAttribute.wav,in_support,amplitude_modulation,0.08372651040554047
sliderEmu/train/section_00_source_train_normal_0699_noAttribute.wav,in_support,amplitude_modulation,0.8973162770271301
sliderEmu/train/section_00_source_train_normal_0700_noAttribute.wav,in_support,amplitude_modulation,0.7259029746055603
sliderEmu/train/section_00_source_train_normal_0701_noAttribute.wav,in_support,frequency_modulation,0.5557642579078674
sliderEmu/train/section_00_source_train_normal_0702_noAttribute.wav,in_support,amplitude_modulation,0.10653820633888245
sliderEmu/train/section_00_source_train_normal_0703_noAttribute.wav,in_support,amplitude_modulation,0.7256801128387451
sliderEmu/train/section_00_source_train_normal_0704_noAttribute.wav,in_support,frequency_modulation,0.6097986698150635
sliderEmu/train/section_00_source_train_normal_0705_noAttribute.wav,in_support,periodic_resonance,0.7731773257255554
sliderEmu/train/section_00_source_train_normal_0706_noAttribute.wav,in_support,frequency_modulation,0.9202407002449036
sliderEmu/train/section_00_source_train_normal_0707_noAttribute.wav,in_support,periodic_resonance,0.8582890033721924
sliderEmu/train/section_00_source_train_normal_0708_noAttribute.wav,in_support,amplitude_modulation,0.8122289776802063
sliderEmu/train/section_00_source_train_normal_0709_noAttribute.wav,in_support,amplitude_modulation,0.10972344875335693
sliderEmu/train/section_00_source_train_normal_0710_noAttribute.wav,in_support,frequency_modulation,0.9416443705558777
sliderEmu/train/section_00_source_train_normal_0711_noAttribute.wav,in_support,periodic_resonance,0.44473370909690857
sliderEmu/train/section_00_source_train_normal_0712_noAttribute.wav,in_support,frequency_modulation,0.8547966480255127
sliderEmu/train/section_00_source_train_normal_0713_noAttribute.wav,in_support,periodic_resonance,0.9108056426048279
sliderEmu/train/section_00_source_train_normal_0714_noAttribute.wav,in_support,frequency_modulation,0.3341725170612335
sliderEmu/train/section_00_source_train_normal_0715_noAttribute.wav,in_support,periodic_resonance,0.4046842157840729
sliderEmu/train/section_00_source_train_normal_0716_noAttribute.wav,in_support,frequency_modulation,0.3459419906139374
sliderEmu/train/section_00_source_train_normal_0717_noAttribute.wav,in_support,frequency_modulation,0.4813426434993744
sliderEmu/train/section_00_source_train_normal_0718_noAttribute.wav,in_support,amplitude_modulation,0.7736030220985413
sliderEmu/train/section_00_source_train_normal_0719_noAttribute.wav,in_support,frequency_modulation,0.9085721969604492
sliderEmu/train/section_00_source_train_normal_0720_noAttribute.wav,in_support,amplitude_modulation,0.082298144698143
sliderEmu/train/section_00_source_train_normal_0721_noAttribute.wav,in_support,periodic_resonance,0.6568088531494141
sliderEmu/train/section_00_source_train_normal_0722_noAttribute.wav,in_support,frequency_modulation,0.6558346152305603
sliderEmu/train/section_00_source_train_normal_0723_noAttribute.wav,in_support,amplitude_modulation,0.31573474407196045
sliderEmu/train/section_00_source_train_normal_0724_noAttribute.wav,in_support,periodic_resonance,0.9797323942184448
sliderEmu/train/section_00_source_train_normal_0725_noAttribute.wav,in_support,frequency_modulation,0.35089778900146484
sliderEmu/train/section_00_source_train_normal_0726_noAttribute.wav,in_support,frequency_modulation,0.9142914414405823
sliderEmu/train/section_00_source_train_normal_0727_noAttribute.wav,in_support,frequency_modulation,0.7683729529380798
sliderEmu/train/section_00_source_train_normal_0728_noAttribute.wav,in_support,periodic_resonance,0.6461267471313477
sliderEmu/train/section_00_source_train_normal_0729_noAttribute.wav,in_support,amplitude_modulation,0.886147141456604
sliderEmu/train/section_00_source_train_normal_0730_noAttribute.wav,in_support,frequency_modulation,0.2826939523220062
sliderEmu/train/section_00_source_train_normal_0731_noAttribute.wav,in_support,amplitude_modulation,0.0672154426574707
sliderEmu/train/section_00_source_train_normal_0732_noAttribute.wav,in_support,periodic_resonance,0.8882651925086975
sliderEmu/train/section_00_source_train_normal_0733_noAttribute.wav,in_support,frequency_modulation,0.5545728206634521
sliderEmu/train/section_00_source_train_normal_0734_noAttribute.wav,in_support,amplitude_modulation,0.8184205889701843
sliderEmu/train/section_00_source_train_normal_0735_noAttribute.wav,in_support,periodic_resonance,0.5067909955978394
sliderEmu/train/section_00_source_train_normal_0736_noAttribute.wav,in_support,periodic_resonance,0.919651210308075
sliderEmu/train/section_00_source_train_normal_0737_noAttribute.wav,in_support,amplitude_modulation,0.9133307933807373
sliderEmu/train/section_00_source_train_normal_0738_noAttribute.wav,in_support,periodic_resonance,0.8764365315437317
sliderEmu/train/section_00_source_train_normal_0739_noAttribute.wav,in_support,amplitude_modulation,0.2864571809768677
sliderEmu/train/section_00_source_train_normal_0740_noAttribute.wav,in_support,periodic_resonance,0.6787236928939819
sliderEmu/train/section_00_source_train_normal_0741_noAttribute.wav,in_support,amplitude_modulation,0.44438016414642334
sliderEmu/train/section_00_source_train_normal_0742_noAttribute.wav,in_support,periodic_resonance,0.8298797011375427
sliderEmu/train/section_00_source_train_normal_0743_noAttribute.wav,in_support,amplitude_modulation,0.8939613103866577
sliderEmu/train/section_00_source_train_normal_0744_noAttribute.wav,in_support,periodic_resonance,0.9334589838981628
sliderEmu/train/section_00_source_train_normal_0745_noAttribute.wav,in_support,periodic_resonance,0.9887523651123047
sliderEmu/train/section_00_source_train_normal_0746_noAttribute.wav,in_support,amplitude_modulation,0.4688129723072052
sliderEmu/train/section_00_source_train_normal_0747_noAttribute.wav,in_support,periodic_resonance,0.9351308941841125
sliderEmu/train/section_00_source_train_normal_0748_noAttribute.wav,in_support,periodic_resonance,0.6094757318496704
sliderEmu/train/section_00_source_train_normal_0749_noAttribute.wav,in_support,frequency_modulation,0.7695587873458862
sliderEmu/train/section_00_source_train_normal_0750_noAttribute.wav,in_support,periodic_resonance,0.3945348560810089
sliderEmu/train/section_00_source_train_normal_0751_noAttribute.wav,in_support,frequency_modulation,0.463442862033844
sliderEmu/train/section_00_source_train_normal_0752_noAttribute.wav,in_support,frequency_modulation,0.7428609728813171
sliderEmu/train/section_00_source_train_normal_0753_noAttribute.wav,in_support,frequency_modulation,0.8572659492492676
sliderEmu/train/section_00_source_train_normal_0754_noAttribute.wav,in_support,amplitude_modulation,0.49395591020584106
sliderEmu/train/section_00_source_train_normal_0755_noAttribute.wav,in_support,periodic_resonance,0.4065893292427063
sliderEmu/train/section_00_source_train_normal_0756_noAttribute.wav,in_support,amplitude_modulation,0.03380044177174568
sliderEmu/train/section_00_source_train_normal_0757_noAttribute.wav,in_support,amplitude_modulation,0.7666571736335754
sliderEmu/train/section_00_source_train_normal_0758_noAttribute.wav,in_support,frequency_modulation,0.9504881501197815
sliderEmu/train/section_00_source_train_normal_0759_noAttribute.wav,in_support,amplitude_modulation,0.07540799677371979
sliderEmu/train/section_00_source_train_normal_0760_noAttribute.wav,in_support,frequency_modulation,0.6013253331184387
sliderEmu/train/section_00_source_train_normal_0761_noAttribute.wav,in_support,periodic_resonance,0.8557990193367004
sliderEmu/train/section_00_source_train_normal_0762_noAttribute.wav,in_support,periodic_resonance,0.9034535884857178
sliderEmu/train/section_00_source_train_normal_0763_noAttribute.wav,in_support,frequency_modulation,0.3048989176750183
sliderEmu/train/section_00_source_train_normal_0764_noAttribute.wav,in_support,amplitude_modulation,0.5251311659812927
sliderEmu/train/section_00_source_train_normal_0765_noAttribute.wav,in_support,periodic_resonance,0.6974493265151978
sliderEmu/train/section_00_source_train_normal_0766_noAttribute.wav,in_support,amplitude_modulation,0.23822703957557678
sliderEmu/train/section_00_source_train_normal_0767_noAttribute.wav,in_support,amplitude_modulation,0.5917314887046814
sliderEmu/train/section_00_source_train_normal_0768_noAttribute.wav,in_support,frequency_modulation,0.8017609715461731
sliderEmu/train/section_00_source_train_normal_0769_noAttribute.wav,in_support,frequency_modulation,0.25047391653060913
sliderEmu/train/section_00_source_train_normal_0770_noAttribute.wav,in_support,periodic_resonance,0.9254681468009949
sliderEmu/train/section_00_source_train_normal_0771_noAttribute.wav,in_support,periodic_resonance,0.927236795425415
sliderEmu/train/section_00_source_train_normal_0772_noAttribute.wav,in_support,periodic_resonance,0.8374949097633362
sliderEmu/train/section_00_source_train_normal_0773_noAttribute.wav,in_support,periodic_resonance,0.9720098376274109
sliderEmu/train/section_00_source_train_normal_0774_noAttribute.wav,in_support,frequency_modulation,0.15838266909122467
sliderEmu/train/section_00_source_train_normal_0775_noAttribute.wav,in_support,amplitude_modulation,0.17172685265541077
sliderEmu/train/section_00_source_train_normal_0776_noAttribute.wav,in_support,periodic_resonance,0.929360032081604
sliderEmu/train/section_00_source_train_normal_0777_noAttribute.wav,in_support,amplitude_modulation,0.8168959617614746
sliderEmu/train/section_00_source_train_normal_0778_noAttribute.wav,in_support,periodic_resonance,0.7737690806388855
sliderEmu/train/section_00_source_train_normal_0779_noAttribute.wav,in_support,amplitude_modulation,0.8891512751579285
sliderEmu/train/section_00_source_train_normal_0780_noAttribute.wav,in_support,amplitude_modulation,0.08724924921989441
sliderEmu/train/section_00_source_train_normal_0781_noAttribute.wav,in_support,periodic_resonance,0.9495315551757812
sliderEmu/train/section_00_source_train_normal_0782_noAttribute.wav,in_support,frequency_modulation,0.9282445311546326
sliderEmu/train/section_00_source_train_normal_0783_noAttribute.wav,in_support,frequency_modulation,0.13213494420051575
sliderEmu/train/section_00_source_train_normal_0784_noAttribute.wav,in_support,amplitude_modulation,0.6885396838188171
sliderEmu/train/section_00_source_train_normal_0785_noAttribute.wav,in_support,frequency_modulation,0.2546258866786957
sliderEmu/train/section_00_source_train_normal_0786_noAttribute.wav,in_support,periodic_resonance,0.6722672581672668
sliderEmu/train/section_00_source_train_normal_0787_noAttribute.wav,in_support,frequency_modulation,0.539604127407074
sliderEmu/train/section_00_source_train_normal_0788_noAttribute.wav,in_support,periodic_resonance,0.7577402591705322
sliderEmu/train/section_00_source_train_normal_0789_noAttribute.wav,in_support,periodic_resonance,0.7634327411651611
sliderEmu/train/section_00_source_train_normal_0790_noAttribute.wav,in_support,frequency_modulation,0.6248514652252197
sliderEmu/train/section_00_source_train_normal_0791_noAttribute.wav,in_support,frequency_modulation,0.7178916335105896
sliderEmu/train/section_00_source_train_normal_0792_noAttribute.wav,in_support,frequency_modulation,0.7976900935173035
sliderEmu/train/section_00_source_train_normal_0793_noAttribute.wav,in_support,amplitude_modulation,0.08599314838647842
sliderEmu/train/section_00_source_train_normal_0794_noAttribute.wav,in_support,amplitude_modulation,0.6362723708152771
sliderEmu/train/section_00_source_train_normal_0795_noAttribute.wav,in_support,periodic_resonance,0.6658974289894104
sliderEmu/train/section_00_source_train_normal_0796_noAttribute.wav,in_support,frequency_modulation,0.24062961339950562
sliderEmu/train/section_00_source_train_normal_0797_noAttribute.wav,in_support,amplitude_modulation,0.8258479237556458
sliderEmu/train/section_00_source_train_normal_0798_noAttribute.wav,in_support,amplitude_modulation,0.1985803097486496
sliderEmu/train/section_00_source_train_normal_0799_noAttribute.wav,in_support,frequency_modulation,0.3914582133293152
sliderEmu/train/section_00_source_train_normal_0800_noAttribute.wav,in_support,amplitude_modulation,0.7820960879325867
sliderEmu/train/section_00_source_train_normal_0801_noAttribute.wav,in_support,periodic_resonance,0.8753981590270996
sliderEmu/train/section_00_source_train_normal_0802_noAttribute.wav,in_support,frequency_modulation,0.4047788083553314
sliderEmu/train/section_00_source_train_normal_0803_noAttribute.wav,in_support,frequency_modulation,0.16249167919158936
sliderEmu/train/section_00_source_train_normal_0804_noAttribute.wav,in_support,amplitude_modulation,0.6789376735687256
sliderEmu/train/section_00_source_train_normal_0805_noAttribute.wav,in_support,frequency_modulation,0.48006272315979004
sliderEmu/train/section_00_source_train_normal_0806_noAttribute.wav,in_support,frequency_modulation,0.6673440933227539
sliderEmu/train/section_00_source_train_normal_0807_noAttribute.wav,in_support,periodic_resonance,0.7411174774169922
sliderEmu/train/section_00_source_train_normal_0808_noAttribute.wav,in_support,amplitude_modulation,0.7685702443122864
sliderEmu/train/section_00_source_train_normal_0809_noAttribute.wav,in_support,frequency_modulation,0.21994701027870178
sliderEmu/train/section_00_source_train_normal_0810_noAttribute.wav,in_support,periodic_resonance,0.9339113235473633
sliderEmu/train/section_00_source_train_normal_0811_noAttribute.wav,in_support,frequency_modulation,0.6929364204406738
sliderEmu/train/section_00_source_train_normal_0812_noAttribute.wav,in_support,frequency_modulation,0.7084208130836487
sliderEmu/train/section_00_source_train_normal_0813_noAttribute.wav,in_support,amplitude_modulation,0.45180049538612366
sliderEmu/train/section_00_source_train_normal_0814_noAttribute.wav,in_support,frequency_modulation,0.722436785697937
sliderEmu/train/section_00_source_train_normal_0815_noAttribute.wav,in_support,frequency_modulation,0.6901090741157532
sliderEmu/train/section_00_source_train_normal_0816_noAttribute.wav,in_support,periodic_resonance,0.5437506437301636
sliderEmu/train/section_00_source_train_normal_0817_noAttribute.wav,in_support,periodic_resonance,0.750901997089386
sliderEmu/train/section_00_source_train_normal_0818_noAttribute.wav,in_support,frequency_modulation,0.5731202960014343
sliderEmu/train/section_00_source_train_normal_0819_noAttribute.wav,in_support,periodic_resonance,0.547624945640564
sliderEmu/train/section_00_source_train_normal_0820_noAttribute.wav,in_support,frequency_modulation,0.9536327123641968
sliderEmu/train/section_00_source_train_normal_0821_noAttribute.wav,in_support,amplitude_modulation,0.11100710183382034
sliderEmu/train/section_00_source_train_normal_0822_noAttribute.wav,in_support,periodic_resonance,0.8743012547492981
sliderEmu/train/section_00_source_train_normal_0823_noAttribute.wav,in_support,periodic_resonance,0.9727766513824463
sliderEmu/train/section_00_source_train_normal_0824_noAttribute.wav,in_support,periodic_resonance,0.3787226974964142
sliderEmu/train/section_00_source_train_normal_0825_noAttribute.wav,in_support,frequency_modulation,0.9261103868484497
sliderEmu/train/section_00_source_train_normal_0826_noAttribute.wav,in_support,frequency_modulation,0.7333284020423889
sliderEmu/train/section_00_source_train_normal_0827_noAttribute.wav,in_support,periodic_resonance,0.7789387106895447
sliderEmu/train/section_00_source_train_normal_0828_noAttribute.wav,in_support,frequency_modulation,0.900844931602478
sliderEmu/train/section_00_source_train_normal_0829_noAttribute.wav,in_support,periodic_resonance,0.48058587312698364
sliderEmu/train/section_00_source_train_normal_0830_noAttribute.wav,in_support,amplitude_modulation,0.029820429161190987
sliderEmu/train/section_00_source_train_normal_0831_noAttribute.wav,in_support,periodic_resonance,0.3338475227355957
sliderEmu/train/section_00_source_train_normal_0832_noAttribute.wav,in_support,periodic_resonance,0.9730402231216431
sliderEmu/train/section_00_source_train_normal_0833_noAttribute.wav,in_support,amplitude_modulation,0.3620142936706543
sliderEmu/train/section_00_source_train_normal_0834_noAttribute.wav,in_support,amplitude_modulation,0.2603054344654083
sliderEmu/train/section_00_source_train_normal_0835_noAttribute.wav,in_support,frequency_modulation,0.6464256644248962
sliderEmu/train/section_00_source_train_normal_0836_noAttribute.wav,in_support,frequency_modulation,0.5012704730033875
sliderEmu/train/section_00_source_train_normal_0837_noAttribute.wav,in_support,amplitude_modulation,0.04574589803814888
sliderEmu/train/section_00_source_train_normal_0838_noAttribute.wav,in_support,amplitude_modulation,0.8303518891334534
sliderEmu/train/section_00_source_train_normal_0839_noAttribute.wav,in_support,amplitude_modulation,0.8740049004554749
sliderEmu/train/section_00_source_train_normal_0840_noAttribute.wav,in_support,frequency_modulation,0.5256977677345276
sliderEmu/train/section_00_source_train_normal_0841_noAttribute.wav,in_support,frequency_modulation,0.9334818720817566
sliderEmu/train/section_00_source_train_normal_0842_noAttribute.wav,in_support,amplitude_modulation,0.07966458797454834
sliderEmu/train/section_00_source_train_normal_0843_noAttribute.wav,in_support,amplitude_modulation,0.05990682914853096
sliderEmu/train/section_00_source_train_normal_0844_noAttribute.wav,in_support,frequency_modulation,0.8729113340377808
sliderEmu/train/section_00_source_train_normal_0845_noAttribute.wav,in_support,frequency_modulation,0.4355778098106384
sliderEmu/train/section_00_source_train_normal_0846_noAttribute.wav,in_support,periodic_resonance,0.9667519927024841
sliderEmu/train/section_00_source_train_normal_0847_noAttribute.wav,in_support,amplitude_modulation,0.29194337129592896
sliderEmu/train/section_00_source_train_normal_0848_noAttribute.wav,in_support,frequency_modulation,0.2023870050907135
sliderEmu/train/section_00_source_train_normal_0849_noAttribute.wav,in_support,amplitude_modulation,0.1936621069908142
sliderEmu/train/section_00_source_train_normal_0850_noAttribute.wav,in_support,periodic_resonance,0.9898844361305237
sliderEmu/train/section_00_source_train_normal_0851_noAttribute.wav,in_support,frequency_modulation,0.29093796014785767
sliderEmu/train/section_00_source_train_normal_0852_noAttribute.wav,in_support,frequency_modulation,0.8639522790908813
sliderEmu/train/section_00_source_train_normal_0853_noAttribute.wav,in_support,frequency_modulation,0.9406996965408325
sliderEmu/train/section_00_source_train_normal_0854_noAttribute.wav,in_support,frequency_modulation,0.7964428067207336
sliderEmu/train/section_00_source_train_normal_0855_noAttribute.wav,in_support,amplitude_modulation,0.8680011034011841
sliderEmu/train/section_00_source_train_normal_0856_noAttribute.wav,in_support,periodic_resonance,0.24058011174201965
sliderEmu/train/section_00_source_train_normal_0857_noAttribute.wav,in_support,periodic_resonance,0.8961948752403259
sliderEmu/train/section_00_source_train_normal_0858_noAttribute.wav,in_support,amplitude_modulation,0.6417406797409058
sliderEmu/train/section_00_source_train_normal_0859_noAttribute.wav,in_support,amplitude_modulation,0.8183510303497314
sliderEmu/train/section_00_source_train_normal_0860_noAttribute.wav,in_support,frequency_modulation,0.8381331562995911
sliderEmu/train/section_00_source_train_normal_0861_noAttribute.wav,in_support,amplitude_modulation,0.2044965624809265
sliderEmu/train/section_00_source_train_normal_0862_noAttribute.wav,in_support,amplitude_modulation,0.4577527642250061
sliderEmu/train/section_00_source_train_normal_0863_noAttribute.wav,in_support,amplitude_modulation,0.1698959916830063
sliderEmu/train/section_00_source_train_normal_0864_noAttribute.wav,in_support,amplitude_modulation,0.955446720123291
sliderEmu/train/section_00_source_train_normal_0865_noAttribute.wav,in_support,frequency_modulation,0.6742124557495117
sliderEmu/train/section_00_source_train_normal_0866_noAttribute.wav,in_support,periodic_resonance,0.6970125436782837
sliderEmu/train/section_00_source_train_normal_0867_noAttribute.wav,in_support,frequency_modulation,0.6171401739120483
sliderEmu/train/section_00_source_train_normal_0868_noAttribute.wav,in_support,frequency_modulation,0.2921391725540161
sliderEmu/train/section_00_source_train_normal_0869_noAttribute.wav,in_support,amplitude_modulation,0.7078768014907837
sliderEmu/train/section_00_source_train_normal_0870_noAttribute.wav,in_support,frequency_modulation,0.9036047458648682
sliderEmu/train/section_00_source_train_normal_0871_noAttribute.wav,in_support,amplitude_modulation,0.8967655897140503
sliderEmu/train/section_00_source_train_normal_0872_noAttribute.wav,in_support,periodic_resonance,0.8669106364250183
sliderEmu/train/section_00_source_train_normal_0873_noAttribute.wav,in_support,frequency_modulation,0.3079441785812378
sliderEmu/train/section_00_source_train_normal_0874_noAttribute.wav,in_support,amplitude_modulation,0.18089036643505096
sliderEmu/train/section_00_source_train_normal_0875_noAttribute.wav,in_support,periodic_resonance,0.814039409160614
sliderEmu/train/section_00_source_train_normal_0876_noAttribute.wav,in_support,periodic_resonance,0.7276250123977661
sliderEmu/train/section_00_source_train_normal_0877_noAttribute.wav,in_support,frequency_modulation,0.23345595598220825
sliderEmu/train/section_00_source_train_normal_0878_noAttribute.wav,in_support,frequency_modulation,0.6677024960517883
sliderEmu/train/section_00_source_train_normal_0879_noAttribute.wav,in_support,periodic_resonance,0.9229694604873657
sliderEmu/train/section_00_source_train_normal_0880_noAttribute.wav,in_support,frequency_modulation,0.2796490490436554
sliderEmu/train/section_00_source_train_normal_0881_noAttribute.wav,in_support,periodic_resonance,0.845709502696991
sliderEmu/train/section_00_source_train_normal_0882_noAttribute.wav,in_support,frequency_modulation,0.5295212864875793
sliderEmu/train/section_00_source_train_normal_0883_noAttribute.wav,in_support,frequency_modulation,0.7898281216621399
sliderEmu/train/section_00_source_train_normal_0884_noAttribute.wav,in_support,amplitude_modulation,0.6428727507591248
sliderEmu/train/section_00_source_train_normal_0885_noAttribute.wav,in_support,amplitude_modulation,0.20080484449863434
sliderEmu/train/section_00_source_train_normal_0886_noAttribute.wav,in_support,frequency_modulation,0.4773806631565094
sliderEmu/train/section_00_source_train_normal_0887_noAttribute.wav,in_support,periodic_resonance,0.5898444056510925
sliderEmu/train/section_00_source_train_normal_0888_noAttribute.wav,in_support,frequency_modulation,0.9624534249305725
sliderEmu/train/section_00_source_train_normal_0889_noAttribute.wav,in_support,periodic_resonance,0.2848564088344574
sliderEmu/train/section_00_source_train_normal_0890_noAttribute.wav,in_support,periodic_resonance,0.9051699638366699
sliderEmu/train/section_00_source_train_normal_0891_noAttribute.wav,in_support,frequency_modulation,0.4937657117843628
sliderEmu/train/section_00_source_train_normal_0892_noAttribute.wav,in_support,amplitude_modulation,0.5759245753288269
sliderEmu/train/section_00_source_train_normal_0893_noAttribute.wav,in_support,periodic_resonance,0.4029286801815033
sliderEmu/train/section_00_source_train_normal_0894_noAttribute.wav,in_support,frequency_modulation,0.45748722553253174
sliderEmu/train/section_00_source_train_normal_0895_noAttribute.wav,in_support,frequency_modulation,0.7687416672706604
sliderEmu/train/section_00_source_train_normal_0896_noAttribute.wav,in_support,amplitude_modulation,0.8727421164512634
sliderEmu/train/section_00_source_train_normal_0897_noAttribute.wav,in_support,frequency_modulation,0.37344610691070557
sliderEmu/train/section_00_source_train_normal_0898_noAttribute.wav,in_support,amplitude_modulation,0.8143935799598694
sliderEmu/train/section_00_source_train_normal_0899_noAttribute.wav,in_support,periodic_resonance,0.42476168274879456
sliderEmu/train/section_00_source_train_normal_0900_noAttribute.wav,in_support,frequency_modulation,0.8321319818496704
sliderEmu/train/section_00_source_train_normal_0901_noAttribute.wav,in_support,frequency_modulation,0.14037223160266876
sliderEmu/train/section_00_source_train_normal_0902_noAttribute.wav,in_support,periodic_resonance,0.8224036693572998
sliderEmu/train/section_00_source_train_normal_0903_noAttribute.wav,in_support,periodic_resonance,0.5524609684944153
sliderEmu/train/section_00_source_train_normal_0904_noAttribute.wav,in_support,periodic_resonance,0.7450584769248962
sliderEmu/train/section_00_source_train_normal_0905_noAttribute.wav,in_support,frequency_modulation,0.5781066417694092
sliderEmu/train/section_00_source_train_normal_0906_noAttribute.wav,in_support,periodic_resonance,0.9596608281135559
sliderEmu/train/section_00_source_train_normal_0907_noAttribute.wav,in_support,frequency_modulation,0.2211282104253769
sliderEmu/train/section_00_source_train_normal_0908_noAttribute.wav,in_support,periodic_resonance,0.9723467826843262
sliderEmu/train/section_00_source_train_normal_0909_noAttribute.wav,in_support,amplitude_modulation,0.1735921949148178
sliderEmu/train/section_00_source_train_normal_0910_noAttribute.wav,in_support,amplitude_modulation,0.8127946257591248
sliderEmu/train/section_00_source_train_normal_0911_noAttribute.wav,in_support,frequency_modulation,0.8516319990158081
sliderEmu/train/section_00_source_train_normal_0912_noAttribute.wav,in_support,periodic_resonance,0.5799401998519897
sliderEmu/train/section_00_source_train_normal_0913_noAttribute.wav,in_support,amplitude_modulation,0.6021573543548584
sliderEmu/train/section_00_source_train_normal_0914_noAttribute.wav,in_support,amplitude_modulation,0.3286353349685669
sliderEmu/train/section_00_source_train_normal_0915_noAttribute.wav,in_support,frequency_modulation,0.7932494878768921
sliderEmu/train/section_00_source_train_normal_0916_noAttribute.wav,in_support,periodic_resonance,0.8310414552688599
sliderEmu/train/section_00_source_train_normal_0917_noAttribute.wav,in_support,frequency_modulation,0.149661123752594
sliderEmu/train/section_00_source_train_normal_0918_noAttribute.wav,in_support,periodic_resonance,0.6603471040725708
sliderEmu/train/section_00_source_train_normal_0919_noAttribute.wav,in_support,periodic_resonance,0.8789733648300171
sliderEmu/train/section_00_source_train_normal_0920_noAttribute.wav,in_support,amplitude_modulation,0.9181003570556641
sliderEmu/train/section_00_source_train_normal_0921_noAttribute.wav,in_support,amplitude_modulation,0.9378344416618347
sliderEmu/train/section_00_source_train_normal_0922_noAttribute.wav,in_support,periodic_resonance,0.4237211048603058
sliderEmu/train/section_00_source_train_normal_0923_noAttribute.wav,in_support,periodic_resonance,0.967350959777832
sliderEmu/train/section_00_source_train_normal_0924_noAttribute.wav,in_support,amplitude_modulation,0.5137562155723572
sliderEmu/train/section_00_source_train_normal_0925_noAttribute.wav,in_support,frequency_modulation,0.9409738183021545
sliderEmu/train/section_00_source_train_normal_0926_noAttribute.wav,in_support,amplitude_modulation,0.8473417162895203
sliderEmu/train/section_00_source_train_normal_0927_noAttribute.wav,in_support,periodic_resonance,0.8184233903884888
sliderEmu/train/section_00_source_train_normal_0928_noAttribute.wav,in_support,periodic_resonance,0.8237236142158508
sliderEmu/train/section_00_source_train_normal_0929_noAttribute.wav,in_support,periodic_resonance,0.7446509003639221
sliderEmu/train/section_00_source_train_normal_0930_noAttribute.wav,in_support,frequency_modulation,0.5304977297782898
sliderEmu/train/section_00_source_train_normal_0931_noAttribute.wav,in_support,frequency_modulation,0.405834436416626
sliderEmu/train/section_00_source_train_normal_0932_noAttribute.wav,in_support,periodic_resonance,0.728587806224823
sliderEmu/train/section_00_source_train_normal_0933_noAttribute.wav,in_support,amplitude_modulation,0.5645356774330139
sliderEmu/train/section_00_source_train_normal_0934_noAttribute.wav,in_support,amplitude_modulation,0.04231799766421318
sliderEmu/train/section_00_source_train_normal_0935_noAttribute.wav,in_support,frequency_modulation,0.49163615703582764
sliderEmu/train/section_00_source_train_normal_0936_noAttribute.wav,in_support,periodic_resonance,0.3147277534008026
sliderEmu/train/section_00_source_train_normal_0937_noAttribute.wav,in_support,periodic_resonance,0.9749853610992432
sliderEmu/train/section_00_source_train_normal_0938_noAttribute.wav,in_support,amplitude_modulation,0.5389167070388794
sliderEmu/train/section_00_source_train_normal_0939_noAttribute.wav,in_support,amplitude_modulation,0.6343824863433838
sliderEmu/train/section_00_source_train_normal_0940_noAttribute.wav,in_support,amplitude_modulation,0.9112560749053955
sliderEmu/train/section_00_source_train_normal_0941_noAttribute.wav,in_support,amplitude_modulation,0.8120242357254028
sliderEmu/train/section_00_source_train_normal_0942_noAttribute.wav,in_support,amplitude_modulation,0.07587649673223495
sliderEmu/train/section_00_source_train_normal_0943_noAttribute.wav,in_support,frequency_modulation,0.832046389579773
sliderEmu/train/section_00_source_train_normal_0944_noAttribute.wav,in_support,amplitude_modulation,0.21491168439388275
sliderEmu/train/section_00_source_train_normal_0945_noAttribute.wav,in_support,periodic_resonance,0.33966076374053955
sliderEmu/train/section_00_source_train_normal_0946_noAttribute.wav,in_support,frequency_modulation,0.9291276931762695
sliderEmu/train/section_00_source_train_normal_0947_noAttribute.wav,in_support,frequency_modulation,0.9458905458450317
sliderEmu/train/section_00_source_train_normal_0948_noAttribute.wav,in_support,frequency_modulation,0.7832989692687988
sliderEmu/train/section_00_source_train_normal_0949_noAttribute.wav,in_support,frequency_modulation,0.17671313881874084
sliderEmu/train/section_00_source_train_normal_0950_noAttribute.wav,in_support,amplitude_modulation,0.1660565584897995
sliderEmu/train/section_00_source_train_normal_0951_noAttribute.wav,in_support,amplitude_modulation,0.6079287528991699
sliderEmu/train/section_00_source_train_normal_0952_noAttribute.wav,in_support,periodic_resonance,0.933318555355072
sliderEmu/train/section_00_source_train_normal_0953_noAttribute.wav,in_support,periodic_resonance,0.5824093222618103
sliderEmu/train/section_00_source_train_normal_0954_noAttribute.wav,in_support,periodic_resonance,0.9175692200660706
sliderEmu/train/section_00_source_train_normal_0955_noAttribute.wav,in_support,amplitude_modulation,0.26769787073135376
sliderEmu/train/section_00_source_train_normal_0956_noAttribute.wav,in_support,periodic_resonance,0.5545805096626282
sliderEmu/train/section_00_source_train_normal_0957_noAttribute.wav,in_support,periodic_resonance,0.12907731533050537
sliderEmu/train/section_00_source_train_normal_0958_noAttribute.wav,in_support,periodic_resonance,0.45780879259109497
sliderEmu/train/section_00_source_train_normal_0959_noAttribute.wav,in_support,periodic_resonance,0.8433430790901184
sliderEmu/train/section_00_source_train_normal_0960_noAttribute.wav,in_support,frequency_modulation,0.9668399691581726
sliderEmu/train/section_00_source_train_normal_0961_noAttribute.wav,in_support,frequency_modulation,0.3460199534893036
sliderEmu/train/section_00_source_train_normal_0962_noAttribute.wav,in_support,amplitude_modulation,0.7217869162559509
sliderEmu/train/section_00_source_train_normal_0963_noAttribute.wav,in_support,periodic_resonance,0.8478870987892151
sliderEmu/train/section_00_source_train_normal_0964_noAttribute.wav,in_support,periodic_resonance,0.6448197364807129
sliderEmu/train/section_00_source_train_normal_0965_noAttribute.wav,in_support,periodic_resonance,0.6632391810417175
sliderEmu/train/section_00_source_train_normal_0966_noAttribute.wav,in_support,periodic_resonance,0.3967810869216919
sliderEmu/train/section_00_source_train_normal_0967_noAttribute.wav,in_support,frequency_modulation,0.5286721587181091
sliderEmu/train/section_00_source_train_normal_0968_noAttribute.wav,in_support,frequency_modulation,0.2226710319519043
sliderEmu/train/section_00_source_train_normal_0969_noAttribute.wav,in_support,periodic_resonance,0.5557126402854919
sliderEmu/train/section_00_source_train_normal_0970_noAttribute.wav,in_support,amplitude_modulation,0.9368929862976074
sliderEmu/train/section_00_source_train_normal_0971_noAttribute.wav,in_support,amplitude_modulation,0.18027663230895996
sliderEmu/train/section_00_source_train_normal_0972_noAttribute.wav,in_support,amplitude_modulation,0.6849378347396851
sliderEmu/train/section_00_source_train_normal_0973_noAttribute.wav,in_support,periodic_resonance,0.812164306640625
sliderEmu/train/section_00_source_train_normal_0974_noAttribute.wav,in_support,periodic_resonance,0.4737391173839569
sliderEmu/train/section_00_source_train_normal_0975_noAttribute.wav,in_support,amplitude_modulation,0.6421025991439819
sliderEmu/train/section_00_source_train_normal_0976_noAttribute.wav,in_support,amplitude_modulation,0.6229804158210754
sliderEmu/train/section_00_source_train_normal_0977_noAttribute.wav,in_support,periodic_resonance,0.39440950751304626
sliderEmu/train/section_00_source_train_normal_0978_noAttribute.wav,in_support,frequency_modulation,0.37608349323272705
sliderEmu/train/section_00_source_train_normal_0979_noAttribute.wav,in_support,periodic_resonance,0.513182520866394
sliderEmu/train/section_00_source_train_normal_0980_noAttribute.wav,in_support,frequency_modulation,0.6822166442871094
sliderEmu/train/section_00_source_train_normal_0981_noAttribute.wav,in_support,frequency_modulation,0.6413320899009705
sliderEmu/train/section_00_source_train_normal_0982_noAttribute.wav,in_support,periodic_resonance,0.9863666296005249
sliderEmu/train/section_00_source_train_normal_0983_noAttribute.wav,in_support,periodic_resonance,0.6987860202789307
sliderEmu/train/section_00_source_train_normal_0984_noAttribute.wav,in_support,frequency_modulation,0.20906312763690948
sliderEmu/train/section_00_source_train_normal_0985_noAttribute.wav,in_support,frequency_modulation,0.6928537487983704
sliderEmu/train/section_00_source_train_normal_0986_noAttribute.wav,in_support,periodic_resonance,0.6701164841651917
sliderEmu/train/section_00_source_train_normal_0987_noAttribute.wav,in_support,periodic_resonance,0.8273055553436279
sliderEmu/train/section_00_source_train_normal_0988_noAttribute.wav,in_support,periodic_resonance,0.5921673774719238
sliderEmu/train/section_00_source_train_normal_0989_noAttribute.wav,in_support,amplitude_modulation,0.17984619736671448
sliderEmu/train/section_00_target_train_normal_0000_noAttribute.wav,in_support,periodic_resonance,0.961733341217041
sliderEmu/train/section_00_target_train_normal_0001_noAttribute.wav,in_support,frequency_modulation,0.4065815806388855
sliderEmu/train/section_00_target_train_normal_0002_noAttribute.wav,in_support,amplitude_modulation,0.5226391553878784
sliderEmu/train/section_00_target_train_normal_0003_noAttribute.wav,in_support,amplitude_modulation,0.2314411997795105
sliderEmu/train/section_00_target_train_normal_0004_noAttribute.wav,in_support,periodic_resonance,0.5939487218856812
sliderEmu/train/section_00_target_train_normal_0005_noAttribute.wav,in_support,periodic_resonance,0.9973464608192444
sliderEmu/train/section_00_target_train_normal_0006_noAttribute.wav,in_support,frequency_modulation,0.4268849194049835
sliderEmu/train/section_00_target_train_normal_0007_noAttribute.wav,in_support,frequency_modulation,0.4294142425060272
sliderEmu/train/section_00_target_train_normal_0008_noAttribute.wav,in_support,frequency_modulation,0.5060302019119263
sliderEmu/train/section_00_target_train_normal_0009_noAttribute.wav,in_support,frequency_modulation,0.5608510375022888
valveEmu/train/section_00_source_train_normal_0000_noAttribute.wav,in_support,frequency_modulation,0.4348679482936859
valveEmu/train/section_00_source_train_normal_0001_noAttribute.wav,in_support,frequency_modulation,0.33074888586997986
valveEmu/train/section_00_source_train_normal_0002_noAttribute.wav,in_support,frequency_modulation,0.21278046071529388
valveEmu/train/section_00_source_train_normal_0003_noAttribute.wav,in_support,frequency_modulation,0.32415997982025146
valveEmu/train/section_00_source_train_normal_0004_noAttribute.wav,in_support,amplitude_modulation,0.19672100245952606
valveEmu/train/section_00_source_train_normal_0005_noAttribute.wav,in_support,periodic_resonance,0.4332926571369171
valveEmu/train/section_00_source_train_normal_0006_noAttribute.wav,in_support,periodic_resonance,0.2147613912820816
valveEmu/train/section_00_source_train_normal_0007_noAttribute.wav,in_support,amplitude_modulation,0.379632830619812
valveEmu/train/section_00_source_train_normal_0008_noAttribute.wav,in_support,amplitude_modulation,0.7022210955619812
valveEmu/train/section_00_source_train_normal_0009_noAttribute.wav,in_support,periodic_resonance,0.8090506792068481
valveEmu/train/section_00_source_train_normal_0010_noAttribute.wav,in_support,frequency_modulation,0.519627034664154
valveEmu/train/section_00_source_train_normal_0011_noAttribute.wav,in_support,frequency_modulation,0.7097734808921814
valveEmu/train/section_00_source_train_normal_0012_noAttribute.wav,in_support,frequency_modulation,0.2624346613883972
valveEmu/train/section_00_source_train_normal_0013_noAttribute.wav,in_support,amplitude_modulation,0.1908988505601883
valveEmu/train/section_00_source_train_normal_0014_noAttribute.wav,in_support,periodic_resonance,0.9011947512626648
valveEmu/train/section_00_source_train_normal_0015_noAttribute.wav,in_support,periodic_resonance,0.916014552116394
valveEmu/train/section_00_source_train_normal_0016_noAttribute.wav,in_support,periodic_resonance,0.9248946905136108
valveEmu/train/section_00_source_train_normal_0017_noAttribute.wav,in_support,amplitude_modulation,0.17424990236759186
valveEmu/train/section_00_source_train_normal_0018_noAttribute.wav,in_support,frequency_modulation,0.31535449624061584
valveEmu/train/section_00_source_train_normal_0019_noAttribute.wav,in_support,frequency_modulation,0.3204261362552643
valveEmu/train/section_00_source_train_normal_0020_noAttribute.wav,in_support,frequency_modulation,0.444094181060791
valveEmu/train/section_00_source_train_normal_0021_noAttribute.wav,in_support,periodic_resonance,0.8518260717391968
valveEmu/train/section_00_source_train_normal_0022_noAttribute.wav,in_support,periodic_resonance,0.6195165514945984
valveEmu/train/section_00_source_train_normal_0023_noAttribute.wav,in_support,frequency_modulation,0.7727593183517456
valveEmu/train/section_00_source_train_normal_0024_noAttribute.wav,in_support,amplitude_modulation,0.1738969087600708
valveEmu/train/section_00_source_train_normal_0025_noAttribute.wav,in_support,frequency_modulation,0.5396815538406372
valveEmu/train/section_00_source_train_normal_0026_noAttribute.wav,in_support,amplitude_modulation,0.6668105125427246
valveEmu/train/section_00_source_train_normal_0027_noAttribute.wav,in_support,periodic_resonance,0.8207499384880066
valveEmu/train/section_00_source_train_normal_0028_noAttribute.wav,in_support,amplitude_modulation,0.06106298789381981
valveEmu/train/section_00_source_train_normal_0029_noAttribute.wav,in_support,amplitude_modulation,0.29317706823349
valveEmu/train/section_00_source_train_normal_0030_noAttribute.wav,in_support,periodic_resonance,0.8945533037185669
valveEmu/train/section_00_source_train_normal_0031_noAttribute.wav,in_support,frequency_modulation,0.14971289038658142
valveEmu/train/section_00_source_train_normal_0032_noAttribute.wav,in_support,frequency_modulation,0.8386868834495544
valveEmu/train/section_00_source_train_normal_0033_noAttribute.wav,in_support,frequency_modulation,0.5274637341499329
valveEmu/train/section_00_source_train_normal_0034_noAttribute.wav,in_support,periodic_resonance,0.9000616073608398
valveEmu/train/section_00_source_train_normal_0035_noAttribute.wav,in_support,frequency_modulation,0.8280988931655884
valveEmu/train/section_00_source_train_normal_0036_noAttribute.wav,in_support,frequency_modulation,0.7959477305412292
valveEmu/train/section_00_source_train_normal_0037_noAttribute.wav,in_support,amplitude_modulation,0.28767111897468567
valveEmu/train/section_00_source_train_normal_0038_noAttribute.wav,in_support,periodic_resonance,0.7261945009231567
valveEmu/train/section_00_source_train_normal_0039_noAttribute.wav,in_support,frequency_modulation,0.28102704882621765
valveEmu/train/section_00_source_train_normal_0040_noAttribute.wav,in_support,amplitude_modulation,0.08045662194490433
valveEmu/train/section_00_source_train_normal_0041_noAttribute.wav,in_support,frequency_modulation,0.4171428680419922
valveEmu/train/section_00_source_train_normal_0042_noAttribute.wav,in_support,frequency_modulation,0.809727132320404
valveEmu/train/section_00_source_train_normal_0043_noAttribute.wav,in_support,periodic_resonance,0.9238173961639404
valveEmu/train/section_00_source_train_normal_0044_noAttribute.wav,in_support,periodic_resonance,0.8825222253799438
valveEmu/train/section_00_source_train_normal_0045_noAttribute.wav,in_support,periodic_resonance,0.933494508266449
valveEmu/train/section_00_source_train_normal_0046_noAttribute.wav,in_support,periodic_resonance,0.6336519122123718
valveEmu/train/section_00_source_train_normal_0047_noAttribute.wav,in_support,periodic_resonance,0.5316097140312195
valveEmu/train/section_00_source_train_normal_0048_noAttribute.wav,in_support,frequency_modulation,0.4927218556404114
valveEmu/train/section_00_source_train_normal_0049_noAttribute.wav,in_support,amplitude_modulation,0.7638598680496216
valveEmu/train/section_00_source_train_normal_0050_noAttribute.wav,in_support,periodic_resonance,0.7592086791992188
valveEmu/train/section_00_source_train_normal_0051_noAttribute.wav,in_support,periodic_resonance,0.9078499674797058
valveEmu/train/section_00_source_train_normal_0052_noAttribute.wav,in_support,frequency_modulation,0.5843209624290466
valveEmu/train/section_00_source_train_normal_0053_noAttribute.wav,in_support,frequency_modulation,0.6507042050361633
valveEmu/train/section_00_source_train_normal_0054_noAttribute.wav,in_support,frequency_modulation,0.48370519280433655
valveEmu/train/section_00_source_train_normal_0055_noAttribute.wav,in_support,amplitude_modulation,0.7270233035087585
valveEmu/train/section_00_source_train_normal_0056_noAttribute.wav,in_support,periodic_resonance,0.8234004974365234
valveEmu/train/section_00_source_train_normal_0057_noAttribute.wav,in_support,frequency_modulation,0.8149391412734985
valveEmu/train/section_00_source_train_normal_0058_noAttribute.wav,in_support,periodic_resonance,0.3033030331134796
valveEmu/train/section_00_source_train_normal_0059_noAttribute.wav,in_support,periodic_resonance,0.7133418917655945
valveEmu/train/section_00_source_train_normal_0060_noAttribute.wav,in_support,amplitude_modulation,0.5251224637031555
valveEmu/train/section_00_source_train_normal_0061_noAttribute.wav,in_support,frequency_modulation,0.36685195565223694
valveEmu/train/section_00_source_train_normal_0062_noAttribute.wav,in_support,periodic_resonance,0.5879942178726196
valveEmu/train/section_00_source_train_normal_0063_noAttribute.wav,in_support,amplitude_modulation,0.2487519085407257
valveEmu/train/section_00_source_train_normal_0064_noAttribute.wav,in_support,amplitude_modulation,0.06594973057508469
valveEmu/train/section_00_source_train_normal_0065_noAttribute.wav,in_support,frequency_modulation,0.20508639514446259
valveEmu/train/section_00_source_train_normal_0066_noAttribute.wav,in_support,amplitude_modulation,0.6572090983390808
valveEmu/train/section_00_source_train_normal_0067_noAttribute.wav,in_support,amplitude_modulation,0.6351271271705627
valveEmu/train/section_00_source_train_normal_0068_noAttribute.wav,in_support,frequency_modulation,0.7801172733306885
valveEmu/train/section_00_source_train_normal_0069_noAttribute.wav,in_support,amplitude_modulation,0.5788567662239075
valveEmu/train/section_00_source_train_normal_0070_noAttribute.wav,in_support,frequency_modulation,0.8542443513870239
valveEmu/train/section_00_source_train_normal_0071_noAttribute.wav,in_support,amplitude_modulation,0.8269568085670471
valveEmu/train/section_00_source_train_normal_0072_noAttribute.wav,in_support,amplitude_modulation,0.8476085066795349
valveEmu/train/section_00_source_train_normal_0073_noAttribute.wav,in_support,frequency_modulation,0.7891154885292053
valveEmu/train/section_00_source_train_normal_0074_noAttribute.wav,in_support,periodic_resonance,0.6780951619148254
valveEmu/train/section_00_source_train_normal_0075_noAttribute.wav,in_support,frequency_modulation,0.26744046807289124
valveEmu/train/section_00_source_train_normal_0076_noAttribute.wav,in_support,amplitude_modulation,0.6559340953826904
valveEmu/train/section_00_source_train_normal_0077_noAttribute.wav,in_support,frequency_modulation,0.4382662773132324
valveEmu/train/section_00_source_train_normal_0078_noAttribute.wav,in_support,frequency_modulation,0.34302374720573425
valveEmu/train/section_00_source_train_normal_0079_noAttribute.wav,in_support,amplitude_modulation,0.08777761459350586
valveEmu/train/section_00_source_train_normal_0080_noAttribute.wav,in_support,amplitude_modulation,0.4860095977783203
valveEmu/train/section_00_source_train_normal_0081_noAttribute.wav,in_support,periodic_resonance,0.689246416091919
valveEmu/train/section_00_source_train_normal_0082_noAttribute.wav,in_support,periodic_resonance,0.3862186670303345
valveEmu/train/section_00_source_train_normal_0083_noAttribute.wav,in_support,periodic_resonance,0.8746787309646606
valveEmu/train/section_00_source_train_normal_0084_noAttribute.wav,in_support,frequency_modulation,0.45900285243988037
valveEmu/train/section_00_source_train_normal_0085_noAttribute.wav,in_support,frequency_modulation,0.22663754224777222
valveEmu/train/section_00_source_train_normal_0086_noAttribute.wav,in_support,amplitude_modulation,0.6983547806739807
valveEmu/train/section_00_source_train_normal_0087_noAttribute.wav,in_support,periodic_resonance,0.6123955249786377
valveEmu/train/section_00_source_train_normal_0088_noAttribute.wav,in_support,amplitude_modulation,0.38559994101524353
valveEmu/train/section_00_source_train_normal_0089_noAttribute.wav,in_support,periodic_resonance,0.9217581748962402
valveEmu/train/section_00_source_train_normal_0090_noAttribute.wav,in_support,frequency_modulation,0.5663372278213501
valveEmu/train/section_00_source_train_normal_0091_noAttribute.wav,in_support,frequency_modulation,0.4416913092136383
valveEmu/train/section_00_source_train_normal_0092_noAttribute.wav,in_support,frequency_modulation,0.9589783549308777
valveEmu/train/section_00_source_train_normal_0093_noAttribute.wav,in_support,amplitude_modulation,0.11416163295507431
valveEmu/train/section_00_source_train_normal_0094_noAttribute.wav,in_support,amplitude_modulation,0.1686728298664093
valveEmu/train/section_00_source_train_normal_0095_noAttribute.wav,in_support,frequency_modulation,0.8848450183868408
valveEmu/train/section_00_source_train_normal_0096_noAttribute.wav,in_support,amplitude_modulation,0.08600141853094101
valveEmu/train/section_00_source_train_normal_0097_noAttribute.wav,in_support,frequency_modulation,0.5844521522521973
valveEmu/train/section_00_source_train_normal_0098_noAttribute.wav,in_support,amplitude_modulation,0.7077487707138062
valveEmu/train/section_00_source_train_normal_0099_noAttribute.wav,in_support,frequency_modulation,0.5814262628555298
valveEmu/train/section_00_source_train_normal_0100_noAttribute.wav,in_support,amplitude_modulation,0.1647956371307373
valveEmu/train/section_00_source_train_normal_0101_noAttribute.wav,in_support,frequency_modulation,0.2789537310600281
valveEmu/train/section_00_source_train_normal_0102_noAttribute.wav,in_support,frequency_modulation,0.35791951417922974
valveEmu/train/section_00_source_train_normal_0103_noAttribute.wav,in_support,periodic_resonance,0.9072661399841309
valveEmu/train/section_00_source_train_normal_0104_noAttribute.wav,in_support,periodic_resonance,0.33543914556503296
valveEmu/train/section_00_source_train_normal_0105_noAttribute.wav,in_support,periodic_resonance,0.8537334203720093
valveEmu/train/section_00_source_train_normal_0106_noAttribute.wav,in_support,amplitude_modulation,0.2878350019454956
valveEmu/train/section_00_source_train_normal_0107_noAttribute.wav,in_support,frequency_modulation,0.268337219953537
valveEmu/train/section_00_source_train_normal_0108_noAttribute.wav,in_support,frequency_modulation,0.6213674545288086
valveEmu/train/section_00_source_train_normal_0109_noAttribute.wav,in_support,periodic_resonance,0.8185683488845825
valveEmu/train/section_00_source_train_normal_0110_noAttribute.wav,in_support,periodic_resonance,0.7196362614631653
valveEmu/train/section_00_source_train_normal_0111_noAttribute.wav,in_support,amplitude_modulation,0.09415872395038605
valveEmu/train/section_00_source_train_normal_0112_noAttribute.wav,in_support,frequency_modulation,0.5471929907798767
valveEmu/train/section_00_source_train_normal_0113_noAttribute.wav,in_support,amplitude_modulation,0.5768657922744751
valveEmu/train/section_00_source_train_normal_0114_noAttribute.wav,in_support,periodic_resonance,0.920224130153656
valveEmu/train/section_00_source_train_normal_0115_noAttribute.wav,in_support,amplitude_modulation,0.8081189393997192
valveEmu/train/section_00_source_train_normal_0116_noAttribute.wav,in_support,amplitude_modulation,0.2978902757167816
valveEmu/train/section_00_source_train_normal_0117_noAttribute.wav,in_support,frequency_modulation,0.16616961359977722
valveEmu/train/section_00_source_train_normal_0118_noAttribute.wav,in_support,frequency_modulation,0.5032129883766174
valveEmu/train/section_00_source_train_normal_0119_noAttribute.wav,in_support,periodic_resonance,0.46731874346733093
valveEmu/train/section_00_source_train_normal_0120_noAttribute.wav,in_support,frequency_modulation,0.23423050343990326
valveEmu/train/section_00_source_train_normal_0121_noAttribute.wav,in_support,frequency_modulation,0.7788890600204468
valveEmu/train/section_00_source_train_normal_0122_noAttribute.wav,in_support,frequency_modulation,0.7011726498603821
valveEmu/train/section_00_source_train_normal_0123_noAttribute.wav,in_support,periodic_resonance,0.23742982745170593
valveEmu/train/section_00_source_train_normal_0124_noAttribute.wav,in_support,amplitude_modulation,0.580767035484314
valveEmu/train/section_00_source_train_normal_0125_noAttribute.wav,in_support,periodic_resonance,0.18285559117794037
valveEmu/train/section_00_source_train_normal_0126_noAttribute.wav,in_support,amplitude_modulation,0.5231524705886841
valveEmu/train/section_00_source_train_normal_0127_noAttribute.wav,in_support,amplitude_modulation,0.19070005416870117
valveEmu/train/section_00_source_train_normal_0128_noAttribute.wav,in_support,frequency_modulation,0.25563180446624756
valveEmu/train/section_00_source_train_normal_0129_noAttribute.wav,in_support,periodic_resonance,0.19570185244083405
valveEmu/train/section_00_source_train_normal_0130_noAttribute.wav,in_support,frequency_modulation,0.7123892307281494
valveEmu/train/section_00_source_train_normal_0131_noAttribute.wav,in_support,amplitude_modulation,0.5260468125343323
valveEmu/train/section_00_source_train_normal_0132_noAttribute.wav,in_support,periodic_resonance,0.18130935728549957
valveEmu/train/section_00_source_train_normal_0133_noAttribute.wav,in_support,periodic_resonance,0.5127988457679749
valveEmu/train/section_00_source_train_normal_0134_noAttribute.wav,in_support,amplitude_modulation,0.1485956311225891
valveEmu/train/section_00_source_train_normal_0135_noAttribute.wav,in_support,periodic_resonance,0.7288049459457397
valveEmu/train/section_00_source_train_normal_0136_noAttribute.wav,in_support,periodic_resonance,0.8355057835578918
valveEmu/train/section_00_source_train_normal_0137_noAttribute.wav,in_support,periodic_resonance,0.826902449131012
valveEmu/train/section_00_source_train_normal_0138_noAttribute.wav,in_support,periodic_resonance,0.9125708341598511
valveEmu/train/section_00_source_train_normal_0139_noAttribute.wav,in_support,frequency_modulation,0.19571693241596222
valveEmu/train/section_00_source_train_normal_0140_noAttribute.wav,in_support,periodic_resonance,0.8831371068954468
valveEmu/train/section_00_source_train_normal_0141_noAttribute.wav,in_support,periodic_resonance,0.9168139696121216
valveEmu/train/section_00_source_train_normal_0142_noAttribute.wav,in_support,amplitude_modulation,0.5525714159011841
valveEmu/train/section_00_source_train_normal_0143_noAttribute.wav,in_support,periodic_resonance,0.8998059034347534
valveEmu/train/section_00_source_train_normal_0144_noAttribute.wav,in_support,amplitude_modulation,0.4147413969039917
valveEmu/train/section_00_source_train_normal_0145_noAttribute.wav,in_support,amplitude_modulation,0.10119886696338654
valveEmu/train/section_00_source_train_normal_0146_noAttribute.wav,in_support,amplitude_modulation,0.8004530072212219
valveEmu/train/section_00_source_train_normal_0147_noAttribute.wav,in_support,frequency_modulation,0.21130439639091492
valveEmu/train/section_00_source_train_normal_0148_noAttribute.wav,in_support,amplitude_modulation,0.5576333999633789
valveEmu/train/section_00_source_train_normal_0149_noAttribute.wav,in_support,frequency_modulation,0.8694286942481995
valveEmu/train/section_00_source_train_normal_0150_noAttribute.wav,in_support,frequency_modulation,0.4119552671909332
valveEmu/train/section_00_source_train_normal_0151_noAttribute.wav,in_support,frequency_modulation,0.20749472081661224
valveEmu/train/section_00_source_train_normal_0152_noAttribute.wav,in_support,frequency_modulation,0.2303803414106369
valveEmu/train/section_00_source_train_normal_0153_noAttribute.wav,in_support,amplitude_modulation,0.16858656704425812
valveEmu/train/section_00_source_train_normal_0154_noAttribute.wav,in_support,frequency_modulation,0.3508546054363251
valveEmu/train/section_00_source_train_normal_0155_noAttribute.wav,in_support,periodic_resonance,0.6528183817863464
valveEmu/train/section_00_source_train_normal_0156_noAttribute.wav,in_support,periodic_resonance,0.3694569170475006
valveEmu/train/section_00_source_train_normal_0157_noAttribute.wav,in_support,amplitude_modulation,0.06982148438692093
valveEmu/train/section_00_source_train_normal_0158_noAttribute.wav,in_support,frequency_modulation,0.557479739189148
valveEmu/train/section_00_source_train_normal_0159_noAttribute.wav,in_support,periodic_resonance,0.8973085284233093
valveEmu/train/section_00_source_train_normal_0160_noAttribute.wav,in_support,periodic_resonance,0.44489559531211853
valveEmu/train/section_00_source_train_normal_0161_noAttribute.wav,in_support,frequency_modulation,0.42517420649528503
valveEmu/train/section_00_source_train_normal_0162_noAttribute.wav,in_support,periodic_resonance,0.9472162127494812
valveEmu/train/section_00_source_train_normal_0163_noAttribute.wav,in_support,periodic_resonance,0.8362634778022766
valveEmu/train/section_00_source_train_normal_0164_noAttribute.wav,in_support,frequency_modulation,0.724982500076294
valveEmu/train/section_00_source_train_normal_0165_noAttribute.wav,in_support,frequency_modulation,0.9329251646995544
valveEmu/train/section_00_source_train_normal_0166_noAttribute.wav,in_support,frequency_modulation,0.46334362030029297
valveEmu/train/section_00_source_train_normal_0167_noAttribute.wav,in_support,periodic_resonance,0.7472370862960815
valveEmu/train/section_00_source_train_normal_0168_noAttribute.wav,in_support,amplitude_modulation,0.634222149848938
valveEmu/train/section_00_source_train_normal_0169_noAttribute.wav,in_support,periodic_resonance,0.786316454410553
valveEmu/train/section_00_source_train_normal_0170_noAttribute.wav,in_support,periodic_resonance,0.9023122787475586
valveEmu/train/section_00_source_train_normal_0171_noAttribute.wav,in_support,periodic_resonance,0.8566399216651917
valveEmu/train/section_00_source_train_normal_0172_noAttribute.wav,in_support,periodic_resonance,0.9305164813995361
valveEmu/train/section_00_source_train_normal_0173_noAttribute.wav,in_support,amplitude_modulation,0.33761242032051086
valveEmu/train/section_00_source_train_normal_0174_noAttribute.wav,in_support,frequency_modulation,0.7549367547035217
valveEmu/train/section_00_source_train_normal_0175_noAttribute.wav,in_support,periodic_resonance,0.8086431622505188
valveEmu/train/section_00_source_train_normal_0176_noAttribute.wav,in_support,periodic_resonance,0.5157902240753174
valveEmu/train/section_00_source_train_normal_0177_noAttribute.wav,in_support,amplitude_modulation,0.20193761587142944
valveEmu/train/section_00_source_train_normal_0178_noAttribute.wav,in_support,periodic_resonance,0.7410356402397156
valveEmu/train/section_00_source_train_normal_0179_noAttribute.wav,in_support,periodic_resonance,0.7579008340835571
valveEmu/train/section_00_source_train_normal_0180_noAttribute.wav,in_support,frequency_modulation,0.4627925157546997
valveEmu/train/section_00_source_train_normal_0181_noAttribute.wav,in_support,periodic_resonance,0.18689781427383423
valveEmu/train/section_00_source_train_normal_0182_noAttribute.wav,in_support,frequency_modulation,0.7721630930900574
valveEmu/train/section_00_source_train_normal_0183_noAttribute.wav,in_support,frequency_modulation,0.3346199095249176
valveEmu/train/section_00_source_train_normal_0184_noAttribute.wav,in_support,frequency_modulation,0.7439796924591064
valveEmu/train/section_00_source_train_normal_0185_noAttribute.wav,in_support,frequency_modulation,0.6602004766464233
valveEmu/train/section_00_source_train_normal_0186_noAttribute.wav,in_support,periodic_resonance,0.9015806913375854
valveEmu/train/section_00_source_train_normal_0187_noAttribute.wav,in_support,periodic_resonance,0.7519071698188782
valveEmu/train/section_00_source_train_normal_0188_noAttribute.wav,in_support,amplitude_modulation,0.10262739658355713
valveEmu/train/section_00_source_train_normal_0189_noAttribute.wav,in_support,periodic_resonance,0.8570708632469177
valveEmu/train/section_00_source_train_normal_0190_noAttribute.wav,in_support,amplitude_modulation,0.14889447391033173
valveEmu/train/section_00_source_train_normal_0191_noAttribute.wav,in_support,periodic_resonance,0.6055320501327515
valveEmu/train/section_00_source_train_normal_0192_noAttribute.wav,in_support,periodic_resonance,0.5579169392585754
valveEmu/train/section_00_source_train_normal_0193_noAttribute.wav,in_support,amplitude_modulation,0.6488737463951111
valveEmu/train/section_00_source_train_normal_0194_noAttribute.wav,in_support,periodic_resonance,0.9505243301391602
valveEmu/train/section_00_source_train_normal_0195_noAttribute.wav,in_support,frequency_modulation,0.7834511399269104
valveEmu/train/section_00_source_train_normal_0196_noAttribute.wav,in_support,frequency_modulation,0.8594966530799866
valveEmu/train/section_00_source_train_normal_0197_noAttribute.wav,in_support,periodic_resonance,0.3892640471458435
valveEmu/train/section_00_source_train_normal_0198_noAttribute.wav,in_support,periodic_resonance,0.1764048933982849
valveEmu/train/section_00_source_train_normal_0199_noAttribute.wav,in_support,amplitude_modulation,0.1536751091480255
valveEmu/train/section_00_source_train_normal_0200_noAttribute.wav,in_support,periodic_resonance,0.8567850589752197
valveEmu/train/section_00_source_train_normal_0201_noAttribute.wav,in_support,amplitude_modulation,0.3829974830150604
valveEmu/train/section_00_source_train_normal_0202_noAttribute.wav,in_support,frequency_modulation,0.13981662690639496
valveEmu/train/section_00_source_train_normal_0203_noAttribute.wav,in_support,amplitude_modulation,0.49193647503852844
valveEmu/train/section_00_source_train_normal_0204_noAttribute.wav,in_support,frequency_modulation,0.8561711311340332
valveEmu/train/section_00_source_train_normal_0205_noAttribute.wav,in_support,frequency_modulation,0.602776825428009
valveEmu/train/section_00_source_train_normal_0206_noAttribute.wav,in_support,periodic_resonance,0.7005321979522705
valveEmu/train/section_00_source_train_normal_0207_noAttribute.wav,in_support,amplitude_modulation,0.06966856867074966
valveEmu/train/section_00_source_train_normal_0208_noAttribute.wav,in_support,frequency_modulation,0.5004013776779175
valveEmu/train/section_00_source_train_normal_0209_noAttribute.wav,in_support,amplitude_modulation,0.47297507524490356
valveEmu/train/section_00_source_train_normal_0210_noAttribute.wav,in_support,frequency_modulation,0.5006951093673706
valveEmu/train/section_00_source_train_normal_0211_noAttribute.wav,in_support,periodic_resonance,0.35209619998931885
valveEmu/train/section_00_source_train_normal_0212_noAttribute.wav,in_support,amplitude_modulation,0.22784307599067688
valveEmu/train/section_00_source_train_normal_0213_noAttribute.wav,in_support,amplitude_modulation,0.5713373422622681
valveEmu/train/section_00_source_train_normal_0214_noAttribute.wav,in_support,amplitude_modulation,0.313441663980484
valveEmu/train/section_00_source_train_normal_0215_noAttribute.wav,in_support,periodic_resonance,0.8672147989273071
valveEmu/train/section_00_source_train_normal_0216_noAttribute.wav,in_support,amplitude_modulation,0.8607824444770813
valveEmu/train/section_00_source_train_normal_0217_noAttribute.wav,in_support,periodic_resonance,0.6516613364219666
valveEmu/train/section_00_source_train_normal_0218_noAttribute.wav,in_support,frequency_modulation,0.21497997641563416
valveEmu/train/section_00_source_train_normal_0219_noAttribute.wav,in_support,amplitude_modulation,0.6023621559143066
valveEmu/train/section_00_source_train_normal_0220_noAttribute.wav,in_support,frequency_modulation,0.3116271495819092
valveEmu/train/section_00_source_train_normal_0221_noAttribute.wav,in_support,frequency_modulation,0.803392231464386
valveEmu/train/section_00_source_train_normal_0222_noAttribute.wav,in_support,frequency_modulation,0.7233173847198486
valveEmu/train/section_00_source_train_normal_0223_noAttribute.wav,in_support,frequency_modulation,0.5466216206550598
valveEmu/train/section_00_source_train_normal_0224_noAttribute.wav,in_support,periodic_resonance,0.1630288064479828
valveEmu/train/section_00_source_train_normal_0225_noAttribute.wav,in_support,amplitude_modulation,0.11708768457174301
valveEmu/train/section_00_source_train_normal_0226_noAttribute.wav,in_support,periodic_resonance,0.7262715101242065
valveEmu/train/section_00_source_train_normal_0227_noAttribute.wav,in_support,amplitude_modulation,0.22556336224079132
valveEmu/train/section_00_source_train_normal_0228_noAttribute.wav,in_support,amplitude_modulation,0.48748651146888733
valveEmu/train/section_00_source_train_normal_0229_noAttribute.wav,in_support,amplitude_modulation,0.5223784446716309
valveEmu/train/section_00_source_train_normal_0230_noAttribute.wav,in_support,amplitude_modulation,0.4091936945915222
valveEmu/train/section_00_source_train_normal_0231_noAttribute.wav,in_support,periodic_resonance,0.18323422968387604
valveEmu/train/section_00_source_train_normal_0232_noAttribute.wav,in_support,frequency_modulation,0.8673074841499329
valveEmu/train/section_00_source_train_normal_0233_noAttribute.wav,in_support,frequency_modulation,0.7270427346229553
valveEmu/train/section_00_source_train_normal_0234_noAttribute.wav,in_support,frequency_modulation,0.6908577084541321
valveEmu/train/section_00_source_train_normal_0235_noAttribute.wav,in_support,periodic_resonance,0.8424439430236816
valveEmu/train/section_00_source_train_normal_0236_noAttribute.wav,in_support,periodic_resonance,0.25464197993278503
valveEmu/train/section_00_source_train_normal_0237_noAttribute.wav,in_support,periodic_resonance,0.45317143201828003
valveEmu/train/section_00_source_train_normal_0238_noAttribute.wav,in_support,frequency_modulation,0.8118501901626587
valveEmu/train/section_00_source_train_normal_0239_noAttribute.wav,in_support,periodic_resonance,0.7834019660949707
valveEmu/train/section_00_source_train_normal_0240_noAttribute.wav,in_support,frequency_modulation,0.43385186791419983
valveEmu/train/section_00_source_train_normal_0241_noAttribute.wav,in_support,amplitude_modulation,0.60572749376297
valveEmu/train/section_00_source_train_normal_0242_noAttribute.wav,in_support,amplitude_modulation,0.08391869068145752
valveEmu/train/section_00_source_train_normal_0243_noAttribute.wav,in_support,frequency_modulation,0.7827358841896057
valveEmu/train/section_00_source_train_normal_0244_noAttribute.wav,in_support,frequency_modulation,0.7738030552864075
valveEmu/train/section_00_source_train_normal_0245_noAttribute.wav,in_support,periodic_resonance,0.8450153470039368
valveEmu/train/section_00_source_train_normal_0246_noAttribute.wav,in_support,amplitude_modulation,0.5052143335342407
valveEmu/train/section_00_source_train_normal_0247_noAttribute.wav,in_support,periodic_resonance,0.8994607329368591
valveEmu/train/section_00_source_train_normal_0248_noAttribute.wav,in_support,amplitude_modulation,0.16737203299999237
valveEmu/train/section_00_source_train_normal_0249_noAttribute.wav,in_support,periodic_resonance,0.9299187660217285
valveEmu/train/section_00_source_train_normal_0250_noAttribute.wav,in_support,frequency_modulation,0.295360267162323
valveEmu/train/section_00_source_train_normal_0251_noAttribute.wav,in_support,frequency_modulation,0.6171020865440369
valveEmu/train/section_00_source_train_normal_0252_noAttribute.wav,in_support,amplitude_modulation,0.15275691449642181
valveEmu/train/section_00_source_train_normal_0253_noAttribute.wav,in_support,frequency_modulation,0.3830685615539551
valveEmu/train/section_00_source_train_normal_0254_noAttribute.wav,in_support,periodic_resonance,0.9345138072967529
valveEmu/train/section_00_source_train_normal_0255_noAttribute.wav,in_support,amplitude_modulation,0.5200554728507996
valveEmu/train/section_00_source_train_normal_0256_noAttribute.wav,in_support,periodic_resonance,0.9295067191123962
valveEmu/train/section_00_source_train_normal_0257_noAttribute.wav,in_support,amplitude_modulation,0.6421686410903931
valveEmu/train/section_00_source_train_normal_0258_noAttribute.wav,in_support,frequency_modulation,0.5393613576889038
valveEmu/train/section_00_source_train_normal_0259_noAttribute.wav,in_support,frequency_modulation,0.40519198775291443
valveEmu/train/section_00_source_train_normal_0260_noAttribute.wav,in_support,frequency_modulation,0.4842199683189392
valveEmu/train/section_00_source_train_normal_0261_noAttribute.wav,in_support,frequency_modulation,0.26108673214912415
valveEmu/train/section_00_source_train_normal_0262_noAttribute.wav,in_support,amplitude_modulation,0.7495891451835632
valveEmu/train/section_00_source_train_normal_0263_noAttribute.wav,in_support,periodic_resonance,0.8429742455482483
valveEmu/train/section_00_source_train_normal_0264_noAttribute.wav,in_support,frequency_modulation,0.1964704394340515
valveEmu/train/section_00_source_train_normal_0265_noAttribute.wav,in_support,amplitude_modulation,0.12058646976947784
valveEmu/train/section_00_source_train_normal_0266_noAttribute.wav,in_support,periodic_resonance,0.9015135765075684
valveEmu/train/section_00_source_train_normal_0267_noAttribute.wav,in_support,amplitude_modulation,0.1208309531211853
valveEmu/train/section_00_source_train_normal_0268_noAttribute.wav,in_support,periodic_resonance,0.6012735962867737
valveEmu/train/section_00_source_train_normal_0269_noAttribute.wav,in_support,amplitude_modulation,0.17107294499874115
valveEmu/train/section_00_source_train_normal_0270_noAttribute.wav,in_support,amplitude_modulation,0.27649837732315063
valveEmu/train/section_00_source_train_normal_0271_noAttribute.wav,in_support,periodic_resonance,0.41958290338516235
valveEmu/train/section_00_source_train_normal_0272_noAttribute.wav,in_support,periodic_resonance,0.9233654737472534
valveEmu/train/section_00_source_train_normal_0273_noAttribute.wav,in_support,periodic_resonance,0.5851734280586243
valveEmu/train/section_00_source_train_normal_0274_noAttribute.wav,in_support,frequency_modulation,0.33976492285728455
valveEmu/train/section_00_source_train_normal_0275_noAttribute.wav,in_support,periodic_resonance,0.7316216230392456
valveEmu/train/section_00_source_train_normal_0276_noAttribute.wav,in_support,amplitude_modulation,0.11088325083255768
valveEmu/train/section_00_source_train_normal_0277_noAttribute.wav,in_support,amplitude_modulation,0.27496129274368286
valveEmu/train/section_00_source_train_normal_0278_noAttribute.wav,in_support,amplitude_modulation,0.8308289647102356
valveEmu/train/section_00_source_train_normal_0279_noAttribute.wav,in_support,periodic_resonance,0.6995049715042114
valveEmu/train/section_00_source_train_normal_0280_noAttribute.wav,in_support,frequency_modulation,0.7275077700614929
valveEmu/train/section_00_source_train_normal_0281_noAttribute.wav,in_support,periodic_resonance,0.8350697159767151
valveEmu/train/section_00_source_train_normal_0282_noAttribute.wav,in_support,frequency_modulation,0.8725506067276001
valveEmu/train/section_00_source_train_normal_0283_noAttribute.wav,in_support,periodic_resonance,0.5042204856872559
valveEmu/train/section_00_source_train_normal_0284_noAttribute.wav,in_support,periodic_resonance,0.5774213671684265
valveEmu/train/section_00_source_train_normal_0285_noAttribute.wav,in_support,amplitude_modulation,0.34525489807128906
valveEmu/train/section_00_source_train_normal_0286_noAttribute.wav,in_support,amplitude_modulation,0.7721558213233948
valveEmu/train/section_00_source_train_normal_0287_noAttribute.wav,in_support,frequency_modulation,0.6857726573944092
valveEmu/train/section_00_source_train_normal_0288_noAttribute.wav,in_support,frequency_modulation,0.3019620180130005
valveEmu/train/section_00_source_train_normal_0289_noAttribute.wav,in_support,amplitude_modulation,0.20219121873378754
valveEmu/train/section_00_source_train_normal_0290_noAttribute.wav,in_support,frequency_modulation,0.2388657182455063
valveEmu/train/section_00_source_train_normal_0291_noAttribute.wav,in_support,periodic_resonance,0.2775345742702484
valveEmu/train/section_00_source_train_normal_0292_noAttribute.wav,in_support,frequency_modulation,0.32286331057548523
valveEmu/train/section_00_source_train_normal_0293_noAttribute.wav,in_support,frequency_modulation,0.7774112820625305
valveEmu/train/section_00_source_train_normal_0294_noAttribute.wav,in_support,frequency_modulation,0.2276020646095276
valveEmu/train/section_00_source_train_normal_0295_noAttribute.wav,in_support,periodic_resonance,0.8351576924324036
valveEmu/train/section_00_source_train_normal_0296_noAttribute.wav,in_support,amplitude_modulation,0.33284440636634827
valveEmu/train/section_00_source_train_normal_0297_noAttribute.wav,in_support,amplitude_modulation,0.0876912847161293
valveEmu/train/section_00_source_train_normal_0298_noAttribute.wav,in_support,frequency_modulation,0.5787473320960999
valveEmu/train/section_00_source_train_normal_0299_noAttribute.wav,in_support,frequency_modulation,0.593626856803894
valveEmu/train/section_00_source_train_normal_0300_noAttribute.wav,in_support,periodic_resonance,0.9407269954681396
valveEmu/train/section_00_source_train_normal_0301_noAttribute.wav,in_support,periodic_resonance,0.8866819143295288
valveEmu/train/section_00_source_train_normal_0302_noAttribute.wav,in_support,amplitude_modulation,0.352595716714859
valveEmu/train/section_00_source_train_normal_0303_noAttribute.wav,in_support,amplitude_modulation,0.25430828332901
valveEmu/train/section_00_source_train_normal_0304_noAttribute.wav,in_support,amplitude_modulation,0.07161076366901398
valveEmu/train/section_00_source_train_normal_0305_noAttribute.wav,in_support,amplitude_modulation,0.8274295330047607
valveEmu/train/section_00_source_train_normal_0306_noAttribute.wav,in_support,periodic_resonance,0.9305672645568848
valveEmu/train/section_00_source_train_normal_0307_noAttribute.wav,in_support,amplitude_modulation,0.7348698377609253
valveEmu/train/section_00_source_train_normal_0308_noAttribute.wav,in_support,periodic_resonance,0.9281114339828491
valveEmu/train/section_00_source_train_normal_0309_noAttribute.wav,in_support,frequency_modulation,0.5241256356239319
valveEmu/train/section_00_source_train_normal_0310_noAttribute.wav,in_support,frequency_modulation,0.8918678760528564
valveEmu/train/section_00_source_train_normal_0311_noAttribute.wav,in_support,periodic_resonance,0.8778769373893738
valveEmu/train/section_00_source_train_normal_0312_noAttribute.wav,in_support,amplitude_modulation,0.1528182476758957
valveEmu/train/section_00_source_train_normal_0313_noAttribute.wav,in_support,amplitude_modulation,0.8532009720802307
valveEmu/train/section_00_source_train_normal_0314_noAttribute.wav,in_support,frequency_modulation,0.8301485776901245
valveEmu/train/section_00_source_train_normal_0315_noAttribute.wav,in_support,frequency_modulation,0.29157859086990356
valveEmu/train/section_00_source_train_normal_0316_noAttribute.wav,in_support,amplitude_modulation,0.6311657428741455
valveEmu/train/section_00_source_train_normal_0317_noAttribute.wav,in_support,amplitude_modulation,0.7193875312805176
valveEmu/train/section_00_source_train_normal_0318_noAttribute.wav,in_support,amplitude_modulation,0.39932501316070557
valveEmu/train/section_00_source_train_normal_0319_noAttribute.wav,in_support,periodic_resonance,0.6378635764122009
valveEmu/train/section_00_source_train_normal_0320_noAttribute.wav,in_support,frequency_modulation,0.8759363293647766
valveEmu/train/section_00_source_train_normal_0321_noAttribute.wav,in_support,amplitude_modulation,0.49959495663642883
valveEmu/train/section_00_source_train_normal_0322_noAttribute.wav,in_support,amplitude_modulation,0.34097322821617126
valveEmu/train/section_00_source_train_normal_0323_noAttribute.wav,in_support,frequency_modulation,0.8096922039985657
valveEmu/train/section_00_source_train_normal_0324_noAttribute.wav,in_support,periodic_resonance,0.8946356177330017
valveEmu/train/section_00_source_train_normal_0325_noAttribute.wav,in_support,periodic_resonance,0.3100866675376892
valveEmu/train/section_00_source_train_normal_0326_noAttribute.wav,in_support,amplitude_modulation,0.2533200979232788
valveEmu/train/section_00_source_train_normal_0327_noAttribute.wav,in_support,frequency_modulation,0.8873739242553711
valveEmu/train/section_00_source_train_normal_0328_noAttribute.wav,in_support,frequency_modulation,0.16652604937553406
valveEmu/train/section_00_source_train_normal_0329_noAttribute.wav,in_support,frequency_modulation,0.261553019285202
valveEmu/train/section_00_source_train_normal_0330_noAttribute.wav,in_support,periodic_resonance,0.6286005973815918
valveEmu/train/section_00_source_train_normal_0331_noAttribute.wav,in_support,periodic_resonance,0.8405080437660217
valveEmu/train/section_00_source_train_normal_0332_noAttribute.wav,in_support,periodic_resonance,0.8103154301643372
valveEmu/train/section_00_source_train_normal_0333_noAttribute.wav,in_support,periodic_resonance,0.7986056804656982
valveEmu/train/section_00_source_train_normal_0334_noAttribute.wav,in_support,amplitude_modulation,0.07613005489110947
valveEmu/train/section_00_source_train_normal_0335_noAttribute.wav,in_support,frequency_modulation,0.13270238041877747
valveEmu/train/section_00_source_train_normal_0336_noAttribute.wav,in_support,amplitude_modulation,0.6722040176391602
valveEmu/train/section_00_source_train_normal_0337_noAttribute.wav,in_support,amplitude_modulation,0.7071192264556885
valveEmu/train/section_00_source_train_normal_0338_noAttribute.wav,in_support,frequency_modulation,0.41383978724479675
valveEmu/train/section_00_source_train_normal_0339_noAttribute.wav,in_support,periodic_resonance,0.9100546836853027
valveEmu/train/section_00_source_train_normal_0340_noAttribute.wav,in_support,periodic_resonance,0.8176653385162354
valveEmu/train/section_00_source_train_normal_0341_noAttribute.wav,in_support,periodic_resonance,0.3316817581653595
valveEmu/train/section_00_source_train_normal_0342_noAttribute.wav,in_support,periodic_resonance,0.7229376435279846
valveEmu/train/section_00_source_train_normal_0343_noAttribute.wav,in_support,periodic_resonance,0.9346491098403931
valveEmu/train/section_00_source_train_normal_0344_noAttribute.wav,in_support,frequency_modulation,0.5653356909751892
valveEmu/train/section_00_source_train_normal_0345_noAttribute.wav,in_support,periodic_resonance,0.8717445731163025
valveEmu/train/section_00_source_train_normal_0346_noAttribute.wav,in_support,amplitude_modulation,0.12857139110565186
valveEmu/train/section_00_source_train_normal_0347_noAttribute.wav,in_support,periodic_resonance,0.8957269191741943
valveEmu/train/section_00_source_train_normal_0348_noAttribute.wav,in_support,frequency_modulation,0.20102345943450928
valveEmu/train/section_00_source_train_normal_0349_noAttribute.wav,in_support,periodic_resonance,0.5852088332176208
valveEmu/train/section_00_source_train_normal_0350_noAttribute.wav,in_support,periodic_resonance,0.8408606052398682
valveEmu/train/section_00_source_train_normal_0351_noAttribute.wav,in_support,periodic_resonance,0.7003836631774902
valveEmu/train/section_00_source_train_normal_0352_noAttribute.wav,in_support,amplitude_modulation,0.11220692098140717
valveEmu/train/section_00_source_train_normal_0353_noAttribute.wav,in_support,frequency_modulation,0.37537479400634766
valveEmu/train/section_00_source_train_normal_0354_noAttribute.wav,in_support,frequency_modulation,0.7343528866767883
valveEmu/train/section_00_source_train_normal_0355_noAttribute.wav,in_support,periodic_resonance,0.9309743046760559
valveEmu/train/section_00_source_train_normal_0356_noAttribute.wav,in_support,amplitude_modulation,0.7330701947212219
valveEmu/train/section_00_source_train_normal_0357_noAttribute.wav,in_support,periodic_resonance,0.18675178289413452
valveEmu/train/section_00_source_train_normal_0358_noAttribute.wav,in_support,frequency_modulation,0.3378865420818329
valveEmu/train/section_00_source_train_normal_0359_noAttribute.wav,in_support,periodic_resonance,0.8486073613166809
valveEmu/train/section_00_source_train_normal_0360_noAttribute.wav,in_support,frequency_modulation,0.8021818995475769
valveEmu/train/section_00_source_train_normal_0361_noAttribute.wav,in_support,amplitude_modulation,0.2879297137260437
valveEmu/train/section_00_source_train_normal_0362_noAttribute.wav,in_support,amplitude_modulation,0.15018875896930695
valveEmu/train/section_00_source_train_normal_0363_noAttribute.wav,in_support,amplitude_modulation,0.49484628438949585
valveEmu/train/section_00_source_train_normal_0364_noAttribute.wav,in_support,periodic_resonance,0.8635888695716858
valveEmu/train/section_00_source_train_normal_0365_noAttribute.wav,in_support,periodic_resonance,0.7226563096046448
valveEmu/train/section_00_source_train_normal_0366_noAttribute.wav,in_support,periodic_resonance,0.9243042469024658
valveEmu/train/section_00_source_train_normal_0367_noAttribute.wav,in_support,frequency_modulation,0.3228512704372406
valveEmu/train/section_00_source_train_normal_0368_noAttribute.wav,in_support,amplitude_modulation,0.13620349764823914
valveEmu/train/section_00_source_train_normal_0369_noAttribute.wav,in_support,amplitude_modulation,0.18435081839561462
valveEmu/train/section_00_source_train_normal_0370_noAttribute.wav,in_support,frequency_modulation,0.2765890061855316
valveEmu/train/section_00_source_train_normal_0371_noAttribute.wav,in_support,frequency_modulation,0.4188213348388672
valveEmu/train/section_00_source_train_normal_0372_noAttribute.wav,in_support,periodic_resonance,0.4927229583263397
valveEmu/train/section_00_source_train_normal_0373_noAttribute.wav,in_support,amplitude_modulation,0.3102858066558838
valveEmu/train/section_00_source_train_normal_0374_noAttribute.wav,in_support,periodic_resonance,0.9209114909172058
valveEmu/train/section_00_source_train_normal_0375_noAttribute.wav,in_support,frequency_modulation,0.687361478805542
valveEmu/train/section_00_source_train_normal_0376_noAttribute.wav,in_support,amplitude_modulation,0.08576051890850067
valveEmu/train/section_00_source_train_normal_0377_noAttribute.wav,in_support,frequency_modulation,0.606909453868866
valveEmu/train/section_00_source_train_normal_0378_noAttribute.wav,in_support,frequency_modulation,0.41020727157592773
valveEmu/train/section_00_source_train_normal_0379_noAttribute.wav,in_support,amplitude_modulation,0.2766649127006531
valveEmu/train/section_00_source_train_normal_0380_noAttribute.wav,in_support,amplitude_modulation,0.3445286452770233
valveEmu/train/section_00_source_train_normal_0381_noAttribute.wav,in_support,frequency_modulation,0.8296337127685547
valveEmu/train/section_00_source_train_normal_0382_noAttribute.wav,in_support,amplitude_modulation,0.7424007654190063
valveEmu/train/section_00_source_train_normal_0383_noAttribute.wav,in_support,frequency_modulation,0.29633525013923645
valveEmu/train/section_00_source_train_normal_0384_noAttribute.wav,in_support,periodic_resonance,0.2382836788892746
valveEmu/train/section_00_source_train_normal_0385_noAttribute.wav,in_support,frequency_modulation,0.7456867694854736
valveEmu/train/section_00_source_train_normal_0386_noAttribute.wav,in_support,amplitude_modulation,0.4026678800582886
valveEmu/train/section_00_source_train_normal_0387_noAttribute.wav,in_support,amplitude_modulation,0.4473424553871155
valveEmu/train/section_00_source_train_normal_0388_noAttribute.wav,in_support,amplitude_modulation,0.8175124526023865
valveEmu/train/section_00_source_train_normal_0389_noAttribute.wav,in_support,frequency_modulation,0.3367694318294525
valveEmu/train/section_00_source_train_normal_0390_noAttribute.wav,in_support,frequency_modulation,0.3271896243095398
valveEmu/train/section_00_source_train_normal_0391_noAttribute.wav,in_support,amplitude_modulation,0.19688643515110016
valveEmu/train/section_00_source_train_normal_0392_noAttribute.wav,in_support,amplitude_modulation,0.09170356392860413
valveEmu/train/section_00_source_train_normal_0393_noAttribute.wav,in_support,amplitude_modulation,0.7967755198478699
valveEmu/train/section_00_source_train_normal_0394_noAttribute.wav,in_support,amplitude_modulation,0.36198756098747253
valveEmu/train/section_00_source_train_normal_0395_noAttribute.wav,in_support,periodic_resonance,0.25964784622192383
valveEmu/train/section_00_source_train_normal_0396_noAttribute.wav,in_support,frequency_modulation,0.39109063148498535
valveEmu/train/section_00_source_train_normal_0397_noAttribute.wav,in_support,frequency_modulation,0.8489741086959839
valveEmu/train/section_00_source_train_normal_0398_noAttribute.wav,in_support,frequency_modulation,0.7433872222900391
valveEmu/train/section_00_source_train_normal_0399_noAttribute.wav,in_support,amplitude_modulation,0.46482452750205994
valveEmu/train/section_00_source_train_normal_0400_noAttribute.wav,in_support,periodic_resonance,0.9311957359313965
valveEmu/train/section_00_source_train_normal_0401_noAttribute.wav,in_support,amplitude_modulation,0.8081945180892944
valveEmu/train/section_00_source_train_normal_0402_noAttribute.wav,in_support,periodic_resonance,0.2916986346244812
valveEmu/train/section_00_source_train_normal_0403_noAttribute.wav,in_support,frequency_modulation,0.31912538409233093
valveEmu/train/section_00_source_train_normal_0404_noAttribute.wav,in_support,amplitude_modulation,0.10536739230155945
valveEmu/train/section_00_source_train_normal_0405_noAttribute.wav,in_support,amplitude_modulation,0.6817829012870789
valveEmu/train/section_00_source_train_normal_0406_noAttribute.wav,in_support,frequency_modulation,0.18911688029766083
valveEmu/train/section_00_source_train_normal_0407_noAttribute.wav,in_support,amplitude_modulation,0.0656818225979805
valveEmu/train/section_00_source_train_normal_0408_noAttribute.wav,in_support,frequency_modulation,0.7781126499176025
valveEmu/train/section_00_source_train_normal_0409_noAttribute.wav,in_support,frequency_modulation,0.8159263134002686
valveEmu/train/section_00_source_train_normal_0410_noAttribute.wav,in_support,frequency_modulation,0.22182597219944
valveEmu/train/section_00_source_train_normal_0411_noAttribute.wav,in_support,periodic_resonance,0.5366950631141663
valveEmu/train/section_00_source_train_normal_0412_noAttribute.wav,in_support,periodic_resonance,0.8279498815536499
valveEmu/train/section_00_source_train_normal_0413_noAttribute.wav,in_support,amplitude_modulation,0.1070229560136795
valveEmu/train/section_00_source_train_normal_0414_noAttribute.wav,in_support,amplitude_modulation,0.638267457485199
valveEmu/train/section_00_source_train_normal_0415_noAttribute.wav,in_support,amplitude_modulation,0.17351317405700684
valveEmu/train/section_00_source_train_normal_0416_noAttribute.wav,in_support,periodic_resonance,0.8948087096214294
valveEmu/train/section_00_source_train_normal_0417_noAttribute.wav,in_support,amplitude_modulation,0.09218921512365341
valveEmu/train/section_00_source_train_normal_0418_noAttribute.wav,in_support,amplitude_modulation,0.7879160642623901
valveEmu/train/section_00_source_train_normal_0419_noAttribute.wav,in_support,amplitude_modulation,0.07916008681058884
valveEmu/train/section_00_source_train_normal_0420_noAttribute.wav,in_support,periodic_resonance,0.8325437307357788
valveEmu/train/section_00_source_train_normal_0421_noAttribute.wav,in_support,periodic_resonance,0.8541750311851501
valveEmu/train/section_00_source_train_normal_0422_noAttribute.wav,in_support,periodic_resonance,0.36986875534057617
valveEmu/train/section_00_source_train_normal_0423_noAttribute.wav,in_support,amplitude_modulation,0.30992504954338074
valveEmu/train/section_00_source_train_normal_0424_noAttribute.wav,in_support,amplitude_modulation,0.15561862289905548
valveEmu/train/section_00_source_train_normal_0425_noAttribute.wav,in_support,periodic_resonance,0.2933466136455536
valveEmu/train/section_00_source_train_normal_0426_noAttribute.wav,in_support,frequency_modulation,0.3761613667011261
valveEmu/train/section_00_source_train_normal_0427_noAttribute.wav,in_support,amplitude_modulation,0.09663871675729752
valveEmu/train/section_00_source_train_normal_0428_noAttribute.wav,in_support,frequency_modulation,0.4473179876804352
valveEmu/train/section_00_source_train_normal_0429_noAttribute.wav,in_support,amplitude_modulation,0.16425934433937073
valveEmu/train/section_00_source_train_normal_0430_noAttribute.wav,in_support,amplitude_modulation,0.210165336728096
valveEmu/train/section_00_source_train_normal_0431_noAttribute.wav,in_support,periodic_resonance,0.9314430356025696
valveEmu/train/section_00_source_train_normal_0432_noAttribute.wav,in_support,periodic_resonance,0.7018496990203857
valveEmu/train/section_00_source_train_normal_0433_noAttribute.wav,in_support,frequency_modulation,0.2208632081747055
valveEmu/train/section_00_source_train_normal_0434_noAttribute.wav,in_support,amplitude_modulation,0.47383224964141846
valveEmu/train/section_00_source_train_normal_0435_noAttribute.wav,in_support,periodic_resonance,0.9056019186973572
valveEmu/train/section_00_source_train_normal_0436_noAttribute.wav,in_support,periodic_resonance,0.4068279564380646
valveEmu/train/section_00_source_train_normal_0437_noAttribute.wav,in_support,periodic_resonance,0.8275388479232788
valveEmu/train/section_00_source_train_normal_0438_noAttribute.wav,in_support,periodic_resonance,0.830973744392395
valveEmu/train/section_00_source_train_normal_0439_noAttribute.wav,in_support,periodic_resonance,0.19165249168872833
valveEmu/train/section_00_source_train_normal_0440_noAttribute.wav,in_support,periodic_resonance,0.8862824440002441
valveEmu/train/section_00_source_train_normal_0441_noAttribute.wav,in_support,periodic_resonance,0.6802105903625488
valveEmu/train/section_00_source_train_normal_0442_noAttribute.wav,in_support,periodic_resonance,0.6035887598991394
valveEmu/train/section_00_source_train_normal_0443_noAttribute.wav,in_support,frequency_modulation,0.2458782196044922
valveEmu/train/section_00_source_train_normal_0444_noAttribute.wav,in_support,amplitude_modulation,0.1639043539762497
valveEmu/train/section_00_source_train_normal_0445_noAttribute.wav,in_support,frequency_modulation,0.5670498013496399
valveEmu/train/section_00_source_train_normal_0446_noAttribute.wav,in_support,periodic_resonance,0.7039328813552856
valveEmu/train/section_00_source_train_normal_0447_noAttribute.wav,in_support,frequency_modulation,0.2689530551433563
valveEmu/train/section_00_source_train_normal_0448_noAttribute.wav,in_support,amplitude_modulation,0.42008790373802185
valveEmu/train/section_00_source_train_normal_0449_noAttribute.wav,in_support,amplitude_modulation,0.19322814047336578
valveEmu/train/section_00_source_train_normal_0450_noAttribute.wav,in_support,frequency_modulation,0.6785984635353088
valveEmu/train/section_00_source_train_normal_0451_noAttribute.wav,in_support,periodic_resonance,0.8155372738838196
valveEmu/train/section_00_source_train_normal_0452_noAttribute.wav,in_support,amplitude_modulation,0.07814148813486099
valveEmu/train/section_00_source_train_normal_0453_noAttribute.wav,in_support,periodic_resonance,0.25236189365386963
valveEmu/train/section_00_source_train_normal_0454_noAttribute.wav,in_support,frequency_modulation,0.14745882153511047
valveEmu/train/section_00_source_train_normal_0455_noAttribute.wav,in_support,frequency_modulation,0.6991634964942932
valveEmu/train/section_00_source_train_normal_0456_noAttribute.wav,in_support,periodic_resonance,0.7950944304466248
valveEmu/train/section_00_source_train_normal_0457_noAttribute.wav,in_support,periodic_resonance,0.8092018365859985
valveEmu/train/section_00_source_train_normal_0458_noAttribute.wav,in_support,periodic_resonance,0.8947464227676392
valveEmu/train/section_00_source_train_normal_0459_noAttribute.wav,in_support,frequency_modulation,0.6827282309532166
valveEmu/train/section_00_source_train_normal_0460_noAttribute.wav,in_support,frequency_modulation,0.6617273688316345
valveEmu/train/section_00_source_train_normal_0461_noAttribute.wav,in_support,frequency_modulation,0.6335839033126831
valveEmu/train/section_00_source_train_normal_0462_noAttribute.wav,in_support,frequency_modulation,0.4267750680446625
valveEmu/train/section_00_source_train_normal_0463_noAttribute.wav,in_support,periodic_resonance,0.8513137102127075
valveEmu/train/section_00_source_train_normal_0464_noAttribute.wav,in_support,frequency_modulation,0.17593590915203094
valveEmu/train/section_00_source_train_normal_0465_noAttribute.wav,in_support,frequency_modulation,0.7591028809547424
valveEmu/train/section_00_source_train_normal_0466_noAttribute.wav,in_support,amplitude_modulation,0.4328022301197052
valveEmu/train/section_00_source_train_normal_0467_noAttribute.wav,in_support,frequency_modulation,0.891268789768219
valveEmu/train/section_00_source_train_normal_0468_noAttribute.wav,in_support,amplitude_modulation,0.10145015269517899
valveEmu/train/section_00_source_train_normal_0469_noAttribute.wav,in_support,periodic_resonance,0.4311201274394989
valveEmu/train/section_00_source_train_normal_0470_noAttribute.wav,in_support,frequency_modulation,0.7430697083473206
valveEmu/train/section_00_source_train_normal_0471_noAttribute.wav,in_support,frequency_modulation,0.7518836855888367
valveEmu/train/section_00_source_train_normal_0472_noAttribute.wav,in_support,amplitude_modulation,0.26318594813346863
valveEmu/train/section_00_source_train_normal_0473_noAttribute.wav,in_support,amplitude_modulation,0.6964157223701477
valveEmu/train/section_00_source_train_normal_0474_noAttribute.wav,in_support,amplitude_modulation,0.4053170084953308
valveEmu/train/section_00_source_train_normal_0475_noAttribute.wav,in_support,periodic_resonance,0.36001601815223694
valveEmu/train/section_00_source_train_normal_0476_noAttribute.wav,in_support,periodic_resonance,0.6347522139549255
valveEmu/train/section_00_source_train_normal_0477_noAttribute.wav,in_support,frequency_modulation,0.8541605472564697
valveEmu/train/section_00_source_train_normal_0478_noAttribute.wav,in_support,frequency_modulation,0.7996313571929932
valveEmu/train/section_00_source_train_normal_0479_noAttribute.wav,in_support,periodic_resonance,0.8283169865608215
valveEmu/train/section_00_source_train_normal_0480_noAttribute.wav,in_support,periodic_resonance,0.43236106634140015
valveEmu/train/section_00_source_train_normal_0481_noAttribute.wav,in_support,amplitude_modulation,0.4260454773902893
valveEmu/train/section_00_source_train_normal_0482_noAttribute.wav,in_support,periodic_resonance,0.8936211466789246
valveEmu/train/section_00_source_train_normal_0483_noAttribute.wav,in_support,periodic_resonance,0.7664130926132202
valveEmu/train/section_00_source_train_normal_0484_noAttribute.wav,in_support,frequency_modulation,0.2750760614871979
valveEmu/train/section_00_source_train_normal_0485_noAttribute.wav,in_support,periodic_resonance,0.7825059294700623
valveEmu/train/section_00_source_train_normal_0486_noAttribute.wav,in_support,amplitude_modulation,0.05428658425807953
valveEmu/train/section_00_source_train_normal_0487_noAttribute.wav,in_support,amplitude_modulation,0.25093793869018555
valveEmu/train/section_00_source_train_normal_0488_noAttribute.wav,in_support,periodic_resonance,0.2797239124774933
valveEmu/train/section_00_source_train_normal_0489_noAttribute.wav,in_support,frequency_modulation,0.25498753786087036
valveEmu/train/section_00_source_train_normal_0490_noAttribute.wav,in_support,periodic_resonance,0.6722263693809509
valveEmu/train/section_00_source_train_normal_0491_noAttribute.wav,in_support,amplitude_modulation,0.12002591788768768
valveEmu/train/section_00_source_train_normal_0492_noAttribute.wav,in_support,frequency_modulation,0.24073100090026855
valveEmu/train/section_00_source_train_normal_0493_noAttribute.wav,in_support,amplitude_modulation,0.8562648892402649
valveEmu/train/section_00_source_train_normal_0494_noAttribute.wav,in_support,periodic_resonance,0.721245527267456
valveEmu/train/section_00_source_train_normal_0495_noAttribute.wav,in_support,amplitude_modulation,0.37390804290771484
valveEmu/train/section_00_source_train_normal_0496_noAttribute.wav,in_support,periodic_resonance,0.841786801815033
valveEmu/train/section_00_source_train_normal_0497_noAttribute.wav,in_support,frequency_modulation,0.8114530444145203
valveEmu/train/section_00_source_train_normal_0498_noAttribute.wav,in_support,frequency_modulation,0.5320891737937927
valveEmu/train/section_00_source_train_normal_0499_noAttribute.wav,in_support,amplitude_modulation,0.11615949869155884
valveEmu/train/section_00_source_train_normal_0500_noAttribute.wav,in_support,amplitude_modulation,0.07749585062265396
valveEmu/train/section_00_source_train_normal_0501_noAttribute.wav,in_support,periodic_resonance,0.9052786231040955
valveEmu/train/section_00_source_train_normal_0502_noAttribute.wav,in_support,periodic_resonance,0.8311150670051575
valveEmu/train/section_00_source_train_normal_0503_noAttribute.wav,in_support,frequency_modulation,0.2950659990310669
valveEmu/train/section_00_source_train_normal_0504_noAttribute.wav,in_support,frequency_modulation,0.692592978477478
valveEmu/train/section_00_source_train_normal_0505_noAttribute.wav,in_support,periodic_resonance,0.8965703248977661
valveEmu/train/section_00_source_train_normal_0506_noAttribute.wav,in_support,amplitude_modulation,0.8191590309143066
valveEmu/train/section_00_source_train_normal_0507_noAttribute.wav,in_support,amplitude_modulation,0.6341314911842346
valveEmu/train/section_00_source_train_normal_0508_noAttribute.wav,in_support,frequency_modulation,0.24475619196891785
valveEmu/train/section_00_source_train_normal_0509_noAttribute.wav,in_support,amplitude_modulation,0.1037319228053093
valveEmu/train/section_00_source_train_normal_0510_noAttribute.wav,in_support,amplitude_modulation,0.30025920271873474
valveEmu/train/section_00_source_train_normal_0511_noAttribute.wav,in_support,amplitude_modulation,0.8185330629348755
valveEmu/train/section_00_source_train_normal_0512_noAttribute.wav,in_support,amplitude_modulation,0.11103036254644394
valveEmu/train/section_00_source_train_normal_0513_noAttribute.wav,in_support,amplitude_modulation,0.19692781567573547
valveEmu/train/section_00_source_train_normal_0514_noAttribute.wav,in_support,frequency_modulation,0.3450303375720978
valveEmu/train/section_00_source_train_normal_0515_noAttribute.wav,in_support,amplitude_modulation,0.0788888931274414
valveEmu/train/section_00_source_train_normal_0516_noAttribute.wav,in_support,amplitude_modulation,0.4404122829437256
valveEmu/train/section_00_source_train_normal_0517_noAttribute.wav,in_support,frequency_modulation,0.6187198162078857
valveEmu/train/section_00_source_train_normal_0518_noAttribute.wav,in_support,periodic_resonance,0.8554580807685852
valveEmu/train/section_00_source_train_normal_0519_noAttribute.wav,in_support,frequency_modulation,0.6881412267684937
valveEmu/train/section_00_source_train_normal_0520_noAttribute.wav,in_support,periodic_resonance,0.3150371015071869
valveEmu/train/section_00_source_train_normal_0521_noAttribute.wav,in_support,frequency_modulation,0.2076345980167389
valveEmu/train/section_00_source_train_normal_0522_noAttribute.wav,in_support,amplitude_modulation,0.37417739629745483
valveEmu/train/section_00_source_train_normal_0523_noAttribute.wav,in_support,frequency_modulation,0.7320351004600525
valveEmu/train/section_00_source_train_normal_0524_noAttribute.wav,in_support,frequency_modulation,0.1701127588748932
valveEmu/train/section_00_source_train_normal_0525_noAttribute.wav,in_support,periodic_resonance,0.5166744589805603
valveEmu/train/section_00_source_train_normal_0526_noAttribute.wav,in_support,amplitude_modulation,0.8228988647460938
valveEmu/train/section_00_source_train_normal_0527_noAttribute.wav,in_support,amplitude_modulation,0.1137988418340683
valveEmu/train/section_00_source_train_normal_0528_noAttribute.wav,in_support,frequency_modulation,0.21221426129341125
valveEmu/train/section_00_source_train_normal_0529_noAttribute.wav,in_support,frequency_modulation,0.4808017611503601
valveEmu/train/section_00_source_train_normal_0530_noAttribute.wav,in_support,amplitude_modulation,0.20313698053359985
valveEmu/train/section_00_source_train_normal_0531_noAttribute.wav,in_support,frequency_modulation,0.6468232274055481
valveEmu/train/section_00_source_train_normal_0532_noAttribute.wav,in_support,periodic_resonance,0.9100443720817566
valveEmu/train/section_00_source_train_normal_0533_noAttribute.wav,in_support,periodic_resonance,0.6791566610336304
valveEmu/train/section_00_source_train_normal_0534_noAttribute.wav,in_support,amplitude_modulation,0.19942089915275574
valveEmu/train/section_00_source_train_normal_0535_noAttribute.wav,in_support,amplitude_modulation,0.6657465696334839
valveEmu/train/section_00_source_train_normal_0536_noAttribute.wav,in_support,frequency_modulation,0.6388751864433289
valveEmu/train/section_00_source_train_normal_0537_noAttribute.wav,in_support,frequency_modulation,0.5290220975875854
valveEmu/train/section_00_source_train_normal_0538_noAttribute.wav,in_support,periodic_resonance,0.6308355331420898
valveEmu/train/section_00_source_train_normal_0539_noAttribute.wav,in_support,frequency_modulation,0.8398738503456116
valveEmu/train/section_00_source_train_normal_0540_noAttribute.wav,in_support,frequency_modulation,0.3768745958805084
valveEmu/train/section_00_source_train_normal_0541_noAttribute.wav,in_support,periodic_resonance,0.8508602976799011
valveEmu/train/section_00_source_train_normal_0542_noAttribute.wav,in_support,frequency_modulation,0.8424059152603149
valveEmu/train/section_00_source_train_normal_0543_noAttribute.wav,in_support,frequency_modulation,0.7572870254516602
valveEmu/train/section_00_source_train_normal_0544_noAttribute.wav,in_support,amplitude_modulation,0.8880032896995544
valveEmu/train/section_00_source_train_normal_0545_noAttribute.wav,in_support,periodic_resonance,0.9279740452766418
valveEmu/train/section_00_source_train_normal_0546_noAttribute.wav,in_support,periodic_resonance,0.30238181352615356
valveEmu/train/section_00_source_train_normal_0547_noAttribute.wav,in_support,frequency_modulation,0.3363223969936371
valveEmu/train/section_00_source_train_normal_0548_noAttribute.wav,in_support,amplitude_modulation,0.08447177708148956
valveEmu/train/section_00_source_train_normal_0549_noAttribute.wav,in_support,amplitude_modulation,0.8936532139778137
valveEmu/train/section_00_source_train_normal_0550_noAttribute.wav,in_support,periodic_resonance,0.8355847001075745
valveEmu/train/section_00_source_train_normal_0551_noAttribute.wav,in_support,amplitude_modulation,0.17333294451236725
valveEmu/train/section_00_source_train_normal_0552_noAttribute.wav,in_support,amplitude_modulation,0.10017027705907822
valveEmu/train/section_00_source_train_normal_0553_noAttribute.wav,in_support,frequency_modulation,0.7852026224136353
valveEmu/train/section_00_source_train_normal_0554_noAttribute.wav,in_support,periodic_resonance,0.8849844932556152
valveEmu/train/section_00_source_train_normal_0555_noAttribute.wav,in_support,frequency_modulation,0.30905431509017944
valveEmu/train/section_00_source_train_normal_0556_noAttribute.wav,in_support,periodic_resonance,0.8791512846946716
valveEmu/train/section_00_source_train_normal_0557_noAttribute.wav,in_support,periodic_resonance,0.7499058842658997
valveEmu/train/section_00_source_train_normal_0558_noAttribute.wav,in_support,periodic_resonance,0.6923667788505554
valveEmu/train/section_00_source_train_normal_0559_noAttribute.wav,in_support,amplitude_modulation,0.08956041932106018
valveEmu/train/section_00_source_train_normal_0560_noAttribute.wav,in_support,frequency_modulation,0.579538881778717
valveEmu/train/section_00_source_train_normal_0561_noAttribute.wav,in_support,periodic_resonance,0.7320653796195984
valveEmu/train/section_00_source_train_normal_0562_noAttribute.wav,in_support,frequency_modulation,0.9279586672782898
valveEmu/train/section_00_source_train_normal_0563_noAttribute.wav,in_support,amplitude_modulation,0.24150991439819336
valveEmu/train/section_00_source_train_normal_0564_noAttribute.wav,in_support,periodic_resonance,0.9245209693908691
valveEmu/train/section_00_source_train_normal_0565_noAttribute.wav,in_support,frequency_modulation,0.7731731534004211
valveEmu/train/section_00_source_train_normal_0566_noAttribute.wav,in_support,frequency_modulation,0.596873939037323
valveEmu/train/section_00_source_train_normal_0567_noAttribute.wav,in_support,periodic_resonance,0.7789911031723022
valveEmu/train/section_00_source_train_normal_0568_noAttribute.wav,in_support,periodic_resonance,0.824693500995636
valveEmu/train/section_00_source_train_normal_0569_noAttribute.wav,in_support,periodic_resonance,0.4872431755065918
valveEmu/train/section_00_source_train_normal_0570_noAttribute.wav,in_support,amplitude_modulation,0.614605188369751
valveEmu/train/section_00_source_train_normal_0571_noAttribute.wav,in_support,frequency_modulation,0.2735218405723572
valveEmu/train/section_00_source_train_normal_0572_noAttribute.wav,in_support,frequency_modulation,0.4436084032058716
valveEmu/train/section_00_source_train_normal_0573_noAttribute.wav,in_support,periodic_resonance,0.2848219871520996
valveEmu/train/section_00_source_train_normal_0574_noAttribute.wav,in_support,amplitude_modulation,0.07119188457727432
valveEmu/train/section_00_source_train_normal_0575_noAttribute.wav,in_support,frequency_modulation,0.2524429261684418
valveEmu/train/section_00_source_train_normal_0576_noAttribute.wav,in_support,amplitude_modulation,0.23151031136512756
valveEmu/train/section_00_source_train_normal_0577_noAttribute.wav,in_support,amplitude_modulation,0.8330923914909363
valveEmu/train/section_00_source_train_normal_0578_noAttribute.wav,in_support,amplitude_modulation,0.26275667548179626
valveEmu/train/section_00_source_train_normal_0579_noAttribute.wav,in_support,periodic_resonance,0.4454028606414795
valveEmu/train/section_00_source_train_normal_0580_noAttribute.wav,in_support,amplitude_modulation,0.5358067154884338
valveEmu/train/section_00_source_train_normal_0581_noAttribute.wav,in_support,frequency_modulation,0.3918546438217163
valveEmu/train/section_00_source_train_normal_0582_noAttribute.wav,in_support,frequency_modulation,0.45173171162605286
valveEmu/train/section_00_source_train_normal_0583_noAttribute.wav,in_support,amplitude_modulation,0.4610498547554016
valveEmu/train/section_00_source_train_normal_0584_noAttribute.wav,in_support,frequency_modulation,0.17633618414402008
valveEmu/train/section_00_source_train_normal_0585_noAttribute.wav,in_support,frequency_modulation,0.8789421319961548
valveEmu/train/section_00_source_train_normal_0586_noAttribute.wav,in_support,amplitude_modulation,0.28907981514930725
valveEmu/train/section_00_source_train_normal_0587_noAttribute.wav,in_support,frequency_modulation,0.6182661056518555
valveEmu/train/section_00_source_train_normal_0588_noAttribute.wav,in_support,frequency_modulation,0.7924634218215942
valveEmu/train/section_00_source_train_normal_0589_noAttribute.wav,in_support,amplitude_modulation,0.2880328595638275
valveEmu/train/section_00_source_train_normal_0590_noAttribute.wav,in_support,periodic_resonance,0.9175019860267639
valveEmu/train/section_00_source_train_normal_0591_noAttribute.wav,in_support,amplitude_modulation,0.10341571271419525
valveEmu/train/section_00_source_train_normal_0592_noAttribute.wav,in_support,amplitude_modulation,0.8026061058044434
valveEmu/train/section_00_source_train_normal_0593_noAttribute.wav,in_support,amplitude_modulation,0.2554323971271515
valveEmu/train/section_00_source_train_normal_0594_noAttribute.wav,in_support,amplitude_modulation,0.35028284788131714
valveEmu/train/section_00_source_train_normal_0595_noAttribute.wav,in_support,amplitude_modulation,0.8148919343948364
valveEmu/train/section_00_source_train_normal_0596_noAttribute.wav,in_support,periodic_resonance,0.7260646820068359
valveEmu/train/section_00_source_train_normal_0597_noAttribute.wav,in_support,amplitude_modulation,0.41594937443733215
valveEmu/train/section_00_source_train_normal_0598_noAttribute.wav,in_support,periodic_resonance,0.7991384863853455
valveEmu/train/section_00_source_train_normal_0599_noAttribute.wav,in_support,amplitude_modulation,0.8535136580467224
valveEmu/train/section_00_source_train_normal_0600_noAttribute.wav,in_support,periodic_resonance,0.6531475782394409
valveEmu/train/section_00_source_train_normal_0601_noAttribute.wav,in_support,amplitude_modulation,0.07525848597288132
valveEmu/train/section_00_source_train_normal_0602_noAttribute.wav,in_support,amplitude_modulation,0.21867871284484863
valveEmu/train/section_00_source_train_normal_0603_noAttribute.wav,in_support,frequency_modulation,0.7794134020805359
valveEmu/train/section_00_source_train_normal_0604_noAttribute.wav,in_support,frequency_modulation,0.8442814350128174
valveEmu/train/section_00_source_train_normal_0605_noAttribute.wav,in_support,periodic_resonance,0.7812862396240234
valveEmu/train/section_00_source_train_normal_0606_noAttribute.wav,in_support,amplitude_modulation,0.6768556833267212
valveEmu/train/section_00_source_train_normal_0607_noAttribute.wav,in_support,amplitude_modulation,0.6021914482116699
valveEmu/train/section_00_source_train_normal_0608_noAttribute.wav,in_support,periodic_resonance,0.8048070669174194
valveEmu/train/section_00_source_train_normal_0609_noAttribute.wav,in_support,periodic_resonance,0.9211068153381348
valveEmu/train/section_00_source_train_normal_0610_noAttribute.wav,in_support,periodic_resonance,0.6149630546569824
valveEmu/train/section_00_source_train_normal_0611_noAttribute.wav,in_support,periodic_resonance,0.9367583394050598
valveEmu/train/section_00_source_train_normal_0612_noAttribute.wav,in_support,frequency_modulation,0.6908615231513977
valveEmu/train/section_00_source_train_normal_0613_noAttribute.wav,in_support,amplitude_modulation,0.124033622443676
valveEmu/train/section_00_source_train_normal_0614_noAttribute.wav,in_support,amplitude_modulation,0.1497832089662552
valveEmu/train/section_00_source_train_normal_0615_noAttribute.wav,in_support,frequency_modulation,0.293905645608902
valveEmu/train/section_00_source_train_normal_0616_noAttribute.wav,in_support,amplitude_modulation,0.10715427249670029
valveEmu/train/section_00_source_train_normal_0617_noAttribute.wav,in_support,amplitude_modulation,0.6363967657089233
valveEmu/train/section_00_source_train_normal_0618_noAttribute.wav,in_support,frequency_modulation,0.2592248320579529
valveEmu/train/section_00_source_train_normal_0619_noAttribute.wav,in_support,periodic_resonance,0.8677864670753479
valveEmu/train/section_00_source_train_normal_0620_noAttribute.wav,in_support,periodic_resonance,0.7339999079704285
valveEmu/train/section_00_source_train_normal_0621_noAttribute.wav,in_support,amplitude_modulation,0.16102918982505798
valveEmu/train/section_00_source_train_normal_0622_noAttribute.wav,in_support,frequency_modulation,0.8801108002662659
valveEmu/train/section_00_source_train_normal_0623_noAttribute.wav,in_support,amplitude_modulation,0.14200377464294434
valveEmu/train/section_00_source_train_normal_0624_noAttribute.wav,in_support,frequency_modulation,0.3052853047847748
valveEmu/train/section_00_source_train_normal_0625_noAttribute.wav,in_support,frequency_modulation,0.8150529265403748
valveEmu/train/section_00_source_train_normal_0626_noAttribute.wav,in_support,amplitude_modulation,0.6898800134658813
valveEmu/train/section_00_source_train_normal_0627_noAttribute.wav,in_support,amplitude_modulation,0.10479409992694855
valveEmu/train/section_00_source_train_normal_0628_noAttribute.wav,in_support,periodic_resonance,0.5269085168838501
valveEmu/train/section_00_source_train_normal_0629_noAttribute.wav,in_support,amplitude_modulation,0.4457518756389618
valveEmu/train/section_00_source_train_normal_0630_noAttribute.wav,in_support,periodic_resonance,0.30307191610336304
valveEmu/train/section_00_source_train_normal_0631_noAttribute.wav,in_support,amplitude_modulation,0.35575392842292786
valveEmu/train/section_00_source_train_normal_0632_noAttribute.wav,in_support,frequency_modulation,0.7836483120918274
valveEmu/train/section_00_source_train_normal_0633_noAttribute.wav,in_support,amplitude_modulation,0.4279594123363495
valveEmu/train/section_00_source_train_normal_0634_noAttribute.wav,in_support,periodic_resonance,0.29043275117874146
valveEmu/train/section_00_source_train_normal_0635_noAttribute.wav,in_support,frequency_modulation,0.745722770690918
valveEmu/train/section_00_source_train_normal_0636_noAttribute.wav,in_support,amplitude_modulation,0.23234473168849945
valveEmu/train/section_00_source_train_normal_0637_noAttribute.wav,in_support,periodic_resonance,0.4159638583660126
valveEmu/train/section_00_source_train_normal_0638_noAttribute.wav,in_support,amplitude_modulation,0.08624275773763657
valveEmu/train/section_00_source_train_normal_0639_noAttribute.wav,in_support,frequency_modulation,0.19146743416786194
valveEmu/train/section_00_source_train_normal_0640_noAttribute.wav,in_support,periodic_resonance,0.8845982551574707
valveEmu/train/section_00_source_train_normal_0641_noAttribute.wav,in_support,amplitude_modulation,0.126490980386734
valveEmu/train/section_00_source_train_normal_0642_noAttribute.wav,in_support,periodic_resonance,0.1285427361726761
valveEmu/train/section_00_source_train_normal_0643_noAttribute.wav,in_support,frequency_modulation,0.8408181071281433
valveEmu/train/section_00_source_train_normal_0644_noAttribute.wav,in_support,amplitude_modulation,0.3611350357532501
valveEmu/train/section_00_source_train_normal_0645_noAttribute.wav,in_support,frequency_modulation,0.21001677215099335
valveEmu/train/section_00_source_train_normal_0646_noAttribute.wav,in_support,periodic_resonance,0.8124750256538391
valveEmu/train/section_00_source_train_normal_0647_noAttribute.wav,in_support,amplitude_modulation,0.18695227801799774
valveEmu/train/section_00_source_train_normal_0648_noAttribute.wav,in_support,periodic_resonance,0.7836650609970093
valveEmu/train/section_00_source_train_normal_0649_noAttribute.wav,in_support,periodic_resonance,0.7264357209205627
valveEmu/train/section_00_source_train_normal_0650_noAttribute.wav,in_support,amplitude_modulation,0.8306265473365784
valveEmu/train/section_00_source_train_normal_0651_noAttribute.wav,in_support,frequency_modulation,0.29612964391708374
valveEmu/train/section_00_source_train_normal_0652_noAttribute.wav,in_support,periodic_resonance,0.6385030150413513
valveEmu/train/section_00_source_train_normal_0653_noAttribute.wav,in_support,frequency_modulation,0.770343005657196
valveEmu/train/section_00_source_train_normal_0654_noAttribute.wav,in_support,periodic_resonance,0.8794295787811279
valveEmu/train/section_00_source_train_normal_0655_noAttribute.wav,in_support,amplitude_modulation,0.24101382493972778
valveEmu/train/section_00_source_train_normal_0656_noAttribute.wav,in_support,amplitude_modulation,0.10407727211713791
valveEmu/train/section_00_source_train_normal_0657_noAttribute.wav,in_support,periodic_resonance,0.9030656218528748
valveEmu/train/section_00_source_train_normal_0658_noAttribute.wav,in_support,amplitude_modulation,0.7720893621444702
valveEmu/train/section_00_source_train_normal_0659_noAttribute.wav,in_support,amplitude_modulation,0.6170663237571716
valveEmu/train/section_00_source_train_normal_0660_noAttribute.wav,in_support,amplitude_modulation,0.10097695887088776
valveEmu/train/section_00_source_train_normal_0661_noAttribute.wav,in_support,amplitude_modulation,0.7208896279335022
valveEmu/train/section_00_source_train_normal_0662_noAttribute.wav,in_support,frequency_modulation,0.6075047254562378
valveEmu/train/section_00_source_train_normal_0663_noAttribute.wav,in_support,amplitude_modulation,0.30772045254707336
valveEmu/train/section_00_source_train_normal_0664_noAttribute.wav,in_support,frequency_modulation,0.197432741522789
valveEmu/train/section_00_source_train_normal_0665_noAttribute.wav,in_support,frequency_modulation,0.7976751923561096
valveEmu/train/section_00_source_train_normal_0666_noAttribute.wav,in_support,frequency_modulation,0.23688030242919922
valveEmu/train/section_00_source_train_normal_0667_noAttribute.wav,in_support,periodic_resonance,0.9323458671569824
valveEmu/train/section_00_source_train_normal_0668_noAttribute.wav,in_support,frequency_modulation,0.3181762397289276
valveEmu/train/section_00_source_train_normal_0669_noAttribute.wav,in_support,frequency_modulation,0.23000110685825348
valveEmu/train/section_00_source_train_normal_0670_noAttribute.wav,in_support,frequency_modulation,0.26549187302589417
valveEmu/train/section_00_source_train_normal_0671_noAttribute.wav,in_support,frequency_modulation,0.8190022110939026
valveEmu/train/section_00_source_train_normal_0672_noAttribute.wav,in_support,frequency_modulation,0.447421133518219
valveEmu/train/section_00_source_train_normal_0673_noAttribute.wav,in_support,periodic_resonance,0.9213905334472656
valveEmu/train/section_00_source_train_normal_0674_noAttribute.wav,in_support,amplitude_modulation,0.3515583574771881
valveEmu/train/section_00_source_train_normal_0675_noAttribute.wav,in_support,amplitude_modulation,0.20556654036045074
valveEmu/train/section_00_source_train_normal_0676_noAttribute.wav,in_support,frequency_modulation,0.6268468499183655
valveEmu/train/section_00_source_train_normal_0677_noAttribute.wav,in_support,amplitude_modulation,0.17299222946166992
valveEmu/train/section_00_source_train_normal_0678_noAttribute.wav,in_support,frequency_modulation,0.1836022585630417
valveEmu/train/section_00_source_train_normal_0679_noAttribute.wav,in_support,frequency_modulation,0.4933326542377472
valveEmu/train/section_00_source_train_normal_0680_noAttribute.wav,in_support,frequency_modulation,0.36114975810050964
valveEmu/train/section_00_source_train_normal_0681_noAttribute.wav,in_support,frequency_modulation,0.701793909072876
valveEmu/train/section_00_source_train_normal_0682_noAttribute.wav,in_support,periodic_resonance,0.2420477271080017
valveEmu/train/section_00_source_train_normal_0683_noAttribute.wav,in_support,amplitude_modulation,0.6651997566223145
valveEmu/train/section_00_source_train_normal_0684_noAttribute.wav,in_support,periodic_resonance,0.878680944442749
valveEmu/train/section_00_source_train_normal_0685_noAttribute.wav,in_support,amplitude_modulation,0.30930373072624207
valveEmu/train/section_00_source_train_normal_0686_noAttribute.wav,in_support,periodic_resonance,0.6710754632949829
valveEmu/train/section_00_source_train_normal_0687_noAttribute.wav,in_support,amplitude_modulation,0.5129715204238892
valveEmu/train/section_00_source_train_normal_0688_noAttribute.wav,in_support,periodic_resonance,0.7097886204719543
valveEmu/train/section_00_source_train_normal_0689_noAttribute.wav,in_support,frequency_modulation,0.8961796760559082
valveEmu/train/section_00_source_train_normal_0690_noAttribute.wav,in_support,frequency_modulation,0.7151220440864563
valveEmu/train/section_00_source_train_normal_0691_noAttribute.wav,in_support,amplitude_modulation,0.6205831170082092
valveEmu/train/section_00_source_train_normal_0692_noAttribute.wav,in_support,amplitude_modulation,0.38583290576934814
valveEmu/train/section_00_source_train_normal_0693_noAttribute.wav,in_support,frequency_modulation,0.37664732336997986
valveEmu/train/section_00_source_train_normal_0694_noAttribute.wav,in_support,frequency_modulation,0.6749045848846436
valveEmu/train/section_00_source_train_normal_0695_noAttribute.wav,in_support,amplitude_modulation,0.12302088737487793
valveEmu/train/section_00_source_train_normal_0696_noAttribute.wav,in_support,frequency_modulation,0.431964635848999
valveEmu/train/section_00_source_train_normal_0697_noAttribute.wav,in_support,periodic_resonance,0.1317368447780609
valveEmu/train/section_00_source_train_normal_0698_noAttribute.wav,in_support,frequency_modulation,0.4078301787376404
valveEmu/train/section_00_source_train_normal_0699_noAttribute.wav,in_support,frequency_modulation,0.38465166091918945
valveEmu/train/section_00_source_train_normal_0700_noAttribute.wav,in_support,frequency_modulation,0.2727624475955963
valveEmu/train/section_00_source_train_normal_0701_noAttribute.wav,in_support,frequency_modulation,0.4369382858276367
valveEmu/train/section_00_source_train_normal_0702_noAttribute.wav,in_support,periodic_resonance,0.9437894821166992
valveEmu/train/section_00_source_train_normal_0703_noAttribute.wav,in_support,amplitude_modulation,0.8525487184524536
valveEmu/train/section_00_source_train_normal_0704_noAttribute.wav,in_support,amplitude_modulation,0.678348958492279
valveEmu/train/section_00_source_train_normal_0705_noAttribute.wav,in_support,periodic_resonance,0.29620814323425293
valveEmu/train/section_00_source_train_normal_0706_noAttribute.wav,in_support,amplitude_modulation,0.7362154126167297
valveEmu/train/section_00_source_train_normal_0707_noAttribute.wav,in_support,periodic_resonance,0.9065764546394348
valveEmu/train/section_00_source_train_normal_0708_noAttribute.wav,in_support,amplitude_modulation,0.7534765601158142
valveEmu/train/section_00_source_train_normal_0709_noAttribute.wav,in_support,periodic_resonance,0.9461953043937683
valveEmu/train/section_00_source_train_normal_0710_noAttribute.wav,in_support,frequency_modulation,0.47154873609542847
valveEmu/train/section_00_source_train_normal_0711_noAttribute.wav,in_support,amplitude_modulation,0.14939795434474945
valveEmu/train/section_00_source_train_normal_0712_noAttribute.wav,in_support,amplitude_modulation,0.5790373086929321
valveEmu/train/section_00_source_train_normal_0713_noAttribute.wav,in_support,frequency_modulation,0.6973526477813721
valveEmu/train/section_00_source_train_normal_0714_noAttribute.wav,in_support,amplitude_modulation,0.3945021331310272
valveEmu/train/section_00_source_train_normal_0715_noAttribute.wav,in_support,frequency_modulation,0.5003581047058105
valveEmu/train/section_00_source_train_normal_0716_noAttribute.wav,in_support,periodic_resonance,0.914438784122467
valveEmu/train/section_00_source_train_normal_0717_noAttribute.wav,in_support,frequency_modulation,0.5704702734947205
valveEmu/train/section_00_source_train_normal_0718_noAttribute.wav,in_support,frequency_modulation,0.5739350318908691
valveEmu/train/section_00_source_train_normal_0719_noAttribute.wav,in_support,periodic_resonance,0.8449195027351379
valveEmu/train/section_00_source_train_normal_0720_noAttribute.wav,in_support,periodic_resonance,0.841844379901886
valveEmu/train/section_00_source_train_normal_0721_noAttribute.wav,in_support,periodic_resonance,0.8777822256088257
valveEmu/train/section_00_source_train_normal_0722_noAttribute.wav,in_support,amplitude_modulation,0.24726969003677368
valveEmu/train/section_00_source_train_normal_0723_noAttribute.wav,in_support,frequency_modulation,0.6022499203681946
valveEmu/train/section_00_source_train_normal_0724_noAttribute.wav,in_support,frequency_modulation,0.5714736580848694
valveEmu/train/section_00_source_train_normal_0725_noAttribute.wav,in_support,periodic_resonance,0.8643412590026855
valveEmu/train/section_00_source_train_normal_0726_noAttribute.wav,in_support,amplitude_modulation,0.13815149664878845
valveEmu/train/section_00_source_train_normal_0727_noAttribute.wav,in_support,periodic_resonance,0.3606237769126892
valveEmu/train/section_00_source_train_normal_0728_noAttribute.wav,in_support,periodic_resonance,0.16360487043857574
valveEmu/train/section_00_source_train_normal_0729_noAttribute.wav,in_support,frequency_modulation,0.20454168319702148
valveEmu/train/section_00_source_train_normal_0730_noAttribute.wav,in_support,periodic_resonance,0.8707621693611145
valveEmu/train/section_00_source_train_normal_0731_noAttribute.wav,in_support,amplitude_modulation,0.09599784761667252
valveEmu/train/section_00_source_train_normal_0732_noAttribute.wav,in_support,amplitude_modulation,0.1759670078754425
valveEmu/train/section_00_source_train_normal_0733_noAttribute.wav,in_support,frequency_modulation,0.38460975885391235
valveEmu/train/section_00_source_train_normal_0734_noAttribute.wav,in_support,periodic_resonance,0.7296633720397949
valveEmu/train/section_00_source_train_normal_0735_noAttribute.wav,in_support,periodic_resonance,0.8376458287239075
valveEmu/train/section_00_source_train_normal_0736_noAttribute.wav,in_support,periodic_resonance,0.3325120210647583
valveEmu/train/section_00_source_train_normal_0737_noAttribute.wav,in_support,frequency_modulation,0.9311925768852234
valveEmu/train/section_00_source_train_normal_0738_noAttribute.wav,in_support,frequency_modulation,0.4115961194038391
valveEmu/train/section_00_source_train_normal_0739_noAttribute.wav,in_support,frequency_modulation,0.24651119112968445
valveEmu/train/section_00_source_train_normal_0740_noAttribute.wav,in_support,frequency_modulation,0.2793208658695221
valveEmu/train/section_00_source_train_normal_0741_noAttribute.wav,in_support,frequency_modulation,0.49439966678619385
valveEmu/train/section_00_source_train_normal_0742_noAttribute.wav,in_support,periodic_resonance,0.8138751983642578
valveEmu/train/section_00_source_train_normal_0743_noAttribute.wav,in_support,periodic_resonance,0.7881485223770142
valveEmu/train/section_00_source_train_normal_0744_noAttribute.wav,in_support,amplitude_modulation,0.517311692237854
valveEmu/train/section_00_source_train_normal_0745_noAttribute.wav,in_support,amplitude_modulation,0.8693519830703735
valveEmu/train/section_00_source_train_normal_0746_noAttribute.wav,in_support,amplitude_modulation,0.642942488193512
valveEmu/train/section_00_source_train_normal_0747_noAttribute.wav,in_support,frequency_modulation,0.2865784764289856
valveEmu/train/section_00_source_train_normal_0748_noAttribute.wav,in_support,frequency_modulation,0.25029584765434265
valveEmu/train/section_00_source_train_normal_0749_noAttribute.wav,in_support,periodic_resonance,0.9269496202468872
valveEmu/train/section_00_source_train_normal_0750_noAttribute.wav,in_support,frequency_modulation,0.22213757038116455
valveEmu/train/section_00_source_train_normal_0751_noAttribute.wav,in_support,amplitude_modulation,0.43203485012054443
valveEmu/train/section_00_source_train_normal_0752_noAttribute.wav,in_support,frequency_modulation,0.5052462220191956
valveEmu/train/section_00_source_train_normal_0753_noAttribute.wav,in_support,periodic_resonance,0.8416674733161926
valveEmu/train/section_00_source_train_normal_0754_noAttribute.wav,in_support,amplitude_modulation,0.30717140436172485
valveEmu/train/section_00_source_train_normal_0755_noAttribute.wav,in_support,amplitude_modulation,0.5271168947219849
valveEmu/train/section_00_source_train_normal_0756_noAttribute.wav,in_support,frequency_modulation,0.2255232185125351
valveEmu/train/section_00_source_train_normal_0757_noAttribute.wav,in_support,frequency_modulation,0.2947739064693451
valveEmu/train/section_00_source_train_normal_0758_noAttribute.wav,in_support,periodic_resonance,0.9371342658996582
valveEmu/train/section_00_source_train_normal_0759_noAttribute.wav,in_support,frequency_modulation,0.9080309271812439
valveEmu/train/section_00_source_train_normal_0760_noAttribute.wav,in_support,amplitude_modulation,0.7049751281738281
valveEmu/train/section_00_source_train_normal_0761_noAttribute.wav,in_support,periodic_resonance,0.6821690797805786
valveEmu/train/section_00_source_train_normal_0762_noAttribute.wav,in_support,periodic_resonance,0.9296555519104004
valveEmu/train/section_00_source_train_normal_0763_noAttribute.wav,in_support,periodic_resonance,0.7292689085006714
valveEmu/train/section_00_source_train_normal_0764_noAttribute.wav,in_support,frequency_modulation,0.5609367489814758
valveEmu/train/section_00_source_train_normal_0765_noAttribute.wav,in_support,amplitude_modulation,0.29448217153549194
valveEmu/train/section_00_source_train_normal_0766_noAttribute.wav,in_support,amplitude_modulation,0.3367290198802948
valveEmu/train/section_00_source_train_normal_0767_noAttribute.wav,in_support,amplitude_modulation,0.09082314372062683
valveEmu/train/section_00_source_train_normal_0768_noAttribute.wav,in_support,amplitude_modulation,0.1404908150434494
valveEmu/train/section_00_source_train_normal_0769_noAttribute.wav,in_support,frequency_modulation,0.21209481358528137
valveEmu/train/section_00_source_train_normal_0770_noAttribute.wav,in_support,frequency_modulation,0.1367286592721939
valveEmu/train/section_00_source_train_normal_0771_noAttribute.wav,in_support,frequency_modulation,0.2602962255477905
valveEmu/train/section_00_source_train_normal_0772_noAttribute.wav,in_support,periodic_resonance,0.5397024154663086
valveEmu/train/section_00_source_train_normal_0773_noAttribute.wav,in_support,periodic_resonance,0.3946246802806854
valveEmu/train/section_00_source_train_normal_0774_noAttribute.wav,in_support,periodic_resonance,0.882423996925354
valveEmu/train/section_00_source_train_normal_0775_noAttribute.wav,in_support,periodic_resonance,0.19238586723804474
valveEmu/train/section_00_source_train_normal_0776_noAttribute.wav,in_support,frequency_modulation,0.8326968550682068
valveEmu/train/section_00_source_train_normal_0777_noAttribute.wav,in_support,amplitude_modulation,0.08852038532495499
valveEmu/train/section_00_source_train_normal_0778_noAttribute.wav,in_support,frequency_modulation,0.23933467268943787
valveEmu/train/section_00_source_train_normal_0779_noAttribute.wav,in_support,periodic_resonance,0.4381084442138672
valveEmu/train/section_00_source_train_normal_0780_noAttribute.wav,in_support,amplitude_modulation,0.7275851368904114
valveEmu/train/section_00_source_train_normal_0781_noAttribute.wav,in_support,amplitude_modulation,0.11731526255607605
valveEmu/train/section_00_source_train_normal_0782_noAttribute.wav,in_support,frequency_modulation,0.34045860171318054
valveEmu/train/section_00_source_train_normal_0783_noAttribute.wav,in_support,frequency_modulation,0.24744990468025208
valveEmu/train/section_00_source_train_normal_0784_noAttribute.wav,in_support,amplitude_modulation,0.21257595717906952
valveEmu/train/section_00_source_train_normal_0785_noAttribute.wav,in_support,amplitude_modulation,0.24569743871688843
valveEmu/train/section_00_source_train_normal_0786_noAttribute.wav,in_support,amplitude_modulation,0.35542693734169006
valveEmu/train/section_00_source_train_normal_0787_noAttribute.wav,in_support,frequency_modulation,0.5309988856315613
valveEmu/train/section_00_source_train_normal_0788_noAttribute.wav,in_support,periodic_resonance,0.8431552052497864
valveEmu/train/section_00_source_train_normal_0789_noAttribute.wav,in_support,periodic_resonance,0.9312759041786194
valveEmu/train/section_00_source_train_normal_0790_noAttribute.wav,in_support,amplitude_modulation,0.23264525830745697
valveEmu/train/section_00_source_train_normal_0791_noAttribute.wav,in_support,frequency_modulation,0.23535984754562378
valveEmu/train/section_00_source_train_normal_0792_noAttribute.wav,in_support,frequency_modulation,0.28612780570983887
valveEmu/train/section_00_source_train_normal_0793_noAttribute.wav,in_support,frequency_modulation,0.2490551471710205
valveEmu/train/section_00_source_train_normal_0794_noAttribute.wav,in_support,amplitude_modulation,0.7808586955070496
valveEmu/train/section_00_source_train_normal_0795_noAttribute.wav,in_support,frequency_modulation,0.20074176788330078
valveEmu/train/section_00_source_train_normal_0796_noAttribute.wav,in_support,amplitude_modulation,0.3657070994377136
valveEmu/train/section_00_source_train_normal_0797_noAttribute.wav,in_support,amplitude_modulation,0.13826972246170044
valveEmu/train/section_00_source_train_normal_0798_noAttribute.wav,in_support,amplitude_modulation,0.07212445884943008
valveEmu/train/section_00_source_train_normal_0799_noAttribute.wav,in_support,amplitude_modulation,0.3431575298309326
valveEmu/train/section_00_source_train_normal_0800_noAttribute.wav,in_support,periodic_resonance,0.6856144070625305
valveEmu/train/section_00_source_train_normal_0801_noAttribute.wav,in_support,frequency_modulation,0.8028121590614319
valveEmu/train/section_00_source_train_normal_0802_noAttribute.wav,in_support,amplitude_modulation,0.1728055477142334
valveEmu/train/section_00_source_train_normal_0803_noAttribute.wav,in_support,amplitude_modulation,0.06646886467933655
valveEmu/train/section_00_source_train_normal_0804_noAttribute.wav,in_support,periodic_resonance,0.4125146269798279
valveEmu/train/section_00_source_train_normal_0805_noAttribute.wav,in_support,amplitude_modulation,0.25422438979148865
valveEmu/train/section_00_source_train_normal_0806_noAttribute.wav,in_support,frequency_modulation,0.2619117796421051
valveEmu/train/section_00_source_train_normal_0807_noAttribute.wav,in_support,periodic_resonance,0.9008442759513855
valveEmu/train/section_00_source_train_normal_0808_noAttribute.wav,in_support,amplitude_modulation,0.2105315923690796
valveEmu/train/section_00_source_train_normal_0809_noAttribute.wav,in_support,periodic_resonance,0.9395902156829834
valveEmu/train/section_00_source_train_normal_0810_noAttribute.wav,in_support,frequency_modulation,0.6175910234451294
valveEmu/train/section_00_source_train_normal_0811_noAttribute.wav,in_support,frequency_modulation,0.8035053610801697
valveEmu/train/section_00_source_train_normal_0812_noAttribute.wav,in_support,amplitude_modulation,0.13233382999897003
valveEmu/train/section_00_source_train_normal_0813_noAttribute.wav,in_support,frequency_modulation,0.3132548928260803
valveEmu/train/section_00_source_train_normal_0814_noAttribute.wav,in_support,amplitude_modulation,0.1892929971218109
valveEmu/train/section_00_source_train_normal_0815_noAttribute.wav,in_support,periodic_resonance,0.30209603905677795
valveEmu/train/section_00_source_train_normal_0816_noAttribute.wav,in_support,amplitude_modulation,0.8180233240127563
valveEmu/train/section_00_source_train_normal_0817_noAttribute.wav,in_support,amplitude_modulation,0.2634027302265167
valveEmu/train/section_00_source_train_normal_0818_noAttribute.wav,in_support,periodic_resonance,0.6662463545799255
valveEmu/train/section_00_source_train_normal_0819_noAttribute.wav,in_support,periodic_resonance,0.8893406391143799
valveEmu/train/section_00_source_train_normal_0820_noAttribute.wav,in_support,frequency_modulation,0.1846550554037094
valveEmu/train/section_00_source_train_normal_0821_noAttribute.wav,in_support,amplitude_modulation,0.15339158475399017
valveEmu/train/section_00_source_train_normal_0822_noAttribute.wav,in_support,frequency_modulation,0.39096012711524963
valveEmu/train/section_00_source_train_normal_0823_noAttribute.wav,in_support,periodic_resonance,0.5108879804611206
valveEmu/train/section_00_source_train_normal_0824_noAttribute.wav,in_support,frequency_modulation,0.6581721305847168
valveEmu/train/section_00_source_train_normal_0825_noAttribute.wav,in_support,periodic_resonance,0.5544275641441345
valveEmu/train/section_00_source_train_normal_0826_noAttribute.wav,in_support,amplitude_modulation,0.2998266816139221
valveEmu/train/section_00_source_train_normal_0827_noAttribute.wav,in_support,frequency_modulation,0.3483918309211731
valveEmu/train/section_00_source_train_normal_0828_noAttribute.wav,in_support,periodic_resonance,0.7766045928001404
valveEmu/train/section_00_source_train_normal_0829_noAttribute.wav,in_support,frequency_modulation,0.43710067868232727
valveEmu/train/section_00_source_train_normal_0830_noAttribute.wav,in_support,amplitude_modulation,0.2554484009742737
valveEmu/train/section_00_source_train_normal_0831_noAttribute.wav,in_support,frequency_modulation,0.9898935556411743
valveEmu/train/section_00_source_train_normal_0832_noAttribute.wav,in_support,amplitude_modulation,0.0756695345044136
valveEmu/train/section_00_source_train_normal_0833_noAttribute.wav,in_support,amplitude_modulation,0.7907099723815918
valveEmu/train/section_00_source_train_normal_0834_noAttribute.wav,in_support,amplitude_modulation,0.4864753484725952
valveEmu/train/section_00_source_train_normal_0835_noAttribute.wav,in_support,periodic_resonance,0.8898161053657532
valveEmu/train/section_00_source_train_normal_0836_noAttribute.wav,in_support,amplitude_modulation,0.7140303254127502
valveEmu/train/section_00_source_train_normal_0837_noAttribute.wav,in_support,frequency_modulation,0.6552470922470093
valveEmu/train/section_00_source_train_normal_0838_noAttribute.wav,in_support,periodic_resonance,0.1853369176387787
valveEmu/train/section_00_source_train_normal_0839_noAttribute.wav,in_support,amplitude_modulation,0.6267275214195251
valveEmu/train/section_00_source_train_normal_0840_noAttribute.wav,in_support,frequency_modulation,0.21218670904636383
valveEmu/train/section_00_source_train_normal_0841_noAttribute.wav,in_support,amplitude_modulation,0.15094393491744995
valveEmu/train/section_00_source_train_normal_0842_noAttribute.wav,in_support,frequency_modulation,0.3283100724220276
valveEmu/train/section_00_source_train_normal_0843_noAttribute.wav,in_support,periodic_resonance,0.3503291606903076
valveEmu/train/section_00_source_train_normal_0844_noAttribute.wav,in_support,periodic_resonance,0.5362645387649536
valveEmu/train/section_00_source_train_normal_0845_noAttribute.wav,in_support,amplitude_modulation,0.3129484951496124
valveEmu/train/section_00_source_train_normal_0846_noAttribute.wav,in_support,amplitude_modulation,0.3686394691467285
valveEmu/train/section_00_source_train_normal_0847_noAttribute.wav,in_support,periodic_resonance,0.8650639057159424
valveEmu/train/section_00_source_train_normal_0848_noAttribute.wav,in_support,amplitude_modulation,0.5866682529449463
valveEmu/train/section_00_source_train_normal_0849_noAttribute.wav,in_support,frequency_modulation,0.6275284290313721
valveEmu/train/section_00_source_train_normal_0850_noAttribute.wav,in_support,amplitude_modulation,0.44887667894363403
valveEmu/train/section_00_source_train_normal_0851_noAttribute.wav,in_support,frequency_modulation,0.3200356960296631
valveEmu/train/section_00_source_train_normal_0852_noAttribute.wav,in_support,periodic_resonance,0.962652325630188
valveEmu/train/section_00_source_train_normal_0853_noAttribute.wav,in_support,frequency_modulation,0.2876127064228058
valveEmu/train/section_00_source_train_normal_0854_noAttribute.wav,in_support,frequency_modulation,0.6856440901756287
valveEmu/train/section_00_source_train_normal_0855_noAttribute.wav,in_support,amplitude_modulation,0.49622398614883423
valveEmu/train/section_00_source_train_normal_0856_noAttribute.wav,in_support,amplitude_modulation,0.6693811416625977
valveEmu/train/section_00_source_train_normal_0857_noAttribute.wav,in_support,periodic_resonance,0.2980753779411316
valveEmu/train/section_00_source_train_normal_0858_noAttribute.wav,in_support,frequency_modulation,0.287104994058609
valveEmu/train/section_00_source_train_normal_0859_noAttribute.wav,in_support,frequency_modulation,0.35020825266838074
valveEmu/train/section_00_source_train_normal_0860_noAttribute.wav,in_support,periodic_resonance,0.25693702697753906
valveEmu/train/section_00_source_train_normal_0861_noAttribute.wav,in_support,periodic_resonance,0.831111490726471
valveEmu/train/section_00_source_train_normal_0862_noAttribute.wav,in_support,frequency_modulation,0.1949888914823532
valveEmu/train/section_00_source_train_normal_0863_noAttribute.wav,in_support,amplitude_modulation,0.32570236921310425
valveEmu/train/section_00_source_train_normal_0864_noAttribute.wav,in_support,amplitude_modulation,0.10339722037315369
valveEmu/train/section_00_source_train_normal_0865_noAttribute.wav,in_support,frequency_modulation,0.43339765071868896
valveEmu/train/section_00_source_train_normal_0866_noAttribute.wav,in_support,frequency_modulation,0.4109905958175659
valveEmu/train/section_00_source_train_normal_0867_noAttribute.wav,in_support,amplitude_modulation,0.10697311162948608
valveEmu/train/section_00_source_train_normal_0868_noAttribute.wav,in_support,periodic_resonance,0.7631082534790039
valveEmu/train/section_00_source_train_normal_0869_noAttribute.wav,in_support,amplitude_modulation,0.28917229175567627
valveEmu/train/section_00_source_train_normal_0870_noAttribute.wav,in_support,periodic_resonance,0.9006574749946594
valveEmu/train/section_00_source_train_normal_0871_noAttribute.wav,in_support,amplitude_modulation,0.2946649491786957
valveEmu/train/section_00_source_train_normal_0872_noAttribute.wav,in_support,periodic_resonance,0.3555677533149719
valveEmu/train/section_00_source_train_normal_0873_noAttribute.wav,in_support,periodic_resonance,0.30142492055892944
valveEmu/train/section_00_source_train_normal_0874_noAttribute.wav,in_support,frequency_modulation,0.8214341402053833
valveEmu/train/section_00_source_train_normal_0875_noAttribute.wav,in_support,amplitude_modulation,0.6081010699272156
valveEmu/train/section_00_source_train_normal_0876_noAttribute.wav,in_support,amplitude_modulation,0.8048209547996521
valveEmu/train/section_00_source_train_normal_0877_noAttribute.wav,in_support,frequency_modulation,0.6533649563789368
valveEmu/train/section_00_source_train_normal_0878_noAttribute.wav,in_support,frequency_modulation,0.5317708849906921
valveEmu/train/section_00_source_train_normal_0879_noAttribute.wav,in_support,amplitude_modulation,0.3175898492336273
valveEmu/train/section_00_source_train_normal_0880_noAttribute.wav,in_support,amplitude_modulation,0.3499247431755066
valveEmu/train/section_00_source_train_normal_0881_noAttribute.wav,in_support,periodic_resonance,0.8859623670578003
valveEmu/train/section_00_source_train_normal_0882_noAttribute.wav,in_support,periodic_resonance,0.8496999740600586
valveEmu/train/section_00_source_train_normal_0883_noAttribute.wav,in_support,periodic_resonance,0.7288922071456909
valveEmu/train/section_00_source_train_normal_0884_noAttribute.wav,in_support,amplitude_modulation,0.17985899746418
valveEmu/train/section_00_source_train_normal_0885_noAttribute.wav,in_support,periodic_resonance,0.32138365507125854
valveEmu/train/section_00_source_train_normal_0886_noAttribute.wav,in_support,frequency_modulation,0.3767153024673462
valveEmu/train/section_00_source_train_normal_0887_noAttribute.wav,in_support,periodic_resonance,0.8109121322631836
valveEmu/train/section_00_source_train_normal_0888_noAttribute.wav,in_support,amplitude_modulation,0.48929283022880554
valveEmu/train/section_00_source_train_normal_0889_noAttribute.wav,in_support,amplitude_modulation,0.7814822196960449
valveEmu/train/section_00_source_train_normal_0890_noAttribute.wav,in_support,frequency_modulation,0.8186832666397095
valveEmu/train/section_00_source_train_normal_0891_noAttribute.wav,in_support,periodic_resonance,0.7917783856391907
valveEmu/train/section_00_source_train_normal_0892_noAttribute.wav,in_support,amplitude_modulation,0.06829724460840225
valveEmu/train/section_00_source_train_normal_0893_noAttribute.wav,in_support,frequency_modulation,0.6625033617019653
valveEmu/train/section_00_source_train_normal_0894_noAttribute.wav,in_support,frequency_modulation,0.7174733281135559
valveEmu/train/section_00_source_train_normal_0895_noAttribute.wav,in_support,periodic_resonance,0.6991071701049805
valveEmu/train/section_00_source_train_normal_0896_noAttribute.wav,in_support,periodic_resonance,0.2851501405239105
valveEmu/train/section_00_source_train_normal_0897_noAttribute.wav,in_support,periodic_resonance,0.8953798413276672
valveEmu/train/section_00_source_train_normal_0898_noAttribute.wav,in_support,periodic_resonance,0.2616322338581085
valveEmu/train/section_00_source_train_normal_0899_noAttribute.wav,in_support,amplitude_modulation,0.5720815062522888
valveEmu/train/section_00_source_train_normal_0900_noAttribute.wav,in_support,frequency_modulation,0.8309263586997986
valveEmu/train/section_00_source_train_normal_0901_noAttribute.wav,in_support,amplitude_modulation,0.6523095965385437
valveEmu/train/section_00_source_train_normal_0902_noAttribute.wav,in_support,periodic_resonance,0.9213495254516602
valveEmu/train/section_00_source_train_normal_0903_noAttribute.wav,in_support,periodic_resonance,0.9281112551689148
valveEmu/train/section_00_source_train_normal_0904_noAttribute.wav,in_support,frequency_modulation,0.21577641367912292
valveEmu/train/section_00_source_train_normal_0905_noAttribute.wav,in_support,amplitude_modulation,0.8054159283638
valveEmu/train/section_00_source_train_normal_0906_noAttribute.wav,in_support,periodic_resonance,0.826007604598999
valveEmu/train/section_00_source_train_normal_0907_noAttribute.wav,in_support,amplitude_modulation,0.42316338419914246
valveEmu/train/section_00_source_train_normal_0908_noAttribute.wav,in_support,frequency_modulation,0.22884346544742584
valveEmu/train/section_00_source_train_normal_0909_noAttribute.wav,in_support,periodic_resonance,0.8126000761985779
valveEmu/train/section_00_source_train_normal_0910_noAttribute.wav,in_support,amplitude_modulation,0.3430817723274231
valveEmu/train/section_00_source_train_normal_0911_noAttribute.wav,in_support,periodic_resonance,0.23953492939472198
valveEmu/train/section_00_source_train_normal_0912_noAttribute.wav,in_support,frequency_modulation,0.31396210193634033
valveEmu/train/section_00_source_train_normal_0913_noAttribute.wav,in_support,frequency_modulation,0.3924216628074646
valveEmu/train/section_00_source_train_normal_0914_noAttribute.wav,in_support,frequency_modulation,0.32700276374816895
valveEmu/train/section_00_source_train_normal_0915_noAttribute.wav,in_support,frequency_modulation,0.5213301181793213
valveEmu/train/section_00_source_train_normal_0916_noAttribute.wav,in_support,periodic_resonance,0.7403905391693115
valveEmu/train/section_00_source_train_normal_0917_noAttribute.wav,in_support,periodic_resonance,0.9637455940246582
valveEmu/train/section_00_source_train_normal_0918_noAttribute.wav,in_support,frequency_modulation,0.6176522970199585
valveEmu/train/section_00_source_train_normal_0919_noAttribute.wav,in_support,frequency_modulation,0.7649873495101929
valveEmu/train/section_00_source_train_normal_0920_noAttribute.wav,in_support,frequency_modulation,0.9214553236961365
valveEmu/train/section_00_source_train_normal_0921_noAttribute.wav,in_support,amplitude_modulation,0.8070877194404602
valveEmu/train/section_00_source_train_normal_0922_noAttribute.wav,in_support,periodic_resonance,0.9029271006584167
valveEmu/train/section_00_source_train_normal_0923_noAttribute.wav,in_support,periodic_resonance,0.6190730929374695
valveEmu/train/section_00_source_train_normal_0924_noAttribute.wav,in_support,amplitude_modulation,0.13366790115833282
valveEmu/train/section_00_source_train_normal_0925_noAttribute.wav,in_support,amplitude_modulation,0.49963733553886414
valveEmu/train/section_00_source_train_normal_0926_noAttribute.wav,in_support,amplitude_modulation,0.05842234194278717
valveEmu/train/section_00_source_train_normal_0927_noAttribute.wav,in_support,frequency_modulation,0.3463076055049896
valveEmu/train/section_00_source_train_normal_0928_noAttribute.wav,in_support,frequency_modulation,0.6901900768280029
valveEmu/train/section_00_source_train_normal_0929_noAttribute.wav,in_support,amplitude_modulation,0.06879764795303345
valveEmu/train/section_00_source_train_normal_0930_noAttribute.wav,in_support,amplitude_modulation,0.7208936214447021
valveEmu/train/section_00_source_train_normal_0931_noAttribute.wav,in_support,amplitude_modulation,0.7804630994796753
valveEmu/train/section_00_source_train_normal_0932_noAttribute.wav,in_support,frequency_modulation,0.7140785455703735
valveEmu/train/section_00_source_train_normal_0933_noAttribute.wav,in_support,periodic_resonance,0.9237898588180542
valveEmu/train/section_00_source_train_normal_0934_noAttribute.wav,in_support,frequency_modulation,0.5877818465232849
valveEmu/train/section_00_source_train_normal_0935_noAttribute.wav,in_support,periodic_resonance,0.8678633570671082
valveEmu/train/section_00_source_train_normal_0936_noAttribute.wav,in_support,amplitude_modulation,0.3596342206001282
valveEmu/train/section_00_source_train_normal_0937_noAttribute.wav,in_support,frequency_modulation,0.34847384691238403
valveEmu/train/section_00_source_train_normal_0938_noAttribute.wav,in_support,periodic_resonance,0.36281606554985046
valveEmu/train/section_00_source_train_normal_0939_noAttribute.wav,in_support,frequency_modulation,0.4652957320213318
valveEmu/train/section_00_source_train_normal_0940_noAttribute.wav,in_support,amplitude_modulation,0.207851380109787
valveEmu/train/section_00_source_train_normal_0941_noAttribute.wav,in_support,periodic_resonance,0.9142362475395203
valveEmu/train/section_00_source_train_normal_0942_noAttribute.wav,in_support,frequency_modulation,0.28660452365875244
valveEmu/train/section_00_source_train_normal_0943_noAttribute.wav,in_support,frequency_modulation,0.545625627040863
valveEmu/train/section_00_source_train_normal_0944_noAttribute.wav,in_support,frequency_modulation,0.4444834291934967
valveEmu/train/section_00_source_train_normal_0945_noAttribute.wav,in_support,frequency_modulation,0.4282442629337311
valveEmu/train/section_00_source_train_normal_0946_noAttribute.wav,in_support,periodic_resonance,0.8925976157188416
valveEmu/train/section_00_source_train_normal_0947_noAttribute.wav,in_support,amplitude_modulation,0.1157674491405487
valveEmu/train/section_00_source_train_normal_0948_noAttribute.wav,in_support,frequency_modulation,0.44145095348358154
valveEmu/train/section_00_source_train_normal_0949_noAttribute.wav,in_support,periodic_resonance,0.2403291016817093
valveEmu/train/section_00_source_train_normal_0950_noAttribute.wav,in_support,amplitude_modulation,0.5413748025894165
valveEmu/train/section_00_source_train_normal_0951_noAttribute.wav,in_support,periodic_resonance,0.9269915223121643
valveEmu/train/section_00_source_train_normal_0952_noAttribute.wav,in_support,frequency_modulation,0.9876419305801392
valveEmu/train/section_00_source_train_normal_0953_noAttribute.wav,in_support,amplitude_modulation,0.49956226348876953
valveEmu/train/section_00_source_train_normal_0954_noAttribute.wav,in_support,amplitude_modulation,0.24124857783317566
valveEmu/train/section_00_source_train_normal_0955_noAttribute.wav,in_support,frequency_modulation,0.7568795084953308
valveEmu/train/section_00_source_train_normal_0956_noAttribute.wav,in_support,frequency_modulation,0.5274602174758911
valveEmu/train/section_00_source_train_normal_0957_noAttribute.wav,in_support,frequency_modulation,0.37338772416114807
valveEmu/train/section_00_source_train_normal_0958_noAttribute.wav,in_support,amplitude_modulation,0.31233716011047363
valveEmu/train/section_00_source_train_normal_0959_noAttribute.wav,in_support,amplitude_modulation,0.583459198474884
valveEmu/train/section_00_source_train_normal_0960_noAttribute.wav,in_support,amplitude_modulation,0.08370395749807358
valveEmu/train/section_00_source_train_normal_0961_noAttribute.wav,in_support,periodic_resonance,0.8527825474739075
valveEmu/train/section_00_source_train_normal_0962_noAttribute.wav,in_support,periodic_resonance,0.8979975581169128
valveEmu/train/section_00_source_train_normal_0963_noAttribute.wav,in_support,amplitude_modulation,0.5171855688095093
valveEmu/train/section_00_source_train_normal_0964_noAttribute.wav,in_support,periodic_resonance,0.9231410026550293
valveEmu/train/section_00_source_train_normal_0965_noAttribute.wav,in_support,periodic_resonance,0.23521623015403748
valveEmu/train/section_00_source_train_normal_0966_noAttribute.wav,in_support,frequency_modulation,0.48571765422821045
valveEmu/train/section_00_source_train_normal_0967_noAttribute.wav,in_support,frequency_modulation,0.40845486521720886
valveEmu/train/section_00_source_train_normal_0968_noAttribute.wav,in_support,frequency_modulation,0.5603812336921692
valveEmu/train/section_00_source_train_normal_0969_noAttribute.wav,in_support,frequency_modulation,0.22975392639636993
valveEmu/train/section_00_source_train_normal_0970_noAttribute.wav,in_support,frequency_modulation,0.38991597294807434
valveEmu/train/section_00_source_train_normal_0971_noAttribute.wav,in_support,periodic_resonance,0.9098072052001953
valveEmu/train/section_00_source_train_normal_0972_noAttribute.wav,in_support,periodic_resonance,0.6053572297096252
valveEmu/train/section_00_source_train_normal_0973_noAttribute.wav,in_support,frequency_modulation,0.38312146067619324
valveEmu/train/section_00_source_train_normal_0974_noAttribute.wav,in_support,periodic_resonance,0.8382548689842224
valveEmu/train/section_00_source_train_normal_0975_noAttribute.wav,in_support,periodic_resonance,0.4270268678665161
valveEmu/train/section_00_source_train_normal_0976_noAttribute.wav,in_support,amplitude_modulation,0.1507614105939865
valveEmu/train/section_00_source_train_normal_0977_noAttribute.wav,in_support,periodic_resonance,0.22518230974674225
valveEmu/train/section_00_source_train_normal_0978_noAttribute.wav,in_support,periodic_resonance,0.5813708305358887
valveEmu/train/section_00_source_train_normal_0979_noAttribute.wav,in_support,periodic_resonance,0.7553349137306213
valveEmu/train/section_00_source_train_normal_0980_noAttribute.wav,in_support,periodic_resonance,0.8063563704490662
valveEmu/train/section_00_source_train_normal_0981_noAttribute.wav,in_support,frequency_modulation,0.5499035716056824
valveEmu/train/section_00_source_train_normal_0982_noAttribute.wav,in_support,frequency_modulation,0.42349299788475037
valveEmu/train/section_00_source_train_normal_0983_noAttribute.wav,in_support,frequency_modulation,0.25702932476997375
valveEmu/train/section_00_source_train_normal_0984_noAttribute.wav,in_support,periodic_resonance,0.8687750697135925
valveEmu/train/section_00_source_train_normal_0985_noAttribute.wav,in_support,amplitude_modulation,0.21379052102565765
valveEmu/train/section_00_source_train_normal_0986_noAttribute.wav,in_support,periodic_resonance,0.9214484691619873
valveEmu/train/section_00_source_train_normal_0987_noAttribute.wav,in_support,frequency_modulation,0.39052116870880127
valveEmu/train/section_00_source_train_normal_0988_noAttribute.wav,in_support,amplitude_modulation,0.702893853187561
valveEmu/train/section_00_source_train_normal_0989_noAttribute.wav,in_support,amplitude_modulation,0.1624927967786789
valveEmu/train/section_00_target_train_normal_0000_noAttribute.wav,in_support,amplitude_modulation,0.3196159601211548
valveEmu/train/section_00_target_train_normal_0001_noAttribute.wav,in_support,frequency_modulation,0.45980507135391235
valveEmu/train/section_00_target_train_normal_0002_noAttribute.wav,in_support,frequency_modulation,0.6434411406517029
valveEmu/train/section_00_target_train_normal_0003_noAttribute.wav,in_support,frequency_modulation,0.7294316291809082
valveEmu/train/section_00_target_train_normal_0004_noAttribute.wav,in_support,frequency_modulation,0.4697971045970917
valveEmu/train/section_00_target_train_normal_0005_noAttribute.wav,in_support,periodic_resonance,0.8117493391036987
valveEmu/train/section_00_target_train_normal_0006_noAttribute.wav,in_support,amplitude_modulation,0.35245048999786377
valveEmu/train/section_00_target_train_normal_0007_noAttribute.wav,in_support,periodic_resonance,0.4348851442337036
valveEmu/train/section_00_target_train_normal_0008_noAttribute.wav,in_support,periodic_resonance,0.2426096647977829
valveEmu/train/section_00_target_train_normal_0009_noAttribute.wav,in_support,frequency_modulation,0.29233238101005554
ToyCar/train/section_00_source_train_normal_0024_noAttribute.wav,heldout,friction_burst,0.8892359733581543
ToyCar/train/section_00_source_train_normal_0029_noAttribute.wav,heldout,friction_burst,0.8948174118995667
ToyCar/train/section_00_source_train_normal_0039_noAttribute.wav,heldout,friction_burst,0.9589230418205261
ToyCar/train/section_00_source_train_normal_0051_noAttribute.wav,heldout,friction_burst,0.8503230214118958
ToyCar/train/section_00_source_train_normal_0053_noAttribute.wav,heldout,friction_burst,0.9631794691085815
ToyCar/train/section_00_source_train_normal_0060_noAttribute.wav,heldout,friction_burst,0.9634873867034912
ToyCar/train/section_00_source_train_normal_0075_noAttribute.wav,heldout,friction_burst,0.9278106093406677
ToyCar/train/section_00_source_train_normal_0088_noAttribute.wav,heldout,friction_burst,0.9005122780799866
ToyCar/train/section_00_source_train_normal_0090_noAttribute.wav,heldout,friction_burst,0.8549864888191223
ToyCar/train/section_00_source_train_normal_0099_noAttribute.wav,heldout,friction_burst,0.9799069166183472
ToyCar/train/section_00_source_train_normal_0105_noAttribute.wav,heldout,friction_burst,0.9613047242164612
ToyCar/train/section_00_source_train_normal_0115_noAttribute.wav,heldout,friction_burst,0.9685102701187134
ToyCar/train/section_00_source_train_normal_0116_noAttribute.wav,heldout,friction_burst,0.9594177603721619
ToyCar/train/section_00_source_train_normal_0119_noAttribute.wav,heldout,friction_burst,0.855279803276062
ToyCar/train/section_00_source_train_normal_0146_noAttribute.wav,heldout,friction_burst,0.9641073346138
ToyCar/train/section_00_source_train_normal_0153_noAttribute.wav,heldout,friction_burst,0.9239006638526917
ToyCar/train/section_00_source_train_normal_0174_noAttribute.wav,heldout,friction_burst,0.9354045391082764
ToyCar/train/section_00_source_train_normal_0179_noAttribute.wav,heldout,friction_burst,0.9872505068778992
ToyCar/train/section_00_source_train_normal_0186_noAttribute.wav,heldout,friction_burst,0.8414140939712524
ToyCar/train/section_00_source_train_normal_0202_noAttribute.wav,heldout,friction_burst,0.9238909482955933
ToyCar/train/section_00_source_train_normal_0209_noAttribute.wav,heldout,friction_burst,0.9741398096084595
ToyCar/train/section_00_source_train_normal_0250_noAttribute.wav,heldout,friction_burst,0.861320436000824
ToyCar/train/section_00_source_train_normal_0261_noAttribute.wav,heldout,friction_burst,0.9371846914291382
ToyCar/train/section_00_source_train_normal_0278_noAttribute.wav,heldout,friction_burst,0.9201322793960571
ToyCar/train/section_00_source_train_normal_0281_noAttribute.wav,heldout,friction_burst,0.9097543358802795
ToyCar/train/section_00_source_train_normal_0283_noAttribute.wav,heldout,friction_burst,0.9499320387840271
ToyCar/train/section_00_source_train_normal_0310_noAttribute.wav,heldout,friction_burst,0.8778715133666992
ToyCar/train/section_00_source_train_normal_0317_noAttribute.wav,heldout,friction_burst,0.903218150138855
ToyCar/train/section_00_source_train_normal_0334_noAttribute.wav,heldout,friction_burst,0.9763157963752747
ToyCar/train/section_00_source_train_normal_0337_noAttribute.wav,heldout,friction_burst,0.9667690396308899
ToyCar/train/section_00_source_train_normal_0338_noAttribute.wav,heldout,friction_burst,0.905388593673706
ToyCar/train/section_00_source_train_normal_0345_noAttribute.wav,heldout,friction_burst,0.9073041677474976
ToyCar/train/section_00_source_train_normal_0350_noAttribute.wav,heldout,friction_burst,0.9729720950126648
ToyCar/train/section_00_source_train_normal_0365_noAttribute.wav,heldout,friction_burst,0.9085432887077332
ToyCar/train/section_00_source_train_normal_0374_noAttribute.wav,heldout,friction_burst,0.9634487628936768
ToyCar/train/section_00_source_train_normal_0381_noAttribute.wav,heldout,friction_burst,0.8883904218673706
ToyCar/train/section_00_source_train_normal_0411_noAttribute.wav,heldout,friction_burst,0.98188316822052
ToyCar/train/section_00_source_train_normal_0417_noAttribute.wav,heldout,friction_burst,0.9242057204246521
ToyCar/train/section_00_source_train_normal_0436_noAttribute.wav,heldout,friction_burst,0.938849687576294
ToyCar/train/section_00_source_train_normal_0449_noAttribute.wav,heldout,friction_burst,0.9625134468078613
ToyCar/train/section_00_source_train_normal_0451_noAttribute.wav,heldout,friction_burst,0.9476702809333801
ToyCar/train/section_00_source_train_normal_0455_noAttribute.wav,heldout,friction_burst,0.9042636752128601
ToyCar/train/section_00_source_train_normal_0465_noAttribute.wav,heldout,friction_burst,0.9533458948135376
ToyCar/train/section_00_source_train_normal_0467_noAttribute.wav,heldout,friction_burst,0.9726982116699219
ToyCar/train/section_00_source_train_normal_0469_noAttribute.wav,heldout,friction_burst,0.8307185769081116
ToyCar/train/section_00_source_train_normal_0487_noAttribute.wav,heldout,friction_burst,0.9422628283500671
ToyCar/train/section_00_source_train_normal_0492_noAttribute.wav,heldout,friction_burst,0.9720096588134766
ToyCar/train/section_00_source_train_normal_0498_noAttribute.wav,heldout,friction_burst,0.8736495971679688
ToyCar/train/section_00_source_train_normal_0506_noAttribute.wav,heldout,friction_burst,0.9107491970062256
ToyCar/train/section_00_source_train_normal_0513_noAttribute.wav,heldout,friction_burst,0.9631377458572388
ToyCar/train/section_00_source_train_normal_0516_noAttribute.wav,heldout,friction_burst,0.9733400344848633
ToyCar/train/section_00_source_train_normal_0538_noAttribute.wav,heldout,friction_burst,0.9665793776512146
ToyCar/train/section_00_source_train_normal_0539_noAttribute.wav,heldout,friction_burst,0.9590281844139099
ToyCar/train/section_00_source_train_normal_0545_noAttribute.wav,heldout,friction_burst,0.9570433497428894
ToyCar/train/section_00_source_train_normal_0548_noAttribute.wav,heldout,friction_burst,0.9427432417869568
ToyCar/train/section_00_source_train_normal_0561_noAttribute.wav,heldout,friction_burst,0.9853431582450867
ToyCar/train/section_00_source_train_normal_0587_noAttribute.wav,heldout,friction_burst,0.8463777303695679
ToyCar/train/section_00_source_train_normal_0589_noAttribute.wav,heldout,friction_burst,0.9419848322868347
ToyCar/train/section_00_source_train_normal_0596_noAttribute.wav,heldout,friction_burst,0.9121622443199158
ToyCar/train/section_00_source_train_normal_0600_noAttribute.wav,heldout,friction_burst,0.9246355891227722
ToyCar/train/section_00_source_train_normal_0606_noAttribute.wav,heldout,friction_burst,0.9676206707954407
ToyCar/train/section_00_source_train_normal_0612_noAttribute.wav,heldout,friction_burst,0.9831364154815674
ToyCar/train/section_00_source_train_normal_0613_noAttribute.wav,heldout,friction_burst,0.7214951515197754
ToyCar/train/section_00_source_train_normal_0634_noAttribute.wav,heldout,friction_burst,0.9598449468612671
ToyCar/train/section_00_source_train_normal_0645_noAttribute.wav,heldout,friction_burst,0.9698796272277832
ToyCar/train/section_00_source_train_normal_0656_noAttribute.wav,heldout,friction_burst,0.9603663682937622
ToyCar/train/section_00_source_train_normal_0660_noAttribute.wav,heldout,friction_burst,0.914260983467102
ToyCar/train/section_00_source_train_normal_0671_noAttribute.wav,heldout,friction_burst,0.8316550254821777
ToyCar/train/section_00_source_train_normal_0673_noAttribute.wav,heldout,friction_burst,0.9042286276817322
ToyCar/train/section_00_source_train_normal_0695_noAttribute.wav,heldout,friction_burst,0.8939085602760315
ToyCar/train/section_00_source_train_normal_0700_noAttribute.wav,heldout,friction_burst,0.966860294342041
ToyCar/train/section_00_source_train_normal_0713_noAttribute.wav,heldout,friction_burst,0.9878359436988831
ToyCar/train/section_00_source_train_normal_0714_noAttribute.wav,heldout,friction_burst,0.9556943774223328
ToyCar/train/section_00_source_train_normal_0724_noAttribute.wav,heldout,friction_burst,0.925113320350647
ToyCar/train/section_00_source_train_normal_0729_noAttribute.wav,heldout,friction_burst,0.9798073172569275
ToyCar/train/section_00_source_train_normal_0749_noAttribute.wav,heldout,friction_burst,0.9776946902275085
ToyCar/train/section_00_source_train_normal_0753_noAttribute.wav,heldout,friction_burst,0.9784207344055176
ToyCar/train/section_00_source_train_normal_0754_noAttribute.wav,heldout,friction_burst,0.8020457029342651
ToyCar/train/section_00_source_train_normal_0755_noAttribute.wav,heldout,friction_burst,0.9266732335090637
ToyCar/train/section_00_source_train_normal_0759_noAttribute.wav,heldout,friction_burst,0.9682902693748474
ToyCar/train/section_00_source_train_normal_0763_noAttribute.wav,heldout,friction_burst,0.8841214776039124
ToyCar/train/section_00_source_train_normal_0775_noAttribute.wav,heldout,friction_burst,0.9753425717353821
ToyCar/train/section_00_source_train_normal_0782_noAttribute.wav,heldout,friction_burst,0.9733710885047913
ToyCar/train/section_00_source_train_normal_0783_noAttribute.wav,heldout,friction_burst,0.9623984694480896
ToyCar/train/section_00_source_train_normal_0785_noAttribute.wav,heldout,friction_burst,0.982696533203125
ToyCar/train/section_00_source_train_normal_0796_noAttribute.wav,heldout,friction_burst,0.9707705974578857
ToyCar/train/section_00_source_train_normal_0804_noAttribute.wav,heldout,friction_burst,0.8697178959846497
ToyCar/train/section_00_source_train_normal_0819_noAttribute.wav,heldout,friction_burst,0.8580690026283264
ToyCar/train/section_00_source_train_normal_0820_noAttribute.wav,heldout,friction_burst,0.8840385675430298
ToyCar/train/section_00_source_train_normal_0850_noAttribute.wav,heldout,friction_burst,0.9072174429893494
ToyCar/train/section_00_source_train_normal_0851_noAttribute.wav,heldout,friction_burst,0.8381139636039734
ToyCar/train/section_00_source_train_normal_0858_noAttribute.wav,heldout,friction_burst,0.9324928522109985
ToyCar/train/section_00_source_train_normal_0861_noAttribute.wav,heldout,friction_burst,0.9348578453063965
ToyCar/train/section_00_source_train_normal_0867_noAttribute.wav,heldout,friction_burst,0.8198768496513367
ToyCar/train/section_00_source_train_normal_0872_noAttribute.wav,heldout,friction_burst,0.9824010729789734
ToyCar/train/section_00_source_train_normal_0876_noAttribute.wav,heldout,friction_burst,0.9100708961486816
ToyCar/train/section_00_source_train_normal_0878_noAttribute.wav,heldout,friction_burst,0.873324990272522
ToyCar/train/section_00_source_train_normal_0893_noAttribute.wav,heldout,friction_burst,0.8570111393928528
ToyCar/train/section_00_source_train_normal_0898_noAttribute.wav,heldout,friction_burst,0.9073055982589722
ToyCar/train/section_00_source_train_normal_0903_noAttribute.wav,heldout,friction_burst,0.9743877053260803
ToyCar/train/section_00_source_train_normal_0921_noAttribute.wav,heldout,friction_burst,0.9884790778160095
ToyCar/train/section_00_source_train_normal_0934_noAttribute.wav,heldout,friction_burst,0.912331223487854
ToyCar/train/section_00_source_train_normal_0942_noAttribute.wav,heldout,friction_burst,0.8010690808296204
ToyCar/train/section_00_source_train_normal_0949_noAttribute.wav,heldout,friction_burst,0.9833143949508667
ToyCar/train/section_00_source_train_normal_0969_noAttribute.wav,heldout,friction_burst,0.97157222032547
ToyCar/train/section_00_source_train_normal_0977_noAttribute.wav,heldout,friction_burst,0.9431413412094116
ToyCarEmu/train/section_00_source_train_normal_0011_car_B1_spd_2_mic_2_mic_1.wav,heldout,friction_burst,0.9188281297683716
ToyCarEmu/train/section_00_source_train_normal_0015_car_B1_spd_2_mic_2_mic_1.wav,heldout,friction_burst,0.85298752784729
ToyCarEmu/train/section_00_source_train_normal_0016_car_B1_spd_2_mic_2_mic_1.wav,heldout,friction_burst,0.9591415524482727
ToyCarEmu/train/section_00_source_train_normal_0023_car_B2_spd_2_mic_2_mic_1.wav,heldout,friction_burst,0.8787505030632019
ToyCarEmu/train/section_00_source_train_normal_0025_car_B2_spd_2_mic_2_mic_1.wav,heldout,friction_burst,0.993717610836029
ToyCarEmu/train/section_00_source_train_normal_0036_car_B2_spd_2_mic_2_mic_1.wav,heldout,friction_burst,0.9815481305122375
ToyCarEmu/train/section_00_source_train_normal_0041_car_B2_spd_2_mic_2_mic_1.wav,heldout,friction_burst,0.9546599984169006
ToyCarEmu/train/section_00_source_train_normal_0042_car_B1_spd_2_mic_2_mic_1.wav,heldout,friction_burst,0.9588164687156677
ToyCarEmu/train/section_00_source_train_normal_0055_car_B1_spd_2_mic_2_mic_1.wav,heldout,friction_burst,0.9494259357452393
ToyCarEmu/train/section_00_source_train_normal_0063_car_B1_spd_2_mic_2_mic_1.wav,heldout,friction_burst,0.9568700790405273
ToyCarEmu/train/section_00_source_train_normal_0065_car_B1_spd_2_mic_2_mic_1.wav,heldout,friction_burst,0.9817540049552917
ToyCarEmu/train/section_00_source_train_normal_0071_car_B1_spd_2_mic_2_mic_1.wav,heldout,friction_burst,0.9764424562454224
ToyCarEmu/train/section_00_source_train_normal_0083_car_B1_spd_2_mic_2_mic_1.wav,heldout,friction_burst,0.8727058172225952
ToyCarEmu/train/section_00_source_train_normal_0091_car_B1_spd_2_mic_2_mic_1.wav,heldout,friction_burst,0.8878529071807861
ToyCarEmu/train/section_00_source_train_normal_0114_car_B2_spd_2_mic_2_mic_1.wav,heldout,friction_burst,0.8953500986099243
ToyCarEmu/train/section_00_source_train_normal_0131_car_B2_spd_3_mic_2_mic_1.wav,heldout,friction_burst,0.9630448222160339
ToyCarEmu/train/section_00_source_train_normal_0139_car_B2_spd_3_mic_2_mic_1.wav,heldout,friction_burst,0.9285295605659485
ToyCarEmu/train/section_00_source_train_normal_0142_car_B2_spd_3_mic_2_mic_1.wav,heldout,friction_burst,0.9935068488121033
ToyCarEmu/train/section_00_source_train_normal_0166_car_B1_spd_3_mic_2_mic_1.wav,heldout,friction_burst,0.8658259510993958
ToyCarEmu/train/section_00_source_train_normal_0170_car_B1_spd_3_mic_2_mic_1.wav,heldout,friction_burst,0.8336431384086609
ToyCarEmu/train/section_00_source_train_normal_0174_car_B1_spd_3_mic_2_mic_1.wav,heldout,friction_burst,0.9595246911048889
ToyCarEmu/train/section_00_source_train_normal_0187_car_B1_spd_3_mic_2_mic_1.wav,heldout,friction_burst,0.9333755373954773
ToyCarEmu/train/section_00_source_train_normal_0204_car_B2_spd_3_mic_2_mic_1.wav,heldout,friction_burst,0.9671831727027893
ToyCarEmu/train/section_00_source_train_normal_0210_car_B2_spd_3_mic_2_mic_1.wav,heldout,friction_burst,0.9589239954948425
ToyCarEmu/train/section_00_source_train_normal_0216_car_B1_spd_5_mic_2_mic_1.wav,heldout,friction_burst,0.9762980341911316
ToyCarEmu/train/section_00_source_train_normal_0218_car_B1_spd_5_mic_2_mic_1.wav,heldout,friction_burst,0.9854507446289062
ToyCarEmu/train/section_00_source_train_normal_0225_car_B1_spd_5_mic_2_mic_1.wav,heldout,friction_burst,0.9282179474830627
ToyCarEmu/train/section_00_source_train_normal_0230_car_B1_spd_5_mic_2_mic_1.wav,heldout,friction_burst,0.9652004837989807
ToyCarEmu/train/section_00_source_train_normal_0236_car_B2_spd_5_mic_2_mic_1.wav,heldout,friction_burst,0.8900519013404846
ToyCarEmu/train/section_00_source_train_normal_0245_car_B2_spd_5_mic_2_mic_1.wav,heldout,friction_burst,0.8808425664901733
ToyCarEmu/train/section_00_source_train_normal_0264_car_B1_spd_5_mic_2_mic_1.wav,heldout,friction_burst,0.9568038582801819
ToyCarEmu/train/section_00_source_train_normal_0265_car_B1_spd_5_mic_2_mic_1.wav,heldout,friction_burst,0.9801397919654846
ToyCarEmu/train/section_00_source_train_normal_0274_car_B1_spd_5_mic_2_mic_1.wav,heldout,friction_burst,0.9670189023017883
ToyCarEmu/train/section_00_source_train_normal_0282_car_B1_spd_5_mic_2_mic_1.wav,heldout,friction_burst,0.7897162437438965
ToyCarEmu/train/section_00_source_train_normal_0291_car_B1_spd_5_mic_2_mic_1.wav,heldout,friction_burst,0.9192636013031006
ToyCarEmu/train/section_00_source_train_normal_0303_car_B1_spd_5_mic_2_mic_1.wav,heldout,friction_burst,0.9708789587020874
ToyCarEmu/train/section_00_source_train_normal_0308_car_B2_spd_5_mic_2_mic_1.wav,heldout,friction_burst,0.9982095956802368
ToyCarEmu/train/section_00_source_train_normal_0316_car_B2_spd_5_mic_2_mic_1.wav,heldout,friction_burst,0.9201982021331787
ToyCarEmu/train/section_00_source_train_normal_0317_car_B2_spd_5_mic_2_mic_1.wav,heldout,friction_burst,0.9680933952331543
ToyCarEmu/train/section_00_source_train_normal_0321_car_B2_spd_5_mic_2_mic_1.wav,heldout,friction_burst,0.979590654373169
ToyCarEmu/train/section_00_source_train_normal_0329_car_B2_spd_5_mic_2_mic_1.wav,heldout,friction_burst,0.9113297462463379
ToyCarEmu/train/section_00_source_train_normal_0338_car_C1_spd_2_mic_2_mic_1.wav,heldout,friction_burst,0.9436994194984436
ToyCarEmu/train/section_00_source_train_normal_0339_car_C1_spd_2_mic_2_mic_1.wav,heldout,friction_burst,0.9499691724777222
ToyCarEmu/train/section_00_source_train_normal_0348_car_C1_spd_2_mic_2_mic_1.wav,heldout,friction_burst,0.9626424908638
ToyCarEmu/train/section_00_source_train_normal_0351_car_C1_spd_2_mic_2_mic_1.wav,heldout,friction_burst,0.9795721173286438
ToyCarEmu/train/section_00_source_train_normal_0356_car_C2_spd_2_mic_2_mic_1.wav,heldout,friction_burst,0.9837439060211182
ToyCarEmu/train/section_00_source_train_normal_0360_car_C2_spd_2_mic_2_mic_1.wav,heldout,friction_burst,0.9071688652038574
ToyCarEmu/train/section_00_source_train_normal_0396_car_C1_spd_2_mic_2_mic_1.wav,heldout,friction_burst,0.9856009483337402
ToyCarEmu/train/section_00_source_train_normal_0404_car_C1_spd_2_mic_2_mic_1.wav,heldout,friction_burst,0.8900409936904907
ToyCarEmu/train/section_00_source_train_normal_0410_car_C1_spd_2_mic_2_mic_1.wav,heldout,friction_burst,0.9309418201446533
ToyCarEmu/train/section_00_source_train_normal_0411_car_C1_spd_2_mic_2_mic_1.wav,heldout,friction_burst,0.9876176714897156
ToyCarEmu/train/section_00_source_train_normal_0423_car_C2_spd_2_mic_2_mic_1.wav,heldout,friction_burst,0.9735446572303772
ToyCarEmu/train/section_00_source_train_normal_0433_car_C2_spd_2_mic_2_mic_1.wav,heldout,friction_burst,0.8354161977767944
ToyCarEmu/train/section_00_source_train_normal_0435_car_C2_spd_2_mic_2_mic_1.wav,heldout,friction_burst,0.9941343665122986
ToyCarEmu/train/section_00_source_train_normal_0443_car_C2_spd_2_mic_2_mic_1.wav,heldout,friction_burst,0.9249408841133118
ToyCarEmu/train/section_00_source_train_normal_0454_car_C1_spd_3_mic_2_mic_1.wav,heldout,friction_burst,0.9280645251274109
ToyCarEmu/train/section_00_source_train_normal_0468_car_C1_spd_3_mic_2_mic_1.wav,heldout,friction_burst,0.9554791450500488
ToyCarEmu/train/section_00_source_train_normal_0473_car_C1_spd_3_mic_2_mic_1.wav,heldout,friction_burst,0.9538852572441101
ToyCarEmu/train/section_00_source_train_normal_0511_car_C2_spd_3_mic_2_mic_1.wav,heldout,friction_burst,0.966494083404541
ToyCarEmu/train/section_00_source_train_normal_0524_car_C1_spd_3_mic_2_mic_1.wav,heldout,friction_burst,0.9803797006607056
ToyCarEmu/train/section_00_source_train_normal_0536_car_C1_spd_3_mic_2_mic_1.wav,heldout,friction_burst,0.9879956245422363
ToyCarEmu/train/section_00_source_train_normal_0547_car_C1_spd_5_mic_2_mic_1.wav,heldout,friction_burst,0.9820675253868103
ToyCarEmu/train/section_00_source_train_normal_0550_car_C1_spd_5_mic_2_mic_1.wav,heldout,friction_burst,0.9531458616256714
ToyCarEmu/train/section_00_source_train_normal_0605_car_C1_spd_5_mic_2_mic_1.wav,heldout,friction_burst,0.9844600558280945
ToyCarEmu/train/section_00_source_train_normal_0652_car_C2_spd_5_mic_2_mic_1.wav,heldout,friction_burst,0.9577200412750244
ToyCarEmu/train/section_00_source_train_normal_0666_car_D1_spd_2_mic_2_mic_1.wav,heldout,friction_burst,0.9912669658660889
ToyCarEmu/train/section_00_source_train_normal_0689_car_D2_spd_2_mic_2_mic_1.wav,heldout,friction_burst,0.758612334728241
ToyCarEmu/train/section_00_source_train_normal_0700_car_D2_spd_2_mic_2_mic_1.wav,heldout,friction_burst,0.9778496026992798
ToyCarEmu/train/section_00_source_train_normal_0708_car_D1_spd_2_mic_2_mic_1.wav,heldout,friction_burst,0.9834349155426025
ToyCarEmu/train/section_00_source_train_normal_0712_car_D1_spd_2_mic_2_mic_1.wav,heldout,friction_burst,0.9576895833015442
ToyCarEmu/train/section_00_source_train_normal_0714_car_D1_spd_2_mic_2_mic_1.wav,heldout,friction_burst,0.9316926598548889
ToyCarEmu/train/section_00_source_train_normal_0721_car_D1_spd_2_mic_2_mic_1.wav,heldout,friction_burst,0.9559688568115234
ToyCarEmu/train/section_00_source_train_normal_0724_car_D1_spd_2_mic_2_mic_1.wav,heldout,friction_burst,0.9636961221694946
ToyCarEmu/train/section_00_source_train_normal_0757_car_D2_spd_2_mic_2_mic_1.wav,heldout,friction_burst,0.926699161529541
ToyCarEmu/train/section_00_source_train_normal_0771_car_D2_spd_2_mic_2_mic_1.wav,heldout,friction_burst,0.9879106879234314
ToyCarEmu/train/section_00_source_train_normal_0791_car_D1_spd_3_mic_2_mic_1.wav,heldout,friction_burst,0.9943013787269592
ToyCarEmu/train/section_00_source_train_normal_0793_car_D1_spd_3_mic_2_mic_1.wav,heldout,friction_burst,0.9559494853019714
ToyCarEmu/train/section_00_source_train_normal_0798_car_D1_spd_3_mic_2_mic_1.wav,heldout,friction_burst,0.9020161032676697
ToyCarEmu/train/section_00_source_train_normal_0801_car_D1_spd_3_mic_2_mic_1.wav,heldout,friction_burst,0.8777502775192261
ToyCarEmu/train/section_00_source_train_normal_0803_car_D1_spd_3_mic_2_mic_1.wav,heldout,friction_burst,0.9915046095848083
ToyCarEmu/train/section_00_source_train_normal_0805_car_D1_spd_3_mic_2_mic_1.wav,heldout,friction_burst,0.912257969379425
ToyCarEmu/train/section_00_source_train_normal_0842_car_D2_spd_3_mic_2_mic_1.wav,heldout,friction_burst,0.89239501953125
ToyCarEmu/train/section_00_source_train_normal_0852_car_D1_spd_3_mic_2_mic_1.wav,heldout,friction_burst,0.9840682148933411
ToyCarEmu/train/section_00_source_train_normal_0868_car_D1_spd_3_mic_2_mic_1.wav,heldout,friction_burst,0.9887658357620239
ToyCarEmu/train/section_00_source_train_normal_0880_car_D1_spd_5_mic_2_mic_1.wav,heldout,friction_burst,0.9833580851554871
ToyCarEmu/train/section_00_source_train_normal_0886_car_D1_spd_5_mic_2_mic_1.wav,heldout,friction_burst,0.8065476417541504
ToyCarEmu/train/section_00_source_train_normal_0896_car_D2_spd_5_mic_2_mic_1.wav,heldout,friction_burst,0.8631007671356201
ToyCarEmu/train/section_00_source_train_normal_0928_car_D1_spd_5_mic_2_mic_1.wav,heldout,friction_burst,0.9811953902244568
ToyCarEmu/train/section_00_source_train_normal_0940_car_D1_spd_5_mic_2_mic_1.wav,heldout,friction_burst,0.9101619124412537
ToyCarEmu/train/section_00_source_train_normal_0952_car_D1_spd_5_mic_2_mic_1.wav,heldout,friction_burst,0.8684717416763306
ToyCarEmu/train/section_00_source_train_normal_0958_car_D1_spd_5_mic_2_mic_1.wav,heldout,friction_burst,0.9895642399787903
ToyCarEmu/train/section_00_source_train_normal_0964_car_D1_spd_5_mic_2_mic_1.wav,heldout,friction_burst,0.9957102537155151
ToyCarEmu/train/section_00_source_train_normal_0973_car_D2_spd_5_mic_2_mic_1.wav,heldout,friction_burst,0.9679116606712341
bearingEmu/train/section_00_source_train_normal_0013_noAttribute.wav,heldout,friction_burst,0.42234906554222107
bearingEmu/train/section_00_source_train_normal_0014_noAttribute.wav,heldout,friction_burst,0.704125165939331
bearingEmu/train/section_00_source_train_normal_0027_noAttribute.wav,heldout,friction_burst,0.7519120573997498
bearingEmu/train/section_00_source_train_normal_0030_noAttribute.wav,heldout,friction_burst,0.15741129219532013
bearingEmu/train/section_00_source_train_normal_0031_noAttribute.wav,heldout,friction_burst,0.8020831942558289
bearingEmu/train/section_00_source_train_normal_0044_noAttribute.wav,heldout,friction_burst,0.6647741198539734
bearingEmu/train/section_00_source_train_normal_0062_noAttribute.wav,heldout,friction_burst,0.8108599781990051
bearingEmu/train/section_00_source_train_normal_0067_noAttribute.wav,heldout,friction_burst,0.3268340826034546
bearingEmu/train/section_00_source_train_normal_0086_noAttribute.wav,heldout,friction_burst,0.4434708058834076
bearingEmu/train/section_00_source_train_normal_0102_noAttribute.wav,heldout,friction_burst,0.24130256474018097
bearingEmu/train/section_00_source_train_normal_0119_noAttribute.wav,heldout,friction_burst,0.6299630999565125
bearingEmu/train/section_00_source_train_normal_0128_noAttribute.wav,heldout,friction_burst,0.6169806122779846
bearingEmu/train/section_00_source_train_normal_0133_noAttribute.wav,heldout,friction_burst,0.8326776027679443
bearingEmu/train/section_00_source_train_normal_0134_noAttribute.wav,heldout,friction_burst,0.547141432762146
bearingEmu/train/section_00_source_train_normal_0156_noAttribute.wav,heldout,friction_burst,0.7825430035591125
bearingEmu/train/section_00_source_train_normal_0157_noAttribute.wav,heldout,friction_burst,0.5477533340454102
bearingEmu/train/section_00_source_train_normal_0162_noAttribute.wav,heldout,friction_burst,0.8769883513450623
bearingEmu/train/section_00_source_train_normal_0163_noAttribute.wav,heldout,friction_burst,0.5653576254844666
bearingEmu/train/section_00_source_train_normal_0168_noAttribute.wav,heldout,friction_burst,0.14014407992362976
bearingEmu/train/section_00_source_train_normal_0192_noAttribute.wav,heldout,friction_burst,0.8670637607574463
bearingEmu/train/section_00_source_train_normal_0193_noAttribute.wav,heldout,friction_burst,0.8412082195281982
bearingEmu/train/section_00_source_train_normal_0196_noAttribute.wav,heldout,friction_burst,0.12209773808717728
bearingEmu/train/section_00_source_train_normal_0207_noAttribute.wav,heldout,friction_burst,0.5938189625740051
bearingEmu/train/section_00_source_train_normal_0215_noAttribute.wav,heldout,friction_burst,0.0787506178021431
bearingEmu/train/section_00_source_train_normal_0232_noAttribute.wav,heldout,friction_burst,0.8881393074989319
bearingEmu/train/section_00_source_train_normal_0263_noAttribute.wav,heldout,friction_burst,0.8719080686569214
bearingEmu/train/section_00_source_train_normal_0266_noAttribute.wav,heldout,friction_burst,0.592475175857544
bearingEmu/train/section_00_source_train_normal_0285_noAttribute.wav,heldout,friction_burst,0.8756456971168518
bearingEmu/train/section_00_source_train_normal_0289_noAttribute.wav,heldout,friction_burst,0.2271617203950882
bearingEmu/train/section_00_source_train_normal_0312_noAttribute.wav,heldout,friction_burst,0.6831984519958496
bearingEmu/train/section_00_source_train_normal_0314_noAttribute.wav,heldout,friction_burst,0.7138516306877136
bearingEmu/train/section_00_source_train_normal_0315_noAttribute.wav,heldout,friction_burst,0.9100450873374939
bearingEmu/train/section_00_source_train_normal_0376_noAttribute.wav,heldout,friction_burst,0.17783665657043457
bearingEmu/train/section_00_source_train_normal_0380_noAttribute.wav,heldout,friction_burst,0.9445911645889282
bearingEmu/train/section_00_source_train_normal_0397_noAttribute.wav,heldout,friction_burst,0.8619251251220703
bearingEmu/train/section_00_source_train_normal_0405_noAttribute.wav,heldout,friction_burst,0.5427514314651489
bearingEmu/train/section_00_source_train_normal_0406_noAttribute.wav,heldout,friction_burst,0.4889020025730133
bearingEmu/train/section_00_source_train_normal_0411_noAttribute.wav,heldout,friction_burst,0.4122973680496216
bearingEmu/train/section_00_source_train_normal_0437_noAttribute.wav,heldout,friction_burst,0.4536288380622864
bearingEmu/train/section_00_source_train_normal_0439_noAttribute.wav,heldout,friction_burst,0.900583803653717
bearingEmu/train/section_00_source_train_normal_0445_noAttribute.wav,heldout,friction_burst,0.34510165452957153
bearingEmu/train/section_00_source_train_normal_0446_noAttribute.wav,heldout,friction_burst,0.5887008309364319
bearingEmu/train/section_00_source_train_normal_0524_noAttribute.wav,heldout,friction_burst,0.24532486498355865
bearingEmu/train/section_00_source_train_normal_0532_noAttribute.wav,heldout,friction_burst,0.42681097984313965
bearingEmu/train/section_00_source_train_normal_0543_noAttribute.wav,heldout,friction_burst,0.7805536389350891
bearingEmu/train/section_00_source_train_normal_0547_noAttribute.wav,heldout,friction_burst,0.45152363181114197
bearingEmu/train/section_00_source_train_normal_0558_noAttribute.wav,heldout,friction_burst,0.8261691331863403
bearingEmu/train/section_00_source_train_normal_0577_noAttribute.wav,heldout,friction_burst,0.7415621876716614
bearingEmu/train/section_00_source_train_normal_0587_noAttribute.wav,heldout,friction_burst,0.872266411781311
bearingEmu/train/section_00_source_train_normal_0589_noAttribute.wav,heldout,friction_burst,0.6096605062484741
bearingEmu/train/section_00_source_train_normal_0591_noAttribute.wav,heldout,friction_burst,0.847502589225769
bearingEmu/train/section_00_source_train_normal_0597_noAttribute.wav,heldout,friction_burst,0.1300048530101776
bearingEmu/train/section_00_source_train_normal_0626_noAttribute.wav,heldout,friction_burst,0.563981294631958
bearingEmu/train/section_00_source_train_normal_0628_noAttribute.wav,heldout,friction_burst,0.6811193823814392
bearingEmu/train/section_00_source_train_normal_0656_noAttribute.wav,heldout,friction_burst,0.7445638179779053
bearingEmu/train/section_00_source_train_normal_0662_noAttribute.wav,heldout,friction_burst,0.8336758613586426
bearingEmu/train/section_00_source_train_normal_0668_noAttribute.wav,heldout,friction_burst,0.7947608232498169
bearingEmu/train/section_00_source_train_normal_0673_noAttribute.wav,heldout,friction_burst,0.13871614634990692
bearingEmu/train/section_00_source_train_normal_0686_noAttribute.wav,heldout,friction_burst,0.7751906514167786
bearingEmu/train/section_00_source_train_normal_0687_noAttribute.wav,heldout,friction_burst,0.6329618096351624
bearingEmu/train/section_00_source_train_normal_0693_noAttribute.wav,heldout,friction_burst,0.30222901701927185
bearingEmu/train/section_00_source_train_normal_0696_noAttribute.wav,heldout,friction_burst,0.8182554244995117
bearingEmu/train/section_00_source_train_normal_0709_noAttribute.wav,heldout,friction_burst,0.7879819869995117
bearingEmu/train/section_00_source_train_normal_0722_noAttribute.wav,heldout,friction_burst,0.6322076320648193
bearingEmu/train/section_00_source_train_normal_0735_noAttribute.wav,heldout,friction_burst,0.3782886266708374
bearingEmu/train/section_00_source_train_normal_0748_noAttribute.wav,heldout,friction_burst,0.8086432218551636
bearingEmu/train/section_00_source_train_normal_0751_noAttribute.wav,heldout,friction_burst,0.8702727556228638
bearingEmu/train/section_00_source_train_normal_0755_noAttribute.wav,heldout,friction_burst,0.3885343074798584
bearingEmu/train/section_00_source_train_normal_0759_noAttribute.wav,heldout,friction_burst,0.7649892568588257
bearingEmu/train/section_00_source_train_normal_0775_noAttribute.wav,heldout,friction_burst,0.9453104734420776
bearingEmu/train/section_00_source_train_normal_0777_noAttribute.wav,heldout,friction_burst,0.11053897440433502
bearingEmu/train/section_00_source_train_normal_0807_noAttribute.wav,heldout,friction_burst,0.7226541042327881
bearingEmu/train/section_00_source_train_normal_0851_noAttribute.wav,heldout,friction_burst,0.5586288571357727
bearingEmu/train/section_00_source_train_normal_0860_noAttribute.wav,heldout,friction_burst,0.24263979494571686
bearingEmu/train/section_00_source_train_normal_0864_noAttribute.wav,heldout,friction_burst,0.6003413796424866
bearingEmu/train/section_00_source_train_normal_0878_noAttribute.wav,heldout,friction_burst,0.8954492807388306
bearingEmu/train/section_00_source_train_normal_0903_noAttribute.wav,heldout,friction_burst,0.34837818145751953
bearingEmu/train/section_00_source_train_normal_0920_noAttribute.wav,heldout,friction_burst,0.1758292019367218
bearingEmu/train/section_00_source_train_normal_0922_noAttribute.wav,heldout,friction_burst,0.6507537961006165
bearingEmu/train/section_00_source_train_normal_0925_noAttribute.wav,heldout,friction_burst,0.26865631341934204
bearingEmu/train/section_00_source_train_normal_0959_noAttribute.wav,heldout,friction_burst,0.5799169540405273
bearingEmu/train/section_00_source_train_normal_0961_noAttribute.wav,heldout,friction_burst,0.6952664852142334
bearingEmu/train/section_00_source_train_normal_0973_noAttribute.wav,heldout,friction_burst,0.7313752770423889
bearingEmu/train/section_00_source_train_normal_0977_noAttribute.wav,heldout,friction_burst,0.7336732745170593
bearingEmu/train/section_00_source_train_normal_0983_noAttribute.wav,heldout,friction_burst,0.6444584727287292
bearingEmu/train/section_00_source_train_normal_0986_noAttribute.wav,heldout,friction_burst,0.307513564825058
fan/train/section_00_source_train_normal_0011_spd_3.wav,heldout,friction_burst,0.7134499549865723
fan/train/section_00_source_train_normal_0017_spd_3.wav,heldout,friction_burst,0.8236605525016785
fan/train/section_00_source_train_normal_0027_spd_2.wav,heldout,friction_burst,0.7428991794586182
fan/train/section_00_source_train_normal_0030_spd_3.wav,heldout,friction_burst,0.6849904656410217
fan/train/section_00_source_train_normal_0053_spd_1.wav,heldout,friction_burst,0.795022189617157
fan/train/section_00_source_train_normal_0091_spd_1.wav,heldout,friction_burst,0.6498274803161621
fan/train/section_00_source_train_normal_0098_spd_2.wav,heldout,friction_burst,0.9048152565956116
fan/train/section_00_source_train_normal_0109_spd_3.wav,heldout,friction_burst,0.9127292037010193
fan/train/section_00_source_train_normal_0146_spd_2.wav,heldout,friction_burst,0.8870846033096313
fan/train/section_00_source_train_normal_0149_spd_2.wav,heldout,friction_burst,0.7274625301361084
fan/train/section_00_source_train_normal_0171_spd_2.wav,heldout,friction_burst,0.8224129676818848
fan/train/section_00_source_train_normal_0209_spd_3.wav,heldout,friction_burst,0.7574325203895569
fan/train/section_00_source_train_normal_0217_spd_3.wav,heldout,friction_burst,0.8344351649284363
fan/train/section_00_source_train_normal_0229_spd_2.wav,heldout,friction_burst,0.6942101120948792
fan/train/section_00_source_train_normal_0269_spd_3.wav,heldout,friction_burst,0.9268398284912109
fan/train/section_00_source_train_normal_0309_spd_2.wav,heldout,friction_burst,0.9075113534927368
fan/train/section_00_source_train_normal_0312_spd_3.wav,heldout,friction_burst,0.9414277076721191
fan/train/section_00_source_train_normal_0320_spd_1.wav,heldout,friction_burst,0.8873162865638733
fan/train/section_00_source_train_normal_0326_spd_1.wav,heldout,friction_burst,0.9466416835784912
fan/train/section_00_source_train_normal_0329_spd_2.wav,heldout,friction_burst,0.780371904373169
fan/train/section_00_source_train_normal_0330_spd_1.wav,heldout,friction_burst,0.6645704507827759
fan/train/section_00_source_train_normal_0331_spd_1.wav,heldout,friction_burst,0.9587804079055786
fan/train/section_00_source_train_normal_0354_spd_3.wav,heldout,friction_burst,0.8640803694725037
fan/train/section_00_source_train_normal_0366_spd_2.wav,heldout,friction_burst,0.9356800317764282
fan/train/section_00_source_train_normal_0372_spd_2.wav,heldout,friction_burst,0.9075828790664673
fan/train/section_00_source_train_normal_0379_spd_2.wav,heldout,friction_burst,0.9571039080619812
fan/train/section_00_source_train_normal_0399_spd_1.wav,heldout,friction_burst,0.7631757855415344
fan/train/section_00_source_train_normal_0418_spd_2.wav,heldout,friction_burst,0.9099215269088745
fan/train/section_00_source_train_normal_0420_spd_2.wav,heldout,friction_burst,0.9140164256095886
fan/train/section_00_source_train_normal_0427_spd_3.wav,heldout,friction_burst,0.930478036403656
fan/train/section_00_source_train_normal_0428_spd_3.wav,heldout,friction_burst,0.8948776125907898
fan/train/section_00_source_train_normal_0440_spd_1.wav,heldout,friction_burst,0.7950204014778137
fan/train/section_00_source_train_normal_0444_spd_3.wav,heldout,friction_burst,0.9449706673622131
fan/train/section_00_source_train_normal_0449_spd_1.wav,heldout,friction_burst,0.7479351758956909
fan/train/section_00_source_train_normal_0450_spd_2.wav,heldout,friction_burst,0.8757848739624023
fan/train/section_00_source_train_normal_0464_spd_3.wav,heldout,friction_burst,0.9040945768356323
fan/train/section_00_source_train_normal_0467_spd_3.wav,heldout,friction_burst,0.9419480562210083
fan/train/section_00_source_train_normal_0470_spd_2.wav,heldout,friction_burst,0.8140172362327576
fan/train/section_00_source_train_normal_0495_spd_3.wav,heldout,friction_burst,0.5207713842391968
fan/train/section_00_source_train_normal_0513_spd_1.wav,heldout,friction_burst,0.9266688823699951
fan/train/section_00_source_train_normal_0540_spd_3.wav,heldout,friction_burst,0.7689456343650818
fan/train/section_00_source_train_normal_0563_spd_3.wav,heldout,friction_burst,0.8209667205810547
fan/train/section_00_source_train_normal_0574_spd_3.wav,heldout,friction_burst,0.9306586980819702
fan/train/section_00_source_train_normal_0575_spd_3.wav,heldout,friction_burst,0.8866471648216248
fan/train/section_00_source_train_normal_0582_spd_2.wav,heldout,friction_burst,0.8241944313049316
fan/train/section_00_source_train_normal_0614_spd_3.wav,heldout,friction_burst,0.8021483421325684
fan/train/section_00_source_train_normal_0626_spd_3.wav,heldout,friction_burst,0.8445739150047302
fan/train/section_00_source_train_normal_0631_spd_2.wav,heldout,friction_burst,0.9543209075927734
fan/train/section_00_source_train_normal_0673_spd_3.wav,heldout,friction_burst,0.9063924551010132
fan/train/section_00_source_train_normal_0687_spd_3.wav,heldout,friction_burst,0.8412391543388367
fan/train/section_00_source_train_normal_0693_spd_1.wav,heldout,friction_burst,0.83399897813797
fan/train/section_00_source_train_normal_0705_spd_1.wav,heldout,friction_burst,0.8413286805152893
fan/train/section_00_source_train_normal_0723_spd_1.wav,heldout,friction_burst,0.689082145690918
fan/train/section_00_source_train_normal_0734_spd_2.wav,heldout,friction_burst,0.7783793210983276
fan/train/section_00_source_train_normal_0737_spd_2.wav,heldout,friction_burst,0.8917003870010376
fan/train/section_00_source_train_normal_0791_spd_1.wav,heldout,friction_burst,0.9315878748893738
fan/train/section_00_source_train_normal_0804_spd_3.wav,heldout,friction_burst,0.7896556854248047
fan/train/section_00_source_train_normal_0805_spd_1.wav,heldout,friction_burst,0.8866583108901978
fan/train/section_00_source_train_normal_0815_spd_2.wav,heldout,friction_burst,0.8328114151954651
fan/train/section_00_source_train_normal_0828_spd_3.wav,heldout,friction_burst,0.5839442014694214
fan/train/section_00_source_train_normal_0836_spd_3.wav,heldout,friction_burst,0.9595254063606262
fan/train/section_00_source_train_normal_0841_spd_1.wav,heldout,friction_burst,0.8424902558326721
fan/train/section_00_source_train_normal_0862_spd_3.wav,heldout,friction_burst,0.8389777541160583
fan/train/section_00_source_train_normal_0869_spd_3.wav,heldout,friction_burst,0.8295377492904663
fan/train/section_00_source_train_normal_0871_spd_3.wav,heldout,friction_burst,0.6913014054298401
fan/train/section_00_source_train_normal_0882_spd_1.wav,heldout,friction_burst,0.8696109652519226
fan/train/section_00_source_train_normal_0892_spd_2.wav,heldout,friction_burst,0.7923235893249512
fan/train/section_00_source_train_normal_0899_spd_2.wav,heldout,friction_burst,0.7092016935348511
fan/train/section_00_source_train_normal_0908_spd_2.wav,heldout,friction_burst,0.9112359285354614
fan/train/section_00_source_train_normal_0924_spd_2.wav,heldout,friction_burst,0.8993157744407654
fan/train/section_00_source_train_normal_0925_spd_2.wav,heldout,friction_burst,0.8235719203948975
fan/train/section_00_source_train_normal_0980_spd_2.wav,heldout,friction_burst,0.8990930318832397
fan/train/section_00_source_train_normal_0981_spd_2.wav,heldout,friction_burst,0.9433249831199646
fan/train/section_00_source_train_normal_0985_spd_1.wav,heldout,friction_burst,0.8798431158065796
fan/train/section_00_source_train_normal_0986_spd_2.wav,heldout,friction_burst,0.9468279480934143
gearboxEmu/train/section_00_source_train_normal_0002_pro_C.wav,heldout,friction_burst,0.8641231060028076
gearboxEmu/train/section_00_source_train_normal_0009_pro_E.wav,heldout,friction_burst,0.6438098549842834
gearboxEmu/train/section_00_source_train_normal_0017_pro_E.wav,heldout,friction_burst,0.7983728647232056
gearboxEmu/train/section_00_source_train_normal_0036_pro_C.wav,heldout,friction_burst,0.927839994430542
gearboxEmu/train/section_00_source_train_normal_0068_pro_E.wav,heldout,friction_burst,0.7305565476417542
gearboxEmu/train/section_00_source_train_normal_0076_pro_E.wav,heldout,friction_burst,0.7702789306640625
gearboxEmu/train/section_00_source_train_normal_0087_pro_D.wav,heldout,friction_burst,0.7667596936225891
gearboxEmu/train/section_00_source_train_normal_0099_pro_C.wav,heldout,friction_burst,0.9329189658164978
gearboxEmu/train/section_00_source_train_normal_0109_pro_F.wav,heldout,friction_burst,0.8961503505706787
gearboxEmu/train/section_00_source_train_normal_0111_pro_A.wav,heldout,friction_burst,0.9647244811058044
gearboxEmu/train/section_00_source_train_normal_0133_pro_E.wav,heldout,friction_burst,0.9101571440696716
gearboxEmu/train/section_00_source_train_normal_0142_pro_F.wav,heldout,friction_burst,0.8566661477088928
gearboxEmu/train/section_00_source_train_normal_0147_pro_D.wav,heldout,friction_burst,0.7581291794776917
gearboxEmu/train/section_00_source_train_normal_0148_pro_D.wav,heldout,friction_burst,0.7080307006835938
gearboxEmu/train/section_00_source_train_normal_0167_pro_D.wav,heldout,friction_burst,0.9437929391860962
gearboxEmu/train/section_00_source_train_normal_0168_pro_B.wav,heldout,friction_burst,0.9252827763557434
gearboxEmu/train/section_00_source_train_normal_0175_pro_C.wav,heldout,friction_burst,0.9283515810966492
gearboxEmu/train/section_00_source_train_normal_0191_pro_B.wav,heldout,friction_burst,0.8103792667388916
gearboxEmu/train/section_00_source_train_normal_0197_pro_A.wav,heldout,friction_burst,0.7891578674316406
gearboxEmu/train/section_00_source_train_normal_0198_pro_F.wav,heldout,friction_burst,0.8880236148834229
gearboxEmu/train/section_00_source_train_normal_0201_pro_A.wav,heldout,friction_burst,0.7868649959564209
gearboxEmu/train/section_00_source_train_normal_0204_pro_C.wav,heldout,friction_burst,0.9562772512435913
gearboxEmu/train/section_00_source_train_normal_0207_pro_F.wav,heldout,friction_burst,0.6335796117782593
gearboxEmu/train/section_00_source_train_normal_0220_pro_A.wav,heldout,friction_burst,0.8677187561988831
gearboxEmu/train/section_00_source_train_normal_0254_pro_A.wav,heldout,friction_burst,0.7377710342407227
gearboxEmu/train/section_00_source_train_normal_0264_pro_E.wav,heldout,friction_burst,0.980512261390686
gearboxEmu/train/section_00_source_train_normal_0276_pro_C.wav,heldout,friction_burst,0.49474334716796875
gearboxEmu/train/section_00_source_train_normal_0277_pro_D.wav,heldout,friction_burst,0.9597966074943542
gearboxEmu/train/section_00_source_train_normal_0287_pro_D.wav,heldout,friction_burst,0.7564222812652588
gearboxEmu/train/section_00_source_train_normal_0291_pro_B.wav,heldout,friction_burst,0.8758748769760132
gearboxEmu/train/section_00_source_train_normal_0293_pro_B.wav,heldout,friction_burst,0.9558059573173523
gearboxEmu/train/section_00_source_train_normal_0301_pro_D.wav,heldout,friction_burst,0.7373056411743164
gearboxEmu/train/section_00_source_train_normal_0317_pro_A.wav,heldout,friction_burst,0.508442759513855
gearboxEmu/train/section_00_source_train_normal_0319_pro_A.wav,heldout,friction_burst,0.9009755849838257
gearboxEmu/train/section_00_source_train_normal_0333_pro_A.wav,heldout,friction_burst,0.9420830607414246
gearboxEmu/train/section_00_source_train_normal_0339_pro_A.wav,heldout,friction_burst,0.8776994347572327
gearboxEmu/train/section_00_source_train_normal_0344_pro_C.wav,heldout,friction_burst,0.7968639731407166
gearboxEmu/train/section_00_source_train_normal_0359_pro_A.wav,heldout,friction_burst,0.9223858118057251
gearboxEmu/train/section_00_source_train_normal_0364_pro_A.wav,heldout,friction_burst,0.957562267780304
gearboxEmu/train/section_00_source_train_normal_0372_pro_C.wav,heldout,friction_burst,0.7288988828659058
gearboxEmu/train/section_00_source_train_normal_0378_pro_B.wav,heldout,friction_burst,0.9663848280906677
gearboxEmu/train/section_00_source_train_normal_0382_pro_D.wav,heldout,friction_burst,0.6405288577079773
gearboxEmu/train/section_00_source_train_normal_0395_pro_B.wav,heldout,friction_burst,0.4890565872192383
gearboxEmu/train/section_00_source_train_normal_0398_pro_D.wav,heldout,friction_burst,0.9396383166313171
gearboxEmu/train/section_00_source_train_normal_0406_pro_E.wav,heldout,friction_burst,0.9605404138565063
gearboxEmu/train/section_00_source_train_normal_0414_pro_C.wav,heldout,friction_burst,0.9334883093833923
gearboxEmu/train/section_00_source_train_normal_0522_pro_F.wav,heldout,friction_burst,0.866070568561554
gearboxEmu/train/section_00_source_train_normal_0526_pro_F.wav,heldout,friction_burst,0.7409398555755615
gearboxEmu/train/section_00_source_train_normal_0531_pro_A.wav,heldout,friction_burst,0.8359130024909973
gearboxEmu/train/section_00_source_train_normal_0540_pro_E.wav,heldout,friction_burst,0.6630651354789734
gearboxEmu/train/section_00_source_train_normal_0547_pro_C.wav,heldout,friction_burst,0.9438360929489136
gearboxEmu/train/section_00_source_train_normal_0555_pro_A.wav,heldout,friction_burst,0.590488076210022
gearboxEmu/train/section_00_source_train_normal_0572_pro_B.wav,heldout,friction_burst,0.9497621655464172
gearboxEmu/train/section_00_source_train_normal_0580_pro_C.wav,heldout,friction_burst,0.968607485294342
gearboxEmu/train/section_00_source_train_normal_0615_pro_A.wav,heldout,friction_burst,0.7772621512413025
gearboxEmu/train/section_00_source_train_normal_0617_pro_B.wav,heldout,friction_burst,0.8490593433380127
gearboxEmu/train/section_00_source_train_normal_0620_pro_C.wav,heldout,friction_burst,0.9533821940422058
gearboxEmu/train/section_00_source_train_normal_0627_pro_B.wav,heldout,friction_burst,0.8658689260482788
gearboxEmu/train/section_00_source_train_normal_0636_pro_F.wav,heldout,friction_burst,0.9445285797119141
gearboxEmu/train/section_00_source_train_normal_0641_pro_D.wav,heldout,friction_burst,0.8030349612236023
gearboxEmu/train/section_00_source_train_normal_0647_pro_A.wav,heldout,friction_burst,0.8537003993988037
gearboxEmu/train/section_00_source_train_normal_0665_pro_B.wav,heldout,friction_burst,0.9417775869369507
gearboxEmu/train/section_00_source_train_normal_0678_pro_F.wav,heldout,friction_burst,0.7782305479049683
gearboxEmu/train/section_00_source_train_normal_0685_pro_A.wav,heldout,friction_burst,0.9516112804412842
gearboxEmu/train/section_00_source_train_normal_0709_pro_C.wav,heldout,friction_burst,0.8622176647186279
gearboxEmu/train/section_00_source_train_normal_0713_pro_E.wav,heldout,friction_burst,0.7448294758796692
gearboxEmu/train/section_00_source_train_normal_0720_pro_D.wav,heldout,friction_burst,0.8398118019104004
gearboxEmu/train/section_00_source_train_normal_0728_pro_D.wav,heldout,friction_burst,0.7868852615356445
gearboxEmu/train/section_00_source_train_normal_0734_pro_C.wav,heldout,friction_burst,0.7910780906677246
gearboxEmu/train/section_00_source_train_normal_0770_pro_D.wav,heldout,friction_burst,0.8234332203865051
gearboxEmu/train/section_00_source_train_normal_0787_pro_F.wav,heldout,friction_burst,0.6723354458808899
gearboxEmu/train/section_00_source_train_normal_0805_pro_B.wav,heldout,friction_burst,0.9457082152366638
gearboxEmu/train/section_00_source_train_normal_0815_pro_C.wav,heldout,friction_burst,0.8734806776046753
gearboxEmu/train/section_00_source_train_normal_0821_pro_C.wav,heldout,friction_burst,0.8312689661979675
gearboxEmu/train/section_00_source_train_normal_0828_pro_F.wav,heldout,friction_burst,0.8240887522697449
gearboxEmu/train/section_00_source_train_normal_0837_pro_B.wav,heldout,friction_burst,0.8431679010391235
gearboxEmu/train/section_00_source_train_normal_0845_pro_E.wav,heldout,friction_burst,0.7493310570716858
gearboxEmu/train/section_00_source_train_normal_0862_pro_F.wav,heldout,friction_burst,0.9740301370620728
gearboxEmu/train/section_00_source_train_normal_0867_pro_F.wav,heldout,friction_burst,0.9414270520210266
gearboxEmu/train/section_00_source_train_normal_0869_pro_F.wav,heldout,friction_burst,0.8025451898574829
gearboxEmu/train/section_00_source_train_normal_0870_pro_E.wav,heldout,friction_burst,0.971852719783783
gearboxEmu/train/section_00_source_train_normal_0876_pro_A.wav,heldout,friction_burst,0.7814218997955322
gearboxEmu/train/section_00_source_train_normal_0890_pro_C.wav,heldout,friction_burst,0.9511278867721558
gearboxEmu/train/section_00_source_train_normal_0907_pro_B.wav,heldout,friction_burst,0.6871545910835266
gearboxEmu/train/section_00_source_train_normal_0937_pro_E.wav,heldout,friction_burst,0.8911871314048767
gearboxEmu/train/section_00_source_train_normal_0940_pro_B.wav,heldout,friction_burst,0.5360787510871887
gearboxEmu/train/section_00_source_train_normal_0988_pro_A.wav,heldout,friction_burst,0.8717913031578064
sliderEmu/train/section_00_source_train_normal_0016_noAttribute.wav,heldout,friction_burst,0.9195896983146667
sliderEmu/train/section_00_source_train_normal_0026_noAttribute.wav,heldout,friction_burst,0.7352339625358582
sliderEmu/train/section_00_source_train_normal_0034_noAttribute.wav,heldout,friction_burst,0.8791623711585999
sliderEmu/train/section_00_source_train_normal_0050_noAttribute.wav,heldout,friction_burst,0.8358315229415894
sliderEmu/train/section_00_source_train_normal_0051_noAttribute.wav,heldout,friction_burst,0.9000875949859619
sliderEmu/train/section_00_source_train_normal_0061_noAttribute.wav,heldout,friction_burst,0.8296617269515991
sliderEmu/train/section_00_source_train_normal_0066_noAttribute.wav,heldout,friction_burst,0.638306200504303
sliderEmu/train/section_00_source_train_normal_0068_noAttribute.wav,heldout,friction_burst,0.9091554880142212
sliderEmu/train/section_00_source_train_normal_0074_noAttribute.wav,heldout,friction_burst,0.9514164328575134
sliderEmu/train/section_00_source_train_normal_0080_noAttribute.wav,heldout,friction_burst,0.8192014694213867
sliderEmu/train/section_00_source_train_normal_0085_noAttribute.wav,heldout,friction_burst,0.9255881905555725
sliderEmu/train/section_00_source_train_normal_0092_noAttribute.wav,heldout,friction_burst,0.795335054397583
sliderEmu/train/section_00_source_train_normal_0099_noAttribute.wav,heldout,friction_burst,0.775887668132782
sliderEmu/train/section_00_source_train_normal_0100_noAttribute.wav,heldout,friction_burst,0.7879921793937683
sliderEmu/train/section_00_source_train_normal_0131_noAttribute.wav,heldout,friction_burst,0.5388851761817932
sliderEmu/train/section_00_source_train_normal_0146_noAttribute.wav,heldout,friction_burst,0.7523605227470398
sliderEmu/train/section_00_source_train_normal_0160_noAttribute.wav,heldout,friction_burst,0.8091967701911926
sliderEmu/train/section_00_source_train_normal_0179_noAttribute.wav,heldout,friction_burst,0.8810694217681885
sliderEmu/train/section_00_source_train_normal_0189_noAttribute.wav,heldout,friction_burst,0.8650611042976379
sliderEmu/train/section_00_source_train_normal_0196_noAttribute.wav,heldout,friction_burst,0.9259200096130371
sliderEmu/train/section_00_source_train_normal_0199_noAttribute.wav,heldout,friction_burst,0.9459190368652344
sliderEmu/train/section_00_source_train_normal_0202_noAttribute.wav,heldout,friction_burst,0.6442775726318359
sliderEmu/train/section_00_source_train_normal_0205_noAttribute.wav,heldout,friction_burst,0.3469564616680145
sliderEmu/train/section_00_source_train_normal_0211_noAttribute.wav,heldout,friction_burst,0.9409827589988708
sliderEmu/train/section_00_source_train_normal_0260_noAttribute.wav,heldout,friction_burst,0.8511878848075867
sliderEmu/train/section_00_source_train_normal_0265_noAttribute.wav,heldout,friction_burst,0.7918635010719299
sliderEmu/train/section_00_source_train_normal_0276_noAttribute.wav,heldout,friction_burst,0.942084789276123
sliderEmu/train/section_00_source_train_normal_0297_noAttribute.wav,heldout,friction_burst,0.7519241571426392
sliderEmu/train/section_00_source_train_normal_0305_noAttribute.wav,heldout,friction_burst,0.929040253162384
sliderEmu/train/section_00_source_train_normal_0320_noAttribute.wav,heldout,friction_burst,0.871803879737854
sliderEmu/train/section_00_source_train_normal_0329_noAttribute.wav,heldout,friction_burst,0.49221858382225037
sliderEmu/train/section_00_source_train_normal_0341_noAttribute.wav,heldout,friction_burst,0.652104914188385
sliderEmu/train/section_00_source_train_normal_0344_noAttribute.wav,heldout,friction_burst,0.9040684700012207
sliderEmu/train/section_00_source_train_normal_0345_noAttribute.wav,heldout,friction_burst,0.47721168398857117
sliderEmu/train/section_00_source_train_normal_0351_noAttribute.wav,heldout,friction_burst,0.9628843069076538
sliderEmu/train/section_00_source_train_normal_0360_noAttribute.wav,heldout,friction_burst,0.8054254055023193
sliderEmu/train/section_00_source_train_normal_0361_noAttribute.wav,heldout,friction_burst,0.9580434560775757
sliderEmu/train/section_00_source_train_normal_0383_noAttribute.wav,heldout,friction_burst,0.6359082460403442
sliderEmu/train/section_00_source_train_normal_0387_noAttribute.wav,heldout,friction_burst,0.9464268088340759
sliderEmu/train/section_00_source_train_normal_0391_noAttribute.wav,heldout,friction_burst,0.7616845369338989
sliderEmu/train/section_00_source_train_normal_0398_noAttribute.wav,heldout,friction_burst,0.5864678025245667
sliderEmu/train/section_00_source_train_normal_0409_noAttribute.wav,heldout,friction_burst,0.9041932225227356
sliderEmu/train/section_00_source_train_normal_0412_noAttribute.wav,heldout,friction_burst,0.8754148483276367
sliderEmu/train/section_00_source_train_normal_0427_noAttribute.wav,heldout,friction_burst,0.934760570526123
sliderEmu/train/section_00_source_train_normal_0428_noAttribute.wav,heldout,friction_burst,0.784205436706543
sliderEmu/train/section_00_source_train_normal_0442_noAttribute.wav,heldout,friction_burst,0.8952698111534119
sliderEmu/train/section_00_source_train_normal_0451_noAttribute.wav,heldout,friction_burst,0.9254605174064636
sliderEmu/train/section_00_source_train_normal_0455_noAttribute.wav,heldout,friction_burst,0.14939995110034943
sliderEmu/train/section_00_source_train_normal_0467_noAttribute.wav,heldout,friction_burst,0.8349078893661499
sliderEmu/train/section_00_source_train_normal_0473_noAttribute.wav,heldout,friction_burst,0.9361827373504639
sliderEmu/train/section_00_source_train_normal_0494_noAttribute.wav,heldout,friction_burst,0.6419997811317444
sliderEmu/train/section_00_source_train_normal_0502_noAttribute.wav,heldout,friction_burst,0.8744892477989197
sliderEmu/train/section_00_source_train_normal_0509_noAttribute.wav,heldout,friction_burst,0.5928019285202026
sliderEmu/train/section_00_source_train_normal_0522_noAttribute.wav,heldout,friction_burst,0.7739295363426208
sliderEmu/train/section_00_source_train_normal_0525_noAttribute.wav,heldout,friction_burst,0.7994232177734375
sliderEmu/train/section_00_source_train_normal_0534_noAttribute.wav,heldout,friction_burst,0.7852730751037598
sliderEmu/train/section_00_source_train_normal_0574_noAttribute.wav,heldout,friction_burst,0.9028334617614746
sliderEmu/train/section_00_source_train_normal_0584_noAttribute.wav,heldout,friction_burst,0.853268027305603
sliderEmu/train/section_00_source_train_normal_0590_noAttribute.wav,heldout,friction_burst,0.6705405712127686
sliderEmu/train/section_00_source_train_normal_0598_noAttribute.wav,heldout,friction_burst,0.6731013655662537
sliderEmu/train/section_00_source_train_normal_0602_noAttribute.wav,heldout,friction_burst,0.902949333190918
sliderEmu/train/section_00_source_train_normal_0611_noAttribute.wav,heldout,friction_burst,0.9152204990386963
sliderEmu/train/section_00_source_train_normal_0622_noAttribute.wav,heldout,friction_burst,0.7495864629745483
sliderEmu/train/section_00_source_train_normal_0623_noAttribute.wav,heldout,friction_burst,0.8641427755355835
sliderEmu/train/section_00_source_train_normal_0627_noAttribute.wav,heldout,friction_burst,0.8278160691261292
sliderEmu/train/section_00_source_train_normal_0649_noAttribute.wav,heldout,friction_burst,0.6888598203659058
sliderEmu/train/section_00_source_train_normal_0651_noAttribute.wav,heldout,friction_burst,0.9307335615158081
sliderEmu/train/section_00_source_train_normal_0656_noAttribute.wav,heldout,friction_burst,0.8328620195388794
sliderEmu/train/section_00_source_train_normal_0662_noAttribute.wav,heldout,friction_burst,0.9210313558578491
sliderEmu/train/section_00_source_train_normal_0706_noAttribute.wav,heldout,friction_burst,0.9441971182823181
sliderEmu/train/section_00_source_train_normal_0717_noAttribute.wav,heldout,friction_burst,0.640174925327301
sliderEmu/train/section_00_source_train_normal_0737_noAttribute.wav,heldout,friction_burst,0.9534540176391602
sliderEmu/train/section_00_source_train_normal_0738_noAttribute.wav,heldout,friction_burst,0.8081530332565308
sliderEmu/train/section_00_source_train_normal_0743_noAttribute.wav,heldout,friction_burst,0.9066059589385986
sliderEmu/train/section_00_source_train_normal_0751_noAttribute.wav,heldout,friction_burst,0.7131336331367493
sliderEmu/train/section_00_source_train_normal_0752_noAttribute.wav,heldout,friction_burst,0.8679925799369812
sliderEmu/train/section_00_source_train_normal_0753_noAttribute.wav,heldout,friction_burst,0.8444685935974121
sliderEmu/train/section_00_source_train_normal_0760_noAttribute.wav,heldout,friction_burst,0.8900686502456665
sliderEmu/train/section_00_source_train_normal_0772_noAttribute.wav,heldout,friction_burst,0.9151574969291687
sliderEmu/train/section_00_source_train_normal_0778_noAttribute.wav,heldout,friction_burst,0.8149124383926392
sliderEmu/train/section_00_source_train_normal_0782_noAttribute.wav,heldout,friction_burst,0.8830220699310303
sliderEmu/train/section_00_source_train_normal_0784_noAttribute.wav,heldout,friction_burst,0.8909997940063477
sliderEmu/train/section_00_source_train_normal_0794_noAttribute.wav,heldout,friction_burst,0.9363681077957153
sliderEmu/train/section_00_source_train_normal_0795_noAttribute.wav,heldout,friction_burst,0.643494725227356
sliderEmu/train/section_00_source_train_normal_0801_noAttribute.wav,heldout,friction_burst,0.9374409317970276
sliderEmu/train/section_00_source_train_normal_0816_noAttribute.wav,heldout,friction_burst,0.8097857236862183
sliderEmu/train/section_00_source_train_normal_0835_noAttribute.wav,heldout,friction_burst,0.9352500438690186
sliderEmu/train/section_00_source_train_normal_0844_noAttribute.wav,heldout,friction_burst,0.8685939908027649
sliderEmu/train/section_00_source_train_normal_0846_noAttribute.wav,heldout,friction_burst,0.9322536587715149
sliderEmu/train/section_00_source_train_normal_0912_noAttribute.wav,heldout,friction_burst,0.7865170836448669
sliderEmu/train/section_00_source_train_normal_0918_noAttribute.wav,heldout,friction_burst,0.7966832518577576
sliderEmu/train/section_00_source_train_normal_0935_noAttribute.wav,heldout,friction_burst,0.6856253743171692
sliderEmu/train/section_00_source_train_normal_0940_noAttribute.wav,heldout,friction_burst,0.9417169690132141
sliderEmu/train/section_00_source_train_normal_0948_noAttribute.wav,heldout,friction_burst,0.9395866394042969
sliderEmu/train/section_00_source_train_normal_0951_noAttribute.wav,heldout,friction_burst,0.8231202363967896
sliderEmu/train/section_00_source_train_normal_0953_noAttribute.wav,heldout,friction_burst,0.7395185828208923
sliderEmu/train/section_00_source_train_normal_0962_noAttribute.wav,heldout,friction_burst,0.8343555927276611
valveEmu/train/section_00_source_train_normal_0005_noAttribute.wav,heldout,friction_burst,0.7234709858894348
valveEmu/train/section_00_source_train_normal_0021_noAttribute.wav,heldout,friction_burst,0.8881654739379883
valveEmu/train/section_00_source_train_normal_0035_noAttribute.wav,heldout,friction_burst,0.9275170564651489
valveEmu/train/section_00_source_train_normal_0053_noAttribute.wav,heldout,friction_burst,0.8891228437423706
valveEmu/train/section_00_source_train_normal_0055_noAttribute.wav,heldout,friction_burst,0.9317710995674133
valveEmu/train/section_00_source_train_normal_0064_noAttribute.wav,heldout,friction_burst,0.6908897161483765
valveEmu/train/section_00_source_train_normal_0067_noAttribute.wav,heldout,friction_burst,0.9630884528160095
valveEmu/train/section_00_source_train_normal_0068_noAttribute.wav,heldout,friction_burst,0.9086107015609741
valveEmu/train/section_00_source_train_normal_0083_noAttribute.wav,heldout,friction_burst,0.8986285328865051
valveEmu/train/section_00_source_train_normal_0091_noAttribute.wav,heldout,friction_burst,0.7819784879684448
valveEmu/train/section_00_source_train_normal_0127_noAttribute.wav,heldout,friction_burst,0.7173575162887573
valveEmu/train/section_00_source_train_normal_0136_noAttribute.wav,heldout,friction_burst,0.8952789902687073
valveEmu/train/section_00_source_train_normal_0158_noAttribute.wav,heldout,friction_burst,0.8772093653678894
valveEmu/train/section_00_source_train_normal_0163_noAttribute.wav,heldout,friction_burst,0.8178268074989319
valveEmu/train/section_00_source_train_normal_0172_noAttribute.wav,heldout,friction_burst,0.8692812323570251
valveEmu/train/section_00_source_train_normal_0177_noAttribute.wav,heldout,friction_burst,0.7995951175689697
valveEmu/train/section_00_source_train_normal_0187_noAttribute.wav,heldout,friction_burst,0.8633001446723938
valveEmu/train/section_00_source_train_normal_0204_noAttribute.wav,heldout,friction_burst,0.9234914183616638
valveEmu/train/section_00_source_train_normal_0228_noAttribute.wav,heldout,friction_burst,0.9150306582450867
valveEmu/train/section_00_source_train_normal_0245_noAttribute.wav,heldout,friction_burst,0.8657435178756714
valveEmu/train/section_00_source_train_normal_0251_noAttribute.wav,heldout,friction_burst,0.7812632322311401
valveEmu/train/section_00_source_train_normal_0254_noAttribute.wav,heldout,friction_burst,0.9316114187240601
valveEmu/train/section_00_source_train_normal_0255_noAttribute.wav,heldout,friction_burst,0.8659326434135437
valveEmu/train/section_00_source_train_normal_0264_noAttribute.wav,heldout,friction_burst,0.5060852766036987
valveEmu/train/section_00_source_train_normal_0267_noAttribute.wav,heldout,friction_burst,0.6939206123352051
valveEmu/train/section_00_source_train_normal_0268_noAttribute.wav,heldout,friction_burst,0.7519907355308533
valveEmu/train/section_00_source_train_normal_0292_noAttribute.wav,heldout,friction_burst,0.8461369872093201
valveEmu/train/section_00_source_train_normal_0303_noAttribute.wav,heldout,friction_burst,0.6256858110427856
valveEmu/train/section_00_source_train_normal_0308_noAttribute.wav,heldout,friction_burst,0.9000375866889954
valveEmu/train/section_00_source_train_normal_0346_noAttribute.wav,heldout,friction_burst,0.6703042387962341
valveEmu/train/section_00_source_train_normal_0364_noAttribute.wav,heldout,friction_burst,0.81264728307724
valveEmu/train/section_00_source_train_normal_0368_noAttribute.wav,heldout,friction_burst,0.7387226223945618
valveEmu/train/section_00_source_train_normal_0379_noAttribute.wav,heldout,friction_burst,0.8412771821022034
valveEmu/train/section_00_source_train_normal_0390_noAttribute.wav,heldout,friction_burst,0.7467107176780701
valveEmu/train/section_00_source_train_normal_0395_noAttribute.wav,heldout,friction_burst,0.5242306590080261
valveEmu/train/section_00_source_train_normal_0407_noAttribute.wav,heldout,friction_burst,0.5390493273735046
valveEmu/train/section_00_source_train_normal_0411_noAttribute.wav,heldout,friction_burst,0.676478385925293
valveEmu/train/section_00_source_train_normal_0433_noAttribute.wav,heldout,friction_burst,0.5898469090461731
valveEmu/train/section_00_source_train_normal_0447_noAttribute.wav,heldout,friction_burst,0.527672290802002
valveEmu/train/section_00_source_train_normal_0453_noAttribute.wav,heldout,friction_burst,0.6829131245613098
valveEmu/train/section_00_source_train_normal_0458_noAttribute.wav,heldout,friction_burst,0.9288035035133362
valveEmu/train/section_00_source_train_normal_0459_noAttribute.wav,heldout,friction_burst,0.8844664692878723
valveEmu/train/section_00_source_train_normal_0468_noAttribute.wav,heldout,friction_burst,0.7948125600814819
valveEmu/train/section_00_source_train_normal_0471_noAttribute.wav,heldout,friction_burst,0.9095877408981323
valveEmu/train/section_00_source_train_normal_0473_noAttribute.wav,heldout,friction_burst,0.9025778770446777
valveEmu/train/section_00_source_train_normal_0474_noAttribute.wav,heldout,friction_burst,0.9042029976844788
valveEmu/train/section_00_source_train_normal_0481_noAttribute.wav,heldout,friction_burst,0.887558102607727
valveEmu/train/section_00_source_train_normal_0503_noAttribute.wav,heldout,friction_burst,0.5108380317687988
valveEmu/train/section_00_source_train_normal_0504_noAttribute.wav,heldout,friction_burst,0.8451279997825623
valveEmu/train/section_00_source_train_normal_0506_noAttribute.wav,heldout,friction_burst,0.9172092080116272
valveEmu/train/section_00_source_train_normal_0526_noAttribute.wav,heldout,friction_burst,0.8508848547935486
valveEmu/train/section_00_source_train_normal_0537_noAttribute.wav,heldout,friction_burst,0.6899147033691406
valveEmu/train/section_00_source_train_normal_0562_noAttribute.wav,heldout,friction_burst,0.9490438103675842
valveEmu/train/section_00_source_train_normal_0566_noAttribute.wav,heldout,friction_burst,0.8095753192901611
valveEmu/train/section_00_source_train_normal_0572_noAttribute.wav,heldout,friction_burst,0.8216044306755066
valveEmu/train/section_00_source_train_normal_0573_noAttribute.wav,heldout,friction_burst,0.7341500520706177
valveEmu/train/section_00_source_train_normal_0584_noAttribute.wav,heldout,friction_burst,0.7476783990859985
valveEmu/train/section_00_source_train_normal_0593_noAttribute.wav,heldout,friction_burst,0.8776597380638123
valveEmu/train/section_00_source_train_normal_0597_noAttribute.wav,heldout,friction_burst,0.9067280292510986
valveEmu/train/section_00_source_train_normal_0599_noAttribute.wav,heldout,friction_burst,0.9303064942359924
valveEmu/train/section_00_source_train_normal_0609_noAttribute.wav,heldout,friction_burst,0.9310279488563538
valveEmu/train/section_00_source_train_normal_0640_noAttribute.wav,heldout,friction_burst,0.8853479623794556
valveEmu/train/section_00_source_train_normal_0648_noAttribute.wav,heldout,friction_burst,0.7966769933700562
valveEmu/train/section_00_source_train_normal_0651_noAttribute.wav,heldout,friction_burst,0.7395298480987549
valveEmu/train/section_00_source_train_normal_0654_noAttribute.wav,heldout,friction_burst,0.8663649559020996
valveEmu/train/section_00_source_train_normal_0665_noAttribute.wav,heldout,friction_burst,0.9311881065368652
valveEmu/train/section_00_source_train_normal_0670_noAttribute.wav,heldout,friction_burst,0.8255200386047363
valveEmu/train/section_00_source_train_normal_0671_noAttribute.wav,heldout,friction_burst,0.918986439704895
valveEmu/train/section_00_source_train_normal_0676_noAttribute.wav,heldout,friction_burst,0.8918613791465759
valveEmu/train/section_00_source_train_normal_0693_noAttribute.wav,heldout,friction_burst,0.8262721300125122
valveEmu/train/section_00_source_train_normal_0698_noAttribute.wav,heldout,friction_burst,0.7923516035079956
valveEmu/train/section_00_source_train_normal_0699_noAttribute.wav,heldout,friction_burst,0.7679403424263
valveEmu/train/section_00_source_train_normal_0703_noAttribute.wav,heldout,friction_burst,0.9018300175666809
valveEmu/train/section_00_source_train_normal_0705_noAttribute.wav,heldout,friction_burst,0.663447380065918
valveEmu/train/section_00_source_train_normal_0728_noAttribute.wav,heldout,friction_burst,0.6710459589958191
valveEmu/train/section_00_source_train_normal_0734_noAttribute.wav,heldout,friction_burst,0.821805477142334
valveEmu/train/section_00_source_train_normal_0741_noAttribute.wav,heldout,friction_burst,0.8322975039482117
valveEmu/train/section_00_source_train_normal_0769_noAttribute.wav,heldout,friction_burst,0.7806379795074463
valveEmu/train/section_00_source_train_normal_0775_noAttribute.wav,heldout,friction_burst,0.7115833163261414
valveEmu/train/section_00_source_train_normal_0798_noAttribute.wav,heldout,friction_burst,0.608125627040863
valveEmu/train/section_00_source_train_normal_0801_noAttribute.wav,heldout,friction_burst,0.9386643171310425
valveEmu/train/section_00_source_train_normal_0815_noAttribute.wav,heldout,friction_burst,0.6540974974632263
valveEmu/train/section_00_source_train_normal_0820_noAttribute.wav,heldout,friction_burst,0.5262656807899475
valveEmu/train/section_00_source_train_normal_0840_noAttribute.wav,heldout,friction_burst,0.6357646584510803
valveEmu/train/section_00_source_train_normal_0848_noAttribute.wav,heldout,friction_burst,0.8411813974380493
valveEmu/train/section_00_source_train_normal_0849_noAttribute.wav,heldout,friction_burst,0.9066721796989441
valveEmu/train/section_00_source_train_normal_0856_noAttribute.wav,heldout,friction_burst,0.8709434866905212
valveEmu/train/section_00_source_train_normal_0862_noAttribute.wav,heldout,friction_burst,0.6489056944847107
valveEmu/train/section_00_source_train_normal_0865_noAttribute.wav,heldout,friction_burst,0.8050909638404846
valveEmu/train/section_00_source_train_normal_0900_noAttribute.wav,heldout,friction_burst,0.925200879573822
valveEmu/train/section_00_source_train_normal_0904_noAttribute.wav,heldout,friction_burst,0.5764660239219666
valveEmu/train/section_00_source_train_normal_0906_noAttribute.wav,heldout,friction_burst,0.8637805581092834
valveEmu/train/section_00_source_train_normal_0919_noAttribute.wav,heldout,friction_burst,0.8935682773590088
valveEmu/train/section_00_source_train_normal_0935_noAttribute.wav,heldout,friction_burst,0.87755286693573
valveEmu/train/section_00_source_train_normal_0938_noAttribute.wav,heldout,friction_burst,0.6383891105651855
valveEmu/train/section_00_source_train_normal_0954_noAttribute.wav,heldout,friction_burst,0.8389528393745422
valveEmu/train/section_00_source_train_normal_0955_noAttribute.wav,heldout,friction_burst,0.8910174369812012
valveEmu/train/section_00_source_train_normal_0970_noAttribute.wav,heldout,friction_burst,0.8714239001274109
valveEmu/train/section_00_source_train_normal_0989_noAttribute.wav,heldout,friction_burst,0.84023118019104
