file_id,fault_set,fault_family,retention
ToyCar/train/section_00_source_train_normal_0000_noAttribute.wav,in_support,amplitude_modulation,0.7972319722175598
ToyCar/train/section_00_source_train_normal_0001_noAttribute.wav,in_support,frequency_modulation,0.9513214230537415
ToyCar/train/section_00_source_train_normal_0002_noAttribute.wav,in_support,amplitude_modulation,0.6569820046424866
ToyCar/train/section_00_source_train_normal_0003_noAttribute.wav,in_support,periodic_resonance,0.15411131083965302
ToyCar/train/section_00_source_train_normal_0004_noAttribute.wav,in_support,periodic_resonance,0.5912414789199829
ToyCar/train/section_00_source_train_normal_0005_noAttribute.wav,in_support,periodic_resonance,0.5462120175361633
ToyCar/train/section_00_source_train_normal_0006_noAttribute.wav,in_support,amplitude_modulation,0.804772138595581
ToyCar/train/section_00_source_train_normal_0007_noAttribute.wav,in_support,frequency_modulation,0.9078226685523987
ToyCar/train/section_00_source_train_normal_0008_noAttribute.wav,in_support,frequency_modulation,0.8167493343353271
ToyCar/train/section_00_source_train_normal_0009_noAttribute.wav,in_support,periodic_resonance,0.23805856704711914
ToyCar/train/section_00_source_train_normal_0010_noAttribute.wav,in_support,amplitude_modulation,0.8997724652290344
ToyCar/train/section_00_source_train_normal_0011_noAttribute.wav,in_support,frequency_modulation,0.9810193181037903
ToyCar/train/section_00_source_train_normal_0012_noAttribute.wav,in_support,amplitude_modulation,0.9588660001754761
ToyCar/train/section_00_source_train_normal_0013_noAttribute.wav,in_support,amplitude_modulation,0.6058822274208069
ToyCar/train/section_00_source_train_normal_0014_noAttribute.wav,in_support,periodic_resonance,0.22099004685878754
ToyCar/train/section_00_source_train_normal_0015_noAttribute.wav,in_support,periodic_resonance,0.8480273485183716
ToyCar/train/section_00_source_train_normal_0016_noAttribute.wav,in_support,periodic_resonance,0.8445972800254822
ToyCar/train/section_00_source_train_normal_0017_noAttribute.wav,in_support,frequency_modulation,0.9278374910354614
ToyCar/train/section_00_source_train_normal_0018_noAttribute.wav,in_support,frequency_modulation,0.939845860004425
ToyCar/train/section_00_source_train_normal_0019_noAttribute.wav,in_support,frequency_modulation,0.835296094417572
ToyCar/train/section_00_source_train_normal_0020_noAttribute.wav,in_support,amplitude_modulation,0.9125338792800903
ToyCar/train/section_00_source_train_normal_0021_noAttribute.wav,in_support,frequency_modulation,0.9989145398139954
ToyCar/train/section_00_source_train_normal_0022_noAttribute.wav,in_support,amplitude_modulation,0.8063883781433105
ToyCar/train/section_00_source_train_normal_0023_noAttribute.wav,in_support,frequency_modulation,0.9441685080528259
ToyCar/train/section_00_source_train_normal_0024_noAttribute.wav,in_support,periodic_resonance,0.6125528812408447
ToyCar/train/section_00_source_train_normal_0025_noAttribute.wav,in_support,amplitude_modulation,0.9489712119102478
ToyCar/train/section_00_source_train_normal_0026_noAttribute.wav,in_support,amplitude_modulation,0.9242199063301086
ToyCar/train/section_00_source_train_normal_0027_noAttribute.wav,in_support,amplitude_modulation,0.9240586757659912
ToyCar/train/section_00_source_train_normal_0028_noAttribute.wav,in_support,periodic_resonance,0.6055489182472229
ToyCar/train/section_00_source_train_normal_0029_noAttribute.wav,in_support,frequency_modulation,0.8002644777297974
ToyCar/train/section_00_source_train_normal_0030_noAttribute.wav,in_support,amplitude_modulation,0.9158477783203125
ToyCar/train/section_00_source_train_normal_0031_noAttribute.wav,in_support,frequency_modulation,0.9462271332740784
ToyCar/train/section_00_source_train_normal_0032_noAttribute.wav,in_support,periodic_resonance,0.7177735567092896
ToyCar/train/section_00_source_train_normal_0033_noAttribute.wav,in_support,amplitude_modulation,0.7444344758987427
ToyCar/train/section_00_source_train_normal_0034_noAttribute.wav,in_support,amplitude_modulation,0.6548871994018555
ToyCar/train/section_00_source_train_normal_0035_noAttribute.wav,in_support,frequency_modulation,0.9652025699615479
ToyCar/train/section_00_source_train_normal_0036_noAttribute.wav,in_support,frequency_modulation,0.7569273114204407
ToyCar/train/section_00_source_train_normal_0037_noAttribute.wav,in_support,periodic_resonance,0.47887763381004333
ToyCar/train/section_00_source_train_normal_0038_noAttribute.wav,in_support,periodic_resonance,0.9406068325042725
ToyCar/train/section_00_source_train_normal_0039_noAttribute.wav,in_support,frequency_modulation,0.9843014478683472
ToyCar/train/section_00_source_train_normal_0040_noAttribute.wav,in_support,periodic_resonance,0.9596271514892578
ToyCar/train/section_00_source_train_normal_0041_noAttribute.wav,in_support,periodic_resonance,0.8236228823661804
ToyCar/train/section_00_source_train_normal_0042_noAttribute.wav,in_support,periodic_resonance,0.967469334602356
ToyCar/train/section_00_source_train_normal_0043_noAttribute.wav,in_support,periodic_resonance,0.3259243369102478
ToyCar/train/section_00_source_train_normal_0044_noAttribute.wav,in_support,frequency_modulation,0.8874220848083496
ToyCar/train/section_00_source_train_normal_0045_noAttribute.wav,in_support,amplitude_modulation,0.698665976524353
ToyCar/train/section_00_source_train_normal_0046_noAttribute.wav,in_support,periodic_resonance,0.9805170297622681
ToyCar/train/section_00_source_train_normal_0047_noAttribute.wav,in_support,periodic_resonance,0.9163141250610352
ToyCar/train/section_00_source_train_normal_0048_noAttribute.wav,in_support,frequency_modulation,0.8994675874710083
ToyCar/train/section_00_source_train_normal_0049_noAttribute.wav,in_support,frequency_modulation,0.9683430194854736
ToyCar/train/section_00_source_train_normal_0050_noAttribute.wav,in_support,periodic_resonance,0.276731014251709
ToyCar/train/section_00_source_train_normal_0051_noAttribute.wav,in_support,periodic_resonance,0.7190236449241638
ToyCar/train/section_00_source_train_normal_0052_noAttribute.wav,in_support,periodic_resonance,0.8776373863220215
ToyCar/train/section_00_source_train_normal_0053_noAttribute.wav,in_support,periodic_resonance,0.9898896217346191
ToyCar/train/section_00_source_train_normal_0054_noAttribute.wav,in_support,frequency_modulation,0.9545832276344299
ToyCar/train/section_00_source_train_normal_0055_noAttribute.wav,in_support,amplitude_modulation,0.7715798020362854
ToyCar/train/section_00_source_train_normal_0056_noAttribute.wav,in_support,frequency_modulation,0.9235623478889465
ToyCar/train/section_00_source_train_normal_0057_noAttribute.wav,in_support,frequency_modulation,0.9650367498397827
ToyCar/train/section_00_source_train_normal_0058_noAttribute.wav,in_support,amplitude_modulation,0.837480366230011
ToyCar/train/section_00_source_train_normal_0059_noAttribute.wav,in_support,frequency_modulation,0.9742741584777832
ToyCar/train/section_00_source_train_normal_0060_noAttribute.wav,in_support,frequency_modulation,0.9846387505531311
ToyCar/train/section_00_source_train_normal_0061_noAttribute.wav,in_support,frequency_modulation,0.9081360101699829
ToyCar/train/section_00_source_train_normal_0062_noAttribute.wav,in_support,frequency_modulation,0.9414165019989014
ToyCar/train/section_00_source_train_normal_0063_noAttribute.wav,in_support,amplitude_modulation,0.8903385996818542
ToyCar/train/section_00_source_train_normal_0064_noAttribute.wav,in_support,frequency_modulation,0.919241726398468
ToyCar/train/section_00_source_train_normal_0065_noAttribute.wav,in_support,frequency_modulation,0.8795232772827148
ToyCar/train/section_00_source_train_normal_0066_noAttribute.wav,in_support,frequency_modulation,0.8923913240432739
ToyCar/train/section_00_source_train_normal_0067_noAttribute.wav,in_support,amplitude_modulation,0.6489258408546448
ToyCar/train/section_00_source_train_normal_0068_noAttribute.wav,in_support,frequency_modulation,0.9424279928207397
ToyCar/train/section_00_source_train_normal_0069_noAttribute.wav,in_support,periodic_resonance,0.971108615398407
ToyCar/train/section_00_source_train_normal_0070_noAttribute.wav,in_support,frequency_modulation,0.9456896781921387
ToyCar/train/section_00_source_train_normal_0071_noAttribute.wav,in_support,amplitude_modulation,0.7599283456802368
ToyCar/train/section_00_source_train_normal_0072_noAttribute.wav,in_support,amplitude_modulation,0.5806891918182373
ToyCar/train/section_00_source_train_normal_0073_noAttribute.wav,in_support,periodic_resonance,0.9777332544326782
ToyCar/train/section_00_source_train_normal_0074_noAttribute.wav,in_support,amplitude_modulation,0.9172067046165466
ToyCar/train/section_00_source_train_normal_0075_noAttribute.wav,in_support,frequency_modulation,0.9641023874282837
ToyCar/train/section_00_source_train_normal_0076_noAttribute.wav,in_support,frequency_modulation,0.9443359971046448
ToyCar/train/section_00_source_train_normal_0077_noAttribute.wav,in_support,frequency_modulation,0.9111867547035217
ToyCar/train/section_00_source_train_normal_0078_noAttribute.wav,in_support,amplitude_modulation,0.692997395992279
ToyCar/train/section_00_source_train_normal_0079_noAttribute.wav,in_support,periodic_resonance,0.9018616080284119
ToyCar/train/section_00_source_train_normal_0080_noAttribute.wav,in_support,frequency_modulation,0.7232662439346313
ToyCar/train/section_00_source_train_normal_0081_noAttribute.wav,in_support,periodic_resonance,0.8304826617240906
ToyCar/train/section_00_source_train_normal_0082_noAttribute.wav,in_support,frequency_modulation,0.9293602705001831
ToyCar/train/section_00_source_train_normal_0083_noAttribute.wav,in_support,frequency_modulation,0.9701089859008789
ToyCar/train/section_00_source_train_normal_0084_noAttribute.wav,in_support,periodic_resonance,0.6645312309265137
ToyCar/train/section_00_source_train_normal_0085_noAttribute.wav,in_support,periodic_resonance,0.5231724381446838
ToyCar/train/section_00_source_train_normal_0086_noAttribute.wav,in_support,amplitude_modulation,0.771086573600769
ToyCar/train/section_00_source_train_normal_0087_noAttribute.wav,in_support,frequency_modulation,0.8550096154212952
ToyCar/train/section_00_source_train_normal_0088_noAttribute.wav,in_support,amplitude_modulation,0.7361394762992859
ToyCar/train/section_00_source_train_normal_0089_noAttribute.wav,in_support,periodic_resonance,0.5856419205665588
ToyCar/train/section_00_source_train_normal_0090_noAttribute.wav,in_support,frequency_modulation,0.8612715601921082
ToyCar/train/section_00_source_train_normal_0091_noAttribute.wav,in_support,amplitude_modulation,0.6115503907203674
ToyCar/train/section_00_source_train_normal_0092_noAttribute.wav,in_support,amplitude_modulation,0.7869102954864502
ToyCar/train/section_00_source_train_normal_0093_noAttribute.wav,in_support,frequency_modulation,0.8771352171897888
ToyCar/train/section_00_source_train_normal_0094_noAttribute.wav,in_support,amplitude_modulation,0.9112237691879272
ToyCar/train/section_00_source_train_normal_0095_noAttribute.wav,in_support,frequency_modulation,0.9713220000267029
ToyCar/train/section_00_source_train_normal_0096_noAttribute.wav,in_support,amplitude_modulation,0.9358711242675781
ToyCar/train/section_00_source_train_normal_0097_noAttribute.wav,in_support,amplitude_modulation,0.6424601674079895
ToyCar/train/section_00_source_train_normal_0098_noAttribute.wav,in_support,amplitude_modulation,0.9232161641120911
ToyCar/train/section_00_source_train_normal_0099_noAttribute.wav,in_support,frequency_modulation,0.9522147178649902
ToyCar/train/section_00_source_train_normal_0100_noAttribute.wav,in_support,periodic_resonance,0.6343550086021423
ToyCar/train/section_00_source_train_normal_0101_noAttribute.wav,in_support,amplitude_modulation,0.8525213003158569
ToyCar/train/section_00_source_train_normal_0102_noAttribute.wav,in_support,periodic_resonance,0.9399917125701904
ToyCar/train/section_00_source_train_normal_0103_noAttribute.wav,in_support,amplitude_modulation,0.7866100668907166
ToyCar/train/section_00_source_train_normal_0104_noAttribute.wav,in_support,frequency_modulation,0.906551718711853
ToyCar/train/section_00_source_train_normal_0105_noAttribute.wav,in_support,periodic_resonance,0.9939904808998108
ToyCar/train/section_00_source_train_normal_0106_noAttribute.wav,in_support,periodic_resonance,0.9649301171302795
ToyCar/train/section_00_source_train_normal_0107_noAttribute.wav,in_support,frequency_modulation,0.8727983236312866
ToyCar/train/section_00_source_train_normal_0108_noAttribute.wav,in_support,periodic_resonance,0.9151542782783508
ToyCar/train/section_00_source_train_normal_0109_noAttribute.wav,in_support,amplitude_modulation,0.9115506410598755
ToyCar/train/section_00_source_train_normal_0110_noAttribute.wav,in_support,periodic_resonance,0.909274160861969
ToyCar/train/section_00_source_train_normal_0111_noAttribute.wav,in_support,frequency_modulation,0.9302113652229309
ToyCar/train/section_00_source_train_normal_0112_noAttribute.wav,in_support,amplitude_modulation,0.9360126256942749
ToyCar/train/section_00_source_train_normal_0113_noAttribute.wav,in_support,amplitude_modulation,0.807593822479248
ToyCar/train/section_00_source_train_normal_0114_noAttribute.wav,in_support,frequency_modulation,0.9727900624275208
ToyCar/train/section_00_source_train_normal_0115_noAttribute.wav,in_support,periodic_resonance,0.9841403365135193
ToyCar/train/section_00_source_train_normal_0116_noAttribute.wav,in_support,periodic_resonance,0.8071538805961609
ToyCar/train/section_00_source_train_normal_0117_noAttribute.wav,in_support,periodic_resonance,0.10705623775720596
ToyCar/train/section_00_source_train_normal_0118_noAttribute.wav,in_support,frequency_modulation,0.7783362865447998
ToyCar/train/section_00_source_train_normal_0119_noAttribute.wav,in_support,frequency_modulation,0.689660906791687
ToyCar/train/section_00_source_train_normal_0120_noAttribute.wav,in_support,amplitude_modulation,0.8975374102592468
ToyCar/train/section_00_source_train_normal_0121_noAttribute.wav,in_support,amplitude_modulation,0.6388504505157471
ToyCar/train/section_00_source_train_normal_0122_noAttribute.wav,in_support,frequency_modulation,0.8686883449554443
ToyCar/train/section_00_source_train_normal_0123_noAttribute.wav,in_support,periodic_resonance,0.7307096123695374
ToyCar/train/section_00_source_train_normal_0124_noAttribute.wav,in_support,amplitude_modulation,0.8688145875930786
ToyCar/train/section_00_source_train_normal_0125_noAttribute.wav,in_support,amplitude_modulation,0.765169084072113
ToyCar/train/section_00_source_train_normal_0126_noAttribute.wav,in_support,frequency_modulation,0.8723806738853455
ToyCar/train/section_00_source_train_normal_0127_noAttribute.wav,in_support,amplitude_modulation,0.545107364654541
ToyCar/train/section_00_source_train_normal_0128_noAttribute.wav,in_support,periodic_resonance,0.6391652226448059
ToyCar/train/section_00_source_train_normal_0129_noAttribute.wav,in_support,frequency_modulation,0.8951808214187622
ToyCar/train/section_00_source_train_normal_0130_noAttribute.wav,in_support,periodic_resonance,0.760339617729187
ToyCar/train/section_00_source_train_normal_0131_noAttribute.wav,in_support,periodic_resonance,0.7095828056335449
ToyCar/train/section_00_source_train_normal_0132_noAttribute.wav,in_support,periodic_resonance,0.554370641708374
ToyCar/train/section_00_source_train_normal_0133_noAttribute.wav,in_support,periodic_resonance,0.3395130932331085
ToyCar/train/section_00_source_train_normal_0134_noAttribute.wav,in_support,periodic_resonance,0.957901656627655
ToyCar/train/section_00_source_train_normal_0135_noAttribute.wav,in_support,periodic_resonance,0.9026094675064087
ToyCar/train/section_00_source_train_normal_0136_noAttribute.wav,in_support,periodic_resonance,0.5871789455413818
ToyCar/train/section_00_source_train_normal_0137_noAttribute.wav,in_support,periodic_resonance,0.9864380955696106
ToyCar/train/section_00_source_train_normal_0138_noAttribute.wav,in_support,amplitude_modulation,0.7726748585700989
ToyCar/train/section_00_source_train_normal_0139_noAttribute.wav,in_support,periodic_resonance,0.7124538421630859
ToyCar/train/section_00_source_train_normal_0140_noAttribute.wav,in_support,periodic_resonance,0.21030671894550323
ToyCar/train/section_00_source_train_normal_0141_noAttribute.wav,in_support,amplitude_modulation,0.7169906497001648
ToyCar/train/section_00_source_train_normal_0142_noAttribute.wav,in_support,frequency_modulation,0.7639115452766418
ToyCar/train/section_00_source_train_normal_0143_noAttribute.wav,in_support,frequency_modulation,0.7049255967140198
ToyCar/train/section_00_source_train_normal_0144_noAttribute.wav,in_support,periodic_resonance,0.09741327166557312
ToyCar/train/section_00_source_train_normal_0145_noAttribute.wav,in_support,periodic_resonance,0.6195838451385498
ToyCar/train/section_00_source_train_normal_0146_noAttribute.wav,in_support,frequency_modulation,0.8236705660820007
ToyCar/train/section_00_source_train_normal_0147_noAttribute.wav,in_support,amplitude_modulation,0.6841893792152405
ToyCar/train/section_00_source_train_normal_0148_noAttribute.wav,in_support,periodic_resonance,0.26879987120628357
ToyCar/train/section_00_source_train_normal_0149_noAttribute.wav,in_support,frequency_modulation,0.8755130767822266
ToyCar/train/section_00_source_train_normal_0150_noAttribute.wav,in_support,frequency_modulation,0.8707847595214844
ToyCar/train/section_00_source_train_normal_0151_noAttribute.wav,in_support,amplitude_modulation,0.7604491114616394
ToyCar/train/section_00_source_train_normal_0152_noAttribute.wav,in_support,amplitude_modulation,0.7153353691101074
ToyCar/train/section_00_source_train_normal_0153_noAttribute.wav,in_support,periodic_resonance,0.7468924522399902
ToyCar/train/section_00_source_train_normal_0154_noAttribute.wav,in_support,amplitude_modulation,0.858135998249054
ToyCar/train/section_00_source_train_normal_0155_noAttribute.wav,in_support,frequency_modulation,0.8176356554031372
ToyCar/train/section_00_source_train_normal_0156_noAttribute.wav,in_support,periodic_resonance,0.9678193926811218
ToyCar/train/section_00_source_train_normal_0157_noAttribute.wav,in_support,periodic_resonance,0.8834266066551208
ToyCar/train/section_00_source_train_normal_0158_noAttribute.wav,in_support,amplitude_modulation,0.8379042148590088
ToyCar/train/section_00_source_train_normal_0159_noAttribute.wav,in_support,periodic_resonance,0.14243410527706146
ToyCar/train/section_00_source_train_normal_0160_noAttribute.wav,in_support,frequency_modulation,0.9048862457275391
ToyCar/train/section_00_source_train_normal_0161_noAttribute.wav,in_support,periodic_resonance,0.7716178894042969
ToyCar/train/section_00_source_train_normal_0162_noAttribute.wav,in_support,frequency_modulation,0.9441726207733154
ToyCar/train/section_00_source_train_normal_0163_noAttribute.wav,in_support,amplitude_modulation,0.5688997507095337
ToyCar/train/section_00_source_train_normal_0164_noAttribute.wav,in_support,periodic_resonance,0.18946291506290436
ToyCar/train/section_00_source_train_normal_0165_noAttribute.wav,in_support,amplitude_modulation,0.743461549282074
ToyCar/train/section_00_source_train_normal_0166_noAttribute.wav,in_support,amplitude_modulation,0.9183148741722107
ToyCar/train/section_00_source_train_normal_0167_noAttribute.wav,in_support,frequency_modulation,0.858674943447113
ToyCar/train/section_00_source_train_normal_0168_noAttribute.wav,in_support,periodic_resonance,0.9853057265281677
ToyCar/train/section_00_source_train_normal_0169_noAttribute.wav,in_support,periodic_resonance,0.9782065153121948
ToyCar/train/section_00_source_train_normal_0170_noAttribute.wav,in_support,periodic_resonance,0.6633232235908508
ToyCar/train/section_00_source_train_normal_0171_noAttribute.wav,in_support,amplitude_modulation,0.9415178894996643
ToyCar/train/section_00_source_train_normal_0172_noAttribute.wav,in_support,amplitude_modulation,0.8286331295967102
ToyCar/train/section_00_source_train_normal_0173_noAttribute.wav,in_support,frequency_modulation,0.9577902555465698
ToyCar/train/section_00_source_train_normal_0174_noAttribute.wav,in_support,frequency_modulation,0.8446157574653625
ToyCar/train/section_00_source_train_normal_0175_noAttribute.wav,in_support,frequency_modulation,0.917113184928894
ToyCar/train/section_00_source_train_normal_0176_noAttribute.wav,in_support,periodic_resonance,0.9291104674339294
ToyCar/train/section_00_source_train_normal_0177_noAttribute.wav,in_support,periodic_resonance,0.17708390951156616
ToyCar/train/section_00_source_train_normal_0178_noAttribute.wav,in_support,periodic_resonance,0.9755812883377075
ToyCar/train/section_00_source_train_normal_0179_noAttribute.wav,in_support,amplitude_modulation,0.9257021546363831
ToyCar/train/section_00_source_train_normal_0180_noAttribute.wav,in_support,periodic_resonance,0.825554370880127
ToyCar/train/section_00_source_train_normal_0181_noAttribute.wav,in_support,periodic_resonance,0.715610921382904
ToyCar/train/section_00_source_train_normal_0182_noAttribute.wav,in_support,amplitude_modulation,0.7069592475891113
ToyCar/train/section_00_source_train_normal_0183_noAttribute.wav,in_support,periodic_resonance,0.9788593649864197
ToyCar/train/section_00_source_train_normal_0184_noAttribute.wav,in_support,amplitude_modulation,0.7808769345283508
ToyCar/train/section_00_source_train_normal_0185_noAttribute.wav,in_support,frequency_modulation,0.780407190322876
ToyCar/train/section_00_source_train_normal_0186_noAttribute.wav,in_support,amplitude_modulation,0.8058180212974548
ToyCar/train/section_00_source_train_normal_0187_noAttribute.wav,in_support,periodic_resonance,0.7454790472984314
ToyCar/train/section_00_source_train_normal_0188_noAttribute.wav,in_support,periodic_resonance,0.641984224319458
ToyCar/train/section_00_source_train_normal_0189_noAttribute.wav,in_support,amplitude_modulation,0.8515006303787231
ToyCar/train/section_00_source_train_normal_0190_noAttribute.wav,in_support,periodic_resonance,0.9278279542922974
ToyCar/train/section_00_source_train_normal_0191_noAttribute.wav,in_support,amplitude_modulation,0.6599169373512268
ToyCar/train/section_00_source_train_normal_0192_noAttribute.wav,in_support,periodic_resonance,0.7497861385345459
ToyCar/train/section_00_source_train_normal_0193_noAttribute.wav,in_support,periodic_resonance,0.8640254735946655
ToyCar/train/section_00_source_train_normal_0194_noAttribute.wav,in_support,frequency_modulation,0.81380695104599
ToyCar/train/section_00_source_train_normal_0195_noAttribute.wav,in_support,frequency_modulation,0.9708338975906372
ToyCar/train/section_00_source_train_normal_0196_noAttribute.wav,in_support,amplitude_modulation,0.9056864380836487
ToyCar/train/section_00_source_train_normal_0197_noAttribute.wav,in_support,amplitude_modulation,0.7453277111053467
ToyCar/train/section_00_source_train_normal_0198_noAttribute.wav,in_support,periodic_resonance,0.3663443624973297
ToyCar/train/section_00_source_train_normal_0199_noAttribute.wav,in_support,periodic_resonance,0.46208807826042175
ToyCar/train/section_00_source_train_normal_0200_noAttribute.wav,in_support,frequency_modulation,0.8112652897834778
ToyCar/train/section_00_source_train_normal_0201_noAttribute.wav,in_support,amplitude_modulation,0.5356787443161011
ToyCar/train/section_00_source_train_normal_0202_noAttribute.wav,in_support,periodic_resonance,0.9914083480834961
ToyCar/train/section_00_source_train_normal_0203_noAttribute.wav,in_support,amplitude_modulation,0.7205256223678589
ToyCar/train/section_00_source_train_normal_0204_noAttribute.wav,in_support,amplitude_modulation,0.6414980292320251
ToyCar/train/section_00_source_train_normal_0205_noAttribute.wav,in_support,frequency_modulation,0.9368136525154114
ToyCar/train/section_00_source_train_normal_0206_noAttribute.wav,in_support,periodic_resonance,0.9627479314804077
ToyCar/train/section_00_source_train_normal_0207_noAttribute.wav,in_support,frequency_modulation,0.9251842498779297
ToyCar/train/section_00_source_train_normal_0208_noAttribute.wav,in_support,frequency_modulation,0.9493963122367859
ToyCar/train/section_00_source_train_normal_0209_noAttribute.wav,in_support,amplitude_modulation,0.6661385893821716
ToyCar/train/section_00_source_train_normal_0210_noAttribute.wav,in_support,amplitude_modulation,0.835680365562439
ToyCar/train/section_00_source_train_normal_0211_noAttribute.wav,in_support,periodic_resonance,0.947686493396759
ToyCar/train/section_00_source_train_normal_0212_noAttribute.wav,in_support,amplitude_modulation,0.5984255075454712
ToyCar/train/section_00_source_train_normal_0213_noAttribute.wav,in_support,amplitude_modulation,0.7953661680221558
ToyCar/train/section_00_source_train_normal_0214_noAttribute.wav,in_support,frequency_modulation,0.9017172455787659
ToyCar/train/section_00_source_train_normal_0215_noAttribute.wav,in_support,periodic_resonance,0.23284974694252014
ToyCar/train/section_00_source_train_normal_0216_noAttribute.wav,in_support,frequency_modulation,0.9093867540359497
ToyCar/train/section_00_source_train_normal_0217_noAttribute.wav,in_support,amplitude_modulation,0.6113318204879761
ToyCar/train/section_00_source_train_normal_0218_noAttribute.wav,in_support,amplitude_modulation,0.9566357731819153
ToyCar/train/section_00_source_train_normal_0219_noAttribute.wav,in_support,amplitude_modulation,0.8708979487419128
ToyCar/train/section_00_source_train_normal_0220_noAttribute.wav,in_support,frequency_modulation,0.9442325830459595
ToyCar/train/section_00_source_train_normal_0221_noAttribute.wav,in_support,frequency_modulation,0.9568536281585693
ToyCar/train/section_00_source_train_normal_0222_noAttribute.wav,in_support,frequency_modulation,0.9615062475204468
ToyCar/train/section_00_source_train_normal_0223_noAttribute.wav,in_support,amplitude_modulation,0.8189666867256165
ToyCar/train/section_00_source_train_normal_0224_noAttribute.wav,in_support,amplitude_modulation,0.5948554277420044
ToyCar/train/section_00_source_train_normal_0225_noAttribute.wav,in_support,periodic_resonance,0.989780843257904
ToyCar/train/section_00_source_train_normal_0226_noAttribute.wav,in_support,amplitude_modulation,0.8505170345306396
ToyCar/train/section_00_source_train_normal_0227_noAttribute.wav,in_support,amplitude_modulation,0.8933478593826294
ToyCar/train/section_00_source_train_normal_0228_noAttribute.wav,in_support,frequency_modulation,0.9502019286155701
ToyCar/train/section_00_source_train_normal_0229_noAttribute.wav,in_support,amplitude_modulation,0.8613235354423523
ToyCar/train/section_00_source_train_normal_0230_noAttribute.wav,in_support,frequency_modulation,0.9329050779342651
ToyCar/train/section_00_source_train_normal_0231_noAttribute.wav,in_support,amplitude_modulation,0.7530064582824707
ToyCar/train/section_00_source_train_normal_0232_noAttribute.wav,in_support,periodic_resonance,0.9791263937950134
ToyCar/train/section_00_source_train_normal_0233_noAttribute.wav,in_support,amplitude_modulation,0.6090747117996216
ToyCar/train/section_00_source_train_normal_0234_noAttribute.wav,in_support,periodic_resonance,0.3869938254356384
ToyCar/train/section_00_source_train_normal_0235_noAttribute.wav,in_support,periodic_resonance,0.9665643572807312
ToyCar/train/section_00_source_train_normal_0236_noAttribute.wav,in_support,periodic_resonance,0.9802300333976746
ToyCar/train/section_00_source_train_normal_0237_noAttribute.wav,in_support,amplitude_modulation,0.8361856341362
ToyCar/train/section_00_source_train_normal_0238_noAttribute.wav,in_support,periodic_resonance,0.6656367778778076
ToyCar/train/section_00_source_train_normal_0239_noAttribute.wav,in_support,frequency_modulation,0.9574980139732361
ToyCar/train/section_00_source_train_normal_0240_noAttribute.wav,in_support,periodic_resonance,0.9060600399971008
ToyCar/train/section_00_source_train_normal_0241_noAttribute.wav,in_support,amplitude_modulation,0.8122479915618896
ToyCar/train/section_00_source_train_normal_0242_noAttribute.wav,in_support,periodic_resonance,0.8382845520973206
ToyCar/train/section_00_source_train_normal_0243_noAttribute.wav,in_support,periodic_resonance,0.9097482562065125
ToyCar/train/section_00_source_train_normal_0244_noAttribute.wav,in_support,amplitude_modulation,0.6225155591964722
ToyCar/train/section_00_source_train_normal_0245_noAttribute.wav,in_support,amplitude_modulation,0.5422477126121521
ToyCar/train/section_00_source_train_normal_0246_noAttribute.wav,in_support,periodic_resonance,0.6672388315200806
ToyCar/train/section_00_source_train_normal_0247_noAttribute.wav,in_support,amplitude_modulation,0.6818300485610962
ToyCar/train/section_00_source_train_normal_0248_noAttribute.wav,in_support,frequency_modulation,0.9520164728164673
ToyCar/train/section_00_source_train_normal_0249_noAttribute.wav,in_support,frequency_modulation,0.9725599884986877
ToyCar/train/section_00_source_train_normal_0250_noAttribute.wav,in_support,frequency_modulation,0.7032077312469482
ToyCar/train/section_00_source_train_normal_0251_noAttribute.wav,in_support,amplitude_modulation,0.804987370967865
ToyCar/train/section_00_source_train_normal_0252_noAttribute.wav,in_support,frequency_modulation,0.9314582943916321
ToyCar/train/section_00_source_train_normal_0253_noAttribute.wav,in_support,frequency_modulation,0.93629390001297
ToyCar/train/section_00_source_train_normal_0254_noAttribute.wav,in_support,periodic_resonance,0.5238208174705505
ToyCar/train/section_00_source_train_normal_0255_noAttribute.wav,in_support,periodic_resonance,0.8890721201896667
ToyCar/train/section_00_source_train_normal_0256_noAttribute.wav,in_support,frequency_modulation,0.7803414463996887
ToyCar/train/section_00_source_train_normal_0257_noAttribute.wav,in_support,frequency_modulation,0.9268028140068054
ToyCar/train/section_00_source_train_normal_0258_noAttribute.wav,in_support,frequency_modulation,0.9800658226013184
ToyCar/train/section_00_source_train_normal_0259_noAttribute.wav,in_support,amplitude_modulation,0.8707847595214844
ToyCar/train/section_00_source_train_normal_0260_noAttribute.wav,in_support,periodic_resonance,0.8675838112831116
ToyCar/train/section_00_source_train_normal_0261_noAttribute.wav,in_support,periodic_resonance,0.5816649794578552
ToyCar/train/section_00_source_train_normal_0262_noAttribute.wav,in_support,frequency_modulation,0.8420102596282959
ToyCar/train/section_00_source_train_normal_0263_noAttribute.wav,in_support,amplitude_modulation,0.8664751052856445
ToyCar/train/section_00_source_train_normal_0264_noAttribute.wav,in_support,amplitude_modulation,0.8810591101646423
ToyCar/train/section_00_source_train_normal_0265_noAttribute.wav,in_support,frequency_modulation,0.8736299276351929
ToyCar/train/section_00_source_train_normal_0266_noAttribute.wav,in_support,periodic_resonance,0.74363774061203
ToyCar/train/section_00_source_train_normal_0267_noAttribute.wav,in_support,frequency_modulation,0.9118151068687439
ToyCar/train/section_00_source_train_normal_0268_noAttribute.wav,in_support,amplitude_modulation,0.6847638487815857
ToyCar/train/section_00_source_train_normal_0269_noAttribute.wav,in_support,frequency_modulation,0.8952139616012573
ToyCar/train/section_00_source_train_normal_0270_noAttribute.wav,in_support,frequency_modulation,0.9974867701530457
ToyCar/train/section_00_source_train_normal_0271_noAttribute.wav,in_support,amplitude_modulation,0.7856322526931763
ToyCar/train/section_00_source_train_normal_0272_noAttribute.wav,in_support,periodic_resonance,0.98237544298172
ToyCar/train/section_00_source_train_normal_0273_noAttribute.wav,in_support,amplitude_modulation,0.8280494213104248
ToyCar/train/section_00_source_train_normal_0274_noAttribute.wav,in_support,periodic_resonance,0.37144985795021057
ToyCar/train/section_00_source_train_normal_0275_noAttribute.wav,in_support,amplitude_modulation,0.6195782423019409
ToyCar/train/section_00_source_train_normal_0276_noAttribute.wav,in_support,frequency_modulation,0.8530043363571167
ToyCar/train/section_00_source_train_normal_0277_noAttribute.wav,in_support,periodic_resonance,0.9035038948059082
ToyCar/train/section_00_source_train_normal_0278_noAttribute.wav,in_support,amplitude_modulation,0.6798501014709473
ToyCar/train/section_00_source_train_normal_0279_noAttribute.wav,in_support,frequency_modulation,0.8741926550865173
ToyCar/train/section_00_source_train_normal_0280_noAttribute.wav,in_support,periodic_resonance,0.9562485218048096
ToyCar/train/section_00_source_train_normal_0281_noAttribute.wav,in_support,periodic_resonance,0.7573261857032776
ToyCar/train/section_00_source_train_normal_0282_noAttribute.wav,in_support,amplitude_modulation,0.3895633816719055
ToyCar/train/section_00_source_train_normal_0283_noAttribute.wav,in_support,periodic_resonance,0.9654686450958252
ToyCar/train/section_00_source_train_normal_0284_noAttribute.wav,in_support,amplitude_modulation,0.5402151942253113
ToyCar/train/section_00_source_train_normal_0285_noAttribute.wav,in_support,periodic_resonance,0.21970078349113464
ToyCar/train/section_00_source_train_normal_0286_noAttribute.wav,in_support,amplitude_modulation,0.8300759196281433
ToyCar/train/section_00_source_train_normal_0287_noAttribute.wav,in_support,periodic_resonance,0.9539340734481812
ToyCar/train/section_00_source_train_normal_0288_noAttribute.wav,in_support,periodic_resonance,0.5845509767532349
ToyCar/train/section_00_source_train_normal_0289_noAttribute.wav,in_support,frequency_modulation,0.9929955005645752
ToyCar/train/section_00_source_train_normal_0290_noAttribute.wav,in_support,periodic_resonance,0.6737245917320251
ToyCar/train/section_00_source_train_normal_0291_noAttribute.wav,in_support,periodic_resonance,0.23845937848091125
ToyCar/train/section_00_source_train_normal_0292_noAttribute.wav,in_support,frequency_modulation,0.8900522589683533
ToyCar/train/section_00_source_train_normal_0293_noAttribute.wav,in_support,periodic_resonance,0.9509424567222595
ToyCar/train/section_00_source_train_normal_0294_noAttribute.wav,in_support,frequency_modulation,0.9515050053596497
ToyCar/train/section_00_source_train_normal_0295_noAttribute.wav,in_support,frequency_modulation,0.9117573499679565
ToyCar/train/section_00_source_train_normal_0296_noAttribute.wav,in_support,frequency_modulation,0.9356940984725952
ToyCar/train/section_00_source_train_normal_0297_noAttribute.wav,in_support,amplitude_modulation,0.8173747062683105
ToyCar/train/section_00_source_train_normal_0298_noAttribute.wav,in_support,periodic_resonance,0.6928683519363403
ToyCar/train/section_00_source_train_normal_0299_noAttribute.wav,in_support,frequency_modulation,0.9294995069503784
ToyCar/train/section_00_source_train_normal_0300_noAttribute.wav,in_support,periodic_resonance,0.9432293176651001
ToyCar/train/section_00_source_train_normal_0301_noAttribute.wav,in_support,amplitude_modulation,0.8585519194602966
ToyCar/train/section_00_source_train_normal_0302_noAttribute.wav,in_support,frequency_modulation,0.9513407349586487
ToyCar/train/section_00_source_train_normal_0303_noAttribute.wav,in_support,frequency_modulation,0.8767290115356445
ToyCar/train/section_00_source_train_normal_0304_noAttribute.wav,in_support,amplitude_modulation,0.7946130633354187
ToyCar/train/section_00_source_train_normal_0305_noAttribute.wav,in_support,amplitude_modulation,0.7340453863143921
ToyCar/train/section_00_source_train_normal_0306_noAttribute.wav,in_support,periodic_resonance,0.8987594246864319
ToyCar/train/section_00_source_train_normal_0307_noAttribute.wav,in_support,frequency_modulation,0.8023922443389893
ToyCar/train/section_00_source_train_normal_0308_noAttribute.wav,in_support,periodic_resonance,0.2508241832256317
ToyCar/train/section_00_source_train_normal_0309_noAttribute.wav,in_support,periodic_resonance,0.2851939797401428
ToyCar/train/section_00_source_train_normal_0310_noAttribute.wav,in_support,amplitude_modulation,0.8312315344810486
ToyCar/train/section_00_source_train_normal_0311_noAttribute.wav,in_support,periodic_resonance,0.813974142074585
ToyCar/train/section_00_source_train_normal_0312_noAttribute.wav,in_support,amplitude_modulation,0.7699584364891052
ToyCar/train/section_00_source_train_normal_0313_noAttribute.wav,in_support,periodic_resonance,0.946776270866394
ToyCar/train/section_00_source_train_normal_0314_noAttribute.wav,in_support,periodic_resonance,0.9818620085716248
ToyCar/train/section_00_source_train_normal_0315_noAttribute.wav,in_support,frequency_modulation,0.9318116903305054
ToyCar/train/section_00_source_train_normal_0316_noAttribute.wav,in_support,frequency_modulation,0.771530032157898
ToyCar/train/section_00_source_train_normal_0317_noAttribute.wav,in_support,periodic_resonance,0.40440189838409424
ToyCar/train/section_00_source_train_normal_0318_noAttribute.wav,in_support,frequency_modulation,0.9932907819747925
ToyCar/train/section_00_source_train_normal_0319_noAttribute.wav,in_support,frequency_modulation,0.9650088548660278
ToyCar/train/section_00_source_train_normal_0320_noAttribute.wav,in_support,periodic_resonance,0.3607117831707001
ToyCar/train/section_00_source_train_normal_0321_noAttribute.wav,in_support,amplitude_modulation,0.902898371219635
ToyCar/train/section_00_source_train_normal_0322_noAttribute.wav,in_support,periodic_resonance,0.6381217837333679
ToyCar/train/section_00_source_train_normal_0323_noAttribute.wav,in_support,frequency_modulation,0.9438236355781555
ToyCar/train/section_00_source_train_normal_0324_noAttribute.wav,in_support,amplitude_modulation,0.6006935238838196
ToyCar/train/section_00_source_train_normal_0325_noAttribute.wav,in_support,amplitude_modulation,0.9751554727554321
ToyCar/train/section_00_source_train_normal_0326_noAttribute.wav,in_support,frequency_modulation,0.9687269330024719
ToyCar/train/section_00_source_train_normal_0327_noAttribute.wav,in_support,periodic_resonance,0.9007542729377747
ToyCar/train/section_00_source_train_normal_0328_noAttribute.wav,in_support,periodic_resonance,0.2377328723669052
ToyCar/train/section_00_source_train_normal_0329_noAttribute.wav,in_support,periodic_resonance,0.9168118834495544
ToyCar/train/section_00_source_train_normal_0330_noAttribute.wav,in_support,frequency_modulation,0.9693716168403625
ToyCar/train/section_00_source_train_normal_0331_noAttribute.wav,in_support,frequency_modulation,0.89061439037323
ToyCar/train/section_00_source_train_normal_0332_noAttribute.wav,in_support,amplitude_modulation,0.8891206979751587
ToyCar/train/section_00_source_train_normal_0333_noAttribute.wav,in_support,frequency_modulation,0.9255955815315247
ToyCar/train/section_00_source_train_normal_0334_noAttribute.wav,in_support,frequency_modulation,0.9548847675323486
ToyCar/train/section_00_source_train_normal_0335_noAttribute.wav,in_support,periodic_resonance,0.8522683382034302
ToyCar/train/section_00_source_train_normal_0336_noAttribute.wav,in_support,amplitude_modulation,0.8783996105194092
ToyCar/train/section_00_source_train_normal_0337_noAttribute.wav,in_support,frequency_modulation,0.9437260627746582
ToyCar/train/section_00_source_train_normal_0338_noAttribute.wav,in_support,amplitude_modulation,0.6923396587371826
ToyCar/train/section_00_source_train_normal_0339_noAttribute.wav,in_support,amplitude_modulation,0.8614029884338379
ToyCar/train/section_00_source_train_normal_0340_noAttribute.wav,in_support,periodic_resonance,0.7683733105659485
ToyCar/train/section_00_source_train_normal_0341_noAttribute.wav,in_support,periodic_resonance,0.7353798151016235
ToyCar/train/section_00_source_train_normal_0342_noAttribute.wav,in_support,frequency_modulation,0.9197158217430115
ToyCar/train/section_00_source_train_normal_0343_noAttribute.wav,in_support,amplitude_modulation,0.9280392527580261
ToyCar/train/section_00_source_train_normal_0344_noAttribute.wav,in_support,amplitude_modulation,0.7920643091201782
ToyCar/train/section_00_source_train_normal_0345_noAttribute.wav,in_support,periodic_resonance,0.7627924084663391
ToyCar/train/section_00_source_train_normal_0346_noAttribute.wav,in_support,periodic_resonance,0.9998486042022705
ToyCar/train/section_00_source_train_normal_0347_noAttribute.wav,in_support,amplitude_modulation,0.6909114718437195
ToyCar/train/section_00_source_train_normal_0348_noAttribute.wav,in_support,frequency_modulation,0.968435525894165
ToyCar/train/section_00_source_train_normal_0349_noAttribute.wav,in_support,frequency_modulation,0.9899004697799683
ToyCar/train/section_00_source_train_normal_0350_noAttribute.wav,in_support,periodic_resonance,0.7963294386863708
ToyCar/train/section_00_source_train_normal_0351_noAttribute.wav,in_support,frequency_modulation,0.9611469507217407
ToyCar/train/section_00_source_train_normal_0352_noAttribute.wav,in_support,amplitude_modulation,0.7470128536224365
ToyCar/train/section_00_source_train_normal_0353_noAttribute.wav,in_support,frequency_modulation,0.7974421977996826
ToyCar/train/section_00_source_train_normal_0354_noAttribute.wav,in_support,amplitude_modulation,0.7252876162528992
ToyCar/train/section_00_source_train_normal_0355_noAttribute.wav,in_support,frequency_modulation,0.9457517266273499
ToyCar/train/section_00_source_train_normal_0356_noAttribute.wav,in_support,frequency_modulation,0.8924080729484558
ToyCar/train/section_00_source_train_normal_0357_noAttribute.wav,in_support,frequency_modulation,0.9639041423797607
ToyCar/train/section_00_source_train_normal_0358_noAttribute.wav,in_support,frequency_modulation,0.9470639228820801
ToyCar/train/section_00_source_train_normal_0359_noAttribute.wav,in_support,periodic_resonance,0.9464802145957947
ToyCar/train/section_00_source_train_normal_0360_noAttribute.wav,in_support,periodic_resonance,0.9608327746391296
ToyCar/train/section_00_source_train_normal_0361_noAttribute.wav,in_support,amplitude_modulation,0.6389584541320801
ToyCar/train/section_00_source_train_normal_0362_noAttribute.wav,in_support,periodic_resonance,0.3901832401752472
ToyCar/train/section_00_source_train_normal_0363_noAttribute.wav,in_support,amplitude_modulation,0.6612949967384338
ToyCar/train/section_00_source_train_normal_0364_noAttribute.wav,in_support,amplitude_modulation,0.6872739791870117
ToyCar/train/section_00_source_train_normal_0365_noAttribute.wav,in_support,amplitude_modulation,0.5999619960784912
ToyCar/train/section_00_source_train_normal_0366_noAttribute.wav,in_support,amplitude_modulation,0.7328482866287231
ToyCar/train/section_00_source_train_normal_0367_noAttribute.wav,in_support,amplitude_modulation,0.9247987270355225
ToyCar/train/section_00_source_train_normal_0368_noAttribute.wav,in_support,amplitude_modulation,0.906664252281189
ToyCar/train/section_00_source_train_normal_0369_noAttribute.wav,in_support,frequency_modulation,0.8933927416801453
ToyCar/train/section_00_source_train_normal_0370_noAttribute.wav,in_support,periodic_resonance,0.5163565278053284
ToyCar/train/section_00_source_train_normal_0371_noAttribute.wav,in_support,amplitude_modulation,0.883135974407196
ToyCar/train/section_00_source_train_normal_0372_noAttribute.wav,in_support,amplitude_modulation,0.7001482844352722
ToyCar/train/section_00_source_train_normal_0373_noAttribute.wav,in_support,amplitude_modulation,0.7954485416412354
ToyCar/train/section_00_source_train_normal_0374_noAttribute.wav,in_support,periodic_resonance,0.7630013227462769
ToyCar/train/section_00_source_train_normal_0375_noAttribute.wav,in_support,frequency_modulation,0.8410966396331787
ToyCar/train/section_00_source_train_normal_0376_noAttribute.wav,in_support,amplitude_modulation,0.7222980260848999
ToyCar/train/section_00_source_train_normal_0377_noAttribute.wav,in_support,amplitude_modulation,0.8896256685256958
ToyCar/train/section_00_source_train_normal_0378_noAttribute.wav,in_support,amplitude_modulation,0.8642308115959167
ToyCar/train/section_00_source_train_normal_0379_noAttribute.wav,in_support,frequency_modulation,0.9135540127754211
ToyCar/train/section_00_source_train_normal_0380_noAttribute.wav,in_support,periodic_resonance,0.3752487897872925
ToyCar/train/section_00_source_train_normal_0381_noAttribute.wav,in_support,periodic_resonance,0.21669167280197144
ToyCar/train/section_00_source_train_normal_0382_noAttribute.wav,in_support,periodic_resonance,0.5594733953475952
ToyCar/train/section_00_source_train_normal_0383_noAttribute.wav,in_support,frequency_modulation,0.9071634411811829
ToyCar/train/section_00_source_train_normal_0384_noAttribute.wav,in_support,amplitude_modulation,0.5811901688575745
ToyCar/train/section_00_source_train_normal_0385_noAttribute.wav,in_support,frequency_modulation,0.9715936183929443
ToyCar/train/section_00_source_train_normal_0386_noAttribute.wav,in_support,periodic_resonance,0.7430234551429749
ToyCar/train/section_00_source_train_normal_0387_noAttribute.wav,in_support,frequency_modulation,0.7108201384544373
ToyCar/train/section_00_source_train_normal_0388_noAttribute.wav,in_support,frequency_modulation,0.9654125571250916
ToyCar/train/section_00_source_train_normal_0389_noAttribute.wav,in_support,amplitude_modulation,0.7995269894599915
ToyCar/train/section_00_source_train_normal_0390_noAttribute.wav,in_support,frequency_modulation,0.5576657652854919
ToyCar/train/section_00_source_train_normal_0391_noAttribute.wav,in_support,amplitude_modulation,0.6703841686248779
ToyCar/train/section_00_source_train_normal_0392_noAttribute.wav,in_support,amplitude_modulation,0.965455174446106
ToyCar/train/section_00_source_train_normal_0393_noAttribute.wav,in_support,periodic_resonance,0.9617308974266052
ToyCar/train/section_00_source_train_normal_0394_noAttribute.wav,in_support,amplitude_modulation,0.9323186874389648
ToyCar/train/section_00_source_train_normal_0395_noAttribute.wav,in_support,amplitude_modulation,0.7161805629730225
ToyCar/train/section_00_source_train_normal_0396_noAttribute.wav,in_support,periodic_resonance,0.9857329726219177
ToyCar/train/section_00_source_train_normal_0397_noAttribute.wav,in_support,frequency_modulation,0.9224439859390259
ToyCar/train/section_00_source_train_normal_0398_noAttribute.wav,in_support,amplitude_modulation,0.8674415946006775
ToyCar/train/section_00_source_train_normal_0399_noAttribute.wav,in_support,amplitude_modulation,0.9186659455299377
ToyCar/train/section_00_source_train_normal_0400_noAttribute.wav,in_support,periodic_resonance,0.907168984413147
ToyCar/train/section_00_source_train_normal_0401_noAttribute.wav,in_support,amplitude_modulation,0.9527382850646973
ToyCar/train/section_00_source_train_normal_0402_noAttribute.wav,in_support,frequency_modulation,0.9843311309814453
ToyCar/train/section_00_source_train_normal_0403_noAttribute.wav,in_support,frequency_modulation,0.9804860353469849
ToyCar/train/section_00_source_train_normal_0404_noAttribute.wav,in_support,frequency_modulation,0.9776597619056702
ToyCar/train/section_00_source_train_normal_0405_noAttribute.wav,in_support,periodic_resonance,0.852529764175415
ToyCar/train/section_00_source_train_normal_0406_noAttribute.wav,in_support,frequency_modulation,0.9456070065498352
ToyCar/train/section_00_source_train_normal_0407_noAttribute.wav,in_support,amplitude_modulation,0.838830292224884
ToyCar/train/section_00_source_train_normal_0408_noAttribute.wav,in_support,frequency_modulation,0.9455233216285706
ToyCar/train/section_00_source_train_normal_0409_noAttribute.wav,in_support,frequency_modulation,0.9616050720214844
ToyCar/train/section_00_source_train_normal_0410_noAttribute.wav,in_support,frequency_modulation,0.9561207890510559
ToyCar/train/section_00_source_train_normal_0411_noAttribute.wav,in_support,frequency_modulation,0.9790012240409851
ToyCar/train/section_00_source_train_normal_0412_noAttribute.wav,in_support,frequency_modulation,0.9473192691802979
ToyCar/train/section_00_source_train_normal_0413_noAttribute.wav,in_support,amplitude_modulation,0.6583718657493591
ToyCar/train/section_00_source_train_normal_0414_noAttribute.wav,in_support,periodic_resonance,0.9689010977745056
ToyCar/train/section_00_source_train_normal_0415_noAttribute.wav,in_support,periodic_resonance,0.9751648306846619
ToyCar/train/section_00_source_train_normal_0416_noAttribute.wav,in_support,periodic_resonance,0.8618640303611755
ToyCar/train/section_00_source_train_normal_0417_noAttribute.wav,in_support,periodic_resonance,0.781026303768158
ToyCar/train/section_00_source_train_normal_0418_noAttribute.wav,in_support,periodic_resonance,0.6789848804473877
ToyCar/train/section_00_source_train_normal_0419_noAttribute.wav,in_support,periodic_resonance,0.8975458145141602
ToyCar/train/section_00_source_train_normal_0420_noAttribute.wav,in_support,frequency_modulation,0.9721606969833374
ToyCar/train/section_00_source_train_normal_0421_noAttribute.wav,in_support,amplitude_modulation,0.7131426930427551
ToyCar/train/section_00_source_train_normal_0422_noAttribute.wav,in_support,frequency_modulation,0.9418734908103943
ToyCar/train/section_00_source_train_normal_0423_noAttribute.wav,in_support,amplitude_modulation,0.8723283410072327
ToyCar/train/section_00_source_train_normal_0424_noAttribute.wav,in_support,periodic_resonance,0.47218218445777893
ToyCar/train/section_00_source_train_normal_0425_noAttribute.wav,in_support,periodic_resonance,0.9691152572631836
ToyCar/train/section_00_source_train_normal_0426_noAttribute.wav,in_support,periodic_resonance,0.9879773855209351
ToyCar/train/section_00_source_train_normal_0427_noAttribute.wav,in_support,frequency_modulation,0.7900420427322388
ToyCar/train/section_00_source_train_normal_0428_noAttribute.wav,in_support,amplitude_modulation,0.8658888936042786
ToyCar/train/section_00_source_train_normal_0429_noAttribute.wav,in_support,amplitude_modulation,0.7102769017219543
ToyCar/train/section_00_source_train_normal_0430_noAttribute.wav,in_support,periodic_resonance,0.3010704517364502
ToyCar/train/section_00_source_train_normal_0431_noAttribute.wav,in_support,amplitude_modulation,0.8872023820877075
ToyCar/train/section_00_source_train_normal_0432_noAttribute.wav,in_support,frequency_modulation,0.7900278568267822
ToyCar/train/section_00_source_train_normal_0433_noAttribute.wav,in_support,periodic_resonance,0.9665260314941406
ToyCar/train/section_00_source_train_normal_0434_noAttribute.wav,in_support,periodic_resonance,0.927381157875061
ToyCar/train/section_00_source_train_normal_0435_noAttribute.wav,in_support,periodic_resonance,0.22032810747623444
ToyCar/train/section_00_source_train_normal_0436_noAttribute.wav,in_support,periodic_resonance,0.9681798815727234
ToyCar/train/section_00_source_train_normal_0437_noAttribute.wav,in_support,periodic_resonance,0.978350818157196
ToyCar/train/section_00_source_train_normal_0438_noAttribute.wav,in_support,amplitude_modulation,0.814503014087677
ToyCar/train/section_00_source_train_normal_0439_noAttribute.wav,in_support,amplitude_modulation,0.6790492534637451
ToyCar/train/section_00_source_train_normal_0440_noAttribute.wav,in_support,frequency_modulation,0.9333062171936035
ToyCar/train/section_00_source_train_normal_0441_noAttribute.wav,in_support,amplitude_modulation,0.8091490864753723
ToyCar/train/section_00_source_train_normal_0442_noAttribute.wav,in_support,periodic_resonance,0.6566048264503479
ToyCar/train/section_00_source_train_normal_0443_noAttribute.wav,in_support,frequency_modulation,0.7694092392921448
ToyCar/train/section_00_source_train_normal_0444_noAttribute.wav,in_support,periodic_resonance,0.9218959212303162
ToyCar/train/section_00_source_train_normal_0445_noAttribute.wav,in_support,amplitude_modulation,0.8134697079658508
ToyCar/train/section_00_source_train_normal_0446_noAttribute.wav,in_support,frequency_modulation,0.9429824352264404
ToyCar/train/section_00_source_train_normal_0447_noAttribute.wav,in_support,frequency_modulation,0.9701749086380005
ToyCar/train/section_00_source_train_normal_0448_noAttribute.wav,in_support,amplitude_modulation,0.6456944942474365
ToyCar/train/section_00_source_train_normal_0449_noAttribute.wav,in_support,periodic_resonance,0.6136050224304199
ToyCar/train/section_00_source_train_normal_0450_noAttribute.wav,in_support,amplitude_modulation,0.735116183757782
ToyCar/train/section_00_source_train_normal_0451_noAttribute.wav,in_support,frequency_modulation,0.9560679197311401
ToyCar/train/section_00_source_train_normal_0452_noAttribute.wav,in_support,amplitude_modulation,0.9167452454566956
ToyCar/train/section_00_source_train_normal_0453_noAttribute.wav,in_support,amplitude_modulation,0.8829834461212158
ToyCar/train/section_00_source_train_normal_0454_noAttribute.wav,in_support,amplitude_modulation,0.8067118525505066
ToyCar/train/section_00_source_train_normal_0455_noAttribute.wav,in_support,periodic_resonance,0.6094041466712952
ToyCar/train/section_00_source_train_normal_0456_noAttribute.wav,in_support,amplitude_modulation,0.7510291934013367
ToyCar/train/section_00_source_train_normal_0457_noAttribute.wav,in_support,frequency_modulation,0.8660481572151184
ToyCar/train/section_00_source_train_normal_0458_noAttribute.wav,in_support,frequency_modulation,0.9825127720832825
ToyCar/train/section_00_source_train_normal_0459_noAttribute.wav,in_support,amplitude_modulation,0.7095274329185486
ToyCar/train/section_00_source_train_normal_0460_noAttribute.wav,in_support,amplitude_modulation,0.9279314875602722
ToyCar/train/section_00_source_train_normal_0461_noAttribute.wav,in_support,amplitude_modulation,0.8262388110160828
ToyCar/train/section_00_source_train_normal_0462_noAttribute.wav,in_support,amplitude_modulation,0.9504313468933105
ToyCar/train/section_00_source_train_normal_0463_noAttribute.wav,in_support,amplitude_modulation,0.9330896735191345
ToyCar/train/section_00_source_train_normal_0464_noAttribute.wav,in_support,frequency_modulation,0.9354053139686584
ToyCar/train/section_00_source_train_normal_0465_noAttribute.wav,in_support,periodic_resonance,0.9735912084579468
ToyCar/train/section_00_source_train_normal_0466_noAttribute.wav,in_support,periodic_resonance,0.4285370111465454
ToyCar/train/section_00_source_train_normal_0467_noAttribute.wav,in_support,periodic_resonance,0.9834530353546143
ToyCar/train/section_00_source_train_normal_0468_noAttribute.wav,in_support,amplitude_modulation,0.7944956421852112
ToyCar/train/section_00_source_train_normal_0469_noAttribute.wav,in_support,amplitude_modulation,0.8228862881660461
ToyCar/train/section_00_source_train_normal_0470_noAttribute.wav,in_support,frequency_modulation,0.8749946355819702
ToyCar/train/section_00_source_train_normal_0471_noAttribute.wav,in_support,periodic_resonance,0.25266242027282715
ToyCar/train/section_00_source_train_normal_0472_noAttribute.wav,in_support,periodic_resonance,0.15337413549423218
ToyCar/train/section_00_source_train_normal_0473_noAttribute.wav,in_support,frequency_modulation,0.9314219951629639
ToyCar/train/section_00_source_train_normal_0474_noAttribute.wav,in_support,amplitude_modulation,0.7393870949745178
ToyCar/train/section_00_source_train_normal_0475_noAttribute.wav,in_support,periodic_resonance,0.9611557126045227
ToyCar/train/section_00_source_train_normal_0476_noAttribute.wav,in_support,amplitude_modulation,0.9225559234619141
ToyCar/train/section_00_source_train_normal_0477_noAttribute.wav,in_support,frequency_modulation,0.9805499315261841
ToyCar/train/section_00_source_train_normal_0478_noAttribute.wav,in_support,periodic_resonance,0.24333862960338593
ToyCar/train/section_00_source_train_normal_0479_noAttribute.wav,in_support,periodic_resonance,0.8126193284988403
ToyCar/train/section_00_source_train_normal_0480_noAttribute.wav,in_support,periodic_resonance,0.9806462526321411
ToyCar/train/section_00_source_train_normal_0481_noAttribute.wav,in_support,amplitude_modulation,0.5202434062957764
ToyCar/train/section_00_source_train_normal_0482_noAttribute.wav,in_support,frequency_modulation,0.9939336180686951
ToyCar/train/section_00_source_train_normal_0483_noAttribute.wav,in_support,periodic_resonance,0.12503227591514587
ToyCar/train/section_00_source_train_normal_0484_noAttribute.wav,in_support,periodic_resonance,0.9698814153671265
ToyCar/train/section_00_source_train_normal_0485_noAttribute.wav,in_support,periodic_resonance,0.8538864850997925
ToyCar/train/section_00_source_train_normal_0486_noAttribute.wav,in_support,frequency_modulation,0.9551196098327637
ToyCar/train/section_00_source_train_normal_0487_noAttribute.wav,in_support,periodic_resonance,0.7522676587104797
ToyCar/train/section_00_source_train_normal_0488_noAttribute.wav,in_support,amplitude_modulation,0.7280271053314209
ToyCar/train/section_00_source_train_normal_0489_noAttribute.wav,in_support,frequency_modulation,0.7792933583259583
ToyCar/train/section_00_source_train_normal_0490_noAttribute.wav,in_support,amplitude_modulation,0.7602443695068359
ToyCar/train/section_00_source_train_normal_0491_noAttribute.wav,in_support,frequency_modulation,0.9065626859664917
ToyCar/train/section_00_source_train_normal_0492_noAttribute.wav,in_support,amplitude_modulation,0.9247989654541016
ToyCar/train/section_00_source_train_normal_0493_noAttribute.wav,in_support,amplitude_modulation,0.6041905879974365
ToyCar/train/section_00_source_train_normal_0494_noAttribute.wav,in_support,frequency_modulation,0.893579363822937
ToyCar/train/section_00_source_train_normal_0495_noAttribute.wav,in_support,amplitude_modulation,0.7351228594779968
ToyCar/train/section_00_source_train_normal_0496_noAttribute.wav,in_support,frequency_modulation,0.9679378867149353
ToyCar/train/section_00_source_train_normal_0497_noAttribute.wav,in_support,periodic_resonance,0.4996984601020813
ToyCar/train/section_00_source_train_normal_0498_noAttribute.wav,in_support,periodic_resonance,0.16845716536045074
ToyCar/train/section_00_source_train_normal_0499_noAttribute.wav,in_support,periodic_resonance,0.7594976425170898
ToyCar/train/section_00_source_train_normal_0500_noAttribute.wav,in_support,frequency_modulation,0.8845958709716797
ToyCar/train/section_00_source_train_normal_0501_noAttribute.wav,in_support,periodic_resonance,0.6313813924789429
ToyCar/train/section_00_source_train_normal_0502_noAttribute.wav,in_support,frequency_modulation,0.9009567499160767
ToyCar/train/section_00_source_train_normal_0503_noAttribute.wav,in_support,amplitude_modulation,0.82170569896698
ToyCar/train/section_00_source_train_normal_0504_noAttribute.wav,in_support,amplitude_modulation,0.7984611392021179
ToyCar/train/section_00_source_train_normal_0505_noAttribute.wav,in_support,amplitude_modulation,0.7455139756202698
ToyCar/train/section_00_source_train_normal_0506_noAttribute.wav,in_support,amplitude_modulation,0.5105454325675964
ToyCar/train/section_00_source_train_normal_0507_noAttribute.wav,in_support,frequency_modulation,0.8336590528488159
ToyCar/train/section_00_source_train_normal_0508_noAttribute.wav,in_support,periodic_resonance,0.9838199615478516
ToyCar/train/section_00_source_train_normal_0509_noAttribute.wav,in_support,amplitude_modulation,0.6765869855880737
ToyCar/train/section_00_source_train_normal_0510_noAttribute.wav,in_support,amplitude_modulation,0.8248671293258667
ToyCar/train/section_00_source_train_normal_0511_noAttribute.wav,in_support,amplitude_modulation,0.8764739036560059
ToyCar/train/section_00_source_train_normal_0512_noAttribute.wav,in_support,periodic_resonance,0.5819939970970154
ToyCar/train/section_00_source_train_normal_0513_noAttribute.wav,in_support,amplitude_modulation,0.9696361422538757
ToyCar/train/section_00_source_train_normal_0514_noAttribute.wav,in_support,periodic_resonance,0.9548012018203735
ToyCar/train/section_00_source_train_normal_0515_noAttribute.wav,in_support,periodic_resonance,0.5231151580810547
ToyCar/train/section_00_source_train_normal_0516_noAttribute.wav,in_support,amplitude_modulation,0.8793988227844238
ToyCar/train/section_00_source_train_normal_0517_noAttribute.wav,in_support,amplitude_modulation,0.8174970746040344
ToyCar/train/section_00_source_train_normal_0518_noAttribute.wav,in_support,amplitude_modulation,0.9325505495071411
ToyCar/train/section_00_source_train_normal_0519_noAttribute.wav,in_support,periodic_resonance,0.982774555683136
ToyCar/train/section_00_source_train_normal_0520_noAttribute.wav,in_support,amplitude_modulation,0.7385892271995544
ToyCar/train/section_00_source_train_normal_0521_noAttribute.wav,in_support,periodic_resonance,0.2499190866947174
ToyCar/train/section_00_source_train_normal_0522_noAttribute.wav,in_support,amplitude_modulation,0.9469659328460693
ToyCar/train/section_00_source_train_normal_0523_noAttribute.wav,in_support,amplitude_modulation,0.8402544856071472
ToyCar/train/section_00_source_train_normal_0524_noAttribute.wav,in_support,periodic_resonance,0.6465801000595093
ToyCar/train/section_00_source_train_normal_0525_noAttribute.wav,in_support,frequency_modulation,0.9861046671867371
ToyCar/train/section_00_source_train_normal_0526_noAttribute.wav,in_support,frequency_modulation,0.7864938378334045
ToyCar/train/section_00_source_train_normal_0527_noAttribute.wav,in_support,periodic_resonance,0.8363053798675537
ToyCar/train/section_00_source_train_normal_0528_noAttribute.wav,in_support,frequency_modulation,0.9629284143447876
ToyCar/train/section_00_source_train_normal_0529_noAttribute.wav,in_support,amplitude_modulation,0.6651156544685364
ToyCar/train/section_00_source_train_normal_0530_noAttribute.wav,in_support,amplitude_modulation,0.8468106985092163
ToyCar/train/section_00_source_train_normal_0531_noAttribute.wav,in_support,amplitude_modulation,0.8557959794998169
ToyCar/train/section_00_source_train_normal_0532_noAttribute.wav,in_support,amplitude_modulation,0.8190601468086243
ToyCar/train/section_00_source_train_normal_0533_noAttribute.wav,in_support,periodic_resonance,0.6243999600410461
ToyCar/train/section_00_source_train_normal_0534_noAttribute.wav,in_support,amplitude_modulation,0.8890703916549683
ToyCar/train/section_00_source_train_normal_0535_noAttribute.wav,in_support,periodic_resonance,0.9919853210449219
ToyCar/train/section_00_source_train_normal_0536_noAttribute.wav,in_support,periodic_resonance,0.9723886847496033
ToyCar/train/section_00_source_train_normal_0537_noAttribute.wav,in_support,periodic_resonance,0.9884942770004272
ToyCar/train/section_00_source_train_normal_0538_noAttribute.wav,in_support,periodic_resonance,0.9595845341682434
ToyCar/train/section_00_source_train_normal_0539_noAttribute.wav,in_support,amplitude_modulation,0.8952986598014832
ToyCar/train/section_00_source_train_normal_0540_noAttribute.wav,in_support,frequency_modulation,0.985526442527771
ToyCar/train/section_00_source_train_normal_0541_noAttribute.wav,in_support,amplitude_modulation,0.43302804231643677
ToyCar/train/section_00_source_train_normal_0542_noAttribute.wav,in_support,periodic_resonance,0.5177718997001648
ToyCar/train/section_00_source_train_normal_0543_noAttribute.wav,in_support,amplitude_modulation,0.7686893939971924
ToyCar/train/section_00_source_train_normal_0544_noAttribute.wav,in_support,periodic_resonance,0.9165360331535339
ToyCar/train/section_00_source_train_normal_0545_noAttribute.wav,in_support,amplitude_modulation,0.8567605018615723
ToyCar/train/section_00_source_train_normal_0546_noAttribute.wav,in_support,amplitude_modulation,0.668592631816864
ToyCar/train/section_00_source_train_normal_0547_noAttribute.wav,in_support,frequency_modulation,0.9418827295303345
ToyCar/train/section_00_source_train_normal_0548_noAttribute.wav,in_support,frequency_modulation,0.8690242171287537
ToyCar/train/section_00_source_train_normal_0549_noAttribute.wav,in_support,amplitude_modulation,0.9091245532035828
ToyCar/train/section_00_source_train_normal_0550_noAttribute.wav,in_support,periodic_resonance,0.5611559748649597
ToyCar/train/section_00_source_train_normal_0551_noAttribute.wav,in_support,frequency_modulation,0.9077197909355164
ToyCar/train/section_00_source_train_normal_0552_noAttribute.wav,in_support,amplitude_modulation,0.7784764766693115
ToyCar/train/section_00_source_train_normal_0553_noAttribute.wav,in_support,amplitude_modulation,0.8649343848228455
ToyCar/train/section_00_source_train_normal_0554_noAttribute.wav,in_support,periodic_resonance,0.90913987159729
ToyCar/train/section_00_source_train_normal_0555_noAttribute.wav,in_support,periodic_resonance,0.9383587837219238
ToyCar/train/section_00_source_train_normal_0556_noAttribute.wav,in_support,periodic_resonance,0.9690013527870178
ToyCar/train/section_00_source_train_normal_0557_noAttribute.wav,in_support,frequency_modulation,0.89576655626297
ToyCar/train/section_00_source_train_normal_0558_noAttribute.wav,in_support,periodic_resonance,0.15072830021381378
ToyCar/train/section_00_source_train_normal_0559_noAttribute.wav,in_support,amplitude_modulation,0.8973610997200012
ToyCar/train/section_00_source_train_normal_0560_noAttribute.wav,in_support,periodic_resonance,0.43250054121017456
ToyCar/train/section_00_source_train_normal_0561_noAttribute.wav,in_support,frequency_modulation,0.7842984199523926
ToyCar/train/section_00_source_train_normal_0562_noAttribute.wav,in_support,amplitude_modulation,0.863714337348938
ToyCar/train/section_00_source_train_normal_0563_noAttribute.wav,in_support,frequency_modulation,0.8072499632835388
ToyCar/train/section_00_source_train_normal_0564_noAttribute.wav,in_support,amplitude_modulation,0.8065366148948669
ToyCar/train/section_00_source_train_normal_0565_noAttribute.wav,in_support,periodic_resonance,0.957614004611969
ToyCar/train/section_00_source_train_normal_0566_noAttribute.wav,in_support,frequency_modulation,0.7934353351593018
ToyCar/train/section_00_source_train_normal_0567_noAttribute.wav,in_support,periodic_resonance,0.8629896640777588
ToyCar/train/section_00_source_train_normal_0568_noAttribute.wav,in_support,amplitude_modulation,0.7224950790405273
ToyCar/train/section_00_source_train_normal_0569_noAttribute.wav,in_support,frequency_modulation,0.9162506461143494
ToyCar/train/section_00_source_train_normal_0570_noAttribute.wav,in_support,amplitude_modulation,0.7621424198150635
ToyCar/train/section_00_source_train_normal_0571_noAttribute.wav,in_support,amplitude_modulation,0.6508761048316956
ToyCar/train/section_00_source_train_normal_0572_noAttribute.wav,in_support,amplitude_modulation,0.7456321120262146
ToyCar/train/section_00_source_train_normal_0573_noAttribute.wav,in_support,amplitude_modulation,0.9152929186820984
ToyCar/train/section_00_source_train_normal_0574_noAttribute.wav,in_support,amplitude_modulation,0.7065730094909668
ToyCar/train/section_00_source_train_normal_0575_noAttribute.wav,in_support,periodic_resonance,0.8141552209854126
ToyCar/train/section_00_source_train_normal_0576_noAttribute.wav,in_support,frequency_modulation,0.9923840165138245
ToyCar/train/section_00_source_train_normal_0577_noAttribute.wav,in_support,amplitude_modulation,0.7881290912628174
ToyCar/train/section_00_source_train_normal_0578_noAttribute.wav,in_support,frequency_modulation,0.9331966638565063
ToyCar/train/section_00_source_train_normal_0579_noAttribute.wav,in_support,periodic_resonance,0.7929448485374451
ToyCar/train/section_00_source_train_normal_0580_noAttribute.wav,in_support,frequency_modulation,0.8844853639602661
ToyCar/train/section_00_source_train_normal_0581_noAttribute.wav,in_support,frequency_modulation,0.9495931267738342
ToyCar/train/section_00_source_train_normal_0582_noAttribute.wav,in_support,frequency_modulation,0.9868904948234558
ToyCar/train/section_00_source_train_normal_0583_noAttribute.wav,in_support,frequency_modulation,0.9296734929084778
ToyCar/train/section_00_source_train_normal_0584_noAttribute.wav,in_support,periodic_resonance,0.9656086564064026
ToyCar/train/section_00_source_train_normal_0585_noAttribute.wav,in_support,amplitude_modulation,0.7507045865058899
ToyCar/train/section_00_source_train_normal_0586_noAttribute.wav,in_support,frequency_modulation,0.9695205688476562
ToyCar/train/section_00_source_train_normal_0587_noAttribute.wav,in_support,periodic_resonance,0.8987590074539185
ToyCar/train/section_00_source_train_normal_0588_noAttribute.wav,in_support,periodic_resonance,0.9545377492904663
ToyCar/train/section_00_source_train_normal_0589_noAttribute.wav,in_support,frequency_modulation,0.9798421263694763
ToyCar/train/section_00_source_train_normal_0590_noAttribute.wav,in_support,frequency_modulation,0.9533877372741699
ToyCar/train/section_00_source_train_normal_0591_noAttribute.wav,in_support,frequency_modulation,0.823163628578186
ToyCar/train/section_00_source_train_normal_0592_noAttribute.wav,in_support,frequency_modulation,0.9827782511711121
ToyCar/train/section_00_source_train_normal_0593_noAttribute.wav,in_support,amplitude_modulation,0.8529682755470276
ToyCar/train/section_00_source_train_normal_0594_noAttribute.wav,in_support,frequency_modulation,0.9776079654693604
ToyCar/train/section_00_source_train_normal_0595_noAttribute.wav,in_support,amplitude_modulation,0.7659485936164856
ToyCar/train/section_00_source_train_normal_0596_noAttribute.wav,in_support,periodic_resonance,0.9718006253242493
ToyCar/train/section_00_source_train_normal_0597_noAttribute.wav,in_support,periodic_resonance,0.1763772964477539
ToyCar/train/section_00_source_train_normal_0598_noAttribute.wav,in_support,periodic_resonance,0.7783657908439636
ToyCar/train/section_00_source_train_normal_0599_noAttribute.wav,in_support,periodic_resonance,0.12208109349012375
ToyCar/train/section_00_source_train_normal_0600_noAttribute.wav,in_support,periodic_resonance,0.9811003804206848
ToyCar/train/section_00_source_train_normal_0601_noAttribute.wav,in_support,periodic_resonance,0.47692257165908813
ToyCar/train/section_00_source_train_normal_0602_noAttribute.wav,in_support,frequency_modulation,0.9186625480651855
ToyCar/train/section_00_source_train_normal_0603_noAttribute.wav,in_support,periodic_resonance,0.7121855616569519
ToyCar/train/section_00_source_train_normal_0604_noAttribute.wav,in_support,amplitude_modulation,0.7382650375366211
ToyCar/train/section_00_source_train_normal_0605_noAttribute.wav,in_support,amplitude_modulation,0.7349111437797546
ToyCar/train/section_00_source_train_normal_0606_noAttribute.wav,in_support,frequency_modulation,0.7845988869667053
ToyCar/train/section_00_source_train_normal_0607_noAttribute.wav,in_support,amplitude_modulation,0.7125043869018555
ToyCar/train/section_00_source_train_normal_0608_noAttribute.wav,in_support,periodic_resonance,0.28094610571861267
ToyCar/train/section_00_source_train_normal_0609_noAttribute.wav,in_support,periodic_resonance,0.9535750150680542
ToyCar/train/section_00_source_train_normal_0610_noAttribute.wav,in_support,frequency_modulation,0.9056293368339539
ToyCar/train/section_00_source_train_normal_0611_noAttribute.wav,in_support,periodic_resonance,0.5959334373474121
ToyCar/train/section_00_source_train_normal_0612_noAttribute.wav,in_support,amplitude_modulation,0.8833304643630981
ToyCar/train/section_00_source_train_normal_0613_noAttribute.wav,in_support,amplitude_modulation,0.6251963973045349
ToyCar/train/section_00_source_train_normal_0614_noAttribute.wav,in_support,periodic_resonance,0.6428288817405701
ToyCar/train/section_00_source_train_normal_0615_noAttribute.wav,in_support,periodic_resonance,0.11539208143949509
ToyCar/train/section_00_source_train_normal_0616_noAttribute.wav,in_support,frequency_modulation,0.6176345348358154
ToyCar/train/section_00_source_train_normal_0617_noAttribute.wav,in_support,frequency_modulation,0.8690963387489319
ToyCar/train/section_00_source_train_normal_0618_noAttribute.wav,in_support,frequency_modulation,0.8125280141830444
ToyCar/train/section_00_source_train_normal_0619_noAttribute.wav,in_support,frequency_modulation,0.8165295720100403
ToyCar/train/section_00_source_train_normal_0620_noAttribute.wav,in_support,amplitude_modulation,0.6146531701087952
ToyCar/train/section_00_source_train_normal_0621_noAttribute.wav,in_support,periodic_resonance,0.9807240962982178
ToyCar/train/section_00_source_train_normal_0622_noAttribute.wav,in_support,periodic_resonance,0.9474465847015381
ToyCar/train/section_00_source_train_normal_0623_noAttribute.wav,in_support,frequency_modulation,0.7154074907302856
ToyCar/train/section_00_source_train_normal_0624_noAttribute.wav,in_support,periodic_resonance,0.17878934741020203
ToyCar/train/section_00_source_train_normal_0625_noAttribute.wav,in_support,frequency_modulation,0.91429203748703
ToyCar/train/section_00_source_train_normal_0626_noAttribute.wav,in_support,periodic_resonance,0.9239829182624817
ToyCar/train/section_00_source_train_normal_0627_noAttribute.wav,in_support,amplitude_modulation,0.688981294631958
ToyCar/train/section_00_source_train_normal_0628_noAttribute.wav,in_support,frequency_modulation,0.9237303137779236
ToyCar/train/section_00_source_train_normal_0629_noAttribute.wav,in_support,amplitude_modulation,0.7851436734199524
ToyCar/train/section_00_source_train_normal_0630_noAttribute.wav,in_support,periodic_resonance,0.923069417476654
ToyCar/train/section_00_source_train_normal_0631_noAttribute.wav,in_support,frequency_modulation,0.7851494550704956
ToyCar/train/section_00_source_train_normal_0632_noAttribute.wav,in_support,periodic_resonance,0.5490884184837341
ToyCar/train/section_00_source_train_normal_0633_noAttribute.wav,in_support,amplitude_modulation,0.8317441940307617
ToyCar/train/section_00_source_train_normal_0634_noAttribute.wav,in_support,frequency_modulation,0.9778563976287842
ToyCar/train/section_00_source_train_normal_0635_noAttribute.wav,in_support,periodic_resonance,0.9617868065834045
ToyCar/train/section_00_source_train_normal_0636_noAttribute.wav,in_support,periodic_resonance,0.16611488163471222
ToyCar/train/section_00_source_train_normal_0637_noAttribute.wav,in_support,amplitude_modulation,0.7883747816085815
ToyCar/train/section_00_source_train_normal_0638_noAttribute.wav,in_support,amplitude_modulation,0.6387908458709717
ToyCar/train/section_00_source_train_normal_0639_noAttribute.wav,in_support,periodic_resonance,0.990914523601532
ToyCar/train/section_00_source_train_normal_0640_noAttribute.wav,in_support,periodic_resonance,0.9123135805130005
ToyCar/train/section_00_source_train_normal_0641_noAttribute.wav,in_support,frequency_modulation,0.9764376282691956
ToyCar/train/section_00_source_train_normal_0642_noAttribute.wav,in_support,frequency_modulation,0.9781066179275513
ToyCar/train/section_00_source_train_normal_0643_noAttribute.wav,in_support,frequency_modulation,0.9512448310852051
ToyCar/train/section_00_source_train_normal_0644_noAttribute.wav,in_support,amplitude_modulation,0.8355202674865723
ToyCar/train/section_00_source_train_normal_0645_noAttribute.wav,in_support,frequency_modulation,0.8792762160301208
ToyCar/train/section_00_source_train_normal_0646_noAttribute.wav,in_support,amplitude_modulation,0.6192182302474976
ToyCar/train/section_00_source_train_normal_0647_noAttribute.wav,in_support,amplitude_modulation,0.524203896522522
ToyCar/train/section_00_source_train_normal_0648_noAttribute.wav,in_support,frequency_modulation,0.9509400129318237
ToyCar/train/section_00_source_train_normal_0649_noAttribute.wav,in_support,amplitude_modulation,0.9264052510261536
ToyCar/train/section_00_source_train_normal_0650_noAttribute.wav,in_support,periodic_resonance,0.9941250085830688
ToyCar/train/section_00_source_train_normal_0651_noAttribute.wav,in_support,frequency_modulation,0.9500809907913208
ToyCar/train/section_00_source_train_normal_0652_noAttribute.wav,in_support,frequency_modulation,0.9816994071006775
ToyCar/train/section_00_source_train_normal_0653_noAttribute.wav,in_support,frequency_modulation,0.8488309979438782
ToyCar/train/section_00_source_train_normal_0654_noAttribute.wav,in_support,amplitude_modulation,0.6918506622314453
ToyCar/train/section_00_source_train_normal_0655_noAttribute.wav,in_support,amplitude_modulation,0.8838973641395569
ToyCar/train/section_00_source_train_normal_0656_noAttribute.wav,in_support,frequency_modulation,0.9398242831230164
ToyCar/train/section_00_source_train_normal_0657_noAttribute.wav,in_support,frequency_modulation,0.9674050807952881
ToyCar/train/section_00_source_train_normal_0658_noAttribute.wav,in_support,amplitude_modulation,0.5692731142044067
ToyCar/train/section_00_source_train_normal_0659_noAttribute.wav,in_support,periodic_resonance,0.7565802335739136
ToyCar/train/section_00_source_train_normal_0660_noAttribute.wav,in_support,frequency_modulation,0.9591448903083801
ToyCar/train/section_00_source_train_normal_0661_noAttribute.wav,in_support,amplitude_modulation,0.780451774597168
ToyCar/train/section_00_source_train_normal_0662_noAttribute.wav,in_support,frequency_modulation,0.8091150522232056
ToyCar/train/section_00_source_train_normal_0663_noAttribute.wav,in_support,frequency_modulation,0.7917997241020203
ToyCar/train/section_00_source_train_normal_0664_noAttribute.wav,in_support,frequency_modulation,0.7508664727210999
ToyCar/train/section_00_source_train_normal_0665_noAttribute.wav,in_support,periodic_resonance,0.2357022911310196
ToyCar/train/section_00_source_train_normal_0666_noAttribute.wav,in_support,periodic_resonance,0.9858638644218445
ToyCar/train/section_00_source_train_normal_0667_noAttribute.wav,in_support,frequency_modulation,0.9119011163711548
ToyCar/train/section_00_source_train_normal_0668_noAttribute.wav,in_support,frequency_modulation,0.9444316625595093
ToyCar/train/section_00_source_train_normal_0669_noAttribute.wav,in_support,frequency_modulation,0.9135311841964722
ToyCar/train/section_00_source_train_normal_0670_noAttribute.wav,in_support,amplitude_modulation,0.9168494939804077
ToyCar/train/section_00_source_train_normal_0671_noAttribute.wav,in_support,periodic_resonance,0.24450774490833282
ToyCar/train/section_00_source_train_normal_0672_noAttribute.wav,in_support,amplitude_modulation,0.5969710946083069
ToyCar/train/section_00_source_train_normal_0673_noAttribute.wav,in_support,periodic_resonance,0.731798529624939
ToyCar/train/section_00_source_train_normal_0674_noAttribute.wav,in_support,periodic_resonance,0.5628331899642944
ToyCar/train/section_00_source_train_normal_0675_noAttribute.wav,in_support,amplitude_modulation,0.6737006902694702
ToyCar/train/section_00_source_train_normal_0676_noAttribute.wav,in_support,amplitude_modulation,0.869334876537323
ToyCar/train/section_00_source_train_normal_0677_noAttribute.wav,in_support,frequency_modulation,0.8019042611122131
ToyCar/train/section_00_source_train_normal_0678_noAttribute.wav,in_support,periodic_resonance,0.6129957437515259
ToyCar/train/section_00_source_train_normal_0679_noAttribute.wav,in_support,periodic_resonance,0.8868048191070557
ToyCar/train/section_00_source_train_normal_0680_noAttribute.wav,in_support,periodic_resonance,0.9570178985595703
ToyCar/train/section_00_source_train_normal_0681_noAttribute.wav,in_support,amplitude_modulation,0.728364109992981
ToyCar/train/section_00_source_train_normal_0682_noAttribute.wav,in_support,amplitude_modulation,0.9013723731040955
ToyCar/train/section_00_source_train_normal_0683_noAttribute.wav,in_support,amplitude_modulation,0.8153679966926575
ToyCar/train/section_00_source_train_normal_0684_noAttribute.wav,in_support,periodic_resonance,0.804153323173523
ToyCar/train/section_00_source_train_normal_0685_noAttribute.wav,in_support,periodic_resonance,0.9754857420921326
ToyCar/train/section_00_source_train_normal_0686_noAttribute.wav,in_support,periodic_resonance,0.9635927677154541
ToyCar/train/section_00_source_train_normal_0687_noAttribute.wav,in_support,periodic_resonance,0.7480140924453735
ToyCar/train/section_00_source_train_normal_0688_noAttribute.wav,in_support,periodic_resonance,0.852931022644043
ToyCar/train/section_00_source_train_normal_0689_noAttribute.wav,in_support,amplitude_modulation,0.7973116040229797
ToyCar/train/section_00_source_train_normal_0690_noAttribute.wav,in_support,amplitude_modulation,0.9133030772209167
ToyCar/train/section_00_source_train_normal_0691_noAttribute.wav,in_support,frequency_modulation,0.6739081144332886
ToyCar/train/section_00_source_train_normal_0692_noAttribute.wav,in_support,amplitude_modulation,0.8938441872596741
ToyCar/train/section_00_source_train_normal_0693_noAttribute.wav,in_support,amplitude_modulation,0.8807352185249329
ToyCar/train/section_00_source_train_normal_0694_noAttribute.wav,in_support,frequency_modulation,0.934032142162323
ToyCar/train/section_00_source_train_normal_0695_noAttribute.wav,in_support,amplitude_modulation,0.7779421210289001
ToyCar/train/section_00_source_train_normal_0696_noAttribute.wav,in_support,periodic_resonance,0.9477251768112183
ToyCar/train/section_00_source_train_normal_0697_noAttribute.wav,in_support,frequency_modulation,0.8248319029808044
ToyCar/train/section_00_source_train_normal_0698_noAttribute.wav,in_support,periodic_resonance,0.9802498817443848
ToyCar/train/section_00_source_train_normal_0699_noAttribute.wav,in_support,frequency_modulation,0.9366000294685364
ToyCar/train/section_00_source_train_normal_0700_noAttribute.wav,in_support,frequency_modulation,0.9778450131416321
ToyCar/train/section_00_source_train_normal_0701_noAttribute.wav,in_support,periodic_resonance,0.9727829098701477
ToyCar/train/section_00_source_train_normal_0702_noAttribute.wav,in_support,periodic_resonance,0.1282576322555542
ToyCar/train/section_00_source_train_normal_0703_noAttribute.wav,in_support,amplitude_modulation,0.8996038436889648
ToyCar/train/section_00_source_train_normal_0704_noAttribute.wav,in_support,amplitude_modulation,0.8932673931121826
ToyCar/train/section_00_source_train_normal_0705_noAttribute.wav,in_support,frequency_modulation,0.9416232109069824
ToyCar/train/section_00_source_train_normal_0706_noAttribute.wav,in_support,periodic_resonance,0.8457100987434387
ToyCar/train/section_00_source_train_normal_0707_noAttribute.wav,in_support,frequency_modulation,0.9750495553016663
ToyCar/train/section_00_source_train_normal_0708_noAttribute.wav,in_support,periodic_resonance,0.9641063213348389
ToyCar/train/section_00_source_train_normal_0709_noAttribute.wav,in_support,amplitude_modulation,0.7594525218009949
ToyCar/train/section_00_source_train_normal_0710_noAttribute.wav,in_support,periodic_resonance,0.26582014560699463
ToyCar/train/section_00_source_train_normal_0711_noAttribute.wav,in_support,amplitude_modulation,0.6655589938163757
ToyCar/train/section_00_source_train_normal_0712_noAttribute.wav,in_support,periodic_resonance,0.9753208756446838
ToyCar/train/section_00_source_train_normal_0713_noAttribute.wav,in_support,amplitude_modulation,0.8373929858207703
ToyCar/train/section_00_source_train_normal_0714_noAttribute.wav,in_support,amplitude_modulation,0.887596845626831
ToyCar/train/section_00_source_train_normal_0715_noAttribute.wav,in_support,frequency_modulation,0.7209805846214294
ToyCar/train/section_00_source_train_normal_0716_noAttribute.wav,in_support,frequency_modulation,0.9726091027259827
ToyCar/train/section_00_source_train_normal_0717_noAttribute.wav,in_support,amplitude_modulation,0.7138484120368958
ToyCar/train/section_00_source_train_normal_0718_noAttribute.wav,in_support,periodic_resonance,0.9944432973861694
ToyCar/train/section_00_source_train_normal_0719_noAttribute.wav,in_support,amplitude_modulation,0.9214775562286377
ToyCar/train/section_00_source_train_normal_0720_noAttribute.wav,in_support,amplitude_modulation,0.7624662518501282
ToyCar/train/section_00_source_train_normal_0721_noAttribute.wav,in_support,frequency_modulation,0.8299800157546997
ToyCar/train/section_00_source_train_normal_0722_noAttribute.wav,in_support,periodic_resonance,0.5305435061454773
ToyCar/train/section_00_source_train_normal_0723_noAttribute.wav,in_support,frequency_modulation,0.9432961940765381
ToyCar/train/section_00_source_train_normal_0724_noAttribute.wav,in_support,frequency_modulation,0.9168962836265564
ToyCar/train/section_00_source_train_normal_0725_noAttribute.wav,in_support,periodic_resonance,0.40042543411254883
ToyCar/train/section_00_source_train_normal_0726_noAttribute.wav,in_support,frequency_modulation,0.928981602191925
ToyCar/train/section_00_source_train_normal_0727_noAttribute.wav,in_support,amplitude_modulation,0.6582688093185425
ToyCar/train/section_00_source_train_normal_0728_noAttribute.wav,in_support,periodic_resonance,0.28251007199287415
ToyCar/train/section_00_source_train_normal_0729_noAttribute.wav,in_support,frequency_modulation,0.9479124546051025
ToyCar/train/section_00_source_train_normal_0730_noAttribute.wav,in_support,amplitude_modulation,0.5879580974578857
ToyCar/train/section_00_source_train_normal_0731_noAttribute.wav,in_support,amplitude_modulation,0.706398069858551
ToyCar/train/section_00_source_train_normal_0732_noAttribute.wav,in_support,frequency_modulation,0.9245428442955017
ToyCar/train/section_00_source_train_normal_0733_noAttribute.wav,in_support,frequency_modulation,0.9690102338790894
ToyCar/train/section_00_source_train_normal_0734_noAttribute.wav,in_support,amplitude_modulation,0.8270625472068787
ToyCar/train/section_00_source_train_normal_0735_noAttribute.wav,in_support,amplitude_modulation,0.7914050221443176
ToyCar/train/section_00_source_train_normal_0736_noAttribute.wav,in_support,amplitude_modulation,0.8461785912513733
ToyCar/train/section_00_source_train_normal_0737_noAttribute.wav,in_support,periodic_resonance,0.9789665341377258
ToyCar/train/section_00_source_train_normal_0738_noAttribute.wav,in_support,amplitude_modulation,0.8516193628311157
ToyCar/train/section_00_source_train_normal_0739_noAttribute.wav,in_support,amplitude_modulation,0.8228732943534851
ToyCar/train/section_00_source_train_normal_0740_noAttribute.wav,in_support,periodic_resonance,0.9274001121520996
ToyCar/train/section_00_source_train_normal_0741_noAttribute.wav,in_support,frequency_modulation,0.9356492757797241
ToyCar/train/section_00_source_train_normal_0742_noAttribute.wav,in_support,amplitude_modulation,0.882064163684845
ToyCar/train/section_00_source_train_normal_0743_noAttribute.wav,in_support,amplitude_modulation,0.6716348528862
ToyCar/train/section_00_source_train_normal_0744_noAttribute.wav,in_support,amplitude_modulation,0.7669976353645325
ToyCar/train/section_00_source_train_normal_0745_noAttribute.wav,in_support,periodic_resonance,0.9101617932319641
ToyCar/train/section_00_source_train_normal_0746_noAttribute.wav,in_support,frequency_modulation,0.936302900314331
ToyCar/train/section_00_source_train_normal_0747_noAttribute.wav,in_support,amplitude_modulation,0.8238203525543213
ToyCar/train/section_00_source_train_normal_0748_noAttribute.wav,in_support,frequency_modulation,0.9264808893203735
ToyCar/train/section_00_source_train_normal_0749_noAttribute.wav,in_support,amplitude_modulation,0.919447124004364
ToyCar/train/section_00_source_train_normal_0750_noAttribute.wav,in_support,amplitude_modulation,0.8485652804374695
ToyCar/train/section_00_source_train_normal_0751_noAttribute.wav,in_support,amplitude_modulation,0.9137971997261047
ToyCar/train/section_00_source_train_normal_0752_noAttribute.wav,in_support,amplitude_modulation,0.860352635383606
ToyCar/train/section_00_source_train_normal_0753_noAttribute.wav,in_support,periodic_resonance,0.9798908829689026
ToyCar/train/section_00_source_train_normal_0754_noAttribute.wav,in_support,amplitude_modulation,0.6677804589271545
ToyCar/train/section_00_source_train_normal_0755_noAttribute.wav,in_support,amplitude_modulation,0.8260506391525269
ToyCar/train/section_00_source_train_normal_0756_noAttribute.wav,in_support,frequency_modulation,0.8634960651397705
ToyCar/train/section_00_source_train_normal_0757_noAttribute.wav,in_support,frequency_modulation,0.9507675766944885
ToyCar/train/section_00_source_train_normal_0758_noAttribute.wav,in_support,amplitude_modulation,0.7867919206619263
ToyCar/train/section_00_source_train_normal_0759_noAttribute.wav,in_support,frequency_modulation,0.9763890504837036
ToyCar/train/section_00_source_train_normal_0760_noAttribute.wav,in_support,periodic_resonance,0.9529241323471069
ToyCar/train/section_00_source_train_normal_0761_noAttribute.wav,in_support,periodic_resonance,0.5535022616386414
ToyCar/train/section_00_source_train_normal_0762_noAttribute.wav,in_support,amplitude_modulation,0.9655556678771973
ToyCar/train/section_00_source_train_normal_0763_noAttribute.wav,in_support,amplitude_modulation,0.624043345451355
ToyCar/train/section_00_source_train_normal_0764_noAttribute.wav,in_support,frequency_modulation,0.9373012185096741
ToyCar/train/section_00_source_train_normal_0765_noAttribute.wav,in_support,periodic_resonance,0.9524348378181458
ToyCar/train/section_00_source_train_normal_0766_noAttribute.wav,in_support,frequency_modulation,0.837945818901062
ToyCar/train/section_00_source_train_normal_0767_noAttribute.wav,in_support,amplitude_modulation,0.726175844669342
ToyCar/train/section_00_source_train_normal_0768_noAttribute.wav,in_support,periodic_resonance,0.8720090985298157
ToyCar/train/section_00_source_train_normal_0769_noAttribute.wav,in_support,frequency_modulation,0.8860700130462646
ToyCar/train/section_00_source_train_normal_0770_noAttribute.wav,in_support,amplitude_modulation,0.7472460865974426
ToyCar/train/section_00_source_train_normal_0771_noAttribute.wav,in_support,periodic_resonance,0.7037784457206726
ToyCar/train/section_00_source_train_normal_0772_noAttribute.wav,in_support,frequency_modulation,0.9631008505821228
ToyCar/train/section_00_source_train_normal_0773_noAttribute.wav,in_support,periodic_resonance,0.850576639175415
ToyCar/train/section_00_source_train_normal_0774_noAttribute.wav,in_support,amplitude_modulation,0.7471061944961548
ToyCar/train/section_00_source_train_normal_0775_noAttribute.wav,in_support,frequency_modulation,0.933592677116394
ToyCar/train/section_00_source_train_normal_0776_noAttribute.wav,in_support,frequency_modulation,0.9274388551712036
ToyCar/train/section_00_source_train_normal_0777_noAttribute.wav,in_support,frequency_modulation,0.948064386844635
ToyCar/train/section_00_source_train_normal_0778_noAttribute.wav,in_support,frequency_modulation,0.9536882638931274
ToyCar/train/section_00_source_train_normal_0779_noAttribute.wav,in_support,amplitude_modulation,0.7825832962989807
ToyCar/train/section_00_source_train_normal_0780_noAttribute.wav,in_support,amplitude_modulation,0.8531851768493652
ToyCar/train/section_00_source_train_normal_0781_noAttribute.wav,in_support,amplitude_modulation,0.8181306719779968
ToyCar/train/section_00_source_train_normal_0782_noAttribute.wav,in_support,amplitude_modulation,0.9829754829406738
ToyCar/train/section_00_source_train_normal_0783_noAttribute.wav,in_support,frequency_modulation,0.9441831707954407
ToyCar/train/section_00_source_train_normal_0784_noAttribute.wav,in_support,amplitude_modulation,0.6644660234451294
ToyCar/train/section_00_source_train_normal_0785_noAttribute.wav,in_support,amplitude_modulation,0.966004490852356
ToyCar/train/section_00_source_train_normal_0786_noAttribute.wav,in_support,periodic_resonance,0.5302301049232483
ToyCar/train/section_00_source_train_normal_0787_noAttribute.wav,in_support,amplitude_modulation,0.8898167014122009
ToyCar/train/section_00_source_train_normal_0788_noAttribute.wav,in_support,frequency_modulation,0.9749981164932251
ToyCar/train/section_00_source_train_normal_0789_noAttribute.wav,in_support,frequency_modulation,0.9280393123626709
ToyCar/train/section_00_source_train_normal_0790_noAttribute.wav,in_support,amplitude_modulation,0.8565354943275452
ToyCar/train/section_00_source_train_normal_0791_noAttribute.wav,in_support,periodic_resonance,0.356783926486969
ToyCar/train/section_00_source_train_normal_0792_noAttribute.wav,in_support,periodic_resonance,0.5560904145240784
ToyCar/train/section_00_source_train_normal_0793_noAttribute.wav,in_support,periodic_resonance,0.8685103058815002
ToyCar/train/section_00_source_train_normal_0794_noAttribute.wav,in_support,frequency_modulation,0.9321947693824768
ToyCar/train/section_00_source_train_normal_0795_noAttribute.wav,in_support,amplitude_modulation,0.9453719258308411
ToyCar/train/section_00_source_train_normal_0796_noAttribute.wav,in_support,frequency_modulation,0.9235297441482544
ToyCar/train/section_00_source_train_normal_0797_noAttribute.wav,in_support,frequency_modulation,0.7521482706069946
ToyCar/train/section_00_source_train_normal_0798_noAttribute.wav,in_support,amplitude_modulation,0.8608478903770447
ToyCar/train/section_00_source_train_normal_0799_noAttribute.wav,in_support,periodic_resonance,0.856117844581604
ToyCar/train/section_00_source_train_normal_0800_noAttribute.wav,in_support,periodic_resonance,0.977277398109436
ToyCar/train/section_00_source_train_normal_0801_noAttribute.wav,in_support,amplitude_modulation,0.6864250898361206
ToyCar/train/section_00_source_train_normal_0802_noAttribute.wav,in_support,frequency_modulation,0.9516265988349915
ToyCar/train/section_00_source_train_normal_0803_noAttribute.wav,in_support,amplitude_modulation,0.8890623450279236
ToyCar/train/section_00_source_train_normal_0804_noAttribute.wav,in_support,amplitude_modulation,0.48747584223747253
ToyCar/train/section_00_source_train_normal_0805_noAttribute.wav,in_support,amplitude_modulation,0.8037266731262207
ToyCar/train/section_00_source_train_normal_0806_noAttribute.wav,in_support,frequency_modulation,0.921175479888916
ToyCar/train/section_00_source_train_normal_0807_noAttribute.wav,in_support,amplitude_modulation,0.8126569986343384
ToyCar/train/section_00_source_train_normal_0808_noAttribute.wav,in_support,amplitude_modulation,0.9011944532394409
ToyCar/train/section_00_source_train_normal_0809_noAttribute.wav,in_support,frequency_modulation,0.901016116142273
ToyCar/train/section_00_source_train_normal_0810_noAttribute.wav,in_support,frequency_modulation,0.9487804770469666
ToyCar/train/section_00_source_train_normal_0811_noAttribute.wav,in_support,periodic_resonance,0.21070364117622375
ToyCar/train/section_00_source_train_normal_0812_noAttribute.wav,in_support,amplitude_modulation,0.8957176804542542
ToyCar/train/section_00_source_train_normal_0813_noAttribute.wav,in_support,periodic_resonance,0.5542489290237427
ToyCar/train/section_00_source_train_normal_0814_noAttribute.wav,in_support,amplitude_modulation,0.951242983341217
ToyCar/train/section_00_source_train_normal_0815_noAttribute.wav,in_support,amplitude_modulation,0.9507112503051758
ToyCar/train/section_00_source_train_normal_0816_noAttribute.wav,in_support,amplitude_modulation,0.8308284878730774
ToyCar/train/section_00_source_train_normal_0817_noAttribute.wav,in_support,amplitude_modulation,0.8507921099662781
ToyCar/train/section_00_source_train_normal_0818_noAttribute.wav,in_support,amplitude_modulation,0.9036192893981934
ToyCar/train/section_00_source_train_normal_0819_noAttribute.wav,in_support,amplitude_modulation,0.6914798021316528
ToyCar/train/section_00_source_train_normal_0820_noAttribute.wav,in_support,periodic_resonance,0.22890999913215637
ToyCar/train/section_00_source_train_normal_0821_noAttribute.wav,in_support,amplitude_modulation,0.7342960238456726
ToyCar/train/section_00_source_train_normal_0822_noAttribute.wav,in_support,frequency_modulation,0.9338797330856323
ToyCar/train/section_00_source_train_normal_0823_noAttribute.wav,in_support,amplitude_modulation,0.9529276490211487
ToyCar/train/section_00_source_train_normal_0824_noAttribute.wav,in_support,amplitude_modulation,0.8944305181503296
ToyCar/train/section_00_source_train_normal_0825_noAttribute.wav,in_support,periodic_resonance,0.9064784646034241
ToyCar/train/section_00_source_train_normal_0826_noAttribute.wav,in_support,frequency_modulation,0.954757034778595
ToyCar/train/section_00_source_train_normal_0827_noAttribute.wav,in_support,frequency_modulation,0.939033567905426
ToyCar/train/section_00_source_train_normal_0828_noAttribute.wav,in_support,amplitude_modulation,0.9144103527069092
ToyCar/train/section_00_source_train_normal_0829_noAttribute.wav,in_support,frequency_modulation,0.9738484025001526
ToyCar/train/section_00_source_train_normal_0830_noAttribute.wav,in_support,frequency_modulation,0.9537128806114197
ToyCar/train/section_00_source_train_normal_0831_noAttribute.wav,in_support,amplitude_modulation,0.840469479560852
ToyCar/train/section_00_source_train_normal_0832_noAttribute.wav,in_support,frequency_modulation,0.8252658843994141
ToyCar/train/section_00_source_train_normal_0833_noAttribute.wav,in_support,amplitude_modulation,0.8267485499382019
ToyCar/train/section_00_source_train_normal_0834_noAttribute.wav,in_support,amplitude_modulation,0.6450020670890808
ToyCar/train/section_00_source_train_normal_0835_noAttribute.wav,in_support,periodic_resonance,0.11993809789419174
ToyCar/train/section_00_source_train_normal_0836_noAttribute.wav,in_support,periodic_resonance,0.9802703857421875
ToyCar/train/section_00_source_train_normal_0837_noAttribute.wav,in_support,amplitude_modulation,0.646072268486023
ToyCar/train/section_00_source_train_normal_0838_noAttribute.wav,in_support,amplitude_modulation,0.7098572850227356
ToyCar/train/section_00_source_train_normal_0839_noAttribute.wav,in_support,periodic_resonance,0.9594082236289978
ToyCar/train/section_00_source_train_normal_0840_noAttribute.wav,in_support,frequency_modulation,0.8025004863739014
ToyCar/train/section_00_source_train_normal_0841_noAttribute.wav,in_support,frequency_modulation,0.8142580986022949
ToyCar/train/section_00_source_train_normal_0842_noAttribute.wav,in_support,periodic_resonance,0.9780296087265015
ToyCar/train/section_00_source_train_normal_0843_noAttribute.wav,in_support,periodic_resonance,0.14278145134449005
ToyCar/train/section_00_source_train_normal_0844_noAttribute.wav,in_support,amplitude_modulation,0.8480067849159241
ToyCar/train/section_00_source_train_normal_0845_noAttribute.wav,in_support,frequency_modulation,0.8169081211090088
ToyCar/train/section_00_source_train_normal_0846_noAttribute.wav,in_support,amplitude_modulation,0.7017001509666443
ToyCar/train/section_00_source_train_normal_0847_noAttribute.wav,in_support,frequency_modulation,0.9262610673904419
ToyCar/train/section_00_source_train_normal_0848_noAttribute.wav,in_support,frequency_modulation,0.7512989640235901
ToyCar/train/section_00_source_train_normal_0849_noAttribute.wav,in_support,frequency_modulation,0.8238157629966736
ToyCar/train/section_00_source_train_normal_0850_noAttribute.wav,in_support,amplitude_modulation,0.658689558506012
ToyCar/train/section_00_source_train_normal_0851_noAttribute.wav,in_support,periodic_resonance,0.6447431445121765
ToyCar/train/section_00_source_train_normal_0852_noAttribute.wav,in_support,amplitude_modulation,0.8127302527427673
ToyCar/train/section_00_source_train_normal_0853_noAttribute.wav,in_support,amplitude_modulation,0.8497501015663147
ToyCar/train/section_00_source_train_normal_0854_noAttribute.wav,in_support,frequency_modulation,0.9328551292419434
ToyCar/train/section_00_source_train_normal_0855_noAttribute.wav,in_support,frequency_modulation,0.9964881539344788
ToyCar/train/section_00_source_train_normal_0856_noAttribute.wav,in_support,amplitude_modulation,0.9244418144226074
ToyCar/train/section_00_source_train_normal_0857_noAttribute.wav,in_support,amplitude_modulation,0.808186948299408
ToyCar/train/section_00_source_train_normal_0858_noAttribute.wav,in_support,periodic_resonance,0.1692877560853958
ToyCar/train/section_00_source_train_normal_0859_noAttribute.wav,in_support,amplitude_modulation,0.8513556718826294
ToyCar/train/section_00_source_train_normal_0860_noAttribute.wav,in_support,frequency_modulation,0.9358590841293335
ToyCar/train/section_00_source_train_normal_0861_noAttribute.wav,in_support,amplitude_modulation,0.7637099623680115
ToyCar/train/section_00_source_train_normal_0862_noAttribute.wav,in_support,periodic_resonance,0.4322105944156647
ToyCar/train/section_00_source_train_normal_0863_noAttribute.wav,in_support,periodic_resonance,0.7166426181793213
ToyCar/train/section_00_source_train_normal_0864_noAttribute.wav,in_support,amplitude_modulation,0.846860945224762
ToyCar/train/section_00_source_train_normal_0865_noAttribute.wav,in_support,periodic_resonance,0.3353869318962097
ToyCar/train/section_00_source_train_normal_0866_noAttribute.wav,in_support,frequency_modulation,0.8865767121315002
ToyCar/train/section_00_source_train_normal_0867_noAttribute.wav,in_support,amplitude_modulation,0.7438560724258423
ToyCar/train/section_00_source_train_normal_0868_noAttribute.wav,in_support,amplitude_modulation,0.9336275458335876
ToyCar/train/section_00_source_train_normal_0869_noAttribute.wav,in_support,frequency_modulation,0.7726344466209412
ToyCar/train/section_00_source_train_normal_0870_noAttribute.wav,in_support,periodic_resonance,0.9649834036827087
ToyCar/train/section_00_source_train_normal_0871_noAttribute.wav,in_support,frequency_modulation,0.9232625961303711
ToyCar/train/section_00_source_train_normal_0872_noAttribute.wav,in_support,amplitude_modulation,0.931391716003418
ToyCar/train/section_00_source_train_normal_0873_noAttribute.wav,in_support,periodic_resonance,0.8909512758255005
ToyCar/train/section_00_source_train_normal_0874_noAttribute.wav,in_support,amplitude_modulation,0.9100134372711182
ToyCar/train/section_00_source_train_normal_0875_noAttribute.wav,in_support,frequency_modulation,0.9464061856269836
ToyCar/train/section_00_source_train_normal_0876_noAttribute.wav,in_support,frequency_modulation,0.9050026535987854
ToyCar/train/section_00_source_train_normal_0877_noAttribute.wav,in_support,amplitude_modulation,0.7244598269462585
ToyCar/train/section_00_source_train_normal_0878_noAttribute.wav,in_support,amplitude_modulation,0.8446776866912842
ToyCar/train/section_00_source_train_normal_0879_noAttribute.wav,in_support,amplitude_modulation,0.6217643022537231
ToyCar/train/section_00_source_train_normal_0880_noAttribute.wav,in_support,amplitude_modulation,0.5745356678962708
ToyCar/train/section_00_source_train_normal_0881_noAttribute.wav,in_support,periodic_resonance,0.5692669749259949
ToyCar/train/section_00_source_train_normal_0882_noAttribute.wav,in_support,frequency_modulation,0.9368510842323303
ToyCar/train/section_00_source_train_normal_0883_noAttribute.wav,in_support,frequency_modulation,0.940973699092865
ToyCar/train/section_00_source_train_normal_0884_noAttribute.wav,in_support,frequency_modulation,0.9201476573944092
ToyCar/train/section_00_source_train_normal_0885_noAttribute.wav,in_support,periodic_resonance,0.9766069054603577
ToyCar/train/section_00_source_train_normal_0886_noAttribute.wav,in_support,frequency_modulation,0.876998245716095
ToyCar/train/section_00_source_train_normal_0887_noAttribute.wav,in_support,frequency_modulation,0.8447341322898865
ToyCar/train/section_00_source_train_normal_0888_noAttribute.wav,in_support,frequency_modulation,0.7997683882713318
ToyCar/train/section_00_source_train_normal_0889_noAttribute.wav,in_support,amplitude_modulation,0.5923213958740234
ToyCar/train/section_00_source_train_normal_0890_noAttribute.wav,in_support,amplitude_modulation,0.6927183270454407
ToyCar/train/section_00_source_train_normal_0891_noAttribute.wav,in_support,periodic_resonance,0.8901619911193848
ToyCar/train/section_00_source_train_normal_0892_noAttribute.wav,in_support,amplitude_modulation,0.5704996585845947
ToyCar/train/section_00_source_train_normal_0893_noAttribute.wav,in_support,frequency_modulation,0.7413893938064575
ToyCar/train/section_00_source_train_normal_0894_noAttribute.wav,in_support,amplitude_modulation,0.7902591228485107
ToyCar/train/section_00_source_train_normal_0895_noAttribute.wav,in_support,amplitude_modulation,0.7792500853538513
ToyCar/train/section_00_source_train_normal_0896_noAttribute.wav,in_support,periodic_resonance,0.9392443299293518
ToyCar/train/section_00_source_train_normal_0897_noAttribute.wav,in_support,periodic_resonance,0.6282339096069336
ToyCar/train/section_00_source_train_normal_0898_noAttribute.wav,in_support,amplitude_modulation,0.7351691126823425
ToyCar/train/section_00_source_train_normal_0899_noAttribute.wav,in_support,amplitude_modulation,0.6493359804153442
ToyCar/train/section_00_source_train_normal_0900_noAttribute.wav,in_support,periodic_resonance,0.5128587484359741
ToyCar/train/section_00_source_train_normal_0901_noAttribute.wav,in_support,periodic_resonance,0.9445641040802002
ToyCar/train/section_00_source_train_normal_0902_noAttribute.wav,in_support,frequency_modulation,0.856314480304718
ToyCar/train/section_00_source_train_normal_0903_noAttribute.wav,in_support,amplitude_modulation,0.9246777296066284
ToyCar/train/section_00_source_train_normal_0904_noAttribute.wav,in_support,periodic_resonance,0.17458583414554596
ToyCar/train/section_00_source_train_normal_0905_noAttribute.wav,in_support,periodic_resonance,0.9563413858413696
ToyCar/train/section_00_source_train_normal_0906_noAttribute.wav,in_support,amplitude_modulation,0.8550974726676941
ToyCar/train/section_00_source_train_normal_0907_noAttribute.wav,in_support,amplitude_modulation,0.8295178413391113
ToyCar/train/section_00_source_train_normal_0908_noAttribute.wav,in_support,amplitude_modulation,0.7156501412391663
ToyCar/train/section_00_source_train_normal_0909_noAttribute.wav,in_support,amplitude_modulation,0.5944544076919556
ToyCar/train/section_00_source_train_normal_0910_noAttribute.wav,in_support,amplitude_modulation,0.7169862389564514
ToyCar/train/section_00_source_train_normal_0911_noAttribute.wav,in_support,amplitude_modulation,0.6447000503540039
ToyCar/train/section_00_source_train_normal_0912_noAttribute.wav,in_support,amplitude_modulation,0.8911789059638977
ToyCar/train/section_00_source_train_normal_0913_noAttribute.wav,in_support,frequency_modulation,0.9698472023010254
ToyCar/train/section_00_source_train_normal_0914_noAttribute.wav,in_support,frequency_modulation,0.93116694688797
ToyCar/train/section_00_source_train_normal_0915_noAttribute.wav,in_support,frequency_modulation,0.8874282240867615
ToyCar/train/section_00_source_train_normal_0916_noAttribute.wav,in_support,amplitude_modulation,0.7345092296600342
ToyCar/train/section_00_source_train_normal_0917_noAttribute.wav,in_support,frequency_modulation,0.7416529655456543
ToyCar/train/section_00_source_train_normal_0918_noAttribute.wav,in_support,amplitude_modulation,0.7424064874649048
ToyCar/train/section_00_source_train_normal_0919_noAttribute.wav,in_support,amplitude_modulation,0.726211667060852
ToyCar/train/section_00_source_train_normal_0920_noAttribute.wav,in_support,frequency_modulation,0.953458845615387
ToyCar/train/section_00_source_train_normal_0921_noAttribute.wav,in_support,periodic_resonance,0.97760409116745
ToyCar/train/section_00_source_train_normal_0922_noAttribute.wav,in_support,amplitude_modulation,0.7451045513153076
ToyCar/train/section_00_source_train_normal_0923_noAttribute.wav,in_support,amplitude_modulation,0.9294952750205994
ToyCar/train/section_00_source_train_normal_0924_noAttribute.wav,in_support,frequency_modulation,0.7642806172370911
ToyCar/train/section_00_source_train_normal_0925_noAttribute.wav,in_support,periodic_resonance,0.922372043132782
ToyCar/train/section_00_source_train_normal_0926_noAttribute.wav,in_support,frequency_modulation,0.9507380723953247
ToyCar/train/section_00_source_train_normal_0927_noAttribute.wav,in_support,frequency_modulation,0.9261085987091064
ToyCar/train/section_00_source_train_normal_0928_noAttribute.wav,in_support,periodic_resonance,0.9188128709793091
ToyCar/train/section_00_source_train_normal_0929_noAttribute.wav,in_support,amplitude_modulation,0.9653019309043884
ToyCar/train/section_00_source_train_normal_0930_noAttribute.wav,in_support,amplitude_modulation,0.7021540999412537
ToyCar/train/section_00_source_train_normal_0931_noAttribute.wav,in_support,amplitude_modulation,0.7850959300994873
ToyCar/train/section_00_source_train_normal_0932_noAttribute.wav,in_support,periodic_resonance,0.9624212980270386
ToyCar/train/section_00_source_train_normal_0933_noAttribute.wav,in_support,periodic_resonance,0.9754769802093506
ToyCar/train/section_00_source_train_normal_0934_noAttribute.wav,in_support,periodic_resonance,0.9480955004692078
ToyCar/train/section_00_source_train_normal_0935_noAttribute.wav,in_support,periodic_resonance,0.9635417461395264
ToyCar/train/section_00_source_train_normal_0936_noAttribute.wav,in_support,amplitude_modulation,0.819930911064148
ToyCar/train/section_00_source_train_normal_0937_noAttribute.wav,in_support,frequency_modulation,0.8893988728523254
ToyCar/train/section_00_source_train_normal_0938_noAttribute.wav,in_support,amplitude_modulation,0.774226725101471
ToyCar/train/section_00_source_train_normal_0939_noAttribute.wav,in_support,periodic_resonance,0.8632895946502686
ToyCar/train/section_00_source_train_normal_0940_noAttribute.wav,in_support,amplitude_modulation,0.7844350337982178
ToyCar/train/section_00_source_train_normal_0941_noAttribute.wav,in_support,frequency_modulation,0.9447959065437317
ToyCar/train/section_00_source_train_normal_0942_noAttribute.wav,in_support,amplitude_modulation,0.6058555245399475
ToyCar/train/section_00_source_train_normal_0943_noAttribute.wav,in_support,frequency_modulation,0.9642598032951355
ToyCar/train/section_00_source_train_normal_0944_noAttribute.wav,in_support,amplitude_modulation,0.8878592848777771
ToyCar/train/section_00_source_train_normal_0945_noAttribute.wav,in_support,amplitude_modulation,0.8052150011062622
ToyCar/train/section_00_source_train_normal_0946_noAttribute.wav,in_support,periodic_resonance,0.8758721947669983
ToyCar/train/section_00_source_train_normal_0947_noAttribute.wav,in_support,frequency_modulation,0.9086217880249023
ToyCar/train/section_00_source_train_normal_0948_noAttribute.wav,in_support,amplitude_modulation,0.9172273278236389
ToyCar/train/section_00_source_train_normal_0949_noAttribute.wav,in_support,frequency_modulation,0.9717220067977905
ToyCar/train/section_00_source_train_normal_0950_noAttribute.wav,in_support,periodic_resonance,0.738595724105835
ToyCar/train/section_00_source_train_normal_0951_noAttribute.wav,in_support,periodic_resonance,0.9789209961891174
ToyCar/train/section_00_source_train_normal_0952_noAttribute.wav,in_support,amplitude_modulation,0.5946875810623169
ToyCar/train/section_00_source_train_normal_0953_noAttribute.wav,in_support,periodic_resonance,0.6970030665397644
ToyCar/train/section_00_source_train_normal_0954_noAttribute.wav,in_support,amplitude_modulation,0.7746461629867554
ToyCar/train/section_00_source_train_normal_0955_noAttribute.wav,in_support,amplitude_modulation,0.7426667809486389
ToyCar/train/section_00_source_train_normal_0956_noAttribute.wav,in_support,amplitude_modulation,0.6348816752433777
ToyCar/train/section_00_source_train_normal_0957_noAttribute.wav,in_support,frequency_modulation,0.9132387042045593
ToyCar/train/section_00_source_train_normal_0958_noAttribute.wav,in_support,periodic_resonance,0.6472710371017456
ToyCar/train/section_00_source_train_normal_0959_noAttribute.wav,in_support,periodic_resonance,0.33339357376098633
ToyCar/train/section_00_source_train_normal_0960_noAttribute.wav,in_support,amplitude_modulation,0.6756288409233093
ToyCar/train/section_00_source_train_normal_0961_noAttribute.wav,in_support,amplitude_modulation,0.7826485633850098
ToyCar/train/section_00_source_train_normal_0962_noAttribute.wav,in_support,amplitude_modulation,0.8751622438430786
ToyCar/train/section_00_source_train_normal_0963_noAttribute.wav,in_support,amplitude_modulation,0.905846118927002
ToyCar/train/section_00_source_train_normal_0964_noAttribute.wav,in_support,frequency_modulation,0.9373889565467834
ToyCar/train/section_00_source_train_normal_0965_noAttribute.wav,in_support,frequency_modulation,0.9613175988197327
ToyCar/train/section_00_source_train_normal_0966_noAttribute.wav,in_support,periodic_resonance,0.481330543756485
ToyCar/train/section_00_source_train_normal_0967_noAttribute.wav,in_support,amplitude_modulation,0.8987739682197571
ToyCar/train/section_00_source_train_normal_0968_noAttribute.wav,in_support,periodic_resonance,0.7618756294250488
ToyCar/train/section_00_source_train_normal_0969_noAttribute.wav,in_support,amplitude_modulation,0.8052727580070496
ToyCar/train/section_00_source_train_normal_0970_noAttribute.wav,in_support,frequency_modulation,0.9432001113891602
ToyCar/train/section_00_source_train_normal_0971_noAttribute.wav,in_support,amplitude_modulation,0.7858660221099854
ToyCar/train/section_00_source_train_normal_0972_noAttribute.wav,in_support,amplitude_modulation,0.919398844242096
ToyCar/train/section_00_source_train_normal_0973_noAttribute.wav,in_support,amplitude_modulation,0.7980461716651917
ToyCar/train/section_00_source_train_normal_0974_noAttribute.wav,in_support,frequency_modulation,0.89222651720047
ToyCar/train/section_00_source_train_normal_0975_noAttribute.wav,in_support,frequency_modulation,0.9394610524177551
ToyCar/train/section_00_source_train_normal_0976_noAttribute.wav,in_support,amplitude_modulation,0.8863839507102966
ToyCar/train/section_00_source_train_normal_0977_noAttribute.wav,in_support,periodic_resonance,0.7314938306808472
ToyCar/train/section_00_source_train_normal_0978_noAttribute.wav,in_support,amplitude_modulation,0.845202624797821
ToyCar/train/section_00_source_train_normal_0979_noAttribute.wav,in_support,frequency_modulation,0.9291377067565918
ToyCar/train/section_00_source_train_normal_0980_noAttribute.wav,in_support,amplitude_modulation,0.6734356880187988
ToyCar/train/section_00_source_train_normal_0981_noAttribute.wav,in_support,amplitude_modulation,0.8667203187942505
ToyCar/train/section_00_source_train_normal_0982_noAttribute.wav,in_support,frequency_modulation,0.8951206803321838
ToyCar/train/section_00_source_train_normal_0983_noAttribute.wav,in_support,periodic_resonance,0.9623072743415833
ToyCar/train/section_00_source_train_normal_0984_noAttribute.wav,in_support,periodic_resonance,0.9795880913734436
ToyCar/train/section_00_source_train_normal_0985_noAttribute.wav,in_support,periodic_resonance,0.13035017251968384
ToyCar/train/section_00_source_train_normal_0986_noAttribute.wav,in_support,periodic_resonance,0.9884911775588989
ToyCar/train/section_00_source_train_normal_0987_noAttribute.wav,in_support,amplitude_modulation,0.6326127648353577
ToyCar/train/section_00_source_train_normal_0988_noAttribute.wav,in_support,periodic_resonance,0.8019360899925232
ToyCar/train/section_00_source_train_normal_0989_noAttribute.wav,in_support,amplitude_modulation,0.7046263813972473
ToyCar/train/section_00_target_train_normal_0000_noAttribute.wav,in_support,frequency_modulation,0.9351174235343933
ToyCar/train/section_00_target_train_normal_0001_noAttribute.wav,in_support,periodic_resonance,0.9853038191795349
ToyCar/train/section_00_target_train_normal_0002_noAttribute.wav,in_support,frequency_modulation,0.7436952590942383
ToyCar/train/section_00_target_train_normal_0003_noAttribute.wav,in_support,amplitude_modulation,0.9115058183670044
ToyCar/train/section_00_target_train_normal_0004_noAttribute.wav,in_support,periodic_resonance,0.9680380821228027
ToyCar/train/section_00_target_train_normal_0005_noAttribute.wav,in_support,frequency_modulation,0.9823723435401917
ToyCar/train/section_00_target_train_normal_0006_noAttribute.wav,in_support,periodic_resonance,0.16009148955345154
ToyCar/train/section_00_target_train_normal_0007_noAttribute.wav,in_support,frequency_modulation,0.9852794408798218
ToyCar/train/section_00_target_train_normal_0008_noAttribute.wav,in_support,periodic_resonance,0.4702076315879822
ToyCar/train/section_00_target_train_normal_0009_noAttribute.wav,in_support,frequency_modulation,0.9355580806732178
ToyCarEmu/train/section_00_source_train_normal_0000_car_D2_spd_5_mic_2_mic_1.wav,in_support,amplitude_modulation,0.6088570952415466
ToyCarEmu/train/section_00_source_train_normal_0001_car_B1_spd_2_mic_2_mic_1.wav,in_support,periodic_resonance,0.9415406584739685
ToyCarEmu/train/section_00_source_train_normal_0002_car_B1_spd_2_mic_2_mic_1.wav,in_support,amplitude_modulation,0.8528798222541809
ToyCarEmu/train/section_00_source_train_normal_0003_car_B1_spd_2_mic_2_mic_1.wav,in_support,frequency_modulation,0.9152658581733704
ToyCarEmu/train/section_00_source_train_normal_0004_car_B1_spd_2_mic_2_mic_1.wav,in_support,periodic_resonance,0.9612070322036743
ToyCarEmu/train/section_00_source_train_normal_0005_car_B1_spd_2_mic_2_mic_1.wav,in_support,periodic_resonance,0.3200329542160034
ToyCarEmu/train/section_00_source_train_normal_0006_car_B1_spd_2_mic_2_mic_1.wav,in_support,amplitude_modulation,0.7452766299247742
ToyCarEmu/train/section_00_source_train_normal_0007_car_B1_spd_2_mic_2_mic_1.wav,in_support,frequency_modulation,0.8908782005310059
ToyCarEmu/train/section_00_source_train_normal_0008_car_B1_spd_2_mic_2_mic_1.wav,in_support,frequency_modulation,0.9811239838600159
ToyCarEmu/train/section_00_source_train_normal_0009_car_B1_spd_2_mic_2_mic_1.wav,in_support,amplitude_modulation,0.8471552133560181
ToyCarEmu/train/section_00_source_train_normal_0010_car_B1_spd_2_mic_2_mic_1.wav,in_support,amplitude_modulation,0.4035049378871918
ToyCarEmu/train/section_00_source_train_normal_0011_car_B1_spd_2_mic_2_mic_1.wav,in_support,periodic_resonance,0.8211174607276917
ToyCarEmu/train/section_00_source_train_normal_0012_car_B1_spd_2_mic_2_mic_1.wav,in_support,frequency_modulation,0.9510970711708069
ToyCarEmu/train/section_00_source_train_normal_0013_car_B1_spd_2_mic_2_mic_1.wav,in_support,amplitude_modulation,0.4722355604171753
ToyCarEmu/train/section_00_source_train_normal_0014_car_B1_spd_2_mic_2_mic_1.wav,in_support,periodic_resonance,0.8384813070297241
ToyCarEmu/train/section_00_source_train_normal_0015_car_B1_spd_2_mic_2_mic_1.wav,in_support,frequency_modulation,0.9023513197898865
ToyCarEmu/train/section_00_source_train_normal_0016_car_B1_spd_2_mic_2_mic_1.wav,in_support,amplitude_modulation,0.9176173210144043
ToyCarEmu/train/section_00_source_train_normal_0017_car_B1_spd_2_mic_2_mic_1.wav,in_support,amplitude_modulation,0.8456742167472839
ToyCarEmu/train/section_00_source_train_normal_0018_car_B1_spd_2_mic_2_mic_1.wav,in_support,amplitude_modulation,0.89867103099823
ToyCarEmu/train/section_00_source_train_normal_0019_car_B1_spd_2_mic_2_mic_1.wav,in_support,periodic_resonance,0.34357181191444397
ToyCarEmu/train/section_00_source_train_normal_0020_car_B1_spd_2_mic_2_mic_1.wav,in_support,amplitude_modulation,0.4972877502441406
ToyCarEmu/train/section_00_source_train_normal_0021_car_B1_spd_2_mic_2_mic_1.wav,in_support,frequency_modulation,0.9309794902801514
ToyCarEmu/train/section_00_source_train_normal_0022_car_B2_spd_2_mic_2_mic_1.wav,in_support,frequency_modulation,0.9398797750473022
ToyCarEmu/train/section_00_source_train_normal_0023_car_B2_spd_2_mic_2_mic_1.wav,in_support,amplitude_modulation,0.7130678296089172
ToyCarEmu/train/section_00_source_train_normal_0024_car_B2_spd_2_mic_2_mic_1.wav,in_support,amplitude_modulation,0.9064866304397583
ToyCarEmu/train/section_00_source_train_normal_0025_car_B2_spd_2_mic_2_mic_1.wav,in_support,amplitude_modulation,0.806136965751648
ToyCarEmu/train/section_00_source_train_normal_0026_car_B2_spd_2_mic_2_mic_1.wav,in_support,periodic_resonance,0.863219678401947
ToyCarEmu/train/section_00_source_train_normal_0027_car_B2_spd_2_mic_2_mic_1.wav,in_support,amplitude_modulation,0.7577770948410034
ToyCarEmu/train/section_00_source_train_normal_0028_car_B2_spd_2_mic_2_mic_1.wav,in_support,frequency_modulation,0.7597740292549133
ToyCarEmu/train/section_00_source_train_normal_0029_car_B2_spd_2_mic_2_mic_1.wav,in_support,periodic_resonance,0.9894699454307556
ToyCarEmu/train/section_00_source_train_normal_0030_car_B2_spd_2_mic_2_mic_1.wav,in_support,periodic_resonance,0.6644116044044495
ToyCarEmu/train/section_00_source_train_normal_0031_car_B2_spd_2_mic_2_mic_1.wav,in_support,amplitude_modulation,0.7875885963439941
ToyCarEmu/train/section_00_source_train_normal_0032_car_B2_spd_2_mic_2_mic_1.wav,in_support,periodic_resonance,0.8406779766082764
ToyCarEmu/train/section_00_source_train_normal_0033_car_B2_spd_2_mic_2_mic_1.wav,in_support,periodic_resonance,0.9899100065231323
ToyCarEmu/train/section_00_source_train_normal_0034_car_B2_spd_2_mic_2_mic_1.wav,in_support,periodic_resonance,0.996038019657135
ToyCarEmu/train/section_00_source_train_normal_0035_car_B2_spd_2_mic_2_mic_1.wav,in_support,frequency_modulation,0.8061622381210327
ToyCarEmu/train/section_00_source_train_normal_0036_car_B2_spd_2_mic_2_mic_1.wav,in_support,amplitude_modulation,0.8687711358070374
ToyCarEmu/train/section_00_source_train_normal_0037_car_B2_spd_2_mic_2_mic_1.wav,in_support,periodic_resonance,0.9936935305595398
ToyCarEmu/train/section_00_source_train_normal_0038_car_B2_spd_2_mic_2_mic_1.wav,in_support,frequency_modulation,0.9965400695800781
ToyCarEmu/train/section_00_source_train_normal_0039_car_B2_spd_2_mic_2_mic_1.wav,in_support,periodic_resonance,0.6362000107765198
ToyCarEmu/train/section_00_source_train_normal_0040_car_B2_spd_2_mic_2_mic_1.wav,in_support,periodic_resonance,0.22863028943538666
ToyCarEmu/train/section_00_source_train_normal_0041_car_B2_spd_2_mic_2_mic_1.wav,in_support,periodic_resonance,0.8554124236106873
ToyCarEmu/train/section_00_source_train_normal_0042_car_B1_spd_2_mic_2_mic_1.wav,in_support,periodic_resonance,0.9238823056221008
ToyCarEmu/train/section_00_source_train_normal_0043_car_B1_spd_2_mic_2_mic_1.wav,in_support,frequency_modulation,0.8806636929512024
ToyCarEmu/train/section_00_source_train_normal_0044_car_B1_spd_2_mic_2_mic_1.wav,in_support,frequency_modulation,0.9651601314544678
ToyCarEmu/train/section_00_source_train_normal_0045_car_B1_spd_2_mic_2_mic_1.wav,in_support,frequency_modulation,0.682454526424408
ToyCarEmu/train/section_00_source_train_normal_0046_car_B1_spd_2_mic_2_mic_1.wav,in_support,frequency_modulation,0.9139046669006348
ToyCarEmu/train/section_00_source_train_normal_0047_car_B1_spd_2_mic_2_mic_1.wav,in_support,amplitude_modulation,0.42855703830718994
ToyCarEmu/train/section_00_source_train_normal_0048_car_B1_spd_2_mic_2_mic_1.wav,in_support,periodic_resonance,0.9907352924346924
ToyCarEmu/train/section_00_source_train_normal_0049_car_B1_spd_2_mic_2_mic_1.wav,in_support,periodic_resonance,0.9888993501663208
ToyCarEmu/train/section_00_source_train_normal_0050_car_B1_spd_2_mic_2_mic_1.wav,in_support,amplitude_modulation,0.6477932333946228
ToyCarEmu/train/section_00_source_train_normal_0051_car_B1_spd_2_mic_2_mic_1.wav,in_support,frequency_modulation,0.8389753699302673
ToyCarEmu/train/section_00_source_train_normal_0052_car_B1_spd_2_mic_2_mic_1.wav,in_support,frequency_modulation,0.6480438709259033
ToyCarEmu/train/section_00_source_train_normal_0053_car_B1_spd_2_mic_2_mic_1.wav,in_support,periodic_resonance,0.9568691253662109
ToyCarEmu/train/section_00_source_train_normal_0054_car_B1_spd_2_mic_2_mic_1.wav,in_support,amplitude_modulation,0.7710819244384766
ToyCarEmu/train/section_00_source_train_normal_0055_car_B1_spd_2_mic_2_mic_1.wav,in_support,periodic_resonance,0.9693976640701294
ToyCarEmu/train/section_00_source_train_normal_0056_car_B1_spd_2_mic_2_mic_1.wav,in_support,frequency_modulation,0.9401495456695557
ToyCarEmu/train/section_00_source_train_normal_0057_car_B1_spd_2_mic_2_mic_1.wav,in_support,amplitude_modulation,0.5017687678337097
ToyCarEmu/train/section_00_source_train_normal_0058_car_B1_spd_2_mic_2_mic_1.wav,in_support,amplitude_modulation,0.8677356839179993
ToyCarEmu/train/section_00_source_train_normal_0059_car_B1_spd_2_mic_2_mic_1.wav,in_support,periodic_resonance,0.5718643665313721
ToyCarEmu/train/section_00_source_train_normal_0060_car_B1_spd_2_mic_2_mic_1.wav,in_support,frequency_modulation,0.7859327793121338
ToyCarEmu/train/section_00_source_train_normal_0061_car_B1_spd_2_mic_2_mic_1.wav,in_support,amplitude_modulation,0.8555009961128235
ToyCarEmu/train/section_00_source_train_normal_0062_car_B1_spd_2_mic_2_mic_1.wav,in_support,frequency_modulation,0.5571479201316833
ToyCarEmu/train/section_00_source_train_normal_0063_car_B1_spd_2_mic_2_mic_1.wav,in_support,amplitude_modulation,0.8954219818115234
ToyCarEmu/train/section_00_source_train_normal_0064_car_B1_spd_2_mic_2_mic_1.wav,in_support,periodic_resonance,0.7958952784538269
ToyCarEmu/train/section_00_source_train_normal_0065_car_B1_spd_2_mic_2_mic_1.wav,in_support,amplitude_modulation,0.8851821422576904
ToyCarEmu/train/section_00_source_train_normal_0066_car_B1_spd_2_mic_2_mic_1.wav,in_support,frequency_modulation,0.8802322745323181
ToyCarEmu/train/section_00_source_train_normal_0067_car_B1_spd_2_mic_2_mic_1.wav,in_support,amplitude_modulation,0.8528739213943481
ToyCarEmu/train/section_00_source_train_normal_0068_car_B1_spd_2_mic_2_mic_1.wav,in_support,frequency_modulation,0.9227750301361084
ToyCarEmu/train/section_00_source_train_normal_0069_car_B1_spd_2_mic_2_mic_1.wav,in_support,frequency_modulation,0.8487584590911865
ToyCarEmu/train/section_00_source_train_normal_0070_car_B1_spd_2_mic_2_mic_1.wav,in_support,amplitude_modulation,0.7483474016189575
ToyCarEmu/train/section_00_source_train_normal_0071_car_B1_spd_2_mic_2_mic_1.wav,in_support,amplitude_modulation,0.9162042737007141
ToyCarEmu/train/section_00_source_train_normal_0072_car_B1_spd_2_mic_2_mic_1.wav,in_support,periodic_resonance,0.6852847337722778
ToyCarEmu/train/section_00_source_train_normal_0073_car_B1_spd_2_mic_2_mic_1.wav,in_support,amplitude_modulation,0.9178690910339355
ToyCarEmu/train/section_00_source_train_normal_0074_car_B1_spd_2_mic_2_mic_1.wav,in_support,frequency_modulation,0.9021425247192383
ToyCarEmu/train/section_00_source_train_normal_0075_car_B1_spd_2_mic_2_mic_1.wav,in_support,amplitude_modulation,0.8144843578338623
ToyCarEmu/train/section_00_source_train_normal_0076_car_B1_spd_2_mic_2_mic_1.wav,in_support,amplitude_modulation,0.7208449840545654
ToyCarEmu/train/section_00_source_train_normal_0077_car_B1_spd_2_mic_2_mic_1.wav,in_support,periodic_resonance,0.8993421196937561
ToyCarEmu/train/section_00_source_train_normal_0078_car_B1_spd_2_mic_2_mic_1.wav,in_support,amplitude_modulation,0.8994844555854797
ToyCarEmu/train/section_00_source_train_normal_0079_car_B1_spd_2_mic_2_mic_1.wav,in_support,periodic_resonance,0.9737725853919983
ToyCarEmu/train/section_00_source_train_normal_0080_car_B1_spd_2_mic_2_mic_1.wav,in_support,periodic_resonance,0.241240456700325
ToyCarEmu/train/section_00_source_train_normal_0081_car_B1_spd_2_mic_2_mic_1.wav,in_support,amplitude_modulation,0.6490167379379272
ToyCarEmu/train/section_00_source_train_normal_0082_car_B1_spd_2_mic_2_mic_1.wav,in_support,periodic_resonance,0.9878626465797424
ToyCarEmu/train/section_00_source_train_normal_0083_car_B1_spd_2_mic_2_mic_1.wav,in_support,periodic_resonance,0.40455949306488037
ToyCarEmu/train/section_00_source_train_normal_0084_car_B1_spd_2_mic_2_mic_1.wav,in_support,periodic_resonance,0.941230058670044
ToyCarEmu/train/section_00_source_train_normal_0085_car_B1_spd_2_mic_2_mic_1.wav,in_support,periodic_resonance,0.823400616645813
ToyCarEmu/train/section_00_source_train_normal_0086_car_B1_spd_2_mic_2_mic_1.wav,in_support,amplitude_modulation,0.8877084851264954
ToyCarEmu/train/section_00_source_train_normal_0087_car_B1_spd_2_mic_2_mic_1.wav,in_support,amplitude_modulation,0.6672524213790894
ToyCarEmu/train/section_00_source_train_normal_0088_car_B1_spd_2_mic_2_mic_1.wav,in_support,frequency_modulation,0.887651264667511
ToyCarEmu/train/section_00_source_train_normal_0089_car_B1_spd_2_mic_2_mic_1.wav,in_support,frequency_modulation,0.8205720782279968
ToyCarEmu/train/section_00_source_train_normal_0090_car_B1_spd_2_mic_2_mic_1.wav,in_support,frequency_modulation,0.8448598980903625
ToyCarEmu/train/section_00_source_train_normal_0091_car_B1_spd_2_mic_2_mic_1.wav,in_support,periodic_resonance,0.7441093921661377
ToyCarEmu/train/section_00_source_train_normal_0092_car_B2_spd_2_mic_2_mic_1.wav,in_support,periodic_resonance,0.9686061143875122
ToyCarEmu/train/section_00_source_train_normal_0093_car_B2_spd_2_mic_2_mic_1.wav,in_support,amplitude_modulation,0.5723225474357605
ToyCarEmu/train/section_00_source_train_normal_0094_car_B2_spd_2_mic_2_mic_1.wav,in_support,amplitude_modulation,0.6153080463409424
ToyCarEmu/train/section_00_source_train_normal_0095_car_B2_spd_2_mic_2_mic_1.wav,in_support,frequency_modulation,0.7111263275146484
ToyCarEmu/train/section_00_source_train_normal_0096_car_B2_spd_2_mic_2_mic_1.wav,in_support,periodic_resonance,0.9763344526290894
ToyCarEmu/train/section_00_source_train_normal_0097_car_B2_spd_2_mic_2_mic_1.wav,in_support,amplitude_modulation,0.7987104654312134
ToyCarEmu/train/section_00_source_train_normal_0098_car_B2_spd_2_mic_2_mic_1.wav,in_support,frequency_modulation,0.7636792659759521
ToyCarEmu/train/section_00_source_train_normal_0099_car_B2_spd_2_mic_2_mic_1.wav,in_support,amplitude_modulation,0.6926655769348145
ToyCarEmu/train/section_00_source_train_normal_0100_car_B2_spd_2_mic_2_mic_1.wav,in_support,frequency_modulation,0.7315049171447754
ToyCarEmu/train/section_00_source_train_normal_0101_car_B2_spd_2_mic_2_mic_1.wav,in_support,periodic_resonance,0.9669930934906006
ToyCarEmu/train/section_00_source_train_normal_0102_car_B2_spd_2_mic_2_mic_1.wav,in_support,periodic_resonance,0.9740658402442932
ToyCarEmu/train/section_00_source_train_normal_0103_car_B2_spd_2_mic_2_mic_1.wav,in_support,periodic_resonance,0.9848349094390869
ToyCarEmu/train/section_00_source_train_normal_0104_car_B2_spd_2_mic_2_mic_1.wav,in_support,amplitude_modulation,0.6353160738945007
ToyCarEmu/train/section_00_source_train_normal_0105_car_B2_spd_2_mic_2_mic_1.wav,in_support,frequency_modulation,0.8833029866218567
ToyCarEmu/train/section_00_source_train_normal_0106_car_B2_spd_2_mic_2_mic_1.wav,in_support,amplitude_modulation,0.794858455657959
ToyCarEmu/train/section_00_source_train_normal_0107_car_B2_spd_2_mic_2_mic_1.wav,in_support,amplitude_modulation,0.8815423250198364
ToyCarEmu/train/section_00_source_train_normal_0108_car_B2_spd_2_mic_2_mic_1.wav,in_support,periodic_resonance,0.9870517253875732
ToyCarEmu/train/section_00_source_train_normal_0109_car_B2_spd_2_mic_2_mic_1.wav,in_support,amplitude_modulation,0.8207370638847351
ToyCarEmu/train/section_00_source_train_normal_0110_car_B2_spd_2_mic_2_mic_1.wav,in_support,amplitude_modulation,0.9298514127731323
ToyCarEmu/train/section_00_source_train_normal_0111_car_B2_spd_2_mic_2_mic_1.wav,in_support,periodic_resonance,0.9647446274757385
ToyCarEmu/train/section_00_source_train_normal_0112_car_B2_spd_2_mic_2_mic_1.wav,in_support,periodic_resonance,0.8730545043945312
ToyCarEmu/train/section_00_source_train_normal_0113_car_B2_spd_2_mic_2_mic_1.wav,in_support,amplitude_modulation,0.7784922122955322
ToyCarEmu/train/section_00_source_train_normal_0114_car_B2_spd_2_mic_2_mic_1.wav,in_support,periodic_resonance,0.5221906900405884
ToyCarEmu/train/section_00_source_train_normal_0115_car_B2_spd_2_mic_2_mic_1.wav,in_support,periodic_resonance,0.9166364073753357
ToyCarEmu/train/section_00_source_train_normal_0116_car_B2_spd_2_mic_2_mic_1.wav,in_support,frequency_modulation,0.8966944217681885
ToyCarEmu/train/section_00_source_train_normal_0117_car_B2_spd_3_mic_2_mic_1.wav,in_support,amplitude_modulation,0.8490630388259888
ToyCarEmu/train/section_00_source_train_normal_0118_car_B2_spd_3_mic_2_mic_1.wav,in_support,periodic_resonance,0.9843946099281311
ToyCarEmu/train/section_00_source_train_normal_0119_car_B2_spd_3_mic_2_mic_1.wav,in_support,frequency_modulation,0.7633787393569946
ToyCarEmu/train/section_00_source_train_normal_0120_car_B2_spd_3_mic_2_mic_1.wav,in_support,amplitude_modulation,0.9420532584190369
ToyCarEmu/train/section_00_source_train_normal_0121_car_B2_spd_3_mic_2_mic_1.wav,in_support,frequency_modulation,0.8554450273513794
ToyCarEmu/train/section_00_source_train_normal_0122_car_B2_spd_3_mic_2_mic_1.wav,in_support,frequency_modulation,0.9482497572898865
ToyCarEmu/train/section_00_source_train_normal_0123_car_B2_spd_3_mic_2_mic_1.wav,in_support,frequency_modulation,0.899998664855957
ToyCarEmu/train/section_00_source_train_normal_0124_car_B2_spd_3_mic_2_mic_1.wav,in_support,frequency_modulation,0.9432282447814941
ToyCarEmu/train/section_00_source_train_normal_0125_car_B2_spd_3_mic_2_mic_1.wav,in_support,amplitude_modulation,0.7776317000389099
ToyCarEmu/train/section_00_source_train_normal_0126_car_B2_spd_3_mic_2_mic_1.wav,in_support,amplitude_modulation,0.7196430563926697
ToyCarEmu/train/section_00_source_train_normal_0127_car_B2_spd_3_mic_2_mic_1.wav,in_support,amplitude_modulation,0.5625206232070923
ToyCarEmu/train/section_00_source_train_normal_0128_car_B2_spd_3_mic_2_mic_1.wav,in_support,periodic_resonance,0.9917398691177368
ToyCarEmu/train/section_00_source_train_normal_0129_car_B2_spd_3_mic_2_mic_1.wav,in_support,amplitude_modulation,0.9654722809791565
ToyCarEmu/train/section_00_source_train_normal_0130_car_B2_spd_3_mic_2_mic_1.wav,in_support,frequency_modulation,0.9509077072143555
ToyCarEmu/train/section_00_source_train_normal_0131_car_B2_spd_3_mic_2_mic_1.wav,in_support,amplitude_modulation,0.8401507139205933
ToyCarEmu/train/section_00_source_train_normal_0132_car_B2_spd_3_mic_2_mic_1.wav,in_support,amplitude_modulation,0.7246845364570618
ToyCarEmu/train/section_00_source_train_normal_0133_car_B2_spd_3_mic_2_mic_1.wav,in_support,frequency_modulation,0.7090649604797363
ToyCarEmu/train/section_00_source_train_normal_0134_car_B2_spd_3_mic_2_mic_1.wav,in_support,amplitude_modulation,0.8834391236305237
ToyCarEmu/train/section_00_source_train_normal_0135_car_B2_spd_3_mic_2_mic_1.wav,in_support,frequency_modulation,0.7661235928535461
ToyCarEmu/train/section_00_source_train_normal_0136_car_B2_spd_3_mic_2_mic_1.wav,in_support,periodic_resonance,0.32889145612716675
ToyCarEmu/train/section_00_source_train_normal_0137_car_B2_spd_3_mic_2_mic_1.wav,in_support,amplitude_modulation,0.8643045425415039
ToyCarEmu/train/section_00_source_train_normal_0138_car_B2_spd_3_mic_2_mic_1.wav,in_support,frequency_modulation,0.46404197812080383
ToyCarEmu/train/section_00_source_train_normal_0139_car_B2_spd_3_mic_2_mic_1.wav,in_support,periodic_resonance,0.8060036897659302
ToyCarEmu/train/section_00_source_train_normal_0140_car_B2_spd_3_mic_2_mic_1.wav,in_support,amplitude_modulation,0.7203379273414612
ToyCarEmu/train/section_00_source_train_normal_0141_car_B2_spd_3_mic_2_mic_1.wav,in_support,frequency_modulation,0.9389139413833618
ToyCarEmu/train/section_00_source_train_normal_0142_car_B2_spd_3_mic_2_mic_1.wav,in_support,amplitude_modulation,0.951930820941925
ToyCarEmu/train/section_00_source_train_normal_0143_car_B2_spd_3_mic_2_mic_1.wav,in_support,frequency_modulation,0.9435609579086304
ToyCarEmu/train/section_00_source_train_normal_0144_car_B2_spd_3_mic_2_mic_1.wav,in_support,periodic_resonance,0.9762867093086243
ToyCarEmu/train/section_00_source_train_normal_0145_car_B2_spd_3_mic_2_mic_1.wav,in_support,amplitude_modulation,0.9281690716743469
ToyCarEmu/train/section_00_source_train_normal_0146_car_B2_spd_3_mic_2_mic_1.wav,in_support,amplitude_modulation,0.5736573934555054
ToyCarEmu/train/section_00_source_train_normal_0147_car_B2_spd_3_mic_2_mic_1.wav,in_support,amplitude_modulation,0.9453339576721191
ToyCarEmu/train/section_00_source_train_normal_0148_car_B2_spd_3_mic_2_mic_1.wav,in_support,periodic_resonance,0.5694290995597839
ToyCarEmu/train/section_00_source_train_normal_0149_car_B2_spd_3_mic_2_mic_1.wav,in_support,frequency_modulation,0.9169822931289673
ToyCarEmu/train/section_00_source_train_normal_0150_car_B2_spd_3_mic_2_mic_1.wav,in_support,amplitude_modulation,0.7841688394546509
ToyCarEmu/train/section_00_source_train_normal_0151_car_B2_spd_3_mic_2_mic_1.wav,in_support,amplitude_modulation,0.7876851558685303
ToyCarEmu/train/section_00_source_train_normal_0152_car_B2_spd_3_mic_2_mic_1.wav,in_support,frequency_modulation,0.7693077325820923
ToyCarEmu/train/section_00_source_train_normal_0153_car_B2_spd_3_mic_2_mic_1.wav,in_support,periodic_resonance,0.9977735877037048
ToyCarEmu/train/section_00_source_train_normal_0154_car_B2_spd_3_mic_2_mic_1.wav,in_support,frequency_modulation,0.9680008292198181
ToyCarEmu/train/section_00_source_train_normal_0155_car_B2_spd_3_mic_2_mic_1.wav,in_support,amplitude_modulation,0.679490327835083
ToyCarEmu/train/section_00_source_train_normal_0156_car_B2_spd_3_mic_2_mic_1.wav,in_support,amplitude_modulation,0.9198215007781982
ToyCarEmu/train/section_00_source_train_normal_0157_car_B2_spd_3_mic_2_mic_1.wav,in_support,periodic_resonance,0.8471287488937378
ToyCarEmu/train/section_00_source_train_normal_0158_car_B2_spd_3_mic_2_mic_1.wav,in_support,frequency_modulation,0.8995752334594727
ToyCarEmu/train/section_00_source_train_normal_0159_car_B2_spd_3_mic_2_mic_1.wav,in_support,periodic_resonance,0.9747414588928223
ToyCarEmu/train/section_00_source_train_normal_0160_car_B2_spd_3_mic_2_mic_1.wav,in_support,amplitude_modulation,0.8926771283149719
ToyCarEmu/train/section_00_source_train_normal_0161_car_B2_spd_3_mic_2_mic_1.wav,in_support,amplitude_modulation,0.7047154903411865
ToyCarEmu/train/section_00_source_train_normal_0162_car_B2_spd_3_mic_2_mic_1.wav,in_support,periodic_resonance,0.9776903986930847
ToyCarEmu/train/section_00_source_train_normal_0163_car_B2_spd_3_mic_2_mic_1.wav,in_support,frequency_modulation,0.8801671862602234
ToyCarEmu/train/section_00_source_train_normal_0164_car_B1_spd_3_mic_2_mic_1.wav,in_support,amplitude_modulation,0.6804053783416748
ToyCarEmu/train/section_00_source_train_normal_0165_car_B1_spd_3_mic_2_mic_1.wav,in_support,amplitude_modulation,0.8871370553970337
ToyCarEmu/train/section_00_source_train_normal_0166_car_B1_spd_3_mic_2_mic_1.wav,in_support,periodic_resonance,0.20786669850349426
ToyCarEmu/train/section_00_source_train_normal_0167_car_B1_spd_3_mic_2_mic_1.wav,in_support,amplitude_modulation,0.6106221079826355
ToyCarEmu/train/section_00_source_train_normal_0168_car_B1_spd_3_mic_2_mic_1.wav,in_support,periodic_resonance,0.8791058659553528
ToyCarEmu/train/section_00_source_train_normal_0169_car_B1_spd_3_mic_2_mic_1.wav,in_support,frequency_modulation,0.7626921534538269
ToyCarEmu/train/section_00_source_train_normal_0170_car_B1_spd_3_mic_2_mic_1.wav,in_support,periodic_resonance,0.3981025516986847
ToyCarEmu/train/section_00_source_train_normal_0171_car_B1_spd_3_mic_2_mic_1.wav,in_support,amplitude_modulation,0.508048951625824
ToyCarEmu/train/section_00_source_train_normal_0172_car_B1_spd_3_mic_2_mic_1.wav,in_support,periodic_resonance,0.337233304977417
ToyCarEmu/train/section_00_source_train_normal_0173_car_B1_spd_3_mic_2_mic_1.wav,in_support,frequency_modulation,0.9263797998428345
ToyCarEmu/train/section_00_source_train_normal_0174_car_B1_spd_3_mic_2_mic_1.wav,in_support,periodic_resonance,0.9331609010696411
ToyCarEmu/train/section_00_source_train_normal_0175_car_B1_spd_3_mic_2_mic_1.wav,in_support,amplitude_modulation,0.680929958820343
ToyCarEmu/train/section_00_source_train_normal_0176_car_B1_spd_3_mic_2_mic_1.wav,in_support,frequency_modulation,0.8255593776702881
ToyCarEmu/train/section_00_source_train_normal_0177_car_B1_spd_3_mic_2_mic_1.wav,in_support,amplitude_modulation,0.8674091100692749
ToyCarEmu/train/section_00_source_train_normal_0178_car_B1_spd_3_mic_2_mic_1.wav,in_support,frequency_modulation,0.9335119724273682
ToyCarEmu/train/section_00_source_train_normal_0179_car_B1_spd_3_mic_2_mic_1.wav,in_support,amplitude_modulation,0.8446708917617798
ToyCarEmu/train/section_00_source_train_normal_0180_car_B1_spd_3_mic_2_mic_1.wav,in_support,amplitude_modulation,0.7045436501502991
ToyCarEmu/train/section_00_source_train_normal_0181_car_B1_spd_3_mic_2_mic_1.wav,in_support,amplitude_modulation,0.7405601143836975
ToyCarEmu/train/section_00_source_train_normal_0182_car_B1_spd_3_mic_2_mic_1.wav,in_support,periodic_resonance,0.9562259316444397
ToyCarEmu/train/section_00_source_train_normal_0183_car_B1_spd_3_mic_2_mic_1.wav,in_support,amplitude_modulation,0.4317421317100525
ToyCarEmu/train/section_00_source_train_normal_0184_car_B1_spd_3_mic_2_mic_1.wav,in_support,periodic_resonance,0.9817443490028381
ToyCarEmu/train/section_00_source_train_normal_0185_car_B1_spd_3_mic_2_mic_1.wav,in_support,frequency_modulation,0.9257303476333618
ToyCarEmu/train/section_00_source_train_normal_0186_car_B1_spd_3_mic_2_mic_1.wav,in_support,periodic_resonance,0.23753292858600616
ToyCarEmu/train/section_00_source_train_normal_0187_car_B1_spd_3_mic_2_mic_1.wav,in_support,frequency_modulation,0.9788992404937744
ToyCarEmu/train/section_00_source_train_normal_0188_car_B1_spd_3_mic_2_mic_1.wav,in_support,frequency_modulation,0.8316963911056519
ToyCarEmu/train/section_00_source_train_normal_0189_car_B2_spd_3_mic_2_mic_1.wav,in_support,periodic_resonance,0.5362319350242615
ToyCarEmu/train/section_00_source_train_normal_0190_car_B2_spd_3_mic_2_mic_1.wav,in_support,periodic_resonance,0.9943428039550781
ToyCarEmu/train/section_00_source_train_normal_0191_car_B2_spd_3_mic_2_mic_1.wav,in_support,amplitude_modulation,0.35925379395484924
ToyCarEmu/train/section_00_source_train_normal_0192_car_B2_spd_3_mic_2_mic_1.wav,in_support,frequency_modulation,0.9581341743469238
ToyCarEmu/train/section_00_source_train_normal_0193_car_B2_spd_3_mic_2_mic_1.wav,in_support,amplitude_modulation,0.8856209516525269
ToyCarEmu/train/section_00_source_train_normal_0194_car_B2_spd_3_mic_2_mic_1.wav,in_support,periodic_resonance,0.19066332280635834
ToyCarEmu/train/section_00_source_train_normal_0195_car_B2_spd_3_mic_2_mic_1.wav,in_support,frequency_modulation,0.9235948920249939
ToyCarEmu/train/section_00_source_train_normal_0196_car_B2_spd_3_mic_2_mic_1.wav,in_support,amplitude_modulation,0.7023297548294067
ToyCarEmu/train/section_00_source_train_normal_0197_car_B2_spd_3_mic_2_mic_1.wav,in_support,periodic_resonance,0.8302084803581238
ToyCarEmu/train/section_00_source_train_normal_0198_car_B2_spd_3_mic_2_mic_1.wav,in_support,frequency_modulation,0.9226476550102234
ToyCarEmu/train/section_00_source_train_normal_0199_car_B2_spd_3_mic_2_mic_1.wav,in_support,amplitude_modulation,0.8004355430603027
ToyCarEmu/train/section_00_source_train_normal_0200_car_B2_spd_3_mic_2_mic_1.wav,in_support,frequency_modulation,0.9460951685905457
ToyCarEmu/train/section_00_source_train_normal_0201_car_B2_spd_3_mic_2_mic_1.wav,in_support,frequency_modulation,0.9833934307098389
ToyCarEmu/train/section_00_source_train_normal_0202_car_B2_spd_3_mic_2_mic_1.wav,in_support,amplitude_modulation,0.8870566487312317
ToyCarEmu/train/section_00_source_train_normal_0203_car_B2_spd_3_mic_2_mic_1.wav,in_support,frequency_modulation,0.9084428548812866
ToyCarEmu/train/section_00_source_train_normal_0204_car_B2_spd_3_mic_2_mic_1.wav,in_support,amplitude_modulation,0.8940066695213318
ToyCarEmu/train/section_00_source_train_normal_0205_car_B2_spd_3_mic_2_mic_1.wav,in_support,amplitude_modulation,0.952878475189209
ToyCarEmu/train/section_00_source_train_normal_0206_car_B2_spd_3_mic_2_mic_1.wav,in_support,frequency_modulation,0.9399414658546448
ToyCarEmu/train/section_00_source_train_normal_0207_car_B2_spd_3_mic_2_mic_1.wav,in_support,amplitude_modulation,0.21055077016353607
ToyCarEmu/train/section_00_source_train_normal_0208_car_B2_spd_3_mic_2_mic_1.wav,in_support,frequency_modulation,0.8517244458198547
ToyCarEmu/train/section_00_source_train_normal_0209_car_B2_spd_3_mic_2_mic_1.wav,in_support,frequency_modulation,0.7071533799171448
ToyCarEmu/train/section_00_source_train_normal_0210_car_B2_spd_3_mic_2_mic_1.wav,in_support,periodic_resonance,0.9954538345336914
ToyCarEmu/train/section_00_source_train_normal_0211_car_B2_spd_3_mic_2_mic_1.wav,in_support,frequency_modulation,0.9242638945579529
ToyCarEmu/train/section_00_source_train_normal_0212_car_B2_spd_3_mic_2_mic_1.wav,in_support,periodic_resonance,0.6623030304908752
ToyCarEmu/train/section_00_source_train_normal_0213_car_B2_spd_3_mic_2_mic_1.wav,in_support,amplitude_modulation,0.7997031807899475
ToyCarEmu/train/section_00_source_train_normal_0214_car_B1_spd_5_mic_2_mic_1.wav,in_support,amplitude_modulation,0.7979075312614441
ToyCarEmu/train/section_00_source_train_normal_0215_car_B1_spd_5_mic_2_mic_1.wav,in_support,periodic_resonance,0.9419308304786682
ToyCarEmu/train/section_00_source_train_normal_0216_car_B1_spd_5_mic_2_mic_1.wav,in_support,periodic_resonance,0.984134316444397
ToyCarEmu/train/section_00_source_train_normal_0217_car_B1_spd_5_mic_2_mic_1.wav,in_support,amplitude_modulation,0.7614246606826782
ToyCarEmu/train/section_00_source_train_normal_0218_car_B1_spd_5_mic_2_mic_1.wav,in_support,periodic_resonance,0.9912474155426025
ToyCarEmu/train/section_00_source_train_normal_0219_car_B1_spd_5_mic_2_mic_1.wav,in_support,frequency_modulation,0.9216413497924805
ToyCarEmu/train/section_00_source_train_normal_0220_car_B1_spd_5_mic_2_mic_1.wav,in_support,frequency_modulation,0.9330918192863464
ToyCarEmu/train/section_00_source_train_normal_0221_car_B1_spd_5_mic_2_mic_1.wav,in_support,periodic_resonance,0.281500905752182
ToyCarEmu/train/section_00_source_train_normal_0222_car_B1_spd_5_mic_2_mic_1.wav,in_support,frequency_modulation,0.9898397326469421
ToyCarEmu/train/section_00_source_train_normal_0223_car_B1_spd_5_mic_2_mic_1.wav,in_support,amplitude_modulation,0.6253530979156494
ToyCarEmu/train/section_00_source_train_normal_0224_car_B1_spd_5_mic_2_mic_1.wav,in_support,frequency_modulation,0.9390119314193726
ToyCarEmu/train/section_00_source_train_normal_0225_car_B1_spd_5_mic_2_mic_1.wav,in_support,frequency_modulation,0.8256233334541321
ToyCarEmu/train/section_00_source_train_normal_0226_car_B1_spd_5_mic_2_mic_1.wav,in_support,periodic_resonance,0.5911393761634827
ToyCarEmu/train/section_00_source_train_normal_0227_car_B1_spd_5_mic_2_mic_1.wav,in_support,periodic_resonance,0.5231257081031799
ToyCarEmu/train/section_00_source_train_normal_0228_car_B1_spd_5_mic_2_mic_1.wav,in_support,amplitude_modulation,0.9396240711212158
ToyCarEmu/train/section_00_source_train_normal_0229_car_B1_spd_5_mic_2_mic_1.wav,in_support,amplitude_modulation,0.8722848296165466
ToyCarEmu/train/section_00_source_train_normal_0230_car_B1_spd_5_mic_2_mic_1.wav,in_support,amplitude_modulation,0.8669579029083252
ToyCarEmu/train/section_00_source_train_normal_0231_car_B1_spd_5_mic_2_mic_1.wav,in_support,periodic_resonance,0.9967452883720398
ToyCarEmu/train/section_00_source_train_normal_0232_car_B1_spd_5_mic_2_mic_1.wav,in_support,periodic_resonance,0.9572004675865173
ToyCarEmu/train/section_00_source_train_normal_0233_car_B1_spd_5_mic_2_mic_1.wav,in_support,amplitude_modulation,0.8407559990882874
ToyCarEmu/train/section_00_source_train_normal_0234_car_B2_spd_5_mic_2_mic_1.wav,in_support,periodic_resonance,0.8359488844871521
ToyCarEmu/train/section_00_source_train_normal_0235_car_B2_spd_5_mic_2_mic_1.wav,in_support,amplitude_modulation,0.6776290535926819
ToyCarEmu/train/section_00_source_train_normal_0236_car_B2_spd_5_mic_2_mic_1.wav,in_support,periodic_resonance,0.7492854595184326
ToyCarEmu/train/section_00_source_train_normal_0237_car_B2_spd_5_mic_2_mic_1.wav,in_support,amplitude_modulation,0.4927273988723755
ToyCarEmu/train/section_00_source_train_normal_0238_car_B2_spd_5_mic_2_mic_1.wav,in_support,periodic_resonance,0.5656871199607849
ToyCarEmu/train/section_00_source_train_normal_0239_car_B2_spd_5_mic_2_mic_1.wav,in_support,frequency_modulation,0.8545238971710205
ToyCarEmu/train/section_00_source_train_normal_0240_car_B2_spd_5_mic_2_mic_1.wav,in_support,frequency_modulation,0.9189898371696472
ToyCarEmu/train/section_00_source_train_normal_0241_car_B2_spd_5_mic_2_mic_1.wav,in_support,periodic_resonance,0.5286589860916138
ToyCarEmu/train/section_00_source_train_normal_0242_car_B2_spd_5_mic_2_mic_1.wav,in_support,periodic_resonance,0.8850905895233154
ToyCarEmu/train/section_00_source_train_normal_0243_car_B2_spd_5_mic_2_mic_1.wav,in_support,periodic_resonance,0.17229865491390228
ToyCarEmu/train/section_00_source_train_normal_0244_car_B2_spd_5_mic_2_mic_1.wav,in_support,amplitude_modulation,0.8267644643783569
ToyCarEmu/train/section_00_source_train_normal_0245_car_B2_spd_5_mic_2_mic_1.wav,in_support,amplitude_modulation,0.6743666529655457
ToyCarEmu/train/section_00_source_train_normal_0246_car_B2_spd_5_mic_2_mic_1.wav,in_support,amplitude_modulation,0.9175472259521484
ToyCarEmu/train/section_00_source_train_normal_0247_car_B2_spd_5_mic_2_mic_1.wav,in_support,periodic_resonance,0.9618752002716064
ToyCarEmu/train/section_00_source_train_normal_0248_car_B2_spd_5_mic_2_mic_1.wav,in_support,frequency_modulation,0.9108843803405762
ToyCarEmu/train/section_00_source_train_normal_0249_car_B2_spd_5_mic_2_mic_1.wav,in_support,frequency_modulation,0.9276027083396912
ToyCarEmu/train/section_00_source_train_normal_0250_car_B2_spd_5_mic_2_mic_1.wav,in_support,amplitude_modulation,0.9257577657699585
ToyCarEmu/train/section_00_source_train_normal_0251_car_B2_spd_5_mic_2_mic_1.wav,in_support,amplitude_modulation,0.8652939796447754
ToyCarEmu/train/section_00_source_train_normal_0252_car_B2_spd_5_mic_2_mic_1.wav,in_support,frequency_modulation,0.8349547386169434
ToyCarEmu/train/section_00_source_train_normal_0253_car_B2_spd_5_mic_2_mic_1.wav,in_support,amplitude_modulation,0.8789931535720825
ToyCarEmu/train/section_00_source_train_normal_0254_car_B2_spd_5_mic_2_mic_1.wav,in_support,frequency_modulation,0.6506074070930481
ToyCarEmu/train/section_00_source_train_normal_0255_car_B2_spd_5_mic_2_mic_1.wav,in_support,frequency_modulation,0.6468358039855957
ToyCarEmu/train/section_00_source_train_normal_0256_car_B1_spd_5_mic_2_mic_1.wav,in_support,frequency_modulation,0.9265833497047424
ToyCarEmu/train/section_00_source_train_normal_0257_car_B1_spd_5_mic_2_mic_1.wav,in_support,frequency_modulation,0.9245288372039795
ToyCarEmu/train/section_00_source_train_normal_0258_car_B1_spd_5_mic_2_mic_1.wav,in_support,periodic_resonance,0.9888024926185608
ToyCarEmu/train/section_00_source_train_normal_0259_car_B1_spd_5_mic_2_mic_1.wav,in_support,periodic_resonance,0.2886771857738495
ToyCarEmu/train/section_00_source_train_normal_0260_car_B1_spd_5_mic_2_mic_1.wav,in_support,amplitude_modulation,0.8517824411392212
ToyCarEmu/train/section_00_source_train_normal_0261_car_B1_spd_5_mic_2_mic_1.wav,in_support,frequency_modulation,0.7621399760246277
ToyCarEmu/train/section_00_source_train_normal_0262_car_B1_spd_5_mic_2_mic_1.wav,in_support,amplitude_modulation,0.77189040184021
ToyCarEmu/train/section_00_source_train_normal_0263_car_B1_spd_5_mic_2_mic_1.wav,in_support,frequency_modulation,0.9321121573448181
ToyCarEmu/train/section_00_source_train_normal_0264_car_B1_spd_5_mic_2_mic_1.wav,in_support,frequency_modulation,0.9626022577285767
ToyCarEmu/train/section_00_source_train_normal_0265_car_B1_spd_5_mic_2_mic_1.wav,in_support,frequency_modulation,0.9293643832206726
ToyCarEmu/train/section_00_source_train_normal_0266_car_B1_spd_5_mic_2_mic_1.wav,in_support,periodic_resonance,0.907136857509613
ToyCarEmu/train/section_00_source_train_normal_0267_car_B1_spd_5_mic_2_mic_1.wav,in_support,amplitude_modulation,0.5224753618240356
ToyCarEmu/train/section_00_source_train_normal_0268_car_B1_spd_5_mic_2_mic_1.wav,in_support,frequency_modulation,0.9591778516769409
ToyCarEmu/train/section_00_source_train_normal_0269_car_B1_spd_5_mic_2_mic_1.wav,in_support,periodic_resonance,0.9101375937461853
ToyCarEmu/train/section_00_source_train_normal_0270_car_B1_spd_5_mic_2_mic_1.wav,in_support,periodic_resonance,0.7726081609725952
ToyCarEmu/train/section_00_source_train_normal_0271_car_B1_spd_5_mic_2_mic_1.wav,in_support,periodic_resonance,0.9667435884475708
ToyCarEmu/train/section_00_source_train_normal_0272_car_B1_spd_5_mic_2_mic_1.wav,in_support,periodic_resonance,0.9376003742218018
ToyCarEmu/train/section_00_source_train_normal_0273_car_B1_spd_5_mic_2_mic_1.wav,in_support,amplitude_modulation,0.8696943521499634
ToyCarEmu/train/section_00_source_train_normal_0274_car_B1_spd_5_mic_2_mic_1.wav,in_support,amplitude_modulation,0.9348375797271729
ToyCarEmu/train/section_00_source_train_normal_0275_car_B1_spd_5_mic_2_mic_1.wav,in_support,amplitude_modulation,0.945984959602356
ToyCarEmu/train/section_00_source_train_normal_0276_car_B1_spd_5_mic_2_mic_1.wav,in_support,periodic_resonance,0.990177571773529
ToyCarEmu/train/section_00_source_train_normal_0277_car_B1_spd_5_mic_2_mic_1.wav,in_support,periodic_resonance,0.972933828830719
ToyCarEmu/train/section_00_source_train_normal_0278_car_B1_spd_5_mic_2_mic_1.wav,in_support,amplitude_modulation,0.8470638990402222
ToyCarEmu/train/section_00_source_train_normal_0279_car_B1_spd_5_mic_2_mic_1.wav,in_support,amplitude_modulation,0.7577347159385681
ToyCarEmu/train/section_00_source_train_normal_0280_car_B1_spd_5_mic_2_mic_1.wav,in_support,periodic_resonance,0.9963802099227905
ToyCarEmu/train/section_00_source_train_normal_0281_car_B1_spd_5_mic_2_mic_1.wav,in_support,periodic_resonance,0.9879789352416992
ToyCarEmu/train/section_00_source_train_normal_0282_car_B1_spd_5_mic_2_mic_1.wav,in_support,amplitude_modulation,0.5567622780799866
ToyCarEmu/train/section_00_source_train_normal_0283_car_B1_spd_5_mic_2_mic_1.wav,in_support,periodic_resonance,0.5802367925643921
ToyCarEmu/train/section_00_source_train_normal_0284_car_B1_spd_5_mic_2_mic_1.wav,in_support,amplitude_modulation,0.89726322889328
ToyCarEmu/train/section_00_source_train_normal_0285_car_B1_spd_5_mic_2_mic_1.wav,in_support,frequency_modulation,0.9041032791137695
ToyCarEmu/train/section_00_source_train_normal_0286_car_B1_spd_5_mic_2_mic_1.wav,in_support,amplitude_modulation,0.821911096572876
ToyCarEmu/train/section_00_source_train_normal_0287_car_B1_spd_5_mic_2_mic_1.wav,in_support,amplitude_modulation,0.9479398131370544
ToyCarEmu/train/section_00_source_train_normal_0288_car_B1_spd_5_mic_2_mic_1.wav,in_support,frequency_modulation,0.7311825752258301
ToyCarEmu/train/section_00_source_train_normal_0289_car_B1_spd_5_mic_2_mic_1.wav,in_support,frequency_modulation,0.7372041940689087
ToyCarEmu/train/section_00_source_train_normal_0290_car_B1_spd_5_mic_2_mic_1.wav,in_support,frequency_modulation,0.8770209550857544
ToyCarEmu/train/section_00_source_train_normal_0291_car_B1_spd_5_mic_2_mic_1.wav,in_support,amplitude_modulation,0.6933521628379822
ToyCarEmu/train/section_00_source_train_normal_0292_car_B1_spd_5_mic_2_mic_1.wav,in_support,periodic_resonance,0.8779454231262207
ToyCarEmu/train/section_00_source_train_normal_0293_car_B1_spd_5_mic_2_mic_1.wav,in_support,periodic_resonance,0.9900622367858887
ToyCarEmu/train/section_00_source_train_normal_0294_car_B1_spd_5_mic_2_mic_1.wav,in_support,periodic_resonance,0.2618301808834076
ToyCarEmu/train/section_00_source_train_normal_0295_car_B1_spd_5_mic_2_mic_1.wav,in_support,periodic_resonance,0.6476686596870422
ToyCarEmu/train/section_00_source_train_normal_0296_car_B1_spd_5_mic_2_mic_1.wav,in_support,amplitude_modulation,0.9340457916259766
ToyCarEmu/train/section_00_source_train_normal_0297_car_B1_spd_5_mic_2_mic_1.wav,in_support,periodic_resonance,0.9786700010299683
ToyCarEmu/train/section_00_source_train_normal_0298_car_B1_spd_5_mic_2_mic_1.wav,in_support,periodic_resonance,0.46977660059928894
ToyCarEmu/train/section_00_source_train_normal_0299_car_B1_spd_5_mic_2_mic_1.wav,in_support,periodic_resonance,0.9753110408782959
ToyCarEmu/train/section_00_source_train_normal_0300_car_B1_spd_5_mic_2_mic_1.wav,in_support,periodic_resonance,0.9753542542457581
ToyCarEmu/train/section_00_source_train_normal_0301_car_B1_spd_5_mic_2_mic_1.wav,in_support,amplitude_modulation,0.6230276823043823
ToyCarEmu/train/section_00_source_train_normal_0302_car_B1_spd_5_mic_2_mic_1.wav,in_support,periodic_resonance,0.9869372248649597
ToyCarEmu/train/section_00_source_train_normal_0303_car_B1_spd_5_mic_2_mic_1.wav,in_support,frequency_modulation,0.9192578196525574
ToyCarEmu/train/section_00_source_train_normal_0304_car_B1_spd_5_mic_2_mic_1.wav,in_support,amplitude_modulation,0.9116175174713135
ToyCarEmu/train/section_00_source_train_normal_0305_car_B1_spd_5_mic_2_mic_1.wav,in_support,amplitude_modulation,0.848197877407074
ToyCarEmu/train/section_00_source_train_normal_0306_car_B2_spd_5_mic_2_mic_1.wav,in_support,amplitude_modulation,0.7690126895904541
ToyCarEmu/train/section_00_source_train_normal_0307_car_B2_spd_5_mic_2_mic_1.wav,in_support,frequency_modulation,0.7892400026321411
ToyCarEmu/train/section_00_source_train_normal_0308_car_B2_spd_5_mic_2_mic_1.wav,in_support,frequency_modulation,0.9035983681678772
ToyCarEmu/train/section_00_source_train_normal_0309_car_B2_spd_5_mic_2_mic_1.wav,in_support,periodic_resonance,0.9820239543914795
ToyCarEmu/train/section_00_source_train_normal_0310_car_B2_spd_5_mic_2_mic_1.wav,in_support,periodic_resonance,0.9353398680686951
ToyCarEmu/train/section_00_source_train_normal_0311_car_B2_spd_5_mic_2_mic_1.wav,in_support,amplitude_modulation,0.5426111221313477
ToyCarEmu/train/section_00_source_train_normal_0312_car_B2_spd_5_mic_2_mic_1.wav,in_support,amplitude_modulation,0.7891481518745422
ToyCarEmu/train/section_00_source_train_normal_0313_car_B2_spd_5_mic_2_mic_1.wav,in_support,periodic_resonance,0.9917790293693542
ToyCarEmu/train/section_00_source_train_normal_0314_car_B2_spd_5_mic_2_mic_1.wav,in_support,periodic_resonance,0.8786969184875488
ToyCarEmu/train/section_00_source_train_normal_0315_car_B2_spd_5_mic_2_mic_1.wav,in_support,frequency_modulation,0.9614835381507874
ToyCarEmu/train/section_00_source_train_normal_0316_car_B2_spd_5_mic_2_mic_1.wav,in_support,frequency_modulation,0.8516673445701599
ToyCarEmu/train/section_00_source_train_normal_0317_car_B2_spd_5_mic_2_mic_1.wav,in_support,periodic_resonance,0.8688074946403503
ToyCarEmu/train/section_00_source_train_normal_0318_car_B2_spd_5_mic_2_mic_1.wav,in_support,frequency_modulation,0.9607443809509277
ToyCarEmu/train/section_00_source_train_normal_0319_car_B2_spd_5_mic_2_mic_1.wav,in_support,periodic_resonance,0.936833381652832
ToyCarEmu/train/section_00_source_train_normal_0320_car_B2_spd_5_mic_2_mic_1.wav,in_support,frequency_modulation,0.9275051355361938
ToyCarEmu/train/section_00_source_train_normal_0321_car_B2_spd_5_mic_2_mic_1.wav,in_support,amplitude_modulation,0.9619210362434387
ToyCarEmu/train/section_00_source_train_normal_0322_car_B2_spd_5_mic_2_mic_1.wav,in_support,amplitude_modulation,0.862048327922821
ToyCarEmu/train/section_00_source_train_normal_0323_car_B2_spd_5_mic_2_mic_1.wav,in_support,periodic_resonance,0.21201378107070923
ToyCarEmu/train/section_00_source_train_normal_0324_car_B2_spd_5_mic_2_mic_1.wav,in_support,amplitude_modulation,0.9895612001419067
ToyCarEmu/train/section_00_source_train_normal_0325_car_B2_spd_5_mic_2_mic_1.wav,in_support,periodic_resonance,0.934819221496582
ToyCarEmu/train/section_00_source_train_normal_0326_car_B2_spd_5_mic_2_mic_1.wav,in_support,periodic_resonance,0.980377197265625
ToyCarEmu/train/section_00_source_train_normal_0327_car_B2_spd_5_mic_2_mic_1.wav,in_support,amplitude_modulation,0.8425385355949402
ToyCarEmu/train/section_00_source_train_normal_0328_car_B2_spd_5_mic_2_mic_1.wav,in_support,amplitude_modulation,0.5685228109359741
ToyCarEmu/train/section_00_source_train_normal_0329_car_B2_spd_5_mic_2_mic_1.wav,in_support,amplitude_modulation,0.8171579241752625
ToyCarEmu/train/section_00_source_train_normal_0330_car_B2_spd_5_mic_2_mic_1.wav,in_support,periodic_resonance,0.6467851400375366
ToyCarEmu/train/section_00_source_train_normal_0331_car_C1_spd_2_mic_2_mic_1.wav,in_support,amplitude_modulation,0.5388579964637756
ToyCarEmu/train/section_00_source_train_normal_0332_car_C1_spd_2_mic_2_mic_1.wav,in_support,frequency_modulation,0.8757711052894592
ToyCarEmu/train/section_00_source_train_normal_0333_car_C1_spd_2_mic_2_mic_1.wav,in_support,amplitude_modulation,0.7311187982559204
ToyCarEmu/train/section_00_source_train_normal_0334_car_C1_spd_2_mic_2_mic_1.wav,in_support,frequency_modulation,0.9501677751541138
ToyCarEmu/train/section_00_source_train_normal_0335_car_C1_spd_2_mic_2_mic_1.wav,in_support,amplitude_modulation,0.7755594253540039
ToyCarEmu/train/section_00_source_train_normal_0336_car_C1_spd_2_mic_2_mic_1.wav,in_support,periodic_resonance,0.6364380717277527
ToyCarEmu/train/section_00_source_train_normal_0337_car_C1_spd_2_mic_2_mic_1.wav,in_support,periodic_resonance,0.9206828474998474
ToyCarEmu/train/section_00_source_train_normal_0338_car_C1_spd_2_mic_2_mic_1.wav,in_support,frequency_modulation,0.8034882545471191
ToyCarEmu/train/section_00_source_train_normal_0339_car_C1_spd_2_mic_2_mic_1.wav,in_support,periodic_resonance,0.6242605447769165
ToyCarEmu/train/section_00_source_train_normal_0340_car_C1_spd_2_mic_2_mic_1.wav,in_support,amplitude_modulation,0.7419542074203491
ToyCarEmu/train/section_00_source_train_normal_0341_car_C1_spd_2_mic_2_mic_1.wav,in_support,amplitude_modulation,0.7184659838676453
ToyCarEmu/train/section_00_source_train_normal_0342_car_C1_spd_2_mic_2_mic_1.wav,in_support,amplitude_modulation,0.8035883903503418
ToyCarEmu/train/section_00_source_train_normal_0343_car_C1_spd_2_mic_2_mic_1.wav,in_support,periodic_resonance,0.8633408546447754
ToyCarEmu/train/section_00_source_train_normal_0344_car_C1_spd_2_mic_2_mic_1.wav,in_support,frequency_modulation,0.9323647618293762
ToyCarEmu/train/section_00_source_train_normal_0345_car_C1_spd_2_mic_2_mic_1.wav,in_support,amplitude_modulation,0.9370608925819397
ToyCarEmu/train/section_00_source_train_normal_0346_car_C1_spd_2_mic_2_mic_1.wav,in_support,amplitude_modulation,0.7698016166687012
ToyCarEmu/train/section_00_source_train_normal_0347_car_C1_spd_2_mic_2_mic_1.wav,in_support,amplitude_modulation,0.8534490466117859
ToyCarEmu/train/section_00_source_train_normal_0348_car_C1_spd_2_mic_2_mic_1.wav,in_support,periodic_resonance,0.9785031676292419
ToyCarEmu/train/section_00_source_train_normal_0349_car_C1_spd_2_mic_2_mic_1.wav,in_support,amplitude_modulation,0.8257166147232056
ToyCarEmu/train/section_00_source_train_normal_0350_car_C1_spd_2_mic_2_mic_1.wav,in_support,amplitude_modulation,0.8181657791137695
ToyCarEmu/train/section_00_source_train_normal_0351_car_C1_spd_2_mic_2_mic_1.wav,in_support,amplitude_modulation,0.8335078358650208
ToyCarEmu/train/section_00_source_train_normal_0352_car_C1_spd_2_mic_2_mic_1.wav,in_support,amplitude_modulation,0.7308680415153503
ToyCarEmu/train/section_00_source_train_normal_0353_car_C2_spd_2_mic_2_mic_1.wav,in_support,amplitude_modulation,0.9542712569236755
ToyCarEmu/train/section_00_source_train_normal_0354_car_C2_spd_2_mic_2_mic_1.wav,in_support,frequency_modulation,0.8693039417266846
ToyCarEmu/train/section_00_source_train_normal_0355_car_C2_spd_2_mic_2_mic_1.wav,in_support,periodic_resonance,0.9145411849021912
ToyCarEmu/train/section_00_source_train_normal_0356_car_C2_spd_2_mic_2_mic_1.wav,in_support,amplitude_modulation,0.9258890748023987
ToyCarEmu/train/section_00_source_train_normal_0357_car_C2_spd_2_mic_2_mic_1.wav,in_support,amplitude_modulation,0.9153091907501221
ToyCarEmu/train/section_00_source_train_normal_0358_car_C2_spd_2_mic_2_mic_1.wav,in_support,frequency_modulation,0.7345326542854309
ToyCarEmu/train/section_00_source_train_normal_0359_car_C2_spd_2_mic_2_mic_1.wav,in_support,frequency_modulation,0.7765589952468872
ToyCarEmu/train/section_00_source_train_normal_0360_car_C2_spd_2_mic_2_mic_1.wav,in_support,amplitude_modulation,0.5573083758354187
ToyCarEmu/train/section_00_source_train_normal_0361_car_C2_spd_2_mic_2_mic_1.wav,in_support,periodic_resonance,0.9669574499130249
ToyCarEmu/train/section_00_source_train_normal_0362_car_C2_spd_2_mic_2_mic_1.wav,in_support,frequency_modulation,0.8359975814819336
ToyCarEmu/train/section_00_source_train_normal_0363_car_C2_spd_2_mic_2_mic_1.wav,in_support,periodic_resonance,0.989585816860199
ToyCarEmu/train/section_00_source_train_normal_0364_car_C2_spd_2_mic_2_mic_1.wav,in_support,periodic_resonance,0.5045046806335449
ToyCarEmu/train/section_00_source_train_normal_0365_car_C2_spd_2_mic_2_mic_1.wav,in_support,periodic_resonance,0.7632989883422852
ToyCarEmu/train/section_00_source_train_normal_0366_car_C2_spd_2_mic_2_mic_1.wav,in_support,amplitude_modulation,0.752461314201355
ToyCarEmu/train/section_00_source_train_normal_0367_car_C2_spd_2_mic_2_mic_1.wav,in_support,frequency_modulation,0.9327641725540161
ToyCarEmu/train/section_00_source_train_normal_0368_car_C2_spd_2_mic_2_mic_1.wav,in_support,periodic_resonance,0.24235308170318604
ToyCarEmu/train/section_00_source_train_normal_0369_car_C2_spd_2_mic_2_mic_1.wav,in_support,frequency_modulation,0.8740969896316528
ToyCarEmu/train/section_00_source_train_normal_0370_car_C2_spd_2_mic_2_mic_1.wav,in_support,amplitude_modulation,0.8220947980880737
ToyCarEmu/train/section_00_source_train_normal_0371_car_C2_spd_2_mic_2_mic_1.wav,in_support,frequency_modulation,0.8133015632629395
ToyCarEmu/train/section_00_source_train_normal_0372_car_C2_spd_2_mic_2_mic_1.wav,in_support,frequency_modulation,0.9305298328399658
ToyCarEmu/train/section_00_source_train_normal_0373_car_C1_spd_2_mic_2_mic_1.wav,in_support,frequency_modulation,0.9410008192062378
ToyCarEmu/train/section_00_source_train_normal_0374_car_C1_spd_2_mic_2_mic_1.wav,in_support,frequency_modulation,0.9196619391441345
ToyCarEmu/train/section_00_source_train_normal_0375_car_C1_spd_2_mic_2_mic_1.wav,in_support,frequency_modulation,0.802620530128479
ToyCarEmu/train/section_00_source_train_normal_0376_car_C1_spd_2_mic_2_mic_1.wav,in_support,periodic_resonance,0.5229238867759705
ToyCarEmu/train/section_00_source_train_normal_0377_car_C1_spd_2_mic_2_mic_1.wav,in_support,periodic_resonance,0.9517900943756104
ToyCarEmu/train/section_00_source_train_normal_0378_car_C1_spd_2_mic_2_mic_1.wav,in_support,amplitude_modulation,0.7678310871124268
ToyCarEmu/train/section_00_source_train_normal_0379_car_C1_spd_2_mic_2_mic_1.wav,in_support,frequency_modulation,0.9075279235839844
ToyCarEmu/train/section_00_source_train_normal_0380_car_C1_spd_2_mic_2_mic_1.wav,in_support,periodic_resonance,0.5176661610603333
ToyCarEmu/train/section_00_source_train_normal_0381_car_C1_spd_2_mic_2_mic_1.wav,in_support,amplitude_modulation,0.7993789315223694
ToyCarEmu/train/section_00_source_train_normal_0382_car_C1_spd_2_mic_2_mic_1.wav,in_support,periodic_resonance,0.5493770837783813
ToyCarEmu/train/section_00_source_train_normal_0383_car_C1_spd_2_mic_2_mic_1.wav,in_support,frequency_modulation,0.918302059173584
ToyCarEmu/train/section_00_source_train_normal_0384_car_C1_spd_2_mic_2_mic_1.wav,in_support,periodic_resonance,0.8647607564926147
ToyCarEmu/train/section_00_source_train_normal_0385_car_C1_spd_2_mic_2_mic_1.wav,in_support,amplitude_modulation,0.955714225769043
ToyCarEmu/train/section_00_source_train_normal_0386_car_C1_spd_2_mic_2_mic_1.wav,in_support,amplitude_modulation,0.7206965684890747
ToyCarEmu/train/section_00_source_train_normal_0387_car_C1_spd_2_mic_2_mic_1.wav,in_support,frequency_modulation,0.941088080406189
ToyCarEmu/train/section_00_source_train_normal_0388_car_C1_spd_2_mic_2_mic_1.wav,in_support,frequency_modulation,0.793786883354187
ToyCarEmu/train/section_00_source_train_normal_0389_car_C1_spd_2_mic_2_mic_1.wav,in_support,frequency_modulation,0.9353439807891846
ToyCarEmu/train/section_00_source_train_normal_0390_car_C1_spd_2_mic_2_mic_1.wav,in_support,amplitude_modulation,0.880904495716095
ToyCarEmu/train/section_00_source_train_normal_0391_car_C1_spd_2_mic_2_mic_1.wav,in_support,frequency_modulation,0.9136272072792053
ToyCarEmu/train/section_00_source_train_normal_0392_car_C1_spd_2_mic_2_mic_1.wav,in_support,amplitude_modulation,0.9002108573913574
ToyCarEmu/train/section_00_source_train_normal_0393_car_C1_spd_2_mic_2_mic_1.wav,in_support,periodic_resonance,0.9629763960838318
ToyCarEmu/train/section_00_source_train_normal_0394_car_C1_spd_2_mic_2_mic_1.wav,in_support,frequency_modulation,0.8878180980682373
ToyCarEmu/train/section_00_source_train_normal_0395_car_C1_spd_2_mic_2_mic_1.wav,in_support,amplitude_modulation,0.888656735420227
ToyCarEmu/train/section_00_source_train_normal_0396_car_C1_spd_2_mic_2_mic_1.wav,in_support,amplitude_modulation,0.7506194114685059
ToyCarEmu/train/section_00_source_train_normal_0397_car_C1_spd_2_mic_2_mic_1.wav,in_support,frequency_modulation,0.9150323271751404
ToyCarEmu/train/section_00_source_train_normal_0398_car_C1_spd_2_mic_2_mic_1.wav,in_support,periodic_resonance,0.22949761152267456
ToyCarEmu/train/section_00_source_train_normal_0399_car_C1_spd_2_mic_2_mic_1.wav,in_support,frequency_modulation,0.5234034657478333
ToyCarEmu/train/section_00_source_train_normal_0400_car_C1_spd_2_mic_2_mic_1.wav,in_support,periodic_resonance,0.23949193954467773
ToyCarEmu/train/section_00_source_train_normal_0401_car_C1_spd_2_mic_2_mic_1.wav,in_support,amplitude_modulation,0.8263949751853943
ToyCarEmu/train/section_00_source_train_normal_0402_car_C1_spd_2_mic_2_mic_1.wav,in_support,amplitude_modulation,0.7358909845352173
ToyCarEmu/train/section_00_source_train_normal_0403_car_C1_spd_2_mic_2_mic_1.wav,in_support,frequency_modulation,0.7676940560340881
ToyCarEmu/train/section_00_source_train_normal_0404_car_C1_spd_2_mic_2_mic_1.wav,in_support,amplitude_modulation,0.7335962653160095
ToyCarEmu/train/section_00_source_train_normal_0405_car_C1_spd_2_mic_2_mic_1.wav,in_support,amplitude_modulation,0.8001149296760559
ToyCarEmu/train/section_00_source_train_normal_0406_car_C1_spd_2_mic_2_mic_1.wav,in_support,periodic_resonance,0.6506708264350891
ToyCarEmu/train/section_00_source_train_normal_0407_car_C1_spd_2_mic_2_mic_1.wav,in_support,frequency_modulation,0.9058594107627869
ToyCarEmu/train/section_00_source_train_normal_0408_car_C1_spd_2_mic_2_mic_1.wav,in_support,amplitude_modulation,0.7734775543212891
ToyCarEmu/train/section_00_source_train_normal_0409_car_C1_spd_2_mic_2_mic_1.wav,in_support,frequency_modulation,0.8604084253311157
ToyCarEmu/train/section_00_source_train_normal_0410_car_C1_spd_2_mic_2_mic_1.wav,in_support,amplitude_modulation,0.7924705147743225
ToyCarEmu/train/section_00_source_train_normal_0411_car_C1_spd_2_mic_2_mic_1.wav,in_support,periodic_resonance,0.9751123785972595
ToyCarEmu/train/section_00_source_train_normal_0412_car_C1_spd_2_mic_2_mic_1.wav,in_support,periodic_resonance,0.9463497400283813
ToyCarEmu/train/section_00_source_train_normal_0413_car_C1_spd_2_mic_2_mic_1.wav,in_support,amplitude_modulation,0.8930201530456543
ToyCarEmu/train/section_00_source_train_normal_0414_car_C1_spd_2_mic_2_mic_1.wav,in_support,frequency_modulation,0.5420348048210144
ToyCarEmu/train/section_00_source_train_normal_0415_car_C1_spd_2_mic_2_mic_1.wav,in_support,amplitude_modulation,0.8440178632736206
ToyCarEmu/train/section_00_source_train_normal_0416_car_C1_spd_2_mic_2_mic_1.wav,in_support,periodic_resonance,0.584243893623352
ToyCarEmu/train/section_00_source_train_normal_0417_car_C1_spd_2_mic_2_mic_1.wav,in_support,periodic_resonance,0.9884426593780518
ToyCarEmu/train/section_00_source_train_normal_0418_car_C1_spd_2_mic_2_mic_1.wav,in_support,amplitude_modulation,0.7918223738670349
ToyCarEmu/train/section_00_source_train_normal_0419_car_C1_spd_2_mic_2_mic_1.wav,in_support,periodic_resonance,0.980719804763794
ToyCarEmu/train/section_00_source_train_normal_0420_car_C1_spd_2_mic_2_mic_1.wav,in_support,frequency_modulation,0.9244564175605774
ToyCarEmu/train/section_00_source_train_normal_0421_car_C1_spd_2_mic_2_mic_1.wav,in_support,frequency_modulation,0.7969508171081543
ToyCarEmu/train/section_00_source_train_normal_0422_car_C1_spd_2_mic_2_mic_1.wav,in_support,frequency_modulation,0.8247785568237305
ToyCarEmu/train/section_00_source_train_normal_0423_car_C2_spd_2_mic_2_mic_1.wav,in_support,amplitude_modulation,0.8710540533065796
ToyCarEmu/train/section_00_source_train_normal_0424_car_C2_spd_2_mic_2_mic_1.wav,in_support,amplitude_modulation,0.6934834122657776
ToyCarEmu/train/section_00_source_train_normal_0425_car_C2_spd_2_mic_2_mic_1.wav,in_support,amplitude_modulation,0.8864452242851257
ToyCarEmu/train/section_00_source_train_normal_0426_car_C2_spd_2_mic_2_mic_1.wav,in_support,amplitude_modulation,0.7691916227340698
ToyCarEmu/train/section_00_source_train_normal_0427_car_C2_spd_2_mic_2_mic_1.wav,in_support,periodic_resonance,0.9723047018051147
ToyCarEmu/train/section_00_source_train_normal_0428_car_C2_spd_2_mic_2_mic_1.wav,in_support,periodic_resonance,0.2554386556148529
ToyCarEmu/train/section_00_source_train_normal_0429_car_C2_spd_2_mic_2_mic_1.wav,in_support,frequency_modulation,0.8762613534927368
ToyCarEmu/train/section_00_source_train_normal_0430_car_C2_spd_2_mic_2_mic_1.wav,in_support,amplitude_modulation,0.7373713850975037
ToyCarEmu/train/section_00_source_train_normal_0431_car_C2_spd_2_mic_2_mic_1.wav,in_support,frequency_modulation,0.896467387676239
ToyCarEmu/train/section_00_source_train_normal_0432_car_C2_spd_2_mic_2_mic_1.wav,in_support,amplitude_modulation,0.7529537081718445
ToyCarEmu/train/section_00_source_train_normal_0433_car_C2_spd_2_mic_2_mic_1.wav,in_support,frequency_modulation,0.6888407468795776
ToyCarEmu/train/section_00_source_train_normal_0434_car_C2_spd_2_mic_2_mic_1.wav,in_support,amplitude_modulation,0.666606605052948
ToyCarEmu/train/section_00_source_train_normal_0435_car_C2_spd_2_mic_2_mic_1.wav,in_support,amplitude_modulation,0.9422162771224976
ToyCarEmu/train/section_00_source_train_normal_0436_car_C2_spd_2_mic_2_mic_1.wav,in_support,periodic_resonance,0.9891536235809326
ToyCarEmu/train/section_00_source_train_normal_0437_car_C2_spd_2_mic_2_mic_1.wav,in_support,amplitude_modulation,0.649811863899231
ToyCarEmu/train/section_00_source_train_normal_0438_car_C2_spd_2_mic_2_mic_1.wav,in_support,frequency_modulation,0.5699426531791687
ToyCarEmu/train/section_00_source_train_normal_0439_car_C2_spd_2_mic_2_mic_1.wav,in_support,periodic_resonance,0.3641800582408905
ToyCarEmu/train/section_00_source_train_normal_0440_car_C2_spd_2_mic_2_mic_1.wav,in_support,amplitude_modulation,0.7830955982208252
ToyCarEmu/train/section_00_source_train_normal_0441_car_C2_spd_2_mic_2_mic_1.wav,in_support,periodic_resonance,0.9888057708740234
ToyCarEmu/train/section_00_source_train_normal_0442_car_C2_spd_2_mic_2_mic_1.wav,in_support,amplitude_modulation,0.9204229116439819
ToyCarEmu/train/section_00_source_train_normal_0443_car_C2_spd_2_mic_2_mic_1.wav,in_support,periodic_resonance,0.45626068115234375
ToyCarEmu/train/section_00_source_train_normal_0444_car_C2_spd_2_mic_2_mic_1.wav,in_support,periodic_resonance,0.4925517141819
ToyCarEmu/train/section_00_source_train_normal_0445_car_C2_spd_2_mic_2_mic_1.wav,in_support,periodic_resonance,0.892752468585968
ToyCarEmu/train/section_00_source_train_normal_0446_car_C2_spd_2_mic_2_mic_1.wav,in_support,amplitude_modulation,0.823371410369873
ToyCarEmu/train/section_00_source_train_normal_0447_car_C2_spd_2_mic_2_mic_1.wav,in_support,periodic_resonance,0.7777619361877441
ToyCarEmu/train/section_00_source_train_normal_0448_car_C1_spd_3_mic_2_mic_1.wav,in_support,amplitude_modulation,0.530108630657196
ToyCarEmu/train/section_00_source_train_normal_0449_car_C1_spd_3_mic_2_mic_1.wav,in_support,frequency_modulation,0.9769284129142761
ToyCarEmu/train/section_00_source_train_normal_0450_car_C1_spd_3_mic_2_mic_1.wav,in_support,amplitude_modulation,0.8977309465408325
ToyCarEmu/train/section_00_source_train_normal_0451_car_C1_spd_3_mic_2_mic_1.wav,in_support,frequency_modulation,0.9672632813453674
ToyCarEmu/train/section_00_source_train_normal_0452_car_C1_spd_3_mic_2_mic_1.wav,in_support,periodic_resonance,0.9823071956634521
ToyCarEmu/train/section_00_source_train_normal_0453_car_C1_spd_3_mic_2_mic_1.wav,in_support,amplitude_modulation,0.8773682713508606
ToyCarEmu/train/section_00_source_train_normal_0454_car_C1_spd_3_mic_2_mic_1.wav,in_support,frequency_modulation,0.866456151008606
ToyCarEmu/train/section_00_source_train_normal_0455_car_C1_spd_3_mic_2_mic_1.wav,in_support,frequency_modulation,0.8637838959693909
ToyCarEmu/train/section_00_source_train_normal_0456_car_C1_spd_3_mic_2_mic_1.wav,in_support,periodic_resonance,0.9938426613807678
ToyCarEmu/train/section_00_source_train_normal_0457_car_C1_spd_3_mic_2_mic_1.wav,in_support,frequency_modulation,0.8488030433654785
ToyCarEmu/train/section_00_source_train_normal_0458_car_C1_spd_3_mic_2_mic_1.wav,in_support,frequency_modulation,0.9585072994232178
ToyCarEmu/train/section_00_source_train_normal_0459_car_C1_spd_3_mic_2_mic_1.wav,in_support,amplitude_modulation,0.9476884007453918
ToyCarEmu/train/section_00_source_train_normal_0460_car_C1_spd_3_mic_2_mic_1.wav,in_support,frequency_modulation,0.8321771621704102
ToyCarEmu/train/section_00_source_train_normal_0461_car_C1_spd_3_mic_2_mic_1.wav,in_support,periodic_resonance,0.9878280758857727
ToyCarEmu/train/section_00_source_train_normal_0462_car_C1_spd_3_mic_2_mic_1.wav,in_support,periodic_resonance,0.8429310321807861
ToyCarEmu/train/section_00_source_train_normal_0463_car_C1_spd_3_mic_2_mic_1.wav,in_support,periodic_resonance,0.5257121324539185
ToyCarEmu/train/section_00_source_train_normal_0464_car_C1_spd_3_mic_2_mic_1.wav,in_support,frequency_modulation,0.890938401222229
ToyCarEmu/train/section_00_source_train_normal_0465_car_C1_spd_3_mic_2_mic_1.wav,in_support,frequency_modulation,0.6548125147819519
ToyCarEmu/train/section_00_source_train_normal_0466_car_C1_spd_3_mic_2_mic_1.wav,in_support,frequency_modulation,0.9428419470787048
ToyCarEmu/train/section_00_source_train_normal_0467_car_C1_spd_3_mic_2_mic_1.wav,in_support,amplitude_modulation,0.5344986319541931
ToyCarEmu/train/section_00_source_train_normal_0468_car_C1_spd_3_mic_2_mic_1.wav,in_support,periodic_resonance,0.9970195889472961
ToyCarEmu/train/section_00_source_train_normal_0469_car_C1_spd_3_mic_2_mic_1.wav,in_support,frequency_modulation,0.703851580619812
ToyCarEmu/train/section_00_source_train_normal_0470_car_C1_spd_3_mic_2_mic_1.wav,in_support,periodic_resonance,0.6934518814086914
ToyCarEmu/train/section_00_source_train_normal_0471_car_C1_spd_3_mic_2_mic_1.wav,in_support,frequency_modulation,0.7145145535469055
ToyCarEmu/train/section_00_source_train_normal_0472_car_C1_spd_3_mic_2_mic_1.wav,in_support,frequency_modulation,0.6669057607650757
ToyCarEmu/train/section_00_source_train_normal_0473_car_C1_spd_3_mic_2_mic_1.wav,in_support,frequency_modulation,0.9684392809867859
ToyCarEmu/train/section_00_source_train_normal_0474_car_C1_spd_3_mic_2_mic_1.wav,in_support,periodic_resonance,0.2782858610153198
ToyCarEmu/train/section_00_source_train_normal_0475_car_C1_spd_3_mic_2_mic_1.wav,in_support,frequency_modulation,0.9273352026939392
ToyCarEmu/train/section_00_source_train_normal_0476_car_C1_spd_3_mic_2_mic_1.wav,in_support,amplitude_modulation,0.893031895160675
ToyCarEmu/train/section_00_source_train_normal_0477_car_C1_spd_3_mic_2_mic_1.wav,in_support,frequency_modulation,0.9048475623130798
ToyCarEmu/train/section_00_source_train_normal_0478_car_C1_spd_3_mic_2_mic_1.wav,in_support,amplitude_modulation,0.6851468682289124
ToyCarEmu/train/section_00_source_train_normal_0479_car_C1_spd_3_mic_2_mic_1.wav,in_support,amplitude_modulation,0.9092057943344116
ToyCarEmu/train/section_00_source_train_normal_0480_car_C1_spd_3_mic_2_mic_1.wav,in_support,amplitude_modulation,0.9488514065742493
ToyCarEmu/train/section_00_source_train_normal_0481_car_C1_spd_3_mic_2_mic_1.wav,in_support,frequency_modulation,0.9926574230194092
ToyCarEmu/train/section_00_source_train_normal_0482_car_C1_spd_3_mic_2_mic_1.wav,in_support,frequency_modulation,0.9532966613769531
ToyCarEmu/train/section_00_source_train_normal_0483_car_C1_spd_3_mic_2_mic_1.wav,in_support,frequency_modulation,0.8311436176300049
ToyCarEmu/train/section_00_source_train_normal_0484_car_C1_spd_3_mic_2_mic_1.wav,in_support,periodic_resonance,0.14047089219093323
ToyCarEmu/train/section_00_source_train_normal_0485_car_C1_spd_3_mic_2_mic_1.wav,in_support,amplitude_modulation,0.7080754041671753
ToyCarEmu/train/section_00_source_train_normal_0486_car_C1_spd_3_mic_2_mic_1.wav,in_support,amplitude_modulation,0.6648044586181641
ToyCarEmu/train/section_00_source_train_normal_0487_car_C1_spd_3_mic_2_mic_1.wav,in_support,periodic_resonance,0.902221143245697
ToyCarEmu/train/section_00_source_train_normal_0488_car_C1_spd_3_mic_2_mic_1.wav,in_support,amplitude_modulation,0.5992669463157654
ToyCarEmu/train/section_00_source_train_normal_0489_car_C1_spd_3_mic_2_mic_1.wav,in_support,periodic_resonance,0.9675620794296265
ToyCarEmu/train/section_00_source_train_normal_0490_car_C1_spd_3_mic_2_mic_1.wav,in_support,frequency_modulation,0.6755881309509277
ToyCarEmu/train/section_00_source_train_normal_0491_car_C1_spd_3_mic_2_mic_1.wav,in_support,frequency_modulation,0.8097524642944336
ToyCarEmu/train/section_00_source_train_normal_0492_car_C1_spd_3_mic_2_mic_1.wav,in_support,amplitude_modulation,0.6992318630218506
ToyCarEmu/train/section_00_source_train_normal_0493_car_C1_spd_3_mic_2_mic_1.wav,in_support,amplitude_modulation,0.8471283316612244
ToyCarEmu/train/section_00_source_train_normal_0494_car_C2_spd_3_mic_2_mic_1.wav,in_support,periodic_resonance,0.38248172402381897
ToyCarEmu/train/section_00_source_train_normal_0495_car_C2_spd_3_mic_2_mic_1.wav,in_support,periodic_resonance,0.5580350160598755
ToyCarEmu/train/section_00_source_train_normal_0496_car_C2_spd_3_mic_2_mic_1.wav,in_support,amplitude_modulation,0.7442482709884644
ToyCarEmu/train/section_00_source_train_normal_0497_car_C2_spd_3_mic_2_mic_1.wav,in_support,periodic_resonance,0.8946781754493713
ToyCarEmu/train/section_00_source_train_normal_0498_car_C2_spd_3_mic_2_mic_1.wav,in_support,amplitude_modulation,0.6081947088241577
ToyCarEmu/train/section_00_source_train_normal_0499_car_C2_spd_3_mic_2_mic_1.wav,in_support,periodic_resonance,0.2527238428592682
ToyCarEmu/train/section_00_source_train_normal_0500_car_C2_spd_3_mic_2_mic_1.wav,in_support,frequency_modulation,0.9200378060340881
ToyCarEmu/train/section_00_source_train_normal_0501_car_C2_spd_3_mic_2_mic_1.wav,in_support,periodic_resonance,0.9681530594825745
ToyCarEmu/train/section_00_source_train_normal_0502_car_C2_spd_3_mic_2_mic_1.wav,in_support,periodic_resonance,0.39127546548843384
ToyCarEmu/train/section_00_source_train_normal_0503_car_C2_spd_3_mic_2_mic_1.wav,in_support,periodic_resonance,0.6533631682395935
ToyCarEmu/train/section_00_source_train_normal_0504_car_C2_spd_3_mic_2_mic_1.wav,in_support,periodic_resonance,0.5090060830116272
ToyCarEmu/train/section_00_source_train_normal_0505_car_C2_spd_3_mic_2_mic_1.wav,in_support,amplitude_modulation,0.9612765312194824
ToyCarEmu/train/section_00_source_train_normal_0506_car_C2_spd_3_mic_2_mic_1.wav,in_support,periodic_resonance,0.8156612515449524
ToyCarEmu/train/section_00_source_train_normal_0507_car_C2_spd_3_mic_2_mic_1.wav,in_support,periodic_resonance,0.9454691410064697
ToyCarEmu/train/section_00_source_train_normal_0508_car_C2_spd_3_mic_2_mic_1.wav,in_support,periodic_resonance,0.5057390928268433
ToyCarEmu/train/section_00_source_train_normal_0509_car_C2_spd_3_mic_2_mic_1.wav,in_support,frequency_modulation,0.9278478026390076
ToyCarEmu/train/section_00_source_train_normal_0510_car_C2_spd_3_mic_2_mic_1.wav,in_support,frequency_modulation,0.6550807356834412
ToyCarEmu/train/section_00_source_train_normal_0511_car_C2_spd_3_mic_2_mic_1.wav,in_support,periodic_resonance,0.7954266667366028
ToyCarEmu/train/section_00_source_train_normal_0512_car_C2_spd_3_mic_2_mic_1.wav,in_support,periodic_resonance,0.9900039434432983
ToyCarEmu/train/section_00_source_train_normal_0513_car_C2_spd_3_mic_2_mic_1.wav,in_support,amplitude_modulation,0.5178261995315552
ToyCarEmu/train/section_00_source_train_normal_0514_car_C2_spd_3_mic_2_mic_1.wav,in_support,amplitude_modulation,0.9513757824897766
ToyCarEmu/train/section_00_source_train_normal_0515_car_C2_spd_3_mic_2_mic_1.wav,in_support,periodic_resonance,0.3831693232059479
ToyCarEmu/train/section_00_source_train_normal_0516_car_C2_spd_3_mic_2_mic_1.wav,in_support,frequency_modulation,0.741274356842041
ToyCarEmu/train/section_00_source_train_normal_0517_car_C2_spd_3_mic_2_mic_1.wav,in_support,periodic_resonance,0.5593995451927185
ToyCarEmu/train/section_00_source_train_normal_0518_car_C2_spd_3_mic_2_mic_1.wav,in_support,frequency_modulation,0.9510701298713684
ToyCarEmu/train/section_00_source_train_normal_0519_car_C1_spd_3_mic_2_mic_1.wav,in_support,frequency_modulation,0.8692401647567749
ToyCarEmu/train/section_00_source_train_normal_0520_car_C1_spd_3_mic_2_mic_1.wav,in_support,amplitude_modulation,0.5433712601661682
ToyCarEmu/train/section_00_source_train_normal_0521_car_C1_spd_3_mic_2_mic_1.wav,in_support,frequency_modulation,0.8980422616004944
ToyCarEmu/train/section_00_source_train_normal_0522_car_C1_spd_3_mic_2_mic_1.wav,in_support,frequency_modulation,0.7923735976219177
ToyCarEmu/train/section_00_source_train_normal_0523_car_C1_spd_3_mic_2_mic_1.wav,in_support,amplitude_modulation,0.7799133658409119
ToyCarEmu/train/section_00_source_train_normal_0524_car_C1_spd_3_mic_2_mic_1.wav,in_support,frequency_modulation,0.97205650806427
ToyCarEmu/train/section_00_source_train_normal_0525_car_C1_spd_3_mic_2_mic_1.wav,in_support,amplitude_modulation,0.8460027575492859
ToyCarEmu/train/section_00_source_train_normal_0526_car_C1_spd_3_mic_2_mic_1.wav,in_support,periodic_resonance,0.30047181248664856
ToyCarEmu/train/section_00_source_train_normal_0527_car_C1_spd_3_mic_2_mic_1.wav,in_support,amplitude_modulation,0.7097023725509644
ToyCarEmu/train/section_00_source_train_normal_0528_car_C1_spd_3_mic_2_mic_1.wav,in_support,amplitude_modulation,0.7983867526054382
ToyCarEmu/train/section_00_source_train_normal_0529_car_C1_spd_3_mic_2_mic_1.wav,in_support,amplitude_modulation,0.7811557650566101
ToyCarEmu/train/section_00_source_train_normal_0530_car_C1_spd_3_mic_2_mic_1.wav,in_support,periodic_resonance,0.9426878094673157
ToyCarEmu/train/section_00_source_train_normal_0531_car_C1_spd_3_mic_2_mic_1.wav,in_support,frequency_modulation,0.6268760561943054
ToyCarEmu/train/section_00_source_train_normal_0532_car_C1_spd_3_mic_2_mic_1.wav,in_support,amplitude_modulation,0.8035363554954529
ToyCarEmu/train/section_00_source_train_normal_0533_car_C1_spd_3_mic_2_mic_1.wav,in_support,frequency_modulation,0.8344308733940125
ToyCarEmu/train/section_00_source_train_normal_0534_car_C1_spd_3_mic_2_mic_1.wav,in_support,amplitude_modulation,0.9039575457572937
ToyCarEmu/train/section_00_source_train_normal_0535_car_C1_spd_3_mic_2_mic_1.wav,in_support,periodic_resonance,0.40977564454078674
ToyCarEmu/train/section_00_source_train_normal_0536_car_C1_spd_3_mic_2_mic_1.wav,in_support,periodic_resonance,0.9770482778549194
ToyCarEmu/train/section_00_source_train_normal_0537_car_C1_spd_3_mic_2_mic_1.wav,in_support,periodic_resonance,0.9572833180427551
ToyCarEmu/train/section_00_source_train_normal_0538_car_C1_spd_3_mic_2_mic_1.wav,in_support,periodic_resonance,0.9895293116569519
ToyCarEmu/train/section_00_source_train_normal_0539_car_C1_spd_3_mic_2_mic_1.wav,in_support,amplitude_modulation,0.9228610992431641
ToyCarEmu/train/section_00_source_train_normal_0540_car_C1_spd_3_mic_2_mic_1.wav,in_support,frequency_modulation,0.8225544691085815
ToyCarEmu/train/section_00_source_train_normal_0541_car_C1_spd_3_mic_2_mic_1.wav,in_support,frequency_modulation,0.9376809597015381
ToyCarEmu/train/section_00_source_train_normal_0542_car_C1_spd_3_mic_2_mic_1.wav,in_support,frequency_modulation,0.8877928853034973
ToyCarEmu/train/section_00_source_train_normal_0543_car_C1_spd_3_mic_2_mic_1.wav,in_support,frequency_modulation,0.695379376411438
ToyCarEmu/train/section_00_source_train_normal_0544_car_C1_spd_5_mic_2_mic_1.wav,in_support,amplitude_modulation,0.7573009133338928
ToyCarEmu/train/section_00_source_train_normal_0545_car_C1_spd_5_mic_2_mic_1.wav,in_support,periodic_resonance,0.6923512816429138
ToyCarEmu/train/section_00_source_train_normal_0546_car_C1_spd_5_mic_2_mic_1.wav,in_support,periodic_resonance,0.9947484731674194
ToyCarEmu/train/section_00_source_train_normal_0547_car_C1_spd_5_mic_2_mic_1.wav,in_support,frequency_modulation,0.9244609475135803
ToyCarEmu/train/section_00_source_train_normal_0548_car_C1_spd_5_mic_2_mic_1.wav,in_support,amplitude_modulation,0.7158464193344116
ToyCarEmu/train/section_00_source_train_normal_0549_car_C1_spd_5_mic_2_mic_1.wav,in_support,frequency_modulation,0.931959867477417
ToyCarEmu/train/section_00_source_train_normal_0550_car_C1_spd_5_mic_2_mic_1.wav,in_support,periodic_resonance,0.8931413292884827
ToyCarEmu/train/section_00_source_train_normal_0551_car_C1_spd_5_mic_2_mic_1.wav,in_support,frequency_modulation,0.5322402715682983
ToyCarEmu/train/section_00_source_train_normal_0552_car_C1_spd_5_mic_2_mic_1.wav,in_support,periodic_resonance,0.5537511110305786
ToyCarEmu/train/section_00_source_train_normal_0553_car_C1_spd_5_mic_2_mic_1.wav,in_support,periodic_resonance,0.9059380292892456
ToyCarEmu/train/section_00_source_train_normal_0554_car_C1_spd_5_mic_2_mic_1.wav,in_support,frequency_modulation,0.9432374238967896
ToyCarEmu/train/section_00_source_train_normal_0555_car_C1_spd_5_mic_2_mic_1.wav,in_support,periodic_resonance,0.9501978158950806
ToyCarEmu/train/section_00_source_train_normal_0556_car_C1_spd_5_mic_2_mic_1.wav,in_support,periodic_resonance,0.7886675000190735
ToyCarEmu/train/section_00_source_train_normal_0557_car_C1_spd_5_mic_2_mic_1.wav,in_support,periodic_resonance,0.47425323724746704
ToyCarEmu/train/section_00_source_train_normal_0558_car_C1_spd_5_mic_2_mic_1.wav,in_support,frequency_modulation,0.7975996136665344
ToyCarEmu/train/section_00_source_train_normal_0559_car_C1_spd_5_mic_2_mic_1.wav,in_support,frequency_modulation,0.7584717273712158
ToyCarEmu/train/section_00_source_train_normal_0560_car_C1_spd_5_mic_2_mic_1.wav,in_support,amplitude_modulation,0.49882814288139343
ToyCarEmu/train/section_00_source_train_normal_0561_car_C1_spd_5_mic_2_mic_1.wav,in_support,frequency_modulation,0.9195563793182373
ToyCarEmu/train/section_00_source_train_normal_0562_car_C1_spd_5_mic_2_mic_1.wav,in_support,amplitude_modulation,0.8551393747329712
ToyCarEmu/train/section_00_source_train_normal_0563_car_C1_spd_5_mic_2_mic_1.wav,in_support,frequency_modulation,0.9079633355140686
ToyCarEmu/train/section_00_source_train_normal_0564_car_C1_spd_5_mic_2_mic_1.wav,in_support,amplitude_modulation,0.9071720838546753
ToyCarEmu/train/section_00_source_train_normal_0565_car_C1_spd_5_mic_2_mic_1.wav,in_support,periodic_resonance,0.8453906178474426
ToyCarEmu/train/section_00_source_train_normal_0566_car_C2_spd_5_mic_2_mic_1.wav,in_support,frequency_modulation,0.6905229687690735
ToyCarEmu/train/section_00_source_train_normal_0567_car_C2_spd_5_mic_2_mic_1.wav,in_support,frequency_modulation,0.9684074521064758
ToyCarEmu/train/section_00_source_train_normal_0568_car_C2_spd_5_mic_2_mic_1.wav,in_support,frequency_modulation,0.7497852444648743
ToyCarEmu/train/section_00_source_train_normal_0569_car_C2_spd_5_mic_2_mic_1.wav,in_support,amplitude_modulation,0.8254917860031128
ToyCarEmu/train/section_00_source_train_normal_0570_car_C2_spd_5_mic_2_mic_1.wav,in_support,frequency_modulation,0.9401863813400269
ToyCarEmu/train/section_00_source_train_normal_0571_car_C2_spd_5_mic_2_mic_1.wav,in_support,frequency_modulation,0.950688898563385
ToyCarEmu/train/section_00_source_train_normal_0572_car_C2_spd_5_mic_2_mic_1.wav,in_support,periodic_resonance,0.43975594639778137
ToyCarEmu/train/section_00_source_train_normal_0573_car_C2_spd_5_mic_2_mic_1.wav,in_support,frequency_modulation,0.8298329710960388
ToyCarEmu/train/section_00_source_train_normal_0574_car_C2_spd_5_mic_2_mic_1.wav,in_support,periodic_resonance,0.9713344573974609
ToyCarEmu/train/section_00_source_train_normal_0575_car_C2_spd_5_mic_2_mic_1.wav,in_support,frequency_modulation,0.8662105798721313
ToyCarEmu/train/section_00_source_train_normal_0576_car_C2_spd_5_mic_2_mic_1.wav,in_support,amplitude_modulation,0.8837144374847412
ToyCarEmu/train/section_00_source_train_normal_0577_car_C2_spd_5_mic_2_mic_1.wav,in_support,periodic_resonance,0.8624565601348877
ToyCarEmu/train/section_00_source_train_normal_0578_car_C2_spd_5_mic_2_mic_1.wav,in_support,amplitude_modulation,0.8281173706054688
ToyCarEmu/train/section_00_source_train_normal_0579_car_C2_spd_5_mic_2_mic_1.wav,in_support,frequency_modulation,0.8753974437713623
ToyCarEmu/train/section_00_source_train_normal_0580_car_C2_spd_5_mic_2_mic_1.wav,in_support,periodic_resonance,0.6523869633674622
ToyCarEmu/train/section_00_source_train_normal_0581_car_C2_spd_5_mic_2_mic_1.wav,in_support,frequency_modulation,0.8254026174545288
ToyCarEmu/train/section_00_source_train_normal_0582_car_C2_spd_5_mic_2_mic_1.wav,in_support,periodic_resonance,0.1731918752193451
ToyCarEmu/train/section_00_source_train_normal_0583_car_C2_spd_5_mic_2_mic_1.wav,in_support,periodic_resonance,0.9315690994262695
ToyCarEmu/train/section_00_source_train_normal_0584_car_C2_spd_5_mic_2_mic_1.wav,in_support,periodic_resonance,0.5019149780273438
ToyCarEmu/train/section_00_source_train_normal_0585_car_C2_spd_5_mic_2_mic_1.wav,in_support,frequency_modulation,0.9501405954360962
ToyCarEmu/train/section_00_source_train_normal_0586_car_C1_spd_5_mic_2_mic_1.wav,in_support,amplitude_modulation,0.7033302187919617
ToyCarEmu/train/section_00_source_train_normal_0587_car_C1_spd_5_mic_2_mic_1.wav,in_support,frequency_modulation,0.9325005412101746
ToyCarEmu/train/section_00_source_train_normal_0588_car_C1_spd_5_mic_2_mic_1.wav,in_support,frequency_modulation,0.8434568047523499
ToyCarEmu/train/section_00_source_train_normal_0589_car_C1_spd_5_mic_2_mic_1.wav,in_support,frequency_modulation,0.888666033744812
ToyCarEmu/train/section_00_source_train_normal_0590_car_C1_spd_5_mic_2_mic_1.wav,in_support,amplitude_modulation,0.8842509388923645
ToyCarEmu/train/section_00_source_train_normal_0591_car_C1_spd_5_mic_2_mic_1.wav,in_support,frequency_modulation,0.8337675929069519
ToyCarEmu/train/section_00_source_train_normal_0592_car_C1_spd_5_mic_2_mic_1.wav,in_support,frequency_modulation,0.9423395395278931
ToyCarEmu/train/section_00_source_train_normal_0593_car_C1_spd_5_mic_2_mic_1.wav,in_support,amplitude_modulation,0.7538133859634399
ToyCarEmu/train/section_00_source_train_normal_0594_car_C1_spd_5_mic_2_mic_1.wav,in_support,amplitude_modulation,0.924288272857666
ToyCarEmu/train/section_00_source_train_normal_0595_car_C1_spd_5_mic_2_mic_1.wav,in_support,frequency_modulation,0.9108254313468933
ToyCarEmu/train/section_00_source_train_normal_0596_car_C1_spd_5_mic_2_mic_1.wav,in_support,frequency_modulation,0.7089406847953796
ToyCarEmu/train/section_00_source_train_normal_0597_car_C1_spd_5_mic_2_mic_1.wav,in_support,frequency_modulation,0.9314860105514526
ToyCarEmu/train/section_00_source_train_normal_0598_car_C1_spd_5_mic_2_mic_1.wav,in_support,frequency_modulation,0.7945406436920166
ToyCarEmu/train/section_00_source_train_normal_0599_car_C1_spd_5_mic_2_mic_1.wav,in_support,amplitude_modulation,0.6078962087631226
ToyCarEmu/train/section_00_source_train_normal_0600_car_C1_spd_5_mic_2_mic_1.wav,in_support,amplitude_modulation,0.637772798538208
ToyCarEmu/train/section_00_source_train_normal_0601_car_C1_spd_5_mic_2_mic_1.wav,in_support,amplitude_modulation,0.8882853984832764
ToyCarEmu/train/section_00_source_train_normal_0602_car_C1_spd_5_mic_2_mic_1.wav,in_support,periodic_resonance,0.3229796886444092
ToyCarEmu/train/section_00_source_train_normal_0603_car_C1_spd_5_mic_2_mic_1.wav,in_support,amplitude_modulation,0.5735699534416199
ToyCarEmu/train/section_00_source_train_normal_0604_car_C1_spd_5_mic_2_mic_1.wav,in_support,frequency_modulation,0.9038663506507874
ToyCarEmu/train/section_00_source_train_normal_0605_car_C1_spd_5_mic_2_mic_1.wav,in_support,amplitude_modulation,0.8765572905540466
ToyCarEmu/train/section_00_source_train_normal_0606_car_C1_spd_5_mic_2_mic_1.wav,in_support,periodic_resonance,0.5534493923187256
ToyCarEmu/train/section_00_source_train_normal_0607_car_C1_spd_5_mic_2_mic_1.wav,in_support,frequency_modulation,0.9076606035232544
ToyCarEmu/train/section_00_source_train_normal_0608_car_C1_spd_5_mic_2_mic_1.wav,in_support,frequency_modulation,0.7338566780090332
ToyCarEmu/train/section_00_source_train_normal_0609_car_C1_spd_5_mic_2_mic_1.wav,in_support,frequency_modulation,0.8065144419670105
ToyCarEmu/train/section_00_source_train_normal_0610_car_C1_spd_5_mic_2_mic_1.wav,in_support,frequency_modulation,0.7406772375106812
ToyCarEmu/train/section_00_source_train_normal_0611_car_C1_spd_5_mic_2_mic_1.wav,in_support,periodic_resonance,0.859983503818512
ToyCarEmu/train/section_00_source_train_normal_0612_car_C1_spd_5_mic_2_mic_1.wav,in_support,periodic_resonance,0.900636613368988
ToyCarEmu/train/section_00_source_train_normal_0613_car_C1_spd_5_mic_2_mic_1.wav,in_support,periodic_resonance,0.9814605712890625
ToyCarEmu/train/section_00_source_train_normal_0614_car_C1_spd_5_mic_2_mic_1.wav,in_support,amplitude_modulation,0.8554917573928833
ToyCarEmu/train/section_00_source_train_normal_0615_car_C1_spd_5_mic_2_mic_1.wav,in_support,amplitude_modulation,0.807445764541626
ToyCarEmu/train/section_00_source_train_normal_0616_car_C1_spd_5_mic_2_mic_1.wav,in_support,periodic_resonance,0.961638867855072
ToyCarEmu/train/section_00_source_train_normal_0617_car_C1_spd_5_mic_2_mic_1.wav,in_support,frequency_modulation,0.7974349856376648
ToyCarEmu/train/section_00_source_train_normal_0618_car_C1_spd_5_mic_2_mic_1.wav,in_support,frequency_modulation,0.6110740900039673
ToyCarEmu/train/section_00_source_train_normal_0619_car_C1_spd_5_mic_2_mic_1.wav,in_support,amplitude_modulation,0.884962260723114
ToyCarEmu/train/section_00_source_train_normal_0620_car_C1_spd_5_mic_2_mic_1.wav,in_support,frequency_modulation,0.8604363799095154
ToyCarEmu/train/section_00_source_train_normal_0621_car_C1_spd_5_mic_2_mic_1.wav,in_support,periodic_resonance,0.5493789911270142
ToyCarEmu/train/section_00_source_train_normal_0622_car_C1_spd_5_mic_2_mic_1.wav,in_support,periodic_resonance,0.18468183279037476
ToyCarEmu/train/section_00_source_train_normal_0623_car_C1_spd_5_mic_2_mic_1.wav,in_support,periodic_resonance,0.5873568058013916
ToyCarEmu/train/section_00_source_train_normal_0624_car_C1_spd_5_mic_2_mic_1.wav,in_support,amplitude_modulation,0.6464695334434509
ToyCarEmu/train/section_00_source_train_normal_0625_car_C1_spd_5_mic_2_mic_1.wav,in_support,periodic_resonance,0.8925001621246338
ToyCarEmu/train/section_00_source_train_normal_0626_car_C1_spd_5_mic_2_mic_1.wav,in_support,amplitude_modulation,0.7066493630409241
ToyCarEmu/train/section_00_source_train_normal_0627_car_C1_spd_5_mic_2_mic_1.wav,in_support,frequency_modulation,0.7083145976066589
ToyCarEmu/train/section_00_source_train_normal_0628_car_C1_spd_5_mic_2_mic_1.wav,in_support,frequency_modulation,0.7863782048225403
ToyCarEmu/train/section_00_source_train_normal_0629_car_C1_spd_5_mic_2_mic_1.wav,in_support,periodic_resonance,0.9696328043937683
ToyCarEmu/train/section_00_source_train_normal_0630_car_C1_spd_5_mic_2_mic_1.wav,in_support,periodic_resonance,0.3339827358722687
ToyCarEmu/train/section_00_source_train_normal_0631_car_C1_spd_5_mic_2_mic_1.wav,in_support,amplitude_modulation,0.8183600902557373
ToyCarEmu/train/section_00_source_train_normal_0632_car_C1_spd_5_mic_2_mic_1.wav,in_support,frequency_modulation,0.7242231965065002
ToyCarEmu/train/section_00_source_train_normal_0633_car_C1_spd_5_mic_2_mic_1.wav,in_support,periodic_resonance,0.9770985841751099
ToyCarEmu/train/section_00_source_train_normal_0634_car_C1_spd_5_mic_2_mic_1.wav,in_support,amplitude_modulation,0.8682199120521545
ToyCarEmu/train/section_00_source_train_normal_0635_car_C1_spd_5_mic_2_mic_1.wav,in_support,amplitude_modulation,0.5477750301361084
ToyCarEmu/train/section_00_source_train_normal_0636_car_C2_spd_5_mic_2_mic_1.wav,in_support,frequency_modulation,0.9060999155044556
ToyCarEmu/train/section_00_source_train_normal_0637_car_C2_spd_5_mic_2_mic_1.wav,in_support,amplitude_modulation,0.7370622754096985
ToyCarEmu/train/section_00_source_train_normal_0638_car_C2_spd_5_mic_2_mic_1.wav,in_support,periodic_resonance,0.9898799061775208
ToyCarEmu/train/section_00_source_train_normal_0639_car_C2_spd_5_mic_2_mic_1.wav,in_support,amplitude_modulation,0.5557843446731567
ToyCarEmu/train/section_00_source_train_normal_0640_car_C2_spd_5_mic_2_mic_1.wav,in_support,periodic_resonance,0.9165549874305725
ToyCarEmu/train/section_00_source_train_normal_0641_car_C2_spd_5_mic_2_mic_1.wav,in_support,periodic_resonance,0.9905804991722107
ToyCarEmu/train/section_00_source_train_normal_0642_car_C2_spd_5_mic_2_mic_1.wav,in_support,frequency_modulation,0.8654559850692749
ToyCarEmu/train/section_00_source_train_normal_0643_car_C2_spd_5_mic_2_mic_1.wav,in_support,periodic_resonance,0.946015477180481
ToyCarEmu/train/section_00_source_train_normal_0644_car_C2_spd_5_mic_2_mic_1.wav,in_support,periodic_resonance,0.18388576805591583
ToyCarEmu/train/section_00_source_train_normal_0645_car_C2_spd_5_mic_2_mic_1.wav,in_support,amplitude_modulation,0.5505208373069763
ToyCarEmu/train/section_00_source_train_normal_0646_car_C2_spd_5_mic_2_mic_1.wav,in_support,periodic_resonance,0.8717166185379028
ToyCarEmu/train/section_00_source_train_normal_0647_car_C2_spd_5_mic_2_mic_1.wav,in_support,periodic_resonance,0.9623301029205322
ToyCarEmu/train/section_00_source_train_normal_0648_car_C2_spd_5_mic_2_mic_1.wav,in_support,frequency_modulation,0.9179207682609558
ToyCarEmu/train/section_00_source_train_normal_0649_car_C2_spd_5_mic_2_mic_1.wav,in_support,frequency_modulation,0.8450359106063843
ToyCarEmu/train/section_00_source_train_normal_0650_car_C2_spd_5_mic_2_mic_1.wav,in_support,frequency_modulation,0.938968300819397
ToyCarEmu/train/section_00_source_train_normal_0651_car_C2_spd_5_mic_2_mic_1.wav,in_support,amplitude_modulation,0.6893594264984131
ToyCarEmu/train/section_00_source_train_normal_0652_car_C2_spd_5_mic_2_mic_1.wav,in_support,amplitude_modulation,0.8279212117195129
ToyCarEmu/train/section_00_source_train_normal_0653_car_C2_spd_5_mic_2_mic_1.wav,in_support,frequency_modulation,0.7119746804237366
ToyCarEmu/train/section_00_source_train_normal_0654_car_C2_spd_5_mic_2_mic_1.wav,in_support,periodic_resonance,0.6456817388534546
ToyCarEmu/train/section_00_source_train_normal_0655_car_C2_spd_5_mic_2_mic_1.wav,in_support,periodic_resonance,0.5918861627578735
ToyCarEmu/train/section_00_source_train_normal_0656_car_C2_spd_5_mic_2_mic_1.wav,in_support,periodic_resonance,0.15079304575920105
ToyCarEmu/train/section_00_source_train_normal_0657_car_C2_spd_5_mic_2_mic_1.wav,in_support,periodic_resonance,0.9684163331985474
ToyCarEmu/train/section_00_source_train_normal_0658_car_C2_spd_5_mic_2_mic_1.wav,in_support,frequency_modulation,0.9307475686073303
ToyCarEmu/train/section_00_source_train_normal_0659_car_C2_spd_5_mic_2_mic_1.wav,in_support,frequency_modulation,0.870421826839447
ToyCarEmu/train/section_00_source_train_normal_0660_car_C2_spd_5_mic_2_mic_1.wav,in_support,frequency_modulation,0.9258096218109131
ToyCarEmu/train/section_00_source_train_normal_0661_car_D1_spd_2_mic_2_mic_1.wav,in_support,frequency_modulation,0.5779290795326233
ToyCarEmu/train/section_00_source_train_normal_0662_car_D1_spd_2_mic_2_mic_1.wav,in_support,periodic_resonance,0.9746981859207153
ToyCarEmu/train/section_00_source_train_normal_0663_car_D1_spd_2_mic_2_mic_1.wav,in_support,periodic_resonance,0.9703704714775085
ToyCarEmu/train/section_00_source_train_normal_0664_car_D1_spd_2_mic_2_mic_1.wav,in_support,periodic_resonance,0.9799536466598511
ToyCarEmu/train/section_00_source_train_normal_0665_car_D1_spd_2_mic_2_mic_1.wav,in_support,amplitude_modulation,0.7807676196098328
ToyCarEmu/train/section_00_source_train_normal_0666_car_D1_spd_2_mic_2_mic_1.wav,in_support,periodic_resonance,0.9891342520713806
ToyCarEmu/train/section_00_source_train_normal_0667_car_D1_spd_2_mic_2_mic_1.wav,in_support,periodic_resonance,0.655104398727417
ToyCarEmu/train/section_00_source_train_normal_0668_car_D1_spd_2_mic_2_mic_1.wav,in_support,amplitude_modulation,0.4017665386199951
ToyCarEmu/train/section_00_source_train_normal_0669_car_D1_spd_2_mic_2_mic_1.wav,in_support,periodic_resonance,0.37571385502815247
ToyCarEmu/train/section_00_source_train_normal_0670_car_D1_spd_2_mic_2_mic_1.wav,in_support,amplitude_modulation,0.8006051778793335
ToyCarEmu/train/section_00_source_train_normal_0671_car_D1_spd_2_mic_2_mic_1.wav,in_support,periodic_resonance,0.6127097606658936
ToyCarEmu/train/section_00_source_train_normal_0672_car_D1_spd_2_mic_2_mic_1.wav,in_support,amplitude_modulation,0.9646441340446472
ToyCarEmu/train/section_00_source_train_normal_0673_car_D1_spd_2_mic_2_mic_1.wav,in_support,amplitude_modulation,0.7324159741401672
ToyCarEmu/train/section_00_source_train_normal_0674_car_D1_spd_2_mic_2_mic_1.wav,in_support,frequency_modulation,0.697270393371582
ToyCarEmu/train/section_00_source_train_normal_0675_car_D1_spd_2_mic_2_mic_1.wav,in_support,periodic_resonance,0.9888346791267395
ToyCarEmu/train/section_00_source_train_normal_0676_car_D1_spd_2_mic_2_mic_1.wav,in_support,periodic_resonance,0.5117542147636414
ToyCarEmu/train/section_00_source_train_normal_0677_car_D1_spd_2_mic_2_mic_1.wav,in_support,frequency_modulation,0.8805921077728271
ToyCarEmu/train/section_00_source_train_normal_0678_car_D1_spd_2_mic_2_mic_1.wav,in_support,amplitude_modulation,0.8643582463264465
ToyCarEmu/train/section_00_source_train_normal_0679_car_D1_spd_2_mic_2_mic_1.wav,in_support,amplitude_modulation,0.8319425582885742
ToyCarEmu/train/section_00_source_train_normal_0680_car_D1_spd_2_mic_2_mic_1.wav,in_support,amplitude_modulation,0.7243843674659729
ToyCarEmu/train/section_00_source_train_normal_0681_car_D1_spd_2_mic_2_mic_1.wav,in_support,amplitude_modulation,0.9172446131706238
ToyCarEmu/train/section_00_source_train_normal_0682_car_D1_spd_2_mic_2_mic_1.wav,in_support,periodic_resonance,0.9138714075088501
ToyCarEmu/train/section_00_source_train_normal_0683_car_D2_spd_2_mic_2_mic_1.wav,in_support,frequency_modulation,0.8417612314224243
ToyCarEmu/train/section_00_source_train_normal_0684_car_D2_spd_2_mic_2_mic_1.wav,in_support,periodic_resonance,0.8313661217689514
ToyCarEmu/train/section_00_source_train_normal_0685_car_D2_spd_2_mic_2_mic_1.wav,in_support,periodic_resonance,0.7918433547019958
ToyCarEmu/train/section_00_source_train_normal_0686_car_D2_spd_2_mic_2_mic_1.wav,in_support,frequency_modulation,0.9300228357315063
ToyCarEmu/train/section_00_source_train_normal_0687_car_D2_spd_2_mic_2_mic_1.wav,in_support,periodic_resonance,0.6475340723991394
ToyCarEmu/train/section_00_source_train_normal_0688_car_D2_spd_2_mic_2_mic_1.wav,in_support,periodic_resonance,0.7669243812561035
ToyCarEmu/train/section_00_source_train_normal_0689_car_D2_spd_2_mic_2_mic_1.wav,in_support,periodic_resonance,0.17046146094799042
ToyCarEmu/train/section_00_source_train_normal_0690_car_D2_spd_2_mic_2_mic_1.wav,in_support,frequency_modulation,0.6660746932029724
ToyCarEmu/train/section_00_source_train_normal_0691_car_D2_spd_2_mic_2_mic_1.wav,in_support,periodic_resonance,0.8840824365615845
ToyCarEmu/train/section_00_source_train_normal_0692_car_D2_spd_2_mic_2_mic_1.wav,in_support,frequency_modulation,0.4735398292541504
ToyCarEmu/train/section_00_source_train_normal_0693_car_D2_spd_2_mic_2_mic_1.wav,in_support,frequency_modulation,0.8798569440841675
ToyCarEmu/train/section_00_source_train_normal_0694_car_D2_spd_2_mic_2_mic_1.wav,in_support,periodic_resonance,0.3962078392505646
ToyCarEmu/train/section_00_source_train_normal_0695_car_D2_spd_2_mic_2_mic_1.wav,in_support,periodic_resonance,0.9970448017120361
ToyCarEmu/train/section_00_source_train_normal_0696_car_D2_spd_2_mic_2_mic_1.wav,in_support,frequency_modulation,0.9347679018974304
ToyCarEmu/train/section_00_source_train_normal_0697_car_D2_spd_2_mic_2_mic_1.wav,in_support,frequency_modulation,0.6196268796920776
ToyCarEmu/train/section_00_source_train_normal_0698_car_D2_spd_2_mic_2_mic_1.wav,in_support,periodic_resonance,0.9069274663925171
ToyCarEmu/train/section_00_source_train_normal_0699_car_D2_spd_2_mic_2_mic_1.wav,in_support,periodic_resonance,0.9738441705703735
ToyCarEmu/train/section_00_source_train_normal_0700_car_D2_spd_2_mic_2_mic_1.wav,in_support,periodic_resonance,0.9797256588935852
ToyCarEmu/train/section_00_source_train_normal_0701_car_D2_spd_2_mic_2_mic_1.wav,in_support,frequency_modulation,0.8460594415664673
ToyCarEmu/train/section_00_source_train_normal_0702_car_D2_spd_2_mic_2_mic_1.wav,in_support,periodic_resonance,0.9842567443847656
ToyCarEmu/train/section_00_source_train_normal_0703_car_D1_spd_2_mic_2_mic_1.wav,in_support,amplitude_modulation,0.9266709089279175
ToyCarEmu/train/section_00_source_train_normal_0704_car_D1_spd_2_mic_2_mic_1.wav,in_support,periodic_resonance,0.9612761735916138
ToyCarEmu/train/section_00_source_train_normal_0705_car_D1_spd_2_mic_2_mic_1.wav,in_support,amplitude_modulation,0.8472983837127686
ToyCarEmu/train/section_00_source_train_normal_0706_car_D1_spd_2_mic_2_mic_1.wav,in_support,frequency_modulation,0.902224063873291
ToyCarEmu/train/section_00_source_train_normal_0707_car_D1_spd_2_mic_2_mic_1.wav,in_support,frequency_modulation,0.8482393622398376
ToyCarEmu/train/section_00_source_train_normal_0708_car_D1_spd_2_mic_2_mic_1.wav,in_support,amplitude_modulation,0.6991073489189148
ToyCarEmu/train/section_00_source_train_normal_0709_car_D1_spd_2_mic_2_mic_1.wav,in_support,amplitude_modulation,0.9199045300483704
ToyCarEmu/train/section_00_source_train_normal_0710_car_D1_spd_2_mic_2_mic_1.wav,in_support,amplitude_modulation,0.9209109544754028
ToyCarEmu/train/section_00_source_train_normal_0711_car_D1_spd_2_mic_2_mic_1.wav,in_support,frequency_modulation,0.7836916446685791
ToyCarEmu/train/section_00_source_train_normal_0712_car_D1_spd_2_mic_2_mic_1.wav,in_support,frequency_modulation,0.8873870372772217
ToyCarEmu/train/section_00_source_train_normal_0713_car_D1_spd_2_mic_2_mic_1.wav,in_support,amplitude_modulation,0.8902541995048523
ToyCarEmu/train/section_00_source_train_normal_0714_car_D1_spd_2_mic_2_mic_1.wav,in_support,amplitude_modulation,0.7734677195549011
ToyCarEmu/train/section_00_source_train_normal_0715_car_D1_spd_2_mic_2_mic_1.wav,in_support,amplitude_modulation,0.8538532257080078
ToyCarEmu/train/section_00_source_train_normal_0716_car_D1_spd_2_mic_2_mic_1.wav,in_support,frequency_modulation,0.9498389363288879
ToyCarEmu/train/section_00_source_train_normal_0717_car_D1_spd_2_mic_2_mic_1.wav,in_support,frequency_modulation,0.9084876775741577
ToyCarEmu/train/section_00_source_train_normal_0718_car_D1_spd_2_mic_2_mic_1.wav,in_support,amplitude_modulation,0.8414567112922668
ToyCarEmu/train/section_00_source_train_normal_0719_car_D1_spd_2_mic_2_mic_1.wav,in_support,amplitude_modulation,0.7303016781806946
ToyCarEmu/train/section_00_source_train_normal_0720_car_D1_spd_2_mic_2_mic_1.wav,in_support,amplitude_modulation,0.9525117874145508
ToyCarEmu/train/section_00_source_train_normal_0721_car_D1_spd_2_mic_2_mic_1.wav,in_support,periodic_resonance,0.9365755319595337
ToyCarEmu/train/section_00_source_train_normal_0722_car_D1_spd_2_mic_2_mic_1.wav,in_support,periodic_resonance,0.1055324375629425
ToyCarEmu/train/section_00_source_train_normal_0723_car_D1_spd_2_mic_2_mic_1.wav,in_support,amplitude_modulation,0.5956600904464722
ToyCarEmu/train/section_00_source_train_normal_0724_car_D1_spd_2_mic_2_mic_1.wav,in_support,periodic_resonance,0.9981671571731567
ToyCarEmu/train/section_00_source_train_normal_0725_car_D1_spd_2_mic_2_mic_1.wav,in_support,periodic_resonance,0.7034748792648315
ToyCarEmu/train/section_00_source_train_normal_0726_car_D1_spd_2_mic_2_mic_1.wav,in_support,amplitude_modulation,0.3606220483779907
ToyCarEmu/train/section_00_source_train_normal_0727_car_D1_spd_2_mic_2_mic_1.wav,in_support,frequency_modulation,0.870391845703125
ToyCarEmu/train/section_00_source_train_normal_0728_car_D1_spd_2_mic_2_mic_1.wav,in_support,amplitude_modulation,0.9381299614906311
ToyCarEmu/train/section_00_source_train_normal_0729_car_D1_spd_2_mic_2_mic_1.wav,in_support,periodic_resonance,0.9644480347633362
ToyCarEmu/train/section_00_source_train_normal_0730_car_D1_spd_2_mic_2_mic_1.wav,in_support,periodic_resonance,0.3915376663208008
ToyCarEmu/train/section_00_source_train_normal_0731_car_D1_spd_2_mic_2_mic_1.wav,in_support,amplitude_modulation,0.7741397619247437
ToyCarEmu/train/section_00_source_train_normal_0732_car_D1_spd_2_mic_2_mic_1.wav,in_support,frequency_modulation,0.9005205631256104
ToyCarEmu/train/section_00_source_train_normal_0733_car_D1_spd_2_mic_2_mic_1.wav,in_support,frequency_modulation,0.8970822691917419
ToyCarEmu/train/section_00_source_train_normal_0734_car_D1_spd_2_mic_2_mic_1.wav,in_support,frequency_modulation,0.8605758547782898
ToyCarEmu/train/section_00_source_train_normal_0735_car_D1_spd_2_mic_2_mic_1.wav,in_support,amplitude_modulation,0.5681859254837036
ToyCarEmu/train/section_00_source_train_normal_0736_car_D1_spd_2_mic_2_mic_1.wav,in_support,amplitude_modulation,0.8064469695091248
ToyCarEmu/train/section_00_source_train_normal_0737_car_D1_spd_2_mic_2_mic_1.wav,in_support,frequency_modulation,0.3665049076080322
ToyCarEmu/train/section_00_source_train_normal_0738_car_D1_spd_2_mic_2_mic_1.wav,in_support,amplitude_modulation,0.9286653995513916
ToyCarEmu/train/section_00_source_train_normal_0739_car_D1_spd_2_mic_2_mic_1.wav,in_support,periodic_resonance,0.26062852144241333
ToyCarEmu/train/section_00_source_train_normal_0740_car_D1_spd_2_mic_2_mic_1.wav,in_support,amplitude_modulation,0.32043519616127014
ToyCarEmu/train/section_00_source_train_normal_0741_car_D1_spd_2_mic_2_mic_1.wav,in_support,frequency_modulation,0.9150816202163696
ToyCarEmu/train/section_00_source_train_normal_0742_car_D1_spd_2_mic_2_mic_1.wav,in_support,periodic_resonance,0.9824288487434387
ToyCarEmu/train/section_00_source_train_normal_0743_car_D1_spd_2_mic_2_mic_1.wav,in_support,frequency_modulation,0.798734724521637
ToyCarEmu/train/section_00_source_train_normal_0744_car_D1_spd_2_mic_2_mic_1.wav,in_support,frequency_modulation,0.7054097056388855
ToyCarEmu/train/section_00_source_train_normal_0745_car_D1_spd_2_mic_2_mic_1.wav,in_support,periodic_resonance,0.37538206577301025
ToyCarEmu/train/section_00_source_train_normal_0746_car_D1_spd_2_mic_2_mic_1.wav,in_support,amplitude_modulation,0.8651245832443237
ToyCarEmu/train/section_00_source_train_normal_0747_car_D1_spd_2_mic_2_mic_1.wav,in_support,amplitude_modulation,0.5004671812057495
ToyCarEmu/train/section_00_source_train_normal_0748_car_D1_spd_2_mic_2_mic_1.wav,in_support,frequency_modulation,0.9238001704216003
ToyCarEmu/train/section_00_source_train_normal_0749_car_D1_spd_2_mic_2_mic_1.wav,in_support,frequency_modulation,0.8788809180259705
ToyCarEmu/train/section_00_source_train_normal_0750_car_D1_spd_2_mic_2_mic_1.wav,in_support,periodic_resonance,0.9404950737953186
ToyCarEmu/train/section_00_source_train_normal_0751_car_D1_spd_2_mic_2_mic_1.wav,in_support,periodic_resonance,0.19456273317337036
ToyCarEmu/train/section_00_source_train_normal_0752_car_D1_spd_2_mic_2_mic_1.wav,in_support,amplitude_modulation,0.7538160681724548
ToyCarEmu/train/section_00_source_train_normal_0753_car_D2_spd_2_mic_2_mic_1.wav,in_support,frequency_modulation,0.9053633213043213
ToyCarEmu/train/section_00_source_train_normal_0754_car_D2_spd_2_mic_2_mic_1.wav,in_support,periodic_resonance,0.9811805486679077
ToyCarEmu/train/section_00_source_train_normal_0755_car_D2_spd_2_mic_2_mic_1.wav,in_support,frequency_modulation,0.8583773374557495
ToyCarEmu/train/section_00_source_train_normal_0756_car_D2_spd_2_mic_2_mic_1.wav,in_support,amplitude_modulation,0.8139403462409973
ToyCarEmu/train/section_00_source_train_normal_0757_car_D2_spd_2_mic_2_mic_1.wav,in_support,amplitude_modulation,0.6647495627403259
ToyCarEmu/train/section_00_source_train_normal_0758_car_D2_spd_2_mic_2_mic_1.wav,in_support,amplitude_modulation,0.8852556943893433
ToyCarEmu/train/section_00_source_train_normal_0759_car_D2_spd_2_mic_2_mic_1.wav,in_support,frequency_modulation,0.8616535067558289
ToyCarEmu/train/section_00_source_train_normal_0760_car_D2_spd_2_mic_2_mic_1.wav,in_support,frequency_modulation,0.8938921093940735
ToyCarEmu/train/section_00_source_train_normal_0761_car_D2_spd_2_mic_2_mic_1.wav,in_support,periodic_resonance,0.9995534420013428
ToyCarEmu/train/section_00_source_train_normal_0762_car_D2_spd_2_mic_2_mic_1.wav,in_support,periodic_resonance,0.34073227643966675
ToyCarEmu/train/section_00_source_train_normal_0763_car_D2_spd_2_mic_2_mic_1.wav,in_support,frequency_modulation,0.506862998008728
ToyCarEmu/train/section_00_source_train_normal_0764_car_D2_spd_2_mic_2_mic_1.wav,in_support,frequency_modulation,0.727799654006958
ToyCarEmu/train/section_00_source_train_normal_0765_car_D2_spd_2_mic_2_mic_1.wav,in_support,frequency_modulation,0.5323171615600586
ToyCarEmu/train/section_00_source_train_normal_0766_car_D2_spd_2_mic_2_mic_1.wav,in_support,frequency_modulation,0.8940832614898682
ToyCarEmu/train/section_00_source_train_normal_0767_car_D2_spd_2_mic_2_mic_1.wav,in_support,periodic_resonance,0.7141367793083191
ToyCarEmu/train/section_00_source_train_normal_0768_car_D2_spd_2_mic_2_mic_1.wav,in_support,amplitude_modulation,0.7054925560951233
ToyCarEmu/train/section_00_source_train_normal_0769_car_D2_spd_2_mic_2_mic_1.wav,in_support,amplitude_modulation,0.8554570078849792
ToyCarEmu/train/section_00_source_train_normal_0770_car_D2_spd_2_mic_2_mic_1.wav,in_support,periodic_resonance,0.9768725037574768
ToyCarEmu/train/section_00_source_train_normal_0771_car_D2_spd_2_mic_2_mic_1.wav,in_support,frequency_modulation,0.8536152839660645
ToyCarEmu/train/section_00_source_train_normal_0772_car_D2_spd_2_mic_2_mic_1.wav,in_support,frequency_modulation,0.8684446811676025
ToyCarEmu/train/section_00_source_train_normal_0773_car_D2_spd_2_mic_2_mic_1.wav,in_support,frequency_modulation,0.842059314250946
ToyCarEmu/train/section_00_source_train_normal_0774_car_D2_spd_2_mic_2_mic_1.wav,in_support,periodic_resonance,0.9789158701896667
ToyCarEmu/train/section_00_source_train_normal_0775_car_D2_spd_2_mic_2_mic_1.wav,in_support,periodic_resonance,0.9728508591651917
ToyCarEmu/train/section_00_source_train_normal_0776_car_D2_spd_2_mic_2_mic_1.wav,in_support,amplitude_modulation,0.7090246677398682
ToyCarEmu/train/section_00_source_train_normal_0777_car_D2_spd_2_mic_2_mic_1.wav,in_support,amplitude_modulation,0.9233761429786682
ToyCarEmu/train/section_00_source_train_normal_0778_car_D1_spd_3_mic_2_mic_1.wav,in_support,frequency_modulation,0.8669997453689575
ToyCarEmu/train/section_00_source_train_normal_0779_car_D1_spd_3_mic_2_mic_1.wav,in_support,frequency_modulation,0.9563678503036499
ToyCarEmu/train/section_00_source_train_normal_0780_car_D1_spd_3_mic_2_mic_1.wav,in_support,amplitude_modulation,0.8176928758621216
ToyCarEmu/train/section_00_source_train_normal_0781_car_D1_spd_3_mic_2_mic_1.wav,in_support,periodic_resonance,0.9779922366142273
ToyCarEmu/train/section_00_source_train_normal_0782_car_D1_spd_3_mic_2_mic_1.wav,in_support,periodic_resonance,0.9616357684135437
ToyCarEmu/train/section_00_source_train_normal_0783_car_D1_spd_3_mic_2_mic_1.wav,in_support,frequency_modulation,0.910641074180603
ToyCarEmu/train/section_00_source_train_normal_0784_car_D1_spd_3_mic_2_mic_1.wav,in_support,periodic_resonance,0.9976755380630493
ToyCarEmu/train/section_00_source_train_normal_0785_car_D1_spd_3_mic_2_mic_1.wav,in_support,amplitude_modulation,0.7917394042015076
ToyCarEmu/train/section_00_source_train_normal_0786_car_D1_spd_3_mic_2_mic_1.wav,in_support,amplitude_modulation,0.7456393837928772
ToyCarEmu/train/section_00_source_train_normal_0787_car_D1_spd_3_mic_2_mic_1.wav,in_support,periodic_resonance,0.36807891726493835
ToyCarEmu/train/section_00_source_train_normal_0788_car_D1_spd_3_mic_2_mic_1.wav,in_support,periodic_resonance,0.2960313558578491
ToyCarEmu/train/section_00_source_train_normal_0789_car_D1_spd_3_mic_2_mic_1.wav,in_support,periodic_resonance,0.9465110301971436
ToyCarEmu/train/section_00_source_train_normal_0790_car_D1_spd_3_mic_2_mic_1.wav,in_support,frequency_modulation,0.918703019618988
ToyCarEmu/train/section_00_source_train_normal_0791_car_D1_spd_3_mic_2_mic_1.wav,in_support,amplitude_modulation,0.808638334274292
ToyCarEmu/train/section_00_source_train_normal_0792_car_D1_spd_3_mic_2_mic_1.wav,in_support,periodic_resonance,0.5318195819854736
ToyCarEmu/train/section_00_source_train_normal_0793_car_D1_spd_3_mic_2_mic_1.wav,in_support,amplitude_modulation,0.7431101202964783
ToyCarEmu/train/section_00_source_train_normal_0794_car_D1_spd_3_mic_2_mic_1.wav,in_support,periodic_resonance,0.640032172203064
ToyCarEmu/train/section_00_source_train_normal_0795_car_D1_spd_3_mic_2_mic_1.wav,in_support,periodic_resonance,0.6479820609092712
ToyCarEmu/train/section_00_source_train_normal_0796_car_D1_spd_3_mic_2_mic_1.wav,in_support,amplitude_modulation,0.6455088257789612
ToyCarEmu/train/section_00_source_train_normal_0797_car_D1_spd_3_mic_2_mic_1.wav,in_support,periodic_resonance,0.3355265259742737
ToyCarEmu/train/section_00_source_train_normal_0798_car_D1_spd_3_mic_2_mic_1.wav,in_support,frequency_modulation,0.6104471683502197
ToyCarEmu/train/section_00_source_train_normal_0799_car_D1_spd_3_mic_2_mic_1.wav,in_support,frequency_modulation,0.8596454858779907
ToyCarEmu/train/section_00_source_train_normal_0800_car_D1_spd_3_mic_2_mic_1.wav,in_support,periodic_resonance,0.3332219123840332
ToyCarEmu/train/section_00_source_train_normal_0801_car_D1_spd_3_mic_2_mic_1.wav,in_support,amplitude_modulation,0.63750159740448
ToyCarEmu/train/section_00_source_train_normal_0802_car_D1_spd_3_mic_2_mic_1.wav,in_support,periodic_resonance,0.9799329042434692
ToyCarEmu/train/section_00_source_train_normal_0803_car_D1_spd_3_mic_2_mic_1.wav,in_support,periodic_resonance,0.9719623327255249
ToyCarEmu/train/section_00_source_train_normal_0804_car_D1_spd_3_mic_2_mic_1.wav,in_support,amplitude_modulation,0.9414206743240356
ToyCarEmu/train/section_00_source_train_normal_0805_car_D1_spd_3_mic_2_mic_1.wav,in_support,amplitude_modulation,0.5678103566169739
ToyCarEmu/train/section_00_source_train_normal_0806_car_D1_spd_3_mic_2_mic_1.wav,in_support,amplitude_modulation,0.5984355807304382
ToyCarEmu/train/section_00_source_train_normal_0807_car_D1_spd_3_mic_2_mic_1.wav,in_support,periodic_resonance,0.9933754801750183
ToyCarEmu/train/section_00_source_train_normal_0808_car_D1_spd_3_mic_2_mic_1.wav,in_support,frequency_modulation,0.7201106548309326
ToyCarEmu/train/section_00_source_train_normal_0809_car_D1_spd_3_mic_2_mic_1.wav,in_support,amplitude_modulation,0.7676593065261841
ToyCarEmu/train/section_00_source_train_normal_0810_car_D1_spd_3_mic_2_mic_1.wav,in_support,amplitude_modulation,0.8472262620925903
ToyCarEmu/train/section_00_source_train_normal_0811_car_D1_spd_3_mic_2_mic_1.wav,in_support,periodic_resonance,0.7979104518890381
ToyCarEmu/train/section_00_source_train_normal_0812_car_D1_spd_3_mic_2_mic_1.wav,in_support,amplitude_modulation,0.8375653028488159
ToyCarEmu/train/section_00_source_train_normal_0813_car_D1_spd_3_mic_2_mic_1.wav,in_support,frequency_modulation,0.9156875610351562
ToyCarEmu/train/section_00_source_train_normal_0814_car_D1_spd_3_mic_2_mic_1.wav,in_support,periodic_resonance,0.9948073625564575
ToyCarEmu/train/section_00_source_train_normal_0815_car_D1_spd_3_mic_2_mic_1.wav,in_support,frequency_modulation,0.8078697323799133
ToyCarEmu/train/section_00_source_train_normal_0816_car_D1_spd_3_mic_2_mic_1.wav,in_support,periodic_resonance,0.6223767995834351
ToyCarEmu/train/section_00_source_train_normal_0817_car_D1_spd_3_mic_2_mic_1.wav,in_support,frequency_modulation,0.8800013065338135
ToyCarEmu/train/section_00_source_train_normal_0818_car_D1_spd_3_mic_2_mic_1.wav,in_support,periodic_resonance,0.5063275098800659
ToyCarEmu/train/section_00_source_train_normal_0819_car_D1_spd_3_mic_2_mic_1.wav,in_support,periodic_resonance,0.25023940205574036
ToyCarEmu/train/section_00_source_train_normal_0820_car_D1_spd_3_mic_2_mic_1.wav,in_support,periodic_resonance,0.9782841205596924
ToyCarEmu/train/section_00_source_train_normal_0821_car_D1_spd_3_mic_2_mic_1.wav,in_support,frequency_modulation,0.7156018614768982
ToyCarEmu/train/section_00_source_train_normal_0822_car_D1_spd_3_mic_2_mic_1.wav,in_support,amplitude_modulation,0.584991991519928
ToyCarEmu/train/section_00_source_train_normal_0823_car_D1_spd_3_mic_2_mic_1.wav,in_support,frequency_modulation,0.8358989357948303
ToyCarEmu/train/section_00_source_train_normal_0824_car_D1_spd_3_mic_2_mic_1.wav,in_support,frequency_modulation,0.8313049674034119
ToyCarEmu/train/section_00_source_train_normal_0825_car_D2_spd_3_mic_2_mic_1.wav,in_support,frequency_modulation,0.7633796334266663
ToyCarEmu/train/section_00_source_train_normal_0826_car_D2_spd_3_mic_2_mic_1.wav,in_support,frequency_modulation,0.9194693565368652
ToyCarEmu/train/section_00_source_train_normal_0827_car_D2_spd_3_mic_2_mic_1.wav,in_support,periodic_resonance,0.9284787178039551
ToyCarEmu/train/section_00_source_train_normal_0828_car_D2_spd_3_mic_2_mic_1.wav,in_support,amplitude_modulation,0.8331888318061829
ToyCarEmu/train/section_00_source_train_normal_0829_car_D2_spd_3_mic_2_mic_1.wav,in_support,amplitude_modulation,0.4341670274734497
ToyCarEmu/train/section_00_source_train_normal_0830_car_D2_spd_3_mic_2_mic_1.wav,in_support,frequency_modulation,0.5685238242149353
ToyCarEmu/train/section_00_source_train_normal_0831_car_D2_spd_3_mic_2_mic_1.wav,in_support,periodic_resonance,0.9736168384552002
ToyCarEmu/train/section_00_source_train_normal_0832_car_D2_spd_3_mic_2_mic_1.wav,in_support,periodic_resonance,0.3355124294757843
ToyCarEmu/train/section_00_source_train_normal_0833_car_D2_spd_3_mic_2_mic_1.wav,in_support,frequency_modulation,0.9064092636108398
ToyCarEmu/train/section_00_source_train_normal_0834_car_D2_spd_3_mic_2_mic_1.wav,in_support,amplitude_modulation,0.31817612051963806
ToyCarEmu/train/section_00_source_train_normal_0835_car_D2_spd_3_mic_2_mic_1.wav,in_support,frequency_modulation,0.5837302803993225
ToyCarEmu/train/section_00_source_train_normal_0836_car_D2_spd_3_mic_2_mic_1.wav,in_support,frequency_modulation,0.49245119094848633
ToyCarEmu/train/section_00_source_train_normal_0837_car_D2_spd_3_mic_2_mic_1.wav,in_support,periodic_resonance,0.8748006820678711
ToyCarEmu/train/section_00_source_train_normal_0838_car_D2_spd_3_mic_2_mic_1.wav,in_support,frequency_modulation,0.8910723328590393
ToyCarEmu/train/section_00_source_train_normal_0839_car_D2_spd_3_mic_2_mic_1.wav,in_support,amplitude_modulation,0.744498610496521
ToyCarEmu/train/section_00_source_train_normal_0840_car_D2_spd_3_mic_2_mic_1.wav,in_support,amplitude_modulation,0.674915075302124
ToyCarEmu/train/section_00_source_train_normal_0841_car_D2_spd_3_mic_2_mic_1.wav,in_support,amplitude_modulation,0.5355792045593262
ToyCarEmu/train/section_00_source_train_normal_0842_car_D2_spd_3_mic_2_mic_1.wav,in_support,frequency_modulation,0.7777384519577026
ToyCarEmu/train/section_00_source_train_normal_0843_car_D2_spd_3_mic_2_mic_1.wav,in_support,amplitude_modulation,0.7539376616477966
ToyCarEmu/train/section_00_source_train_normal_0844_car_D2_spd_3_mic_2_mic_1.wav,in_support,periodic_resonance,0.9692941308021545
ToyCarEmu/train/section_00_source_train_normal_0845_car_D2_spd_3_mic_2_mic_1.wav,in_support,frequency_modulation,0.8345779776573181
ToyCarEmu/train/section_00_source_train_normal_0846_car_D2_spd_3_mic_2_mic_1.wav,in_support,periodic_resonance,0.15381330251693726
ToyCarEmu/train/section_00_source_train_normal_0847_car_D2_spd_3_mic_2_mic_1.wav,in_support,periodic_resonance,0.8986859321594238
ToyCarEmu/train/section_00_source_train_normal_0848_car_D2_spd_3_mic_2_mic_1.wav,in_support,periodic_resonance,0.20291829109191895
ToyCarEmu/train/section_00_source_train_normal_0849_car_D2_spd_3_mic_2_mic_1.wav,in_support,periodic_resonance,0.4030243754386902
ToyCarEmu/train/section_00_source_train_normal_0850_car_D1_spd_3_mic_2_mic_1.wav,in_support,amplitude_modulation,0.9462095499038696
ToyCarEmu/train/section_00_source_train_normal_0851_car_D1_spd_3_mic_2_mic_1.wav,in_support,periodic_resonance,0.9170477986335754
ToyCarEmu/train/section_00_source_train_normal_0852_car_D1_spd_3_mic_2_mic_1.wav,in_support,periodic_resonance,0.9777563810348511
ToyCarEmu/train/section_00_source_train_normal_0853_car_D1_spd_3_mic_2_mic_1.wav,in_support,frequency_modulation,0.8729742765426636
ToyCarEmu/train/section_00_source_train_normal_0854_car_D1_spd_3_mic_2_mic_1.wav,in_support,periodic_resonance,0.9426934123039246
ToyCarEmu/train/section_00_source_train_normal_0855_car_D1_spd_3_mic_2_mic_1.wav,in_support,amplitude_modulation,0.4627588987350464
ToyCarEmu/train/section_00_source_train_normal_0856_car_D1_spd_3_mic_2_mic_1.wav,in_support,amplitude_modulation,0.5864996314048767
ToyCarEmu/train/section_00_source_train_normal_0857_car_D1_spd_3_mic_2_mic_1.wav,in_support,amplitude_modulation,0.9112537503242493
ToyCarEmu/train/section_00_source_train_normal_0858_car_D1_spd_3_mic_2_mic_1.wav,in_support,amplitude_modulation,0.6662741899490356
ToyCarEmu/train/section_00_source_train_normal_0859_car_D1_spd_3_mic_2_mic_1.wav,in_support,frequency_modulation,0.8362991809844971
ToyCarEmu/train/section_00_source_train_normal_0860_car_D1_spd_3_mic_2_mic_1.wav,in_support,periodic_resonance,0.9739711880683899
ToyCarEmu/train/section_00_source_train_normal_0861_car_D1_spd_3_mic_2_mic_1.wav,in_support,periodic_resonance,0.9303541779518127
ToyCarEmu/train/section_00_source_train_normal_0862_car_D1_spd_3_mic_2_mic_1.wav,in_support,periodic_resonance,0.9635875225067139
ToyCarEmu/train/section_00_source_train_normal_0863_car_D1_spd_3_mic_2_mic_1.wav,in_support,amplitude_modulation,0.7382525205612183
ToyCarEmu/train/section_00_source_train_normal_0864_car_D1_spd_3_mic_2_mic_1.wav,in_support,frequency_modulation,0.907420814037323
ToyCarEmu/train/section_00_source_train_normal_0865_car_D1_spd_3_mic_2_mic_1.wav,in_support,amplitude_modulation,0.7290640473365784
ToyCarEmu/train/section_00_source_train_normal_0866_car_D1_spd_3_mic_2_mic_1.wav,in_support,frequency_modulation,0.8572987914085388
ToyCarEmu/train/section_00_source_train_normal_0867_car_D1_spd_3_mic_2_mic_1.wav,in_support,periodic_resonance,0.9808585047721863
ToyCarEmu/train/section_00_source_train_normal_0868_car_D1_spd_3_mic_2_mic_1.wav,in_support,amplitude_modulation,0.8829723000526428
ToyCarEmu/train/section_00_source_train_normal_0869_car_D1_spd_3_mic_2_mic_1.wav,in_support,periodic_resonance,0.7959436774253845
ToyCarEmu/train/section_00_source_train_normal_0870_car_D1_spd_3_mic_2_mic_1.wav,in_support,amplitude_modulation,0.8360710144042969
ToyCarEmu/train/section_00_source_train_normal_0871_car_D1_spd_3_mic_2_mic_1.wav,in_support,frequency_modulation,0.9067310690879822
ToyCarEmu/train/section_00_source_train_normal_0872_car_D1_spd_3_mic_2_mic_1.wav,in_support,amplitude_modulation,0.9015374183654785
ToyCarEmu/train/section_00_source_train_normal_0873_car_D1_spd_3_mic_2_mic_1.wav,in_support,frequency_modulation,0.5955955386161804
ToyCarEmu/train/section_00_source_train_normal_0874_car_D1_spd_3_mic_2_mic_1.wav,in_support,amplitude_modulation,0.9204080104827881
ToyCarEmu/train/section_00_source_train_normal_0875_car_D1_spd_5_mic_2_mic_1.wav,in_support,amplitude_modulation,0.698366105556488
ToyCarEmu/train/section_00_source_train_normal_0876_car_D1_spd_5_mic_2_mic_1.wav,in_support,frequency_modulation,0.7691400051116943
ToyCarEmu/train/section_00_source_train_normal_0877_car_D1_spd_5_mic_2_mic_1.wav,in_support,frequency_modulation,0.8746365904808044
ToyCarEmu/train/section_00_source_train_normal_0878_car_D1_spd_5_mic_2_mic_1.wav,in_support,frequency_modulation,0.9421018362045288
ToyCarEmu/train/section_00_source_train_normal_0879_car_D1_spd_5_mic_2_mic_1.wav,in_support,amplitude_modulation,0.7225933074951172
ToyCarEmu/train/section_00_source_train_normal_0880_car_D1_spd_5_mic_2_mic_1.wav,in_support,periodic_resonance,0.9855105876922607
ToyCarEmu/train/section_00_source_train_normal_0881_car_D1_spd_5_mic_2_mic_1.wav,in_support,frequency_modulation,0.8910408020019531
ToyCarEmu/train/section_00_source_train_normal_0882_car_D1_spd_5_mic_2_mic_1.wav,in_support,frequency_modulation,0.963727593421936
ToyCarEmu/train/section_00_source_train_normal_0883_car_D1_spd_5_mic_2_mic_1.wav,in_support,frequency_modulation,0.6687406897544861
ToyCarEmu/train/section_00_source_train_normal_0884_car_D1_spd_5_mic_2_mic_1.wav,in_support,frequency_modulation,0.944646418094635
ToyCarEmu/train/section_00_source_train_normal_0885_car_D1_spd_5_mic_2_mic_1.wav,in_support,periodic_resonance,0.9485191702842712
ToyCarEmu/train/section_00_source_train_normal_0886_car_D1_spd_5_mic_2_mic_1.wav,in_support,frequency_modulation,0.6538700461387634
ToyCarEmu/train/section_00_source_train_normal_0887_car_D1_spd_5_mic_2_mic_1.wav,in_support,amplitude_modulation,0.8733653426170349
ToyCarEmu/train/section_00_source_train_normal_0888_car_D1_spd_5_mic_2_mic_1.wav,in_support,periodic_resonance,0.9804806113243103
ToyCarEmu/train/section_00_source_train_normal_0889_car_D1_spd_5_mic_2_mic_1.wav,in_support,amplitude_modulation,0.5069398283958435
ToyCarEmu/train/section_00_source_train_normal_0890_car_D1_spd_5_mic_2_mic_1.wav,in_support,periodic_resonance,0.2016097754240036
ToyCarEmu/train/section_00_source_train_normal_0891_car_D1_spd_5_mic_2_mic_1.wav,in_support,amplitude_modulation,0.7719171643257141
ToyCarEmu/train/section_00_source_train_normal_0892_car_D1_spd_5_mic_2_mic_1.wav,in_support,amplitude_modulation,0.8262804746627808
ToyCarEmu/train/section_00_source_train_normal_0893_car_D1_spd_5_mic_2_mic_1.wav,in_support,frequency_modulation,0.7388724684715271
ToyCarEmu/train/section_00_source_train_normal_0894_car_D1_spd_5_mic_2_mic_1.wav,in_support,amplitude_modulation,0.832398533821106
ToyCarEmu/train/section_00_source_train_normal_0895_car_D2_spd_5_mic_2_mic_1.wav,in_support,periodic_resonance,0.5858825445175171
ToyCarEmu/train/section_00_source_train_normal_0896_car_D2_spd_5_mic_2_mic_1.wav,in_support,amplitude_modulation,0.6372678279876709
ToyCarEmu/train/section_00_source_train_normal_0897_car_D2_spd_5_mic_2_mic_1.wav,in_support,periodic_resonance,0.977257490158081
ToyCarEmu/train/section_00_source_train_normal_0898_car_D2_spd_5_mic_2_mic_1.wav,in_support,frequency_modulation,0.8352740406990051
ToyCarEmu/train/section_00_source_train_normal_0899_car_D2_spd_5_mic_2_mic_1.wav,in_support,amplitude_modulation,0.8843553066253662
ToyCarEmu/train/section_00_source_train_normal_0900_car_D2_spd_5_mic_2_mic_1.wav,in_support,periodic_resonance,0.48807260394096375
ToyCarEmu/train/section_00_source_train_normal_0901_car_D2_spd_5_mic_2_mic_1.wav,in_support,periodic_resonance,0.9168230295181274
ToyCarEmu/train/section_00_source_train_normal_0902_car_D2_spd_5_mic_2_mic_1.wav,in_support,amplitude_modulation,0.8660803437232971
ToyCarEmu/train/section_00_source_train_normal_0903_car_D2_spd_5_mic_2_mic_1.wav,in_support,periodic_resonance,0.4355531334877014
ToyCarEmu/train/section_00_source_train_normal_0904_car_D2_spd_5_mic_2_mic_1.wav,in_support,frequency_modulation,0.9859383702278137
ToyCarEmu/train/section_00_source_train_normal_0905_car_D2_spd_5_mic_2_mic_1.wav,in_support,amplitude_modulation,0.815004289150238
ToyCarEmu/train/section_00_source_train_normal_0906_car_D2_spd_5_mic_2_mic_1.wav,in_support,frequency_modulation,0.8869306445121765
ToyCarEmu/train/section_00_source_train_normal_0907_car_D2_spd_5_mic_2_mic_1.wav,in_support,amplitude_modulation,0.5772671103477478
ToyCarEmu/train/section_00_source_train_normal_0908_car_D2_spd_5_mic_2_mic_1.wav,in_support,periodic_resonance,0.9775671362876892
ToyCarEmu/train/section_00_source_train_normal_0909_car_D2_spd_5_mic_2_mic_1.wav,in_support,periodic_resonance,0.9894610047340393
ToyCarEmu/train/section_00_source_train_normal_0910_car_D2_spd_5_mic_2_mic_1.wav,in_support,frequency_modulation,0.7923471927642822
ToyCarEmu/train/section_00_source_train_normal_0911_car_D2_spd_5_mic_2_mic_1.wav,in_support,amplitude_modulation,0.8179354071617126
ToyCarEmu/train/section_00_source_train_normal_0912_car_D2_spd_5_mic_2_mic_1.wav,in_support,frequency_modulation,0.7891648411750793
ToyCarEmu/train/section_00_source_train_normal_0913_car_D2_spd_5_mic_2_mic_1.wav,in_support,frequency_modulation,0.9066336154937744
ToyCarEmu/train/section_00_source_train_normal_0914_car_D2_spd_5_mic_2_mic_1.wav,in_support,periodic_resonance,0.8970456123352051
ToyCarEmu/train/section_00_source_train_normal_0915_car_D2_spd_5_mic_2_mic_1.wav,in_support,amplitude_modulation,0.8800639510154724
ToyCarEmu/train/section_00_source_train_normal_0916_car_D1_spd_5_mic_2_mic_1.wav,in_support,periodic_resonance,0.1497558206319809
ToyCarEmu/train/section_00_source_train_normal_0917_car_D1_spd_5_mic_2_mic_1.wav,in_support,amplitude_modulation,0.843736469745636
ToyCarEmu/train/section_00_source_train_normal_0918_car_D1_spd_5_mic_2_mic_1.wav,in_support,frequency_modulation,0.7753569483757019
ToyCarEmu/train/section_00_source_train_normal_0919_car_D1_spd_5_mic_2_mic_1.wav,in_support,amplitude_modulation,0.6766435503959656
ToyCarEmu/train/section_00_source_train_normal_0920_car_D1_spd_5_mic_2_mic_1.wav,in_support,frequency_modulation,0.9150282740592957
ToyCarEmu/train/section_00_source_train_normal_0921_car_D1_spd_5_mic_2_mic_1.wav,in_support,periodic_resonance,0.42365384101867676
ToyCarEmu/train/section_00_source_train_normal_0922_car_D1_spd_5_mic_2_mic_1.wav,in_support,periodic_resonance,0.746860146522522
ToyCarEmu/train/section_00_source_train_normal_0923_car_D1_spd_5_mic_2_mic_1.wav,in_support,amplitude_modulation,0.8986092209815979
ToyCarEmu/train/section_00_source_train_normal_0924_car_D1_spd_5_mic_2_mic_1.wav,in_support,frequency_modulation,0.9126524925231934
ToyCarEmu/train/section_00_source_train_normal_0925_car_D1_spd_5_mic_2_mic_1.wav,in_support,amplitude_modulation,0.9034954905509949
ToyCarEmu/train/section_00_source_train_normal_0926_car_D1_spd_5_mic_2_mic_1.wav,in_support,periodic_resonance,0.9394531846046448
ToyCarEmu/train/section_00_source_train_normal_0927_car_D1_spd_5_mic_2_mic_1.wav,in_support,periodic_resonance,0.8619673252105713
ToyCarEmu/train/section_00_source_train_normal_0928_car_D1_spd_5_mic_2_mic_1.wav,in_support,periodic_resonance,0.9748120307922363
ToyCarEmu/train/section_00_source_train_normal_0929_car_D1_spd_5_mic_2_mic_1.wav,in_support,amplitude_modulation,0.8772117495536804
ToyCarEmu/train/section_00_source_train_normal_0930_car_D1_spd_5_mic_2_mic_1.wav,in_support,frequency_modulation,0.8704410791397095
ToyCarEmu/train/section_00_source_train_normal_0931_car_D1_spd_5_mic_2_mic_1.wav,in_support,periodic_resonance,0.9295990467071533
ToyCarEmu/train/section_00_source_train_normal_0932_car_D1_spd_5_mic_2_mic_1.wav,in_support,periodic_resonance,0.6857365965843201
ToyCarEmu/train/section_00_source_train_normal_0933_car_D1_spd_5_mic_2_mic_1.wav,in_support,amplitude_modulation,0.8133984804153442
ToyCarEmu/train/section_00_source_train_normal_0934_car_D1_spd_5_mic_2_mic_1.wav,in_support,frequency_modulation,0.8965290784835815
ToyCarEmu/train/section_00_source_train_normal_0935_car_D1_spd_5_mic_2_mic_1.wav,in_support,periodic_resonance,0.9743841290473938
ToyCarEmu/train/section_00_source_train_normal_0936_car_D1_spd_5_mic_2_mic_1.wav,in_support,periodic_resonance,0.8137732744216919
ToyCarEmu/train/section_00_source_train_normal_0937_car_D1_spd_5_mic_2_mic_1.wav,in_support,frequency_modulation,0.857848048210144
ToyCarEmu/train/section_00_source_train_normal_0938_car_D1_spd_5_mic_2_mic_1.wav,in_support,amplitude_modulation,0.7775671482086182
ToyCarEmu/train/section_00_source_train_normal_0939_car_D1_spd_5_mic_2_mic_1.wav,in_support,periodic_resonance,0.6496798396110535
ToyCarEmu/train/section_00_source_train_normal_0940_car_D1_spd_5_mic_2_mic_1.wav,in_support,frequency_modulation,0.8359406590461731
ToyCarEmu/train/section_00_source_train_normal_0941_car_D1_spd_5_mic_2_mic_1.wav,in_support,periodic_resonance,0.8419837355613708
ToyCarEmu/train/section_00_source_train_normal_0942_car_D1_spd_5_mic_2_mic_1.wav,in_support,frequency_modulation,0.675803542137146
ToyCarEmu/train/section_00_source_train_normal_0943_car_D1_spd_5_mic_2_mic_1.wav,in_support,amplitude_modulation,0.8344159126281738
ToyCarEmu/train/section_00_source_train_normal_0944_car_D1_spd_5_mic_2_mic_1.wav,in_support,amplitude_modulation,0.7864255309104919
ToyCarEmu/train/section_00_source_train_normal_0945_car_D1_spd_5_mic_2_mic_1.wav,in_support,amplitude_modulation,0.8738031983375549
ToyCarEmu/train/section_00_source_train_normal_0946_car_D1_spd_5_mic_2_mic_1.wav,in_support,periodic_resonance,0.707294225692749
ToyCarEmu/train/section_00_source_train_normal_0947_car_D1_spd_5_mic_2_mic_1.wav,in_support,periodic_resonance,0.9881697297096252
ToyCarEmu/train/section_00_source_train_normal_0948_car_D1_spd_5_mic_2_mic_1.wav,in_support,frequency_modulation,0.8911185264587402
ToyCarEmu/train/section_00_source_train_normal_0949_car_D1_spd_5_mic_2_mic_1.wav,in_support,frequency_modulation,0.8970064520835876
ToyCarEmu/train/section_00_source_train_normal_0950_car_D1_spd_5_mic_2_mic_1.wav,in_support,frequency_modulation,0.8073420524597168
ToyCarEmu/train/section_00_source_train_normal_0951_car_D1_spd_5_mic_2_mic_1.wav,in_support,amplitude_modulation,0.9379975199699402
ToyCarEmu/train/section_00_source_train_normal_0952_car_D1_spd_5_mic_2_mic_1.wav,in_support,amplitude_modulation,0.5618409514427185
ToyCarEmu/train/section_00_source_train_normal_0953_car_D1_spd_5_mic_2_mic_1.wav,in_support,frequency_modulation,0.7894293069839478
ToyCarEmu/train/section_00_source_train_normal_0954_car_D1_spd_5_mic_2_mic_1.wav,in_support,frequency_modulation,0.9087417721748352
ToyCarEmu/train/section_00_source_train_normal_0955_car_D1_spd_5_mic_2_mic_1.wav,in_support,periodic_resonance,0.960213840007782
ToyCarEmu/train/section_00_source_train_normal_0956_car_D1_spd_5_mic_2_mic_1.wav,in_support,frequency_modulation,0.7277767658233643
ToyCarEmu/train/section_00_source_train_normal_0957_car_D1_spd_5_mic_2_mic_1.wav,in_support,frequency_modulation,0.8869918584823608
ToyCarEmu/train/section_00_source_train_normal_0958_car_D1_spd_5_mic_2_mic_1.wav,in_support,periodic_resonance,0.9859389066696167
ToyCarEmu/train/section_00_source_train_normal_0959_car_D1_spd_5_mic_2_mic_1.wav,in_support,amplitude_modulation,0.8195180892944336
ToyCarEmu/train/section_00_source_train_normal_0960_car_D1_spd_5_mic_2_mic_1.wav,in_support,periodic_resonance,0.9762903451919556
ToyCarEmu/train/section_00_source_train_normal_0961_car_D1_spd_5_mic_2_mic_1.wav,in_support,periodic_resonance,0.9739376306533813
ToyCarEmu/train/section_00_source_train_normal_0962_car_D1_spd_5_mic_2_mic_1.wav,in_support,amplitude_modulation,0.811694324016571
ToyCarEmu/train/section_00_source_train_normal_0963_car_D1_spd_5_mic_2_mic_1.wav,in_support,frequency_modulation,0.9241856932640076
ToyCarEmu/train/section_00_source_train_normal_0964_car_D1_spd_5_mic_2_mic_1.wav,in_support,frequency_modulation,0.912079930305481
ToyCarEmu/train/section_00_source_train_normal_0965_car_D1_spd_5_mic_2_mic_1.wav,in_support,periodic_resonance,0.9595906734466553
ToyCarEmu/train/section_00_source_train_normal_0966_car_D2_spd_5_mic_2_mic_1.wav,in_support,amplitude_modulation,0.9150773882865906
ToyCarEmu/train/section_00_source_train_normal_0967_car_D2_spd_5_mic_2_mic_1.wav,in_support,periodic_resonance,0.7253608703613281
ToyCarEmu/train/section_00_source_train_normal_0968_car_D2_spd_5_mic_2_mic_1.wav,in_support,periodic_resonance,0.9743506908416748
ToyCarEmu/train/section_00_source_train_normal_0969_car_D2_spd_5_mic_2_mic_1.wav,in_support,amplitude_modulation,0.716981828212738
ToyCarEmu/train/section_00_source_train_normal_0970_car_D2_spd_5_mic_2_mic_1.wav,in_support,frequency_modulation,0.9089993238449097
ToyCarEmu/train/section_00_source_train_normal_0971_car_D2_spd_5_mic_2_mic_1.wav,in_support,periodic_resonance,0.7912378907203674
ToyCarEmu/train/section_00_source_train_normal_0972_car_D2_spd_5_mic_2_mic_1.wav,in_support,amplitude_modulation,0.7818944454193115
ToyCarEmu/train/section_00_source_train_normal_0973_car_D2_spd_5_mic_2_mic_1.wav,in_support,amplitude_modulation,0.8751130700111389
ToyCarEmu/train/section_00_source_train_normal_0974_car_D2_spd_5_mic_2_mic_1.wav,in_support,frequency_modulation,0.8536590337753296
ToyCarEmu/train/section_00_source_train_normal_0975_car_D2_spd_5_mic_2_mic_1.wav,in_support,frequency_modulation,0.840924084186554
ToyCarEmu/train/section_00_source_train_normal_0976_car_D2_spd_5_mic_2_mic_1.wav,in_support,frequency_modulation,0.7861728072166443
ToyCarEmu/train/section_00_source_train_normal_0977_car_D2_spd_5_mic_2_mic_1.wav,in_support,periodic_resonance,0.9798051714897156
ToyCarEmu/train/section_00_source_train_normal_0978_car_D2_spd_5_mic_2_mic_1.wav,in_support,periodic_resonance,0.9805952906608582
ToyCarEmu/train/section_00_source_train_normal_0979_car_D2_spd_5_mic_2_mic_1.wav,in_support,amplitude_modulation,0.783334493637085
ToyCarEmu/train/section_00_source_train_normal_0980_car_D2_spd_5_mic_2_mic_1.wav,in_support,frequency_modulation,0.8908050060272217
ToyCarEmu/train/section_00_source_train_normal_0981_car_D2_spd_5_mic_2_mic_1.wav,in_support,periodic_resonance,0.2663441598415375
ToyCarEmu/train/section_00_source_train_normal_0982_car_D2_spd_5_mic_2_mic_1.wav,in_support,periodic_resonance,0.9859907627105713
ToyCarEmu/train/section_00_source_train_normal_0983_car_D2_spd_5_mic_2_mic_1.wav,in_support,frequency_modulation,0.7354266047477722
ToyCarEmu/train/section_00_source_train_normal_0984_car_D2_spd_5_mic_2_mic_1.wav,in_support,amplitude_modulation,0.8756625652313232
ToyCarEmu/train/section_00_source_train_normal_0985_car_D2_spd_5_mic_2_mic_1.wav,in_support,amplitude_modulation,0.7280060052871704
ToyCarEmu/train/section_00_source_train_normal_0986_car_D2_spd_5_mic_2_mic_1.wav,in_support,amplitude_modulation,0.9196460247039795
ToyCarEmu/train/section_00_source_train_normal_0987_car_D2_spd_5_mic_2_mic_1.wav,in_support,periodic_resonance,0.961290180683136
ToyCarEmu/train/section_00_source_train_normal_0988_car_D2_spd_5_mic_2_mic_1.wav,in_support,amplitude_modulation,0.9064900875091553
ToyCarEmu/train/section_00_source_train_normal_0989_car_D2_spd_5_mic_2_mic_1.wav,in_support,periodic_resonance,0.873313307762146
ToyCarEmu/train/section_00_target_train_normal_0000_car_A1_spd_4_mic_2_mic_1.wav,in_support,frequency_modulation,0.9061646461486816
ToyCarEmu/train/section_00_target_train_normal_0001_car_A1_spd_1_mic_2_mic_1.wav,in_support,frequency_modulation,0.9344614148139954
ToyCarEmu/train/section_00_target_train_normal_0002_car_A1_spd_1_mic_2_mic_1.wav,in_support,periodic_resonance,0.33571523427963257
ToyCarEmu/train/section_00_target_train_normal_0003_car_A2_spd_1_mic_2_mic_1.wav,in_support,amplitude_modulation,0.4785006046295166
ToyCarEmu/train/section_00_target_train_normal_0004_car_A2_spd_1_mic_2_mic_1.wav,in_support,amplitude_modulation,0.8549145460128784
ToyCarEmu/train/section_00_target_train_normal_0005_car_A1_spd_1_mic_2_mic_1.wav,in_support,frequency_modulation,0.8991450071334839
ToyCarEmu/train/section_00_target_train_normal_0006_car_A2_spd_1_mic_2_mic_1.wav,in_support,periodic_resonance,0.9777318835258484
ToyCarEmu/train/section_00_target_train_normal_0007_car_A2_spd_4_mic_2_mic_1.wav,in_support,frequency_modulation,0.9334180355072021
ToyCarEmu/train/section_00_target_train_normal_0008_car_A1_spd_4_mic_2_mic_1.wav,in_support,periodic_resonance,0.9046822190284729
ToyCarEmu/train/section_00_target_train_normal_0009_car_A2_spd_4_mic_2_mic_1.wav,in_support,amplitude_modulation,0.7153716683387756
bearingEmu/train/section_00_source_train_normal_0000_noAttribute.wav,in_support,frequency_modulation,0.7735260128974915
bearingEmu/train/section_00_source_train_normal_0001_noAttribute.wav,in_support,frequency_modulation,0.5852994322776794
bearingEmu/train/section_00_source_train_normal_0002_noAttribute.wav,in_support,frequency_modulation,0.442410409450531
bearingEmu/train/section_00_source_train_normal_0003_noAttribute.wav,in_support,frequency_modulation,0.13074639439582825
bearingEmu/train/section_00_source_train_normal_0004_noAttribute.wav,in_support,frequency_modulation,0.08243079483509064
bearingEmu/train/section_00_source_train_normal_0005_noAttribute.wav,in_support,frequency_modulation,0.9168611764907837
bearingEmu/train/section_00_source_train_normal_0006_noAttribute.wav,in_support,periodic_resonance,0.9269832968711853
bearingEmu/train/section_00_source_train_normal_0007_noAttribute.wav,in_support,amplitude_modulation,0.19606465101242065
bearingEmu/train/section_00_source_train_normal_0008_noAttribute.wav,in_support,frequency_modulation,0.8523569703102112
bearingEmu/train/section_00_source_train_normal_0009_noAttribute.wav,in_support,frequency_modulation,0.7817499041557312
bearingEmu/train/section_00_source_train_normal_0010_noAttribute.wav,in_support,frequency_modulation,0.22650545835494995
bearingEmu/train/section_00_source_train_normal_0011_noAttribute.wav,in_support,periodic_resonance,0.9470686912536621
bearingEmu/train/section_00_source_train_normal_0012_noAttribute.wav,in_support,periodic_resonance,0.8017385601997375
bearingEmu/train/section_00_source_train_normal_0013_noAttribute.wav,in_support,frequency_modulation,0.5389156937599182
bearingEmu/train/section_00_source_train_normal_0014_noAttribute.wav,in_support,frequency_modulation,0.6601554751396179
bearingEmu/train/section_00_source_train_normal_0015_noAttribute.wav,in_support,periodic_resonance,0.9374299645423889
bearingEmu/train/section_00_source_train_normal_0016_noAttribute.wav,in_support,frequency_modulation,0.44750359654426575
bearingEmu/train/section_00_source_train_normal_0017_noAttribute.wav,in_support,periodic_resonance,0.9365262389183044
bearingEmu/train/section_00_source_train_normal_0018_noAttribute.wav,in_support,amplitude_modulation,0.5776875615119934
bearingEmu/train/section_00_source_train_normal_0019_noAttribute.wav,in_support,periodic_resonance,0.9732959866523743
bearingEmu/train/section_00_source_train_normal_0020_noAttribute.wav,in_support,amplitude_modulation,0.7189063429832458
bearingEmu/train/section_00_source_train_normal_0021_noAttribute.wav,in_support,frequency_modulation,0.05194288119673729
bearingEmu/train/section_00_source_train_normal_0022_noAttribute.wav,in_support,amplitude_modulation,0.4224071502685547
bearingEmu/train/section_00_source_train_normal_0023_noAttribute.wav,in_support,amplitude_modulation,0.7733408808708191
bearingEmu/train/section_00_source_train_normal_0024_noAttribute.wav,in_support,periodic_resonance,0.5074568390846252
bearingEmu/train/section_00_source_train_normal_0025_noAttribute.wav,in_support,frequency_modulation,0.31623831391334534
bearingEmu/train/section_00_source_train_normal_0026_noAttribute.wav,in_support,amplitude_modulation,0.12839588522911072
bearingEmu/train/section_00_source_train_normal_0027_noAttribute.wav,in_support,frequency_modulation,0.8907880783081055
bearingEmu/train/section_00_source_train_normal_0028_noAttribute.wav,in_support,amplitude_modulation,0.8737987279891968
bearingEmu/train/section_00_source_train_normal_0029_noAttribute.wav,in_support,frequency_modulation,0.6592745184898376
bearingEmu/train/section_00_source_train_normal_0030_noAttribute.wav,in_support,periodic_resonance,0.22664619982242584
bearingEmu/train/section_00_source_train_normal_0031_noAttribute.wav,in_support,frequency_modulation,0.6386052370071411
bearingEmu/train/section_00_source_train_normal_0032_noAttribute.wav,in_support,periodic_resonance,0.18588240444660187
bearingEmu/train/section_00_source_train_normal_0033_noAttribute.wav,in_support,frequency_modulation,0.300735205411911
bearingEmu/train/section_00_source_train_normal_0034_noAttribute.wav,in_support,periodic_resonance,0.16370612382888794
bearingEmu/train/section_00_source_train_normal_0035_noAttribute.wav,in_support,amplitude_modulation,0.5168179273605347
bearingEmu/train/section_00_source_train_normal_0036_noAttribute.wav,in_support,frequency_modulation,0.7003647685050964
bearingEmu/train/section_00_source_train_normal_0037_noAttribute.wav,in_support,amplitude_modulation,0.8267703056335449
bearingEmu/train/section_00_source_train_normal_0038_noAttribute.wav,in_support,amplitude_modulation,0.41783881187438965
bearingEmu/train/section_00_source_train_normal_0039_noAttribute.wav,in_support,frequency_modulation,0.44185033440589905
bearingEmu/train/section_00_source_train_normal_0040_noAttribute.wav,in_support,periodic_resonance,0.49325069785118103
bearingEmu/train/section_00_source_train_normal_0041_noAttribute.wav,in_support,frequency_modulation,0.29947954416275024
bearingEmu/train/section_00_source_train_normal_0042_noAttribute.wav,in_support,periodic_resonance,0.34541410207748413
bearingEmu/train/section_00_source_train_normal_0043_noAttribute.wav,in_support,frequency_modulation,0.1884087771177292
bearingEmu/train/section_00_source_train_normal_0044_noAttribute.wav,in_support,frequency_modulation,0.2017517387866974
bearingEmu/train/section_00_source_train_normal_0045_noAttribute.wav,in_support,periodic_resonance,0.9153555631637573
bearingEmu/train/section_00_source_train_normal_0046_noAttribute.wav,in_support,amplitude_modulation,0.22950516641139984
bearingEmu/train/section_00_source_train_normal_0047_noAttribute.wav,in_support,amplitude_modulation,0.4324491322040558
bearingEmu/train/section_00_source_train_normal_0048_noAttribute.wav,in_support,frequency_modulation,0.13896624743938446
bearingEmu/train/section_00_source_train_normal_0049_noAttribute.wav,in_support,amplitude_modulation,0.03565844148397446
bearingEmu/train/section_00_source_train_normal_0050_noAttribute.wav,in_support,periodic_resonance,0.7310003042221069
bearingEmu/train/section_00_source_train_normal_0051_noAttribute.wav,in_support,amplitude_modulation,0.7867994904518127
bearingEmu/train/section_00_source_train_normal_0052_noAttribute.wav,in_support,periodic_resonance,0.26377514004707336
bearingEmu/train/section_00_source_train_normal_0053_noAttribute.wav,in_support,frequency_modulation,0.9871340394020081
bearingEmu/train/section_00_source_train_normal_0054_noAttribute.wav,in_support,amplitude_modulation,0.9215992093086243
bearingEmu/train/section_00_source_train_normal_0055_noAttribute.wav,in_support,frequency_modulation,0.47535502910614014
bearingEmu/train/section_00_source_train_normal_0056_noAttribute.wav,in_support,periodic_resonance,0.2508118450641632
bearingEmu/train/section_00_source_train_normal_0057_noAttribute.wav,in_support,frequency_modulation,0.9733201265335083
bearingEmu/train/section_00_source_train_normal_0058_noAttribute.wav,in_support,periodic_resonance,0.6560041308403015
bearingEmu/train/section_00_source_train_normal_0059_noAttribute.wav,in_support,periodic_resonance,0.8772176504135132
bearingEmu/train/section_00_source_train_normal_0060_noAttribute.wav,in_support,amplitude_modulation,0.15144853293895721
bearingEmu/train/section_00_source_train_normal_0061_noAttribute.wav,in_support,amplitude_modulation,0.3257451057434082
bearingEmu/train/section_00_source_train_normal_0062_noAttribute.wav,in_support,periodic_resonance,0.8794487118721008
bearingEmu/train/section_00_source_train_normal_0063_noAttribute.wav,in_support,periodic_resonance,0.5667162537574768
bearingEmu/train/section_00_source_train_normal_0064_noAttribute.wav,in_support,frequency_modulation,0.5503788590431213
bearingEmu/train/section_00_source_train_normal_0065_noAttribute.wav,in_support,amplitude_modulation,0.8727147579193115
bearingEmu/train/section_00_source_train_normal_0066_noAttribute.wav,in_support,periodic_resonance,0.610155463218689
bearingEmu/train/section_00_source_train_normal_0067_noAttribute.wav,in_support,frequency_modulation,0.696906566619873
bearingEmu/train/section_00_source_train_normal_0068_noAttribute.wav,in_support,amplitude_modulation,0.5257315635681152
bearingEmu/train/section_00_source_train_normal_0069_noAttribute.wav,in_support,amplitude_modulation,0.06602638959884644
bearingEmu/train/section_00_source_train_normal_0070_noAttribute.wav,in_support,periodic_resonance,0.3686993420124054
bearingEmu/train/section_00_source_train_normal_0071_noAttribute.wav,in_support,frequency_modulation,0.6898950934410095
bearingEmu/train/section_00_source_train_normal_0072_noAttribute.wav,in_support,amplitude_modulation,0.8183419108390808
bearingEmu/train/section_00_source_train_normal_0073_noAttribute.wav,in_support,amplitude_modulation,0.050206467509269714
bearingEmu/train/section_00_source_train_normal_0074_noAttribute.wav,in_support,frequency_modulation,0.05679621174931526
bearingEmu/train/section_00_source_train_normal_0075_noAttribute.wav,in_support,frequency_modulation,0.7869911193847656
bearingEmu/train/section_00_source_train_normal_0076_noAttribute.wav,in_support,amplitude_modulation,0.9354335069656372
bearingEmu/train/section_00_source_train_normal_0077_noAttribute.wav,in_support,amplitude_modulation,0.09735775738954544
bearingEmu/train/section_00_source_train_normal_0078_noAttribute.wav,in_support,amplitude_modulation,0.8575342893600464
bearingEmu/train/section_00_source_train_normal_0079_noAttribute.wav,in_support,periodic_resonance,0.8453870415687561
bearingEmu/train/section_00_source_train_normal_0080_noAttribute.wav,in_support,frequency_modulation,0.4337153732776642
bearingEmu/train/section_00_source_train_normal_0081_noAttribute.wav,in_support,periodic_resonance,0.9541619420051575
bearingEmu/train/section_00_source_train_normal_0082_noAttribute.wav,in_support,frequency_modulation,0.2657446563243866
bearingEmu/train/section_00_source_train_normal_0083_noAttribute.wav,in_support,periodic_resonance,0.4038887619972229
bearingEmu/train/section_00_source_train_normal_0084_noAttribute.wav,in_support,frequency_modulation,0.7514655590057373
bearingEmu/train/section_00_source_train_normal_0085_noAttribute.wav,in_support,amplitude_modulation,0.33676496148109436
bearingEmu/train/section_00_source_train_normal_0086_noAttribute.wav,in_support,amplitude_modulation,0.5454970002174377
bearingEmu/train/section_00_source_train_normal_0087_noAttribute.wav,in_support,amplitude_modulation,0.45477986335754395
bearingEmu/train/section_00_source_train_normal_0088_noAttribute.wav,in_support,frequency_modulation,0.768917441368103
bearingEmu/train/section_00_source_train_normal_0089_noAttribute.wav,in_support,amplitude_modulation,0.4519508183002472
bearingEmu/train/section_00_source_train_normal_0090_noAttribute.wav,in_support,amplitude_modulation,0.8444979190826416
bearingEmu/train/section_00_source_train_normal_0091_noAttribute.wav,in_support,frequency_modulation,0.3528989553451538
bearingEmu/train/section_00_source_train_normal_0092_noAttribute.wav,in_support,frequency_modulation,0.7241359949111938
bearingEmu/train/section_00_source_train_normal_0093_noAttribute.wav,in_support,amplitude_modulation,0.8795587420463562
bearingEmu/train/section_00_source_train_normal_0094_noAttribute.wav,in_support,amplitude_modulation,0.5496042370796204
bearingEmu/train/section_00_source_train_normal_0095_noAttribute.wav,in_support,periodic_resonance,0.927104651927948
bearingEmu/train/section_00_source_train_normal_0096_noAttribute.wav,in_support,periodic_resonance,0.7102559208869934
bearingEmu/train/section_00_source_train_normal_0097_noAttribute.wav,in_support,periodic_resonance,0.8391984701156616
bearingEmu/train/section_00_source_train_normal_0098_noAttribute.wav,in_support,amplitude_modulation,0.7191566824913025
bearingEmu/train/section_00_source_train_normal_0099_noAttribute.wav,in_support,frequency_modulation,0.629127562046051
bearingEmu/train/section_00_source_train_normal_0100_noAttribute.wav,in_support,periodic_resonance,0.3747597634792328
bearingEmu/train/section_00_source_train_normal_0101_noAttribute.wav,in_support,frequency_modulation,0.10393394529819489
bearingEmu/train/section_00_source_train_normal_0102_noAttribute.wav,in_support,frequency_modulation,0.9096371531486511
bearingEmu/train/section_00_source_train_normal_0103_noAttribute.wav,in_support,amplitude_modulation,0.1354551762342453
bearingEmu/train/section_00_source_train_normal_0104_noAttribute.wav,in_support,amplitude_modulation,0.4190349876880646
bearingEmu/train/section_00_source_train_normal_0105_noAttribute.wav,in_support,amplitude_modulation,0.12222012132406235
bearingEmu/train/section_00_source_train_normal_0106_noAttribute.wav,in_support,amplitude_modulation,0.07684431970119476
bearingEmu/train/section_00_source_train_normal_0107_noAttribute.wav,in_support,periodic_resonance,0.20113234221935272
bearingEmu/train/section_00_source_train_normal_0108_noAttribute.wav,in_support,amplitude_modulation,0.2692425549030304
bearingEmu/train/section_00_source_train_normal_0109_noAttribute.wav,in_support,amplitude_modulation,0.888364315032959
bearingEmu/train/section_00_source_train_normal_0110_noAttribute.wav,in_support,periodic_resonance,0.41112956404685974
bearingEmu/train/section_00_source_train_normal_0111_noAttribute.wav,in_support,amplitude_modulation,0.836245059967041
bearingEmu/train/section_00_source_train_normal_0112_noAttribute.wav,in_support,frequency_modulation,0.8906654715538025
bearingEmu/train/section_00_source_train_normal_0113_noAttribute.wav,in_support,frequency_modulation,0.586556613445282
bearingEmu/train/section_00_source_train_normal_0114_noAttribute.wav,in_support,frequency_modulation,0.3361845910549164
bearingEmu/train/section_00_source_train_normal_0115_noAttribute.wav,in_support,periodic_resonance,0.49868905544281006
bearingEmu/train/section_00_source_train_normal_0116_noAttribute.wav,in_support,amplitude_modulation,0.8879960179328918
bearingEmu/train/section_00_source_train_normal_0117_noAttribute.wav,in_support,periodic_resonance,0.23036964237689972
bearingEmu/train/section_00_source_train_normal_0118_noAttribute.wav,in_support,amplitude_modulation,0.5048108696937561
bearingEmu/train/section_00_source_train_normal_0119_noAttribute.wav,in_support,frequency_modulation,0.6796402335166931
bearingEmu/train/section_00_source_train_normal_0120_noAttribute.wav,in_support,amplitude_modulation,0.8802945613861084
bearingEmu/train/section_00_source_train_normal_0121_noAttribute.wav,in_support,frequency_modulation,0.7036722302436829
bearingEmu/train/section_00_source_train_normal_0122_noAttribute.wav,in_support,amplitude_modulation,0.7353925108909607
bearingEmu/train/section_00_source_train_normal_0123_noAttribute.wav,in_support,periodic_resonance,0.6314924955368042
bearingEmu/train/section_00_source_train_normal_0124_noAttribute.wav,in_support,amplitude_modulation,0.8256840109825134
bearingEmu/train/section_00_source_train_normal_0125_noAttribute.wav,in_support,periodic_resonance,0.11140623688697815
bearingEmu/train/section_00_source_train_normal_0126_noAttribute.wav,in_support,frequency_modulation,0.8441309928894043
bearingEmu/train/section_00_source_train_normal_0127_noAttribute.wav,in_support,periodic_resonance,0.2087465226650238
bearingEmu/train/section_00_source_train_normal_0128_noAttribute.wav,in_support,amplitude_modulation,0.2547471821308136
bearingEmu/train/section_00_source_train_normal_0129_noAttribute.wav,in_support,periodic_resonance,0.5191745758056641
bearingEmu/train/section_00_source_train_normal_0130_noAttribute.wav,in_support,amplitude_modulation,0.9057272672653198
bearingEmu/train/section_00_source_train_normal_0131_noAttribute.wav,in_support,amplitude_modulation,0.5489109754562378
bearingEmu/train/section_00_source_train_normal_0132_noAttribute.wav,in_support,periodic_resonance,0.8656743168830872
bearingEmu/train/section_00_source_train_normal_0133_noAttribute.wav,in_support,frequency_modulation,0.7645633220672607
bearingEmu/train/section_00_source_train_normal_0134_noAttribute.wav,in_support,amplitude_modulation,0.5494793057441711
bearingEmu/train/section_00_source_train_normal_0135_noAttribute.wav,in_support,frequency_modulation,0.5343576669692993
bearingEmu/train/section_00_source_train_normal_0136_noAttribute.wav,in_support,amplitude_modulation,0.673245370388031
bearingEmu/train/section_00_source_train_normal_0137_noAttribute.wav,in_support,periodic_resonance,0.921342134475708
bearingEmu/train/section_00_source_train_normal_0138_noAttribute.wav,in_support,periodic_resonance,0.540194571018219
bearingEmu/train/section_00_source_train_normal_0139_noAttribute.wav,in_support,frequency_modulation,0.657900869846344
bearingEmu/train/section_00_source_train_normal_0140_noAttribute.wav,in_support,frequency_modulation,0.2120647132396698
bearingEmu/train/section_00_source_train_normal_0141_noAttribute.wav,in_support,frequency_modulation,0.27560222148895264
bearingEmu/train/section_00_source_train_normal_0142_noAttribute.wav,in_support,periodic_resonance,0.18679621815681458
bearingEmu/train/section_00_source_train_normal_0143_noAttribute.wav,in_support,frequency_modulation,0.11352292448282242
bearingEmu/train/section_00_source_train_normal_0144_noAttribute.wav,in_support,amplitude_modulation,0.5591114163398743
bearingEmu/train/section_00_source_train_normal_0145_noAttribute.wav,in_support,frequency_modulation,0.3834940791130066
bearingEmu/train/section_00_source_train_normal_0146_noAttribute.wav,in_support,amplitude_modulation,0.953916072845459
bearingEmu/train/section_00_source_train_normal_0147_noAttribute.wav,in_support,periodic_resonance,0.20422877371311188
bearingEmu/train/section_00_source_train_normal_0148_noAttribute.wav,in_support,frequency_modulation,0.38160964846611023
bearingEmu/train/section_00_source_train_normal_0149_noAttribute.wav,in_support,amplitude_modulation,0.5357213616371155
bearingEmu/train/section_00_source_train_normal_0150_noAttribute.wav,in_support,frequency_modulation,0.46010205149650574
bearingEmu/train/section_00_source_train_normal_0151_noAttribute.wav,in_support,amplitude_modulation,0.04387402534484863
bearingEmu/train/section_00_source_train_normal_0152_noAttribute.wav,in_support,periodic_resonance,0.6547693610191345
bearingEmu/train/section_00_source_train_normal_0153_noAttribute.wav,in_support,frequency_modulation,0.4796261191368103
bearingEmu/train/section_00_source_train_normal_0154_noAttribute.wav,in_support,amplitude_modulation,0.0922590047121048
bearingEmu/train/section_00_source_train_normal_0155_noAttribute.wav,in_support,amplitude_modulation,0.27772754430770874
bearingEmu/train/section_00_source_train_normal_0156_noAttribute.wav,in_support,amplitude_modulation,0.792918860912323
bearingEmu/train/section_00_source_train_normal_0157_noAttribute.wav,in_support,amplitude_modulation,0.45665252208709717
bearingEmu/train/section_00_source_train_normal_0158_noAttribute.wav,in_support,frequency_modulation,0.3194352388381958
bearingEmu/train/section_00_source_train_normal_0159_noAttribute.wav,in_support,periodic_resonance,0.3732820451259613
bearingEmu/train/section_00_source_train_normal_0160_noAttribute.wav,in_support,amplitude_modulation,0.6273545026779175
bearingEmu/train/section_00_source_train_normal_0161_noAttribute.wav,in_support,periodic_resonance,0.22489650547504425
bearingEmu/train/section_00_source_train_normal_0162_noAttribute.wav,in_support,frequency_modulation,0.6281049251556396
bearingEmu/train/section_00_source_train_normal_0163_noAttribute.wav,in_support,frequency_modulation,0.18512581288814545
bearingEmu/train/section_00_source_train_normal_0164_noAttribute.wav,in_support,periodic_resonance,0.9500072002410889
bearingEmu/train/section_00_source_train_normal_0165_noAttribute.wav,in_support,amplitude_modulation,0.7583058476448059
bearingEmu/train/section_00_source_train_normal_0166_noAttribute.wav,in_support,amplitude_modulation,0.8992946147918701
bearingEmu/train/section_00_source_train_normal_0167_noAttribute.wav,in_support,frequency_modulation,0.5859909057617188
bearingEmu/train/section_00_source_train_normal_0168_noAttribute.wav,in_support,amplitude_modulation,0.12180085480213165
bearingEmu/train/section_00_source_train_normal_0169_noAttribute.wav,in_support,amplitude_modulation,0.872232973575592
bearingEmu/train/section_00_source_train_normal_0170_noAttribute.wav,in_support,periodic_resonance,0.6575823426246643
bearingEmu/train/section_00_source_train_normal_0171_noAttribute.wav,in_support,amplitude_modulation,0.08177872747182846
bearingEmu/train/section_00_source_train_normal_0172_noAttribute.wav,in_support,frequency_modulation,0.6085125803947449
bearingEmu/train/section_00_source_train_normal_0173_noAttribute.wav,in_support,periodic_resonance,0.9608584046363831
bearingEmu/train/section_00_source_train_normal_0174_noAttribute.wav,in_support,periodic_resonance,0.36284661293029785
bearingEmu/train/section_00_source_train_normal_0175_noAttribute.wav,in_support,frequency_modulation,0.23600538074970245
bearingEmu/train/section_00_source_train_normal_0176_noAttribute.wav,in_support,periodic_resonance,0.40456655621528625
bearingEmu/train/section_00_source_train_normal_0177_noAttribute.wav,in_support,amplitude_modulation,0.3046833872795105
bearingEmu/train/section_00_source_train_normal_0178_noAttribute.wav,in_support,periodic_resonance,0.1210479587316513
bearingEmu/train/section_00_source_train_normal_0179_noAttribute.wav,in_support,periodic_resonance,0.62335205078125
bearingEmu/train/section_00_source_train_normal_0180_noAttribute.wav,in_support,amplitude_modulation,0.5395150184631348
bearingEmu/train/section_00_source_train_normal_0181_noAttribute.wav,in_support,frequency_modulation,0.1718086451292038
bearingEmu/train/section_00_source_train_normal_0182_noAttribute.wav,in_support,amplitude_modulation,0.5241045355796814
bearingEmu/train/section_00_source_train_normal_0183_noAttribute.wav,in_support,frequency_modulation,0.7393884062767029
bearingEmu/train/section_00_source_train_normal_0184_noAttribute.wav,in_support,amplitude_modulation,0.2424108237028122
bearingEmu/train/section_00_source_train_normal_0185_noAttribute.wav,in_support,periodic_resonance,0.5381776094436646
bearingEmu/train/section_00_source_train_normal_0186_noAttribute.wav,in_support,periodic_resonance,0.24005040526390076
bearingEmu/train/section_00_source_train_normal_0187_noAttribute.wav,in_support,amplitude_modulation,0.10306497663259506
bearingEmu/train/section_00_source_train_normal_0188_noAttribute.wav,in_support,periodic_resonance,0.7174501419067383
bearingEmu/train/section_00_source_train_normal_0189_noAttribute.wav,in_support,frequency_modulation,0.852474570274353
bearingEmu/train/section_00_source_train_normal_0190_noAttribute.wav,in_support,amplitude_modulation,0.7453565001487732
bearingEmu/train/section_00_source_train_normal_0191_noAttribute.wav,in_support,periodic_resonance,0.3657423257827759
bearingEmu/train/section_00_source_train_normal_0192_noAttribute.wav,in_support,amplitude_modulation,0.8286654353141785
bearingEmu/train/section_00_source_train_normal_0193_noAttribute.wav,in_support,amplitude_modulation,0.847917377948761
bearingEmu/train/section_00_source_train_normal_0194_noAttribute.wav,in_support,amplitude_modulation,0.18424288928508759
bearingEmu/train/section_00_source_train_normal_0195_noAttribute.wav,in_support,periodic_resonance,0.6281826496124268
bearingEmu/train/section_00_source_train_normal_0196_noAttribute.wav,in_support,periodic_resonance,0.20130226016044617
bearingEmu/train/section_00_source_train_normal_0197_noAttribute.wav,in_support,frequency_modulation,0.052505433559417725
bearingEmu/train/section_00_source_train_normal_0198_noAttribute.wav,in_support,frequency_modulation,0.747054934501648
bearingEmu/train/section_00_source_train_normal_0199_noAttribute.wav,in_support,amplitude_modulation,0.05583612248301506
bearingEmu/train/section_00_source_train_normal_0200_noAttribute.wav,in_support,periodic_resonance,0.889737606048584
bearingEmu/train/section_00_source_train_normal_0201_noAttribute.wav,in_support,amplitude_modulation,0.23532947897911072
bearingEmu/train/section_00_source_train_normal_0202_noAttribute.wav,in_support,frequency_modulation,0.5097616910934448
bearingEmu/train/section_00_source_train_normal_0203_noAttribute.wav,in_support,periodic_resonance,0.5239803791046143
bearingEmu/train/section_00_source_train_normal_0204_noAttribute.wav,in_support,periodic_resonance,0.636547327041626
bearingEmu/train/section_00_source_train_normal_0205_noAttribute.wav,in_support,frequency_modulation,0.19555415213108063
bearingEmu/train/section_00_source_train_normal_0206_noAttribute.wav,in_support,amplitude_modulation,0.4936240315437317
bearingEmu/train/section_00_source_train_normal_0207_noAttribute.wav,in_support,periodic_resonance,0.6397398710250854
bearingEmu/train/section_00_source_train_normal_0208_noAttribute.wav,in_support,amplitude_modulation,0.2624419331550598
bearingEmu/train/section_00_source_train_normal_0209_noAttribute.wav,in_support,frequency_modulation,0.33641159534454346
bearingEmu/train/section_00_source_train_normal_0210_noAttribute.wav,in_support,frequency_modulation,0.6821208000183105
bearingEmu/train/section_00_source_train_normal_0211_noAttribute.wav,in_support,periodic_resonance,0.8177918791770935
bearingEmu/train/section_00_source_train_normal_0212_noAttribute.wav,in_support,frequency_modulation,0.4216518998146057
bearingEmu/train/section_00_source_train_normal_0213_noAttribute.wav,in_support,frequency_modulation,0.7586814761161804
bearingEmu/train/section_00_source_train_normal_0214_noAttribute.wav,in_support,periodic_resonance,0.9791033864021301
bearingEmu/train/section_00_source_train_normal_0215_noAttribute.wav,in_support,frequency_modulation,0.0848204642534256
bearingEmu/train/section_00_source_train_normal_0216_noAttribute.wav,in_support,periodic_resonance,0.741218090057373
bearingEmu/train/section_00_source_train_normal_0217_noAttribute.wav,in_support,periodic_resonance,0.9775230884552002
bearingEmu/train/section_00_source_train_normal_0218_noAttribute.wav,in_support,periodic_resonance,0.947206974029541
bearingEmu/train/section_00_source_train_normal_0219_noAttribute.wav,in_support,periodic_resonance,0.9864306449890137
bearingEmu/train/section_00_source_train_normal_0220_noAttribute.wav,in_support,frequency_modulation,0.08455845713615417
bearingEmu/train/section_00_source_train_normal_0221_noAttribute.wav,in_support,amplitude_modulation,0.7936993837356567
bearingEmu/train/section_00_source_train_normal_0222_noAttribute.wav,in_support,amplitude_modulation,0.8391104936599731
bearingEmu/train/section_00_source_train_normal_0223_noAttribute.wav,in_support,frequency_modulation,0.14185388386249542
bearingEmu/train/section_00_source_train_normal_0224_noAttribute.wav,in_support,periodic_resonance,0.2615293264389038
bearingEmu/train/section_00_source_train_normal_0225_noAttribute.wav,in_support,amplitude_modulation,0.16336610913276672
bearingEmu/train/section_00_source_train_normal_0226_noAttribute.wav,in_support,amplitude_modulation,0.8477176427841187
bearingEmu/train/section_00_source_train_normal_0227_noAttribute.wav,in_support,frequency_modulation,0.11756987124681473
bearingEmu/train/section_00_source_train_normal_0228_noAttribute.wav,in_support,frequency_modulation,0.5434843897819519
bearingEmu/train/section_00_source_train_normal_0229_noAttribute.wav,in_support,amplitude_modulation,0.9008256793022156
bearingEmu/train/section_00_source_train_normal_0230_noAttribute.wav,in_support,periodic_resonance,0.9558882117271423
bearingEmu/train/section_00_source_train_normal_0231_noAttribute.wav,in_support,amplitude_modulation,0.8639552593231201
bearingEmu/train/section_00_source_train_normal_0232_noAttribute.wav,in_support,amplitude_modulation,0.9154267907142639
bearingEmu/train/section_00_source_train_normal_0233_noAttribute.wav,in_support,frequency_modulation,0.20730911195278168
bearingEmu/train/section_00_source_train_normal_0234_noAttribute.wav,in_support,amplitude_modulation,0.17109176516532898
bearingEmu/train/section_00_source_train_normal_0235_noAttribute.wav,in_support,frequency_modulation,0.40178993344306946
bearingEmu/train/section_00_source_train_normal_0236_noAttribute.wav,in_support,periodic_resonance,0.7674817442893982
bearingEmu/train/section_00_source_train_normal_0237_noAttribute.wav,in_support,amplitude_modulation,0.9053506851196289
bearingEmu/train/section_00_source_train_normal_0238_noAttribute.wav,in_support,periodic_resonance,0.27405649423599243
bearingEmu/train/section_00_source_train_normal_0239_noAttribute.wav,in_support,periodic_resonance,0.8438008427619934
bearingEmu/train/section_00_source_train_normal_0240_noAttribute.wav,in_support,periodic_resonance,0.22720219194889069
bearingEmu/train/section_00_source_train_normal_0241_noAttribute.wav,in_support,periodic_resonance,0.6572102904319763
bearingEmu/train/section_00_source_train_normal_0242_noAttribute.wav,in_support,amplitude_modulation,0.924199104309082
bearingEmu/train/section_00_source_train_normal_0243_noAttribute.wav,in_support,periodic_resonance,0.19142712652683258
bearingEmu/train/section_00_source_train_normal_0244_noAttribute.wav,in_support,periodic_resonance,0.9552123546600342
bearingEmu/train/section_00_source_train_normal_0245_noAttribute.wav,in_support,frequency_modulation,0.8258703947067261
bearingEmu/train/section_00_source_train_normal_0246_noAttribute.wav,in_support,periodic_resonance,0.39194995164871216
bearingEmu/train/section_00_source_train_normal_0247_noAttribute.wav,in_support,frequency_modulation,0.8037214875221252
bearingEmu/train/section_00_source_train_normal_0248_noAttribute.wav,in_support,amplitude_modulation,0.07115253806114197
bearingEmu/train/section_00_source_train_normal_0249_noAttribute.wav,in_support,frequency_modulation,0.8320431113243103
bearingEmu/train/section_00_source_train_normal_0250_noAttribute.wav,in_support,amplitude_modulation,0.07447291165590286
bearingEmu/train/section_00_source_train_normal_0251_noAttribute.wav,in_support,frequency_modulation,0.18896231055259705
bearingEmu/train/section_00_source_train_normal_0252_noAttribute.wav,in_support,amplitude_modulation,0.5932451486587524
bearingEmu/train/section_00_source_train_normal_0253_noAttribute.wav,in_support,amplitude_modulation,0.7442867755889893
bearingEmu/train/section_00_source_train_normal_0254_noAttribute.wav,in_support,periodic_resonance,0.4223712980747223
bearingEmu/train/section_00_source_train_normal_0255_noAttribute.wav,in_support,amplitude_modulation,0.08056159317493439
bearingEmu/train/section_00_source_train_normal_0256_noAttribute.wav,in_support,amplitude_modulation,0.56193608045578
bearingEmu/train/section_00_source_train_normal_0257_noAttribute.wav,in_support,amplitude_modulation,0.8156417012214661
bearingEmu/train/section_00_source_train_normal_0258_noAttribute.wav,in_support,periodic_resonance,0.8953924775123596
bearingEmu/train/section_00_source_train_normal_0259_noAttribute.wav,in_support,frequency_modulation,0.9420480728149414
bearingEmu/train/section_00_source_train_normal_0260_noAttribute.wav,in_support,periodic_resonance,0.4097626209259033
bearingEmu/train/section_00_source_train_normal_0261_noAttribute.wav,in_support,periodic_resonance,0.2426888793706894
bearingEmu/train/section_00_source_train_normal_0262_noAttribute.wav,in_support,periodic_resonance,0.9633584022521973
bearingEmu/train/section_00_source_train_normal_0263_noAttribute.wav,in_support,amplitude_modulation,0.49996742606163025
bearingEmu/train/section_00_source_train_normal_0264_noAttribute.wav,in_support,frequency_modulation,0.5497068762779236
bearingEmu/train/section_00_source_train_normal_0265_noAttribute.wav,in_support,amplitude_modulation,0.20371180772781372
bearingEmu/train/section_00_source_train_normal_0266_noAttribute.wav,in_support,amplitude_modulation,0.1990089863538742
bearingEmu/train/section_00_source_train_normal_0267_noAttribute.wav,in_support,amplitude_modulation,0.807655930519104
bearingEmu/train/section_00_source_train_normal_0268_noAttribute.wav,in_support,amplitude_modulation,0.047593846917152405
bearingEmu/train/section_00_source_train_normal_0269_noAttribute.wav,in_support,frequency_modulation,0.23954930901527405
bearingEmu/train/section_00_source_train_normal_0270_noAttribute.wav,in_support,amplitude_modulation,0.8061970472335815
bearingEmu/train/section_00_source_train_normal_0271_noAttribute.wav,in_support,periodic_resonance,0.6520912051200867
bearingEmu/train/section_00_source_train_normal_0272_noAttribute.wav,in_support,amplitude_modulation,0.09748101979494095
bearingEmu/train/section_00_source_train_normal_0273_noAttribute.wav,in_support,frequency_modulation,0.2048761546611786
bearingEmu/train/section_00_source_train_normal_0274_noAttribute.wav,in_support,frequency_modulation,0.34859558939933777
bearingEmu/train/section_00_source_train_normal_0275_noAttribute.wav,in_support,amplitude_modulation,0.8135938048362732
bearingEmu/train/section_00_source_train_normal_0276_noAttribute.wav,in_support,frequency_modulation,0.7314309477806091
bearingEmu/train/section_00_source_train_normal_0277_noAttribute.wav,in_support,frequency_modulation,0.8750349879264832
bearingEmu/train/section_00_source_train_normal_0278_noAttribute.wav,in_support,amplitude_modulation,0.6375186443328857
bearingEmu/train/section_00_source_train_normal_0279_noAttribute.wav,in_support,periodic_resonance,0.8895650506019592
bearingEmu/train/section_00_source_train_normal_0280_noAttribute.wav,in_support,frequency_modulation,0.3312622606754303
bearingEmu/train/section_00_source_train_normal_0281_noAttribute.wav,in_support,periodic_resonance,0.3810727298259735
bearingEmu/train/section_00_source_train_normal_0282_noAttribute.wav,in_support,amplitude_modulation,0.6788771152496338
bearingEmu/train/section_00_source_train_normal_0283_noAttribute.wav,in_support,amplitude_modulation,0.728122889995575
bearingEmu/train/section_00_source_train_normal_0284_noAttribute.wav,in_support,frequency_modulation,0.5092865824699402
bearingEmu/train/section_00_source_train_normal_0285_noAttribute.wav,in_support,frequency_modulation,0.33203092217445374
bearingEmu/train/section_00_source_train_normal_0286_noAttribute.wav,in_support,amplitude_modulation,0.8397662043571472
bearingEmu/train/section_00_source_train_normal_0287_noAttribute.wav,in_support,periodic_resonance,0.8963132500648499
bearingEmu/train/section_00_source_train_normal_0288_noAttribute.wav,in_support,periodic_resonance,0.9253054857254028
bearingEmu/train/section_00_source_train_normal_0289_noAttribute.wav,in_support,frequency_modulation,0.21748031675815582
bearingEmu/train/section_00_source_train_normal_0290_noAttribute.wav,in_support,amplitude_modulation,0.8979498744010925
bearingEmu/train/section_00_source_train_normal_0291_noAttribute.wav,in_support,periodic_resonance,0.8121446967124939
bearingEmu/train/section_00_source_train_normal_0292_noAttribute.wav,in_support,periodic_resonance,0.28804004192352295
bearingEmu/train/section_00_source_train_normal_0293_noAttribute.wav,in_support,frequency_modulation,0.7075951099395752
bearingEmu/train/section_00_source_train_normal_0294_noAttribute.wav,in_support,frequency_modulation,0.7609571814537048
bearingEmu/train/section_00_source_train_normal_0295_noAttribute.wav,in_support,amplitude_modulation,0.13866284489631653
bearingEmu/train/section_00_source_train_normal_0296_noAttribute.wav,in_support,periodic_resonance,0.39132076501846313
bearingEmu/train/section_00_source_train_normal_0297_noAttribute.wav,in_support,amplitude_modulation,0.21066045761108398
bearingEmu/train/section_00_source_train_normal_0298_noAttribute.wav,in_support,amplitude_modulation,0.9248803853988647
bearingEmu/train/section_00_source_train_normal_0299_noAttribute.wav,in_support,periodic_resonance,0.17240864038467407
bearingEmu/train/section_00_source_train_normal_0300_noAttribute.wav,in_support,periodic_resonance,0.18261875212192535
bearingEmu/train/section_00_source_train_normal_0301_noAttribute.wav,in_support,periodic_resonance,0.512889564037323
bearingEmu/train/section_00_source_train_normal_0302_noAttribute.wav,in_support,periodic_resonance,0.9872420430183411
bearingEmu/train/section_00_source_train_normal_0303_noAttribute.wav,in_support,frequency_modulation,0.581269383430481
bearingEmu/train/section_00_source_train_normal_0304_noAttribute.wav,in_support,amplitude_modulation,0.4075864255428314
bearingEmu/train/section_00_source_train_normal_0305_noAttribute.wav,in_support,periodic_resonance,0.5438791513442993
bearingEmu/train/section_00_source_train_normal_0306_noAttribute.wav,in_support,frequency_modulation,0.36693844199180603
bearingEmu/train/section_00_source_train_normal_0307_noAttribute.wav,in_support,periodic_resonance,0.8239032626152039
bearingEmu/train/section_00_source_train_normal_0308_noAttribute.wav,in_support,periodic_resonance,0.516966700553894
bearingEmu/train/section_00_source_train_normal_0309_noAttribute.wav,in_support,frequency_modulation,0.28788304328918457
bearingEmu/train/section_00_source_train_normal_0310_noAttribute.wav,in_support,periodic_resonance,0.2170325517654419
bearingEmu/train/section_00_source_train_normal_0311_noAttribute.wav,in_support,periodic_resonance,0.8781196475028992
bearingEmu/train/section_00_source_train_normal_0312_noAttribute.wav,in_support,amplitude_modulation,0.7267760038375854
bearingEmu/train/section_00_source_train_normal_0313_noAttribute.wav,in_support,amplitude_modulation,0.9091405272483826
bearingEmu/train/section_00_source_train_normal_0314_noAttribute.wav,in_support,periodic_resonance,0.8359484672546387
bearingEmu/train/section_00_source_train_normal_0315_noAttribute.wav,in_support,amplitude_modulation,0.8366349339485168
bearingEmu/train/section_00_source_train_normal_0316_noAttribute.wav,in_support,periodic_resonance,0.8024013042449951
bearingEmu/train/section_00_source_train_normal_0317_noAttribute.wav,in_support,amplitude_modulation,0.8683344721794128
bearingEmu/train/section_00_source_train_normal_0318_noAttribute.wav,in_support,periodic_resonance,0.6131625771522522
bearingEmu/train/section_00_source_train_normal_0319_noAttribute.wav,in_support,periodic_resonance,0.8644418716430664
bearingEmu/train/section_00_source_train_normal_0320_noAttribute.wav,in_support,frequency_modulation,0.4782886505126953
bearingEmu/train/section_00_source_train_normal_0321_noAttribute.wav,in_support,frequency_modulation,0.6194889545440674
bearingEmu/train/section_00_source_train_normal_0322_noAttribute.wav,in_support,amplitude_modulation,0.8160153031349182
bearingEmu/train/section_00_source_train_normal_0323_noAttribute.wav,in_support,amplitude_modulation,0.32486283779144287
bearingEmu/train/section_00_source_train_normal_0324_noAttribute.wav,in_support,periodic_resonance,0.6805756688117981
bearingEmu/train/section_00_source_train_normal_0325_noAttribute.wav,in_support,frequency_modulation,0.09600665420293808
bearingEmu/train/section_00_source_train_normal_0326_noAttribute.wav,in_support,frequency_modulation,0.8621703386306763
bearingEmu/train/section_00_source_train_normal_0327_noAttribute.wav,in_support,periodic_resonance,0.7898536324501038
bearingEmu/train/section_00_source_train_normal_0328_noAttribute.wav,in_support,amplitude_modulation,0.7644215822219849
bearingEmu/train/section_00_source_train_normal_0329_noAttribute.wav,in_support,periodic_resonance,0.7995845079421997
bearingEmu/train/section_00_source_train_normal_0330_noAttribute.wav,in_support,amplitude_modulation,0.7993912100791931
bearingEmu/train/section_00_source_train_normal_0331_noAttribute.wav,in_support,frequency_modulation,0.5898281335830688
bearingEmu/train/section_00_source_train_normal_0332_noAttribute.wav,in_support,amplitude_modulation,0.8481327295303345
bearingEmu/train/section_00_source_train_normal_0333_noAttribute.wav,in_support,frequency_modulation,0.48446744680404663
bearingEmu/train/section_00_source_train_normal_0334_noAttribute.wav,in_support,amplitude_modulation,0.6442104578018188
bearingEmu/train/section_00_source_train_normal_0335_noAttribute.wav,in_support,amplitude_modulation,0.7696529626846313
bearingEmu/train/section_00_source_train_normal_0336_noAttribute.wav,in_support,periodic_resonance,0.7429142594337463
bearingEmu/train/section_00_source_train_normal_0337_noAttribute.wav,in_support,periodic_resonance,0.5214158892631531
bearingEmu/train/section_00_source_train_normal_0338_noAttribute.wav,in_support,amplitude_modulation,0.8188418745994568
bearingEmu/train/section_00_source_train_normal_0339_noAttribute.wav,in_support,amplitude_modulation,0.635694146156311
bearingEmu/train/section_00_source_train_normal_0340_noAttribute.wav,in_support,frequency_modulation,0.16032196581363678
bearingEmu/train/section_00_source_train_normal_0341_noAttribute.wav,in_support,frequency_modulation,0.11904148012399673
bearingEmu/train/section_00_source_train_normal_0342_noAttribute.wav,in_support,periodic_resonance,0.939972460269928
bearingEmu/train/section_00_source_train_normal_0343_noAttribute.wav,in_support,frequency_modulation,0.6750315427780151
bearingEmu/train/section_00_source_train_normal_0344_noAttribute.wav,in_support,periodic_resonance,0.1665874868631363
bearingEmu/train/section_00_source_train_normal_0345_noAttribute.wav,in_support,frequency_modulation,0.5925248265266418
bearingEmu/train/section_00_source_train_normal_0346_noAttribute.wav,in_support,amplitude_modulation,0.8916985988616943
bearingEmu/train/section_00_source_train_normal_0347_noAttribute.wav,in_support,periodic_resonance,0.4880862832069397
bearingEmu/train/section_00_source_train_normal_0348_noAttribute.wav,in_support,amplitude_modulation,0.285579651594162
bearingEmu/train/section_00_source_train_normal_0349_noAttribute.wav,in_support,frequency_modulation,0.48562073707580566
bearingEmu/train/section_00_source_train_normal_0350_noAttribute.wav,in_support,frequency_modulation,0.2856846749782562
bearingEmu/train/section_00_source_train_normal_0351_noAttribute.wav,in_support,frequency_modulation,0.16579921543598175
bearingEmu/train/section_00_source_train_normal_0352_noAttribute.wav,in_support,amplitude_modulation,0.9106615781784058
bearingEmu/train/section_00_source_train_normal_0353_noAttribute.wav,in_support,amplitude_modulation,0.7368527054786682
bearingEmu/train/section_00_source_train_normal_0354_noAttribute.wav,in_support,periodic_resonance,0.11225822567939758
bearingEmu/train/section_00_source_train_normal_0355_noAttribute.wav,in_support,amplitude_modulation,0.41891199350357056
bearingEmu/train/section_00_source_train_normal_0356_noAttribute.wav,in_support,periodic_resonance,0.5418989658355713
bearingEmu/train/section_00_source_train_normal_0357_noAttribute.wav,in_support,amplitude_modulation,0.06342373043298721
bearingEmu/train/section_00_source_train_normal_0358_noAttribute.wav,in_support,frequency_modulation,0.7502424716949463
bearingEmu/train/section_00_source_train_normal_0359_noAttribute.wav,in_support,periodic_resonance,0.7796023488044739
bearingEmu/train/section_00_source_train_normal_0360_noAttribute.wav,in_support,amplitude_modulation,0.5557951331138611
bearingEmu/train/section_00_source_train_normal_0361_noAttribute.wav,in_support,frequency_modulation,0.5701234936714172
bearingEmu/train/section_00_source_train_normal_0362_noAttribute.wav,in_support,amplitude_modulation,0.9255746006965637
bearingEmu/train/section_00_source_train_normal_0363_noAttribute.wav,in_support,amplitude_modulation,0.7747865319252014
bearingEmu/train/section_00_source_train_normal_0364_noAttribute.wav,in_support,periodic_resonance,0.9323127269744873
bearingEmu/train/section_00_source_train_normal_0365_noAttribute.wav,in_support,periodic_resonance,0.23366998136043549
bearingEmu/train/section_00_source_train_normal_0366_noAttribute.wav,in_support,frequency_modulation,0.8092429637908936
bearingEmu/train/section_00_source_train_normal_0367_noAttribute.wav,in_support,periodic_resonance,0.3488498628139496
bearingEmu/train/section_00_source_train_normal_0368_noAttribute.wav,in_support,periodic_resonance,0.9733111262321472
bearingEmu/train/section_00_source_train_normal_0369_noAttribute.wav,in_support,frequency_modulation,0.635124146938324
bearingEmu/train/section_00_source_train_normal_0370_noAttribute.wav,in_support,amplitude_modulation,0.3733729124069214
bearingEmu/train/section_00_source_train_normal_0371_noAttribute.wav,in_support,amplitude_modulation,0.41146790981292725
bearingEmu/train/section_00_source_train_normal_0372_noAttribute.wav,in_support,amplitude_modulation,0.15492209792137146
bearingEmu/train/section_00_source_train_normal_0373_noAttribute.wav,in_support,frequency_modulation,0.3698582351207733
bearingEmu/train/section_00_source_train_normal_0374_noAttribute.wav,in_support,frequency_modulation,0.4800334870815277
bearingEmu/train/section_00_source_train_normal_0375_noAttribute.wav,in_support,frequency_modulation,0.15272997319698334
bearingEmu/train/section_00_source_train_normal_0376_noAttribute.wav,in_support,amplitude_modulation,0.11905061453580856
bearingEmu/train/section_00_source_train_normal_0377_noAttribute.wav,in_support,periodic_resonance,0.42417290806770325
bearingEmu/train/section_00_source_train_normal_0378_noAttribute.wav,in_support,periodic_resonance,0.6735562682151794
bearingEmu/train/section_00_source_train_normal_0379_noAttribute.wav,in_support,frequency_modulation,0.44670554995536804
bearingEmu/train/section_00_source_train_normal_0380_noAttribute.wav,in_support,frequency_modulation,0.7442230582237244
bearingEmu/train/section_00_source_train_normal_0381_noAttribute.wav,in_support,periodic_resonance,0.30118849873542786
bearingEmu/train/section_00_source_train_normal_0382_noAttribute.wav,in_support,periodic_resonance,0.9731260538101196
bearingEmu/train/section_00_source_train_normal_0383_noAttribute.wav,in_support,frequency_modulation,0.9004595279693604
bearingEmu/train/section_00_source_train_normal_0384_noAttribute.wav,in_support,amplitude_modulation,0.04222119227051735
bearingEmu/train/section_00_source_train_normal_0385_noAttribute.wav,in_support,periodic_resonance,0.7703162431716919
bearingEmu/train/section_00_source_train_normal_0386_noAttribute.wav,in_support,frequency_modulation,0.7717943787574768
bearingEmu/train/section_00_source_train_normal_0387_noAttribute.wav,in_support,periodic_resonance,0.32697248458862305
bearingEmu/train/section_00_source_train_normal_0388_noAttribute.wav,in_support,amplitude_modulation,0.5810524225234985
bearingEmu/train/section_00_source_train_normal_0389_noAttribute.wav,in_support,amplitude_modulation,0.039236899465322495
bearingEmu/train/section_00_source_train_normal_0390_noAttribute.wav,in_support,periodic_resonance,0.22520950436592102
bearingEmu/train/section_00_source_train_normal_0391_noAttribute.wav,in_support,periodic_resonance,0.7361394762992859
bearingEmu/train/section_00_source_train_normal_0392_noAttribute.wav,in_support,periodic_resonance,0.944296658039093
bearingEmu/train/section_00_source_train_normal_0393_noAttribute.wav,in_support,frequency_modulation,0.22078979015350342
bearingEmu/train/section_00_source_train_normal_0394_noAttribute.wav,in_support,periodic_resonance,0.7914434671401978
bearingEmu/train/section_00_source_train_normal_0395_noAttribute.wav,in_support,periodic_resonance,0.8706605434417725
bearingEmu/train/section_00_source_train_normal_0396_noAttribute.wav,in_support,periodic_resonance,0.7831665873527527
bearingEmu/train/section_00_source_train_normal_0397_noAttribute.wav,in_support,frequency_modulation,0.6090836524963379
bearingEmu/train/section_00_source_train_normal_0398_noAttribute.wav,in_support,frequency_modulation,0.7259232401847839
bearingEmu/train/section_00_source_train_normal_0399_noAttribute.wav,in_support,amplitude_modulation,0.6803290843963623
bearingEmu/train/section_00_source_train_normal_0400_noAttribute.wav,in_support,amplitude_modulation,0.7278795838356018
bearingEmu/train/section_00_source_train_normal_0401_noAttribute.wav,in_support,amplitude_modulation,0.49333900213241577
bearingEmu/train/section_00_source_train_normal_0402_noAttribute.wav,in_support,frequency_modulation,0.3745352625846863
bearingEmu/train/section_00_source_train_normal_0403_noAttribute.wav,in_support,periodic_resonance,0.7130705714225769
bearingEmu/train/section_00_source_train_normal_0404_noAttribute.wav,in_support,frequency_modulation,0.27305129170417786
bearingEmu/train/section_00_source_train_normal_0405_noAttribute.wav,in_support,periodic_resonance,0.6368429660797119
bearingEmu/train/section_00_source_train_normal_0406_noAttribute.wav,in_support,amplitude_modulation,0.67759770154953
bearingEmu/train/section_00_source_train_normal_0407_noAttribute.wav,in_support,amplitude_modulation,0.72451251745224
bearingEmu/train/section_00_source_train_normal_0408_noAttribute.wav,in_support,amplitude_modulation,0.8003316521644592
bearingEmu/train/section_00_source_train_normal_0409_noAttribute.wav,in_support,periodic_resonance,0.8007129430770874
bearingEmu/train/section_00_source_train_normal_0410_noAttribute.wav,in_support,amplitude_modulation,0.05229248106479645
bearingEmu/train/section_00_source_train_normal_0411_noAttribute.wav,in_support,amplitude_modulation,0.16636228561401367
bearingEmu/train/section_00_source_train_normal_0412_noAttribute.wav,in_support,periodic_resonance,0.7576177716255188
bearingEmu/train/section_00_source_train_normal_0413_noAttribute.wav,in_support,frequency_modulation,0.4751083254814148
bearingEmu/train/section_00_source_train_normal_0414_noAttribute.wav,in_support,frequency_modulation,0.8774068355560303
bearingEmu/train/section_00_source_train_normal_0415_noAttribute.wav,in_support,periodic_resonance,0.9650945663452148
bearingEmu/train/section_00_source_train_normal_0416_noAttribute.wav,in_support,frequency_modulation,0.24737408757209778
bearingEmu/train/section_00_source_train_normal_0417_noAttribute.wav,in_support,frequency_modulation,0.6323596239089966
bearingEmu/train/section_00_source_train_normal_0418_noAttribute.wav,in_support,amplitude_modulation,0.9172693490982056
bearingEmu/train/section_00_source_train_normal_0419_noAttribute.wav,in_support,periodic_resonance,0.18784093856811523
bearingEmu/train/section_00_source_train_normal_0420_noAttribute.wav,in_support,periodic_resonance,0.6611795425415039
bearingEmu/train/section_00_source_train_normal_0421_noAttribute.wav,in_support,frequency_modulation,0.7093995809555054
bearingEmu/train/section_00_source_train_normal_0422_noAttribute.wav,in_support,frequency_modulation,0.39723217487335205
bearingEmu/train/section_00_source_train_normal_0423_noAttribute.wav,in_support,frequency_modulation,0.0936654806137085
bearingEmu/train/section_00_source_train_normal_0424_noAttribute.wav,in_support,periodic_resonance,0.28925615549087524
bearingEmu/train/section_00_source_train_normal_0425_noAttribute.wav,in_support,periodic_resonance,0.42758890986442566
bearingEmu/train/section_00_source_train_normal_0426_noAttribute.wav,in_support,amplitude_modulation,0.35025423765182495
bearingEmu/train/section_00_source_train_normal_0427_noAttribute.wav,in_support,frequency_modulation,0.09963664412498474
bearingEmu/train/section_00_source_train_normal_0428_noAttribute.wav,in_support,frequency_modulation,0.25280532240867615
bearingEmu/train/section_00_source_train_normal_0429_noAttribute.wav,in_support,frequency_modulation,0.19139328598976135
bearingEmu/train/section_00_source_train_normal_0430_noAttribute.wav,in_support,periodic_resonance,0.9278116226196289
bearingEmu/train/section_00_source_train_normal_0431_noAttribute.wav,in_support,periodic_resonance,0.5798171162605286
bearingEmu/train/section_00_source_train_normal_0432_noAttribute.wav,in_support,periodic_resonance,0.9883425235748291
bearingEmu/train/section_00_source_train_normal_0433_noAttribute.wav,in_support,amplitude_modulation,0.8695968389511108
bearingEmu/train/section_00_source_train_normal_0434_noAttribute.wav,in_support,frequency_modulation,0.06829006969928741
bearingEmu/train/section_00_source_train_normal_0435_noAttribute.wav,in_support,periodic_resonance,0.9560630321502686
bearingEmu/train/section_00_source_train_normal_0436_noAttribute.wav,in_support,frequency_modulation,0.7133787870407104
bearingEmu/train/section_00_source_train_normal_0437_noAttribute.wav,in_support,amplitude_modulation,0.12932586669921875
bearingEmu/train/section_00_source_train_normal_0438_noAttribute.wav,in_support,periodic_resonance,0.9095245599746704
bearingEmu/train/section_00_source_train_normal_0439_noAttribute.wav,in_support,periodic_resonance,0.9688518643379211
bearingEmu/train/section_00_source_train_normal_0440_noAttribute.wav,in_support,periodic_resonance,0.4913688004016876
bearingEmu/train/section_00_source_train_normal_0441_noAttribute.wav,in_support,frequency_modulation,0.45684128999710083
bearingEmu/train/section_00_source_train_normal_0442_noAttribute.wav,in_support,frequency_modulation,0.2967364490032196
bearingEmu/train/section_00_source_train_normal_0443_noAttribute.wav,in_support,amplitude_modulation,0.5461422801017761
bearingEmu/train/section_00_source_train_normal_0444_noAttribute.wav,in_support,periodic_resonance,0.8679348826408386
bearingEmu/train/section_00_source_train_normal_0445_noAttribute.wav,in_support,amplitude_modulation,0.11021699756383896
bearingEmu/train/section_00_source_train_normal_0446_noAttribute.wav,in_support,frequency_modulation,0.15161727368831635
bearingEmu/train/section_00_source_train_normal_0447_noAttribute.wav,in_support,periodic_resonance,0.31297528743743896
bearingEmu/train/section_00_source_train_normal_0448_noAttribute.wav,in_support,amplitude_modulation,0.10562796890735626
bearingEmu/train/section_00_source_train_normal_0449_noAttribute.wav,in_support,amplitude_modulation,0.3854683041572571
bearingEmu/train/section_00_source_train_normal_0450_noAttribute.wav,in_support,amplitude_modulation,0.13673925399780273
bearingEmu/train/section_00_source_train_normal_0451_noAttribute.wav,in_support,amplitude_modulation,0.8832909464836121
bearingEmu/train/section_00_source_train_normal_0452_noAttribute.wav,in_support,periodic_resonance,0.8777021765708923
bearingEmu/train/section_00_source_train_normal_0453_noAttribute.wav,in_support,frequency_modulation,0.7593344449996948
bearingEmu/train/section_00_source_train_normal_0454_noAttribute.wav,in_support,frequency_modulation,0.16833914816379547
bearingEmu/train/section_00_source_train_normal_0455_noAttribute.wav,in_support,periodic_resonance,0.9623808264732361
bearingEmu/train/section_00_source_train_normal_0456_noAttribute.wav,in_support,frequency_modulation,0.8116790652275085
bearingEmu/train/section_00_source_train_normal_0457_noAttribute.wav,in_support,amplitude_modulation,0.5876210331916809
bearingEmu/train/section_00_source_train_normal_0458_noAttribute.wav,in_support,frequency_modulation,0.3213510811328888
bearingEmu/train/section_00_source_train_normal_0459_noAttribute.wav,in_support,frequency_modulation,0.19345231354236603
bearingEmu/train/section_00_source_train_normal_0460_noAttribute.wav,in_support,amplitude_modulation,0.82884681224823
bearingEmu/train/section_00_source_train_normal_0461_noAttribute.wav,in_support,frequency_modulation,0.7861067652702332
bearingEmu/train/section_00_source_train_normal_0462_noAttribute.wav,in_support,frequency_modulation,0.1251436024904251
bearingEmu/train/section_00_source_train_normal_0463_noAttribute.wav,in_support,amplitude_modulation,0.2619544267654419
bearingEmu/train/section_00_source_train_normal_0464_noAttribute.wav,in_support,periodic_resonance,0.3742394745349884
bearingEmu/train/section_00_source_train_normal_0465_noAttribute.wav,in_support,frequency_modulation,0.2554946541786194
bearingEmu/train/section_00_source_train_normal_0466_noAttribute.wav,in_support,periodic_resonance,0.7265346050262451
bearingEmu/train/section_00_source_train_normal_0467_noAttribute.wav,in_support,periodic_resonance,0.6053401827812195
bearingEmu/train/section_00_source_train_normal_0468_noAttribute.wav,in_support,periodic_resonance,0.4133686125278473
bearingEmu/train/section_00_source_train_normal_0469_noAttribute.wav,in_support,periodic_resonance,0.8186612725257874
bearingEmu/train/section_00_source_train_normal_0470_noAttribute.wav,in_support,periodic_resonance,0.8240451812744141
bearingEmu/train/section_00_source_train_normal_0471_noAttribute.wav,in_support,frequency_modulation,0.35955020785331726
bearingEmu/train/section_00_source_train_normal_0472_noAttribute.wav,in_support,amplitude_modulation,0.20245866477489471
bearingEmu/train/section_00_source_train_normal_0473_noAttribute.wav,in_support,frequency_modulation,0.831195056438446
bearingEmu/train/section_00_source_train_normal_0474_noAttribute.wav,in_support,frequency_modulation,0.7214005589485168
bearingEmu/train/section_00_source_train_normal_0475_noAttribute.wav,in_support,amplitude_modulation,0.04950617253780365
bearingEmu/train/section_00_source_train_normal_0476_noAttribute.wav,in_support,frequency_modulation,0.5201523303985596
bearingEmu/train/section_00_source_train_normal_0477_noAttribute.wav,in_support,amplitude_modulation,0.8916885256767273
bearingEmu/train/section_00_source_train_normal_0478_noAttribute.wav,in_support,amplitude_modulation,0.5670619010925293
bearingEmu/train/section_00_source_train_normal_0479_noAttribute.wav,in_support,frequency_modulation,0.1007925271987915
bearingEmu/train/section_00_source_train_normal_0480_noAttribute.wav,in_support,frequency_modulation,0.562967836856842
bearingEmu/train/section_00_source_train_normal_0481_noAttribute.wav,in_support,amplitude_modulation,0.8320500254631042
bearingEmu/train/section_00_source_train_normal_0482_noAttribute.wav,in_support,periodic_resonance,0.9492265582084656
bearingEmu/train/section_00_source_train_normal_0483_noAttribute.wav,in_support,periodic_resonance,0.22790417075157166
bearingEmu/train/section_00_source_train_normal_0484_noAttribute.wav,in_support,periodic_resonance,0.7555226683616638
bearingEmu/train/section_00_source_train_normal_0485_noAttribute.wav,in_support,periodic_resonance,0.9137515425682068
bearingEmu/train/section_00_source_train_normal_0486_noAttribute.wav,in_support,amplitude_modulation,0.8230305314064026
bearingEmu/train/section_00_source_train_normal_0487_noAttribute.wav,in_support,periodic_resonance,0.31846314668655396
bearingEmu/train/section_00_source_train_normal_0488_noAttribute.wav,in_support,periodic_resonance,0.0926123708486557
bearingEmu/train/section_00_source_train_normal_0489_noAttribute.wav,in_support,amplitude_modulation,0.3645826578140259
bearingEmu/train/section_00_source_train_normal_0490_noAttribute.wav,in_support,amplitude_modulation,0.8800249099731445
bearingEmu/train/section_00_source_train_normal_0491_noAttribute.wav,in_support,frequency_modulation,0.16535359621047974
bearingEmu/train/section_00_source_train_normal_0492_noAttribute.wav,in_support,frequency_modulation,0.7003664970397949
bearingEmu/train/section_00_source_train_normal_0493_noAttribute.wav,in_support,amplitude_modulation,0.24518364667892456
bearingEmu/train/section_00_source_train_normal_0494_noAttribute.wav,in_support,amplitude_modulation,0.04747432842850685
bearingEmu/train/section_00_source_train_normal_0495_noAttribute.wav,in_support,frequency_modulation,0.16380304098129272
bearingEmu/train/section_00_source_train_normal_0496_noAttribute.wav,in_support,periodic_resonance,0.17113210260868073
bearingEmu/train/section_00_source_train_normal_0497_noAttribute.wav,in_support,amplitude_modulation,0.09171338379383087
bearingEmu/train/section_00_source_train_normal_0498_noAttribute.wav,in_support,amplitude_modulation,0.5660359263420105
bearingEmu/train/section_00_source_train_normal_0499_noAttribute.wav,in_support,frequency_modulation,0.6397160291671753
bearingEmu/train/section_00_source_train_normal_0500_noAttribute.wav,in_support,amplitude_modulation,0.5464319586753845
bearingEmu/train/section_00_source_train_normal_0501_noAttribute.wav,in_support,amplitude_modulation,0.9460963606834412
bearingEmu/train/section_00_source_train_normal_0502_noAttribute.wav,in_support,amplitude_modulation,0.0347006618976593
bearingEmu/train/section_00_source_train_normal_0503_noAttribute.wav,in_support,periodic_resonance,0.7338933348655701
bearingEmu/train/section_00_source_train_normal_0504_noAttribute.wav,in_support,amplitude_modulation,0.13368400931358337
bearingEmu/train/section_00_source_train_normal_0505_noAttribute.wav,in_support,frequency_modulation,0.9137693643569946
bearingEmu/train/section_00_source_train_normal_0506_noAttribute.wav,in_support,periodic_resonance,0.20120123028755188
bearingEmu/train/section_00_source_train_normal_0507_noAttribute.wav,in_support,periodic_resonance,0.24614831805229187
bearingEmu/train/section_00_source_train_normal_0508_noAttribute.wav,in_support,periodic_resonance,0.34540805220603943
bearingEmu/train/section_00_source_train_normal_0509_noAttribute.wav,in_support,periodic_resonance,0.12155438214540482
bearingEmu/train/section_00_source_train_normal_0510_noAttribute.wav,in_support,amplitude_modulation,0.670163631439209
bearingEmu/train/section_00_source_train_normal_0511_noAttribute.wav,in_support,amplitude_modulation,0.4783173203468323
bearingEmu/train/section_00_source_train_normal_0512_noAttribute.wav,in_support,frequency_modulation,0.21733491122722626
bearingEmu/train/section_00_source_train_normal_0513_noAttribute.wav,in_support,frequency_modulation,0.7342419624328613
bearingEmu/train/section_00_source_train_normal_0514_noAttribute.wav,in_support,frequency_modulation,0.45051276683807373
bearingEmu/train/section_00_source_train_normal_0515_noAttribute.wav,in_support,frequency_modulation,0.2825080454349518
bearingEmu/train/section_00_source_train_normal_0516_noAttribute.wav,in_support,amplitude_modulation,0.1812717616558075
bearingEmu/train/section_00_source_train_normal_0517_noAttribute.wav,in_support,frequency_modulation,0.6503918766975403
bearingEmu/train/section_00_source_train_normal_0518_noAttribute.wav,in_support,amplitude_modulation,0.11861668527126312
bearingEmu/train/section_00_source_train_normal_0519_noAttribute.wav,in_support,amplitude_modulation,0.9336438179016113
bearingEmu/train/section_00_source_train_normal_0520_noAttribute.wav,in_support,amplitude_modulation,0.0949375182390213
bearingEmu/train/section_00_source_train_normal_0521_noAttribute.wav,in_support,periodic_resonance,0.4356464743614197
bearingEmu/train/section_00_source_train_normal_0522_noAttribute.wav,in_support,amplitude_modulation,0.17094257473945618
bearingEmu/train/section_00_source_train_normal_0523_noAttribute.wav,in_support,frequency_modulation,0.8914088606834412
bearingEmu/train/section_00_source_train_normal_0524_noAttribute.wav,in_support,periodic_resonance,0.1452123522758484
bearingEmu/train/section_00_source_train_normal_0525_noAttribute.wav,in_support,amplitude_modulation,0.3642953336238861
bearingEmu/train/section_00_source_train_normal_0526_noAttribute.wav,in_support,periodic_resonance,0.9209390878677368
bearingEmu/train/section_00_source_train_normal_0527_noAttribute.wav,in_support,frequency_modulation,0.14007458090782166
bearingEmu/train/section_00_source_train_normal_0528_noAttribute.wav,in_support,amplitude_modulation,0.14039647579193115
bearingEmu/train/section_00_source_train_normal_0529_noAttribute.wav,in_support,periodic_resonance,0.6074352264404297
bearingEmu/train/section_00_source_train_normal_0530_noAttribute.wav,in_support,amplitude_modulation,0.5246561765670776
bearingEmu/train/section_00_source_train_normal_0531_noAttribute.wav,in_support,periodic_resonance,0.6763321161270142
bearingEmu/train/section_00_source_train_normal_0532_noAttribute.wav,in_support,periodic_resonance,0.6253382563591003
bearingEmu/train/section_00_source_train_normal_0533_noAttribute.wav,in_support,amplitude_modulation,0.777592122554779
bearingEmu/train/section_00_source_train_normal_0534_noAttribute.wav,in_support,amplitude_modulation,0.783565104007721
bearingEmu/train/section_00_source_train_normal_0535_noAttribute.wav,in_support,periodic_resonance,0.2321489304304123
bearingEmu/train/section_00_source_train_normal_0536_noAttribute.wav,in_support,frequency_modulation,0.3176822066307068
bearingEmu/train/section_00_source_train_normal_0537_noAttribute.wav,in_support,amplitude_modulation,0.7651299834251404
bearingEmu/train/section_00_source_train_normal_0538_noAttribute.wav,in_support,periodic_resonance,0.24069344997406006
bearingEmu/train/section_00_source_train_normal_0539_noAttribute.wav,in_support,amplitude_modulation,0.06076429411768913
bearingEmu/train/section_00_source_train_normal_0540_noAttribute.wav,in_support,periodic_resonance,0.8974478244781494
bearingEmu/train/section_00_source_train_normal_0541_noAttribute.wav,in_support,frequency_modulation,0.7177368998527527
bearingEmu/train/section_00_source_train_normal_0542_noAttribute.wav,in_support,periodic_resonance,0.4697754681110382
bearingEmu/train/section_00_source_train_normal_0543_noAttribute.wav,in_support,frequency_modulation,0.30243080854415894
bearingEmu/train/section_00_source_train_normal_0544_noAttribute.wav,in_support,frequency_modulation,0.8877658247947693
bearingEmu/train/section_00_source_train_normal_0545_noAttribute.wav,in_support,amplitude_modulation,0.12073097378015518
bearingEmu/train/section_00_source_train_normal_0546_noAttribute.wav,in_support,periodic_resonance,0.8840910196304321
bearingEmu/train/section_00_source_train_normal_0547_noAttribute.wav,in_support,amplitude_modulation,0.44240671396255493
bearingEmu/train/section_00_source_train_normal_0548_noAttribute.wav,in_support,frequency_modulation,0.7348548173904419
bearingEmu/train/section_00_source_train_normal_0549_noAttribute.wav,in_support,periodic_resonance,0.8293620944023132
bearingEmu/train/section_00_source_train_normal_0550_noAttribute.wav,in_support,periodic_resonance,0.9728583097457886
bearingEmu/train/section_00_source_train_normal_0551_noAttribute.wav,in_support,periodic_resonance,0.9538089632987976
bearingEmu/train/section_00_source_train_normal_0552_noAttribute.wav,in_support,frequency_modulation,0.14254727959632874
bearingEmu/train/section_00_source_train_normal_0553_noAttribute.wav,in_support,frequency_modulation,0.7249091863632202
bearingEmu/train/section_00_source_train_normal_0554_noAttribute.wav,in_support,periodic_resonance,0.7088183760643005
bearingEmu/train/section_00_source_train_normal_0555_noAttribute.wav,in_support,periodic_resonance,0.9866352081298828
bearingEmu/train/section_00_source_train_normal_0556_noAttribute.wav,in_support,periodic_resonance,0.1513718068599701
bearingEmu/train/section_00_source_train_normal_0557_noAttribute.wav,in_support,periodic_resonance,0.8896372318267822
bearingEmu/train/section_00_source_train_normal_0558_noAttribute.wav,in_support,amplitude_modulation,0.45800596475601196
bearingEmu/train/section_00_source_train_normal_0559_noAttribute.wav,in_support,amplitude_modulation,0.7711846828460693
bearingEmu/train/section_00_source_train_normal_0560_noAttribute.wav,in_support,periodic_resonance,0.8951632976531982
bearingEmu/train/section_00_source_train_normal_0561_noAttribute.wav,in_support,periodic_resonance,0.1165168359875679
bearingEmu/train/section_00_source_train_normal_0562_noAttribute.wav,in_support,amplitude_modulation,0.14072293043136597
bearingEmu/train/section_00_source_train_normal_0563_noAttribute.wav,in_support,periodic_resonance,0.7089612483978271
bearingEmu/train/section_00_source_train_normal_0564_noAttribute.wav,in_support,amplitude_modulation,0.061522047966718674
bearingEmu/train/section_00_source_train_normal_0565_noAttribute.wav,in_support,amplitude_modulation,0.10019024461507797
bearingEmu/train/section_00_source_train_normal_0566_noAttribute.wav,in_support,frequency_modulation,0.6537836194038391
bearingEmu/train/section_00_source_train_normal_0567_noAttribute.wav,in_support,periodic_resonance,0.5995050072669983
bearingEmu/train/section_00_source_train_normal_0568_noAttribute.wav,in_support,periodic_resonance,0.20864345133304596
bearingEmu/train/section_00_source_train_normal_0569_noAttribute.wav,in_support,periodic_resonance,0.585075318813324
bearingEmu/train/section_00_source_train_normal_0570_noAttribute.wav,in_support,amplitude_modulation,0.3513985276222229
bearingEmu/train/section_00_source_train_normal_0571_noAttribute.wav,in_support,frequency_modulation,0.9872685074806213
bearingEmu/train/section_00_source_train_normal_0572_noAttribute.wav,in_support,frequency_modulation,0.42911532521247864
bearingEmu/train/section_00_source_train_normal_0573_noAttribute.wav,in_support,frequency_modulation,0.7656787037849426
bearingEmu/train/section_00_source_train_normal_0574_noAttribute.wav,in_support,frequency_modulation,0.9093747138977051
bearingEmu/train/section_00_source_train_normal_0575_noAttribute.wav,in_support,amplitude_modulation,0.8232309818267822
bearingEmu/train/section_00_source_train_normal_0576_noAttribute.wav,in_support,amplitude_modulation,0.055310748517513275
bearingEmu/train/section_00_source_train_normal_0577_noAttribute.wav,in_support,amplitude_modulation,0.545530378818512
bearingEmu/train/section_00_source_train_normal_0578_noAttribute.wav,in_support,periodic_resonance,0.12260077893733978
bearingEmu/train/section_00_source_train_normal_0579_noAttribute.wav,in_support,frequency_modulation,0.7039252519607544
bearingEmu/train/section_00_source_train_normal_0580_noAttribute.wav,in_support,amplitude_modulation,0.7804936170578003
bearingEmu/train/section_00_source_train_normal_0581_noAttribute.wav,in_support,amplitude_modulation,0.04511692374944687
bearingEmu/train/section_00_source_train_normal_0582_noAttribute.wav,in_support,amplitude_modulation,0.9546307325363159
bearingEmu/train/section_00_source_train_normal_0583_noAttribute.wav,in_support,frequency_modulation,0.32535821199417114
bearingEmu/train/section_00_source_train_normal_0584_noAttribute.wav,in_support,frequency_modulation,0.05206170678138733
bearingEmu/train/section_00_source_train_normal_0585_noAttribute.wav,in_support,frequency_modulation,0.6821802854537964
bearingEmu/train/section_00_source_train_normal_0586_noAttribute.wav,in_support,periodic_resonance,0.9291391372680664
bearingEmu/train/section_00_source_train_normal_0587_noAttribute.wav,in_support,frequency_modulation,0.8507094383239746
bearingEmu/train/section_00_source_train_normal_0588_noAttribute.wav,in_support,amplitude_modulation,0.1261192113161087
bearingEmu/train/section_00_source_train_normal_0589_noAttribute.wav,in_support,amplitude_modulation,0.2809666097164154
bearingEmu/train/section_00_source_train_normal_0590_noAttribute.wav,in_support,frequency_modulation,0.6269906163215637
bearingEmu/train/section_00_source_train_normal_0591_noAttribute.wav,in_support,periodic_resonance,0.8310291767120361
bearingEmu/train/section_00_source_train_normal_0592_noAttribute.wav,in_support,periodic_resonance,0.5378603339195251
bearingEmu/train/section_00_source_train_normal_0593_noAttribute.wav,in_support,amplitude_modulation,0.7447448372840881
bearingEmu/train/section_00_source_train_normal_0594_noAttribute.wav,in_support,periodic_resonance,0.2600426971912384
bearingEmu/train/section_00_source_train_normal_0595_noAttribute.wav,in_support,frequency_modulation,0.06867377460002899
bearingEmu/train/section_00_source_train_normal_0596_noAttribute.wav,in_support,amplitude_modulation,0.718777596950531
bearingEmu/train/section_00_source_train_normal_0597_noAttribute.wav,in_support,amplitude_modulation,0.030542684718966484
bearingEmu/train/section_00_source_train_normal_0598_noAttribute.wav,in_support,frequency_modulation,0.32644790410995483
bearingEmu/train/section_00_source_train_normal_0599_noAttribute.wav,in_support,frequency_modulation,0.7025306820869446
bearingEmu/train/section_00_source_train_normal_0600_noAttribute.wav,in_support,periodic_resonance,0.27821630239486694
bearingEmu/train/section_00_source_train_normal_0601_noAttribute.wav,in_support,frequency_modulation,0.267673134803772
bearingEmu/train/section_00_source_train_normal_0602_noAttribute.wav,in_support,amplitude_modulation,0.6594957113265991
bearingEmu/train/section_00_source_train_normal_0603_noAttribute.wav,in_support,amplitude_modulation,0.35542091727256775
bearingEmu/train/section_00_source_train_normal_0604_noAttribute.wav,in_support,amplitude_modulation,0.7398118376731873
bearingEmu/train/section_00_source_train_normal_0605_noAttribute.wav,in_support,periodic_resonance,0.326808899641037
bearingEmu/train/section_00_source_train_normal_0606_noAttribute.wav,in_support,frequency_modulation,0.47609248757362366
bearingEmu/train/section_00_source_train_normal_0607_noAttribute.wav,in_support,periodic_resonance,0.47437724471092224
bearingEmu/train/section_00_source_train_normal_0608_noAttribute.wav,in_support,amplitude_modulation,0.8752280473709106
bearingEmu/train/section_00_source_train_normal_0609_noAttribute.wav,in_support,periodic_resonance,0.35993242263793945
bearingEmu/train/section_00_source_train_normal_0610_noAttribute.wav,in_support,periodic_resonance,0.5078595280647278
bearingEmu/train/section_00_source_train_normal_0611_noAttribute.wav,in_support,amplitude_modulation,0.9136017560958862
bearingEmu/train/section_00_source_train_normal_0612_noAttribute.wav,in_support,frequency_modulation,0.39439648389816284
bearingEmu/train/section_00_source_train_normal_0613_noAttribute.wav,in_support,frequency_modulation,0.19143101572990417
bearingEmu/train/section_00_source_train_normal_0614_noAttribute.wav,in_support,amplitude_modulation,0.9424996376037598
bearingEmu/train/section_00_source_train_normal_0615_noAttribute.wav,in_support,frequency_modulation,0.33845600485801697
bearingEmu/train/section_00_source_train_normal_0616_noAttribute.wav,in_support,periodic_resonance,0.7844818830490112
bearingEmu/train/section_00_source_train_normal_0617_noAttribute.wav,in_support,amplitude_modulation,0.07764551043510437
bearingEmu/train/section_00_source_train_normal_0618_noAttribute.wav,in_support,amplitude_modulation,0.8369263410568237
bearingEmu/train/section_00_source_train_normal_0619_noAttribute.wav,in_support,frequency_modulation,0.8503676056861877
bearingEmu/train/section_00_source_train_normal_0620_noAttribute.wav,in_support,amplitude_modulation,0.9103277921676636
bearingEmu/train/section_00_source_train_normal_0621_noAttribute.wav,in_support,periodic_resonance,0.5684888958930969
bearingEmu/train/section_00_source_train_normal_0622_noAttribute.wav,in_support,frequency_modulation,0.9041961431503296
bearingEmu/train/section_00_source_train_normal_0623_noAttribute.wav,in_support,periodic_resonance,0.9611848592758179
bearingEmu/train/section_00_source_train_normal_0624_noAttribute.wav,in_support,frequency_modulation,0.6944980621337891
bearingEmu/train/section_00_source_train_normal_0625_noAttribute.wav,in_support,periodic_resonance,0.783694326877594
bearingEmu/train/section_00_source_train_normal_0626_noAttribute.wav,in_support,periodic_resonance,0.3804861605167389
bearingEmu/train/section_00_source_train_normal_0627_noAttribute.wav,in_support,frequency_modulation,0.2801493704319
bearingEmu/train/section_00_source_train_normal_0628_noAttribute.wav,in_support,amplitude_modulation,0.41283583641052246
bearingEmu/train/section_00_source_train_normal_0629_noAttribute.wav,in_support,frequency_modulation,0.30901220440864563
bearingEmu/train/section_00_source_train_normal_0630_noAttribute.wav,in_support,periodic_resonance,0.5473906993865967
bearingEmu/train/section_00_source_train_normal_0631_noAttribute.wav,in_support,frequency_modulation,0.9784424901008606
bearingEmu/train/section_00_source_train_normal_0632_noAttribute.wav,in_support,frequency_modulation,0.2522731423377991
bearingEmu/train/section_00_source_train_normal_0633_noAttribute.wav,in_support,frequency_modulation,0.7234269380569458
bearingEmu/train/section_00_source_train_normal_0634_noAttribute.wav,in_support,amplitude_modulation,0.04931158944964409
bearingEmu/train/section_00_source_train_normal_0635_noAttribute.wav,in_support,amplitude_modulation,0.877022385597229
bearingEmu/train/section_00_source_train_normal_0636_noAttribute.wav,in_support,periodic_resonance,0.8155518174171448
bearingEmu/train/section_00_source_train_normal_0637_noAttribute.wav,in_support,amplitude_modulation,0.16281472146511078
bearingEmu/train/section_00_source_train_normal_0638_noAttribute.wav,in_support,amplitude_modulation,0.8527759313583374
bearingEmu/train/section_00_source_train_normal_0639_noAttribute.wav,in_support,frequency_modulation,0.4452667236328125
bearingEmu/train/section_00_source_train_normal_0640_noAttribute.wav,in_support,frequency_modulation,0.6029797196388245
bearingEmu/train/section_00_source_train_normal_0641_noAttribute.wav,in_support,amplitude_modulation,0.5705782771110535
bearingEmu/train/section_00_source_train_normal_0642_noAttribute.wav,in_support,frequency_modulation,0.5298625230789185
bearingEmu/train/section_00_source_train_normal_0643_noAttribute.wav,in_support,periodic_resonance,0.8953676223754883
bearingEmu/train/section_00_source_train_normal_0644_noAttribute.wav,in_support,periodic_resonance,0.7336875200271606
bearingEmu/train/section_00_source_train_normal_0645_noAttribute.wav,in_support,frequency_modulation,0.28710323572158813
bearingEmu/train/section_00_source_train_normal_0646_noAttribute.wav,in_support,frequency_modulation,0.8565364480018616
bearingEmu/train/section_00_source_train_normal_0647_noAttribute.wav,in_support,frequency_modulation,0.13654613494873047
bearingEmu/train/section_00_source_train_normal_0648_noAttribute.wav,in_support,amplitude_modulation,0.7639462947845459
bearingEmu/train/section_00_source_train_normal_0649_noAttribute.wav,in_support,frequency_modulation,0.8108314275741577
bearingEmu/train/section_00_source_train_normal_0650_noAttribute.wav,in_support,amplitude_modulation,0.8631318807601929
bearingEmu/train/section_00_source_train_normal_0651_noAttribute.wav,in_support,frequency_modulation,0.06250260770320892
bearingEmu/train/section_00_source_train_normal_0652_noAttribute.wav,in_support,frequency_modulation,0.6798160076141357
bearingEmu/train/section_00_source_train_normal_0653_noAttribute.wav,in_support,frequency_modulation,0.13984723389148712
bearingEmu/train/section_00_source_train_normal_0654_noAttribute.wav,in_support,periodic_resonance,0.9402716159820557
bearingEmu/train/section_00_source_train_normal_0655_noAttribute.wav,in_support,periodic_resonance,0.8046755194664001
bearingEmu/train/section_00_source_train_normal_0656_noAttribute.wav,in_support,periodic_resonance,0.8370286226272583
bearingEmu/train/section_00_source_train_normal_0657_noAttribute.wav,in_support,amplitude_modulation,0.5552117228507996
bearingEmu/train/section_00_source_train_normal_0658_noAttribute.wav,in_support,frequency_modulation,0.6917035579681396
bearingEmu/train/section_00_source_train_normal_0659_noAttribute.wav,in_support,frequency_modulation,0.1887161135673523
bearingEmu/train/section_00_source_train_normal_0660_noAttribute.wav,in_support,frequency_modulation,0.1661408245563507
bearingEmu/train/section_00_source_train_normal_0661_noAttribute.wav,in_support,amplitude_modulation,0.16193042695522308
bearingEmu/train/section_00_source_train_normal_0662_noAttribute.wav,in_support,amplitude_modulation,0.5936689972877502
bearingEmu/train/section_00_source_train_normal_0663_noAttribute.wav,in_support,periodic_resonance,0.9110859632492065
bearingEmu/train/section_00_source_train_normal_0664_noAttribute.wav,in_support,periodic_resonance,0.8775618672370911
bearingEmu/train/section_00_source_train_normal_0665_noAttribute.wav,in_support,periodic_resonance,0.3582742512226105
bearingEmu/train/section_00_source_train_normal_0666_noAttribute.wav,in_support,frequency_modulation,0.8531225323677063
bearingEmu/train/section_00_source_train_normal_0667_noAttribute.wav,in_support,frequency_modulation,0.3432019054889679
bearingEmu/train/section_00_source_train_normal_0668_noAttribute.wav,in_support,frequency_modulation,0.797446072101593
bearingEmu/train/section_00_source_train_normal_0669_noAttribute.wav,in_support,amplitude_modulation,0.3708471953868866
bearingEmu/train/section_00_source_train_normal_0670_noAttribute.wav,in_support,amplitude_modulation,0.053007349371910095
bearingEmu/train/section_00_source_train_normal_0671_noAttribute.wav,in_support,periodic_resonance,0.20974721014499664
bearingEmu/train/section_00_source_train_normal_0672_noAttribute.wav,in_support,periodic_resonance,0.9054874181747437
bearingEmu/train/section_00_source_train_normal_0673_noAttribute.wav,in_support,frequency_modulation,0.08869405835866928
bearingEmu/train/section_00_source_train_normal_0674_noAttribute.wav,in_support,frequency_modulation,0.5140653848648071
bearingEmu/train/section_00_source_train_normal_0675_noAttribute.wav,in_support,periodic_resonance,0.983291506767273
bearingEmu/train/section_00_source_train_normal_0676_noAttribute.wav,in_support,amplitude_modulation,0.9329639077186584
bearingEmu/train/section_00_source_train_normal_0677_noAttribute.wav,in_support,amplitude_modulation,0.8118163347244263
bearingEmu/train/section_00_source_train_normal_0678_noAttribute.wav,in_support,periodic_resonance,0.9598366618156433
bearingEmu/train/section_00_source_train_normal_0679_noAttribute.wav,in_support,frequency_modulation,0.8377395868301392
bearingEmu/train/section_00_source_train_normal_0680_noAttribute.wav,in_support,periodic_resonance,0.6086692214012146
bearingEmu/train/section_00_source_train_normal_0681_noAttribute.wav,in_support,frequency_modulation,0.23243185877799988
bearingEmu/train/section_00_source_train_normal_0682_noAttribute.wav,in_support,periodic_resonance,0.8558216691017151
bearingEmu/train/section_00_source_train_normal_0683_noAttribute.wav,in_support,amplitude_modulation,0.13231143355369568
bearingEmu/train/section_00_source_train_normal_0684_noAttribute.wav,in_support,frequency_modulation,0.4403819441795349
bearingEmu/train/section_00_source_train_normal_0685_noAttribute.wav,in_support,frequency_modulation,0.2963264584541321
bearingEmu/train/section_00_source_train_normal_0686_noAttribute.wav,in_support,frequency_modulation,0.5970470905303955
bearingEmu/train/section_00_source_train_normal_0687_noAttribute.wav,in_support,frequency_modulation,0.3615838289260864
bearingEmu/train/section_00_source_train_normal_0688_noAttribute.wav,in_support,amplitude_modulation,0.8209894299507141
bearingEmu/train/section_00_source_train_normal_0689_noAttribute.wav,in_support,periodic_resonance,0.7417263388633728
bearingEmu/train/section_00_source_train_normal_0690_noAttribute.wav,in_support,frequency_modulation,0.5795576572418213
bearingEmu/train/section_00_source_train_normal_0691_noAttribute.wav,in_support,frequency_modulation,0.4565035104751587
bearingEmu/train/section_00_source_train_normal_0692_noAttribute.wav,in_support,amplitude_modulation,0.674624502658844
bearingEmu/train/section_00_source_train_normal_0693_noAttribute.wav,in_support,periodic_resonance,0.4504467844963074
bearingEmu/train/section_00_source_train_normal_0694_noAttribute.wav,in_support,amplitude_modulation,0.08704790472984314
bearingEmu/train/section_00_source_train_normal_0695_noAttribute.wav,in_support,frequency_modulation,0.15592274069786072
bearingEmu/train/section_00_source_train_normal_0696_noAttribute.wav,in_support,frequency_modulation,0.8989012241363525
bearingEmu/train/section_00_source_train_normal_0697_noAttribute.wav,in_support,frequency_modulation,0.3519676625728607
bearingEmu/train/section_00_source_train_normal_0698_noAttribute.wav,in_support,periodic_resonance,0.5689799785614014
bearingEmu/train/section_00_source_train_normal_0699_noAttribute.wav,in_support,amplitude_modulation,0.06682097166776657
bearingEmu/train/section_00_source_train_normal_0700_noAttribute.wav,in_support,amplitude_modulation,0.0825636014342308
bearingEmu/train/section_00_source_train_normal_0701_noAttribute.wav,in_support,periodic_resonance,0.9302312731742859
bearingEmu/train/section_00_source_train_normal_0702_noAttribute.wav,in_support,amplitude_modulation,0.5664221048355103
bearingEmu/train/section_00_source_train_normal_0703_noAttribute.wav,in_support,periodic_resonance,0.5804765224456787
bearingEmu/train/section_00_source_train_normal_0704_noAttribute.wav,in_support,frequency_modulation,0.36674821376800537
bearingEmu/train/section_00_source_train_normal_0705_noAttribute.wav,in_support,frequency_modulation,0.7658135890960693
bearingEmu/train/section_00_source_train_normal_0706_noAttribute.wav,in_support,periodic_resonance,0.7085011601448059
bearingEmu/train/section_00_source_train_normal_0707_noAttribute.wav,in_support,periodic_resonance,0.6893690824508667
bearingEmu/train/section_00_source_train_normal_0708_noAttribute.wav,in_support,frequency_modulation,0.7286794185638428
bearingEmu/train/section_00_source_train_normal_0709_noAttribute.wav,in_support,frequency_modulation,0.38188520073890686
bearingEmu/train/section_00_source_train_normal_0710_noAttribute.wav,in_support,periodic_resonance,0.8162642121315002
bearingEmu/train/section_00_source_train_normal_0711_noAttribute.wav,in_support,amplitude_modulation,0.9012848138809204
bearingEmu/train/section_00_source_train_normal_0712_noAttribute.wav,in_support,frequency_modulation,0.18203915655612946
bearingEmu/train/section_00_source_train_normal_0713_noAttribute.wav,in_support,amplitude_modulation,0.4429777264595032
bearingEmu/train/section_00_source_train_normal_0714_noAttribute.wav,in_support,frequency_modulation,0.26956698298454285
bearingEmu/train/section_00_source_train_normal_0715_noAttribute.wav,in_support,frequency_modulation,0.5073956251144409
bearingEmu/train/section_00_source_train_normal_0716_noAttribute.wav,in_support,amplitude_modulation,0.8604422807693481
bearingEmu/train/section_00_source_train_normal_0717_noAttribute.wav,in_support,amplitude_modulation,0.35355833172798157
bearingEmu/train/section_00_source_train_normal_0718_noAttribute.wav,in_support,periodic_resonance,0.5585694909095764
bearingEmu/train/section_00_source_train_normal_0719_noAttribute.wav,in_support,frequency_modulation,0.3087179958820343
bearingEmu/train/section_00_source_train_normal_0720_noAttribute.wav,in_support,frequency_modulation,0.7947635650634766
bearingEmu/train/section_00_source_train_normal_0721_noAttribute.wav,in_support,frequency_modulation,0.14243780076503754
bearingEmu/train/section_00_source_train_normal_0722_noAttribute.wav,in_support,periodic_resonance,0.6506105065345764
bearingEmu/train/section_00_source_train_normal_0723_noAttribute.wav,in_support,frequency_modulation,0.4499998688697815
bearingEmu/train/section_00_source_train_normal_0724_noAttribute.wav,in_support,amplitude_modulation,0.8815212845802307
bearingEmu/train/section_00_source_train_normal_0725_noAttribute.wav,in_support,frequency_modulation,0.052706487476825714
bearingEmu/train/section_00_source_train_normal_0726_noAttribute.wav,in_support,periodic_resonance,0.9569905400276184
bearingEmu/train/section_00_source_train_normal_0727_noAttribute.wav,in_support,amplitude_modulation,0.3785994052886963
bearingEmu/train/section_00_source_train_normal_0728_noAttribute.wav,in_support,periodic_resonance,0.98367840051651
bearingEmu/train/section_00_source_train_normal_0729_noAttribute.wav,in_support,frequency_modulation,0.38756054639816284
bearingEmu/train/section_00_source_train_normal_0730_noAttribute.wav,in_support,periodic_resonance,0.9045403003692627
bearingEmu/train/section_00_source_train_normal_0731_noAttribute.wav,in_support,amplitude_modulation,0.04430248588323593
bearingEmu/train/section_00_source_train_normal_0732_noAttribute.wav,in_support,periodic_resonance,0.18721182644367218
bearingEmu/train/section_00_source_train_normal_0733_noAttribute.wav,in_support,amplitude_modulation,0.3443700969219208
bearingEmu/train/section_00_source_train_normal_0734_noAttribute.wav,in_support,amplitude_modulation,0.530335009098053
bearingEmu/train/section_00_source_train_normal_0735_noAttribute.wav,in_support,amplitude_modulation,0.08021338284015656
bearingEmu/train/section_00_source_train_normal_0736_noAttribute.wav,in_support,periodic_resonance,0.20783792436122894
bearingEmu/train/section_00_source_train_normal_0737_noAttribute.wav,in_support,periodic_resonance,0.5129312872886658
bearingEmu/train/section_00_source_train_normal_0738_noAttribute.wav,in_support,frequency_modulation,0.419765830039978
bearingEmu/train/section_00_source_train_normal_0739_noAttribute.wav,in_support,frequency_modulation,0.3485242426395416
bearingEmu/train/section_00_source_train_normal_0740_noAttribute.wav,in_support,periodic_resonance,0.9156187176704407
bearingEmu/train/section_00_source_train_normal_0741_noAttribute.wav,in_support,amplitude_modulation,0.8440465331077576
bearingEmu/train/section_00_source_train_normal_0742_noAttribute.wav,in_support,amplitude_modulation,0.8790987730026245
bearingEmu/train/section_00_source_train_normal_0743_noAttribute.wav,in_support,amplitude_modulation,0.059746503829956055
bearingEmu/train/section_00_source_train_normal_0744_noAttribute.wav,in_support,amplitude_modulation,0.09441989660263062
bearingEmu/train/section_00_source_train_normal_0745_noAttribute.wav,in_support,amplitude_modulation,0.3866252303123474
bearingEmu/train/section_00_source_train_normal_0746_noAttribute.wav,in_support,amplitude_modulation,0.42778658866882324
bearingEmu/train/section_00_source_train_normal_0747_noAttribute.wav,in_support,frequency_modulation,0.10156586021184921
bearingEmu/train/section_00_source_train_normal_0748_noAttribute.wav,in_support,frequency_modulation,0.2560768723487854
bearingEmu/train/section_00_source_train_normal_0749_noAttribute.wav,in_support,periodic_resonance,0.9595138430595398
bearingEmu/train/section_00_source_train_normal_0750_noAttribute.wav,in_support,amplitude_modulation,0.4472825527191162
bearingEmu/train/section_00_source_train_normal_0751_noAttribute.wav,in_support,frequency_modulation,0.607029378414154
bearingEmu/train/section_00_source_train_normal_0752_noAttribute.wav,in_support,frequency_modulation,0.6579920053482056
bearingEmu/train/section_00_source_train_normal_0753_noAttribute.wav,in_support,periodic_resonance,0.4739510118961334
bearingEmu/train/section_00_source_train_normal_0754_noAttribute.wav,in_support,frequency_modulation,0.41741591691970825
bearingEmu/train/section_00_source_train_normal_0755_noAttribute.wav,in_support,amplitude_modulation,0.08380454778671265
bearingEmu/train/section_00_source_train_normal_0756_noAttribute.wav,in_support,periodic_resonance,0.21900595724582672
bearingEmu/train/section_00_source_train_normal_0757_noAttribute.wav,in_support,frequency_modulation,0.07666980475187302
bearingEmu/train/section_00_source_train_normal_0758_noAttribute.wav,in_support,periodic_resonance,0.18963631987571716
bearingEmu/train/section_00_source_train_normal_0759_noAttribute.wav,in_support,frequency_modulation,0.7480002045631409
bearingEmu/train/section_00_source_train_normal_0760_noAttribute.wav,in_support,periodic_resonance,0.45504871010780334
bearingEmu/train/section_00_source_train_normal_0761_noAttribute.wav,in_support,amplitude_modulation,0.47406700253486633
bearingEmu/train/section_00_source_train_normal_0762_noAttribute.wav,in_support,frequency_modulation,0.6196548342704773
bearingEmu/train/section_00_source_train_normal_0763_noAttribute.wav,in_support,frequency_modulation,0.12942691147327423
bearingEmu/train/section_00_source_train_normal_0764_noAttribute.wav,in_support,frequency_modulation,0.4515717923641205
bearingEmu/train/section_00_source_train_normal_0765_noAttribute.wav,in_support,periodic_resonance,0.7054670453071594
bearingEmu/train/section_00_source_train_normal_0766_noAttribute.wav,in_support,periodic_resonance,0.9562550187110901
bearingEmu/train/section_00_source_train_normal_0767_noAttribute.wav,in_support,frequency_modulation,0.19970931112766266
bearingEmu/train/section_00_source_train_normal_0768_noAttribute.wav,in_support,frequency_modulation,0.3578009009361267
bearingEmu/train/section_00_source_train_normal_0769_noAttribute.wav,in_support,amplitude_modulation,0.6850733160972595
bearingEmu/train/section_00_source_train_normal_0770_noAttribute.wav,in_support,frequency_modulation,0.37490469217300415
bearingEmu/train/section_00_source_train_normal_0771_noAttribute.wav,in_support,periodic_resonance,0.5329639911651611
bearingEmu/train/section_00_source_train_normal_0772_noAttribute.wav,in_support,frequency_modulation,0.4830697774887085
bearingEmu/train/section_00_source_train_normal_0773_noAttribute.wav,in_support,periodic_resonance,0.2881168723106384
bearingEmu/train/section_00_source_train_normal_0774_noAttribute.wav,in_support,periodic_resonance,0.6645586490631104
bearingEmu/train/section_00_source_train_normal_0775_noAttribute.wav,in_support,periodic_resonance,0.9909034967422485
bearingEmu/train/section_00_source_train_normal_0776_noAttribute.wav,in_support,amplitude_modulation,0.3959258496761322
bearingEmu/train/section_00_source_train_normal_0777_noAttribute.wav,in_support,periodic_resonance,0.15264369547367096
bearingEmu/train/section_00_source_train_normal_0778_noAttribute.wav,in_support,amplitude_modulation,0.9122048616409302
bearingEmu/train/section_00_source_train_normal_0779_noAttribute.wav,in_support,periodic_resonance,0.9608971476554871
bearingEmu/train/section_00_source_train_normal_0780_noAttribute.wav,in_support,periodic_resonance,0.1504441648721695
bearingEmu/train/section_00_source_train_normal_0781_noAttribute.wav,in_support,periodic_resonance,0.7038042545318604
bearingEmu/train/section_00_source_train_normal_0782_noAttribute.wav,in_support,amplitude_modulation,0.7357998490333557
bearingEmu/train/section_00_source_train_normal_0783_noAttribute.wav,in_support,frequency_modulation,0.2035641372203827
bearingEmu/train/section_00_source_train_normal_0784_noAttribute.wav,in_support,amplitude_modulation,0.13806703686714172
bearingEmu/train/section_00_source_train_normal_0785_noAttribute.wav,in_support,amplitude_modulation,0.555769145488739
bearingEmu/train/section_00_source_train_normal_0786_noAttribute.wav,in_support,amplitude_modulation,0.06913434714078903
bearingEmu/train/section_00_source_train_normal_0787_noAttribute.wav,in_support,periodic_resonance,0.22718414664268494
bearingEmu/train/section_00_source_train_normal_0788_noAttribute.wav,in_support,frequency_modulation,0.20227578282356262
bearingEmu/train/section_00_source_train_normal_0789_noAttribute.wav,in_support,amplitude_modulation,0.7876765131950378
bearingEmu/train/section_00_source_train_normal_0790_noAttribute.wav,in_support,amplitude_modulation,0.11162984371185303
bearingEmu/train/section_00_source_train_normal_0791_noAttribute.wav,in_support,amplitude_modulation,0.6322426795959473
bearingEmu/train/section_00_source_train_normal_0792_noAttribute.wav,in_support,frequency_modulation,0.4853347837924957
bearingEmu/train/section_00_source_train_normal_0793_noAttribute.wav,in_support,amplitude_modulation,0.5816123485565186
bearingEmu/train/section_00_source_train_normal_0794_noAttribute.wav,in_support,periodic_resonance,0.38981762528419495
bearingEmu/train/section_00_source_train_normal_0795_noAttribute.wav,in_support,amplitude_modulation,0.48489242792129517
bearingEmu/train/section_00_source_train_normal_0796_noAttribute.wav,in_support,frequency_modulation,0.3966951072216034
bearingEmu/train/section_00_source_train_normal_0797_noAttribute.wav,in_support,periodic_resonance,0.16080006957054138
bearingEmu/train/section_00_source_train_normal_0798_noAttribute.wav,in_support,amplitude_modulation,0.8972831964492798
bearingEmu/train/section_00_source_train_normal_0799_noAttribute.wav,in_support,frequency_modulation,0.8322705030441284
bearingEmu/train/section_00_source_train_normal_0800_noAttribute.wav,in_support,frequency_modulation,0.8136737942695618
bearingEmu/train/section_00_source_train_normal_0801_noAttribute.wav,in_support,frequency_modulation,0.7846296429634094
bearingEmu/train/section_00_source_train_normal_0802_noAttribute.wav,in_support,amplitude_modulation,0.7544683218002319
bearingEmu/train/section_00_source_train_normal_0803_noAttribute.wav,in_support,periodic_resonance,0.9242291450500488
bearingEmu/train/section_00_source_train_normal_0804_noAttribute.wav,in_support,periodic_resonance,0.6063191890716553
bearingEmu/train/section_00_source_train_normal_0805_noAttribute.wav,in_support,frequency_modulation,0.37620487809181213
bearingEmu/train/section_00_source_train_normal_0806_noAttribute.wav,in_support,periodic_resonance,0.9868294596672058
bearingEmu/train/section_00_source_train_normal_0807_noAttribute.wav,in_support,periodic_resonance,0.8536533713340759
bearingEmu/train/section_00_source_train_normal_0808_noAttribute.wav,in_support,amplitude_modulation,0.2630143463611603
bearingEmu/train/section_00_source_train_normal_0809_noAttribute.wav,in_support,amplitude_modulation,0.31438302993774414
bearingEmu/train/section_00_source_train_normal_0810_noAttribute.wav,in_support,amplitude_modulation,0.8734037280082703
bearingEmu/train/section_00_source_train_normal_0811_noAttribute.wav,in_support,amplitude_modulation,0.9377199411392212
bearingEmu/train/section_00_source_train_normal_0812_noAttribute.wav,in_support,frequency_modulation,0.3743332028388977
bearingEmu/train/section_00_source_train_normal_0813_noAttribute.wav,in_support,frequency_modulation,0.10264743119478226
bearingEmu/train/section_00_source_train_normal_0814_noAttribute.wav,in_support,frequency_modulation,0.12261547893285751
bearingEmu/train/section_00_source_train_normal_0815_noAttribute.wav,in_support,amplitude_modulation,0.2990168333053589
bearingEmu/train/section_00_source_train_normal_0816_noAttribute.wav,in_support,frequency_modulation,0.15620993077754974
bearingEmu/train/section_00_source_train_normal_0817_noAttribute.wav,in_support,amplitude_modulation,0.5795714259147644
bearingEmu/train/section_00_source_train_normal_0818_noAttribute.wav,in_support,frequency_modulation,0.48336219787597656
bearingEmu/train/section_00_source_train_normal_0819_noAttribute.wav,in_support,periodic_resonance,0.9130852222442627
bearingEmu/train/section_00_source_train_normal_0820_noAttribute.wav,in_support,frequency_modulation,0.4742623269557953
bearingEmu/train/section_00_source_train_normal_0821_noAttribute.wav,in_support,frequency_modulation,0.04767853766679764
bearingEmu/train/section_00_source_train_normal_0822_noAttribute.wav,in_support,periodic_resonance,0.7010937929153442
bearingEmu/train/section_00_source_train_normal_0823_noAttribute.wav,in_support,frequency_modulation,0.11938858777284622
bearingEmu/train/section_00_source_train_normal_0824_noAttribute.wav,in_support,periodic_resonance,0.5755913257598877
bearingEmu/train/section_00_source_train_normal_0825_noAttribute.wav,in_support,frequency_modulation,0.5261296033859253
bearingEmu/train/section_00_source_train_normal_0826_noAttribute.wav,in_support,periodic_resonance,0.5772626399993896
bearingEmu/train/section_00_source_train_normal_0827_noAttribute.wav,in_support,frequency_modulation,0.497549831867218
bearingEmu/train/section_00_source_train_normal_0828_noAttribute.wav,in_support,periodic_resonance,0.5801011323928833
bearingEmu/train/section_00_source_train_normal_0829_noAttribute.wav,in_support,amplitude_modulation,0.8533154726028442
bearingEmu/train/section_00_source_train_normal_0830_noAttribute.wav,in_support,periodic_resonance,0.6455270051956177
bearingEmu/train/section_00_source_train_normal_0831_noAttribute.wav,in_support,periodic_resonance,0.5243641138076782
bearingEmu/train/section_00_source_train_normal_0832_noAttribute.wav,in_support,periodic_resonance,0.17650854587554932
bearingEmu/train/section_00_source_train_normal_0833_noAttribute.wav,in_support,frequency_modulation,0.3189404308795929
bearingEmu/train/section_00_source_train_normal_0834_noAttribute.wav,in_support,amplitude_modulation,0.5528918504714966
bearingEmu/train/section_00_source_train_normal_0835_noAttribute.wav,in_support,amplitude_modulation,0.6140972375869751
bearingEmu/train/section_00_source_train_normal_0836_noAttribute.wav,in_support,frequency_modulation,0.09524554014205933
bearingEmu/train/section_00_source_train_normal_0837_noAttribute.wav,in_support,periodic_resonance,0.6913886666297913
bearingEmu/train/section_00_source_train_normal_0838_noAttribute.wav,in_support,frequency_modulation,0.2760962247848511
bearingEmu/train/section_00_source_train_normal_0839_noAttribute.wav,in_support,amplitude_modulation,0.6436942219734192
bearingEmu/train/section_00_source_train_normal_0840_noAttribute.wav,in_support,frequency_modulation,0.31900614500045776
bearingEmu/train/section_00_source_train_normal_0841_noAttribute.wav,in_support,amplitude_modulation,0.9263291954994202
bearingEmu/train/section_00_source_train_normal_0842_noAttribute.wav,in_support,frequency_modulation,0.37971484661102295
bearingEmu/train/section_00_source_train_normal_0843_noAttribute.wav,in_support,frequency_modulation,0.10384237766265869
bearingEmu/train/section_00_source_train_normal_0844_noAttribute.wav,in_support,frequency_modulation,0.5928946137428284
bearingEmu/train/section_00_source_train_normal_0845_noAttribute.wav,in_support,amplitude_modulation,0.23742049932479858
bearingEmu/train/section_00_source_train_normal_0846_noAttribute.wav,in_support,amplitude_modulation,0.03934476524591446
bearingEmu/train/section_00_source_train_normal_0847_noAttribute.wav,in_support,periodic_resonance,0.9622597694396973
bearingEmu/train/section_00_source_train_normal_0848_noAttribute.wav,in_support,periodic_resonance,0.16891317069530487
bearingEmu/train/section_00_source_train_normal_0849_noAttribute.wav,in_support,amplitude_modulation,0.579673171043396
bearingEmu/train/section_00_source_train_normal_0850_noAttribute.wav,in_support,frequency_modulation,0.5872624516487122
bearingEmu/train/section_00_source_train_normal_0851_noAttribute.wav,in_support,periodic_resonance,0.9674871563911438
bearingEmu/train/section_00_source_train_normal_0852_noAttribute.wav,in_support,amplitude_modulation,0.5098932385444641
bearingEmu/train/section_00_source_train_normal_0853_noAttribute.wav,in_support,frequency_modulation,0.7518150210380554
bearingEmu/train/section_00_source_train_normal_0854_noAttribute.wav,in_support,amplitude_modulation,0.5801878571510315
bearingEmu/train/section_00_source_train_normal_0855_noAttribute.wav,in_support,periodic_resonance,0.9265729188919067
bearingEmu/train/section_00_source_train_normal_0856_noAttribute.wav,in_support,periodic_resonance,0.16110947728157043
bearingEmu/train/section_00_source_train_normal_0857_noAttribute.wav,in_support,periodic_resonance,0.2092185616493225
bearingEmu/train/section_00_source_train_normal_0858_noAttribute.wav,in_support,amplitude_modulation,0.16888748109340668
bearingEmu/train/section_00_source_train_normal_0859_noAttribute.wav,in_support,periodic_resonance,0.9731574058532715
bearingEmu/train/section_00_source_train_normal_0860_noAttribute.wav,in_support,periodic_resonance,0.2636187672615051
bearingEmu/train/section_00_source_train_normal_0861_noAttribute.wav,in_support,frequency_modulation,0.7060779929161072
bearingEmu/train/section_00_source_train_normal_0862_noAttribute.wav,in_support,frequency_modulation,0.8072836399078369
bearingEmu/train/section_00_source_train_normal_0863_noAttribute.wav,in_support,periodic_resonance,0.49079540371894836
bearingEmu/train/section_00_source_train_normal_0864_noAttribute.wav,in_support,periodic_resonance,0.4863809049129486
bearingEmu/train/section_00_source_train_normal_0865_noAttribute.wav,in_support,amplitude_modulation,0.880443274974823
bearingEmu/train/section_00_source_train_normal_0866_noAttribute.wav,in_support,periodic_resonance,0.8554437756538391
bearingEmu/train/section_00_source_train_normal_0867_noAttribute.wav,in_support,frequency_modulation,0.6042408347129822
bearingEmu/train/section_00_source_train_normal_0868_noAttribute.wav,in_support,periodic_resonance,0.9880536198616028
bearingEmu/train/section_00_source_train_normal_0869_noAttribute.wav,in_support,periodic_resonance,0.55607670545578
bearingEmu/train/section_00_source_train_normal_0870_noAttribute.wav,in_support,periodic_resonance,0.428348183631897
bearingEmu/train/section_00_source_train_normal_0871_noAttribute.wav,in_support,periodic_resonance,0.7959814667701721
bearingEmu/train/section_00_source_train_normal_0872_noAttribute.wav,in_support,amplitude_modulation,0.1804795116186142
bearingEmu/train/section_00_source_train_normal_0873_noAttribute.wav,in_support,amplitude_modulation,0.10061165690422058
bearingEmu/train/section_00_source_train_normal_0874_noAttribute.wav,in_support,periodic_resonance,0.22180436551570892
bearingEmu/train/section_00_source_train_normal_0875_noAttribute.wav,in_support,amplitude_modulation,0.9216334223747253
bearingEmu/train/section_00_source_train_normal_0876_noAttribute.wav,in_support,periodic_resonance,0.8557839393615723
bearingEmu/train/section_00_source_train_normal_0877_noAttribute.wav,in_support,amplitude_modulation,0.8792434930801392
bearingEmu/train/section_00_source_train_normal_0878_noAttribute.wav,in_support,amplitude_modulation,0.7374317646026611
bearingEmu/train/section_00_source_train_normal_0879_noAttribute.wav,in_support,periodic_resonance,0.26340749859809875
bearingEmu/train/section_00_source_train_normal_0880_noAttribute.wav,in_support,amplitude_modulation,0.12173613905906677
bearingEmu/train/section_00_source_train_normal_0881_noAttribute.wav,in_support,periodic_resonance,0.7362996935844421
bearingEmu/train/section_00_source_train_normal_0882_noAttribute.wav,in_support,amplitude_modulation,0.6009857058525085
bearingEmu/train/section_00_source_train_normal_0883_noAttribute.wav,in_support,frequency_modulation,0.12504900991916656
bearingEmu/train/section_00_source_train_normal_0884_noAttribute.wav,in_support,frequency_modulation,0.5509599447250366
bearingEmu/train/section_00_source_train_normal_0885_noAttribute.wav,in_support,frequency_modulation,0.29199710488319397
bearingEmu/train/section_00_source_train_normal_0886_noAttribute.wav,in_support,amplitude_modulation,0.36819911003112793
bearingEmu/train/section_00_source_train_normal_0887_noAttribute.wav,in_support,amplitude_modulation,0.10650521516799927
bearingEmu/train/section_00_source_train_normal_0888_noAttribute.wav,in_support,frequency_modulation,0.09452429413795471
bearingEmu/train/section_00_source_train_normal_0889_noAttribute.wav,in_support,amplitude_modulation,0.047435179352760315
bearingEmu/train/section_00_source_train_normal_0890_noAttribute.wav,in_support,frequency_modulation,0.5996048450469971
bearingEmu/train/section_00_source_train_normal_0891_noAttribute.wav,in_support,periodic_resonance,0.7393224835395813
bearingEmu/train/section_00_source_train_normal_0892_noAttribute.wav,in_support,amplitude_modulation,0.05505533888936043
bearingEmu/train/section_00_source_train_normal_0893_noAttribute.wav,in_support,amplitude_modulation,0.3913710415363312
bearingEmu/train/section_00_source_train_normal_0894_noAttribute.wav,in_support,frequency_modulation,0.5912017226219177
bearingEmu/train/section_00_source_train_normal_0895_noAttribute.wav,in_support,periodic_resonance,0.5239638686180115
bearingEmu/train/section_00_source_train_normal_0896_noAttribute.wav,in_support,amplitude_modulation,0.7759636640548706
bearingEmu/train/section_00_source_train_normal_0897_noAttribute.wav,in_support,periodic_resonance,0.1294935941696167
bearingEmu/train/section_00_source_train_normal_0898_noAttribute.wav,in_support,periodic_resonance,0.9524924755096436
bearingEmu/train/section_00_source_train_normal_0899_noAttribute.wav,in_support,periodic_resonance,0.7460765242576599
bearingEmu/train/section_00_source_train_normal_0900_noAttribute.wav,in_support,periodic_resonance,0.6510584354400635
bearingEmu/train/section_00_source_train_normal_0901_noAttribute.wav,in_support,periodic_resonance,0.652057945728302
bearingEmu/train/section_00_source_train_normal_0902_noAttribute.wav,in_support,frequency_modulation,0.4478009045124054
bearingEmu/train/section_00_source_train_normal_0903_noAttribute.wav,in_support,frequency_modulation,0.4648956060409546
bearingEmu/train/section_00_source_train_normal_0904_noAttribute.wav,in_support,periodic_resonance,0.8132961392402649
bearingEmu/train/section_00_source_train_normal_0905_noAttribute.wav,in_support,periodic_resonance,0.7316209673881531
bearingEmu/train/section_00_source_train_normal_0906_noAttribute.wav,in_support,frequency_modulation,0.4873846173286438
bearingEmu/train/section_00_source_train_normal_0907_noAttribute.wav,in_support,periodic_resonance,0.2271682769060135
bearingEmu/train/section_00_source_train_normal_0908_noAttribute.wav,in_support,frequency_modulation,0.4434681534767151
bearingEmu/train/section_00_source_train_normal_0909_noAttribute.wav,in_support,frequency_modulation,0.20951585471630096
bearingEmu/train/section_00_source_train_normal_0910_noAttribute.wav,in_support,amplitude_modulation,0.9087167978286743
bearingEmu/train/section_00_source_train_normal_0911_noAttribute.wav,in_support,amplitude_modulation,0.1297956109046936
bearingEmu/train/section_00_source_train_normal_0912_noAttribute.wav,in_support,periodic_resonance,0.6980921030044556
bearingEmu/train/section_00_source_train_normal_0913_noAttribute.wav,in_support,frequency_modulation,0.6471983790397644
bearingEmu/train/section_00_source_train_normal_0914_noAttribute.wav,in_support,amplitude_modulation,0.08981122076511383
bearingEmu/train/section_00_source_train_normal_0915_noAttribute.wav,in_support,periodic_resonance,0.5328933000564575
bearingEmu/train/section_00_source_train_normal_0916_noAttribute.wav,in_support,amplitude_modulation,0.6231114268302917
bearingEmu/train/section_00_source_train_normal_0917_noAttribute.wav,in_support,periodic_resonance,0.751441240310669
bearingEmu/train/section_00_source_train_normal_0918_noAttribute.wav,in_support,amplitude_modulation,0.8800986409187317
bearingEmu/train/section_00_source_train_normal_0919_noAttribute.wav,in_support,frequency_modulation,0.431469589471817
bearingEmu/train/section_00_source_train_normal_0920_noAttribute.wav,in_support,periodic_resonance,0.11302923411130905
bearingEmu/train/section_00_source_train_normal_0921_noAttribute.wav,in_support,periodic_resonance,0.09157339483499527
bearingEmu/train/section_00_source_train_normal_0922_noAttribute.wav,in_support,frequency_modulation,0.6495206952095032
bearingEmu/train/section_00_source_train_normal_0923_noAttribute.wav,in_support,frequency_modulation,0.11948949843645096
bearingEmu/train/section_00_source_train_normal_0924_noAttribute.wav,in_support,frequency_modulation,0.07268328964710236
bearingEmu/train/section_00_source_train_normal_0925_noAttribute.wav,in_support,frequency_modulation,0.14754769206047058
bearingEmu/train/section_00_source_train_normal_0926_noAttribute.wav,in_support,frequency_modulation,0.1780412197113037
bearingEmu/train/section_00_source_train_normal_0927_noAttribute.wav,in_support,frequency_modulation,0.2636091411113739
bearingEmu/train/section_00_source_train_normal_0928_noAttribute.wav,in_support,periodic_resonance,0.814471960067749
bearingEmu/train/section_00_source_train_normal_0929_noAttribute.wav,in_support,frequency_modulation,0.9633769989013672
bearingEmu/train/section_00_source_train_normal_0930_noAttribute.wav,in_support,periodic_resonance,0.37804555892944336
bearingEmu/train/section_00_source_train_normal_0931_noAttribute.wav,in_support,amplitude_modulation,0.6162740588188171
bearingEmu/train/section_00_source_train_normal_0932_noAttribute.wav,in_support,periodic_resonance,0.34081366658210754
bearingEmu/train/section_00_source_train_normal_0933_noAttribute.wav,in_support,amplitude_modulation,0.8927111625671387
bearingEmu/train/section_00_source_train_normal_0934_noAttribute.wav,in_support,frequency_modulation,0.3816971778869629
bearingEmu/train/section_00_source_train_normal_0935_noAttribute.wav,in_support,frequency_modulation,0.20132224261760712
bearingEmu/train/section_00_source_train_normal_0936_noAttribute.wav,in_support,periodic_resonance,0.9368049502372742
bearingEmu/train/section_00_source_train_normal_0937_noAttribute.wav,in_support,periodic_resonance,0.8063104748725891
bearingEmu/train/section_00_source_train_normal_0938_noAttribute.wav,in_support,periodic_resonance,0.28805744647979736
bearingEmu/train/section_00_source_train_normal_0939_noAttribute.wav,in_support,amplitude_modulation,0.8155518770217896
bearingEmu/train/section_00_source_train_normal_0940_noAttribute.wav,in_support,periodic_resonance,0.6279146075248718
bearingEmu/train/section_00_source_train_normal_0941_noAttribute.wav,in_support,periodic_resonance,0.6793203353881836
bearingEmu/train/section_00_source_train_normal_0942_noAttribute.wav,in_support,frequency_modulation,0.44291290640830994
bearingEmu/train/section_00_source_train_normal_0943_noAttribute.wav,in_support,periodic_resonance,0.2984180450439453
bearingEmu/train/section_00_source_train_normal_0944_noAttribute.wav,in_support,periodic_resonance,0.3856915235519409
bearingEmu/train/section_00_source_train_normal_0945_noAttribute.wav,in_support,amplitude_modulation,0.048634402453899384
bearingEmu/train/section_00_source_train_normal_0946_noAttribute.wav,in_support,amplitude_modulation,0.8127281069755554
bearingEmu/train/section_00_source_train_normal_0947_noAttribute.wav,in_support,periodic_resonance,0.67307049036026
bearingEmu/train/section_00_source_train_normal_0948_noAttribute.wav,in_support,amplitude_modulation,0.912394106388092
bearingEmu/train/section_00_source_train_normal_0949_noAttribute.wav,in_support,frequency_modulation,0.7084627151489258
bearingEmu/train/section_00_source_train_normal_0950_noAttribute.wav,in_support,frequency_modulation,0.1025521531701088
bearingEmu/train/section_00_source_train_normal_0951_noAttribute.wav,in_support,amplitude_modulation,0.09057977795600891
bearingEmu/train/section_00_source_train_normal_0952_noAttribute.wav,in_support,amplitude_modulation,0.4082799553871155
bearingEmu/train/section_00_source_train_normal_0953_noAttribute.wav,in_support,amplitude_modulation,0.625457763671875
bearingEmu/train/section_00_source_train_normal_0954_noAttribute.wav,in_support,frequency_modulation,0.18696071207523346
bearingEmu/train/section_00_source_train_normal_0955_noAttribute.wav,in_support,frequency_modulation,0.3952798843383789
bearingEmu/train/section_00_source_train_normal_0956_noAttribute.wav,in_support,periodic_resonance,0.43481141328811646
bearingEmu/train/section_00_source_train_normal_0957_noAttribute.wav,in_support,frequency_modulation,0.17820358276367188
bearingEmu/train/section_00_source_train_normal_0958_noAttribute.wav,in_support,amplitude_modulation,0.8616101741790771
bearingEmu/train/section_00_source_train_normal_0959_noAttribute.wav,in_support,periodic_resonance,0.8612746596336365
bearingEmu/train/section_00_source_train_normal_0960_noAttribute.wav,in_support,frequency_modulation,0.2819247841835022
bearingEmu/train/section_00_source_train_normal_0961_noAttribute.wav,in_support,periodic_resonance,0.9378924369812012
bearingEmu/train/section_00_source_train_normal_0962_noAttribute.wav,in_support,periodic_resonance,0.6396945714950562
bearingEmu/train/section_00_source_train_normal_0963_noAttribute.wav,in_support,periodic_resonance,0.9660047292709351
bearingEmu/train/section_00_source_train_normal_0964_noAttribute.wav,in_support,periodic_resonance,0.866279125213623
bearingEmu/train/section_00_source_train_normal_0965_noAttribute.wav,in_support,amplitude_modulation,0.5592186450958252
bearingEmu/train/section_00_source_train_normal_0966_noAttribute.wav,in_support,periodic_resonance,0.5003340840339661
bearingEmu/train/section_00_source_train_normal_0967_noAttribute.wav,in_support,periodic_resonance,0.1300540417432785
bearingEmu/train/section_00_source_train_normal_0968_noAttribute.wav,in_support,frequency_modulation,0.4643779397010803
bearingEmu/train/section_00_source_train_normal_0969_noAttribute.wav,in_support,frequency_modulation,0.5435931086540222
bearingEmu/train/section_00_source_train_normal_0970_noAttribute.wav,in_support,amplitude_modulation,0.7799558639526367
bearingEmu/train/section_00_source_train_normal_0971_noAttribute.wav,in_support,periodic_resonance,0.9712880253791809
bearingEmu/train/section_00_source_train_normal_0972_noAttribute.wav,in_support,amplitude_modulation,0.058193184435367584
bearingEmu/train/section_00_source_train_normal_0973_noAttribute.wav,in_support,frequency_modulation,0.548006534576416
bearingEmu/train/section_00_source_train_normal_0974_noAttribute.wav,in_support,periodic_resonance,0.9386127591133118
bearingEmu/train/section_00_source_train_normal_0975_noAttribute.wav,in_support,frequency_modulation,0.8689208030700684
bearingEmu/train/section_00_source_train_normal_0976_noAttribute.wav,in_support,periodic_resonance,0.23756124079227448
bearingEmu/train/section_00_source_train_normal_0977_noAttribute.wav,in_support,amplitude_modulation,0.7288258075714111
bearingEmu/train/section_00_source_train_normal_0978_noAttribute.wav,in_support,frequency_modulation,0.43781769275665283
bearingEmu/train/section_00_source_train_normal_0979_noAttribute.wav,in_support,frequency_modulation,0.29217857122421265
bearingEmu/train/section_00_source_train_normal_0980_noAttribute.wav,in_support,periodic_resonance,0.4405681788921356
bearingEmu/train/section_00_source_train_normal_0981_noAttribute.wav,in_support,periodic_resonance,0.8550816774368286
bearingEmu/train/section_00_source_train_normal_0982_noAttribute.wav,in_support,frequency_modulation,0.11352046579122543
bearingEmu/train/section_00_source_train_normal_0983_noAttribute.wav,in_support,amplitude_modulation,0.401244580745697
bearingEmu/train/section_00_source_train_normal_0984_noAttribute.wav,in_support,amplitude_modulation,0.05269718915224075
bearingEmu/train/section_00_source_train_normal_0985_noAttribute.wav,in_support,frequency_modulation,0.15689320862293243
bearingEmu/train/section_00_source_train_normal_0986_noAttribute.wav,in_support,frequency_modulation,0.39224740862846375
bearingEmu/train/section_00_source_train_normal_0987_noAttribute.wav,in_support,frequency_modulation,0.18579207360744476
bearingEmu/train/section_00_source_train_normal_0988_noAttribute.wav,in_support,periodic_resonance,0.4196670949459076
bearingEmu/train/section_00_source_train_normal_0989_noAttribute.wav,in_support,periodic_resonance,0.8538913726806641
bearingEmu/train/section_00_target_train_normal_0000_noAttribute.wav,in_support,frequency_modulation,0.21860842406749725
bearingEmu/train/section_00_target_train_normal_0001_noAttribute.wav,in_support,periodic_resonance,0.8631793856620789
bearingEmu/train/section_00_target_train_normal_0002_noAttribute.wav,in_support,amplitude_modulation,0.057937439531087875
bearingEmu/train/section_00_target_train_normal_0003_noAttribute.wav,in_support,amplitude_modulation,0.12694978713989258
bearingEmu/train/section_00_target_train_normal_0004_noAttribute.wav,in_support,amplitude_modulation,0.4272078275680542
bearingEmu/train/section_00_target_train_normal_0005_noAttribute.wav,in_support,amplitude_modulation,0.10500776022672653
bearingEmu/train/section_00_target_train_normal_0006_noAttribute.wav,in_support,frequency_modulation,0.5659374594688416
bearingEmu/train/section_00_target_train_normal_0007_noAttribute.wav,in_support,amplitude_modulation,0.9275608062744141
bearingEmu/train/section_00_target_train_normal_0008_noAttribute.wav,in_support,periodic_resonance,0.6429265737533569
bearingEmu/train/section_00_target_train_normal_0009_noAttribute.wav,in_support,frequency_modulation,0.7114595770835876
fan/train/section_00_source_train_normal_0000_spd_1.wav,in_support,amplitude_modulation,0.8003261089324951
fan/train/section_00_source_train_normal_0001_spd_3.wav,in_support,periodic_resonance,0.9428847432136536
fan/train/section_00_source_train_normal_0002_spd_2.wav,in_support,frequency_modulation,0.8721399307250977
fan/train/section_00_source_train_normal_0003_spd_3.wav,in_support,amplitude_modulation,0.4852421283721924
fan/train/section_00_source_train_normal_0004_spd_1.wav,in_support,periodic_resonance,0.5331649780273438
fan/train/section_00_source_train_normal_0005_spd_2.wav,in_support,amplitude_modulation,0.6139025688171387
fan/train/section_00_source_train_normal_0006_spd_3.wav,in_support,periodic_resonance,0.8495796322822571
fan/train/section_00_source_train_normal_0007_spd_3.wav,in_support,frequency_modulation,0.8964036107063293
fan/train/section_00_source_train_normal_0008_spd_2.wav,in_support,periodic_resonance,0.8817626237869263
fan/train/section_00_source_train_normal_0009_spd_3.wav,in_support,frequency_modulation,0.2048499435186386
fan/train/section_00_source_train_normal_0010_spd_1.wav,in_support,periodic_resonance,0.9140074253082275
fan/train/section_00_source_train_normal_0011_spd_3.wav,in_support,frequency_modulation,0.29136955738067627
fan/train/section_00_source_train_normal_0012_spd_1.wav,in_support,periodic_resonance,0.9474811553955078
fan/train/section_00_source_train_normal_0013_spd_1.wav,in_support,frequency_modulation,0.5761607885360718
fan/train/section_00_source_train_normal_0014_spd_1.wav,in_support,frequency_modulation,0.38399070501327515
fan/train/section_00_source_train_normal_0015_spd_3.wav,in_support,periodic_resonance,0.843324601650238
fan/train/section_00_source_train_normal_0016_spd_1.wav,in_support,periodic_resonance,0.9176205396652222
fan/train/section_00_source_train_normal_0017_spd_3.wav,in_support,frequency_modulation,0.2872348129749298
fan/train/section_00_source_train_normal_0018_spd_2.wav,in_support,amplitude_modulation,0.9005939960479736
fan/train/section_00_source_train_normal_0019_spd_1.wav,in_support,amplitude_modulation,0.05953792482614517
fan/train/section_00_source_train_normal_0020_spd_2.wav,in_support,periodic_resonance,0.8182175159454346
fan/train/section_00_source_train_normal_0021_spd_3.wav,in_support,periodic_resonance,0.89410001039505
fan/train/section_00_source_train_normal_0022_spd_2.wav,in_support,periodic_resonance,0.4443747401237488
fan/train/section_00_source_train_normal_0023_spd_1.wav,in_support,periodic_resonance,0.475023478269577
fan/train/section_00_source_train_normal_0024_spd_1.wav,in_support,periodic_resonance,0.9200016856193542
fan/train/section_00_source_train_normal_0025_spd_2.wav,in_support,frequency_modulation,0.9060722589492798
fan/train/section_00_source_train_normal_0026_spd_2.wav,in_support,amplitude_modulation,0.4839285612106323
fan/train/section_00_source_train_normal_0027_spd_2.wav,in_support,frequency_modulation,0.43392908573150635
fan/train/section_00_source_train_normal_0028_spd_2.wav,in_support,amplitude_modulation,0.08647466450929642
fan/train/section_00_source_train_normal_0029_spd_2.wav,in_support,frequency_modulation,0.6108298897743225
fan/train/section_00_source_train_normal_0030_spd_3.wav,in_support,frequency_modulation,0.44710206985473633
fan/train/section_00_source_train_normal_0031_spd_3.wav,in_support,frequency_modulation,0.45328858494758606
fan/train/section_00_source_train_normal_0032_spd_2.wav,in_support,frequency_modulation,0.42372751235961914
fan/train/section_00_source_train_normal_0033_spd_1.wav,in_support,frequency_modulation,0.2616337239742279
fan/train/section_00_source_train_normal_0034_spd_3.wav,in_support,periodic_resonance,0.9734090566635132
fan/train/section_00_source_train_normal_0035_spd_2.wav,in_support,periodic_resonance,0.9214116930961609
fan/train/section_00_source_train_normal_0036_spd_2.wav,in_support,amplitude_modulation,0.7029479742050171
fan/train/section_00_source_train_normal_0037_spd_1.wav,in_support,frequency_modulation,0.5399028062820435
fan/train/section_00_source_train_normal_0038_spd_1.wav,in_support,frequency_modulation,0.6185806393623352
fan/train/section_00_source_train_normal_0039_spd_1.wav,in_support,amplitude_modulation,0.20376849174499512
fan/train/section_00_source_train_normal_0040_spd_3.wav,in_support,periodic_resonance,0.9658609628677368
fan/train/section_00_source_train_normal_0041_spd_1.wav,in_support,amplitude_modulation,0.29298511147499084
fan/train/section_00_source_train_normal_0042_spd_3.wav,in_support,amplitude_modulation,0.8931226134300232
fan/train/section_00_source_train_normal_0043_spd_3.wav,in_support,periodic_resonance,0.8524798154830933
fan/train/section_00_source_train_normal_0044_spd_3.wav,in_support,amplitude_modulation,0.1511687934398651
fan/train/section_00_source_train_normal_0045_spd_3.wav,in_support,frequency_modulation,0.8686630725860596
fan/train/section_00_source_train_normal_0046_spd_2.wav,in_support,amplitude_modulation,0.052804794162511826
fan/train/section_00_source_train_normal_0047_spd_3.wav,in_support,amplitude_modulation,0.8623479008674622
fan/train/section_00_source_train_normal_0048_spd_3.wav,in_support,amplitude_modulation,0.9427273869514465
fan/train/section_00_source_train_normal_0049_spd_1.wav,in_support,periodic_resonance,0.6458654999732971
fan/train/section_00_source_train_normal_0050_spd_2.wav,in_support,amplitude_modulation,0.5776601433753967
fan/train/section_00_source_train_normal_0051_spd_2.wav,in_support,frequency_modulation,0.7245277762413025
fan/train/section_00_source_train_normal_0052_spd_3.wav,in_support,periodic_resonance,0.953448474407196
fan/train/section_00_source_train_normal_0053_spd_1.wav,in_support,periodic_resonance,0.6681382060050964
fan/train/section_00_source_train_normal_0054_spd_1.wav,in_support,frequency_modulation,0.9107110500335693
fan/train/section_00_source_train_normal_0055_spd_2.wav,in_support,amplitude_modulation,0.20464693009853363
fan/train/section_00_source_train_normal_0056_spd_2.wav,in_support,frequency_modulation,0.44976338744163513
fan/train/section_00_source_train_normal_0057_spd_3.wav,in_support,periodic_resonance,0.8566808104515076
fan/train/section_00_source_train_normal_0058_spd_1.wav,in_support,amplitude_modulation,0.10913746803998947
fan/train/section_00_source_train_normal_0059_spd_1.wav,in_support,frequency_modulation,0.5239638090133667
fan/train/section_00_source_train_normal_0060_spd_3.wav,in_support,frequency_modulation,0.9093815088272095
fan/train/section_00_source_train_normal_0061_spd_2.wav,in_support,amplitude_modulation,0.3436179459095001
fan/train/section_00_source_train_normal_0062_spd_3.wav,in_support,frequency_modulation,0.9516999125480652
fan/train/section_00_source_train_normal_0063_spd_2.wav,in_support,amplitude_modulation,0.731458842754364
fan/train/section_00_source_train_normal_0064_spd_2.wav,in_support,amplitude_modulation,0.816115140914917
fan/train/section_00_source_train_normal_0065_spd_3.wav,in_support,frequency_modulation,0.6170136332511902
fan/train/section_00_source_train_normal_0066_spd_3.wav,in_support,frequency_modulation,0.4302697479724884
fan/train/section_00_source_train_normal_0067_spd_2.wav,in_support,frequency_modulation,0.4059765934944153
fan/train/section_00_source_train_normal_0068_spd_3.wav,in_support,periodic_resonance,0.8981316685676575
fan/train/section_00_source_train_normal_0069_spd_2.wav,in_support,periodic_resonance,0.9732483625411987
fan/train/section_00_source_train_normal_0070_spd_2.wav,in_support,amplitude_modulation,0.14979025721549988
fan/train/section_00_source_train_normal_0071_spd_2.wav,in_support,periodic_resonance,0.9398132562637329
fan/train/section_00_source_train_normal_0072_spd_3.wav,in_support,frequency_modulation,0.3749183416366577
fan/train/section_00_source_train_normal_0073_spd_1.wav,in_support,amplitude_modulation,0.9295660257339478
fan/train/section_00_source_train_normal_0074_spd_3.wav,in_support,amplitude_modulation,0.7724286317825317
fan/train/section_00_source_train_normal_0075_spd_2.wav,in_support,periodic_resonance,0.9075086116790771
fan/train/section_00_source_train_normal_0076_spd_3.wav,in_support,amplitude_modulation,0.12167242169380188
fan/train/section_00_source_train_normal_0077_spd_2.wav,in_support,amplitude_modulation,0.0577784962952137
fan/train/section_00_source_train_normal_0078_spd_3.wav,in_support,frequency_modulation,0.3241223394870758
fan/train/section_00_source_train_normal_0079_spd_3.wav,in_support,amplitude_modulation,0.809761643409729
fan/train/section_00_source_train_normal_0080_spd_1.wav,in_support,frequency_modulation,0.674921989440918
fan/train/section_00_source_train_normal_0081_spd_2.wav,in_support,frequency_modulation,0.571212112903595
fan/train/section_00_source_train_normal_0082_spd_2.wav,in_support,frequency_modulation,0.36231324076652527
fan/train/section_00_source_train_normal_0083_spd_2.wav,in_support,frequency_modulation,0.8196575045585632
fan/train/section_00_source_train_normal_0084_spd_2.wav,in_support,amplitude_modulation,0.7402738332748413
fan/train/section_00_source_train_normal_0085_spd_3.wav,in_support,frequency_modulation,0.4698152244091034
fan/train/section_00_source_train_normal_0086_spd_1.wav,in_support,periodic_resonance,0.8959490060806274
fan/train/section_00_source_train_normal_0087_spd_2.wav,in_support,frequency_modulation,0.7745724320411682
fan/train/section_00_source_train_normal_0088_spd_3.wav,in_support,amplitude_modulation,0.653026282787323
fan/train/section_00_source_train_normal_0089_spd_1.wav,in_support,amplitude_modulation,0.3897698223590851
fan/train/section_00_source_train_normal_0090_spd_3.wav,in_support,periodic_resonance,0.8830055594444275
fan/train/section_00_source_train_normal_0091_spd_1.wav,in_support,amplitude_modulation,0.04627923294901848
fan/train/section_00_source_train_normal_0092_spd_3.wav,in_support,frequency_modulation,0.5781163573265076
fan/train/section_00_source_train_normal_0093_spd_3.wav,in_support,periodic_resonance,0.5077261924743652
fan/train/section_00_source_train_normal_0094_spd_2.wav,in_support,periodic_resonance,0.7947573661804199
fan/train/section_00_source_train_normal_0095_spd_1.wav,in_support,periodic_resonance,0.8783697485923767
fan/train/section_00_source_train_normal_0096_spd_1.wav,in_support,periodic_resonance,0.8914975523948669
fan/train/section_00_source_train_normal_0097_spd_3.wav,in_support,amplitude_modulation,0.9356046915054321
fan/train/section_00_source_train_normal_0098_spd_2.wav,in_support,amplitude_modulation,0.868004322052002
fan/train/section_00_source_train_normal_0099_spd_2.wav,in_support,amplitude_modulation,0.6837092638015747
fan/train/section_00_source_train_normal_0100_spd_3.wav,in_support,amplitude_modulation,0.8535017371177673
fan/train/section_00_source_train_normal_0101_spd_2.wav,in_support,frequency_modulation,0.6955744028091431
fan/train/section_00_source_train_normal_0102_spd_3.wav,in_support,amplitude_modulation,0.9436458349227905
fan/train/section_00_source_train_normal_0103_spd_2.wav,in_support,frequency_modulation,0.826158344745636
fan/train/section_00_source_train_normal_0104_spd_3.wav,in_support,amplitude_modulation,0.051885936409235
fan/train/section_00_source_train_normal_0105_spd_2.wav,in_support,frequency_modulation,0.5696672201156616
fan/train/section_00_source_train_normal_0106_spd_3.wav,in_support,periodic_resonance,0.329291969537735
fan/train/section_00_source_train_normal_0107_spd_1.wav,in_support,frequency_modulation,0.8472461104393005
fan/train/section_00_source_train_normal_0108_spd_1.wav,in_support,periodic_resonance,0.9607769250869751
fan/train/section_00_source_train_normal_0109_spd_3.wav,in_support,amplitude_modulation,0.8688216209411621
fan/train/section_00_source_train_normal_0110_spd_1.wav,in_support,amplitude_modulation,0.7432974576950073
fan/train/section_00_source_train_normal_0111_spd_1.wav,in_support,frequency_modulation,0.5003539323806763
fan/train/section_00_source_train_normal_0112_spd_1.wav,in_support,amplitude_modulation,0.6080171465873718
fan/train/section_00_source_train_normal_0113_spd_3.wav,in_support,amplitude_modulation,0.9318751692771912
fan/train/section_00_source_train_normal_0114_spd_3.wav,in_support,frequency_modulation,0.3810085356235504
fan/train/section_00_source_train_normal_0115_spd_1.wav,in_support,amplitude_modulation,0.09807192534208298
fan/train/section_00_source_train_normal_0116_spd_3.wav,in_support,periodic_resonance,0.7538660168647766
fan/train/section_00_source_train_normal_0117_spd_1.wav,in_support,periodic_resonance,0.6055710911750793
fan/train/section_00_source_train_normal_0118_spd_1.wav,in_support,periodic_resonance,0.8348805904388428
fan/train/section_00_source_train_normal_0119_spd_3.wav,in_support,amplitude_modulation,0.8286577463150024
fan/train/section_00_source_train_normal_0120_spd_3.wav,in_support,amplitude_modulation,0.8694947361946106
fan/train/section_00_source_train_normal_0121_spd_2.wav,in_support,periodic_resonance,0.8237730860710144
fan/train/section_00_source_train_normal_0122_spd_1.wav,in_support,amplitude_modulation,0.6804958581924438
fan/train/section_00_source_train_normal_0123_spd_1.wav,in_support,amplitude_modulation,0.6636358499526978
fan/train/section_00_source_train_normal_0124_spd_2.wav,in_support,periodic_resonance,0.8868870139122009
fan/train/section_00_source_train_normal_0125_spd_2.wav,in_support,periodic_resonance,0.9154769778251648
fan/train/section_00_source_train_normal_0126_spd_2.wav,in_support,periodic_resonance,0.5734043121337891
fan/train/section_00_source_train_normal_0127_spd_2.wav,in_support,amplitude_modulation,0.2987947463989258
fan/train/section_00_source_train_normal_0128_spd_2.wav,in_support,amplitude_modulation,0.2005387246608734
fan/train/section_00_source_train_normal_0129_spd_3.wav,in_support,periodic_resonance,0.8532230257987976
fan/train/section_00_source_train_normal_0130_spd_1.wav,in_support,frequency_modulation,0.9345948696136475
fan/train/section_00_source_train_normal_0131_spd_3.wav,in_support,frequency_modulation,0.21164926886558533
fan/train/section_00_source_train_normal_0132_spd_3.wav,in_support,frequency_modulation,0.7437151670455933
fan/train/section_00_source_train_normal_0133_spd_3.wav,in_support,amplitude_modulation,0.8279323577880859
fan/train/section_00_source_train_normal_0134_spd_2.wav,in_support,amplitude_modulation,0.13202860951423645
fan/train/section_00_source_train_normal_0135_spd_1.wav,in_support,frequency_modulation,0.6220117807388306
fan/train/section_00_source_train_normal_0136_spd_2.wav,in_support,amplitude_modulation,0.08469242602586746
fan/train/section_00_source_train_normal_0137_spd_2.wav,in_support,frequency_modulation,0.9161166548728943
fan/train/section_00_source_train_normal_0138_spd_3.wav,in_support,amplitude_modulation,0.8679419159889221
fan/train/section_00_source_train_normal_0139_spd_3.wav,in_support,amplitude_modulation,0.13674455881118774
fan/train/section_00_source_train_normal_0140_spd_3.wav,in_support,frequency_modulation,0.4150346517562866
fan/train/section_00_source_train_normal_0141_spd_2.wav,in_support,amplitude_modulation,0.7665327191352844
fan/train/section_00_source_train_normal_0142_spd_3.wav,in_support,frequency_modulation,0.9688827991485596
fan/train/section_00_source_train_normal_0143_spd_1.wav,in_support,frequency_modulation,0.45679765939712524
fan/train/section_00_source_train_normal_0144_spd_3.wav,in_support,amplitude_modulation,0.5348438620567322
fan/train/section_00_source_train_normal_0145_spd_3.wav,in_support,periodic_resonance,0.8820979595184326
fan/train/section_00_source_train_normal_0146_spd_2.wav,in_support,amplitude_modulation,0.4205035865306854
fan/train/section_00_source_train_normal_0147_spd_2.wav,in_support,periodic_resonance,0.3970114588737488
fan/train/section_00_source_train_normal_0148_spd_2.wav,in_support,amplitude_modulation,0.19695118069648743
fan/train/section_00_source_train_normal_0149_spd_2.wav,in_support,periodic_resonance,0.40947043895721436
fan/train/section_00_source_train_normal_0150_spd_3.wav,in_support,frequency_modulation,0.7094756960868835
fan/train/section_00_source_train_normal_0151_spd_3.wav,in_support,periodic_resonance,0.41757094860076904
fan/train/section_00_source_train_normal_0152_spd_3.wav,in_support,frequency_modulation,0.9946755170822144
fan/train/section_00_source_train_normal_0153_spd_3.wav,in_support,periodic_resonance,0.4943951964378357
fan/train/section_00_source_train_normal_0154_spd_3.wav,in_support,amplitude_modulation,0.4731423854827881
fan/train/section_00_source_train_normal_0155_spd_1.wav,in_support,periodic_resonance,0.5318300724029541
fan/train/section_00_source_train_normal_0156_spd_2.wav,in_support,frequency_modulation,0.42527276277542114
fan/train/section_00_source_train_normal_0157_spd_3.wav,in_support,amplitude_modulation,0.34828653931617737
fan/train/section_00_source_train_normal_0158_spd_1.wav,in_support,amplitude_modulation,0.7648588418960571
fan/train/section_00_source_train_normal_0159_spd_2.wav,in_support,frequency_modulation,0.9501641392707825
fan/train/section_00_source_train_normal_0160_spd_1.wav,in_support,amplitude_modulation,0.8645777106285095
fan/train/section_00_source_train_normal_0161_spd_2.wav,in_support,amplitude_modulation,0.7644025087356567
fan/train/section_00_source_train_normal_0162_spd_3.wav,in_support,periodic_resonance,0.935949981212616
fan/train/section_00_source_train_normal_0163_spd_3.wav,in_support,amplitude_modulation,0.7897420525550842
fan/train/section_00_source_train_normal_0164_spd_3.wav,in_support,amplitude_modulation,0.060695160180330276
fan/train/section_00_source_train_normal_0165_spd_2.wav,in_support,amplitude_modulation,0.9173851609230042
fan/train/section_00_source_train_normal_0166_spd_2.wav,in_support,frequency_modulation,0.916619062423706
fan/train/section_00_source_train_normal_0167_spd_2.wav,in_support,frequency_modulation,0.34785711765289307
fan/train/section_00_source_train_normal_0168_spd_1.wav,in_support,periodic_resonance,0.954229474067688
fan/train/section_00_source_train_normal_0169_spd_3.wav,in_support,periodic_resonance,0.8717297911643982
fan/train/section_00_source_train_normal_0170_spd_3.wav,in_support,periodic_resonance,0.9109518527984619
fan/train/section_00_source_train_normal_0171_spd_2.wav,in_support,amplitude_modulation,0.5263607501983643
fan/train/section_00_source_train_normal_0172_spd_2.wav,in_support,amplitude_modulation,0.1938866525888443
fan/train/section_00_source_train_normal_0173_spd_1.wav,in_support,periodic_resonance,0.7135618925094604
fan/train/section_00_source_train_normal_0174_spd_3.wav,in_support,amplitude_modulation,0.8242455124855042
fan/train/section_00_source_train_normal_0175_spd_2.wav,in_support,frequency_modulation,0.7319112420082092
fan/train/section_00_source_train_normal_0176_spd_3.wav,in_support,frequency_modulation,0.591877818107605
fan/train/section_00_source_train_normal_0177_spd_1.wav,in_support,frequency_modulation,0.3199380040168762
fan/train/section_00_source_train_normal_0178_spd_1.wav,in_support,periodic_resonance,0.9348493814468384
fan/train/section_00_source_train_normal_0179_spd_1.wav,in_support,periodic_resonance,0.8334770202636719
fan/train/section_00_source_train_normal_0180_spd_1.wav,in_support,frequency_modulation,0.7989608645439148
fan/train/section_00_source_train_normal_0181_spd_3.wav,in_support,frequency_modulation,0.945608913898468
fan/train/section_00_source_train_normal_0182_spd_1.wav,in_support,amplitude_modulation,0.8907398581504822
fan/train/section_00_source_train_normal_0183_spd_1.wav,in_support,frequency_modulation,0.3143446743488312
fan/train/section_00_source_train_normal_0184_spd_2.wav,in_support,frequency_modulation,0.7235710620880127
fan/train/section_00_source_train_normal_0185_spd_1.wav,in_support,amplitude_modulation,0.9312140345573425
fan/train/section_00_source_train_normal_0186_spd_2.wav,in_support,amplitude_modulation,0.13046549260616302
fan/train/section_00_source_train_normal_0187_spd_2.wav,in_support,amplitude_modulation,0.8762677311897278
fan/train/section_00_source_train_normal_0188_spd_2.wav,in_support,periodic_resonance,0.9166280031204224
fan/train/section_00_source_train_normal_0189_spd_1.wav,in_support,frequency_modulation,0.922770619392395
fan/train/section_00_source_train_normal_0190_spd_3.wav,in_support,frequency_modulation,0.7316927909851074
fan/train/section_00_source_train_normal_0191_spd_1.wav,in_support,amplitude_modulation,0.3200373351573944
fan/train/section_00_source_train_normal_0192_spd_2.wav,in_support,frequency_modulation,0.8282043933868408
fan/train/section_00_source_train_normal_0193_spd_3.wav,in_support,frequency_modulation,0.8687885403633118
fan/train/section_00_source_train_normal_0194_spd_3.wav,in_support,frequency_modulation,0.43589258193969727
fan/train/section_00_source_train_normal_0195_spd_1.wav,in_support,frequency_modulation,0.6302218437194824
fan/train/section_00_source_train_normal_0196_spd_1.wav,in_support,amplitude_modulation,0.43018990755081177
fan/train/section_00_source_train_normal_0197_spd_1.wav,in_support,amplitude_modulation,0.9283327460289001
fan/train/section_00_source_train_normal_0198_spd_3.wav,in_support,amplitude_modulation,0.8705891370773315
fan/train/section_00_source_train_normal_0199_spd_1.wav,in_support,frequency_modulation,0.7949509620666504
fan/train/section_00_source_train_normal_0200_spd_3.wav,in_support,frequency_modulation,0.8172467350959778
fan/train/section_00_source_train_normal_0201_spd_1.wav,in_support,frequency_modulation,0.3891128599643707
fan/train/section_00_source_train_normal_0202_spd_3.wav,in_support,frequency_modulation,0.6923472285270691
fan/train/section_00_source_train_normal_0203_spd_2.wav,in_support,frequency_modulation,0.9865854978561401
fan/train/section_00_source_train_normal_0204_spd_2.wav,in_support,frequency_modulation,0.6529123783111572
fan/train/section_00_source_train_normal_0205_spd_3.wav,in_support,amplitude_modulation,0.6285526156425476
fan/train/section_00_source_train_normal_0206_spd_1.wav,in_support,amplitude_modulation,0.9027932286262512
fan/train/section_00_source_train_normal_0207_spd_3.wav,in_support,amplitude_modulation,0.15765060484409332
fan/train/section_00_source_train_normal_0208_spd_2.wav,in_support,amplitude_modulation,0.11112149059772491
fan/train/section_00_source_train_normal_0209_spd_3.wav,in_support,periodic_resonance,0.4191676080226898
fan/train/section_00_source_train_normal_0210_spd_2.wav,in_support,periodic_resonance,0.7497941255569458
fan/train/section_00_source_train_normal_0211_spd_2.wav,in_support,frequency_modulation,0.5951507091522217
fan/train/section_00_source_train_normal_0212_spd_3.wav,in_support,amplitude_modulation,0.7483869791030884
fan/train/section_00_source_train_normal_0213_spd_3.wav,in_support,amplitude_modulation,0.7091158628463745
fan/train/section_00_source_train_normal_0214_spd_2.wav,in_support,amplitude_modulation,0.5922689437866211
fan/train/section_00_source_train_normal_0215_spd_1.wav,in_support,amplitude_modulation,0.8807135224342346
fan/train/section_00_source_train_normal_0216_spd_2.wav,in_support,periodic_resonance,0.8152603507041931
fan/train/section_00_source_train_normal_0217_spd_3.wav,in_support,periodic_resonance,0.7243832349777222
fan/train/section_00_source_train_normal_0218_spd_3.wav,in_support,amplitude_modulation,0.32823824882507324
fan/train/section_00_source_train_normal_0219_spd_1.wav,in_support,frequency_modulation,0.3151741921901703
fan/train/section_00_source_train_normal_0220_spd_1.wav,in_support,amplitude_modulation,0.9191072583198547
fan/train/section_00_source_train_normal_0221_spd_1.wav,in_support,frequency_modulation,0.4143781065940857
fan/train/section_00_source_train_normal_0222_spd_2.wav,in_support,frequency_modulation,0.23754939436912537
fan/train/section_00_source_train_normal_0223_spd_2.wav,in_support,amplitude_modulation,0.15381188690662384
fan/train/section_00_source_train_normal_0224_spd_3.wav,in_support,periodic_resonance,0.38282713294029236
fan/train/section_00_source_train_normal_0225_spd_1.wav,in_support,frequency_modulation,0.5730178356170654
fan/train/section_00_source_train_normal_0226_spd_3.wav,in_support,amplitude_modulation,0.9553115367889404
fan/train/section_00_source_train_normal_0227_spd_1.wav,in_support,periodic_resonance,0.5396008491516113
fan/train/section_00_source_train_normal_0228_spd_1.wav,in_support,frequency_modulation,0.6836551427841187
fan/train/section_00_source_train_normal_0229_spd_2.wav,in_support,amplitude_modulation,0.063136987388134
fan/train/section_00_source_train_normal_0230_spd_1.wav,in_support,frequency_modulation,0.18037573993206024
fan/train/section_00_source_train_normal_0231_spd_3.wav,in_support,amplitude_modulation,0.1250399500131607
fan/train/section_00_source_train_normal_0232_spd_1.wav,in_support,frequency_modulation,0.9185828566551208
fan/train/section_00_source_train_normal_0233_spd_2.wav,in_support,amplitude_modulation,0.8042144179344177
fan/train/section_00_source_train_normal_0234_spd_1.wav,in_support,periodic_resonance,0.27025550603866577
fan/train/section_00_source_train_normal_0235_spd_3.wav,in_support,amplitude_modulation,0.4805862009525299
fan/train/section_00_source_train_normal_0236_spd_1.wav,in_support,frequency_modulation,0.8542267084121704
fan/train/section_00_source_train_normal_0237_spd_1.wav,in_support,amplitude_modulation,0.5067017078399658
fan/train/section_00_source_train_normal_0238_spd_3.wav,in_support,amplitude_modulation,0.11472868174314499
fan/train/section_00_source_train_normal_0239_spd_3.wav,in_support,periodic_resonance,0.8525620102882385
fan/train/section_00_source_train_normal_0240_spd_3.wav,in_support,frequency_modulation,0.9698044061660767
fan/train/section_00_source_train_normal_0241_spd_2.wav,in_support,periodic_resonance,0.9728062748908997
fan/train/section_00_source_train_normal_0242_spd_2.wav,in_support,periodic_resonance,0.9495888948440552
fan/train/section_00_source_train_normal_0243_spd_3.wav,in_support,amplitude_modulation,0.9357282519340515
fan/train/section_00_source_train_normal_0244_spd_2.wav,in_support,amplitude_modulation,0.9306398630142212
fan/train/section_00_source_train_normal_0245_spd_2.wav,in_support,periodic_resonance,0.7459034323692322
fan/train/section_00_source_train_normal_0246_spd_1.wav,in_support,amplitude_modulation,0.4926552474498749
fan/train/section_00_source_train_normal_0247_spd_3.wav,in_support,frequency_modulation,0.5144039988517761
fan/train/section_00_source_train_normal_0248_spd_3.wav,in_support,amplitude_modulation,0.8740198612213135
fan/train/section_00_source_train_normal_0249_spd_3.wav,in_support,frequency_modulation,0.5440066456794739
fan/train/section_00_source_train_normal_0250_spd_1.wav,in_support,amplitude_modulation,0.7063499689102173
fan/train/section_00_source_train_normal_0251_spd_1.wav,in_support,amplitude_modulation,0.8199994564056396
fan/train/section_00_source_train_normal_0252_spd_2.wav,in_support,periodic_resonance,0.5399443507194519
fan/train/section_00_source_train_normal_0253_spd_3.wav,in_support,periodic_resonance,0.9384939074516296
fan/train/section_00_source_train_normal_0254_spd_1.wav,in_support,amplitude_modulation,0.9228928089141846
fan/train/section_00_source_train_normal_0255_spd_1.wav,in_support,amplitude_modulation,0.17710886895656586
fan/train/section_00_source_train_normal_0256_spd_2.wav,in_support,frequency_modulation,0.8474122285842896
fan/train/section_00_source_train_normal_0257_spd_3.wav,in_support,periodic_resonance,0.6210921406745911
fan/train/section_00_source_train_normal_0258_spd_2.wav,in_support,amplitude_modulation,0.8245343565940857
fan/train/section_00_source_train_normal_0259_spd_3.wav,in_support,periodic_resonance,0.5061435699462891
fan/train/section_00_source_train_normal_0260_spd_2.wav,in_support,frequency_modulation,0.8903898596763611
fan/train/section_00_source_train_normal_0261_spd_3.wav,in_support,frequency_modulation,0.9504441618919373
fan/train/section_00_source_train_normal_0262_spd_2.wav,in_support,frequency_modulation,0.834387481212616
fan/train/section_00_source_train_normal_0263_spd_3.wav,in_support,amplitude_modulation,0.8923556208610535
fan/train/section_00_source_train_normal_0264_spd_3.wav,in_support,frequency_modulation,0.8427553176879883
fan/train/section_00_source_train_normal_0265_spd_1.wav,in_support,frequency_modulation,0.6902568340301514
fan/train/section_00_source_train_normal_0266_spd_2.wav,in_support,frequency_modulation,0.9405372142791748
fan/train/section_00_source_train_normal_0267_spd_1.wav,in_support,frequency_modulation,0.8248843550682068
fan/train/section_00_source_train_normal_0268_spd_1.wav,in_support,frequency_modulation,0.7108895182609558
fan/train/section_00_source_train_normal_0269_spd_3.wav,in_support,amplitude_modulation,0.9343969225883484
fan/train/section_00_source_train_normal_0270_spd_1.wav,in_support,amplitude_modulation,0.1421978920698166
fan/train/section_00_source_train_normal_0271_spd_2.wav,in_support,amplitude_modulation,0.9113835692405701
fan/train/section_00_source_train_normal_0272_spd_2.wav,in_support,periodic_resonance,0.6986916661262512
fan/train/section_00_source_train_normal_0273_spd_1.wav,in_support,periodic_resonance,0.949232280254364
fan/train/section_00_source_train_normal_0274_spd_1.wav,in_support,periodic_resonance,0.878056526184082
fan/train/section_00_source_train_normal_0275_spd_2.wav,in_support,frequency_modulation,0.522487461566925
fan/train/section_00_source_train_normal_0276_spd_2.wav,in_support,periodic_resonance,0.9317895770072937
fan/train/section_00_source_train_normal_0277_spd_2.wav,in_support,frequency_modulation,0.7393249273300171
fan/train/section_00_source_train_normal_0278_spd_3.wav,in_support,frequency_modulation,0.29585254192352295
fan/train/section_00_source_train_normal_0279_spd_3.wav,in_support,amplitude_modulation,0.16141000390052795
fan/train/section_00_source_train_normal_0280_spd_1.wav,in_support,periodic_resonance,0.7530484199523926
fan/train/section_00_source_train_normal_0281_spd_2.wav,in_support,amplitude_modulation,0.8390316367149353
fan/train/section_00_source_train_normal_0282_spd_2.wav,in_support,periodic_resonance,0.9307008385658264
fan/train/section_00_source_train_normal_0283_spd_2.wav,in_support,periodic_resonance,0.8260515332221985
fan/train/section_00_source_train_normal_0284_spd_3.wav,in_support,amplitude_modulation,0.45110371708869934
fan/train/section_00_source_train_normal_0285_spd_2.wav,in_support,amplitude_modulation,0.5852444171905518
fan/train/section_00_source_train_normal_0286_spd_2.wav,in_support,amplitude_modulation,0.16144892573356628
fan/train/section_00_source_train_normal_0287_spd_2.wav,in_support,amplitude_modulation,0.07739710062742233
fan/train/section_00_source_train_normal_0288_spd_1.wav,in_support,periodic_resonance,0.9317774772644043
fan/train/section_00_source_train_normal_0289_spd_1.wav,in_support,frequency_modulation,0.925869345664978
fan/train/section_00_source_train_normal_0290_spd_2.wav,in_support,frequency_modulation,0.9793691039085388
fan/train/section_00_source_train_normal_0291_spd_1.wav,in_support,frequency_modulation,0.8863893151283264
fan/train/section_00_source_train_normal_0292_spd_1.wav,in_support,frequency_modulation,0.35823366045951843
fan/train/section_00_source_train_normal_0293_spd_1.wav,in_support,periodic_resonance,0.40273022651672363
fan/train/section_00_source_train_normal_0294_spd_2.wav,in_support,frequency_modulation,0.36200907826423645
fan/train/section_00_source_train_normal_0295_spd_3.wav,in_support,amplitude_modulation,0.9457624554634094
fan/train/section_00_source_train_normal_0296_spd_3.wav,in_support,amplitude_modulation,0.9100566506385803
fan/train/section_00_source_train_normal_0297_spd_1.wav,in_support,amplitude_modulation,0.4994954764842987
fan/train/section_00_source_train_normal_0298_spd_2.wav,in_support,periodic_resonance,0.7681359052658081
fan/train/section_00_source_train_normal_0299_spd_2.wav,in_support,periodic_resonance,0.9666450619697571
fan/train/section_00_source_train_normal_0300_spd_1.wav,in_support,amplitude_modulation,0.09839674830436707
fan/train/section_00_source_train_normal_0301_spd_2.wav,in_support,periodic_resonance,0.5836445689201355
fan/train/section_00_source_train_normal_0302_spd_3.wav,in_support,periodic_resonance,0.9362755417823792
fan/train/section_00_source_train_normal_0303_spd_3.wav,in_support,frequency_modulation,0.43962764739990234
fan/train/section_00_source_train_normal_0304_spd_1.wav,in_support,frequency_modulation,0.34326156973838806
fan/train/section_00_source_train_normal_0305_spd_2.wav,in_support,frequency_modulation,0.7715955376625061
fan/train/section_00_source_train_normal_0306_spd_2.wav,in_support,frequency_modulation,0.17044232785701752
fan/train/section_00_source_train_normal_0307_spd_2.wav,in_support,amplitude_modulation,0.1626611053943634
fan/train/section_00_source_train_normal_0308_spd_3.wav,in_support,amplitude_modulation,0.06570249795913696
fan/train/section_00_source_train_normal_0309_spd_2.wav,in_support,periodic_resonance,0.9011839032173157
fan/train/section_00_source_train_normal_0310_spd_3.wav,in_support,amplitude_modulation,0.08781714737415314
fan/train/section_00_source_train_normal_0311_spd_2.wav,in_support,frequency_modulation,0.7055190801620483
fan/train/section_00_source_train_normal_0312_spd_3.wav,in_support,periodic_resonance,0.8975666761398315
fan/train/section_00_source_train_normal_0313_spd_2.wav,in_support,amplitude_modulation,0.08649979531764984
fan/train/section_00_source_train_normal_0314_spd_3.wav,in_support,amplitude_modulation,0.8330994248390198
fan/train/section_00_source_train_normal_0315_spd_2.wav,in_support,periodic_resonance,0.9234429001808167
fan/train/section_00_source_train_normal_0316_spd_2.wav,in_support,frequency_modulation,0.8446579575538635
fan/train/section_00_source_train_normal_0317_spd_1.wav,in_support,periodic_resonance,0.9514148235321045
fan/train/section_00_source_train_normal_0318_spd_3.wav,in_support,periodic_resonance,0.9320240616798401
fan/train/section_00_source_train_normal_0319_spd_1.wav,in_support,amplitude_modulation,0.9070549011230469
fan/train/section_00_source_train_normal_0320_spd_1.wav,in_support,periodic_resonance,0.8801834583282471
fan/train/section_00_source_train_normal_0321_spd_3.wav,in_support,frequency_modulation,0.45747724175453186
fan/train/section_00_source_train_normal_0322_spd_3.wav,in_support,frequency_modulation,0.7611346244812012
fan/train/section_00_source_train_normal_0323_spd_2.wav,in_support,frequency_modulation,0.6182551383972168
fan/train/section_00_source_train_normal_0324_spd_3.wav,in_support,periodic_resonance,0.9461537003517151
fan/train/section_00_source_train_normal_0325_spd_2.wav,in_support,amplitude_modulation,0.9042103886604309
fan/train/section_00_source_train_normal_0326_spd_1.wav,in_support,periodic_resonance,0.9450052380561829
fan/train/section_00_source_train_normal_0327_spd_1.wav,in_support,frequency_modulation,0.9241504073143005
fan/train/section_00_source_train_normal_0328_spd_3.wav,in_support,periodic_resonance,0.8438100218772888
fan/train/section_00_source_train_normal_0329_spd_2.wav,in_support,frequency_modulation,0.6397861242294312
fan/train/section_00_source_train_normal_0330_spd_1.wav,in_support,frequency_modulation,0.32536908984184265
fan/train/section_00_source_train_normal_0331_spd_1.wav,in_support,frequency_modulation,0.9407451152801514
fan/train/section_00_source_train_normal_0332_spd_1.wav,in_support,periodic_resonance,0.8951826691627502
fan/train/section_00_source_train_normal_0333_spd_1.wav,in_support,frequency_modulation,0.885712206363678
fan/train/section_00_source_train_normal_0334_spd_3.wav,in_support,frequency_modulation,0.5651849508285522
fan/train/section_00_source_train_normal_0335_spd_2.wav,in_support,amplitude_modulation,0.9308151602745056
fan/train/section_00_source_train_normal_0336_spd_1.wav,in_support,amplitude_modulation,0.14449219405651093
fan/train/section_00_source_train_normal_0337_spd_1.wav,in_support,periodic_resonance,0.942577600479126
fan/train/section_00_source_train_normal_0338_spd_2.wav,in_support,amplitude_modulation,0.741104781627655
fan/train/section_00_source_train_normal_0339_spd_1.wav,in_support,periodic_resonance,0.7863389849662781
fan/train/section_00_source_train_normal_0340_spd_3.wav,in_support,amplitude_modulation,0.0770740956068039
fan/train/section_00_source_train_normal_0341_spd_3.wav,in_support,periodic_resonance,0.942090630531311
fan/train/section_00_source_train_normal_0342_spd_2.wav,in_support,periodic_resonance,0.36436986923217773
fan/train/section_00_source_train_normal_0343_spd_1.wav,in_support,amplitude_modulation,0.238855242729187
fan/train/section_00_source_train_normal_0344_spd_2.wav,in_support,periodic_resonance,0.35381147265434265
fan/train/section_00_source_train_normal_0345_spd_3.wav,in_support,frequency_modulation,0.37797796726226807
fan/train/section_00_source_train_normal_0346_spd_2.wav,in_support,frequency_modulation,0.9774259924888611
fan/train/section_00_source_train_normal_0347_spd_2.wav,in_support,periodic_resonance,0.37502187490463257
fan/train/section_00_source_train_normal_0348_spd_3.wav,in_support,amplitude_modulation,0.8822808265686035
fan/train/section_00_source_train_normal_0349_spd_3.wav,in_support,amplitude_modulation,0.24318480491638184
fan/train/section_00_source_train_normal_0350_spd_2.wav,in_support,amplitude_modulation,0.594441294670105
fan/train/section_00_source_train_normal_0351_spd_2.wav,in_support,frequency_modulation,0.8989341855049133
fan/train/section_00_source_train_normal_0352_spd_2.wav,in_support,amplitude_modulation,0.7335074543952942
fan/train/section_00_source_train_normal_0353_spd_1.wav,in_support,frequency_modulation,0.5909700989723206
fan/train/section_00_source_train_normal_0354_spd_3.wav,in_support,frequency_modulation,0.5761022567749023
fan/train/section_00_source_train_normal_0355_spd_1.wav,in_support,frequency_modulation,0.86549973487854
fan/train/section_00_source_train_normal_0356_spd_2.wav,in_support,periodic_resonance,0.9737476706504822
fan/train/section_00_source_train_normal_0357_spd_2.wav,in_support,amplitude_modulation,0.3108977675437927
fan/train/section_00_source_train_normal_0358_spd_1.wav,in_support,frequency_modulation,0.5552982091903687
fan/train/section_00_source_train_normal_0359_spd_1.wav,in_support,frequency_modulation,0.7691713571548462
fan/train/section_00_source_train_normal_0360_spd_2.wav,in_support,amplitude_modulation,0.8238502740859985
fan/train/section_00_source_train_normal_0361_spd_3.wav,in_support,amplitude_modulation,0.15294380486011505
fan/train/section_00_source_train_normal_0362_spd_2.wav,in_support,frequency_modulation,0.5558722019195557
fan/train/section_00_source_train_normal_0363_spd_2.wav,in_support,amplitude_modulation,0.8463500738143921
fan/train/section_00_source_train_normal_0364_spd_1.wav,in_support,periodic_resonance,0.9662413597106934
fan/train/section_00_source_train_normal_0365_spd_1.wav,in_support,periodic_resonance,0.2919676601886749
fan/train/section_00_source_train_normal_0366_spd_2.wav,in_support,frequency_modulation,0.9234908819198608
fan/train/section_00_source_train_normal_0367_spd_1.wav,in_support,frequency_modulation,0.9604772329330444
fan/train/section_00_source_train_normal_0368_spd_2.wav,in_support,amplitude_modulation,0.7249276638031006
fan/train/section_00_source_train_normal_0369_spd_2.wav,in_support,frequency_modulation,0.2496773600578308
fan/train/section_00_source_train_normal_0370_spd_2.wav,in_support,frequency_modulation,0.8895760178565979
fan/train/section_00_source_train_normal_0371_spd_1.wav,in_support,amplitude_modulation,0.9233196973800659
fan/train/section_00_source_train_normal_0372_spd_2.wav,in_support,periodic_resonance,0.90936279296875
fan/train/section_00_source_train_normal_0373_spd_3.wav,in_support,periodic_resonance,0.2770683467388153
fan/train/section_00_source_train_normal_0374_spd_1.wav,in_support,amplitude_modulation,0.8079498410224915
fan/train/section_00_source_train_normal_0375_spd_3.wav,in_support,amplitude_modulation,0.8105076551437378
fan/train/section_00_source_train_normal_0376_spd_1.wav,in_support,amplitude_modulation,0.8793818950653076
fan/train/section_00_source_train_normal_0377_spd_3.wav,in_support,amplitude_modulation,0.9219589233398438
fan/train/section_00_source_train_normal_0378_spd_1.wav,in_support,periodic_resonance,0.9665277004241943
fan/train/section_00_source_train_normal_0379_spd_2.wav,in_support,frequency_modulation,0.8638734817504883
fan/train/section_00_source_train_normal_0380_spd_2.wav,in_support,periodic_resonance,0.8656880855560303
fan/train/section_00_source_train_normal_0381_spd_1.wav,in_support,amplitude_modulation,0.4501515030860901
fan/train/section_00_source_train_normal_0382_spd_2.wav,in_support,periodic_resonance,0.8222381472587585
fan/train/section_00_source_train_normal_0383_spd_3.wav,in_support,periodic_resonance,0.8377741575241089
fan/train/section_00_source_train_normal_0384_spd_1.wav,in_support,frequency_modulation,0.7408536076545715
fan/train/section_00_source_train_normal_0385_spd_2.wav,in_support,periodic_resonance,0.23742783069610596
fan/train/section_00_source_train_normal_0386_spd_3.wav,in_support,frequency_modulation,0.8871172070503235
fan/train/section_00_source_train_normal_0387_spd_1.wav,in_support,amplitude_modulation,0.18108269572257996
fan/train/section_00_source_train_normal_0388_spd_2.wav,in_support,frequency_modulation,0.35537979006767273
fan/train/section_00_source_train_normal_0389_spd_2.wav,in_support,amplitude_modulation,0.9262720942497253
fan/train/section_00_source_train_normal_0390_spd_1.wav,in_support,amplitude_modulation,0.8072968125343323
fan/train/section_00_source_train_normal_0391_spd_3.wav,in_support,periodic_resonance,0.8844774961471558
fan/train/section_00_source_train_normal_0392_spd_3.wav,in_support,amplitude_modulation,0.9287177324295044
fan/train/section_00_source_train_normal_0393_spd_1.wav,in_support,periodic_resonance,0.66823810338974
fan/train/section_00_source_train_normal_0394_spd_1.wav,in_support,frequency_modulation,0.5863491892814636
fan/train/section_00_source_train_normal_0395_spd_1.wav,in_support,amplitude_modulation,0.7347389459609985
fan/train/section_00_source_train_normal_0396_spd_3.wav,in_support,periodic_resonance,0.9548397064208984
fan/train/section_00_source_train_normal_0397_spd_2.wav,in_support,frequency_modulation,0.3783506155014038
fan/train/section_00_source_train_normal_0398_spd_2.wav,in_support,frequency_modulation,0.5127983093261719
fan/train/section_00_source_train_normal_0399_spd_1.wav,in_support,frequency_modulation,0.5240879058837891
fan/train/section_00_source_train_normal_0400_spd_3.wav,in_support,frequency_modulation,0.29069745540618896
fan/train/section_00_source_train_normal_0401_spd_3.wav,in_support,amplitude_modulation,0.6043568253517151
fan/train/section_00_source_train_normal_0402_spd_1.wav,in_support,amplitude_modulation,0.568596601486206
fan/train/section_00_source_train_normal_0403_spd_3.wav,in_support,amplitude_modulation,0.07830589264631271
fan/train/section_00_source_train_normal_0404_spd_2.wav,in_support,frequency_modulation,0.4162052571773529
fan/train/section_00_source_train_normal_0405_spd_2.wav,in_support,periodic_resonance,0.7553932666778564
fan/train/section_00_source_train_normal_0406_spd_3.wav,in_support,frequency_modulation,0.9260748624801636
fan/train/section_00_source_train_normal_0407_spd_3.wav,in_support,amplitude_modulation,0.3617233633995056
fan/train/section_00_source_train_normal_0408_spd_3.wav,in_support,periodic_resonance,0.9174296259880066
fan/train/section_00_source_train_normal_0409_spd_1.wav,in_support,periodic_resonance,0.6002481579780579
fan/train/section_00_source_train_normal_0410_spd_2.wav,in_support,amplitude_modulation,0.5840572714805603
fan/train/section_00_source_train_normal_0411_spd_3.wav,in_support,periodic_resonance,0.9273990392684937
fan/train/section_00_source_train_normal_0412_spd_1.wav,in_support,amplitude_modulation,0.5988097190856934
fan/train/section_00_source_train_normal_0413_spd_1.wav,in_support,periodic_resonance,0.31947293877601624
fan/train/section_00_source_train_normal_0414_spd_2.wav,in_support,periodic_resonance,0.17025093734264374
fan/train/section_00_source_train_normal_0415_spd_3.wav,in_support,amplitude_modulation,0.22503618896007538
fan/train/section_00_source_train_normal_0416_spd_1.wav,in_support,amplitude_modulation,0.07138989865779877
fan/train/section_00_source_train_normal_0417_spd_3.wav,in_support,periodic_resonance,0.9554485082626343
fan/train/section_00_source_train_normal_0418_spd_2.wav,in_support,frequency_modulation,0.8647863864898682
fan/train/section_00_source_train_normal_0419_spd_1.wav,in_support,amplitude_modulation,0.9059969782829285
fan/train/section_00_source_train_normal_0420_spd_2.wav,in_support,frequency_modulation,0.8452501893043518
fan/train/section_00_source_train_normal_0421_spd_1.wav,in_support,amplitude_modulation,0.46006059646606445
fan/train/section_00_source_train_normal_0422_spd_1.wav,in_support,amplitude_modulation,0.07082034647464752
fan/train/section_00_source_train_normal_0423_spd_1.wav,in_support,amplitude_modulation,0.11818788945674896
fan/train/section_00_source_train_normal_0424_spd_1.wav,in_support,periodic_resonance,0.9271125197410583
fan/train/section_00_source_train_normal_0425_spd_1.wav,in_support,frequency_modulation,0.5362118482589722
fan/train/section_00_source_train_normal_0426_spd_1.wav,in_support,periodic_resonance,0.6010618209838867
fan/train/section_00_source_train_normal_0427_spd_3.wav,in_support,frequency_modulation,0.8791472911834717
fan/train/section_00_source_train_normal_0428_spd_3.wav,in_support,periodic_resonance,0.9455103874206543
fan/train/section_00_source_train_normal_0429_spd_1.wav,in_support,amplitude_modulation,0.8004262447357178
fan/train/section_00_source_train_normal_0430_spd_1.wav,in_support,frequency_modulation,0.34299081563949585
fan/train/section_00_source_train_normal_0431_spd_2.wav,in_support,amplitude_modulation,0.9002589583396912
fan/train/section_00_source_train_normal_0432_spd_2.wav,in_support,frequency_modulation,0.7468923926353455
fan/train/section_00_source_train_normal_0433_spd_2.wav,in_support,amplitude_modulation,0.19112557172775269
fan/train/section_00_source_train_normal_0434_spd_2.wav,in_support,periodic_resonance,0.9675057530403137
fan/train/section_00_source_train_normal_0435_spd_2.wav,in_support,amplitude_modulation,0.4491812288761139
fan/train/section_00_source_train_normal_0436_spd_1.wav,in_support,amplitude_modulation,0.21321476995944977
fan/train/section_00_source_train_normal_0437_spd_1.wav,in_support,periodic_resonance,0.296062707901001
fan/train/section_00_source_train_normal_0438_spd_2.wav,in_support,frequency_modulation,0.8316046595573425
fan/train/section_00_source_train_normal_0439_spd_1.wav,in_support,amplitude_modulation,0.6537972688674927
fan/train/section_00_source_train_normal_0440_spd_1.wav,in_support,amplitude_modulation,0.18769089877605438
fan/train/section_00_source_train_normal_0441_spd_2.wav,in_support,amplitude_modulation,0.8638482093811035
fan/train/section_00_source_train_normal_0442_spd_2.wav,in_support,amplitude_modulation,0.8796337246894836
fan/train/section_00_source_train_normal_0443_spd_3.wav,in_support,frequency_modulation,0.3813691735267639
fan/train/section_00_source_train_normal_0444_spd_3.wav,in_support,frequency_modulation,0.8887878060340881
fan/train/section_00_source_train_normal_0445_spd_1.wav,in_support,amplitude_modulation,0.8184986710548401
fan/train/section_00_source_train_normal_0446_spd_2.wav,in_support,frequency_modulation,0.2618412375450134
fan/train/section_00_source_train_normal_0447_spd_1.wav,in_support,periodic_resonance,0.7534736394882202
fan/train/section_00_source_train_normal_0448_spd_3.wav,in_support,amplitude_modulation,0.8454583883285522
fan/train/section_00_source_train_normal_0449_spd_1.wav,in_support,frequency_modulation,0.45580846071243286
fan/train/section_00_source_train_normal_0450_spd_2.wav,in_support,amplitude_modulation,0.5979635119438171
fan/train/section_00_source_train_normal_0451_spd_2.wav,in_support,periodic_resonance,0.9193756580352783
fan/train/section_00_source_train_normal_0452_spd_2.wav,in_support,periodic_resonance,0.9466312527656555
fan/train/section_00_source_train_normal_0453_spd_3.wav,in_support,frequency_modulation,0.8457924127578735
fan/train/section_00_source_train_normal_0454_spd_3.wav,in_support,periodic_resonance,0.927753746509552
fan/train/section_00_source_train_normal_0455_spd_2.wav,in_support,frequency_modulation,0.7463682889938354
fan/train/section_00_source_train_normal_0456_spd_2.wav,in_support,frequency_modulation,0.700853705406189
fan/train/section_00_source_train_normal_0457_spd_3.wav,in_support,amplitude_modulation,0.9199091792106628
fan/train/section_00_source_train_normal_0458_spd_1.wav,in_support,amplitude_modulation,0.10026036202907562
fan/train/section_00_source_train_normal_0459_spd_1.wav,in_support,amplitude_modulation,0.900698184967041
fan/train/section_00_source_train_normal_0460_spd_3.wav,in_support,periodic_resonance,0.5183524489402771
fan/train/section_00_source_train_normal_0461_spd_1.wav,in_support,frequency_modulation,0.19864273071289062
fan/train/section_00_source_train_normal_0462_spd_1.wav,in_support,amplitude_modulation,0.6840423941612244
fan/train/section_00_source_train_normal_0463_spd_3.wav,in_support,periodic_resonance,0.9166163802146912
fan/train/section_00_source_train_normal_0464_spd_3.wav,in_support,amplitude_modulation,0.7701376080513
fan/train/section_00_source_train_normal_0465_spd_1.wav,in_support,amplitude_modulation,0.6617056131362915
fan/train/section_00_source_train_normal_0466_spd_3.wav,in_support,periodic_resonance,0.9170567393302917
fan/train/section_00_source_train_normal_0467_spd_3.wav,in_support,amplitude_modulation,0.8907198905944824
fan/train/section_00_source_train_normal_0468_spd_2.wav,in_support,periodic_resonance,0.537656843662262
fan/train/section_00_source_train_normal_0469_spd_1.wav,in_support,periodic_resonance,0.9317384362220764
fan/train/section_00_source_train_normal_0470_spd_2.wav,in_support,periodic_resonance,0.859938383102417
fan/train/section_00_source_train_normal_0471_spd_1.wav,in_support,frequency_modulation,0.5129276514053345
fan/train/section_00_source_train_normal_0472_spd_1.wav,in_support,periodic_resonance,0.899716854095459
fan/train/section_00_source_train_normal_0473_spd_2.wav,in_support,periodic_resonance,0.933727502822876
fan/train/section_00_source_train_normal_0474_spd_3.wav,in_support,frequency_modulation,0.8647226691246033
fan/train/section_00_source_train_normal_0475_spd_1.wav,in_support,periodic_resonance,0.9422065615653992
fan/train/section_00_source_train_normal_0476_spd_1.wav,in_support,amplitude_modulation,0.6628885269165039
fan/train/section_00_source_train_normal_0477_spd_3.wav,in_support,frequency_modulation,0.9419911503791809
fan/train/section_00_source_train_normal_0478_spd_2.wav,in_support,periodic_resonance,0.7732696533203125
fan/train/section_00_source_train_normal_0479_spd_1.wav,in_support,periodic_resonance,0.9775518774986267
fan/train/section_00_source_train_normal_0480_spd_2.wav,in_support,frequency_modulation,0.9738259315490723
fan/train/section_00_source_train_normal_0481_spd_1.wav,in_support,periodic_resonance,0.9706260561943054
fan/train/section_00_source_train_normal_0482_spd_2.wav,in_support,amplitude_modulation,0.4960190951824188
fan/train/section_00_source_train_normal_0483_spd_2.wav,in_support,amplitude_modulation,0.8892990946769714
fan/train/section_00_source_train_normal_0484_spd_1.wav,in_support,amplitude_modulation,0.8220534920692444
fan/train/section_00_source_train_normal_0485_spd_2.wav,in_support,frequency_modulation,0.27931126952171326
fan/train/section_00_source_train_normal_0486_spd_2.wav,in_support,amplitude_modulation,0.07437223196029663
fan/train/section_00_source_train_normal_0487_spd_2.wav,in_support,frequency_modulation,0.7370481491088867
fan/train/section_00_source_train_normal_0488_spd_1.wav,in_support,frequency_modulation,0.4189800024032593
fan/train/section_00_source_train_normal_0489_spd_2.wav,in_support,frequency_modulation,0.8054208159446716
fan/train/section_00_source_train_normal_0490_spd_2.wav,in_support,periodic_resonance,0.8976277112960815
fan/train/section_00_source_train_normal_0491_spd_1.wav,in_support,periodic_resonance,0.7975502014160156
fan/train/section_00_source_train_normal_0492_spd_2.wav,in_support,periodic_resonance,0.8938074111938477
fan/train/section_00_source_train_normal_0493_spd_2.wav,in_support,amplitude_modulation,0.6465826034545898
fan/train/section_00_source_train_normal_0494_spd_2.wav,in_support,frequency_modulation,0.9223765730857849
fan/train/section_00_source_train_normal_0495_spd_3.wav,in_support,amplitude_modulation,0.04488768428564072
fan/train/section_00_source_train_normal_0496_spd_1.wav,in_support,amplitude_modulation,0.3695085942745209
fan/train/section_00_source_train_normal_0497_spd_2.wav,in_support,periodic_resonance,0.2579253315925598
fan/train/section_00_source_train_normal_0498_spd_2.wav,in_support,periodic_resonance,0.8871278166770935
fan/train/section_00_source_train_normal_0499_spd_1.wav,in_support,periodic_resonance,0.8403575420379639
fan/train/section_00_source_train_normal_0500_spd_3.wav,in_support,frequency_modulation,0.8020919561386108
fan/train/section_00_source_train_normal_0501_spd_2.wav,in_support,amplitude_modulation,0.5500069856643677
fan/train/section_00_source_train_normal_0502_spd_3.wav,in_support,frequency_modulation,0.9431948065757751
fan/train/section_00_source_train_normal_0503_spd_2.wav,in_support,frequency_modulation,0.39788389205932617
fan/train/section_00_source_train_normal_0504_spd_3.wav,in_support,frequency_modulation,0.7770119905471802
fan/train/section_00_source_train_normal_0505_spd_3.wav,in_support,periodic_resonance,0.45965778827667236
fan/train/section_00_source_train_normal_0506_spd_2.wav,in_support,amplitude_modulation,0.07862204313278198
fan/train/section_00_source_train_normal_0507_spd_1.wav,in_support,periodic_resonance,0.841469407081604
fan/train/section_00_source_train_normal_0508_spd_3.wav,in_support,frequency_modulation,0.7054494619369507
fan/train/section_00_source_train_normal_0509_spd_2.wav,in_support,periodic_resonance,0.8783395290374756
fan/train/section_00_source_train_normal_0510_spd_2.wav,in_support,periodic_resonance,0.9658873677253723
fan/train/section_00_source_train_normal_0511_spd_3.wav,in_support,amplitude_modulation,0.12521064281463623
fan/train/section_00_source_train_normal_0512_spd_2.wav,in_support,frequency_modulation,0.8998729586601257
fan/train/section_00_source_train_normal_0513_spd_1.wav,in_support,frequency_modulation,0.9242303967475891
fan/train/section_00_source_train_normal_0514_spd_2.wav,in_support,periodic_resonance,0.9045682549476624
fan/train/section_00_source_train_normal_0515_spd_1.wav,in_support,frequency_modulation,0.3517691195011139
fan/train/section_00_source_train_normal_0516_spd_1.wav,in_support,amplitude_modulation,0.45686689019203186
fan/train/section_00_source_train_normal_0517_spd_1.wav,in_support,amplitude_modulation,0.7418211698532104
fan/train/section_00_source_train_normal_0518_spd_2.wav,in_support,frequency_modulation,0.7428105473518372
fan/train/section_00_source_train_normal_0519_spd_2.wav,in_support,amplitude_modulation,0.11363115906715393
fan/train/section_00_source_train_normal_0520_spd_3.wav,in_support,periodic_resonance,0.8983969688415527
fan/train/section_00_source_train_normal_0521_spd_3.wav,in_support,periodic_resonance,0.7624257206916809
fan/train/section_00_source_train_normal_0522_spd_3.wav,in_support,amplitude_modulation,0.7307144403457642
fan/train/section_00_source_train_normal_0523_spd_2.wav,in_support,frequency_modulation,0.9112092852592468
fan/train/section_00_source_train_normal_0524_spd_3.wav,in_support,periodic_resonance,0.9441259503364563
fan/train/section_00_source_train_normal_0525_spd_3.wav,in_support,amplitude_modulation,0.055172182619571686
fan/train/section_00_source_train_normal_0526_spd_3.wav,in_support,periodic_resonance,0.4414912760257721
fan/train/section_00_source_train_normal_0527_spd_2.wav,in_support,frequency_modulation,0.5691964626312256
fan/train/section_00_source_train_normal_0528_spd_1.wav,in_support,frequency_modulation,0.8600450754165649
fan/train/section_00_source_train_normal_0529_spd_3.wav,in_support,frequency_modulation,0.9013026356697083
fan/train/section_00_source_train_normal_0530_spd_1.wav,in_support,amplitude_modulation,0.312370628118515
fan/train/section_00_source_train_normal_0531_spd_1.wav,in_support,frequency_modulation,0.5723787546157837
fan/train/section_00_source_train_normal_0532_spd_3.wav,in_support,amplitude_modulation,0.4601168632507324
fan/train/section_00_source_train_normal_0533_spd_1.wav,in_support,frequency_modulation,0.17946773767471313
fan/train/section_00_source_train_normal_0534_spd_1.wav,in_support,periodic_resonance,0.9566134214401245
fan/train/section_00_source_train_normal_0535_spd_3.wav,in_support,frequency_modulation,0.6367040276527405
fan/train/section_00_source_train_normal_0536_spd_3.wav,in_support,frequency_modulation,0.8552485108375549
fan/train/section_00_source_train_normal_0537_spd_2.wav,in_support,frequency_modulation,0.9284502267837524
fan/train/section_00_source_train_normal_0538_spd_2.wav,in_support,amplitude_modulation,0.20620383322238922
fan/train/section_00_source_train_normal_0539_spd_3.wav,in_support,amplitude_modulation,0.8659200072288513
fan/train/section_00_source_train_normal_0540_spd_3.wav,in_support,frequency_modulation,0.7532263994216919
fan/train/section_00_source_train_normal_0541_spd_1.wav,in_support,amplitude_modulation,0.649842381477356
fan/train/section_00_source_train_normal_0542_spd_1.wav,in_support,frequency_modulation,0.8170170187950134
fan/train/section_00_source_train_normal_0543_spd_1.wav,in_support,frequency_modulation,0.8661545515060425
fan/train/section_00_source_train_normal_0544_spd_1.wav,in_support,frequency_modulation,0.9947816729545593
fan/train/section_00_source_train_normal_0545_spd_3.wav,in_support,frequency_modulation,0.9124743342399597
fan/train/section_00_source_train_normal_0546_spd_3.wav,in_support,amplitude_modulation,0.867513120174408
fan/train/section_00_source_train_normal_0547_spd_2.wav,in_support,frequency_modulation,0.18836966156959534
fan/train/section_00_source_train_normal_0548_spd_1.wav,in_support,periodic_resonance,0.7998238801956177
fan/train/section_00_source_train_normal_0549_spd_3.wav,in_support,periodic_resonance,0.5729637145996094
fan/train/section_00_source_train_normal_0550_spd_3.wav,in_support,periodic_resonance,0.795725405216217
fan/train/section_00_source_train_normal_0551_spd_2.wav,in_support,frequency_modulation,0.5543389916419983
fan/train/section_00_source_train_normal_0552_spd_1.wav,in_support,amplitude_modulation,0.8531712293624878
fan/train/section_00_source_train_normal_0553_spd_2.wav,in_support,periodic_resonance,0.956525444984436
fan/train/section_00_source_train_normal_0554_spd_3.wav,in_support,amplitude_modulation,0.5327508449554443
fan/train/section_00_source_train_normal_0555_spd_1.wav,in_support,amplitude_modulation,0.7228933572769165
fan/train/section_00_source_train_normal_0556_spd_1.wav,in_support,periodic_resonance,0.5609309673309326
fan/train/section_00_source_train_normal_0557_spd_3.wav,in_support,amplitude_modulation,0.7241100072860718
fan/train/section_00_source_train_normal_0558_spd_3.wav,in_support,amplitude_modulation,0.8192174434661865
fan/train/section_00_source_train_normal_0559_spd_2.wav,in_support,periodic_resonance,0.45690274238586426
fan/train/section_00_source_train_normal_0560_spd_3.wav,in_support,frequency_modulation,0.8571683764457703
fan/train/section_00_source_train_normal_0561_spd_1.wav,in_support,frequency_modulation,0.8978097438812256
fan/train/section_00_source_train_normal_0562_spd_3.wav,in_support,amplitude_modulation,0.8299835324287415
fan/train/section_00_source_train_normal_0563_spd_3.wav,in_support,frequency_modulation,0.5845062136650085
fan/train/section_00_source_train_normal_0564_spd_3.wav,in_support,frequency_modulation,0.8646181225776672
fan/train/section_00_source_train_normal_0565_spd_2.wav,in_support,amplitude_modulation,0.5899357795715332
fan/train/section_00_source_train_normal_0566_spd_1.wav,in_support,frequency_modulation,0.9719388484954834
fan/train/section_00_source_train_normal_0567_spd_3.wav,in_support,frequency_modulation,0.5912489295005798
fan/train/section_00_source_train_normal_0568_spd_2.wav,in_support,periodic_resonance,0.7181770205497742
fan/train/section_00_source_train_normal_0569_spd_2.wav,in_support,frequency_modulation,0.7125974893569946
fan/train/section_00_source_train_normal_0570_spd_1.wav,in_support,frequency_modulation,0.8932018280029297
fan/train/section_00_source_train_normal_0571_spd_3.wav,in_support,amplitude_modulation,0.7184920310974121
fan/train/section_00_source_train_normal_0572_spd_1.wav,in_support,frequency_modulation,0.7994557023048401
fan/train/section_00_source_train_normal_0573_spd_1.wav,in_support,amplitude_modulation,0.8217438459396362
fan/train/section_00_source_train_normal_0574_spd_3.wav,in_support,amplitude_modulation,0.9145929217338562
fan/train/section_00_source_train_normal_0575_spd_3.wav,in_support,amplitude_modulation,0.26761600375175476
fan/train/section_00_source_train_normal_0576_spd_3.wav,in_support,amplitude_modulation,0.18319259583950043
fan/train/section_00_source_train_normal_0577_spd_1.wav,in_support,periodic_resonance,0.8513932228088379
fan/train/section_00_source_train_normal_0578_spd_1.wav,in_support,amplitude_modulation,0.6257049441337585
fan/train/section_00_source_train_normal_0579_spd_2.wav,in_support,amplitude_modulation,0.7812671661376953
fan/train/section_00_source_train_normal_0580_spd_2.wav,in_support,periodic_resonance,0.9808511137962341
fan/train/section_00_source_train_normal_0581_spd_1.wav,in_support,frequency_modulation,0.8913566470146179
fan/train/section_00_source_train_normal_0582_spd_2.wav,in_support,frequency_modulation,0.5435192584991455
fan/train/section_00_source_train_normal_0583_spd_3.wav,in_support,frequency_modulation,0.6552886366844177
fan/train/section_00_source_train_normal_0584_spd_2.wav,in_support,frequency_modulation,0.32940131425857544
fan/train/section_00_source_train_normal_0585_spd_1.wav,in_support,amplitude_modulation,0.781394362449646
fan/train/section_00_source_train_normal_0586_spd_3.wav,in_support,periodic_resonance,0.13685928285121918
fan/train/section_00_source_train_normal_0587_spd_2.wav,in_support,amplitude_modulation,0.9229657649993896
fan/train/section_00_source_train_normal_0588_spd_3.wav,in_support,frequency_modulation,0.8665428161621094
fan/train/section_00_source_train_normal_0589_spd_3.wav,in_support,amplitude_modulation,0.7686126828193665
fan/train/section_00_source_train_normal_0590_spd_1.wav,in_support,periodic_resonance,0.28621262311935425
fan/train/section_00_source_train_normal_0591_spd_1.wav,in_support,amplitude_modulation,0.3107450604438782
fan/train/section_00_source_train_normal_0592_spd_2.wav,in_support,amplitude_modulation,0.5804610848426819
fan/train/section_00_source_train_normal_0593_spd_2.wav,in_support,amplitude_modulation,0.07910820841789246
fan/train/section_00_source_train_normal_0594_spd_1.wav,in_support,frequency_modulation,0.8942221999168396
fan/train/section_00_source_train_normal_0595_spd_2.wav,in_support,amplitude_modulation,0.19243654608726501
fan/train/section_00_source_train_normal_0596_spd_1.wav,in_support,frequency_modulation,0.4519498646259308
fan/train/section_00_source_train_normal_0597_spd_3.wav,in_support,frequency_modulation,0.8556382060050964
fan/train/section_00_source_train_normal_0598_spd_2.wav,in_support,frequency_modulation,0.9080116748809814
fan/train/section_00_source_train_normal_0599_spd_1.wav,in_support,periodic_resonance,0.8747365474700928
fan/train/section_00_source_train_normal_0600_spd_3.wav,in_support,frequency_modulation,0.24211889505386353
fan/train/section_00_source_train_normal_0601_spd_2.wav,in_support,frequency_modulation,0.28576695919036865
fan/train/section_00_source_train_normal_0602_spd_2.wav,in_support,amplitude_modulation,0.10984634608030319
fan/train/section_00_source_train_normal_0603_spd_2.wav,in_support,periodic_resonance,0.9207739233970642
fan/train/section_00_source_train_normal_0604_spd_2.wav,in_support,periodic_resonance,0.8742402791976929
fan/train/section_00_source_train_normal_0605_spd_3.wav,in_support,amplitude_modulation,0.05686116963624954
fan/train/section_00_source_train_normal_0606_spd_2.wav,in_support,amplitude_modulation,0.13249506056308746
fan/train/section_00_source_train_normal_0607_spd_3.wav,in_support,periodic_resonance,0.6507605314254761
fan/train/section_00_source_train_normal_0608_spd_1.wav,in_support,amplitude_modulation,0.1775536686182022
fan/train/section_00_source_train_normal_0609_spd_1.wav,in_support,frequency_modulation,0.8770579099655151
fan/train/section_00_source_train_normal_0610_spd_2.wav,in_support,amplitude_modulation,0.9122178554534912
fan/train/section_00_source_train_normal_0611_spd_1.wav,in_support,frequency_modulation,0.8983692526817322
fan/train/section_00_source_train_normal_0612_spd_1.wav,in_support,frequency_modulation,0.8172627091407776
fan/train/section_00_source_train_normal_0613_spd_1.wav,in_support,amplitude_modulation,0.93967205286026
fan/train/section_00_source_train_normal_0614_spd_3.wav,in_support,amplitude_modulation,0.3425252437591553
fan/train/section_00_source_train_normal_0615_spd_1.wav,in_support,periodic_resonance,0.18385104835033417
fan/train/section_00_source_train_normal_0616_spd_1.wav,in_support,periodic_resonance,0.9433495998382568
fan/train/section_00_source_train_normal_0617_spd_1.wav,in_support,frequency_modulation,0.8543042540550232
fan/train/section_00_source_train_normal_0618_spd_3.wav,in_support,periodic_resonance,0.8502473831176758
fan/train/section_00_source_train_normal_0619_spd_2.wav,in_support,amplitude_modulation,0.43339645862579346
fan/train/section_00_source_train_normal_0620_spd_2.wav,in_support,periodic_resonance,0.3075593411922455
fan/train/section_00_source_train_normal_0621_spd_3.wav,in_support,frequency_modulation,0.7637595534324646
fan/train/section_00_source_train_normal_0622_spd_2.wav,in_support,frequency_modulation,0.45069605112075806
fan/train/section_00_source_train_normal_0623_spd_3.wav,in_support,periodic_resonance,0.9983355402946472
fan/train/section_00_source_train_normal_0624_spd_1.wav,in_support,amplitude_modulation,0.11115943640470505
fan/train/section_00_source_train_normal_0625_spd_2.wav,in_support,amplitude_modulation,0.8626668453216553
fan/train/section_00_source_train_normal_0626_spd_3.wav,in_support,periodic_resonance,0.8700383901596069
fan/train/section_00_source_train_normal_0627_spd_1.wav,in_support,periodic_resonance,0.31206560134887695
fan/train/section_00_source_train_normal_0628_spd_1.wav,in_support,periodic_resonance,0.32517534494400024
fan/train/section_00_source_train_normal_0629_spd_2.wav,in_support,periodic_resonance,0.658465564250946
fan/train/section_00_source_train_normal_0630_spd_3.wav,in_support,amplitude_modulation,0.07425214350223541
fan/train/section_00_source_train_normal_0631_spd_2.wav,in_support,periodic_resonance,0.9551599025726318
fan/train/section_00_source_train_normal_0632_spd_2.wav,in_support,frequency_modulation,0.68317049741745
fan/train/section_00_source_train_normal_0633_spd_1.wav,in_support,frequency_modulation,0.5307655930519104
fan/train/section_00_source_train_normal_0634_spd_3.wav,in_support,amplitude_modulation,0.8048861622810364
fan/train/section_00_source_train_normal_0635_spd_2.wav,in_support,periodic_resonance,0.9432498216629028
fan/train/section_00_source_train_normal_0636_spd_3.wav,in_support,amplitude_modulation,0.5358573198318481
fan/train/section_00_source_train_normal_0637_spd_1.wav,in_support,periodic_resonance,0.9226630926132202
fan/train/section_00_source_train_normal_0638_spd_3.wav,in_support,amplitude_modulation,0.336227148771286
fan/train/section_00_source_train_normal_0639_spd_3.wav,in_support,periodic_resonance,0.9472211599349976
fan/train/section_00_source_train_normal_0640_spd_3.wav,in_support,frequency_modulation,0.6461355090141296
fan/train/section_00_source_train_normal_0641_spd_2.wav,in_support,amplitude_modulation,0.4693905711174011
fan/train/section_00_source_train_normal_0642_spd_1.wav,in_support,amplitude_modulation,0.10991160571575165
fan/train/section_00_source_train_normal_0643_spd_1.wav,in_support,frequency_modulation,0.9061500430107117
fan/train/section_00_source_train_normal_0644_spd_3.wav,in_support,frequency_modulation,0.5235986113548279
fan/train/section_00_source_train_normal_0645_spd_1.wav,in_support,frequency_modulation,0.7894341349601746
fan/train/section_00_source_train_normal_0646_spd_3.wav,in_support,periodic_resonance,0.6167234182357788
fan/train/section_00_source_train_normal_0647_spd_1.wav,in_support,frequency_modulation,0.2154036909341812
fan/train/section_00_source_train_normal_0648_spd_3.wav,in_support,amplitude_modulation,0.11007914692163467
fan/train/section_00_source_train_normal_0649_spd_2.wav,in_support,amplitude_modulation,0.06559552997350693
fan/train/section_00_source_train_normal_0650_spd_1.wav,in_support,amplitude_modulation,0.8433615565299988
fan/train/section_00_source_train_normal_0651_spd_3.wav,in_support,frequency_modulation,0.766983151435852
fan/train/section_00_source_train_normal_0652_spd_2.wav,in_support,periodic_resonance,0.7821480631828308
fan/train/section_00_source_train_normal_0653_spd_2.wav,in_support,amplitude_modulation,0.06892973929643631
fan/train/section_00_source_train_normal_0654_spd_1.wav,in_support,frequency_modulation,0.8507811427116394
fan/train/section_00_source_train_normal_0655_spd_2.wav,in_support,periodic_resonance,0.75621098279953
fan/train/section_00_source_train_normal_0656_spd_2.wav,in_support,frequency_modulation,0.5210503339767456
fan/train/section_00_source_train_normal_0657_spd_3.wav,in_support,periodic_resonance,0.5422750115394592
fan/train/section_00_source_train_normal_0658_spd_2.wav,in_support,periodic_resonance,0.8953244090080261
fan/train/section_00_source_train_normal_0659_spd_1.wav,in_support,frequency_modulation,0.612393319606781
fan/train/section_00_source_train_normal_0660_spd_1.wav,in_support,periodic_resonance,0.8268989324569702
fan/train/section_00_source_train_normal_0661_spd_1.wav,in_support,frequency_modulation,0.6542986035346985
fan/train/section_00_source_train_normal_0662_spd_3.wav,in_support,periodic_resonance,0.9563835859298706
fan/train/section_00_source_train_normal_0663_spd_3.wav,in_support,amplitude_modulation,0.7180070877075195
fan/train/section_00_source_train_normal_0664_spd_2.wav,in_support,frequency_modulation,0.7597565650939941
fan/train/section_00_source_train_normal_0665_spd_1.wav,in_support,periodic_resonance,0.5103309750556946
fan/train/section_00_source_train_normal_0666_spd_2.wav,in_support,periodic_resonance,0.9390555024147034
fan/train/section_00_source_train_normal_0667_spd_3.wav,in_support,periodic_resonance,0.9543916583061218
fan/train/section_00_source_train_normal_0668_spd_2.wav,in_support,periodic_resonance,0.9358828067779541
fan/train/section_00_source_train_normal_0669_spd_3.wav,in_support,periodic_resonance,0.7315471768379211
fan/train/section_00_source_train_normal_0670_spd_3.wav,in_support,frequency_modulation,0.12504388391971588
fan/train/section_00_source_train_normal_0671_spd_3.wav,in_support,amplitude_modulation,0.586392343044281
fan/train/section_00_source_train_normal_0672_spd_3.wav,in_support,periodic_resonance,0.9056249260902405
fan/train/section_00_source_train_normal_0673_spd_3.wav,in_support,amplitude_modulation,0.5801531672477722
fan/train/section_00_source_train_normal_0674_spd_1.wav,in_support,periodic_resonance,0.516983687877655
fan/train/section_00_source_train_normal_0675_spd_3.wav,in_support,periodic_resonance,0.9605076313018799
fan/train/section_00_source_train_normal_0676_spd_1.wav,in_support,periodic_resonance,0.9756168723106384
fan/train/section_00_source_train_normal_0677_spd_1.wav,in_support,amplitude_modulation,0.8498733639717102
fan/train/section_00_source_train_normal_0678_spd_3.wav,in_support,frequency_modulation,0.9067257046699524
fan/train/section_00_source_train_normal_0679_spd_2.wav,in_support,periodic_resonance,0.7394863963127136
fan/train/section_00_source_train_normal_0680_spd_3.wav,in_support,periodic_resonance,0.5066003799438477
fan/train/section_00_source_train_normal_0681_spd_2.wav,in_support,frequency_modulation,0.43772557377815247
fan/train/section_00_source_train_normal_0682_spd_2.wav,in_support,amplitude_modulation,0.13290202617645264
fan/train/section_00_source_train_normal_0683_spd_2.wav,in_support,amplitude_modulation,0.17276301980018616
fan/train/section_00_source_train_normal_0684_spd_3.wav,in_support,amplitude_modulation,0.07992485910654068
fan/train/section_00_source_train_normal_0685_spd_1.wav,in_support,frequency_modulation,0.8260111212730408
fan/train/section_00_source_train_normal_0686_spd_3.wav,in_support,frequency_modulation,0.4605674743652344
fan/train/section_00_source_train_normal_0687_spd_3.wav,in_support,frequency_modulation,0.49480971693992615
fan/train/section_00_source_train_normal_0688_spd_2.wav,in_support,frequency_modulation,0.8622193932533264
fan/train/section_00_source_train_normal_0689_spd_2.wav,in_support,periodic_resonance,0.8492285013198853
fan/train/section_00_source_train_normal_0690_spd_2.wav,in_support,periodic_resonance,0.3159986138343811
fan/train/section_00_source_train_normal_0691_spd_3.wav,in_support,periodic_resonance,0.8743200898170471
fan/train/section_00_source_train_normal_0692_spd_2.wav,in_support,periodic_resonance,0.5642337799072266
fan/train/section_00_source_train_normal_0693_spd_1.wav,in_support,periodic_resonance,0.7568144798278809
fan/train/section_00_source_train_normal_0694_spd_3.wav,in_support,frequency_modulation,0.792546808719635
fan/train/section_00_source_train_normal_0695_spd_1.wav,in_support,amplitude_modulation,0.9153466820716858
fan/train/section_00_source_train_normal_0696_spd_1.wav,in_support,frequency_modulation,0.7104477882385254
fan/train/section_00_source_train_normal_0697_spd_2.wav,in_support,periodic_resonance,0.2465878278017044
fan/train/section_00_source_train_normal_0698_spd_1.wav,in_support,periodic_resonance,0.842126727104187
fan/train/section_00_source_train_normal_0699_spd_1.wav,in_support,amplitude_modulation,0.08675670623779297
fan/train/section_00_source_train_normal_0700_spd_2.wav,in_support,frequency_modulation,0.9446725249290466
fan/train/section_00_source_train_normal_0701_spd_3.wav,in_support,frequency_modulation,0.7032968997955322
fan/train/section_00_source_train_normal_0702_spd_3.wav,in_support,amplitude_modulation,0.2569224238395691
fan/train/section_00_source_train_normal_0703_spd_3.wav,in_support,amplitude_modulation,0.5255578756332397
fan/train/section_00_source_train_normal_0704_spd_1.wav,in_support,periodic_resonance,0.8262695670127869
fan/train/section_00_source_train_normal_0705_spd_1.wav,in_support,frequency_modulation,0.592107892036438
fan/train/section_00_source_train_normal_0706_spd_1.wav,in_support,frequency_modulation,0.3145162761211395
fan/train/section_00_source_train_normal_0707_spd_3.wav,in_support,periodic_resonance,0.5352229475975037
fan/train/section_00_source_train_normal_0708_spd_2.wav,in_support,periodic_resonance,0.7788054943084717
fan/train/section_00_source_train_normal_0709_spd_2.wav,in_support,periodic_resonance,0.8446587920188904
fan/train/section_00_source_train_normal_0710_spd_2.wav,in_support,frequency_modulation,0.805419385433197
fan/train/section_00_source_train_normal_0711_spd_3.wav,in_support,amplitude_modulation,0.5226681232452393
fan/train/section_00_source_train_normal_0712_spd_1.wav,in_support,frequency_modulation,0.6283630728721619
fan/train/section_00_source_train_normal_0713_spd_3.wav,in_support,periodic_resonance,0.6187620759010315
fan/train/section_00_source_train_normal_0714_spd_1.wav,in_support,periodic_resonance,0.8973620533943176
fan/train/section_00_source_train_normal_0715_spd_1.wav,in_support,periodic_resonance,0.8197262287139893
fan/train/section_00_source_train_normal_0716_spd_2.wav,in_support,amplitude_modulation,0.48745447397232056
fan/train/section_00_source_train_normal_0717_spd_3.wav,in_support,frequency_modulation,0.28075453639030457
fan/train/section_00_source_train_normal_0718_spd_3.wav,in_support,periodic_resonance,0.8176394104957581
fan/train/section_00_source_train_normal_0719_spd_2.wav,in_support,frequency_modulation,0.4503243565559387
fan/train/section_00_source_train_normal_0720_spd_2.wav,in_support,periodic_resonance,0.9380789995193481
fan/train/section_00_source_train_normal_0721_spd_2.wav,in_support,amplitude_modulation,0.38602450489997864
fan/train/section_00_source_train_normal_0722_spd_2.wav,in_support,frequency_modulation,0.9055970311164856
fan/train/section_00_source_train_normal_0723_spd_1.wav,in_support,periodic_resonance,0.6372224688529968
fan/train/section_00_source_train_normal_0724_spd_2.wav,in_support,periodic_resonance,0.7706562876701355
fan/train/section_00_source_train_normal_0725_spd_1.wav,in_support,amplitude_modulation,0.15509460866451263
fan/train/section_00_source_train_normal_0726_spd_1.wav,in_support,amplitude_modulation,0.8093332648277283
fan/train/section_00_source_train_normal_0727_spd_3.wav,in_support,frequency_modulation,0.6810756921768188
fan/train/section_00_source_train_normal_0728_spd_2.wav,in_support,periodic_resonance,0.2005733847618103
fan/train/section_00_source_train_normal_0729_spd_3.wav,in_support,amplitude_modulation,0.6100190281867981
fan/train/section_00_source_train_normal_0730_spd_2.wav,in_support,amplitude_modulation,0.16292907297611237
fan/train/section_00_source_train_normal_0731_spd_1.wav,in_support,amplitude_modulation,0.5432425141334534
fan/train/section_00_source_train_normal_0732_spd_1.wav,in_support,periodic_resonance,0.8540305495262146
fan/train/section_00_source_train_normal_0733_spd_1.wav,in_support,amplitude_modulation,0.27714043855667114
fan/train/section_00_source_train_normal_0734_spd_2.wav,in_support,frequency_modulation,0.28041204810142517
fan/train/section_00_source_train_normal_0735_spd_1.wav,in_support,amplitude_modulation,0.8607093691825867
fan/train/section_00_source_train_normal_0736_spd_3.wav,in_support,periodic_resonance,0.840779185295105
fan/train/section_00_source_train_normal_0737_spd_2.wav,in_support,frequency_modulation,0.7066574096679688
fan/train/section_00_source_train_normal_0738_spd_1.wav,in_support,frequency_modulation,0.8954324126243591
fan/train/section_00_source_train_normal_0739_spd_1.wav,in_support,amplitude_modulation,0.23466652631759644
fan/train/section_00_source_train_normal_0740_spd_1.wav,in_support,periodic_resonance,0.9439831376075745
fan/train/section_00_source_train_normal_0741_spd_2.wav,in_support,frequency_modulation,0.3728165924549103
fan/train/section_00_source_train_normal_0742_spd_2.wav,in_support,amplitude_modulation,0.4845109283924103
fan/train/section_00_source_train_normal_0743_spd_1.wav,in_support,amplitude_modulation,0.1347469538450241
fan/train/section_00_source_train_normal_0744_spd_3.wav,in_support,amplitude_modulation,0.9367098212242126
fan/train/section_00_source_train_normal_0745_spd_2.wav,in_support,periodic_resonance,0.9514408111572266
fan/train/section_00_source_train_normal_0746_spd_3.wav,in_support,amplitude_modulation,0.869905412197113
fan/train/section_00_source_train_normal_0747_spd_2.wav,in_support,amplitude_modulation,0.8878750801086426
fan/train/section_00_source_train_normal_0748_spd_3.wav,in_support,periodic_resonance,0.8212152123451233
fan/train/section_00_source_train_normal_0749_spd_1.wav,in_support,amplitude_modulation,0.8082348108291626
fan/train/section_00_source_train_normal_0750_spd_3.wav,in_support,amplitude_modulation,0.17433208227157593
fan/train/section_00_source_train_normal_0751_spd_3.wav,in_support,amplitude_modulation,0.6139581799507141
fan/train/section_00_source_train_normal_0752_spd_1.wav,in_support,periodic_resonance,0.9367294907569885
fan/train/section_00_source_train_normal_0753_spd_2.wav,in_support,frequency_modulation,0.49648159742355347
fan/train/section_00_source_train_normal_0754_spd_3.wav,in_support,amplitude_modulation,0.11143384128808975
fan/train/section_00_source_train_normal_0755_spd_2.wav,in_support,frequency_modulation,0.5860973596572876
fan/train/section_00_source_train_normal_0756_spd_3.wav,in_support,frequency_modulation,0.8019871115684509
fan/train/section_00_source_train_normal_0757_spd_1.wav,in_support,periodic_resonance,0.9476614594459534
fan/train/section_00_source_train_normal_0758_spd_1.wav,in_support,frequency_modulation,0.7820648550987244
fan/train/section_00_source_train_normal_0759_spd_3.wav,in_support,frequency_modulation,0.9487754106521606
fan/train/section_00_source_train_normal_0760_spd_1.wav,in_support,periodic_resonance,0.8276681900024414
fan/train/section_00_source_train_normal_0761_spd_3.wav,in_support,frequency_modulation,0.9363544583320618
fan/train/section_00_source_train_normal_0762_spd_2.wav,in_support,amplitude_modulation,0.1637376993894577
fan/train/section_00_source_train_normal_0763_spd_2.wav,in_support,amplitude_modulation,0.8260475993156433
fan/train/section_00_source_train_normal_0764_spd_1.wav,in_support,amplitude_modulation,0.7199348211288452
fan/train/section_00_source_train_normal_0765_spd_2.wav,in_support,amplitude_modulation,0.8646030426025391
fan/train/section_00_source_train_normal_0766_spd_1.wav,in_support,periodic_resonance,0.8536224961280823
fan/train/section_00_source_train_normal_0767_spd_1.wav,in_support,frequency_modulation,0.4788656234741211
fan/train/section_00_source_train_normal_0768_spd_3.wav,in_support,frequency_modulation,0.6065986752510071
fan/train/section_00_source_train_normal_0769_spd_3.wav,in_support,frequency_modulation,0.947614312171936
fan/train/section_00_source_train_normal_0770_spd_2.wav,in_support,periodic_resonance,0.812537431716919
fan/train/section_00_source_train_normal_0771_spd_2.wav,in_support,frequency_modulation,0.16869863867759705
fan/train/section_00_source_train_normal_0772_spd_1.wav,in_support,periodic_resonance,0.944649875164032
fan/train/section_00_source_train_normal_0773_spd_3.wav,in_support,frequency_modulation,0.24801473319530487
fan/train/section_00_source_train_normal_0774_spd_3.wav,in_support,amplitude_modulation,0.06878579407930374
fan/train/section_00_source_train_normal_0775_spd_1.wav,in_support,frequency_modulation,0.29287290573120117
fan/train/section_00_source_train_normal_0776_spd_1.wav,in_support,frequency_modulation,0.9358922243118286
fan/train/section_00_source_train_normal_0777_spd_3.wav,in_support,amplitude_modulation,0.9270780086517334
fan/train/section_00_source_train_normal_0778_spd_1.wav,in_support,amplitude_modulation,0.9225363731384277
fan/train/section_00_source_train_normal_0779_spd_1.wav,in_support,frequency_modulation,0.38820192217826843
fan/train/section_00_source_train_normal_0780_spd_3.wav,in_support,amplitude_modulation,0.5328630805015564
fan/train/section_00_source_train_normal_0781_spd_3.wav,in_support,amplitude_modulation,0.8196166753768921
fan/train/section_00_source_train_normal_0782_spd_1.wav,in_support,amplitude_modulation,0.43614083528518677
fan/train/section_00_source_train_normal_0783_spd_3.wav,in_support,amplitude_modulation,0.48375433683395386
fan/train/section_00_source_train_normal_0784_spd_3.wav,in_support,frequency_modulation,0.5728058815002441
fan/train/section_00_source_train_normal_0785_spd_2.wav,in_support,amplitude_modulation,0.28535136580467224
fan/train/section_00_source_train_normal_0786_spd_3.wav,in_support,periodic_resonance,0.5055944919586182
fan/train/section_00_source_train_normal_0787_spd_3.wav,in_support,frequency_modulation,0.8599180579185486
fan/train/section_00_source_train_normal_0788_spd_3.wav,in_support,frequency_modulation,0.7034000158309937
fan/train/section_00_source_train_normal_0789_spd_3.wav,in_support,periodic_resonance,0.8183115720748901
fan/train/section_00_source_train_normal_0790_spd_1.wav,in_support,periodic_resonance,0.9163402915000916
fan/train/section_00_source_train_normal_0791_spd_1.wav,in_support,amplitude_modulation,0.7735174298286438
fan/train/section_00_source_train_normal_0792_spd_1.wav,in_support,periodic_resonance,0.755048930644989
fan/train/section_00_source_train_normal_0793_spd_1.wav,in_support,periodic_resonance,0.8994356989860535
fan/train/section_00_source_train_normal_0794_spd_3.wav,in_support,periodic_resonance,0.5049723982810974
fan/train/section_00_source_train_normal_0795_spd_1.wav,in_support,frequency_modulation,0.37199100852012634
fan/train/section_00_source_train_normal_0796_spd_2.wav,in_support,periodic_resonance,0.7813435792922974
fan/train/section_00_source_train_normal_0797_spd_1.wav,in_support,periodic_resonance,0.9033151865005493
fan/train/section_00_source_train_normal_0798_spd_2.wav,in_support,frequency_modulation,0.3084452748298645
fan/train/section_00_source_train_normal_0799_spd_3.wav,in_support,periodic_resonance,0.8414010405540466
fan/train/section_00_source_train_normal_0800_spd_2.wav,in_support,frequency_modulation,0.7655408382415771
fan/train/section_00_source_train_normal_0801_spd_1.wav,in_support,periodic_resonance,0.6818029284477234
fan/train/section_00_source_train_normal_0802_spd_2.wav,in_support,amplitude_modulation,0.1694864183664322
fan/train/section_00_source_train_normal_0803_spd_3.wav,in_support,frequency_modulation,0.7236446142196655
fan/train/section_00_source_train_normal_0804_spd_3.wav,in_support,periodic_resonance,0.676967442035675
fan/train/section_00_source_train_normal_0805_spd_1.wav,in_support,frequency_modulation,0.727841854095459
fan/train/section_00_source_train_normal_0806_spd_2.wav,in_support,frequency_modulation,0.8799601197242737
fan/train/section_00_source_train_normal_0807_spd_2.wav,in_support,periodic_resonance,0.8422951102256775
fan/train/section_00_source_train_normal_0808_spd_1.wav,in_support,frequency_modulation,0.8914903998374939
fan/train/section_00_source_train_normal_0809_spd_3.wav,in_support,amplitude_modulation,0.680666446685791
fan/train/section_00_source_train_normal_0810_spd_1.wav,in_support,amplitude_modulation,0.7612324953079224
fan/train/section_00_source_train_normal_0811_spd_2.wav,in_support,amplitude_modulation,0.5192283987998962
fan/train/section_00_source_train_normal_0812_spd_2.wav,in_support,frequency_modulation,0.9151498675346375
fan/train/section_00_source_train_normal_0813_spd_1.wav,in_support,amplitude_modulation,0.19740290939807892
fan/train/section_00_source_train_normal_0814_spd_2.wav,in_support,periodic_resonance,0.48190709948539734
fan/train/section_00_source_train_normal_0815_spd_2.wav,in_support,periodic_resonance,0.866256833076477
fan/train/section_00_source_train_normal_0816_spd_2.wav,in_support,amplitude_modulation,0.8017778992652893
fan/train/section_00_source_train_normal_0817_spd_2.wav,in_support,amplitude_modulation,0.557327389717102
fan/train/section_00_source_train_normal_0818_spd_1.wav,in_support,periodic_resonance,0.9578646421432495
fan/train/section_00_source_train_normal_0819_spd_2.wav,in_support,amplitude_modulation,0.4768320620059967
fan/train/section_00_source_train_normal_0820_spd_2.wav,in_support,amplitude_modulation,0.8782301545143127
fan/train/section_00_source_train_normal_0821_spd_2.wav,in_support,amplitude_modulation,0.11249865591526031
fan/train/section_00_source_train_normal_0822_spd_1.wav,in_support,frequency_modulation,0.8118734359741211
fan/train/section_00_source_train_normal_0823_spd_1.wav,in_support,amplitude_modulation,0.7588770389556885
fan/train/section_00_source_train_normal_0824_spd_3.wav,in_support,periodic_resonance,0.6767001152038574
fan/train/section_00_source_train_normal_0825_spd_1.wav,in_support,amplitude_modulation,0.6638839244842529
fan/train/section_00_source_train_normal_0826_spd_3.wav,in_support,periodic_resonance,0.9553874731063843
fan/train/section_00_source_train_normal_0827_spd_1.wav,in_support,frequency_modulation,0.7771525979042053
fan/train/section_00_source_train_normal_0828_spd_3.wav,in_support,frequency_modulation,0.18979279696941376
fan/train/section_00_source_train_normal_0829_spd_2.wav,in_support,periodic_resonance,0.9163997173309326
fan/train/section_00_source_train_normal_0830_spd_1.wav,in_support,periodic_resonance,0.7265389561653137
fan/train/section_00_source_train_normal_0831_spd_1.wav,in_support,frequency_modulation,0.8239925503730774
fan/train/section_00_source_train_normal_0832_spd_1.wav,in_support,amplitude_modulation,0.08215536922216415
fan/train/section_00_source_train_normal_0833_spd_1.wav,in_support,amplitude_modulation,0.4631613790988922
fan/train/section_00_source_train_normal_0834_spd_3.wav,in_support,amplitude_modulation,0.1567065417766571
fan/train/section_00_source_train_normal_0835_spd_3.wav,in_support,frequency_modulation,0.888344407081604
fan/train/section_00_source_train_normal_0836_spd_3.wav,in_support,frequency_modulation,0.9133030772209167
fan/train/section_00_source_train_normal_0837_spd_1.wav,in_support,frequency_modulation,0.537006676197052
fan/train/section_00_source_train_normal_0838_spd_3.wav,in_support,frequency_modulation,0.41594287753105164
fan/train/section_00_source_train_normal_0839_spd_1.wav,in_support,periodic_resonance,0.9447466731071472
fan/train/section_00_source_train_normal_0840_spd_2.wav,in_support,amplitude_modulation,0.1467335820198059
fan/train/section_00_source_train_normal_0841_spd_1.wav,in_support,frequency_modulation,0.5491004586219788
fan/train/section_00_source_train_normal_0842_spd_2.wav,in_support,periodic_resonance,0.8355967998504639
fan/train/section_00_source_train_normal_0843_spd_2.wav,in_support,periodic_resonance,0.19561849534511566
fan/train/section_00_source_train_normal_0844_spd_3.wav,in_support,amplitude_modulation,0.6658872961997986
fan/train/section_00_source_train_normal_0845_spd_3.wav,in_support,periodic_resonance,0.8696138858795166
fan/train/section_00_source_train_normal_0846_spd_2.wav,in_support,frequency_modulation,0.9823359847068787
fan/train/section_00_source_train_normal_0847_spd_2.wav,in_support,amplitude_modulation,0.26056888699531555
fan/train/section_00_source_train_normal_0848_spd_3.wav,in_support,frequency_modulation,0.9290691614151001
fan/train/section_00_source_train_normal_0849_spd_3.wav,in_support,periodic_resonance,0.8871446847915649
fan/train/section_00_source_train_normal_0850_spd_3.wav,in_support,amplitude_modulation,0.25322425365448
fan/train/section_00_source_train_normal_0851_spd_1.wav,in_support,frequency_modulation,0.6705975532531738
fan/train/section_00_source_train_normal_0852_spd_3.wav,in_support,periodic_resonance,0.8040326237678528
fan/train/section_00_source_train_normal_0853_spd_3.wav,in_support,frequency_modulation,0.8522940874099731
fan/train/section_00_source_train_normal_0854_spd_1.wav,in_support,periodic_resonance,0.9622544050216675
fan/train/section_00_source_train_normal_0855_spd_1.wav,in_support,amplitude_modulation,0.5511627793312073
fan/train/section_00_source_train_normal_0856_spd_1.wav,in_support,frequency_modulation,0.46938401460647583
fan/train/section_00_source_train_normal_0857_spd_3.wav,in_support,periodic_resonance,0.4475853741168976
fan/train/section_00_source_train_normal_0858_spd_2.wav,in_support,amplitude_modulation,0.1058008223772049
fan/train/section_00_source_train_normal_0859_spd_2.wav,in_support,frequency_modulation,0.41195330023765564
fan/train/section_00_source_train_normal_0860_spd_2.wav,in_support,periodic_resonance,0.7330216765403748
fan/train/section_00_source_train_normal_0861_spd_1.wav,in_support,periodic_resonance,0.8555506467819214
fan/train/section_00_source_train_normal_0862_spd_3.wav,in_support,amplitude_modulation,0.22236306965351105
fan/train/section_00_source_train_normal_0863_spd_1.wav,in_support,amplitude_modulation,0.06341196596622467
fan/train/section_00_source_train_normal_0864_spd_2.wav,in_support,amplitude_modulation,0.21346928179264069
fan/train/section_00_source_train_normal_0865_spd_3.wav,in_support,amplitude_modulation,0.06329900771379471
fan/train/section_00_source_train_normal_0866_spd_1.wav,in_support,periodic_resonance,0.6668335795402527
fan/train/section_00_source_train_normal_0867_spd_3.wav,in_support,frequency_modulation,0.8095605373382568
fan/train/section_00_source_train_normal_0868_spd_3.wav,in_support,amplitude_modulation,0.3821929097175598
fan/train/section_00_source_train_normal_0869_spd_3.wav,in_support,frequency_modulation,0.5196948051452637
fan/train/section_00_source_train_normal_0870_spd_3.wav,in_support,periodic_resonance,0.9084306955337524
fan/train/section_00_source_train_normal_0871_spd_3.wav,in_support,frequency_modulation,0.2860895097255707
fan/train/section_00_source_train_normal_0872_spd_3.wav,in_support,frequency_modulation,0.8279616236686707
fan/train/section_00_source_train_normal_0873_spd_3.wav,in_support,periodic_resonance,0.48569220304489136
fan/train/section_00_source_train_normal_0874_spd_1.wav,in_support,periodic_resonance,0.947869062423706
fan/train/section_00_source_train_normal_0875_spd_3.wav,in_support,periodic_resonance,0.918179452419281
fan/train/section_00_source_train_normal_0876_spd_1.wav,in_support,amplitude_modulation,0.7418074607849121
fan/train/section_00_source_train_normal_0877_spd_2.wav,in_support,frequency_modulation,0.7093560695648193
fan/train/section_00_source_train_normal_0878_spd_2.wav,in_support,frequency_modulation,0.889377236366272
fan/train/section_00_source_train_normal_0879_spd_1.wav,in_support,amplitude_modulation,0.2937760353088379
fan/train/section_00_source_train_normal_0880_spd_2.wav,in_support,periodic_resonance,0.9168599843978882
fan/train/section_00_source_train_normal_0881_spd_1.wav,in_support,amplitude_modulation,0.11258186399936676
fan/train/section_00_source_train_normal_0882_spd_1.wav,in_support,amplitude_modulation,0.5154471397399902
fan/train/section_00_source_train_normal_0883_spd_3.wav,in_support,periodic_resonance,0.9010636806488037
fan/train/section_00_source_train_normal_0884_spd_3.wav,in_support,frequency_modulation,0.674944281578064
fan/train/section_00_source_train_normal_0885_spd_1.wav,in_support,frequency_modulation,0.8335504531860352
fan/train/section_00_source_train_normal_0886_spd_3.wav,in_support,frequency_modulation,0.8571163415908813
fan/train/section_00_source_train_normal_0887_spd_1.wav,in_support,periodic_resonance,0.950867772102356
fan/train/section_00_source_train_normal_0888_spd_3.wav,in_support,periodic_resonance,0.7762616276741028
fan/train/section_00_source_train_normal_0889_spd_2.wav,in_support,periodic_resonance,0.9487379789352417
fan/train/section_00_source_train_normal_0890_spd_2.wav,in_support,frequency_modulation,0.4282776713371277
fan/train/section_00_source_train_normal_0891_spd_1.wav,in_support,periodic_resonance,0.9132869839668274
fan/train/section_00_source_train_normal_0892_spd_2.wav,in_support,amplitude_modulation,0.44352850317955017
fan/train/section_00_source_train_normal_0893_spd_3.wav,in_support,periodic_resonance,0.9565916061401367
fan/train/section_00_source_train_normal_0894_spd_2.wav,in_support,frequency_modulation,0.8161919713020325
fan/train/section_00_source_train_normal_0895_spd_1.wav,in_support,amplitude_modulation,0.3831883668899536
fan/train/section_00_source_train_normal_0896_spd_3.wav,in_support,periodic_resonance,0.4380807876586914
fan/train/section_00_source_train_normal_0897_spd_3.wav,in_support,amplitude_modulation,0.7989889979362488
fan/train/section_00_source_train_normal_0898_spd_3.wav,in_support,amplitude_modulation,0.8985849022865295
fan/train/section_00_source_train_normal_0899_spd_2.wav,in_support,periodic_resonance,0.5706736445426941
fan/train/section_00_source_train_normal_0900_spd_2.wav,in_support,frequency_modulation,0.9189760684967041
fan/train/section_00_source_train_normal_0901_spd_3.wav,in_support,frequency_modulation,0.6509619355201721
fan/train/section_00_source_train_normal_0902_spd_1.wav,in_support,amplitude_modulation,0.8342831134796143
fan/train/section_00_source_train_normal_0903_spd_2.wav,in_support,amplitude_modulation,0.6890013217926025
fan/train/section_00_source_train_normal_0904_spd_1.wav,in_support,periodic_resonance,0.9750317931175232
fan/train/section_00_source_train_normal_0905_spd_1.wav,in_support,amplitude_modulation,0.12098369747400284
fan/train/section_00_source_train_normal_0906_spd_3.wav,in_support,frequency_modulation,0.8495688438415527
fan/train/section_00_source_train_normal_0907_spd_1.wav,in_support,frequency_modulation,0.35021916031837463
fan/train/section_00_source_train_normal_0908_spd_2.wav,in_support,frequency_modulation,0.9301275014877319
fan/train/section_00_source_train_normal_0909_spd_1.wav,in_support,amplitude_modulation,0.46607109904289246
fan/train/section_00_source_train_normal_0910_spd_3.wav,in_support,frequency_modulation,0.9320293068885803
fan/train/section_00_source_train_normal_0911_spd_3.wav,in_support,periodic_resonance,0.6541721820831299
fan/train/section_00_source_train_normal_0912_spd_1.wav,in_support,frequency_modulation,0.4890201687812805
fan/train/section_00_source_train_normal_0913_spd_2.wav,in_support,amplitude_modulation,0.5370897054672241
fan/train/section_00_source_train_normal_0914_spd_3.wav,in_support,frequency_modulation,0.8811157941818237
fan/train/section_00_source_train_normal_0915_spd_1.wav,in_support,frequency_modulation,0.844560980796814
fan/train/section_00_source_train_normal_0916_spd_2.wav,in_support,frequency_modulation,0.8760510683059692
fan/train/section_00_source_train_normal_0917_spd_1.wav,in_support,frequency_modulation,0.7715939283370972
fan/train/section_00_source_train_normal_0918_spd_1.wav,in_support,periodic_resonance,0.8379241824150085
fan/train/section_00_source_train_normal_0919_spd_1.wav,in_support,frequency_modulation,0.813643753528595
fan/train/section_00_source_train_normal_0920_spd_2.wav,in_support,amplitude_modulation,0.6104656457901001
fan/train/section_00_source_train_normal_0921_spd_3.wav,in_support,frequency_modulation,0.8585209846496582
fan/train/section_00_source_train_normal_0922_spd_1.wav,in_support,periodic_resonance,0.881412923336029
fan/train/section_00_source_train_normal_0923_spd_3.wav,in_support,amplitude_modulation,0.4852409064769745
fan/train/section_00_source_train_normal_0924_spd_2.wav,in_support,frequency_modulation,0.8185303211212158
fan/train/section_00_source_train_normal_0925_spd_2.wav,in_support,frequency_modulation,0.6114156246185303
fan/train/section_00_source_train_normal_0926_spd_2.wav,in_support,frequency_modulation,0.8366383910179138
fan/train/section_00_source_train_normal_0927_spd_3.wav,in_support,frequency_modulation,0.7334033250808716
fan/train/section_00_source_train_normal_0928_spd_1.wav,in_support,periodic_resonance,0.7781473994255066
fan/train/section_00_source_train_normal_0929_spd_2.wav,in_support,periodic_resonance,0.8517091274261475
fan/train/section_00_source_train_normal_0930_spd_2.wav,in_support,frequency_modulation,0.8340486288070679
fan/train/section_00_source_train_normal_0931_spd_2.wav,in_support,amplitude_modulation,0.765801727771759
fan/train/section_00_source_train_normal_0932_spd_3.wav,in_support,frequency_modulation,0.9249085187911987
fan/train/section_00_source_train_normal_0933_spd_1.wav,in_support,amplitude_modulation,0.6672636270523071
fan/train/section_00_source_train_normal_0934_spd_1.wav,in_support,amplitude_modulation,0.07483020424842834
fan/train/section_00_source_train_normal_0935_spd_1.wav,in_support,periodic_resonance,0.9555158019065857
fan/train/section_00_source_train_normal_0936_spd_1.wav,in_support,periodic_resonance,0.8638955950737
fan/train/section_00_source_train_normal_0937_spd_3.wav,in_support,periodic_resonance,0.2441961169242859
fan/train/section_00_source_train_normal_0938_spd_1.wav,in_support,periodic_resonance,0.878302812576294
fan/train/section_00_source_train_normal_0939_spd_2.wav,in_support,frequency_modulation,0.806189775466919
fan/train/section_00_source_train_normal_0940_spd_1.wav,in_support,periodic_resonance,0.24123169481754303
fan/train/section_00_source_train_normal_0941_spd_3.wav,in_support,amplitude_modulation,0.5832825303077698
fan/train/section_00_source_train_normal_0942_spd_3.wav,in_support,frequency_modulation,0.6480322480201721
fan/train/section_00_source_train_normal_0943_spd_2.wav,in_support,periodic_resonance,0.4777233600616455
fan/train/section_00_source_train_normal_0944_spd_1.wav,in_support,frequency_modulation,0.6583138704299927
fan/train/section_00_source_train_normal_0945_spd_3.wav,in_support,amplitude_modulation,0.8546393513679504
fan/train/section_00_source_train_normal_0946_spd_2.wav,in_support,periodic_resonance,0.9835623502731323
fan/train/section_00_source_train_normal_0947_spd_1.wav,in_support,amplitude_modulation,0.7094990015029907
fan/train/section_00_source_train_normal_0948_spd_2.wav,in_support,frequency_modulation,0.9380472898483276
fan/train/section_00_source_train_normal_0949_spd_1.wav,in_support,periodic_resonance,0.3856004476547241
fan/train/section_00_source_train_normal_0950_spd_1.wav,in_support,frequency_modulation,0.8051791787147522
fan/train/section_00_source_train_normal_0951_spd_1.wav,in_support,frequency_modulation,0.8322989344596863
fan/train/section_00_source_train_normal_0952_spd_2.wav,in_support,periodic_resonance,0.9240598082542419
fan/train/section_00_source_train_normal_0953_spd_1.wav,in_support,periodic_resonance,0.8529990911483765
fan/train/section_00_source_train_normal_0954_spd_2.wav,in_support,amplitude_modulation,0.0796576738357544
fan/train/section_00_source_train_normal_0955_spd_1.wav,in_support,amplitude_modulation,0.314412921667099
fan/train/section_00_source_train_normal_0956_spd_2.wav,in_support,frequency_modulation,0.5069749355316162
fan/train/section_00_source_train_normal_0957_spd_2.wav,in_support,frequency_modulation,0.84203040599823
fan/train/section_00_source_train_normal_0958_spd_1.wav,in_support,frequency_modulation,0.9255629777908325
fan/train/section_00_source_train_normal_0959_spd_3.wav,in_support,periodic_resonance,0.947612464427948
fan/train/section_00_source_train_normal_0960_spd_3.wav,in_support,amplitude_modulation,0.8215764164924622
fan/train/section_00_source_train_normal_0961_spd_2.wav,in_support,frequency_modulation,0.9397835731506348
fan/train/section_00_source_train_normal_0962_spd_3.wav,in_support,amplitude_modulation,0.2514879107475281
fan/train/section_00_source_train_normal_0963_spd_3.wav,in_support,periodic_resonance,0.966620147228241
fan/train/section_00_source_train_normal_0964_spd_1.wav,in_support,amplitude_modulation,0.8879117369651794
fan/train/section_00_source_train_normal_0965_spd_2.wav,in_support,periodic_resonance,0.5467910170555115
fan/train/section_00_source_train_normal_0966_spd_3.wav,in_support,periodic_resonance,0.6481980681419373
fan/train/section_00_source_train_normal_0967_spd_1.wav,in_support,frequency_modulation,0.7070162296295166
fan/train/section_00_source_train_normal_0968_spd_2.wav,in_support,amplitude_modulation,0.7181937098503113
fan/train/section_00_source_train_normal_0969_spd_3.wav,in_support,periodic_resonance,0.6419026255607605
fan/train/section_00_source_train_normal_0970_spd_3.wav,in_support,periodic_resonance,0.9601131677627563
fan/train/section_00_source_train_normal_0971_spd_1.wav,in_support,amplitude_modulation,0.291252464056015
fan/train/section_00_source_train_normal_0972_spd_1.wav,in_support,frequency_modulation,0.8653892874717712
fan/train/section_00_source_train_normal_0973_spd_2.wav,in_support,amplitude_modulation,0.6672693490982056
fan/train/section_00_source_train_normal_0974_spd_3.wav,in_support,periodic_resonance,0.733665406703949
fan/train/section_00_source_train_normal_0975_spd_1.wav,in_support,amplitude_modulation,0.7100554704666138
fan/train/section_00_source_train_normal_0976_spd_2.wav,in_support,frequency_modulation,0.8809176683425903
fan/train/section_00_source_train_normal_0977_spd_3.wav,in_support,amplitude_modulation,0.9181774854660034
fan/train/section_00_source_train_normal_0978_spd_3.wav,in_support,periodic_resonance,0.4952965974807739
fan/train/section_00_source_train_normal_0979_spd_2.wav,in_support,periodic_resonance,0.8569362163543701
fan/train/section_00_source_train_normal_0980_spd_2.wav,in_support,frequency_modulation,0.8215638995170593
fan/train/section_00_source_train_normal_0981_spd_2.wav,in_support,periodic_resonance,0.942400336265564
fan/train/section_00_source_train_normal_0982_spd_3.wav,in_support,frequency_modulation,0.25038275122642517
fan/train/section_00_source_train_normal_0983_spd_1.wav,in_support,amplitude_modulation,0.9148851633071899
fan/train/section_00_source_train_normal_0984_spd_3.wav,in_support,periodic_resonance,0.911910891532898
fan/train/section_00_source_train_normal_0985_spd_1.wav,in_support,periodic_resonance,0.8420678377151489
fan/train/section_00_source_train_normal_0986_spd_2.wav,in_support,frequency_modulation,0.9068103432655334
fan/train/section_00_source_train_normal_0987_spd_2.wav,in_support,periodic_resonance,0.8647931814193726
fan/train/section_00_source_train_normal_0988_spd_1.wav,in_support,frequency_modulation,0.9859495162963867
fan/train/section_00_source_train_normal_0989_spd_3.wav,in_support,periodic_resonance,0.4978679418563843
fan/train/section_00_target_train_normal_0000_spd_3.wav,in_support,amplitude_modulation,0.7925940155982971
fan/train/section_00_target_train_normal_0001_spd_2.wav,in_support,frequency_modulation,0.6550584435462952
fan/train/section_00_target_train_normal_0002_spd_1.wav,in_support,amplitude_modulation,0.11577168107032776
fan/train/section_00_target_train_normal_0003_spd_3.wav,in_support,frequency_modulation,0.759781539440155
fan/train/section_00_target_train_normal_0004_spd_2.wav,in_support,periodic_resonance,0.26159098744392395
fan/train/section_00_target_train_normal_0005_spd_1.wav,in_support,periodic_resonance,0.9643962383270264
fan/train/section_00_target_train_normal_0006_spd_1.wav,in_support,frequency_modulation,0.9225881695747375
fan/train/section_00_target_train_normal_0007_spd_1.wav,in_support,periodic_resonance,0.8886087536811829
fan/train/section_00_target_train_normal_0008_spd_3.wav,in_support,amplitude_modulation,0.8840715289115906
fan/train/section_00_target_train_normal_0009_spd_2.wav,in_support,frequency_modulation,0.6487882733345032
gearboxEmu/train/section_00_source_train_normal_0000_pro_A.wav,in_support,amplitude_modulation,0.3447858989238739
gearboxEmu/train/section_00_source_train_normal_0001_pro_F.wav,in_support,periodic_resonance,0.5291423201560974
gearboxEmu/train/section_00_source_train_normal_0002_pro_C.wav,in_support,frequency_modulation,0.6693253517150879
gearboxEmu/train/section_00_source_train_normal_0003_pro_E.wav,in_support,amplitude_modulation,0.16344857215881348
gearboxEmu/train/section_00_source_train_normal_0004_pro_A.wav,in_support,amplitude_modulation,0.03530460223555565
gearboxEmu/train/section_00_source_train_normal_0005_pro_D.wav,in_support,periodic_resonance,0.9903241395950317
gearboxEmu/train/section_00_source_train_normal_0006_pro_F.wav,in_support,frequency_modulation,0.8797184228897095
gearboxEmu/train/section_00_source_train_normal_0007_pro_E.wav,in_support,periodic_resonance,0.9502586722373962
gearboxEmu/train/section_00_source_train_normal_0008_pro_D.wav,in_support,amplitude_modulation,0.03310990706086159
gearboxEmu/train/section_00_source_train_normal_0009_pro_E.wav,in_support,amplitude_modulation,0.07019603997468948
gearboxEmu/train/section_00_source_train_normal_0010_pro_A.wav,in_support,frequency_modulation,0.4772176444530487
gearboxEmu/train/section_00_source_train_normal_0011_pro_E.wav,in_support,periodic_resonance,0.9090777039527893
gearboxEmu/train/section_00_source_train_normal_0012_pro_A.wav,in_support,frequency_modulation,0.876359760761261
gearboxEmu/train/section_00_source_train_normal_0013_pro_A.wav,in_support,periodic_resonance,0.8504247665405273
gearboxEmu/train/section_00_source_train_normal_0014_pro_A.wav,in_support,amplitude_modulation,0.9486740827560425
gearboxEmu/train/section_00_source_train_normal_0015_pro_E.wav,in_support,frequency_modulation,0.6059867739677429
gearboxEmu/train/section_00_source_train_normal_0016_pro_B.wav,in_support,frequency_modulation,0.4408969581127167
gearboxEmu/train/section_00_source_train_normal_0017_pro_E.wav,in_support,frequency_modulation,0.3281420171260834
gearboxEmu/train/section_00_source_train_normal_0018_pro_C.wav,in_support,amplitude_modulation,0.7449463605880737
gearboxEmu/train/section_00_source_train_normal_0019_pro_A.wav,in_support,amplitude_modulation,0.15052442252635956
gearboxEmu/train/section_00_source_train_normal_0020_pro_C.wav,in_support,amplitude_modulation,0.8674345016479492
gearboxEmu/train/section_00_source_train_normal_0021_pro_F.wav,in_support,periodic_resonance,0.8719926476478577
gearboxEmu/train/section_00_source_train_normal_0022_pro_D.wav,in_support,amplitude_modulation,0.8761816620826721
gearboxEmu/train/section_00_source_train_normal_0023_pro_A.wav,in_support,frequency_modulation,0.8389060497283936
gearboxEmu/train/section_00_source_train_normal_0024_pro_B.wav,in_support,amplitude_modulation,0.8291996121406555
gearboxEmu/train/section_00_source_train_normal_0025_pro_C.wav,in_support,periodic_resonance,0.9679149389266968
gearboxEmu/train/section_00_source_train_normal_0026_pro_C.wav,in_support,amplitude_modulation,0.8156168460845947
gearboxEmu/train/section_00_source_train_normal_0027_pro_D.wav,in_support,frequency_modulation,0.3128853440284729
gearboxEmu/train/section_00_source_train_normal_0028_pro_C.wav,in_support,amplitude_modulation,0.07259851694107056
gearboxEmu/train/section_00_source_train_normal_0029_pro_D.wav,in_support,frequency_modulation,0.5489899516105652
gearboxEmu/train/section_00_source_train_normal_0030_pro_F.wav,in_support,amplitude_modulation,0.06655027717351913
gearboxEmu/train/section_00_source_train_normal_0031_pro_E.wav,in_support,frequency_modulation,0.4854109287261963
gearboxEmu/train/section_00_source_train_normal_0032_pro_C.wav,in_support,amplitude_modulation,0.6089110374450684
gearboxEmu/train/section_00_source_train_normal_0033_pro_B.wav,in_support,periodic_resonance,0.8276579976081848
gearboxEmu/train/section_00_source_train_normal_0034_pro_F.wav,in_support,frequency_modulation,0.8490402698516846
gearboxEmu/train/section_00_source_train_normal_0035_pro_D.wav,in_support,frequency_modulation,0.499981552362442
gearboxEmu/train/section_00_source_train_normal_0036_pro_C.wav,in_support,periodic_resonance,0.9953209757804871
gearboxEmu/train/section_00_source_train_normal_0037_pro_A.wav,in_support,frequency_modulation,0.13994547724723816
gearboxEmu/train/section_00_source_train_normal_0038_pro_A.wav,in_support,frequency_modulation,0.9084106683731079
gearboxEmu/train/section_00_source_train_normal_0039_pro_B.wav,in_support,periodic_resonance,0.3709891736507416
gearboxEmu/train/section_00_source_train_normal_0040_pro_E.wav,in_support,periodic_resonance,0.7590067386627197
gearboxEmu/train/section_00_source_train_normal_0041_pro_B.wav,in_support,frequency_modulation,0.38464605808258057
gearboxEmu/train/section_00_source_train_normal_0042_pro_E.wav,in_support,frequency_modulation,0.11653964966535568
gearboxEmu/train/section_00_source_train_normal_0043_pro_E.wav,in_support,amplitude_modulation,0.8852177262306213
gearboxEmu/train/section_00_source_train_normal_0044_pro_F.wav,in_support,frequency_modulation,0.6770734190940857
gearboxEmu/train/section_00_source_train_normal_0045_pro_F.wav,in_support,periodic_resonance,0.6148262023925781
gearboxEmu/train/section_00_source_train_normal_0046_pro_C.wav,in_support,amplitude_modulation,0.8907662630081177
gearboxEmu/train/section_00_source_train_normal_0047_pro_E.wav,in_support,amplitude_modulation,0.4892943501472473
gearboxEmu/train/section_00_source_train_normal_0048_pro_F.wav,in_support,periodic_resonance,0.4643459916114807
gearboxEmu/train/section_00_source_train_normal_0049_pro_A.wav,in_support,amplitude_modulation,0.09275364130735397
gearboxEmu/train/section_00_source_train_normal_0050_pro_D.wav,in_support,frequency_modulation,0.2584424912929535
gearboxEmu/train/section_00_source_train_normal_0051_pro_C.wav,in_support,frequency_modulation,0.1669730246067047
gearboxEmu/train/section_00_source_train_normal_0052_pro_F.wav,in_support,amplitude_modulation,0.03692517429590225
gearboxEmu/train/section_00_source_train_normal_0053_pro_B.wav,in_support,frequency_modulation,0.5859199166297913
gearboxEmu/train/section_00_source_train_normal_0054_pro_A.wav,in_support,periodic_resonance,0.0852338969707489
gearboxEmu/train/section_00_source_train_normal_0055_pro_D.wav,in_support,frequency_modulation,0.9859724640846252
gearboxEmu/train/section_00_source_train_normal_0056_pro_C.wav,in_support,frequency_modulation,0.18947923183441162
gearboxEmu/train/section_00_source_train_normal_0057_pro_E.wav,in_support,periodic_resonance,0.9194216728210449
gearboxEmu/train/section_00_source_train_normal_0058_pro_A.wav,in_support,amplitude_modulation,0.5982052087783813
gearboxEmu/train/section_00_source_train_normal_0059_pro_B.wav,in_support,amplitude_modulation,0.015910526737570763
gearboxEmu/train/section_00_source_train_normal_0060_pro_F.wav,in_support,amplitude_modulation,0.05348511412739754
gearboxEmu/train/section_00_source_train_normal_0061_pro_D.wav,in_support,frequency_modulation,0.7464779615402222
gearboxEmu/train/section_00_source_train_normal_0062_pro_F.wav,in_support,periodic_resonance,0.9128168225288391
gearboxEmu/train/section_00_source_train_normal_0063_pro_D.wav,in_support,frequency_modulation,0.07265032082796097
gearboxEmu/train/section_00_source_train_normal_0064_pro_D.wav,in_support,amplitude_modulation,0.10631397366523743
gearboxEmu/train/section_00_source_train_normal_0065_pro_F.wav,in_support,amplitude_modulation,0.9143147468566895
gearboxEmu/train/section_00_source_train_normal_0066_pro_F.wav,in_support,frequency_modulation,0.1514194756746292
gearboxEmu/train/section_00_source_train_normal_0067_pro_C.wav,in_support,frequency_modulation,0.21622656285762787
gearboxEmu/train/section_00_source_train_normal_0068_pro_E.wav,in_support,frequency_modulation,0.1857769638299942
gearboxEmu/train/section_00_source_train_normal_0069_pro_C.wav,in_support,amplitude_modulation,0.7162754535675049
gearboxEmu/train/section_00_source_train_normal_0070_pro_D.wav,in_support,periodic_resonance,0.3786531686782837
gearboxEmu/train/section_00_source_train_normal_0071_pro_C.wav,in_support,amplitude_modulation,0.6323802471160889
gearboxEmu/train/section_00_source_train_normal_0072_pro_E.wav,in_support,periodic_resonance,0.6610074043273926
gearboxEmu/train/section_00_source_train_normal_0073_pro_B.wav,in_support,periodic_resonance,0.7955866456031799
gearboxEmu/train/section_00_source_train_normal_0074_pro_E.wav,in_support,amplitude_modulation,0.9371470212936401
gearboxEmu/train/section_00_source_train_normal_0075_pro_D.wav,in_support,periodic_resonance,0.12240540981292725
gearboxEmu/train/section_00_source_train_normal_0076_pro_E.wav,in_support,periodic_resonance,0.4188195765018463
gearboxEmu/train/section_00_source_train_normal_0077_pro_D.wav,in_support,frequency_modulation,0.345733106136322
gearboxEmu/train/section_00_source_train_normal_0078_pro_F.wav,in_support,periodic_resonance,0.9882603287696838
gearboxEmu/train/section_00_source_train_normal_0079_pro_E.wav,in_support,frequency_modulation,0.2447039932012558
gearboxEmu/train/section_00_source_train_normal_0080_pro_B.wav,in_support,frequency_modulation,0.9530588388442993
gearboxEmu/train/section_00_source_train_normal_0081_pro_D.wav,in_support,periodic_resonance,0.2151745706796646
gearboxEmu/train/section_00_source_train_normal_0082_pro_D.wav,in_support,amplitude_modulation,0.9721049070358276
gearboxEmu/train/section_00_source_train_normal_0083_pro_C.wav,in_support,amplitude_modulation,0.04786320775747299
gearboxEmu/train/section_00_source_train_normal_0084_pro_C.wav,in_support,amplitude_modulation,0.7298562526702881
gearboxEmu/train/section_00_source_train_normal_0085_pro_F.wav,in_support,frequency_modulation,0.7635668516159058
gearboxEmu/train/section_00_source_train_normal_0086_pro_A.wav,in_support,periodic_resonance,0.916329562664032
gearboxEmu/train/section_00_source_train_normal_0087_pro_D.wav,in_support,periodic_resonance,0.613294243812561
gearboxEmu/train/section_00_source_train_normal_0088_pro_F.wav,in_support,amplitude_modulation,0.02927568554878235
gearboxEmu/train/section_00_source_train_normal_0089_pro_B.wav,in_support,frequency_modulation,0.6049258708953857
gearboxEmu/train/section_00_source_train_normal_0090_pro_F.wav,in_support,frequency_modulation,0.1296643614768982
gearboxEmu/train/section_00_source_train_normal_0091_pro_A.wav,in_support,frequency_modulation,0.41552987694740295
gearboxEmu/train/section_00_source_train_normal_0092_pro_E.wav,in_support,amplitude_modulation,0.8686975836753845
gearboxEmu/train/section_00_source_train_normal_0093_pro_F.wav,in_support,frequency_modulation,0.12194148451089859
gearboxEmu/train/section_00_source_train_normal_0094_pro_D.wav,in_support,frequency_modulation,0.20947515964508057
gearboxEmu/train/section_00_source_train_normal_0095_pro_A.wav,in_support,amplitude_modulation,0.7650603652000427
gearboxEmu/train/section_00_source_train_normal_0096_pro_B.wav,in_support,frequency_modulation,0.10000457614660263
gearboxEmu/train/section_00_source_train_normal_0097_pro_E.wav,in_support,frequency_modulation,0.109646275639534
gearboxEmu/train/section_00_source_train_normal_0098_pro_D.wav,in_support,frequency_modulation,0.3831261098384857
gearboxEmu/train/section_00_source_train_normal_0099_pro_C.wav,in_support,amplitude_modulation,0.5474503040313721
gearboxEmu/train/section_00_source_train_normal_0100_pro_E.wav,in_support,frequency_modulation,0.9294044375419617
gearboxEmu/train/section_00_source_train_normal_0101_pro_C.wav,in_support,amplitude_modulation,0.62549889087677
gearboxEmu/train/section_00_source_train_normal_0102_pro_F.wav,in_support,frequency_modulation,0.5276175141334534
gearboxEmu/train/section_00_source_train_normal_0103_pro_C.wav,in_support,periodic_resonance,0.985295832157135
gearboxEmu/train/section_00_source_train_normal_0104_pro_F.wav,in_support,amplitude_modulation,0.747860312461853
gearboxEmu/train/section_00_source_train_normal_0105_pro_C.wav,in_support,frequency_modulation,0.8411571383476257
gearboxEmu/train/section_00_source_train_normal_0106_pro_E.wav,in_support,amplitude_modulation,0.23683984577655792
gearboxEmu/train/section_00_source_train_normal_0107_pro_A.wav,in_support,frequency_modulation,0.3157823383808136
gearboxEmu/train/section_00_source_train_normal_0108_pro_A.wav,in_support,periodic_resonance,0.8844026327133179
gearboxEmu/train/section_00_source_train_normal_0109_pro_F.wav,in_support,amplitude_modulation,0.7754681706428528
gearboxEmu/train/section_00_source_train_normal_0110_pro_A.wav,in_support,amplitude_modulation,0.5567581057548523
gearboxEmu/train/section_00_source_train_normal_0111_pro_A.wav,in_support,amplitude_modulation,0.9595750570297241
gearboxEmu/train/section_00_source_train_normal_0112_pro_A.wav,in_support,frequency_modulation,0.11063850671052933
gearboxEmu/train/section_00_source_train_normal_0113_pro_E.wav,in_support,frequency_modulation,0.6707039475440979
gearboxEmu/train/section_00_source_train_normal_0114_pro_F.wav,in_support,amplitude_modulation,0.491209477186203
gearboxEmu/train/section_00_source_train_normal_0115_pro_B.wav,in_support,frequency_modulation,0.47530612349510193
gearboxEmu/train/section_00_source_train_normal_0116_pro_E.wav,in_support,periodic_resonance,0.7466596364974976
gearboxEmu/train/section_00_source_train_normal_0117_pro_B.wav,in_support,frequency_modulation,0.7051888704299927
gearboxEmu/train/section_00_source_train_normal_0118_pro_B.wav,in_support,periodic_resonance,0.7929863929748535
gearboxEmu/train/section_00_source_train_normal_0119_pro_F.wav,in_support,periodic_resonance,0.30370140075683594
gearboxEmu/train/section_00_source_train_normal_0120_pro_F.wav,in_support,amplitude_modulation,0.02787935547530651
gearboxEmu/train/section_00_source_train_normal_0121_pro_D.wav,in_support,periodic_resonance,0.6899600625038147
gearboxEmu/train/section_00_source_train_normal_0122_pro_A.wav,in_support,frequency_modulation,0.856494665145874
gearboxEmu/train/section_00_source_train_normal_0123_pro_B.wav,in_support,frequency_modulation,0.1688096821308136
gearboxEmu/train/section_00_source_train_normal_0124_pro_C.wav,in_support,frequency_modulation,0.5581982731819153
gearboxEmu/train/section_00_source_train_normal_0125_pro_D.wav,in_support,periodic_resonance,0.9998392462730408
gearboxEmu/train/section_00_source_train_normal_0126_pro_C.wav,in_support,periodic_resonance,0.14062799513339996
gearboxEmu/train/section_00_source_train_normal_0127_pro_D.wav,in_support,periodic_resonance,0.9372203946113586
gearboxEmu/train/section_00_source_train_normal_0128_pro_C.wav,in_support,frequency_modulation,0.9080700278282166
gearboxEmu/train/section_00_source_train_normal_0129_pro_F.wav,in_support,amplitude_modulation,0.09725087881088257
gearboxEmu/train/section_00_source_train_normal_0130_pro_A.wav,in_support,periodic_resonance,0.7160831689834595
gearboxEmu/train/section_00_source_train_normal_0131_pro_E.wav,in_support,frequency_modulation,0.39246615767478943
gearboxEmu/train/section_00_source_train_normal_0132_pro_E.wav,in_support,amplitude_modulation,0.03583535924553871
gearboxEmu/train/section_00_source_train_normal_0133_pro_E.wav,in_support,periodic_resonance,0.9606840014457703
gearboxEmu/train/section_00_source_train_normal_0134_pro_C.wav,in_support,amplitude_modulation,0.5930600762367249
gearboxEmu/train/section_00_source_train_normal_0135_pro_B.wav,in_support,frequency_modulation,0.6360830068588257
gearboxEmu/train/section_00_source_train_normal_0136_pro_D.wav,in_support,frequency_modulation,0.744244396686554
gearboxEmu/train/section_00_source_train_normal_0137_pro_D.wav,in_support,frequency_modulation,0.04297782853245735
gearboxEmu/train/section_00_source_train_normal_0138_pro_E.wav,in_support,periodic_resonance,0.9919623732566833
gearboxEmu/train/section_00_source_train_normal_0139_pro_F.wav,in_support,amplitude_modulation,0.03293757513165474
gearboxEmu/train/section_00_source_train_normal_0140_pro_F.wav,in_support,frequency_modulation,0.82900470495224
gearboxEmu/train/section_00_source_train_normal_0141_pro_D.wav,in_support,amplitude_modulation,0.051511671394109726
gearboxEmu/train/section_00_source_train_normal_0142_pro_F.wav,in_support,frequency_modulation,0.4529789686203003
gearboxEmu/train/section_00_source_train_normal_0143_pro_B.wav,in_support,amplitude_modulation,0.8087241649627686
gearboxEmu/train/section_00_source_train_normal_0144_pro_E.wav,in_support,frequency_modulation,0.12658175826072693
gearboxEmu/train/section_00_source_train_normal_0145_pro_F.wav,in_support,frequency_modulation,0.17137187719345093
gearboxEmu/train/section_00_source_train_normal_0146_pro_C.wav,in_support,periodic_resonance,0.46504461765289307
gearboxEmu/train/section_00_source_train_normal_0147_pro_D.wav,in_support,frequency_modulation,0.22898909449577332
gearboxEmu/train/section_00_source_train_normal_0148_pro_D.wav,in_support,amplitude_modulation,0.049645908176898956
gearboxEmu/train/section_00_source_train_normal_0149_pro_D.wav,in_support,amplitude_modulation,0.8078405857086182
gearboxEmu/train/section_00_source_train_normal_0150_pro_F.wav,in_support,amplitude_modulation,0.801415205001831
gearboxEmu/train/section_00_source_train_normal_0151_pro_F.wav,in_support,amplitude_modulation,0.21841245889663696
gearboxEmu/train/section_00_source_train_normal_0152_pro_F.wav,in_support,frequency_modulation,0.13310502469539642
gearboxEmu/train/section_00_source_train_normal_0153_pro_F.wav,in_support,periodic_resonance,0.6937766671180725
gearboxEmu/train/section_00_source_train_normal_0154_pro_E.wav,in_support,periodic_resonance,0.7839459180831909
gearboxEmu/train/section_00_source_train_normal_0155_pro_B.wav,in_support,frequency_modulation,0.3326592743396759
gearboxEmu/train/section_00_source_train_normal_0156_pro_D.wav,in_support,periodic_resonance,0.9906860589981079
gearboxEmu/train/section_00_source_train_normal_0157_pro_F.wav,in_support,periodic_resonance,0.8407329320907593
gearboxEmu/train/section_00_source_train_normal_0158_pro_A.wav,in_support,amplitude_modulation,0.953213632106781
gearboxEmu/train/section_00_source_train_normal_0159_pro_C.wav,in_support,amplitude_modulation,0.7856513857841492
gearboxEmu/train/section_00_source_train_normal_0160_pro_B.wav,in_support,periodic_resonance,0.990644633769989
gearboxEmu/train/section_00_source_train_normal_0161_pro_C.wav,in_support,frequency_modulation,0.18542107939720154
gearboxEmu/train/section_00_source_train_normal_0162_pro_E.wav,in_support,frequency_modulation,0.15498857200145721
gearboxEmu/train/section_00_source_train_normal_0163_pro_E.wav,in_support,frequency_modulation,0.28465741872787476
gearboxEmu/train/section_00_source_train_normal_0164_pro_E.wav,in_support,amplitude_modulation,0.8960899114608765
gearboxEmu/train/section_00_source_train_normal_0165_pro_C.wav,in_support,periodic_resonance,0.7940316200256348
gearboxEmu/train/section_00_source_train_normal_0166_pro_D.wav,in_support,amplitude_modulation,0.04503721371293068
gearboxEmu/train/section_00_source_train_normal_0167_pro_D.wav,in_support,amplitude_modulation,0.8547953367233276
gearboxEmu/train/section_00_source_train_normal_0168_pro_B.wav,in_support,periodic_resonance,0.989913821220398
gearboxEmu/train/section_00_source_train_normal_0169_pro_E.wav,in_support,amplitude_modulation,0.9010992646217346
gearboxEmu/train/section_00_source_train_normal_0170_pro_E.wav,in_support,periodic_resonance,0.33610373735427856
gearboxEmu/train/section_00_source_train_normal_0171_pro_D.wav,in_support,periodic_resonance,0.8704706430435181
gearboxEmu/train/section_00_source_train_normal_0172_pro_D.wav,in_support,periodic_resonance,0.5854236483573914
gearboxEmu/train/section_00_source_train_normal_0173_pro_B.wav,in_support,amplitude_modulation,0.23628516495227814
gearboxEmu/train/section_00_source_train_normal_0174_pro_F.wav,in_support,amplitude_modulation,0.46038708090782166
gearboxEmu/train/section_00_source_train_normal_0175_pro_C.wav,in_support,amplitude_modulation,0.907504677772522
gearboxEmu/train/section_00_source_train_normal_0176_pro_F.wav,in_support,periodic_resonance,0.35458454489707947
gearboxEmu/train/section_00_source_train_normal_0177_pro_B.wav,in_support,amplitude_modulation,0.012474860064685345
gearboxEmu/train/section_00_source_train_normal_0178_pro_A.wav,in_support,periodic_resonance,0.6865320801734924
gearboxEmu/train/section_00_source_train_normal_0179_pro_A.wav,in_support,frequency_modulation,0.19016210734844208
gearboxEmu/train/section_00_source_train_normal_0180_pro_A.wav,in_support,amplitude_modulation,0.7259160876274109
gearboxEmu/train/section_00_source_train_normal_0181_pro_F.wav,in_support,periodic_resonance,0.8061187863349915
gearboxEmu/train/section_00_source_train_normal_0182_pro_A.wav,in_support,frequency_modulation,0.800934374332428
gearboxEmu/train/section_00_source_train_normal_0183_pro_B.wav,in_support,periodic_resonance,0.9338274002075195
gearboxEmu/train/section_00_source_train_normal_0184_pro_D.wav,in_support,frequency_modulation,0.17883524298667908
gearboxEmu/train/section_00_source_train_normal_0185_pro_A.wav,in_support,periodic_resonance,0.7882532477378845
gearboxEmu/train/section_00_source_train_normal_0186_pro_D.wav,in_support,periodic_resonance,0.46147841215133667
gearboxEmu/train/section_00_source_train_normal_0187_pro_C.wav,in_support,amplitude_modulation,0.28920432925224304
gearboxEmu/train/section_00_source_train_normal_0188_pro_D.wav,in_support,periodic_resonance,0.7920113801956177
gearboxEmu/train/section_00_source_train_normal_0189_pro_A.wav,in_support,frequency_modulation,0.41092726588249207
gearboxEmu/train/section_00_source_train_normal_0190_pro_E.wav,in_support,periodic_resonance,0.19242918491363525
gearboxEmu/train/section_00_source_train_normal_0191_pro_B.wav,in_support,frequency_modulation,0.6306983828544617
gearboxEmu/train/section_00_source_train_normal_0192_pro_C.wav,in_support,amplitude_modulation,0.8720230460166931
gearboxEmu/train/section_00_source_train_normal_0193_pro_E.wav,in_support,periodic_resonance,0.8717840313911438
gearboxEmu/train/section_00_source_train_normal_0194_pro_E.wav,in_support,frequency_modulation,0.5271616578102112
gearboxEmu/train/section_00_source_train_normal_0195_pro_A.wav,in_support,amplitude_modulation,0.08025678992271423
gearboxEmu/train/section_00_source_train_normal_0196_pro_B.wav,in_support,frequency_modulation,0.43165886402130127
gearboxEmu/train/section_00_source_train_normal_0197_pro_A.wav,in_support,frequency_modulation,0.7225000858306885
gearboxEmu/train/section_00_source_train_normal_0198_pro_F.wav,in_support,amplitude_modulation,0.4988161027431488
gearboxEmu/train/section_00_source_train_normal_0199_pro_B.wav,in_support,amplitude_modulation,0.7738115191459656
gearboxEmu/train/section_00_source_train_normal_0200_pro_F.wav,in_support,periodic_resonance,0.859441339969635
gearboxEmu/train/section_00_source_train_normal_0201_pro_A.wav,in_support,frequency_modulation,0.43135666847229004
gearboxEmu/train/section_00_source_train_normal_0202_pro_F.wav,in_support,amplitude_modulation,0.6152009963989258
gearboxEmu/train/section_00_source_train_normal_0203_pro_D.wav,in_support,periodic_resonance,0.2035868912935257
gearboxEmu/train/section_00_source_train_normal_0204_pro_C.wav,in_support,periodic_resonance,0.9845861792564392
gearboxEmu/train/section_00_source_train_normal_0205_pro_F.wav,in_support,periodic_resonance,0.9329832196235657
gearboxEmu/train/section_00_source_train_normal_0206_pro_B.wav,in_support,amplitude_modulation,0.8727176785469055
gearboxEmu/train/section_00_source_train_normal_0207_pro_F.wav,in_support,amplitude_modulation,0.03554157540202141
gearboxEmu/train/section_00_source_train_normal_0208_pro_D.wav,in_support,periodic_resonance,0.3349071741104126
gearboxEmu/train/section_00_source_train_normal_0209_pro_E.wav,in_support,periodic_resonance,0.9584043025970459
gearboxEmu/train/section_00_source_train_normal_0210_pro_D.wav,in_support,frequency_modulation,0.5060920119285583
gearboxEmu/train/section_00_source_train_normal_0211_pro_D.wav,in_support,periodic_resonance,0.8172563910484314
gearboxEmu/train/section_00_source_train_normal_0212_pro_E.wav,in_support,periodic_resonance,0.3427582085132599
gearboxEmu/train/section_00_source_train_normal_0213_pro_E.wav,in_support,frequency_modulation,0.3975784182548523
gearboxEmu/train/section_00_source_train_normal_0214_pro_C.wav,in_support,frequency_modulation,0.4431009590625763
gearboxEmu/train/section_00_source_train_normal_0215_pro_B.wav,in_support,amplitude_modulation,0.12755614519119263
gearboxEmu/train/section_00_source_train_normal_0216_pro_D.wav,in_support,amplitude_modulation,0.040417276322841644
gearboxEmu/train/section_00_source_train_normal_0217_pro_E.wav,in_support,frequency_modulation,0.9771881699562073
gearboxEmu/train/section_00_source_train_normal_0218_pro_F.wav,in_support,periodic_resonance,0.31555891036987305
gearboxEmu/train/section_00_source_train_normal_0219_pro_A.wav,in_support,periodic_resonance,0.6747123599052429
gearboxEmu/train/section_00_source_train_normal_0220_pro_A.wav,in_support,amplitude_modulation,0.70204758644104
gearboxEmu/train/section_00_source_train_normal_0221_pro_A.wav,in_support,periodic_resonance,0.7026676535606384
gearboxEmu/train/section_00_source_train_normal_0222_pro_D.wav,in_support,frequency_modulation,0.09321954101324081
gearboxEmu/train/section_00_source_train_normal_0223_pro_C.wav,in_support,amplitude_modulation,0.18210956454277039
gearboxEmu/train/section_00_source_train_normal_0224_pro_F.wav,in_support,frequency_modulation,0.12364432960748672
gearboxEmu/train/section_00_source_train_normal_0225_pro_B.wav,in_support,frequency_modulation,0.2518763840198517
gearboxEmu/train/section_00_source_train_normal_0226_pro_E.wav,in_support,frequency_modulation,0.12540216743946075
gearboxEmu/train/section_00_source_train_normal_0227_pro_B.wav,in_support,periodic_resonance,0.29796677827835083
gearboxEmu/train/section_00_source_train_normal_0228_pro_A.wav,in_support,periodic_resonance,0.8908583521842957
gearboxEmu/train/section_00_source_train_normal_0229_pro_C.wav,in_support,periodic_resonance,0.36674895882606506
gearboxEmu/train/section_00_source_train_normal_0230_pro_A.wav,in_support,periodic_resonance,0.9440069794654846
gearboxEmu/train/section_00_source_train_normal_0231_pro_F.wav,in_support,frequency_modulation,0.5687869191169739
gearboxEmu/train/section_00_source_train_normal_0232_pro_A.wav,in_support,amplitude_modulation,0.0613359734416008
gearboxEmu/train/section_00_source_train_normal_0233_pro_C.wav,in_support,frequency_modulation,0.9519876837730408
gearboxEmu/train/section_00_source_train_normal_0234_pro_A.wav,in_support,frequency_modulation,0.6454169154167175
gearboxEmu/train/section_00_source_train_normal_0235_pro_F.wav,in_support,periodic_resonance,0.10337520390748978
gearboxEmu/train/section_00_source_train_normal_0236_pro_B.wav,in_support,periodic_resonance,0.874035656452179
gearboxEmu/train/section_00_source_train_normal_0237_pro_A.wav,in_support,amplitude_modulation,0.6260491609573364
gearboxEmu/train/section_00_source_train_normal_0238_pro_F.wav,in_support,amplitude_modulation,0.818206787109375
gearboxEmu/train/section_00_source_train_normal_0239_pro_F.wav,in_support,frequency_modulation,0.21064606308937073
gearboxEmu/train/section_00_source_train_normal_0240_pro_F.wav,in_support,amplitude_modulation,0.06325404345989227
gearboxEmu/train/section_00_source_train_normal_0241_pro_D.wav,in_support,periodic_resonance,0.3985157608985901
gearboxEmu/train/section_00_source_train_normal_0242_pro_C.wav,in_support,amplitude_modulation,0.9502987265586853
gearboxEmu/train/section_00_source_train_normal_0243_pro_E.wav,in_support,frequency_modulation,0.9383420348167419
gearboxEmu/train/section_00_source_train_normal_0244_pro_C.wav,in_support,frequency_modulation,0.6030958890914917
gearboxEmu/train/section_00_source_train_normal_0245_pro_C.wav,in_support,amplitude_modulation,0.4527166485786438
gearboxEmu/train/section_00_source_train_normal_0246_pro_B.wav,in_support,frequency_modulation,0.7466176152229309
gearboxEmu/train/section_00_source_train_normal_0247_pro_F.wav,in_support,amplitude_modulation,0.9469694495201111
gearboxEmu/train/section_00_source_train_normal_0248_pro_E.wav,in_support,periodic_resonance,0.5221709609031677
gearboxEmu/train/section_00_source_train_normal_0249_pro_E.wav,in_support,periodic_resonance,0.20055897533893585
gearboxEmu/train/section_00_source_train_normal_0250_pro_A.wav,in_support,periodic_resonance,0.7252217531204224
gearboxEmu/train/section_00_source_train_normal_0251_pro_A.wav,in_support,periodic_resonance,0.8511132001876831
gearboxEmu/train/section_00_source_train_normal_0252_pro_D.wav,in_support,amplitude_modulation,0.08846639096736908
gearboxEmu/train/section_00_source_train_normal_0253_pro_F.wav,in_support,amplitude_modulation,0.4071732461452484
gearboxEmu/train/section_00_source_train_normal_0254_pro_A.wav,in_support,periodic_resonance,0.4682910740375519
gearboxEmu/train/section_00_source_train_normal_0255_pro_B.wav,in_support,periodic_resonance,0.9894424080848694
gearboxEmu/train/section_00_source_train_normal_0256_pro_C.wav,in_support,frequency_modulation,0.08182939141988754
gearboxEmu/train/section_00_source_train_normal_0257_pro_E.wav,in_support,amplitude_modulation,0.9548711776733398
gearboxEmu/train/section_00_source_train_normal_0258_pro_D.wav,in_support,frequency_modulation,0.7386842370033264
gearboxEmu/train/section_00_source_train_normal_0259_pro_F.wav,in_support,frequency_modulation,0.6251563429832458
gearboxEmu/train/section_00_source_train_normal_0260_pro_C.wav,in_support,amplitude_modulation,0.4830082654953003
gearboxEmu/train/section_00_source_train_normal_0261_pro_F.wav,in_support,frequency_modulation,0.6433723568916321
gearboxEmu/train/section_00_source_train_normal_0262_pro_C.wav,in_support,frequency_modulation,0.37700241804122925
gearboxEmu/train/section_00_source_train_normal_0263_pro_E.wav,in_support,periodic_resonance,0.5452046394348145
gearboxEmu/train/section_00_source_train_normal_0264_pro_E.wav,in_support,amplitude_modulation,0.9458009004592896
gearboxEmu/train/section_00_source_train_normal_0265_pro_B.wav,in_support,frequency_modulation,0.29646024107933044
gearboxEmu/train/section_00_source_train_normal_0266_pro_D.wav,in_support,amplitude_modulation,0.9485605955123901
gearboxEmu/train/section_00_source_train_normal_0267_pro_A.wav,in_support,amplitude_modulation,0.036218851804733276
gearboxEmu/train/section_00_source_train_normal_0268_pro_A.wav,in_support,frequency_modulation,0.1160343587398529
gearboxEmu/train/section_00_source_train_normal_0269_pro_E.wav,in_support,frequency_modulation,0.38611799478530884
gearboxEmu/train/section_00_source_train_normal_0270_pro_B.wav,in_support,amplitude_modulation,0.1572655588388443
gearboxEmu/train/section_00_source_train_normal_0271_pro_D.wav,in_support,frequency_modulation,0.9280863404273987
gearboxEmu/train/section_00_source_train_normal_0272_pro_C.wav,in_support,frequency_modulation,0.5768539905548096
gearboxEmu/train/section_00_source_train_normal_0273_pro_B.wav,in_support,periodic_resonance,0.937894880771637
gearboxEmu/train/section_00_source_train_normal_0274_pro_A.wav,in_support,frequency_modulation,0.31597861647605896
gearboxEmu/train/section_00_source_train_normal_0275_pro_D.wav,in_support,amplitude_modulation,0.9580737352371216
gearboxEmu/train/section_00_source_train_normal_0276_pro_C.wav,in_support,frequency_modulation,0.10498403012752533
gearboxEmu/train/section_00_source_train_normal_0277_pro_D.wav,in_support,frequency_modulation,0.797285795211792
gearboxEmu/train/section_00_source_train_normal_0278_pro_E.wav,in_support,amplitude_modulation,0.07078133523464203
gearboxEmu/train/section_00_source_train_normal_0279_pro_F.wav,in_support,amplitude_modulation,0.2172890156507492
gearboxEmu/train/section_00_source_train_normal_0280_pro_A.wav,in_support,frequency_modulation,0.23149950802326202
gearboxEmu/train/section_00_source_train_normal_0281_pro_D.wav,in_support,periodic_resonance,0.7293724417686462
gearboxEmu/train/section_00_source_train_normal_0282_pro_D.wav,in_support,amplitude_modulation,0.04449232295155525
gearboxEmu/train/section_00_source_train_normal_0283_pro_C.wav,in_support,amplitude_modulation,0.71034836769104
gearboxEmu/train/section_00_source_train_normal_0284_pro_F.wav,in_support,frequency_modulation,0.7711682319641113
gearboxEmu/train/section_00_source_train_normal_0285_pro_D.wav,in_support,frequency_modulation,0.9306151866912842
gearboxEmu/train/section_00_source_train_normal_0286_pro_D.wav,in_support,periodic_resonance,0.09129767119884491
gearboxEmu/train/section_00_source_train_normal_0287_pro_D.wav,in_support,frequency_modulation,0.22729510068893433
gearboxEmu/train/section_00_source_train_normal_0288_pro_A.wav,in_support,periodic_resonance,0.4955606460571289
gearboxEmu/train/section_00_source_train_normal_0289_pro_B.wav,in_support,periodic_resonance,0.9751805663108826
gearboxEmu/train/section_00_source_train_normal_0290_pro_C.wav,in_support,frequency_modulation,0.16133688390254974
gearboxEmu/train/section_00_source_train_normal_0291_pro_B.wav,in_support,amplitude_modulation,0.6334743499755859
gearboxEmu/train/section_00_source_train_normal_0292_pro_A.wav,in_support,periodic_resonance,0.3248946964740753
gearboxEmu/train/section_00_source_train_normal_0293_pro_B.wav,in_support,periodic_resonance,0.9966672658920288
gearboxEmu/train/section_00_source_train_normal_0294_pro_D.wav,in_support,amplitude_modulation,0.033829908818006516
gearboxEmu/train/section_00_source_train_normal_0295_pro_F.wav,in_support,amplitude_modulation,0.2532161772251129
gearboxEmu/train/section_00_source_train_normal_0296_pro_F.wav,in_support,frequency_modulation,0.2155352383852005
gearboxEmu/train/section_00_source_train_normal_0297_pro_B.wav,in_support,amplitude_modulation,0.20646844804286957
gearboxEmu/train/section_00_source_train_normal_0298_pro_C.wav,in_support,periodic_resonance,0.7687118649482727
gearboxEmu/train/section_00_source_train_normal_0299_pro_D.wav,in_support,periodic_resonance,0.5743997693061829
gearboxEmu/train/section_00_source_train_normal_0300_pro_B.wav,in_support,amplitude_modulation,0.038821808993816376
gearboxEmu/train/section_00_source_train_normal_0301_pro_D.wav,in_support,periodic_resonance,0.1769047975540161
gearboxEmu/train/section_00_source_train_normal_0302_pro_F.wav,in_support,amplitude_modulation,0.8171775937080383
gearboxEmu/train/section_00_source_train_normal_0303_pro_F.wav,in_support,periodic_resonance,0.5865435600280762
gearboxEmu/train/section_00_source_train_normal_0304_pro_B.wav,in_support,frequency_modulation,0.9695004224777222
gearboxEmu/train/section_00_source_train_normal_0305_pro_C.wav,in_support,frequency_modulation,0.3459359109401703
gearboxEmu/train/section_00_source_train_normal_0306_pro_D.wav,in_support,frequency_modulation,0.6145099997520447
gearboxEmu/train/section_00_source_train_normal_0307_pro_C.wav,in_support,frequency_modulation,0.8136379718780518
gearboxEmu/train/section_00_source_train_normal_0308_pro_E.wav,in_support,amplitude_modulation,0.23744376003742218
gearboxEmu/train/section_00_source_train_normal_0309_pro_C.wav,in_support,amplitude_modulation,0.09374909847974777
gearboxEmu/train/section_00_source_train_normal_0310_pro_E.wav,in_support,frequency_modulation,0.8430337905883789
gearboxEmu/train/section_00_source_train_normal_0311_pro_D.wav,in_support,periodic_resonance,0.7607917189598083
gearboxEmu/train/section_00_source_train_normal_0312_pro_E.wav,in_support,amplitude_modulation,0.8160918354988098
gearboxEmu/train/section_00_source_train_normal_0313_pro_C.wav,in_support,amplitude_modulation,0.767439067363739
gearboxEmu/train/section_00_source_train_normal_0314_pro_E.wav,in_support,frequency_modulation,0.8008179664611816
gearboxEmu/train/section_00_source_train_normal_0315_pro_D.wav,in_support,frequency_modulation,0.27455198764801025
gearboxEmu/train/section_00_source_train_normal_0316_pro_C.wav,in_support,periodic_resonance,0.9755898714065552
gearboxEmu/train/section_00_source_train_normal_0317_pro_A.wav,in_support,periodic_resonance,0.1285216510295868
gearboxEmu/train/section_00_source_train_normal_0318_pro_E.wav,in_support,periodic_resonance,0.9073969125747681
gearboxEmu/train/section_00_source_train_normal_0319_pro_A.wav,in_support,periodic_resonance,0.9302720427513123
gearboxEmu/train/section_00_source_train_normal_0320_pro_A.wav,in_support,frequency_modulation,0.18770796060562134
gearboxEmu/train/section_00_source_train_normal_0321_pro_F.wav,in_support,frequency_modulation,0.2393239289522171
gearboxEmu/train/section_00_source_train_normal_0322_pro_F.wav,in_support,frequency_modulation,0.24581941962242126
gearboxEmu/train/section_00_source_train_normal_0323_pro_D.wav,in_support,amplitude_modulation,0.06278929859399796
gearboxEmu/train/section_00_source_train_normal_0324_pro_F.wav,in_support,amplitude_modulation,0.3945615887641907
gearboxEmu/train/section_00_source_train_normal_0325_pro_C.wav,in_support,frequency_modulation,0.36892709136009216
gearboxEmu/train/section_00_source_train_normal_0326_pro_B.wav,in_support,frequency_modulation,0.6340796947479248
gearboxEmu/train/section_00_source_train_normal_0327_pro_B.wav,in_support,frequency_modulation,0.08120323717594147
gearboxEmu/train/section_00_source_train_normal_0328_pro_F.wav,in_support,periodic_resonance,0.8034886717796326
gearboxEmu/train/section_00_source_train_normal_0329_pro_D.wav,in_support,frequency_modulation,0.9338897466659546
gearboxEmu/train/section_00_source_train_normal_0330_pro_A.wav,in_support,periodic_resonance,0.8781151175498962
gearboxEmu/train/section_00_source_train_normal_0331_pro_A.wav,in_support,amplitude_modulation,0.8582181334495544
gearboxEmu/train/section_00_source_train_normal_0332_pro_A.wav,in_support,frequency_modulation,0.16713573038578033
gearboxEmu/train/section_00_source_train_normal_0333_pro_A.wav,in_support,periodic_resonance,0.9601442813873291
gearboxEmu/train/section_00_source_train_normal_0334_pro_F.wav,in_support,periodic_resonance,0.3044902980327606
gearboxEmu/train/section_00_source_train_normal_0335_pro_D.wav,in_support,amplitude_modulation,0.7166308164596558
gearboxEmu/train/section_00_source_train_normal_0336_pro_A.wav,in_support,periodic_resonance,0.6873106360435486
gearboxEmu/train/section_00_source_train_normal_0337_pro_A.wav,in_support,frequency_modulation,0.8876250386238098
gearboxEmu/train/section_00_source_train_normal_0338_pro_D.wav,in_support,amplitude_modulation,0.8285225629806519
gearboxEmu/train/section_00_source_train_normal_0339_pro_A.wav,in_support,periodic_resonance,0.9180863499641418
gearboxEmu/train/section_00_source_train_normal_0340_pro_E.wav,in_support,frequency_modulation,0.8503795862197876
gearboxEmu/train/section_00_source_train_normal_0341_pro_F.wav,in_support,periodic_resonance,0.9608901739120483
gearboxEmu/train/section_00_source_train_normal_0342_pro_C.wav,in_support,amplitude_modulation,0.7200727462768555
gearboxEmu/train/section_00_source_train_normal_0343_pro_A.wav,in_support,periodic_resonance,0.9771188497543335
gearboxEmu/train/section_00_source_train_normal_0344_pro_C.wav,in_support,frequency_modulation,0.28883978724479675
gearboxEmu/train/section_00_source_train_normal_0345_pro_E.wav,in_support,periodic_resonance,0.6879128217697144
gearboxEmu/train/section_00_source_train_normal_0346_pro_D.wav,in_support,amplitude_modulation,0.8515055179595947
gearboxEmu/train/section_00_source_train_normal_0347_pro_C.wav,in_support,frequency_modulation,0.8628020882606506
gearboxEmu/train/section_00_source_train_normal_0348_pro_F.wav,in_support,periodic_resonance,0.9563921093940735
gearboxEmu/train/section_00_source_train_normal_0349_pro_E.wav,in_support,periodic_resonance,0.7239975333213806
gearboxEmu/train/section_00_source_train_normal_0350_pro_C.wav,in_support,frequency_modulation,0.11011180281639099
gearboxEmu/train/section_00_source_train_normal_0351_pro_C.wav,in_support,amplitude_modulation,0.45551466941833496
gearboxEmu/train/section_00_source_train_normal_0352_pro_C.wav,in_support,frequency_modulation,0.9724233150482178
gearboxEmu/train/section_00_source_train_normal_0353_pro_B.wav,in_support,frequency_modulation,0.374053955078125
gearboxEmu/train/section_00_source_train_normal_0354_pro_F.wav,in_support,amplitude_modulation,0.7453159689903259
gearboxEmu/train/section_00_source_train_normal_0355_pro_A.wav,in_support,frequency_modulation,0.8913242220878601
gearboxEmu/train/section_00_source_train_normal_0356_pro_D.wav,in_support,frequency_modulation,0.5755903720855713
gearboxEmu/train/section_00_source_train_normal_0357_pro_D.wav,in_support,periodic_resonance,0.8685915470123291
gearboxEmu/train/section_00_source_train_normal_0358_pro_A.wav,in_support,periodic_resonance,0.30246177315711975
gearboxEmu/train/section_00_source_train_normal_0359_pro_A.wav,in_support,periodic_resonance,0.9619577527046204
gearboxEmu/train/section_00_source_train_normal_0360_pro_C.wav,in_support,amplitude_modulation,0.8618857264518738
gearboxEmu/train/section_00_source_train_normal_0361_pro_E.wav,in_support,amplitude_modulation,0.5016456842422485
gearboxEmu/train/section_00_source_train_normal_0362_pro_C.wav,in_support,periodic_resonance,0.9844514727592468
gearboxEmu/train/section_00_source_train_normal_0363_pro_D.wav,in_support,frequency_modulation,0.5003500580787659
gearboxEmu/train/section_00_source_train_normal_0364_pro_A.wav,in_support,periodic_resonance,0.9857755303382874
gearboxEmu/train/section_00_source_train_normal_0365_pro_B.wav,in_support,frequency_modulation,0.10112830996513367
gearboxEmu/train/section_00_source_train_normal_0366_pro_D.wav,in_support,amplitude_modulation,0.6933461427688599
gearboxEmu/train/section_00_source_train_normal_0367_pro_A.wav,in_support,frequency_modulation,0.20652659237384796
gearboxEmu/train/section_00_source_train_normal_0368_pro_D.wav,in_support,frequency_modulation,0.9134548306465149
gearboxEmu/train/section_00_source_train_normal_0369_pro_C.wav,in_support,periodic_resonance,0.35271719098091125
gearboxEmu/train/section_00_source_train_normal_0370_pro_C.wav,in_support,amplitude_modulation,0.832114040851593
gearboxEmu/train/section_00_source_train_normal_0371_pro_B.wav,in_support,amplitude_modulation,0.10114073008298874
gearboxEmu/train/section_00_source_train_normal_0372_pro_C.wav,in_support,amplitude_modulation,0.06502538174390793
gearboxEmu/train/section_00_source_train_normal_0373_pro_F.wav,in_support,frequency_modulation,0.9529664516448975
gearboxEmu/train/section_00_source_train_normal_0374_pro_B.wav,in_support,amplitude_modulation,0.6310209035873413
gearboxEmu/train/section_00_source_train_normal_0375_pro_E.wav,in_support,frequency_modulation,0.4515874981880188
gearboxEmu/train/section_00_source_train_normal_0376_pro_B.wav,in_support,periodic_resonance,0.2356884628534317
gearboxEmu/train/section_00_source_train_normal_0377_pro_E.wav,in_support,amplitude_modulation,0.8597838282585144
gearboxEmu/train/section_00_source_train_normal_0378_pro_B.wav,in_support,periodic_resonance,0.9925563931465149
gearboxEmu/train/section_00_source_train_normal_0379_pro_D.wav,in_support,amplitude_modulation,0.13409605622291565
gearboxEmu/train/section_00_source_train_normal_0380_pro_C.wav,in_support,amplitude_modulation,0.07259783893823624
gearboxEmu/train/section_00_source_train_normal_0381_pro_A.wav,in_support,frequency_modulation,0.5896061658859253
gearboxEmu/train/section_00_source_train_normal_0382_pro_D.wav,in_support,frequency_modulation,0.18405579030513763
gearboxEmu/train/section_00_source_train_normal_0383_pro_E.wav,in_support,amplitude_modulation,0.24071767926216125
gearboxEmu/train/section_00_source_train_normal_0384_pro_A.wav,in_support,periodic_resonance,0.922554075717926
gearboxEmu/train/section_00_source_train_normal_0385_pro_D.wav,in_support,periodic_resonance,0.8044824600219727
gearboxEmu/train/section_00_source_train_normal_0386_pro_F.wav,in_support,frequency_modulation,0.20563244819641113
gearboxEmu/train/section_00_source_train_normal_0387_pro_A.wav,in_support,periodic_resonance,0.8127409219741821
gearboxEmu/train/section_00_source_train_normal_0388_pro_D.wav,in_support,periodic_resonance,0.9960558414459229
gearboxEmu/train/section_00_source_train_normal_0389_pro_D.wav,in_support,amplitude_modulation,0.17481496930122375
gearboxEmu/train/section_00_source_train_normal_0390_pro_A.wav,in_support,amplitude_modulation,0.8925847411155701
gearboxEmu/train/section_00_source_train_normal_0391_pro_F.wav,in_support,frequency_modulation,0.16263648867607117
gearboxEmu/train/section_00_source_train_normal_0392_pro_E.wav,in_support,frequency_modulation,0.3260355591773987
gearboxEmu/train/section_00_source_train_normal_0393_pro_B.wav,in_support,frequency_modulation,0.8840106129646301
gearboxEmu/train/section_00_source_train_normal_0394_pro_A.wav,in_support,frequency_modulation,0.23781372606754303
gearboxEmu/train/section_00_source_train_normal_0395_pro_B.wav,in_support,frequency_modulation,0.046710968017578125
gearboxEmu/train/section_00_source_train_normal_0396_pro_F.wav,in_support,amplitude_modulation,0.07722225040197372
gearboxEmu/train/section_00_source_train_normal_0397_pro_D.wav,in_support,frequency_modulation,0.5854822993278503
gearboxEmu/train/section_00_source_train_normal_0398_pro_D.wav,in_support,frequency_modulation,0.6427667737007141
gearboxEmu/train/section_00_source_train_normal_0399_pro_B.wav,in_support,frequency_modulation,0.11355388909578323
gearboxEmu/train/section_00_source_train_normal_0400_pro_E.wav,in_support,amplitude_modulation,0.0246433075517416
gearboxEmu/train/section_00_source_train_normal_0401_pro_F.wav,in_support,amplitude_modulation,0.9688242673873901
gearboxEmu/train/section_00_source_train_normal_0402_pro_A.wav,in_support,periodic_resonance,0.2966897487640381
gearboxEmu/train/section_00_source_train_normal_0403_pro_E.wav,in_support,frequency_modulation,0.06227665767073631
gearboxEmu/train/section_00_source_train_normal_0404_pro_C.wav,in_support,amplitude_modulation,0.8256561160087585
gearboxEmu/train/section_00_source_train_normal_0405_pro_D.wav,in_support,frequency_modulation,0.954659104347229
gearboxEmu/train/section_00_source_train_normal_0406_pro_E.wav,in_support,amplitude_modulation,0.9033782482147217
gearboxEmu/train/section_00_source_train_normal_0407_pro_F.wav,in_support,periodic_resonance,0.983067512512207
gearboxEmu/train/section_00_source_train_normal_0408_pro_F.wav,in_support,periodic_resonance,0.3588332235813141
gearboxEmu/train/section_00_source_train_normal_0409_pro_A.wav,in_support,periodic_resonance,0.6878419518470764
gearboxEmu/train/section_00_source_train_normal_0410_pro_D.wav,in_support,periodic_resonance,0.9174181818962097
gearboxEmu/train/section_00_source_train_normal_0411_pro_E.wav,in_support,frequency_modulation,0.6891309022903442
gearboxEmu/train/section_00_source_train_normal_0412_pro_B.wav,in_support,periodic_resonance,0.5755819082260132
gearboxEmu/train/section_00_source_train_normal_0413_pro_B.wav,in_support,amplitude_modulation,0.04106167331337929
gearboxEmu/train/section_00_source_train_normal_0414_pro_C.wav,in_support,amplitude_modulation,0.8133148550987244
gearboxEmu/train/section_00_source_train_normal_0415_pro_E.wav,in_support,frequency_modulation,0.5449790954589844
gearboxEmu/train/section_00_source_train_normal_0416_pro_B.wav,in_support,amplitude_modulation,0.20462876558303833
gearboxEmu/train/section_00_source_train_normal_0417_pro_F.wav,in_support,amplitude_modulation,0.06016784533858299
gearboxEmu/train/section_00_source_train_normal_0418_pro_C.wav,in_support,frequency_modulation,0.20924627780914307
gearboxEmu/train/section_00_source_train_normal_0419_pro_B.wav,in_support,frequency_modulation,0.602189838886261
gearboxEmu/train/section_00_source_train_normal_0420_pro_C.wav,in_support,periodic_resonance,0.9548006653785706
gearboxEmu/train/section_00_source_train_normal_0421_pro_A.wav,in_support,frequency_modulation,0.9626832008361816
gearboxEmu/train/section_00_source_train_normal_0422_pro_A.wav,in_support,frequency_modulation,0.07456163316965103
gearboxEmu/train/section_00_source_train_normal_0423_pro_A.wav,in_support,periodic_resonance,0.984602153301239
gearboxEmu/train/section_00_source_train_normal_0424_pro_B.wav,in_support,frequency_modulation,0.4393358528614044
gearboxEmu/train/section_00_source_train_normal_0425_pro_A.wav,in_support,periodic_resonance,0.7169172763824463
gearboxEmu/train/section_00_source_train_normal_0426_pro_A.wav,in_support,periodic_resonance,0.7597949504852295
gearboxEmu/train/section_00_source_train_normal_0427_pro_E.wav,in_support,amplitude_modulation,0.8213196396827698
gearboxEmu/train/section_00_source_train_normal_0428_pro_E.wav,in_support,amplitude_modulation,0.4872770309448242
gearboxEmu/train/section_00_source_train_normal_0429_pro_A.wav,in_support,periodic_resonance,0.5586764812469482
gearboxEmu/train/section_00_source_train_normal_0430_pro_B.wav,in_support,frequency_modulation,0.3701610863208771
gearboxEmu/train/section_00_source_train_normal_0431_pro_D.wav,in_support,amplitude_modulation,0.02453957311809063
gearboxEmu/train/section_00_source_train_normal_0432_pro_C.wav,in_support,periodic_resonance,0.9342654943466187
gearboxEmu/train/section_00_source_train_normal_0433_pro_C.wav,in_support,periodic_resonance,0.9293490052223206
gearboxEmu/train/section_00_source_train_normal_0434_pro_D.wav,in_support,periodic_resonance,0.052899252623319626
gearboxEmu/train/section_00_source_train_normal_0435_pro_C.wav,in_support,periodic_resonance,0.9130986332893372
gearboxEmu/train/section_00_source_train_normal_0436_pro_B.wav,in_support,periodic_resonance,0.8686531782150269
gearboxEmu/train/section_00_source_train_normal_0437_pro_B.wav,in_support,amplitude_modulation,0.018390946090221405
gearboxEmu/train/section_00_source_train_normal_0438_pro_C.wav,in_support,periodic_resonance,0.9855923056602478
gearboxEmu/train/section_00_source_train_normal_0439_pro_A.wav,in_support,amplitude_modulation,0.044772300869226456
gearboxEmu/train/section_00_source_train_normal_0440_pro_B.wav,in_support,amplitude_modulation,0.9421787261962891
gearboxEmu/train/section_00_source_train_normal_0441_pro_C.wav,in_support,frequency_modulation,0.15416033565998077
gearboxEmu/train/section_00_source_train_normal_0442_pro_C.wav,in_support,amplitude_modulation,0.8562517166137695
gearboxEmu/train/section_00_source_train_normal_0443_pro_F.wav,in_support,periodic_resonance,0.8461740612983704
gearboxEmu/train/section_00_source_train_normal_0444_pro_E.wav,in_support,amplitude_modulation,0.07437346130609512
gearboxEmu/train/section_00_source_train_normal_0445_pro_A.wav,in_support,frequency_modulation,0.8895541429519653
gearboxEmu/train/section_00_source_train_normal_0446_pro_C.wav,in_support,periodic_resonance,0.8610442876815796
gearboxEmu/train/section_00_source_train_normal_0447_pro_A.wav,in_support,frequency_modulation,0.6520369648933411
gearboxEmu/train/section_00_source_train_normal_0448_pro_F.wav,in_support,amplitude_modulation,0.057654332369565964
gearboxEmu/train/section_00_source_train_normal_0449_pro_A.wav,in_support,frequency_modulation,0.2096368819475174
gearboxEmu/train/section_00_source_train_normal_0450_pro_D.wav,in_support,periodic_resonance,0.7695937156677246
gearboxEmu/train/section_00_source_train_normal_0451_pro_D.wav,in_support,frequency_modulation,0.7458743453025818
gearboxEmu/train/section_00_source_train_normal_0452_pro_D.wav,in_support,frequency_modulation,0.18404215574264526
gearboxEmu/train/section_00_source_train_normal_0453_pro_E.wav,in_support,amplitude_modulation,0.019522372633218765
gearboxEmu/train/section_00_source_train_normal_0454_pro_E.wav,in_support,frequency_modulation,0.933950662612915
gearboxEmu/train/section_00_source_train_normal_0455_pro_C.wav,in_support,frequency_modulation,0.6174895763397217
gearboxEmu/train/section_00_source_train_normal_0456_pro_C.wav,in_support,periodic_resonance,0.21383754909038544
gearboxEmu/train/section_00_source_train_normal_0457_pro_F.wav,in_support,amplitude_modulation,0.595417857170105
gearboxEmu/train/section_00_source_train_normal_0458_pro_B.wav,in_support,periodic_resonance,0.3876744508743286
gearboxEmu/train/section_00_source_train_normal_0459_pro_A.wav,in_support,amplitude_modulation,0.713699996471405
gearboxEmu/train/section_00_source_train_normal_0460_pro_F.wav,in_support,frequency_modulation,0.6337866187095642
gearboxEmu/train/section_00_source_train_normal_0461_pro_B.wav,in_support,frequency_modulation,0.9069373607635498
gearboxEmu/train/section_00_source_train_normal_0462_pro_A.wav,in_support,amplitude_modulation,0.0191111471503973
gearboxEmu/train/section_00_source_train_normal_0463_pro_F.wav,in_support,periodic_resonance,0.2623518705368042
gearboxEmu/train/section_00_source_train_normal_0464_pro_F.wav,in_support,frequency_modulation,0.9563634395599365
gearboxEmu/train/section_00_source_train_normal_0465_pro_B.wav,in_support,periodic_resonance,0.8601622581481934
gearboxEmu/train/section_00_source_train_normal_0466_pro_F.wav,in_support,amplitude_modulation,0.8847775459289551
gearboxEmu/train/section_00_source_train_normal_0467_pro_E.wav,in_support,frequency_modulation,0.8683911561965942
gearboxEmu/train/section_00_source_train_normal_0468_pro_D.wav,in_support,periodic_resonance,0.5734959244728088
gearboxEmu/train/section_00_source_train_normal_0469_pro_B.wav,in_support,amplitude_modulation,0.021128691732883453
gearboxEmu/train/section_00_source_train_normal_0470_pro_D.wav,in_support,amplitude_modulation,0.6704885363578796
gearboxEmu/train/section_00_source_train_normal_0471_pro_B.wav,in_support,frequency_modulation,0.7784674763679504
gearboxEmu/train/section_00_source_train_normal_0472_pro_A.wav,in_support,periodic_resonance,0.6780651211738586
gearboxEmu/train/section_00_source_train_normal_0473_pro_C.wav,in_support,frequency_modulation,0.665632426738739
gearboxEmu/train/section_00_source_train_normal_0474_pro_F.wav,in_support,frequency_modulation,0.5043715834617615
gearboxEmu/train/section_00_source_train_normal_0475_pro_B.wav,in_support,frequency_modulation,0.09476600587368011
gearboxEmu/train/section_00_source_train_normal_0476_pro_B.wav,in_support,periodic_resonance,0.997072160243988
gearboxEmu/train/section_00_source_train_normal_0477_pro_E.wav,in_support,amplitude_modulation,0.022886499762535095
gearboxEmu/train/section_00_source_train_normal_0478_pro_D.wav,in_support,periodic_resonance,0.9824068546295166
gearboxEmu/train/section_00_source_train_normal_0479_pro_B.wav,in_support,amplitude_modulation,0.7359372973442078
gearboxEmu/train/section_00_source_train_normal_0480_pro_C.wav,in_support,periodic_resonance,0.7405575513839722
gearboxEmu/train/section_00_source_train_normal_0481_pro_A.wav,in_support,frequency_modulation,0.1105836033821106
gearboxEmu/train/section_00_source_train_normal_0482_pro_C.wav,in_support,amplitude_modulation,0.1622944176197052
gearboxEmu/train/section_00_source_train_normal_0483_pro_C.wav,in_support,frequency_modulation,0.6678065657615662
gearboxEmu/train/section_00_source_train_normal_0484_pro_B.wav,in_support,frequency_modulation,0.6786217093467712
gearboxEmu/train/section_00_source_train_normal_0485_pro_D.wav,in_support,amplitude_modulation,0.5283700823783875
gearboxEmu/train/section_00_source_train_normal_0486_pro_D.wav,in_support,periodic_resonance,0.7144573926925659
gearboxEmu/train/section_00_source_train_normal_0487_pro_D.wav,in_support,periodic_resonance,0.5338136553764343
gearboxEmu/train/section_00_source_train_normal_0488_pro_B.wav,in_support,periodic_resonance,0.9995611310005188
gearboxEmu/train/section_00_source_train_normal_0489_pro_C.wav,in_support,frequency_modulation,0.4942159056663513
gearboxEmu/train/section_00_source_train_normal_0490_pro_D.wav,in_support,periodic_resonance,0.992896318435669
gearboxEmu/train/section_00_source_train_normal_0491_pro_B.wav,in_support,frequency_modulation,0.3706607520580292
gearboxEmu/train/section_00_source_train_normal_0492_pro_C.wav,in_support,periodic_resonance,0.9916582703590393
gearboxEmu/train/section_00_source_train_normal_0493_pro_D.wav,in_support,amplitude_modulation,0.8135169148445129
gearboxEmu/train/section_00_source_train_normal_0494_pro_C.wav,in_support,amplitude_modulation,0.8961851000785828
gearboxEmu/train/section_00_source_train_normal_0495_pro_E.wav,in_support,amplitude_modulation,0.8649787902832031
gearboxEmu/train/section_00_source_train_normal_0496_pro_B.wav,in_support,amplitude_modulation,0.023856349289417267
gearboxEmu/train/section_00_source_train_normal_0497_pro_C.wav,in_support,amplitude_modulation,0.3064618706703186
gearboxEmu/train/section_00_source_train_normal_0498_pro_C.wav,in_support,amplitude_modulation,0.09809359908103943
gearboxEmu/train/section_00_source_train_normal_0499_pro_B.wav,in_support,frequency_modulation,0.7522079944610596
gearboxEmu/train/section_00_source_train_normal_0500_pro_E.wav,in_support,amplitude_modulation,0.9524812698364258
gearboxEmu/train/section_00_source_train_normal_0501_pro_C.wav,in_support,frequency_modulation,0.09717126935720444
gearboxEmu/train/section_00_source_train_normal_0502_pro_E.wav,in_support,amplitude_modulation,0.8285162448883057
gearboxEmu/train/section_00_source_train_normal_0503_pro_D.wav,in_support,amplitude_modulation,0.01873210072517395
gearboxEmu/train/section_00_source_train_normal_0504_pro_E.wav,in_support,frequency_modulation,0.8981886506080627
gearboxEmu/train/section_00_source_train_normal_0505_pro_F.wav,in_support,amplitude_modulation,0.15266573429107666
gearboxEmu/train/section_00_source_train_normal_0506_pro_D.wav,in_support,frequency_modulation,0.3121234178543091
gearboxEmu/train/section_00_source_train_normal_0507_pro_A.wav,in_support,periodic_resonance,0.582271158695221
gearboxEmu/train/section_00_source_train_normal_0508_pro_E.wav,in_support,frequency_modulation,0.053874898701906204
gearboxEmu/train/section_00_source_train_normal_0509_pro_C.wav,in_support,amplitude_modulation,0.6809020042419434
gearboxEmu/train/section_00_source_train_normal_0510_pro_D.wav,in_support,periodic_resonance,0.8069944977760315
gearboxEmu/train/section_00_source_train_normal_0511_pro_F.wav,in_support,periodic_resonance,0.711826741695404
gearboxEmu/train/section_00_source_train_normal_0512_pro_C.wav,in_support,amplitude_modulation,0.1990673989057541
gearboxEmu/train/section_00_source_train_normal_0513_pro_B.wav,in_support,frequency_modulation,0.0897543877363205
gearboxEmu/train/section_00_source_train_normal_0514_pro_C.wav,in_support,periodic_resonance,0.5796148777008057
gearboxEmu/train/section_00_source_train_normal_0515_pro_A.wav,in_support,amplitude_modulation,0.060497868806123734
gearboxEmu/train/section_00_source_train_normal_0516_pro_A.wav,in_support,amplitude_modulation,0.9507714509963989
gearboxEmu/train/section_00_source_train_normal_0517_pro_B.wav,in_support,frequency_modulation,0.3666067123413086
gearboxEmu/train/section_00_source_train_normal_0518_pro_D.wav,in_support,amplitude_modulation,0.23793256282806396
gearboxEmu/train/section_00_source_train_normal_0519_pro_C.wav,in_support,frequency_modulation,0.5644402503967285
gearboxEmu/train/section_00_source_train_normal_0520_pro_F.wav,in_support,periodic_resonance,0.9926669597625732
gearboxEmu/train/section_00_source_train_normal_0521_pro_F.wav,in_support,amplitude_modulation,0.021580830216407776
gearboxEmu/train/section_00_source_train_normal_0522_pro_F.wav,in_support,frequency_modulation,0.9672545194625854
gearboxEmu/train/section_00_source_train_normal_0523_pro_D.wav,in_support,amplitude_modulation,0.5801833868026733
gearboxEmu/train/section_00_source_train_normal_0524_pro_F.wav,in_support,amplitude_modulation,0.1256507784128189
gearboxEmu/train/section_00_source_train_normal_0525_pro_E.wav,in_support,frequency_modulation,0.9117991328239441
gearboxEmu/train/section_00_source_train_normal_0526_pro_F.wav,in_support,periodic_resonance,0.6564581990242004
gearboxEmu/train/section_00_source_train_normal_0527_pro_D.wav,in_support,periodic_resonance,0.5990340709686279
gearboxEmu/train/section_00_source_train_normal_0528_pro_B.wav,in_support,frequency_modulation,0.9534972310066223
gearboxEmu/train/section_00_source_train_normal_0529_pro_E.wav,in_support,amplitude_modulation,0.018755847588181496
gearboxEmu/train/section_00_source_train_normal_0530_pro_B.wav,in_support,frequency_modulation,0.4456442594528198
gearboxEmu/train/section_00_source_train_normal_0531_pro_A.wav,in_support,frequency_modulation,0.22724083065986633
gearboxEmu/train/section_00_source_train_normal_0532_pro_F.wav,in_support,frequency_modulation,0.5672146081924438
gearboxEmu/train/section_00_source_train_normal_0533_pro_B.wav,in_support,periodic_resonance,0.08701667934656143
gearboxEmu/train/section_00_source_train_normal_0534_pro_A.wav,in_support,amplitude_modulation,0.7661446928977966
gearboxEmu/train/section_00_source_train_normal_0535_pro_F.wav,in_support,periodic_resonance,0.7604631185531616
gearboxEmu/train/section_00_source_train_normal_0536_pro_F.wav,in_support,frequency_modulation,0.7133840918540955
gearboxEmu/train/section_00_source_train_normal_0537_pro_D.wav,in_support,periodic_resonance,0.17851383984088898
gearboxEmu/train/section_00_source_train_normal_0538_pro_D.wav,in_support,frequency_modulation,0.3425252437591553
gearboxEmu/train/section_00_source_train_normal_0539_pro_E.wav,in_support,amplitude_modulation,0.8978946208953857
gearboxEmu/train/section_00_source_train_normal_0540_pro_E.wav,in_support,periodic_resonance,0.4160185754299164
gearboxEmu/train/section_00_source_train_normal_0541_pro_B.wav,in_support,frequency_modulation,0.35023558139801025
gearboxEmu/train/section_00_source_train_normal_0542_pro_A.wav,in_support,frequency_modulation,0.5445451140403748
gearboxEmu/train/section_00_source_train_normal_0543_pro_B.wav,in_support,periodic_resonance,0.46983060240745544
gearboxEmu/train/section_00_source_train_normal_0544_pro_B.wav,in_support,frequency_modulation,0.519140899181366
gearboxEmu/train/section_00_source_train_normal_0545_pro_E.wav,in_support,amplitude_modulation,0.8249285221099854
gearboxEmu/train/section_00_source_train_normal_0546_pro_F.wav,in_support,frequency_modulation,0.4822253882884979
gearboxEmu/train/section_00_source_train_normal_0547_pro_C.wav,in_support,frequency_modulation,0.9366695880889893
gearboxEmu/train/section_00_source_train_normal_0548_pro_A.wav,in_support,periodic_resonance,0.3868660628795624
gearboxEmu/train/section_00_source_train_normal_0549_pro_F.wav,in_support,frequency_modulation,0.40931031107902527
gearboxEmu/train/section_00_source_train_normal_0550_pro_E.wav,in_support,frequency_modulation,0.10374505072832108
gearboxEmu/train/section_00_source_train_normal_0551_pro_D.wav,in_support,frequency_modulation,0.8171908855438232
gearboxEmu/train/section_00_source_train_normal_0552_pro_B.wav,in_support,amplitude_modulation,0.03491077572107315
gearboxEmu/train/section_00_source_train_normal_0553_pro_C.wav,in_support,frequency_modulation,0.5825135111808777
gearboxEmu/train/section_00_source_train_normal_0554_pro_F.wav,in_support,periodic_resonance,0.29315853118896484
gearboxEmu/train/section_00_source_train_normal_0555_pro_A.wav,in_support,periodic_resonance,0.13948507606983185
gearboxEmu/train/section_00_source_train_normal_0556_pro_A.wav,in_support,amplitude_modulation,0.02526109851896763
gearboxEmu/train/section_00_source_train_normal_0557_pro_E.wav,in_support,frequency_modulation,0.4440006613731384
gearboxEmu/train/section_00_source_train_normal_0558_pro_F.wav,in_support,periodic_resonance,0.8107870221138
gearboxEmu/train/section_00_source_train_normal_0559_pro_D.wav,in_support,amplitude_modulation,0.6897984147071838
gearboxEmu/train/section_00_source_train_normal_0560_pro_F.wav,in_support,amplitude_modulation,0.2078162282705307
gearboxEmu/train/section_00_source_train_normal_0561_pro_B.wav,in_support,amplitude_modulation,0.5618513822555542
gearboxEmu/train/section_00_source_train_normal_0562_pro_E.wav,in_support,frequency_modulation,0.2323281615972519
gearboxEmu/train/section_00_source_train_normal_0563_pro_E.wav,in_support,periodic_resonance,0.968277096748352
gearboxEmu/train/section_00_source_train_normal_0564_pro_E.wav,in_support,amplitude_modulation,0.02603115700185299
gearboxEmu/train/section_00_source_train_normal_0565_pro_C.wav,in_support,frequency_modulation,0.6567899584770203
gearboxEmu/train/section_00_source_train_normal_0566_pro_A.wav,in_support,periodic_resonance,0.5387996435165405
gearboxEmu/train/section_00_source_train_normal_0567_pro_E.wav,in_support,periodic_resonance,0.8993915915489197
gearboxEmu/train/section_00_source_train_normal_0568_pro_C.wav,in_support,periodic_resonance,0.9475078582763672
gearboxEmu/train/section_00_source_train_normal_0569_pro_C.wav,in_support,frequency_modulation,0.814743161201477
gearboxEmu/train/section_00_source_train_normal_0570_pro_A.wav,in_support,amplitude_modulation,0.15600474178791046
gearboxEmu/train/section_00_source_train_normal_0571_pro_F.wav,in_support,frequency_modulation,0.11483420431613922
gearboxEmu/train/section_00_source_train_normal_0572_pro_B.wav,in_support,amplitude_modulation,0.8532816767692566
gearboxEmu/train/section_00_source_train_normal_0573_pro_A.wav,in_support,amplitude_modulation,0.6187800168991089
gearboxEmu/train/section_00_source_train_normal_0574_pro_F.wav,in_support,periodic_resonance,0.9299210906028748
gearboxEmu/train/section_00_source_train_normal_0575_pro_E.wav,in_support,amplitude_modulation,0.938816487789154
gearboxEmu/train/section_00_source_train_normal_0576_pro_E.wav,in_support,frequency_modulation,0.09441221505403519
gearboxEmu/train/section_00_source_train_normal_0577_pro_A.wav,in_support,frequency_modulation,0.7749810814857483
gearboxEmu/train/section_00_source_train_normal_0578_pro_A.wav,in_support,amplitude_modulation,0.9444884061813354
gearboxEmu/train/section_00_source_train_normal_0579_pro_C.wav,in_support,frequency_modulation,0.10328376293182373
gearboxEmu/train/section_00_source_train_normal_0580_pro_C.wav,in_support,periodic_resonance,0.967363715171814
gearboxEmu/train/section_00_source_train_normal_0581_pro_B.wav,in_support,frequency_modulation,0.1224714145064354
gearboxEmu/train/section_00_source_train_normal_0582_pro_D.wav,in_support,amplitude_modulation,0.039994508028030396
gearboxEmu/train/section_00_source_train_normal_0583_pro_E.wav,in_support,periodic_resonance,0.9523767828941345
gearboxEmu/train/section_00_source_train_normal_0584_pro_D.wav,in_support,frequency_modulation,0.8774617314338684
gearboxEmu/train/section_00_source_train_normal_0585_pro_B.wav,in_support,frequency_modulation,0.25514325499534607
gearboxEmu/train/section_00_source_train_normal_0586_pro_E.wav,in_support,periodic_resonance,0.573921263217926
gearboxEmu/train/section_00_source_train_normal_0587_pro_C.wav,in_support,frequency_modulation,0.9596956372261047
gearboxEmu/train/section_00_source_train_normal_0588_pro_E.wav,in_support,periodic_resonance,0.7898880839347839
gearboxEmu/train/section_00_source_train_normal_0589_pro_F.wav,in_support,amplitude_modulation,0.7010167837142944
gearboxEmu/train/section_00_source_train_normal_0590_pro_B.wav,in_support,frequency_modulation,0.7034324407577515
gearboxEmu/train/section_00_source_train_normal_0591_pro_A.wav,in_support,frequency_modulation,0.1092434823513031
gearboxEmu/train/section_00_source_train_normal_0592_pro_D.wav,in_support,frequency_modulation,0.39376816153526306
gearboxEmu/train/section_00_source_train_normal_0593_pro_D.wav,in_support,periodic_resonance,0.8456843495368958
gearboxEmu/train/section_00_source_train_normal_0594_pro_A.wav,in_support,frequency_modulation,0.41341862082481384
gearboxEmu/train/section_00_source_train_normal_0595_pro_C.wav,in_support,frequency_modulation,0.7873290777206421
gearboxEmu/train/section_00_source_train_normal_0596_pro_B.wav,in_support,periodic_resonance,0.9819436073303223
gearboxEmu/train/section_00_source_train_normal_0597_pro_F.wav,in_support,amplitude_modulation,0.8274244070053101
gearboxEmu/train/section_00_source_train_normal_0598_pro_C.wav,in_support,amplitude_modulation,0.04783370718359947
gearboxEmu/train/section_00_source_train_normal_0599_pro_B.wav,in_support,frequency_modulation,0.7692683339118958
gearboxEmu/train/section_00_source_train_normal_0600_pro_F.wav,in_support,frequency_modulation,0.4662104845046997
gearboxEmu/train/section_00_source_train_normal_0601_pro_C.wav,in_support,amplitude_modulation,0.8201122283935547
gearboxEmu/train/section_00_source_train_normal_0602_pro_C.wav,in_support,periodic_resonance,0.8156259655952454
gearboxEmu/train/section_00_source_train_normal_0603_pro_C.wav,in_support,amplitude_modulation,0.4830071032047272
gearboxEmu/train/section_00_source_train_normal_0604_pro_C.wav,in_support,frequency_modulation,0.8585106730461121
gearboxEmu/train/section_00_source_train_normal_0605_pro_E.wav,in_support,amplitude_modulation,0.04167245700955391
gearboxEmu/train/section_00_source_train_normal_0606_pro_C.wav,in_support,frequency_modulation,0.17471148073673248
gearboxEmu/train/section_00_source_train_normal_0607_pro_E.wav,in_support,frequency_modulation,0.501321017742157
gearboxEmu/train/section_00_source_train_normal_0608_pro_A.wav,in_support,frequency_modulation,0.8789860010147095
gearboxEmu/train/section_00_source_train_normal_0609_pro_A.wav,in_support,frequency_modulation,0.7933312058448792
gearboxEmu/train/section_00_source_train_normal_0610_pro_C.wav,in_support,amplitude_modulation,0.8132400512695312
gearboxEmu/train/section_00_source_train_normal_0611_pro_B.wav,in_support,amplitude_modulation,0.05159277468919754
gearboxEmu/train/section_00_source_train_normal_0612_pro_B.wav,in_support,amplitude_modulation,0.2498980164527893
gearboxEmu/train/section_00_source_train_normal_0613_pro_B.wav,in_support,periodic_resonance,0.24097958207130432
gearboxEmu/train/section_00_source_train_normal_0614_pro_E.wav,in_support,frequency_modulation,0.2601969242095947
gearboxEmu/train/section_00_source_train_normal_0615_pro_A.wav,in_support,frequency_modulation,0.5619052052497864
gearboxEmu/train/section_00_source_train_normal_0616_pro_A.wav,in_support,frequency_modulation,0.5124199986457825
gearboxEmu/train/section_00_source_train_normal_0617_pro_B.wav,in_support,amplitude_modulation,0.4780649244785309
gearboxEmu/train/section_00_source_train_normal_0618_pro_F.wav,in_support,periodic_resonance,0.5678712725639343
gearboxEmu/train/section_00_source_train_normal_0619_pro_D.wav,in_support,periodic_resonance,0.2478034794330597
gearboxEmu/train/section_00_source_train_normal_0620_pro_C.wav,in_support,amplitude_modulation,0.7238881587982178
gearboxEmu/train/section_00_source_train_normal_0621_pro_F.wav,in_support,frequency_modulation,0.9641203284263611
gearboxEmu/train/section_00_source_train_normal_0622_pro_C.wav,in_support,amplitude_modulation,0.9128426909446716
gearboxEmu/train/section_00_source_train_normal_0623_pro_F.wav,in_support,periodic_resonance,0.41588354110717773
gearboxEmu/train/section_00_source_train_normal_0624_pro_B.wav,in_support,periodic_resonance,0.7389867305755615
gearboxEmu/train/section_00_source_train_normal_0625_pro_D.wav,in_support,amplitude_modulation,0.0412713959813118
gearboxEmu/train/section_00_source_train_normal_0626_pro_E.wav,in_support,frequency_modulation,0.9978060126304626
gearboxEmu/train/section_00_source_train_normal_0627_pro_B.wav,in_support,periodic_resonance,0.8670132160186768
gearboxEmu/train/section_00_source_train_normal_0628_pro_A.wav,in_support,periodic_resonance,0.14054115116596222
gearboxEmu/train/section_00_source_train_normal_0629_pro_D.wav,in_support,periodic_resonance,0.35498955845832825
gearboxEmu/train/section_00_source_train_normal_0630_pro_E.wav,in_support,amplitude_modulation,0.01933368481695652
gearboxEmu/train/section_00_source_train_normal_0631_pro_D.wav,in_support,amplitude_modulation,0.026214871555566788
gearboxEmu/train/section_00_source_train_normal_0632_pro_C.wav,in_support,amplitude_modulation,0.7832428216934204
gearboxEmu/train/section_00_source_train_normal_0633_pro_B.wav,in_support,frequency_modulation,0.9188475608825684
gearboxEmu/train/section_00_source_train_normal_0634_pro_E.wav,in_support,amplitude_modulation,0.9268456697463989
gearboxEmu/train/section_00_source_train_normal_0635_pro_D.wav,in_support,periodic_resonance,0.2325195074081421
gearboxEmu/train/section_00_source_train_normal_0636_pro_F.wav,in_support,frequency_modulation,0.9008166193962097
gearboxEmu/train/section_00_source_train_normal_0637_pro_B.wav,in_support,periodic_resonance,0.9353704452514648
gearboxEmu/train/section_00_source_train_normal_0638_pro_F.wav,in_support,amplitude_modulation,0.10150942951440811
gearboxEmu/train/section_00_source_train_normal_0639_pro_E.wav,in_support,periodic_resonance,0.9236927032470703
gearboxEmu/train/section_00_source_train_normal_0640_pro_F.wav,in_support,frequency_modulation,0.7543919086456299
gearboxEmu/train/section_00_source_train_normal_0641_pro_D.wav,in_support,periodic_resonance,0.5469172596931458
gearboxEmu/train/section_00_source_train_normal_0642_pro_B.wav,in_support,frequency_modulation,0.06354723125696182
gearboxEmu/train/section_00_source_train_normal_0643_pro_A.wav,in_support,periodic_resonance,0.41229861974716187
gearboxEmu/train/section_00_source_train_normal_0644_pro_F.wav,in_support,amplitude_modulation,0.4599583148956299
gearboxEmu/train/section_00_source_train_normal_0645_pro_A.wav,in_support,frequency_modulation,0.6471502780914307
gearboxEmu/train/section_00_source_train_normal_0646_pro_F.wav,in_support,amplitude_modulation,0.290384441614151
gearboxEmu/train/section_00_source_train_normal_0647_pro_A.wav,in_support,amplitude_modulation,0.8198649287223816
gearboxEmu/train/section_00_source_train_normal_0648_pro_E.wav,in_support,frequency_modulation,0.8602927327156067
gearboxEmu/train/section_00_source_train_normal_0649_pro_C.wav,in_support,amplitude_modulation,0.09593494981527328
gearboxEmu/train/section_00_source_train_normal_0650_pro_A.wav,in_support,frequency_modulation,0.24382688105106354
gearboxEmu/train/section_00_source_train_normal_0651_pro_F.wav,in_support,periodic_resonance,0.6636865735054016
gearboxEmu/train/section_00_source_train_normal_0652_pro_C.wav,in_support,amplitude_modulation,0.4801296889781952
gearboxEmu/train/section_00_source_train_normal_0653_pro_D.wav,in_support,frequency_modulation,0.8091767430305481
gearboxEmu/train/section_00_source_train_normal_0654_pro_A.wav,in_support,amplitude_modulation,0.03402320295572281
gearboxEmu/train/section_00_source_train_normal_0655_pro_D.wav,in_support,periodic_resonance,0.5769827365875244
gearboxEmu/train/section_00_source_train_normal_0656_pro_C.wav,in_support,periodic_resonance,0.2365652322769165
gearboxEmu/train/section_00_source_train_normal_0657_pro_E.wav,in_support,frequency_modulation,0.4912923574447632
gearboxEmu/train/section_00_source_train_normal_0658_pro_D.wav,in_support,amplitude_modulation,0.014123000204563141
gearboxEmu/train/section_00_source_train_normal_0659_pro_A.wav,in_support,periodic_resonance,0.7399235963821411
gearboxEmu/train/section_00_source_train_normal_0660_pro_A.wav,in_support,amplitude_modulation,0.12265641987323761
gearboxEmu/train/section_00_source_train_normal_0661_pro_A.wav,in_support,frequency_modulation,0.8593027591705322
gearboxEmu/train/section_00_source_train_normal_0662_pro_E.wav,in_support,periodic_resonance,0.5907199382781982
gearboxEmu/train/section_00_source_train_normal_0663_pro_F.wav,in_support,amplitude_modulation,0.0167120099067688
gearboxEmu/train/section_00_source_train_normal_0664_pro_C.wav,in_support,amplitude_modulation,0.6320503354072571
gearboxEmu/train/section_00_source_train_normal_0665_pro_B.wav,in_support,frequency_modulation,0.9754231572151184
gearboxEmu/train/section_00_source_train_normal_0666_pro_D.wav,in_support,periodic_resonance,0.7926828265190125
gearboxEmu/train/section_00_source_train_normal_0667_pro_E.wav,in_support,frequency_modulation,0.8753857016563416
gearboxEmu/train/section_00_source_train_normal_0668_pro_C.wav,in_support,periodic_resonance,0.8196552991867065
gearboxEmu/train/section_00_source_train_normal_0669_pro_E.wav,in_support,amplitude_modulation,0.8965920805931091
gearboxEmu/train/section_00_source_train_normal_0670_pro_F.wav,in_support,periodic_resonance,0.2865225076675415
gearboxEmu/train/section_00_source_train_normal_0671_pro_E.wav,in_support,amplitude_modulation,0.6772254109382629
gearboxEmu/train/section_00_source_train_normal_0672_pro_F.wav,in_support,frequency_modulation,0.3438107371330261
gearboxEmu/train/section_00_source_train_normal_0673_pro_E.wav,in_support,frequency_modulation,0.9869154691696167
gearboxEmu/train/section_00_source_train_normal_0674_pro_A.wav,in_support,amplitude_modulation,0.017525171861052513
gearboxEmu/train/section_00_source_train_normal_0675_pro_F.wav,in_support,frequency_modulation,0.9527842998504639
gearboxEmu/train/section_00_source_train_normal_0676_pro_B.wav,in_support,amplitude_modulation,0.3996342122554779
gearboxEmu/train/section_00_source_train_normal_0677_pro_A.wav,in_support,periodic_resonance,0.27007851004600525
gearboxEmu/train/section_00_source_train_normal_0678_pro_F.wav,in_support,periodic_resonance,0.7323289513587952
gearboxEmu/train/section_00_source_train_normal_0679_pro_D.wav,in_support,amplitude_modulation,0.33994853496551514
gearboxEmu/train/section_00_source_train_normal_0680_pro_E.wav,in_support,periodic_resonance,0.6063090562820435
gearboxEmu/train/section_00_source_train_normal_0681_pro_C.wav,in_support,frequency_modulation,0.7234452366828918
gearboxEmu/train/section_00_source_train_normal_0682_pro_D.wav,in_support,amplitude_modulation,0.3706444799900055
gearboxEmu/train/section_00_source_train_normal_0683_pro_D.wav,in_support,periodic_resonance,0.7907613515853882
gearboxEmu/train/section_00_source_train_normal_0684_pro_E.wav,in_support,frequency_modulation,0.5018338561058044
gearboxEmu/train/section_00_source_train_normal_0685_pro_A.wav,in_support,amplitude_modulation,0.8967244029045105
gearboxEmu/train/section_00_source_train_normal_0686_pro_E.wav,in_support,frequency_modulation,0.15465021133422852
gearboxEmu/train/section_00_source_train_normal_0687_pro_F.wav,in_support,frequency_modulation,0.8305374383926392
gearboxEmu/train/section_00_source_train_normal_0688_pro_C.wav,in_support,periodic_resonance,0.6427435278892517
gearboxEmu/train/section_00_source_train_normal_0689_pro_D.wav,in_support,frequency_modulation,0.8724256157875061
gearboxEmu/train/section_00_source_train_normal_0690_pro_D.wav,in_support,periodic_resonance,0.7772411108016968
gearboxEmu/train/section_00_source_train_normal_0691_pro_E.wav,in_support,amplitude_modulation,0.03024105913937092
gearboxEmu/train/section_00_source_train_normal_0692_pro_D.wav,in_support,frequency_modulation,0.646686851978302
gearboxEmu/train/section_00_source_train_normal_0693_pro_A.wav,in_support,periodic_resonance,0.9738980531692505
gearboxEmu/train/section_00_source_train_normal_0694_pro_E.wav,in_support,amplitude_modulation,0.029300859197974205
gearboxEmu/train/section_00_source_train_normal_0695_pro_B.wav,in_support,frequency_modulation,0.669302761554718
gearboxEmu/train/section_00_source_train_normal_0696_pro_A.wav,in_support,amplitude_modulation,0.9039841890335083
gearboxEmu/train/section_00_source_train_normal_0697_pro_C.wav,in_support,amplitude_modulation,0.2652270495891571
gearboxEmu/train/section_00_source_train_normal_0698_pro_A.wav,in_support,periodic_resonance,0.06397604197263718
gearboxEmu/train/section_00_source_train_normal_0699_pro_A.wav,in_support,frequency_modulation,0.7313629388809204
gearboxEmu/train/section_00_source_train_normal_0700_pro_D.wav,in_support,amplitude_modulation,0.21596214175224304
gearboxEmu/train/section_00_source_train_normal_0701_pro_E.wav,in_support,amplitude_modulation,0.1768469363451004
gearboxEmu/train/section_00_source_train_normal_0702_pro_F.wav,in_support,frequency_modulation,0.11154758185148239
gearboxEmu/train/section_00_source_train_normal_0703_pro_E.wav,in_support,frequency_modulation,0.8189622759819031
gearboxEmu/train/section_00_source_train_normal_0704_pro_B.wav,in_support,amplitude_modulation,0.8122676610946655
gearboxEmu/train/section_00_source_train_normal_0705_pro_B.wav,in_support,periodic_resonance,0.5654153227806091
gearboxEmu/train/section_00_source_train_normal_0706_pro_B.wav,in_support,frequency_modulation,0.24119578301906586
gearboxEmu/train/section_00_source_train_normal_0707_pro_E.wav,in_support,amplitude_modulation,0.8641889691352844
gearboxEmu/train/section_00_source_train_normal_0708_pro_C.wav,in_support,amplitude_modulation,0.8866850137710571
gearboxEmu/train/section_00_source_train_normal_0709_pro_C.wav,in_support,amplitude_modulation,0.4754970371723175
gearboxEmu/train/section_00_source_train_normal_0710_pro_C.wav,in_support,amplitude_modulation,0.7242023944854736
gearboxEmu/train/section_00_source_train_normal_0711_pro_E.wav,in_support,amplitude_modulation,0.05750435218214989
gearboxEmu/train/section_00_source_train_normal_0712_pro_B.wav,in_support,amplitude_modulation,0.08167848736047745
gearboxEmu/train/section_00_source_train_normal_0713_pro_E.wav,in_support,frequency_modulation,0.26055291295051575
gearboxEmu/train/section_00_source_train_normal_0714_pro_A.wav,in_support,frequency_modulation,0.6490354537963867
gearboxEmu/train/section_00_source_train_normal_0715_pro_A.wav,in_support,periodic_resonance,0.7325661778450012
gearboxEmu/train/section_00_source_train_normal_0716_pro_D.wav,in_support,periodic_resonance,0.9085283279418945
gearboxEmu/train/section_00_source_train_normal_0717_pro_F.wav,in_support,amplitude_modulation,0.05376627668738365
gearboxEmu/train/section_00_source_train_normal_0718_pro_E.wav,in_support,periodic_resonance,0.5065922737121582
gearboxEmu/train/section_00_source_train_normal_0719_pro_C.wav,in_support,amplitude_modulation,0.042703889310359955
gearboxEmu/train/section_00_source_train_normal_0720_pro_D.wav,in_support,frequency_modulation,0.43209728598594666
gearboxEmu/train/section_00_source_train_normal_0721_pro_D.wav,in_support,frequency_modulation,0.552757740020752
gearboxEmu/train/section_00_source_train_normal_0722_pro_D.wav,in_support,amplitude_modulation,0.08046618849039078
gearboxEmu/train/section_00_source_train_normal_0723_pro_B.wav,in_support,amplitude_modulation,0.035432424396276474
gearboxEmu/train/section_00_source_train_normal_0724_pro_C.wav,in_support,periodic_resonance,0.7957597374916077
gearboxEmu/train/section_00_source_train_normal_0725_pro_A.wav,in_support,periodic_resonance,0.39268970489501953
gearboxEmu/train/section_00_source_train_normal_0726_pro_B.wav,in_support,periodic_resonance,0.7296565175056458
gearboxEmu/train/section_00_source_train_normal_0727_pro_F.wav,in_support,frequency_modulation,0.9324802756309509
gearboxEmu/train/section_00_source_train_normal_0728_pro_D.wav,in_support,amplitude_modulation,0.4904414713382721
gearboxEmu/train/section_00_source_train_normal_0729_pro_F.wav,in_support,periodic_resonance,0.3294607400894165
gearboxEmu/train/section_00_source_train_normal_0730_pro_C.wav,in_support,amplitude_modulation,0.9228820204734802
gearboxEmu/train/section_00_source_train_normal_0731_pro_A.wav,in_support,frequency_modulation,0.5460079908370972
gearboxEmu/train/section_00_source_train_normal_0732_pro_A.wav,in_support,periodic_resonance,0.990366518497467
gearboxEmu/train/section_00_source_train_normal_0733_pro_A.wav,in_support,amplitude_modulation,0.8138517737388611
gearboxEmu/train/section_00_source_train_normal_0734_pro_C.wav,in_support,periodic_resonance,0.4950626492500305
gearboxEmu/train/section_00_source_train_normal_0735_pro_B.wav,in_support,periodic_resonance,0.8761492967605591
gearboxEmu/train/section_00_source_train_normal_0736_pro_E.wav,in_support,frequency_modulation,0.18837685883045197
gearboxEmu/train/section_00_source_train_normal_0737_pro_D.wav,in_support,periodic_resonance,0.9998108148574829
gearboxEmu/train/section_00_source_train_normal_0738_pro_B.wav,in_support,frequency_modulation,0.08895836025476456
gearboxEmu/train/section_00_source_train_normal_0739_pro_A.wav,in_support,periodic_resonance,0.25461721420288086
gearboxEmu/train/section_00_source_train_normal_0740_pro_A.wav,in_support,frequency_modulation,0.3810589015483856
gearboxEmu/train/section_00_source_train_normal_0741_pro_C.wav,in_support,frequency_modulation,0.9704739451408386
gearboxEmu/train/section_00_source_train_normal_0742_pro_D.wav,in_support,frequency_modulation,0.11024069786071777
gearboxEmu/train/section_00_source_train_normal_0743_pro_B.wav,in_support,periodic_resonance,0.2131592333316803
gearboxEmu/train/section_00_source_train_normal_0744_pro_E.wav,in_support,periodic_resonance,0.7544973492622375
gearboxEmu/train/section_00_source_train_normal_0745_pro_D.wav,in_support,amplitude_modulation,0.9733904004096985
gearboxEmu/train/section_00_source_train_normal_0746_pro_F.wav,in_support,amplitude_modulation,0.08062700182199478
gearboxEmu/train/section_00_source_train_normal_0747_pro_C.wav,in_support,amplitude_modulation,0.24292975664138794
gearboxEmu/train/section_00_source_train_normal_0748_pro_F.wav,in_support,amplitude_modulation,0.19074571132659912
gearboxEmu/train/section_00_source_train_normal_0749_pro_B.wav,in_support,frequency_modulation,0.13887940347194672
gearboxEmu/train/section_00_source_train_normal_0750_pro_F.wav,in_support,amplitude_modulation,0.8220434188842773
gearboxEmu/train/section_00_source_train_normal_0751_pro_F.wav,in_support,frequency_modulation,0.13405990600585938
gearboxEmu/train/section_00_source_train_normal_0752_pro_B.wav,in_support,amplitude_modulation,0.031157320365309715
gearboxEmu/train/section_00_source_train_normal_0753_pro_C.wav,in_support,frequency_modulation,0.08526084572076797
gearboxEmu/train/section_00_source_train_normal_0754_pro_F.wav,in_support,frequency_modulation,0.42232948541641235
gearboxEmu/train/section_00_source_train_normal_0755_pro_C.wav,in_support,frequency_modulation,0.8993711471557617
gearboxEmu/train/section_00_source_train_normal_0756_pro_E.wav,in_support,amplitude_modulation,0.5349941253662109
gearboxEmu/train/section_00_source_train_normal_0757_pro_A.wav,in_support,periodic_resonance,0.9902819991111755
gearboxEmu/train/section_00_source_train_normal_0758_pro_B.wav,in_support,periodic_resonance,0.38264086842536926
gearboxEmu/train/section_00_source_train_normal_0759_pro_E.wav,in_support,frequency_modulation,0.6659622192382812
gearboxEmu/train/section_00_source_train_normal_0760_pro_B.wav,in_support,frequency_modulation,0.5208249688148499
gearboxEmu/train/section_00_source_train_normal_0761_pro_E.wav,in_support,periodic_resonance,0.8415645956993103
gearboxEmu/train/section_00_source_train_normal_0762_pro_D.wav,in_support,amplitude_modulation,0.2675056457519531
gearboxEmu/train/section_00_source_train_normal_0763_pro_D.wav,in_support,periodic_resonance,0.9378774166107178
gearboxEmu/train/section_00_source_train_normal_0764_pro_A.wav,in_support,frequency_modulation,0.8692006468772888
gearboxEmu/train/section_00_source_train_normal_0765_pro_C.wav,in_support,amplitude_modulation,0.8557179570198059
gearboxEmu/train/section_00_source_train_normal_0766_pro_A.wav,in_support,amplitude_modulation,0.031565383076667786
gearboxEmu/train/section_00_source_train_normal_0767_pro_A.wav,in_support,frequency_modulation,0.949179470539093
gearboxEmu/train/section_00_source_train_normal_0768_pro_E.wav,in_support,amplitude_modulation,0.8877761363983154
gearboxEmu/train/section_00_source_train_normal_0769_pro_F.wav,in_support,amplitude_modulation,0.020368680357933044
gearboxEmu/train/section_00_source_train_normal_0770_pro_D.wav,in_support,periodic_resonance,0.5591294765472412
gearboxEmu/train/section_00_source_train_normal_0771_pro_C.wav,in_support,frequency_modulation,0.9087899327278137
gearboxEmu/train/section_00_source_train_normal_0772_pro_B.wav,in_support,periodic_resonance,0.900729238986969
gearboxEmu/train/section_00_source_train_normal_0773_pro_F.wav,in_support,frequency_modulation,0.37671712040901184
gearboxEmu/train/section_00_source_train_normal_0774_pro_F.wav,in_support,amplitude_modulation,0.945548951625824
gearboxEmu/train/section_00_source_train_normal_0775_pro_B.wav,in_support,amplitude_modulation,0.03691231459379196
gearboxEmu/train/section_00_source_train_normal_0776_pro_B.wav,in_support,periodic_resonance,0.4571740925312042
gearboxEmu/train/section_00_source_train_normal_0777_pro_F.wav,in_support,periodic_resonance,0.13571323454380035
gearboxEmu/train/section_00_source_train_normal_0778_pro_B.wav,in_support,frequency_modulation,0.17808078229427338
gearboxEmu/train/section_00_source_train_normal_0779_pro_A.wav,in_support,frequency_modulation,0.11344700306653976
gearboxEmu/train/section_00_source_train_normal_0780_pro_E.wav,in_support,amplitude_modulation,0.2621830105781555
gearboxEmu/train/section_00_source_train_normal_0781_pro_E.wav,in_support,amplitude_modulation,0.766236424446106
gearboxEmu/train/section_00_source_train_normal_0782_pro_A.wav,in_support,periodic_resonance,0.19172228872776031
gearboxEmu/train/section_00_source_train_normal_0783_pro_F.wav,in_support,frequency_modulation,0.8707904815673828
gearboxEmu/train/section_00_source_train_normal_0784_pro_E.wav,in_support,periodic_resonance,0.429333359003067
gearboxEmu/train/section_00_source_train_normal_0785_pro_D.wav,in_support,periodic_resonance,0.9973801374435425
gearboxEmu/train/section_00_source_train_normal_0786_pro_E.wav,in_support,amplitude_modulation,0.22710929811000824
gearboxEmu/train/section_00_source_train_normal_0787_pro_F.wav,in_support,periodic_resonance,0.16882824897766113
gearboxEmu/train/section_00_source_train_normal_0788_pro_F.wav,in_support,periodic_resonance,0.22066763043403625
gearboxEmu/train/section_00_source_train_normal_0789_pro_E.wav,in_support,frequency_modulation,0.1846241056919098
gearboxEmu/train/section_00_source_train_normal_0790_pro_B.wav,in_support,periodic_resonance,0.9296993017196655
gearboxEmu/train/section_00_source_train_normal_0791_pro_A.wav,in_support,frequency_modulation,0.8925822973251343
gearboxEmu/train/section_00_source_train_normal_0792_pro_B.wav,in_support,amplitude_modulation,0.010728028602898121
gearboxEmu/train/section_00_source_train_normal_0793_pro_B.wav,in_support,amplitude_modulation,0.8832287788391113
gearboxEmu/train/section_00_source_train_normal_0794_pro_E.wav,in_support,frequency_modulation,0.7703511714935303
gearboxEmu/train/section_00_source_train_normal_0795_pro_B.wav,in_support,amplitude_modulation,0.8057519793510437
gearboxEmu/train/section_00_source_train_normal_0796_pro_D.wav,in_support,amplitude_modulation,0.9253036379814148
gearboxEmu/train/section_00_source_train_normal_0797_pro_A.wav,in_support,amplitude_modulation,0.03772725164890289
gearboxEmu/train/section_00_source_train_normal_0798_pro_C.wav,in_support,periodic_resonance,0.9618002772331238
gearboxEmu/train/section_00_source_train_normal_0799_pro_F.wav,in_support,periodic_resonance,0.6171730756759644
gearboxEmu/train/section_00_source_train_normal_0800_pro_D.wav,in_support,periodic_resonance,0.4949597716331482
gearboxEmu/train/section_00_source_train_normal_0801_pro_B.wav,in_support,periodic_resonance,0.96138995885849
gearboxEmu/train/section_00_source_train_normal_0802_pro_D.wav,in_support,amplitude_modulation,0.04972856864333153
gearboxEmu/train/section_00_source_train_normal_0803_pro_F.wav,in_support,frequency_modulation,0.6321213245391846
gearboxEmu/train/section_00_source_train_normal_0804_pro_E.wav,in_support,periodic_resonance,0.9565489888191223
gearboxEmu/train/section_00_source_train_normal_0805_pro_B.wav,in_support,periodic_resonance,0.9390549659729004
gearboxEmu/train/section_00_source_train_normal_0806_pro_C.wav,in_support,amplitude_modulation,0.7472785115242004
gearboxEmu/train/section_00_source_train_normal_0807_pro_D.wav,in_support,amplitude_modulation,0.04639714956283569
gearboxEmu/train/section_00_source_train_normal_0808_pro_B.wav,in_support,amplitude_modulation,0.7400046586990356
gearboxEmu/train/section_00_source_train_normal_0809_pro_E.wav,in_support,amplitude_modulation,0.016622411087155342
gearboxEmu/train/section_00_source_train_normal_0810_pro_B.wav,in_support,amplitude_modulation,0.04873136430978775
gearboxEmu/train/section_00_source_train_normal_0811_pro_D.wav,in_support,amplitude_modulation,0.9243295788764954
gearboxEmu/train/section_00_source_train_normal_0812_pro_C.wav,in_support,frequency_modulation,0.2725566625595093
gearboxEmu/train/section_00_source_train_normal_0813_pro_B.wav,in_support,amplitude_modulation,0.870813250541687
gearboxEmu/train/section_00_source_train_normal_0814_pro_C.wav,in_support,frequency_modulation,0.46227070689201355
gearboxEmu/train/section_00_source_train_normal_0815_pro_C.wav,in_support,amplitude_modulation,0.7738037109375
gearboxEmu/train/section_00_source_train_normal_0816_pro_C.wav,in_support,periodic_resonance,0.6519583463668823
gearboxEmu/train/section_00_source_train_normal_0817_pro_D.wav,in_support,amplitude_modulation,0.3069300651550293
gearboxEmu/train/section_00_source_train_normal_0818_pro_B.wav,in_support,frequency_modulation,0.06474923342466354
gearboxEmu/train/section_00_source_train_normal_0819_pro_C.wav,in_support,periodic_resonance,0.9668260216712952
gearboxEmu/train/section_00_source_train_normal_0820_pro_C.wav,in_support,periodic_resonance,0.1451154500246048
gearboxEmu/train/section_00_source_train_normal_0821_pro_C.wav,in_support,frequency_modulation,0.4915314018726349
gearboxEmu/train/section_00_source_train_normal_0822_pro_B.wav,in_support,amplitude_modulation,0.6579538583755493
gearboxEmu/train/section_00_source_train_normal_0823_pro_B.wav,in_support,periodic_resonance,0.9947366118431091
gearboxEmu/train/section_00_source_train_normal_0824_pro_E.wav,in_support,periodic_resonance,0.6276125311851501
gearboxEmu/train/section_00_source_train_normal_0825_pro_B.wav,in_support,frequency_modulation,0.5934210419654846
gearboxEmu/train/section_00_source_train_normal_0826_pro_E.wav,in_support,periodic_resonance,0.8996806144714355
gearboxEmu/train/section_00_source_train_normal_0827_pro_B.wav,in_support,periodic_resonance,0.15613128244876862
gearboxEmu/train/section_00_source_train_normal_0828_pro_F.wav,in_support,frequency_modulation,0.44267645478248596
gearboxEmu/train/section_00_source_train_normal_0829_pro_C.wav,in_support,frequency_modulation,0.7758032083511353
gearboxEmu/train/section_00_source_train_normal_0830_pro_A.wav,in_support,frequency_modulation,0.10407669842243195
gearboxEmu/train/section_00_source_train_normal_0831_pro_A.wav,in_support,frequency_modulation,0.707148551940918
gearboxEmu/train/section_00_source_train_normal_0832_pro_A.wav,in_support,amplitude_modulation,0.5886965990066528
gearboxEmu/train/section_00_source_train_normal_0833_pro_A.wav,in_support,amplitude_modulation,0.7263060808181763
gearboxEmu/train/section_00_source_train_normal_0834_pro_E.wav,in_support,periodic_resonance,0.9955129027366638
gearboxEmu/train/section_00_source_train_normal_0835_pro_F.wav,in_support,frequency_modulation,0.3087112009525299
gearboxEmu/train/section_00_source_train_normal_0836_pro_F.wav,in_support,periodic_resonance,0.24984921514987946
gearboxEmu/train/section_00_source_train_normal_0837_pro_B.wav,in_support,amplitude_modulation,0.39234229922294617
gearboxEmu/train/section_00_source_train_normal_0838_pro_F.wav,in_support,amplitude_modulation,0.7309646010398865
gearboxEmu/train/section_00_source_train_normal_0839_pro_A.wav,in_support,frequency_modulation,0.08426747471094131
gearboxEmu/train/section_00_source_train_normal_0840_pro_D.wav,in_support,amplitude_modulation,0.19046154618263245
gearboxEmu/train/section_00_source_train_normal_0841_pro_B.wav,in_support,periodic_resonance,0.9362338185310364
gearboxEmu/train/section_00_source_train_normal_0842_pro_C.wav,in_support,amplitude_modulation,0.6058686375617981
gearboxEmu/train/section_00_source_train_normal_0843_pro_C.wav,in_support,amplitude_modulation,0.8231503963470459
gearboxEmu/train/section_00_source_train_normal_0844_pro_E.wav,in_support,amplitude_modulation,0.6403473019599915
gearboxEmu/train/section_00_source_train_normal_0845_pro_E.wav,in_support,amplitude_modulation,0.028422830626368523
gearboxEmu/train/section_00_source_train_normal_0846_pro_C.wav,in_support,frequency_modulation,0.6672837734222412
gearboxEmu/train/section_00_source_train_normal_0847_pro_D.wav,in_support,periodic_resonance,0.4817439615726471
gearboxEmu/train/section_00_source_train_normal_0848_pro_E.wav,in_support,periodic_resonance,0.7667925357818604
gearboxEmu/train/section_00_source_train_normal_0849_pro_F.wav,in_support,frequency_modulation,0.05647227168083191
gearboxEmu/train/section_00_source_train_normal_0850_pro_E.wav,in_support,periodic_resonance,0.970066487789154
gearboxEmu/train/section_00_source_train_normal_0851_pro_A.wav,in_support,amplitude_modulation,0.5213569402694702
gearboxEmu/train/section_00_source_train_normal_0852_pro_E.wav,in_support,periodic_resonance,0.9406998157501221
gearboxEmu/train/section_00_source_train_normal_0853_pro_E.wav,in_support,amplitude_modulation,0.06312593817710876
gearboxEmu/train/section_00_source_train_normal_0854_pro_B.wav,in_support,frequency_modulation,0.3273470401763916
gearboxEmu/train/section_00_source_train_normal_0855_pro_B.wav,in_support,amplitude_modulation,0.0352577269077301
gearboxEmu/train/section_00_source_train_normal_0856_pro_B.wav,in_support,frequency_modulation,0.5523396730422974
gearboxEmu/train/section_00_source_train_normal_0857_pro_F.wav,in_support,frequency_modulation,0.10179468244314194
gearboxEmu/train/section_00_source_train_normal_0858_pro_C.wav,in_support,amplitude_modulation,0.7141474485397339
gearboxEmu/train/section_00_source_train_normal_0859_pro_D.wav,in_support,frequency_modulation,0.2494594305753708
gearboxEmu/train/section_00_source_train_normal_0860_pro_D.wav,in_support,amplitude_modulation,0.033571068197488785
gearboxEmu/train/section_00_source_train_normal_0861_pro_B.wav,in_support,amplitude_modulation,0.03466081991791725
gearboxEmu/train/section_00_source_train_normal_0862_pro_F.wav,in_support,periodic_resonance,0.9956881999969482
gearboxEmu/train/section_00_source_train_normal_0863_pro_B.wav,in_support,frequency_modulation,0.8815129995346069
gearboxEmu/train/section_00_source_train_normal_0864_pro_C.wav,in_support,frequency_modulation,0.6129169464111328
gearboxEmu/train/section_00_source_train_normal_0865_pro_E.wav,in_support,periodic_resonance,0.9324197173118591
gearboxEmu/train/section_00_source_train_normal_0866_pro_A.wav,in_support,frequency_modulation,0.27616506814956665
gearboxEmu/train/section_00_source_train_normal_0867_pro_F.wav,in_support,frequency_modulation,0.8422729969024658
gearboxEmu/train/section_00_source_train_normal_0868_pro_F.wav,in_support,frequency_modulation,0.9428056478500366
gearboxEmu/train/section_00_source_train_normal_0869_pro_F.wav,in_support,frequency_modulation,0.22085167467594147
gearboxEmu/train/section_00_source_train_normal_0870_pro_E.wav,in_support,frequency_modulation,0.9705743193626404
gearboxEmu/train/section_00_source_train_normal_0871_pro_F.wav,in_support,amplitude_modulation,0.7536129951477051
gearboxEmu/train/section_00_source_train_normal_0872_pro_E.wav,in_support,periodic_resonance,0.5831722021102905
gearboxEmu/train/section_00_source_train_normal_0873_pro_F.wav,in_support,periodic_resonance,0.4107183814048767
gearboxEmu/train/section_00_source_train_normal_0874_pro_B.wav,in_support,frequency_modulation,0.44752711057662964
gearboxEmu/train/section_00_source_train_normal_0875_pro_E.wav,in_support,periodic_resonance,0.96982342004776
gearboxEmu/train/section_00_source_train_normal_0876_pro_A.wav,in_support,amplitude_modulation,0.14575235545635223
gearboxEmu/train/section_00_source_train_normal_0877_pro_C.wav,in_support,frequency_modulation,0.9027082324028015
gearboxEmu/train/section_00_source_train_normal_0878_pro_D.wav,in_support,frequency_modulation,0.38698258996009827
gearboxEmu/train/section_00_source_train_normal_0879_pro_A.wav,in_support,frequency_modulation,0.39482107758522034
gearboxEmu/train/section_00_source_train_normal_0880_pro_C.wav,in_support,amplitude_modulation,0.9065117239952087
gearboxEmu/train/section_00_source_train_normal_0881_pro_B.wav,in_support,amplitude_modulation,0.8212521076202393
gearboxEmu/train/section_00_source_train_normal_0882_pro_B.wav,in_support,periodic_resonance,0.23385781049728394
gearboxEmu/train/section_00_source_train_normal_0883_pro_E.wav,in_support,amplitude_modulation,0.06489533931016922
gearboxEmu/train/section_00_source_train_normal_0884_pro_F.wav,in_support,frequency_modulation,0.9435214996337891
gearboxEmu/train/section_00_source_train_normal_0885_pro_B.wav,in_support,amplitude_modulation,0.1342514604330063
gearboxEmu/train/section_00_source_train_normal_0886_pro_E.wav,in_support,periodic_resonance,0.79271000623703
gearboxEmu/train/section_00_source_train_normal_0887_pro_B.wav,in_support,frequency_modulation,0.7973019480705261
gearboxEmu/train/section_00_source_train_normal_0888_pro_E.wav,in_support,frequency_modulation,0.7745449542999268
gearboxEmu/train/section_00_source_train_normal_0889_pro_D.wav,in_support,amplitude_modulation,0.8889080286026001
gearboxEmu/train/section_00_source_train_normal_0890_pro_C.wav,in_support,periodic_resonance,0.9136524796485901
gearboxEmu/train/section_00_source_train_normal_0891_pro_B.wav,in_support,amplitude_modulation,0.7937812805175781
gearboxEmu/train/section_00_source_train_normal_0892_pro_C.wav,in_support,amplitude_modulation,0.4305981993675232
gearboxEmu/train/section_00_source_train_normal_0893_pro_F.wav,in_support,amplitude_modulation,0.034103233367204666
gearboxEmu/train/section_00_source_train_normal_0894_pro_D.wav,in_support,amplitude_modulation,0.02998332306742668
gearboxEmu/train/section_00_source_train_normal_0895_pro_B.wav,in_support,amplitude_modulation,0.9593918919563293
gearboxEmu/train/section_00_source_train_normal_0896_pro_E.wav,in_support,amplitude_modulation,0.0680873841047287
gearboxEmu/train/section_00_source_train_normal_0897_pro_F.wav,in_support,amplitude_modulation,0.026003887876868248
gearboxEmu/train/section_00_source_train_normal_0898_pro_E.wav,in_support,periodic_resonance,0.9374193549156189
gearboxEmu/train/section_00_source_train_normal_0899_pro_C.wav,in_support,amplitude_modulation,0.9153734445571899
gearboxEmu/train/section_00_source_train_normal_0900_pro_D.wav,in_support,frequency_modulation,0.3421746790409088
gearboxEmu/train/section_00_source_train_normal_0901_pro_F.wav,in_support,frequency_modulation,0.10350513458251953
gearboxEmu/train/section_00_source_train_normal_0902_pro_B.wav,in_support,frequency_modulation,0.3633280098438263
gearboxEmu/train/section_00_source_train_normal_0903_pro_C.wav,in_support,amplitude_modulation,0.9435353875160217
gearboxEmu/train/section_00_source_train_normal_0904_pro_A.wav,in_support,frequency_modulation,0.17593340575695038
gearboxEmu/train/section_00_source_train_normal_0905_pro_B.wav,in_support,amplitude_modulation,0.030114969238638878
gearboxEmu/train/section_00_source_train_normal_0906_pro_E.wav,in_support,frequency_modulation,0.7983697652816772
gearboxEmu/train/section_00_source_train_normal_0907_pro_B.wav,in_support,periodic_resonance,0.3600366711616516
gearboxEmu/train/section_00_source_train_normal_0908_pro_D.wav,in_support,frequency_modulation,0.1843355894088745
gearboxEmu/train/section_00_source_train_normal_0909_pro_B.wav,in_support,amplitude_modulation,0.6917027831077576
gearboxEmu/train/section_00_source_train_normal_0910_pro_E.wav,in_support,frequency_modulation,0.9144593477249146
gearboxEmu/train/section_00_source_train_normal_0911_pro_E.wav,in_support,frequency_modulation,0.9844184517860413
gearboxEmu/train/section_00_source_train_normal_0912_pro_B.wav,in_support,periodic_resonance,0.4336891174316406
gearboxEmu/train/section_00_source_train_normal_0913_pro_C.wav,in_support,frequency_modulation,0.7715708017349243
gearboxEmu/train/section_00_source_train_normal_0914_pro_F.wav,in_support,amplitude_modulation,0.015210524201393127
gearboxEmu/train/section_00_source_train_normal_0915_pro_A.wav,in_support,frequency_modulation,0.6629666090011597
gearboxEmu/train/section_00_source_train_normal_0916_pro_C.wav,in_support,amplitude_modulation,0.8767650723457336
gearboxEmu/train/section_00_source_train_normal_0917_pro_A.wav,in_support,amplitude_modulation,0.03331580385565758
gearboxEmu/train/section_00_source_train_normal_0918_pro_A.wav,in_support,frequency_modulation,0.3328431248664856
gearboxEmu/train/section_00_source_train_normal_0919_pro_B.wav,in_support,amplitude_modulation,0.93470698595047
gearboxEmu/train/section_00_source_train_normal_0920_pro_D.wav,in_support,periodic_resonance,0.791347861289978
gearboxEmu/train/section_00_source_train_normal_0921_pro_F.wav,in_support,periodic_resonance,0.22051183879375458
gearboxEmu/train/section_00_source_train_normal_0922_pro_A.wav,in_support,frequency_modulation,0.11906111985445023
gearboxEmu/train/section_00_source_train_normal_0923_pro_E.wav,in_support,amplitude_modulation,0.3302595317363739
gearboxEmu/train/section_00_source_train_normal_0924_pro_C.wav,in_support,frequency_modulation,0.04734988138079643
gearboxEmu/train/section_00_source_train_normal_0925_pro_D.wav,in_support,amplitude_modulation,0.8729478120803833
gearboxEmu/train/section_00_source_train_normal_0926_pro_D.wav,in_support,periodic_resonance,0.570246160030365
gearboxEmu/train/section_00_source_train_normal_0927_pro_F.wav,in_support,amplitude_modulation,0.9383103847503662
gearboxEmu/train/section_00_source_train_normal_0928_pro_B.wav,in_support,amplitude_modulation,0.6245592832565308
gearboxEmu/train/section_00_source_train_normal_0929_pro_D.wav,in_support,frequency_modulation,0.874009370803833
gearboxEmu/train/section_00_source_train_normal_0930_pro_C.wav,in_support,frequency_modulation,0.12167616188526154
gearboxEmu/train/section_00_source_train_normal_0931_pro_D.wav,in_support,amplitude_modulation,0.04151572287082672
gearboxEmu/train/section_00_source_train_normal_0932_pro_F.wav,in_support,frequency_modulation,0.9803860187530518
gearboxEmu/train/section_00_source_train_normal_0933_pro_B.wav,in_support,periodic_resonance,0.8420391082763672
gearboxEmu/train/section_00_source_train_normal_0934_pro_B.wav,in_support,periodic_resonance,0.09526906162500381
gearboxEmu/train/section_00_source_train_normal_0935_pro_A.wav,in_support,periodic_resonance,0.43312621116638184
gearboxEmu/train/section_00_source_train_normal_0936_pro_A.wav,in_support,frequency_modulation,0.7571732997894287
gearboxEmu/train/section_00_source_train_normal_0937_pro_E.wav,in_support,amplitude_modulation,0.30975690484046936
gearboxEmu/train/section_00_source_train_normal_0938_pro_B.wav,in_support,frequency_modulation,0.7556864619255066
gearboxEmu/train/section_00_source_train_normal_0939_pro_C.wav,in_support,periodic_resonance,0.5443416833877563
gearboxEmu/train/section_00_source_train_normal_0940_pro_B.wav,in_support,periodic_resonance,0.17059558629989624
gearboxEmu/train/section_00_source_train_normal_0941_pro_F.wav,in_support,periodic_resonance,0.9990311861038208
gearboxEmu/train/section_00_source_train_normal_0942_pro_F.wav,in_support,frequency_modulation,0.24985338747501373
gearboxEmu/train/section_00_source_train_normal_0943_pro_D.wav,in_support,frequency_modulation,0.07328680157661438
gearboxEmu/train/section_00_source_train_normal_0944_pro_B.wav,in_support,frequency_modulation,0.39922279119491577
gearboxEmu/train/section_00_source_train_normal_0945_pro_F.wav,in_support,periodic_resonance,0.9125423431396484
gearboxEmu/train/section_00_source_train_normal_0946_pro_C.wav,in_support,periodic_resonance,0.9879311323165894
gearboxEmu/train/section_00_source_train_normal_0947_pro_A.wav,in_support,amplitude_modulation,0.9166374802589417
gearboxEmu/train/section_00_source_train_normal_0948_pro_C.wav,in_support,frequency_modulation,0.8203858733177185
gearboxEmu/train/section_00_source_train_normal_0949_pro_A.wav,in_support,periodic_resonance,0.36228811740875244
gearboxEmu/train/section_00_source_train_normal_0950_pro_B.wav,in_support,frequency_modulation,0.09119918197393417
gearboxEmu/train/section_00_source_train_normal_0951_pro_A.wav,in_support,frequency_modulation,0.8199675679206848
gearboxEmu/train/section_00_source_train_normal_0952_pro_D.wav,in_support,periodic_resonance,0.5141758918762207
gearboxEmu/train/section_00_source_train_normal_0953_pro_B.wav,in_support,amplitude_modulation,0.55213862657547
gearboxEmu/train/section_00_source_train_normal_0954_pro_C.wav,in_support,frequency_modulation,0.8232106566429138
gearboxEmu/train/section_00_source_train_normal_0955_pro_A.wav,in_support,frequency_modulation,0.4974033534526825
gearboxEmu/train/section_00_source_train_normal_0956_pro_D.wav,in_support,periodic_resonance,0.7387731075286865
gearboxEmu/train/section_00_source_train_normal_0957_pro_C.wav,in_support,amplitude_modulation,0.024294132366776466
gearboxEmu/train/section_00_source_train_normal_0958_pro_B.wav,in_support,amplitude_modulation,0.8502745032310486
gearboxEmu/train/section_00_source_train_normal_0959_pro_F.wav,in_support,frequency_modulation,0.1607784479856491
gearboxEmu/train/section_00_source_train_normal_0960_pro_E.wav,in_support,periodic_resonance,0.2029128521680832
gearboxEmu/train/section_00_source_train_normal_0961_pro_C.wav,in_support,amplitude_modulation,0.8300371170043945
gearboxEmu/train/section_00_source_train_normal_0962_pro_F.wav,in_support,amplitude_modulation,0.031238527968525887
gearboxEmu/train/section_00_source_train_normal_0963_pro_E.wav,in_support,periodic_resonance,0.41825711727142334
gearboxEmu/train/section_00_source_train_normal_0964_pro_A.wav,in_support,frequency_modulation,0.29769274592399597
gearboxEmu/train/section_00_source_train_normal_0965_pro_D.wav,in_support,periodic_resonance,0.4639480710029602
gearboxEmu/train/section_00_source_train_normal_0966_pro_F.wav,in_support,frequency_modulation,0.8820068836212158
gearboxEmu/train/section_00_source_train_normal_0967_pro_A.wav,in_support,amplitude_modulation,0.6156558394432068
gearboxEmu/train/section_00_source_train_normal_0968_pro_C.wav,in_support,periodic_resonance,0.9426913857460022
gearboxEmu/train/section_00_source_train_normal_0969_pro_F.wav,in_support,amplitude_modulation,0.28036975860595703
gearboxEmu/train/section_00_source_train_normal_0970_pro_F.wav,in_support,amplitude_modulation,0.020235583186149597
gearboxEmu/train/section_00_source_train_normal_0971_pro_A.wav,in_support,periodic_resonance,0.9815644025802612
gearboxEmu/train/section_00_source_train_normal_0972_pro_A.wav,in_support,amplitude_modulation,0.05997670069336891
gearboxEmu/train/section_00_source_train_normal_0973_pro_C.wav,in_support,periodic_resonance,0.931130588054657
gearboxEmu/train/section_00_source_train_normal_0974_pro_E.wav,in_support,amplitude_modulation,0.09766104817390442
gearboxEmu/train/section_00_source_train_normal_0975_pro_A.wav,in_support,amplitude_modulation,0.7649608850479126
gearboxEmu/train/section_00_source_train_normal_0976_pro_D.wav,in_support,periodic_resonance,0.9649659395217896
gearboxEmu/train/section_00_source_train_normal_0977_pro_F.wav,in_support,periodic_resonance,0.1185627356171608
gearboxEmu/train/section_00_source_train_normal_0978_pro_E.wav,in_support,frequency_modulation,0.5827454924583435
gearboxEmu/train/section_00_source_train_normal_0979_pro_D.wav,in_support,amplitude_modulation,0.7136489748954773
gearboxEmu/train/section_00_source_train_normal_0980_pro_D.wav,in_support,periodic_resonance,0.11162113398313522
gearboxEmu/train/section_00_source_train_normal_0981_pro_D.wav,in_support,periodic_resonance,0.6429937481880188
gearboxEmu/train/section_00_source_train_normal_0982_pro_E.wav,in_support,periodic_resonance,0.9784398078918457
gearboxEmu/train/section_00_source_train_normal_0983_pro_B.wav,in_support,frequency_modulation,0.6566213369369507
gearboxEmu/train/section_00_source_train_normal_0984_pro_E.wav,in_support,amplitude_modulation,0.022861255332827568
gearboxEmu/train/section_00_source_train_normal_0985_pro_B.wav,in_support,frequency_modulation,0.8023912310600281
gearboxEmu/train/section_00_source_train_normal_0986_pro_D.wav,in_support,periodic_resonance,0.6957775354385376
gearboxEmu/train/section_00_source_train_normal_0987_pro_D.wav,in_support,frequency_modulation,0.30364203453063965
gearboxEmu/train/section_00_source_train_normal_0988_pro_A.wav,in_support,frequency_modulation,0.5354585647583008
gearboxEmu/train/section_00_source_train_normal_0989_pro_E.wav,in_support,amplitude_modulation,0.06149929016828537
gearboxEmu/train/section_00_target_train_normal_0000_pro_X.wav,in_support,amplitude_modulation,0.9518508315086365
gearboxEmu/train/section_00_target_train_normal_0001_pro_Z.wav,in_support,periodic_resonance,0.23202773928642273
gearboxEmu/train/section_00_target_train_normal_0002_pro_Y.wav,in_support,frequency_modulation,0.08029066771268845
gearboxEmu/train/section_00_target_train_normal_0003_pro_Y.wav,in_support,frequency_modulation,0.17711897194385529
gearboxEmu/train/section_00_target_train_normal_0004_pro_Y.wav,in_support,amplitude_modulation,0.8612145781517029
gearboxEmu/train/section_00_target_train_normal_0005_pro_Z.wav,in_support,periodic_resonance,0.233210489153862
gearboxEmu/train/section_00_target_train_normal_0006_pro_X.wav,in_support,amplitude_modulation,0.41723382472991943
gearboxEmu/train/section_00_target_train_normal_0007_pro_X.wav,in_support,amplitude_modulation,0.7852047681808472
gearboxEmu/train/section_00_target_train_normal_0008_pro_Z.wav,in_support,frequency_modulation,0.5437992215156555
gearboxEmu/train/section_00_target_train_normal_0009_pro_Z.wav,in_support,frequency_modulation,0.23635528981685638
sliderEmu/train/section_00_source_train_normal_0000_noAttribute.wav,in_support,periodic_resonance,0.9875195026397705
sliderEmu/train/section_00_source_train_normal_0001_noAttribute.wav,in_support,amplitude_modulation,0.1987908035516739
sliderEmu/train/section_00_source_train_normal_0002_noAttribute.wav,in_support,frequency_modulation,0.2703084945678711
sliderEmu/train/section_00_source_train_normal_0003_noAttribute.wav,in_support,amplitude_modulation,0.8314238786697388
sliderEmu/train/section_00_source_train_normal_0004_noAttribute.wav,in_support,frequency_modulation,0.8502066135406494
sliderEmu/train/section_00_source_train_normal_0005_noAttribute.wav,in_support,periodic_resonance,0.6147160530090332
sliderEmu/train/section_00_source_train_normal_0006_noAttribute.wav,in_support,periodic_resonance,0.9911394715309143
sliderEmu/train/section_00_source_train_normal_0007_noAttribute.wav,in_support,amplitude_modulation,0.0583060085773468
sliderEmu/train/section_00_source_train_normal_0008_noAttribute.wav,in_support,periodic_resonance,0.6938844323158264
sliderEmu/train/section_00_source_train_normal_0009_noAttribute.wav,in_support,frequency_modulation,0.6425904035568237
sliderEmu/train/section_00_source_train_normal_0010_noAttribute.wav,in_support,periodic_resonance,0.3460301458835602
sliderEmu/train/section_00_source_train_normal_0011_noAttribute.wav,in_support,periodic_resonance,0.9583191275596619
sliderEmu/train/section_00_source_train_normal_0012_noAttribute.wav,in_support,amplitude_modulation,0.5214605331420898
sliderEmu/train/section_00_source_train_normal_0013_noAttribute.wav,in_support,frequency_modulation,0.6464414000511169
sliderEmu/train/section_00_source_train_normal_0014_noAttribute.wav,in_support,frequency_modulation,0.7955915927886963
sliderEmu/train/section_00_source_train_normal_0015_noAttribute.wav,in_support,amplitude_modulation,0.5529614686965942
sliderEmu/train/section_00_source_train_normal_0016_noAttribute.wav,in_support,amplitude_modulation,0.9406412839889526
sliderEmu/train/section_00_source_train_normal_0017_noAttribute.wav,in_support,amplitude_modulation,0.15382975339889526
sliderEmu/train/section_00_source_train_normal_0018_noAttribute.wav,in_support,amplitude_modulation,0.8876240849494934
sliderEmu/train/section_00_source_train_normal_0019_noAttribute.wav,in_support,amplitude_modulation,0.6440755128860474
sliderEmu/train/section_00_source_train_normal_0020_noAttribute.wav,in_support,frequency_modulation,0.7393791079521179
sliderEmu/train/section_00_source_train_normal_0021_noAttribute.wav,in_support,periodic_resonance,0.9591633081436157
sliderEmu/train/section_00_source_train_normal_0022_noAttribute.wav,in_support,amplitude_modulation,0.5825818777084351
sliderEmu/train/section_00_source_train_normal_0023_noAttribute.wav,in_support,amplitude_modulation,0.14575223624706268
sliderEmu/train/section_00_source_train_normal_0024_noAttribute.wav,in_support,amplitude_modulation,0.8550869822502136
sliderEmu/train/section_00_source_train_normal_0025_noAttribute.wav,in_support,amplitude_modulation,0.04710978642106056
sliderEmu/train/section_00_source_train_normal_0026_noAttribute.wav,in_support,amplitude_modulation,0.4509585201740265
sliderEmu/train/section_00_source_train_normal_0027_noAttribute.wav,in_support,periodic_resonance,0.7614141702651978
sliderEmu/train/section_00_source_train_normal_0028_noAttribute.wav,in_support,amplitude_modulation,0.9229475259780884
sliderEmu/train/section_00_source_train_normal_0029_noAttribute.wav,in_support,frequency_modulation,0.34426626563072205
sliderEmu/train/section_00_source_train_normal_0030_noAttribute.wav,in_support,frequency_modulation,0.5279055833816528
sliderEmu/train/section_00_source_train_normal_0031_noAttribute.wav,in_support,frequency_modulation,0.3850136697292328
sliderEmu/train/section_00_source_train_normal_0032_noAttribute.wav,in_support,frequency_modulation,0.9054678678512573
sliderEmu/train/section_00_source_train_normal_0033_noAttribute.wav,in_support,amplitude_modulation,0.15420013666152954
sliderEmu/train/section_00_source_train_normal_0034_noAttribute.wav,in_support,frequency_modulation,0.510942280292511
sliderEmu/train/section_00_source_train_normal_0035_noAttribute.wav,in_support,amplitude_modulation,0.7740993499755859
sliderEmu/train/section_00_source_train_normal_0036_noAttribute.wav,in_support,frequency_modulation,0.6026737093925476
sliderEmu/train/section_00_source_train_normal_0037_noAttribute.wav,in_support,amplitude_modulation,0.9327988624572754
sliderEmu/train/section_00_source_train_normal_0038_noAttribute.wav,in_support,amplitude_modulation,0.8293953537940979
sliderEmu/train/section_00_source_train_normal_0039_noAttribute.wav,in_support,periodic_resonance,0.5113504528999329
sliderEmu/train/section_00_source_train_normal_0040_noAttribute.wav,in_support,frequency_modulation,0.4776708483695984
sliderEmu/train/section_00_source_train_normal_0041_noAttribute.wav,in_support,frequency_modulation,0.36021560430526733
sliderEmu/train/section_00_source_train_normal_0042_noAttribute.wav,in_support,frequency_modulation,0.9699891805648804
sliderEmu/train/section_00_source_train_normal_0043_noAttribute.wav,in_support,frequency_modulation,0.5478891730308533
sliderEmu/train/section_00_source_train_normal_0044_noAttribute.wav,in_support,frequency_modulation,0.36768466234207153
sliderEmu/train/section_00_source_train_normal_0045_noAttribute.wav,in_support,periodic_resonance,0.7222092747688293
sliderEmu/train/section_00_source_train_normal_0046_noAttribute.wav,in_support,frequency_modulation,0.4968169331550598
sliderEmu/train/section_00_source_train_normal_0047_noAttribute.wav,in_support,periodic_resonance,0.3241339325904846
sliderEmu/train/section_00_source_train_normal_0048_noAttribute.wav,in_support,periodic_resonance,0.8551279306411743
sliderEmu/train/section_00_source_train_normal_0049_noAttribute.wav,in_support,periodic_resonance,0.6935352087020874
sliderEmu/train/section_00_source_train_normal_0050_noAttribute.wav,in_support,periodic_resonance,0.8667666912078857
sliderEmu/train/section_00_source_train_normal_0051_noAttribute.wav,in_support,amplitude_modulation,0.8101228475570679
sliderEmu/train/section_00_source_train_normal_0052_noAttribute.wav,in_support,periodic_resonance,0.8624888062477112
sliderEmu/train/section_00_source_train_normal_0053_noAttribute.wav,in_support,amplitude_modulation,0.7679787874221802
sliderEmu/train/section_00_source_train_normal_0054_noAttribute.wav,in_support,frequency_modulation,0.9315298795700073
sliderEmu/train/section_00_source_train_normal_0055_noAttribute.wav,in_support,periodic_resonance,0.9574750661849976
sliderEmu/train/section_00_source_train_normal_0056_noAttribute.wav,in_support,amplitude_modulation,0.7814087271690369
sliderEmu/train/section_00_source_train_normal_0057_noAttribute.wav,in_support,amplitude_modulation,0.4281339943408966
sliderEmu/train/section_00_source_train_normal_0058_noAttribute.wav,in_support,periodic_resonance,0.9627029895782471
sliderEmu/train/section_00_source_train_normal_0059_noAttribute.wav,in_support,periodic_resonance,0.9335898756980896
sliderEmu/train/section_00_source_train_normal_0060_noAttribute.wav,in_support,amplitude_modulation,0.15918682515621185
sliderEmu/train/section_00_source_train_normal_0061_noAttribute.wav,in_support,periodic_resonance,0.682257890701294
sliderEmu/train/section_00_source_train_normal_0062_noAttribute.wav,in_support,frequency_modulation,0.6375431418418884
sliderEmu/train/section_00_source_train_normal_0063_noAttribute.wav,in_support,periodic_resonance,0.725283682346344
sliderEmu/train/section_00_source_train_normal_0064_noAttribute.wav,in_support,frequency_modulation,0.15138643980026245
sliderEmu/train/section_00_source_train_normal_0065_noAttribute.wav,in_support,frequency_modulation,0.8268137574195862
sliderEmu/train/section_00_source_train_normal_0066_noAttribute.wav,in_support,frequency_modulation,0.21577228605747223
sliderEmu/train/section_00_source_train_normal_0067_noAttribute.wav,in_support,frequency_modulation,0.754268229007721
sliderEmu/train/section_00_source_train_normal_0068_noAttribute.wav,in_support,amplitude_modulation,0.645811915397644
sliderEmu/train/section_00_source_train_normal_0069_noAttribute.wav,in_support,periodic_resonance,0.8621230125427246
sliderEmu/train/section_00_source_train_normal_0070_noAttribute.wav,in_support,frequency_modulation,0.4891710579395294
sliderEmu/train/section_00_source_train_normal_0071_noAttribute.wav,in_support,periodic_resonance,0.9241089820861816
sliderEmu/train/section_00_source_train_normal_0072_noAttribute.wav,in_support,frequency_modulation,0.21538206934928894
sliderEmu/train/section_00_source_train_normal_0073_noAttribute.wav,in_support,frequency_modulation,0.5689334273338318
sliderEmu/train/section_00_source_train_normal_0074_noAttribute.wav,in_support,frequency_modulation,0.9022928476333618
sliderEmu/train/section_00_source_train_normal_0075_noAttribute.wav,in_support,frequency_modulation,0.6583486795425415
sliderEmu/train/section_00_source_train_normal_0076_noAttribute.wav,in_support,periodic_resonance,0.9891914129257202
sliderEmu/train/section_00_source_train_normal_0077_noAttribute.wav,in_support,periodic_resonance,0.8706936836242676
sliderEmu/train/section_00_source_train_normal_0078_noAttribute.wav,in_support,periodic_resonance,0.72258460521698
sliderEmu/train/section_00_source_train_normal_0079_noAttribute.wav,in_support,frequency_modulation,0.41473743319511414
sliderEmu/train/section_00_source_train_normal_0080_noAttribute.wav,in_support,frequency_modulation,0.7091829776763916
sliderEmu/train/section_00_source_train_normal_0081_noAttribute.wav,in_support,frequency_modulation,0.5965756773948669
sliderEmu/train/section_00_source_train_normal_0082_noAttribute.wav,in_support,periodic_resonance,0.7589630484580994
sliderEmu/train/section_00_source_train_normal_0083_noAttribute.wav,in_support,frequency_modulation,0.18386025726795197
sliderEmu/train/section_00_source_train_normal_0084_noAttribute.wav,in_support,periodic_resonance,0.6796672344207764
sliderEmu/train/section_00_source_train_normal_0085_noAttribute.wav,in_support,periodic_resonance,0.8814669847488403
sliderEmu/train/section_00_source_train_normal_0086_noAttribute.wav,in_support,frequency_modulation,0.854426920413971
sliderEmu/train/section_00_source_train_normal_0087_noAttribute.wav,in_support,amplitude_modulation,0.3137728273868561
sliderEmu/train/section_00_source_train_normal_0088_noAttribute.wav,in_support,frequency_modulation,0.6167265772819519
sliderEmu/train/section_00_source_train_normal_0089_noAttribute.wav,in_support,frequency_modulation,0.47745800018310547
sliderEmu/train/section_00_source_train_normal_0090_noAttribute.wav,in_support,periodic_resonance,0.36200404167175293
sliderEmu/train/section_00_source_train_normal_0091_noAttribute.wav,in_support,periodic_resonance,0.19968371093273163
sliderEmu/train/section_00_source_train_normal_0092_noAttribute.wav,in_support,periodic_resonance,0.6231786608695984
sliderEmu/train/section_00_source_train_normal_0093_noAttribute.wav,in_support,periodic_resonance,0.994297981262207
sliderEmu/train/section_00_source_train_normal_0094_noAttribute.wav,in_support,periodic_resonance,0.739331841468811
sliderEmu/train/section_00_source_train_normal_0095_noAttribute.wav,in_support,frequency_modulation,0.4904867708683014
sliderEmu/train/section_00_source_train_normal_0096_noAttribute.wav,in_support,frequency_modulation,0.37217870354652405
sliderEmu/train/section_00_source_train_normal_0097_noAttribute.wav,in_support,frequency_modulation,0.551936149597168
sliderEmu/train/section_00_source_train_normal_0098_noAttribute.wav,in_support,periodic_resonance,0.4475632607936859
sliderEmu/train/section_00_source_train_normal_0099_noAttribute.wav,in_support,periodic_resonance,0.5364165306091309
sliderEmu/train/section_00_source_train_normal_0100_noAttribute.wav,in_support,frequency_modulation,0.72607421875
sliderEmu/train/section_00_source_train_normal_0101_noAttribute.wav,in_support,frequency_modulation,0.10258421301841736
sliderEmu/train/section_00_source_train_normal_0102_noAttribute.wav,in_support,amplitude_modulation,0.4983617663383484
sliderEmu/train/section_00_source_train_normal_0103_noAttribute.wav,in_support,periodic_resonance,0.38425779342651367
sliderEmu/train/section_00_source_train_normal_0104_noAttribute.wav,in_support,amplitude_modulation,0.923913300037384
sliderEmu/train/section_00_source_train_normal_0105_noAttribute.wav,in_support,periodic_resonance,0.8961203098297119
sliderEmu/train/section_00_source_train_normal_0106_noAttribute.wav,in_support,frequency_modulation,0.22019554674625397
sliderEmu/train/section_00_source_train_normal_0107_noAttribute.wav,in_support,amplitude_modulation,0.8846642374992371
sliderEmu/train/section_00_source_train_normal_0108_noAttribute.wav,in_support,amplitude_modulation,0.05092664062976837
sliderEmu/train/section_00_source_train_normal_0109_noAttribute.wav,in_support,frequency_modulation,0.659443199634552
sliderEmu/train/section_00_source_train_normal_0110_noAttribute.wav,in_support,frequency_modulation,0.49905064702033997
sliderEmu/train/section_00_source_train_normal_0111_noAttribute.wav,in_support,amplitude_modulation,0.7271602153778076
sliderEmu/train/section_00_source_train_normal_0112_noAttribute.wav,in_support,frequency_modulation,0.606802761554718
sliderEmu/train/section_00_source_train_normal_0113_noAttribute.wav,in_support,frequency_modulation,0.48342326283454895
sliderEmu/train/section_00_source_train_normal_0114_noAttribute.wav,in_support,periodic_resonance,0.9934033751487732
sliderEmu/train/section_00_source_train_normal_0115_noAttribute.wav,in_support,frequency_modulation,0.1262555867433548
sliderEmu/train/section_00_source_train_normal_0116_noAttribute.wav,in_support,amplitude_modulation,0.3045099079608917
sliderEmu/train/section_00_source_train_normal_0117_noAttribute.wav,in_support,amplitude_modulation,0.23457154631614685
sliderEmu/train/section_00_source_train_normal_0118_noAttribute.wav,in_support,frequency_modulation,0.5037357211112976
sliderEmu/train/section_00_source_train_normal_0119_noAttribute.wav,in_support,periodic_resonance,0.998481810092926
sliderEmu/train/section_00_source_train_normal_0120_noAttribute.wav,in_support,amplitude_modulation,0.8320927023887634
sliderEmu/train/section_00_source_train_normal_0121_noAttribute.wav,in_support,periodic_resonance,0.6947243809700012
sliderEmu/train/section_00_source_train_normal_0122_noAttribute.wav,in_support,amplitude_modulation,0.8471432328224182
sliderEmu/train/section_00_source_train_normal_0123_noAttribute.wav,in_support,amplitude_modulation,0.944118857383728
sliderEmu/train/section_00_source_train_normal_0124_noAttribute.wav,in_support,periodic_resonance,0.22678539156913757
sliderEmu/train/section_00_source_train_normal_0125_noAttribute.wav,in_support,amplitude_modulation,0.389178991317749
sliderEmu/train/section_00_source_train_normal_0126_noAttribute.wav,in_support,amplitude_modulation,0.046435292810201645
sliderEmu/train/section_00_source_train_normal_0127_noAttribute.wav,in_support,amplitude_modulation,0.06285540759563446
sliderEmu/train/section_00_source_train_normal_0128_noAttribute.wav,in_support,amplitude_modulation,0.8460791707038879
sliderEmu/train/section_00_source_train_normal_0129_noAttribute.wav,in_support,frequency_modulation,0.5064229965209961
sliderEmu/train/section_00_source_train_normal_0130_noAttribute.wav,in_support,periodic_resonance,0.43002137541770935
sliderEmu/train/section_00_source_train_normal_0131_noAttribute.wav,in_support,amplitude_modulation,0.2207482010126114
sliderEmu/train/section_00_source_train_normal_0132_noAttribute.wav,in_support,periodic_resonance,0.35070204734802246
sliderEmu/train/section_00_source_train_normal_0133_noAttribute.wav,in_support,frequency_modulation,0.7959499359130859
sliderEmu/train/section_00_source_train_normal_0134_noAttribute.wav,in_support,periodic_resonance,0.9523850679397583
sliderEmu/train/section_00_source_train_normal_0135_noAttribute.wav,in_support,frequency_modulation,0.42592504620552063
sliderEmu/train/section_00_source_train_normal_0136_noAttribute.wav,in_support,frequency_modulation,0.8790777325630188
sliderEmu/train/section_00_source_train_normal_0137_noAttribute.wav,in_support,frequency_modulation,0.6143761277198792
sliderEmu/train/section_00_source_train_normal_0138_noAttribute.wav,in_support,frequency_modulation,0.49721989035606384
sliderEmu/train/section_00_source_train_normal_0139_noAttribute.wav,in_support,frequency_modulation,0.44558390974998474
sliderEmu/train/section_00_source_train_normal_0140_noAttribute.wav,in_support,amplitude_modulation,0.5821616053581238
sliderEmu/train/section_00_source_train_normal_0141_noAttribute.wav,in_support,periodic_resonance,0.3373652696609497
sliderEmu/train/section_00_source_train_normal_0142_noAttribute.wav,in_support,periodic_resonance,0.8460518717765808
sliderEmu/train/section_00_source_train_normal_0143_noAttribute.wav,in_support,amplitude_modulation,0.554655909538269
sliderEmu/train/section_00_source_train_normal_0144_noAttribute.wav,in_support,frequency_modulation,0.9376339316368103
sliderEmu/train/section_00_source_train_normal_0145_noAttribute.wav,in_support,frequency_modulation,0.5063189268112183
sliderEmu/train/section_00_source_train_normal_0146_noAttribute.wav,in_support,amplitude_modulation,0.0761471539735794
sliderEmu/train/section_00_source_train_normal_0147_noAttribute.wav,in_support,periodic_resonance,0.6508281230926514
sliderEmu/train/section_00_source_train_normal_0148_noAttribute.wav,in_support,periodic_resonance,0.867341160774231
sliderEmu/train/section_00_source_train_normal_0149_noAttribute.wav,in_support,periodic_resonance,0.8715341687202454
sliderEmu/train/section_00_source_train_normal_0150_noAttribute.wav,in_support,frequency_modulation,0.9173470735549927
sliderEmu/train/section_00_source_train_normal_0151_noAttribute.wav,in_support,periodic_resonance,0.9598018527030945
sliderEmu/train/section_00_source_train_normal_0152_noAttribute.wav,in_support,periodic_resonance,0.9481260776519775
sliderEmu/train/section_00_source_train_normal_0153_noAttribute.wav,in_support,frequency_modulation,0.8371159434318542
sliderEmu/train/section_00_source_train_normal_0154_noAttribute.wav,in_support,frequency_modulation,0.1971510499715805
sliderEmu/train/section_00_source_train_normal_0155_noAttribute.wav,in_support,amplitude_modulation,0.5654149055480957
sliderEmu/train/section_00_source_train_normal_0156_noAttribute.wav,in_support,amplitude_modulation,0.7960591316223145
sliderEmu/train/section_00_source_train_normal_0157_noAttribute.wav,in_support,amplitude_modulation,0.127655029296875
sliderEmu/train/section_00_source_train_normal_0158_noAttribute.wav,in_support,periodic_resonance,0.2929925322532654
sliderEmu/train/section_00_source_train_normal_0159_noAttribute.wav,in_support,amplitude_modulation,0.8978369235992432
sliderEmu/train/section_00_source_train_normal_0160_noAttribute.wav,in_support,frequency_modulation,0.5334553122520447
sliderEmu/train/section_00_source_train_normal_0161_noAttribute.wav,in_support,frequency_modulation,0.1881391853094101
sliderEmu/train/section_00_source_train_normal_0162_noAttribute.wav,in_support,periodic_resonance,0.9319325685501099
sliderEmu/train/section_00_source_train_normal_0163_noAttribute.wav,in_support,frequency_modulation,0.3306417167186737
sliderEmu/train/section_00_source_train_normal_0164_noAttribute.wav,in_support,frequency_modulation,0.8475551009178162
sliderEmu/train/section_00_source_train_normal_0165_noAttribute.wav,in_support,periodic_resonance,0.7347157597541809
sliderEmu/train/section_00_source_train_normal_0166_noAttribute.wav,in_support,periodic_resonance,0.23657159507274628
sliderEmu/train/section_00_source_train_normal_0167_noAttribute.wav,in_support,amplitude_modulation,0.9297812581062317
sliderEmu/train/section_00_source_train_normal_0168_noAttribute.wav,in_support,periodic_resonance,0.44007954001426697
sliderEmu/train/section_00_source_train_normal_0169_noAttribute.wav,in_support,amplitude_modulation,0.064728282392025
sliderEmu/train/section_00_source_train_normal_0170_noAttribute.wav,in_support,periodic_resonance,0.6333377957344055
sliderEmu/train/section_00_source_train_normal_0171_noAttribute.wav,in_support,amplitude_modulation,0.7635645270347595
sliderEmu/train/section_00_source_train_normal_0172_noAttribute.wav,in_support,amplitude_modulation,0.023197345435619354
sliderEmu/train/section_00_source_train_normal_0173_noAttribute.wav,in_support,periodic_resonance,0.8083434700965881
sliderEmu/train/section_00_source_train_normal_0174_noAttribute.wav,in_support,amplitude_modulation,0.6076635718345642
sliderEmu/train/section_00_source_train_normal_0175_noAttribute.wav,in_support,frequency_modulation,0.6207108497619629
sliderEmu/train/section_00_source_train_normal_0176_noAttribute.wav,in_support,periodic_resonance,0.43349671363830566
sliderEmu/train/section_00_source_train_normal_0177_noAttribute.wav,in_support,periodic_resonance,0.7254536151885986
sliderEmu/train/section_00_source_train_normal_0178_noAttribute.wav,in_support,periodic_resonance,0.9027664065361023
sliderEmu/train/section_00_source_train_normal_0179_noAttribute.wav,in_support,frequency_modulation,0.7389723062515259
sliderEmu/train/section_00_source_train_normal_0180_noAttribute.wav,in_support,periodic_resonance,0.14956918358802795
sliderEmu/train/section_00_source_train_normal_0181_noAttribute.wav,in_support,amplitude_modulation,0.8501183390617371
sliderEmu/train/section_00_source_train_normal_0182_noAttribute.wav,in_support,frequency_modulation,0.35113731026649475
sliderEmu/train/section_00_source_train_normal_0183_noAttribute.wav,in_support,periodic_resonance,0.9865373969078064
sliderEmu/train/section_00_source_train_normal_0184_noAttribute.wav,in_support,periodic_resonance,0.650780975818634
sliderEmu/train/section_00_source_train_normal_0185_noAttribute.wav,in_support,frequency_modulation,0.7323713898658752
sliderEmu/train/section_00_source_train_normal_0186_noAttribute.wav,in_support,periodic_resonance,0.8347694277763367
sliderEmu/train/section_00_source_train_normal_0187_noAttribute.wav,in_support,frequency_modulation,0.12200324982404709
sliderEmu/train/section_00_source_train_normal_0188_noAttribute.wav,in_support,amplitude_modulation,0.5659353733062744
sliderEmu/train/section_00_source_train_normal_0189_noAttribute.wav,in_support,amplitude_modulation,0.7353588342666626
sliderEmu/train/section_00_source_train_normal_0190_noAttribute.wav,in_support,amplitude_modulation,0.4386051595211029
sliderEmu/train/section_00_source_train_normal_0191_noAttribute.wav,in_support,amplitude_modulation,0.7013266682624817
sliderEmu/train/section_00_source_train_normal_0192_noAttribute.wav,in_support,frequency_modulation,0.7566536068916321
sliderEmu/train/section_00_source_train_normal_0193_noAttribute.wav,in_support,frequency_modulation,0.7267354130744934
sliderEmu/train/section_00_source_train_normal_0194_noAttribute.wav,in_support,frequency_modulation,0.7450944781303406
sliderEmu/train/section_00_source_train_normal_0195_noAttribute.wav,in_support,frequency_modulation,0.7672247886657715
sliderEmu/train/section_00_source_train_normal_0196_noAttribute.wav,in_support,amplitude_modulation,0.7032116651535034
sliderEmu/train/section_00_source_train_normal_0197_noAttribute.wav,in_support,amplitude_modulation,0.6906155943870544
sliderEmu/train/section_00_source_train_normal_0198_noAttribute.wav,in_support,amplitude_modulation,0.6542073488235474
sliderEmu/train/section_00_source_train_normal_0199_noAttribute.wav,in_support,amplitude_modulation,0.8815985918045044
sliderEmu/train/section_00_source_train_normal_0200_noAttribute.wav,in_support,amplitude_modulation,0.08137431740760803
sliderEmu/train/section_00_source_train_normal_0201_noAttribute.wav,in_support,frequency_modulation,0.7938336730003357
sliderEmu/train/section_00_source_train_normal_0202_noAttribute.wav,in_support,frequency_modulation,0.37076321244239807
sliderEmu/train/section_00_source_train_normal_0203_noAttribute.wav,in_support,amplitude_modulation,0.7057614922523499
sliderEmu/train/section_00_source_train_normal_0204_noAttribute.wav,in_support,amplitude_modulation,0.32919466495513916
sliderEmu/train/section_00_source_train_normal_0205_noAttribute.wav,in_support,frequency_modulation,0.10753035545349121
sliderEmu/train/section_00_source_train_normal_0206_noAttribute.wav,in_support,amplitude_modulation,0.8946075439453125
sliderEmu/train/section_00_source_train_normal_0207_noAttribute.wav,in_support,frequency_modulation,0.5402803421020508
sliderEmu/train/section_00_source_train_normal_0208_noAttribute.wav,in_support,frequency_modulation,0.8004886507987976
sliderEmu/train/section_00_source_train_normal_0209_noAttribute.wav,in_support,amplitude_modulation,0.5909096598625183
sliderEmu/train/section_00_source_train_normal_0210_noAttribute.wav,in_support,amplitude_modulation,0.8369185328483582
sliderEmu/train/section_00_source_train_normal_0211_noAttribute.wav,in_support,amplitude_modulation,0.7577795386314392
sliderEmu/train/section_00_source_train_normal_0212_noAttribute.wav,in_support,amplitude_modulation,0.24107375741004944
sliderEmu/train/section_00_source_train_normal_0213_noAttribute.wav,in_support,periodic_resonance,0.6650804281234741
sliderEmu/train/section_00_source_train_normal_0214_noAttribute.wav,in_support,frequency_modulation,0.6760799288749695
sliderEmu/train/section_00_source_train_normal_0215_noAttribute.wav,in_support,periodic_resonance,0.6694022417068481
sliderEmu/train/section_00_source_train_normal_0216_noAttribute.wav,in_support,periodic_resonance,0.5305794477462769
sliderEmu/train/section_00_source_train_normal_0217_noAttribute.wav,in_support,amplitude_modulation,0.04074392840266228
sliderEmu/train/section_00_source_train_normal_0218_noAttribute.wav,in_support,amplitude_modulation,0.2896355986595154
sliderEmu/train/section_00_source_train_normal_0219_noAttribute.wav,in_support,amplitude_modulation,0.06362229585647583
sliderEmu/train/section_00_source_train_normal_0220_noAttribute.wav,in_support,amplitude_modulation,0.3713097870349884
sliderEmu/train/section_00_source_train_normal_0221_noAttribute.wav,in_support,frequency_modulation,0.44076570868492126
sliderEmu/train/section_00_source_train_normal_0222_noAttribute.wav,in_support,periodic_resonance,0.8342437744140625
sliderEmu/train/section_00_source_train_normal_0223_noAttribute.wav,in_support,periodic_resonance,0.6809318661689758
sliderEmu/train/section_00_source_train_normal_0224_noAttribute.wav,in_support,periodic_resonance,0.6270079612731934
sliderEmu/train/section_00_source_train_normal_0225_noAttribute.wav,in_support,frequency_modulation,0.397442102432251
sliderEmu/train/section_00_source_train_normal_0226_noAttribute.wav,in_support,amplitude_modulation,0.1386651247739792
sliderEmu/train/section_00_source_train_normal_0227_noAttribute.wav,in_support,amplitude_modulation,0.06613275408744812
sliderEmu/train/section_00_source_train_normal_0228_noAttribute.wav,in_support,frequency_modulation,0.37263303995132446
sliderEmu/train/section_00_source_train_normal_0229_noAttribute.wav,in_support,amplitude_modulation,0.06638780981302261
sliderEmu/train/section_00_source_train_normal_0230_noAttribute.wav,in_support,periodic_resonance,0.8700466156005859
sliderEmu/train/section_00_source_train_normal_0231_noAttribute.wav,in_support,amplitude_modulation,0.5329002141952515
sliderEmu/train/section_00_source_train_normal_0232_noAttribute.wav,in_support,amplitude_modulation,0.20028850436210632
sliderEmu/train/section_00_source_train_normal_0233_noAttribute.wav,in_support,amplitude_modulation,0.15106217563152313
sliderEmu/train/section_00_source_train_normal_0234_noAttribute.wav,in_support,amplitude_modulation,0.8029446005821228
sliderEmu/train/section_00_source_train_normal_0235_noAttribute.wav,in_support,amplitude_modulation,0.3140202760696411
sliderEmu/train/section_00_source_train_normal_0236_noAttribute.wav,in_support,periodic_resonance,0.5520178079605103
sliderEmu/train/section_00_source_train_normal_0237_noAttribute.wav,in_support,periodic_resonance,0.9893562197685242
sliderEmu/train/section_00_source_train_normal_0238_noAttribute.wav,in_support,frequency_modulation,0.8421646952629089
sliderEmu/train/section_00_source_train_normal_0239_noAttribute.wav,in_support,amplitude_modulation,0.06252565234899521
sliderEmu/train/section_00_source_train_normal_0240_noAttribute.wav,in_support,amplitude_modulation,0.048823922872543335
sliderEmu/train/section_00_source_train_normal_0241_noAttribute.wav,in_support,periodic_resonance,0.3495515286922455
sliderEmu/train/section_00_source_train_normal_0242_noAttribute.wav,in_support,amplitude_modulation,0.19379012286663055
sliderEmu/train/section_00_source_train_normal_0243_noAttribute.wav,in_support,frequency_modulation,0.1524970680475235
sliderEmu/train/section_00_source_train_normal_0244_noAttribute.wav,in_support,periodic_resonance,0.5475109815597534
sliderEmu/train/section_00_source_train_normal_0245_noAttribute.wav,in_support,frequency_modulation,0.864585280418396
sliderEmu/train/section_00_source_train_normal_0246_noAttribute.wav,in_support,periodic_resonance,0.9839954376220703
sliderEmu/train/section_00_source_train_normal_0247_noAttribute.wav,in_support,amplitude_modulation,0.03322708234190941
sliderEmu/train/section_00_source_train_normal_0248_noAttribute.wav,in_support,frequency_modulation,0.9826367497444153
sliderEmu/train/section_00_source_train_normal_0249_noAttribute.wav,in_support,amplitude_modulation,0.3045702874660492
sliderEmu/train/section_00_source_train_normal_0250_noAttribute.wav,in_support,frequency_modulation,0.27487918734550476
sliderEmu/train/section_00_source_train_normal_0251_noAttribute.wav,in_support,frequency_modulation,0.9458385705947876
sliderEmu/train/section_00_source_train_normal_0252_noAttribute.wav,in_support,periodic_resonance,0.7018529176712036
sliderEmu/train/section_00_source_train_normal_0253_noAttribute.wav,in_support,periodic_resonance,0.8588445782661438
sliderEmu/train/section_00_source_train_normal_0254_noAttribute.wav,in_support,frequency_modulation,0.44420623779296875
sliderEmu/train/section_00_source_train_normal_0255_noAttribute.wav,in_support,periodic_resonance,0.9427947402000427
sliderEmu/train/section_00_source_train_normal_0256_noAttribute.wav,in_support,periodic_resonance,0.9814891219139099
sliderEmu/train/section_00_source_train_normal_0257_noAttribute.wav,in_support,frequency_modulation,0.8630462288856506
sliderEmu/train/section_00_source_train_normal_0258_noAttribute.wav,in_support,frequency_modulation,0.09493306279182434
sliderEmu/train/section_00_source_train_normal_0259_noAttribute.wav,in_support,frequency_modulation,0.5401240587234497
sliderEmu/train/section_00_source_train_normal_0260_noAttribute.wav,in_support,amplitude_modulation,0.28692737221717834
sliderEmu/train/section_00_source_train_normal_0261_noAttribute.wav,in_support,amplitude_modulation,0.5613856911659241
sliderEmu/train/section_00_source_train_normal_0262_noAttribute.wav,in_support,periodic_resonance,0.7690746188163757
sliderEmu/train/section_00_source_train_normal_0263_noAttribute.wav,in_support,periodic_resonance,0.7378089427947998
sliderEmu/train/section_00_source_train_normal_0264_noAttribute.wav,in_support,periodic_resonance,0.9266084432601929
sliderEmu/train/section_00_source_train_normal_0265_noAttribute.wav,in_support,frequency_modulation,0.7348030805587769
sliderEmu/train/section_00_source_train_normal_0266_noAttribute.wav,in_support,periodic_resonance,0.5203139781951904
sliderEmu/train/section_00_source_train_normal_0267_noAttribute.wav,in_support,periodic_resonance,0.4412558972835541
sliderEmu/train/section_00_source_train_normal_0268_noAttribute.wav,in_support,periodic_resonance,0.3283032774925232
sliderEmu/train/section_00_source_train_normal_0269_noAttribute.wav,in_support,periodic_resonance,0.9701743125915527
sliderEmu/train/section_00_source_train_normal_0270_noAttribute.wav,in_support,frequency_modulation,0.3206104338169098
sliderEmu/train/section_00_source_train_normal_0271_noAttribute.wav,in_support,amplitude_modulation,0.1547996997833252
sliderEmu/train/section_00_source_train_normal_0272_noAttribute.wav,in_support,frequency_modulation,0.8294193148612976
sliderEmu/train/section_00_source_train_normal_0273_noAttribute.wav,in_support,periodic_resonance,0.1209554448723793
sliderEmu/train/section_00_source_train_normal_0274_noAttribute.wav,in_support,frequency_modulation,0.9159401059150696
sliderEmu/train/section_00_source_train_normal_0275_noAttribute.wav,in_support,frequency_modulation,0.9331947565078735
sliderEmu/train/section_00_source_train_normal_0276_noAttribute.wav,in_support,amplitude_modulation,0.9152483940124512
sliderEmu/train/section_00_source_train_normal_0277_noAttribute.wav,in_support,periodic_resonance,0.07074732333421707
sliderEmu/train/section_00_source_train_normal_0278_noAttribute.wav,in_support,amplitude_modulation,0.8678506016731262
sliderEmu/train/section_00_source_train_normal_0279_noAttribute.wav,in_support,amplitude_modulation,0.5611163377761841
sliderEmu/train/section_00_source_train_normal_0280_noAttribute.wav,in_support,frequency_modulation,0.2699912488460541
sliderEmu/train/section_00_source_train_normal_0281_noAttribute.wav,in_support,frequency_modulation,0.7049330472946167
sliderEmu/train/section_00_source_train_normal_0282_noAttribute.wav,in_support,amplitude_modulation,0.20045150816440582
sliderEmu/train/section_00_source_train_normal_0283_noAttribute.wav,in_support,frequency_modulation,0.7233902812004089
sliderEmu/train/section_00_source_train_normal_0284_noAttribute.wav,in_support,amplitude_modulation,0.9195846915245056
sliderEmu/train/section_00_source_train_normal_0285_noAttribute.wav,in_support,amplitude_modulation,0.8938679695129395
sliderEmu/train/section_00_source_train_normal_0286_noAttribute.wav,in_support,periodic_resonance,0.663375735282898
sliderEmu/train/section_00_source_train_normal_0287_noAttribute.wav,in_support,frequency_modulation,0.8490808606147766
sliderEmu/train/section_00_source_train_normal_0288_noAttribute.wav,in_support,amplitude_modulation,0.09238237887620926
sliderEmu/train/section_00_source_train_normal_0289_noAttribute.wav,in_support,amplitude_modulation,0.7613998055458069
sliderEmu/train/section_00_source_train_normal_0290_noAttribute.wav,in_support,periodic_resonance,0.7763082385063171
sliderEmu/train/section_00_source_train_normal_0291_noAttribute.wav,in_support,periodic_resonance,0.9207357168197632
sliderEmu/train/section_00_source_train_normal_0292_noAttribute.wav,in_support,frequency_modulation,0.39992913603782654
sliderEmu/train/section_00_source_train_normal_0293_noAttribute.wav,in_support,periodic_resonance,0.44220438599586487
sliderEmu/train/section_00_source_train_normal_0294_noAttribute.wav,in_support,periodic_resonance,0.7910435795783997
sliderEmu/train/section_00_source_train_normal_0295_noAttribute.wav,in_support,amplitude_modulation,0.33022361993789673
sliderEmu/train/section_00_source_train_normal_0296_noAttribute.wav,in_support,amplitude_modulation,0.24003687500953674
sliderEmu/train/section_00_source_train_normal_0297_noAttribute.wav,in_support,amplitude_modulation,0.1367349624633789
sliderEmu/train/section_00_source_train_normal_0298_noAttribute.wav,in_support,amplitude_modulation,0.06471505016088486
sliderEmu/train/section_00_source_train_normal_0299_noAttribute.wav,in_support,amplitude_modulation,0.6703600883483887
sliderEmu/train/section_00_source_train_normal_0300_noAttribute.wav,in_support,periodic_resonance,0.8550017476081848
sliderEmu/train/section_00_source_train_normal_0301_noAttribute.wav,in_support,periodic_resonance,0.29946860671043396
sliderEmu/train/section_00_source_train_normal_0302_noAttribute.wav,in_support,periodic_resonance,0.6781498789787292
sliderEmu/train/section_00_source_train_normal_0303_noAttribute.wav,in_support,frequency_modulation,0.6904018521308899
sliderEmu/train/section_00_source_train_normal_0304_noAttribute.wav,in_support,frequency_modulation,0.5125409364700317
sliderEmu/train/section_00_source_train_normal_0305_noAttribute.wav,in_support,amplitude_modulation,0.7475256323814392
sliderEmu/train/section_00_source_train_normal_0306_noAttribute.wav,in_support,frequency_modulation,0.42103585600852966
sliderEmu/train/section_00_source_train_normal_0307_noAttribute.wav,in_support,amplitude_modulation,0.13996748626232147
sliderEmu/train/section_00_source_train_normal_0308_noAttribute.wav,in_support,amplitude_modulation,0.9117577075958252
sliderEmu/train/section_00_source_train_normal_0309_noAttribute.wav,in_support,amplitude_modulation,0.04568314179778099
sliderEmu/train/section_00_source_train_normal_0310_noAttribute.wav,in_support,amplitude_modulation,0.5602222084999084
sliderEmu/train/section_00_source_train_normal_0311_noAttribute.wav,in_support,periodic_resonance,0.8791249394416809
sliderEmu/train/section_00_source_train_normal_0312_noAttribute.wav,in_support,amplitude_modulation,0.5748530626296997
sliderEmu/train/section_00_source_train_normal_0313_noAttribute.wav,in_support,frequency_modulation,0.5241979956626892
sliderEmu/train/section_00_source_train_normal_0314_noAttribute.wav,in_support,amplitude_modulation,0.02480706200003624
sliderEmu/train/section_00_source_train_normal_0315_noAttribute.wav,in_support,frequency_modulation,0.8985032439231873
sliderEmu/train/section_00_source_train_normal_0316_noAttribute.wav,in_support,amplitude_modulation,0.9541921615600586
sliderEmu/train/section_00_source_train_normal_0317_noAttribute.wav,in_support,amplitude_modulation,0.8882970213890076
sliderEmu/train/section_00_source_train_normal_0318_noAttribute.wav,in_support,frequency_modulation,0.13958504796028137
sliderEmu/train/section_00_source_train_normal_0319_noAttribute.wav,in_support,frequency_modulation,0.9748121500015259
sliderEmu/train/section_00_source_train_normal_0320_noAttribute.wav,in_support,amplitude_modulation,0.8702937364578247
sliderEmu/train/section_00_source_train_normal_0321_noAttribute.wav,in_support,frequency_modulation,0.9114983081817627
sliderEmu/train/section_00_source_train_normal_0322_noAttribute.wav,in_support,frequency_modulation,0.9553548693656921
sliderEmu/train/section_00_source_train_normal_0323_noAttribute.wav,in_support,amplitude_modulation,0.8136853575706482
sliderEmu/train/section_00_source_train_normal_0324_noAttribute.wav,in_support,amplitude_modulation,0.3931215703487396
sliderEmu/train/section_00_source_train_normal_0325_noAttribute.wav,in_support,frequency_modulation,0.2647489011287689
sliderEmu/train/section_00_source_train_normal_0326_noAttribute.wav,in_support,amplitude_modulation,0.6826122999191284
sliderEmu/train/section_00_source_train_normal_0327_noAttribute.wav,in_support,amplitude_modulation,0.5364394783973694
sliderEmu/train/section_00_source_train_normal_0328_noAttribute.wav,in_support,frequency_modulation,0.5192819833755493
sliderEmu/train/section_00_source_train_normal_0329_noAttribute.wav,in_support,periodic_resonance,0.6069719195365906
sliderEmu/train/section_00_source_train_normal_0330_noAttribute.wav,in_support,amplitude_modulation,0.9194906949996948
sliderEmu/train/section_00_source_train_normal_0331_noAttribute.wav,in_support,periodic_resonance,0.5314280390739441
sliderEmu/train/section_00_source_train_normal_0332_noAttribute.wav,in_support,periodic_resonance,0.7063562870025635
sliderEmu/train/section_00_source_train_normal_0333_noAttribute.wav,in_support,periodic_resonance,0.9930906295776367
sliderEmu/train/section_00_source_train_normal_0334_noAttribute.wav,in_support,amplitude_modulation,0.7527042031288147
sliderEmu/train/section_00_source_train_normal_0335_noAttribute.wav,in_support,amplitude_modulation,0.9317068457603455
sliderEmu/train/section_00_source_train_normal_0336_noAttribute.wav,in_support,frequency_modulation,0.4986570179462433
sliderEmu/train/section_00_source_train_normal_0337_noAttribute.wav,in_support,amplitude_modulation,0.9192909598350525
sliderEmu/train/section_00_source_train_normal_0338_noAttribute.wav,in_support,amplitude_modulation,0.4363439083099365
sliderEmu/train/section_00_source_train_normal_0339_noAttribute.wav,in_support,amplitude_modulation,0.1547853946685791
sliderEmu/train/section_00_source_train_normal_0340_noAttribute.wav,in_support,periodic_resonance,0.19304834306240082
sliderEmu/train/section_00_source_train_normal_0341_noAttribute.wav,in_support,amplitude_modulation,0.08903302997350693
sliderEmu/train/section_00_source_train_normal_0342_noAttribute.wav,in_support,frequency_modulation,0.8535077571868896
sliderEmu/train/section_00_source_train_normal_0343_noAttribute.wav,in_support,frequency_modulation,0.6988245248794556
sliderEmu/train/section_00_source_train_normal_0344_noAttribute.wav,in_support,amplitude_modulation,0.8603330850601196
sliderEmu/train/section_00_source_train_normal_0345_noAttribute.wav,in_support,frequency_modulation,0.15656110644340515
sliderEmu/train/section_00_source_train_normal_0346_noAttribute.wav,in_support,amplitude_modulation,0.38614949584007263
sliderEmu/train/section_00_source_train_normal_0347_noAttribute.wav,in_support,amplitude_modulation,0.6481344699859619
sliderEmu/train/section_00_source_train_normal_0348_noAttribute.wav,in_support,amplitude_modulation,0.7355148792266846
sliderEmu/train/section_00_source_train_normal_0349_noAttribute.wav,in_support,frequency_modulation,0.7261409163475037
sliderEmu/train/section_00_source_train_normal_0350_noAttribute.wav,in_support,frequency_modulation,0.8426671624183655
sliderEmu/train/section_00_source_train_normal_0351_noAttribute.wav,in_support,amplitude_modulation,0.9495392441749573
sliderEmu/train/section_00_source_train_normal_0352_noAttribute.wav,in_support,periodic_resonance,0.45464208722114563
sliderEmu/train/section_00_source_train_normal_0353_noAttribute.wav,in_support,amplitude_modulation,0.11223900318145752
sliderEmu/train/section_00_source_train_normal_0354_noAttribute.wav,in_support,amplitude_modulation,0.8734039664268494
sliderEmu/train/section_00_source_train_normal_0355_noAttribute.wav,in_support,periodic_resonance,0.43405410647392273
sliderEmu/train/section_00_source_train_normal_0356_noAttribute.wav,in_support,frequency_modulation,0.8981434106826782
sliderEmu/train/section_00_source_train_normal_0357_noAttribute.wav,in_support,amplitude_modulation,0.06997428834438324
sliderEmu/train/section_00_source_train_normal_0358_noAttribute.wav,in_support,amplitude_modulation,0.346569299697876
sliderEmu/train/section_00_source_train_normal_0359_noAttribute.wav,in_support,frequency_modulation,0.6896709203720093
sliderEmu/train/section_00_source_train_normal_0360_noAttribute.wav,in_support,frequency_modulation,0.509109377861023
sliderEmu/train/section_00_source_train_normal_0361_noAttribute.wav,in_support,frequency_modulation,0.9209140539169312
sliderEmu/train/section_00_source_train_normal_0362_noAttribute.wav,in_support,periodic_resonance,0.9322036504745483
sliderEmu/train/section_00_source_train_normal_0363_noAttribute.wav,in_support,amplitude_modulation,0.5352446436882019
sliderEmu/train/section_00_source_train_normal_0364_noAttribute.wav,in_support,frequency_modulation,0.8258414268493652
sliderEmu/train/section_00_source_train_normal_0365_noAttribute.wav,in_support,periodic_resonance,0.6278946995735168
sliderEmu/train/section_00_source_train_normal_0366_noAttribute.wav,in_support,frequency_modulation,0.25525060296058655
sliderEmu/train/section_00_source_train_normal_0367_noAttribute.wav,in_support,amplitude_modulation,0.49879977107048035
sliderEmu/train/section_00_source_train_normal_0368_noAttribute.wav,in_support,frequency_modulation,0.7812876105308533
sliderEmu/train/section_00_source_train_normal_0369_noAttribute.wav,in_support,amplitude_modulation,0.048398129642009735
sliderEmu/train/section_00_source_train_normal_0370_noAttribute.wav,in_support,frequency_modulation,0.309983491897583
sliderEmu/train/section_00_source_train_normal_0371_noAttribute.wav,in_support,frequency_modulation,0.5307965278625488
sliderEmu/train/section_00_source_train_normal_0372_noAttribute.wav,in_support,amplitude_modulation,0.1387057602405548
sliderEmu/train/section_00_source_train_normal_0373_noAttribute.wav,in_support,amplitude_modulation,0.8435593843460083
sliderEmu/train/section_00_source_train_normal_0374_noAttribute.wav,in_support,periodic_resonance,0.27022528648376465
sliderEmu/train/section_00_source_train_normal_0375_noAttribute.wav,in_support,periodic_resonance,0.6786363124847412
sliderEmu/train/section_00_source_train_normal_0376_noAttribute.wav,in_support,frequency_modulation,0.71812504529953
sliderEmu/train/section_00_source_train_normal_0377_noAttribute.wav,in_support,frequency_modulation,0.15919899940490723
sliderEmu/train/section_00_source_train_normal_0378_noAttribute.wav,in_support,amplitude_modulation,0.8114994168281555
sliderEmu/train/section_00_source_train_normal_0379_noAttribute.wav,in_support,periodic_resonance,0.780593991279602
sliderEmu/train/section_00_source_train_normal_0380_noAttribute.wav,in_support,periodic_resonance,0.7439638376235962
sliderEmu/train/section_00_source_train_normal_0381_noAttribute.wav,in_support,amplitude_modulation,0.26153329014778137
sliderEmu/train/section_00_source_train_normal_0382_noAttribute.wav,in_support,frequency_modulation,0.7382593154907227
sliderEmu/train/section_00_source_train_normal_0383_noAttribute.wav,in_support,periodic_resonance,0.6067805886268616
sliderEmu/train/section_00_source_train_normal_0384_noAttribute.wav,in_support,frequency_modulation,0.5841145515441895
sliderEmu/train/section_00_source_train_normal_0385_noAttribute.wav,in_support,periodic_resonance,0.7275932431221008
sliderEmu/train/section_00_source_train_normal_0386_noAttribute.wav,in_support,amplitude_modulation,0.08444330841302872
sliderEmu/train/section_00_source_train_normal_0387_noAttribute.wav,in_support,frequency_modulation,0.914817214012146
sliderEmu/train/section_00_source_train_normal_0388_noAttribute.wav,in_support,periodic_resonance,0.9158989787101746
sliderEmu/train/section_00_source_train_normal_0389_noAttribute.wav,in_support,amplitude_modulation,0.40289318561553955
sliderEmu/train/section_00_source_train_normal_0390_noAttribute.wav,in_support,amplitude_modulation,0.8701817989349365
sliderEmu/train/section_00_source_train_normal_0391_noAttribute.wav,in_support,periodic_resonance,0.5638102293014526
sliderEmu/train/section_00_source_train_normal_0392_noAttribute.wav,in_support,frequency_modulation,0.5063883066177368
sliderEmu/train/section_00_source_train_normal_0393_noAttribute.wav,in_support,periodic_resonance,0.9536672234535217
sliderEmu/train/section_00_source_train_normal_0394_noAttribute.wav,in_support,amplitude_modulation,0.2035273164510727
sliderEmu/train/section_00_source_train_normal_0395_noAttribute.wav,in_support,frequency_modulation,0.9976415038108826
sliderEmu/train/section_00_source_train_normal_0396_noAttribute.wav,in_support,amplitude_modulation,0.901931643486023
sliderEmu/train/section_00_source_train_normal_0397_noAttribute.wav,in_support,periodic_resonance,0.898415207862854
sliderEmu/train/section_00_source_train_normal_0398_noAttribute.wav,in_support,amplitude_modulation,0.12056120485067368
sliderEmu/train/section_00_source_train_normal_0399_noAttribute.wav,in_support,frequency_modulation,0.7848276495933533
sliderEmu/train/section_00_source_train_normal_0400_noAttribute.wav,in_support,amplitude_modulation,0.8386929631233215
sliderEmu/train/section_00_source_train_normal_0401_noAttribute.wav,in_support,amplitude_modulation,0.1356135904788971
sliderEmu/train/section_00_source_train_normal_0402_noAttribute.wav,in_support,periodic_resonance,0.6025117039680481
sliderEmu/train/section_00_source_train_normal_0403_noAttribute.wav,in_support,amplitude_modulation,0.19249176979064941
sliderEmu/train/section_00_source_train_normal_0404_noAttribute.wav,in_support,periodic_resonance,0.882980227470398
sliderEmu/train/section_00_source_train_normal_0405_noAttribute.wav,in_support,amplitude_modulation,0.1830347329378128
sliderEmu/train/section_00_source_train_normal_0406_noAttribute.wav,in_support,frequency_modulation,0.5596415996551514
sliderEmu/train/section_00_source_train_normal_0407_noAttribute.wav,in_support,frequency_modulation,0.5435413718223572
sliderEmu/train/section_00_source_train_normal_0408_noAttribute.wav,in_support,frequency_modulation,0.9384046792984009
sliderEmu/train/section_00_source_train_normal_0409_noAttribute.wav,in_support,periodic_resonance,0.9775488376617432
sliderEmu/train/section_00_source_train_normal_0410_noAttribute.wav,in_support,amplitude_modulation,0.44611915946006775
sliderEmu/train/section_00_source_train_normal_0411_noAttribute.wav,in_support,periodic_resonance,0.6598929166793823
sliderEmu/train/section_00_source_train_normal_0412_noAttribute.wav,in_support,amplitude_modulation,0.39716795086860657
sliderEmu/train/section_00_source_train_normal_0413_noAttribute.wav,in_support,frequency_modulation,0.9527428150177002
sliderEmu/train/section_00_source_train_normal_0414_noAttribute.wav,in_support,periodic_resonance,0.41538387537002563
sliderEmu/train/section_00_source_train_normal_0415_noAttribute.wav,in_support,periodic_resonance,0.8744219541549683
sliderEmu/train/section_00_source_train_normal_0416_noAttribute.wav,in_support,amplitude_modulation,0.1782654970884323
sliderEmu/train/section_00_source_train_normal_0417_noAttribute.wav,in_support,amplitude_modulation,0.8959017992019653
sliderEmu/train/section_00_source_train_normal_0418_noAttribute.wav,in_support,frequency_modulation,0.5539920926094055
sliderEmu/train/section_00_source_train_normal_0419_noAttribute.wav,in_support,amplitude_modulation,0.808716356754303
sliderEmu/train/section_00_source_train_normal_0420_noAttribute.wav,in_support,periodic_resonance,0.9878894090652466
sliderEmu/train/section_00_source_train_normal_0421_noAttribute.wav,in_support,periodic_resonance,0.23838290572166443
sliderEmu/train/section_00_source_train_normal_0422_noAttribute.wav,in_support,amplitude_modulation,0.9249897599220276
sliderEmu/train/section_00_source_train_normal_0423_noAttribute.wav,in_support,amplitude_modulation,0.40554213523864746
sliderEmu/train/section_00_source_train_normal_0424_noAttribute.wav,in_support,frequency_modulation,0.1798509657382965
sliderEmu/train/section_00_source_train_normal_0425_noAttribute.wav,in_support,periodic_resonance,0.8420059084892273
sliderEmu/train/section_00_source_train_normal_0426_noAttribute.wav,in_support,amplitude_modulation,0.057587653398513794
sliderEmu/train/section_00_source_train_normal_0427_noAttribute.wav,in_support,frequency_modulation,0.9647701382637024
sliderEmu/train/section_00_source_train_normal_0428_noAttribute.wav,in_support,frequency_modulation,0.1979842633008957
sliderEmu/train/section_00_source_train_normal_0429_noAttribute.wav,in_support,amplitude_modulation,0.7596532106399536
sliderEmu/train/section_00_source_train_normal_0430_noAttribute.wav,in_support,periodic_resonance,0.23412461578845978
sliderEmu/train/section_00_source_train_normal_0431_noAttribute.wav,in_support,amplitude_modulation,0.5832881927490234
sliderEmu/train/section_00_source_train_normal_0432_noAttribute.wav,in_support,amplitude_modulation,0.33819520473480225
sliderEmu/train/section_00_source_train_normal_0433_noAttribute.wav,in_support,periodic_resonance,0.4007563591003418
sliderEmu/train/section_00_source_train_normal_0434_noAttribute.wav,in_support,amplitude_modulation,0.10059233754873276
sliderEmu/train/section_00_source_train_normal_0435_noAttribute.wav,in_support,periodic_resonance,0.9322609901428223
sliderEmu/train/section_00_source_train_normal_0436_noAttribute.wav,in_support,amplitude_modulation,0.8816106915473938
sliderEmu/train/section_00_source_train_normal_0437_noAttribute.wav,in_support,frequency_modulation,0.47991934418678284
sliderEmu/train/section_00_source_train_normal_0438_noAttribute.wav,in_support,frequency_modulation,0.7965314388275146
sliderEmu/train/section_00_source_train_normal_0439_noAttribute.wav,in_support,periodic_resonance,0.8846407532691956
sliderEmu/train/section_00_source_train_normal_0440_noAttribute.wav,in_support,amplitude_modulation,0.09533370286226273
sliderEmu/train/section_00_source_train_normal_0441_noAttribute.wav,in_support,frequency_modulation,0.40835461020469666
sliderEmu/train/section_00_source_train_normal_0442_noAttribute.wav,in_support,periodic_resonance,0.9443309307098389
sliderEmu/train/section_00_source_train_normal_0443_noAttribute.wav,in_support,amplitude_modulation,0.17052119970321655
sliderEmu/train/section_00_source_train_normal_0444_noAttribute.wav,in_support,periodic_resonance,0.9132421016693115
sliderEmu/train/section_00_source_train_normal_0445_noAttribute.wav,in_support,amplitude_modulation,0.25196248292922974
sliderEmu/train/section_00_source_train_normal_0446_noAttribute.wav,in_support,periodic_resonance,0.7391011714935303
sliderEmu/train/section_00_source_train_normal_0447_noAttribute.wav,in_support,frequency_modulation,0.18707174062728882
sliderEmu/train/section_00_source_train_normal_0448_noAttribute.wav,in_support,frequency_modulation,0.23349888622760773
sliderEmu/train/section_00_source_train_normal_0449_noAttribute.wav,in_support,frequency_modulation,0.2360200583934784
sliderEmu/train/section_00_source_train_normal_0450_noAttribute.wav,in_support,frequency_modulation,0.4435517489910126
sliderEmu/train/section_00_source_train_normal_0451_noAttribute.wav,in_support,periodic_resonance,0.944304883480072
sliderEmu/train/section_00_source_train_normal_0452_noAttribute.wav,in_support,frequency_modulation,0.4455755352973938
sliderEmu/train/section_00_source_train_normal_0453_noAttribute.wav,in_support,periodic_resonance,0.9000951647758484
sliderEmu/train/section_00_source_train_normal_0454_noAttribute.wav,in_support,amplitude_modulation,0.19761882722377777
sliderEmu/train/section_00_source_train_normal_0455_noAttribute.wav,in_support,amplitude_modulation,0.051922909915447235
sliderEmu/train/section_00_source_train_normal_0456_noAttribute.wav,in_support,amplitude_modulation,0.043567147105932236
sliderEmu/train/section_00_source_train_normal_0457_noAttribute.wav,in_support,frequency_modulation,0.6900516152381897
sliderEmu/train/section_00_source_train_normal_0458_noAttribute.wav,in_support,frequency_modulation,0.7536538243293762
sliderEmu/train/section_00_source_train_normal_0459_noAttribute.wav,in_support,periodic_resonance,0.9377054572105408
sliderEmu/train/section_00_source_train_normal_0460_noAttribute.wav,in_support,periodic_resonance,0.9500831961631775
sliderEmu/train/section_00_source_train_normal_0461_noAttribute.wav,in_support,periodic_resonance,0.9484739899635315
sliderEmu/train/section_00_source_train_normal_0462_noAttribute.wav,in_support,periodic_resonance,0.5090090036392212
sliderEmu/train/section_00_source_train_normal_0463_noAttribute.wav,in_support,amplitude_modulation,0.6566061973571777
sliderEmu/train/section_00_source_train_normal_0464_noAttribute.wav,in_support,frequency_modulation,0.6016706824302673
sliderEmu/train/section_00_source_train_normal_0465_noAttribute.wav,in_support,frequency_modulation,0.11848223209381104
sliderEmu/train/section_00_source_train_normal_0466_noAttribute.wav,in_support,periodic_resonance,0.3642708361148834
sliderEmu/train/section_00_source_train_normal_0467_noAttribute.wav,in_support,periodic_resonance,0.6898404359817505
sliderEmu/train/section_00_source_train_normal_0468_noAttribute.wav,in_support,frequency_modulation,0.867157518863678
sliderEmu/train/section_00_source_train_normal_0469_noAttribute.wav,in_support,frequency_modulation,0.6253944039344788
sliderEmu/train/section_00_source_train_normal_0470_noAttribute.wav,in_support,frequency_modulation,0.7648197412490845
sliderEmu/train/section_00_source_train_normal_0471_noAttribute.wav,in_support,periodic_resonance,0.9363308548927307
sliderEmu/train/section_00_source_train_normal_0472_noAttribute.wav,in_support,frequency_modulation,0.2645401954650879
sliderEmu/train/section_00_source_train_normal_0473_noAttribute.wav,in_support,amplitude_modulation,0.8586626648902893
sliderEmu/train/section_00_source_train_normal_0474_noAttribute.wav,in_support,frequency_modulation,0.9694210886955261
sliderEmu/train/section_00_source_train_normal_0475_noAttribute.wav,in_support,amplitude_modulation,0.0994240939617157
sliderEmu/train/section_00_source_train_normal_0476_noAttribute.wav,in_support,periodic_resonance,0.22598955035209656
sliderEmu/train/section_00_source_train_normal_0477_noAttribute.wav,in_support,amplitude_modulation,0.9389327764511108
sliderEmu/train/section_00_source_train_normal_0478_noAttribute.wav,in_support,frequency_modulation,0.8072109818458557
sliderEmu/train/section_00_source_train_normal_0479_noAttribute.wav,in_support,periodic_resonance,0.8925719261169434
sliderEmu/train/section_00_source_train_normal_0480_noAttribute.wav,in_support,amplitude_modulation,0.9635503888130188
sliderEmu/train/section_00_source_train_normal_0481_noAttribute.wav,in_support,periodic_resonance,0.7376808524131775
sliderEmu/train/section_00_source_train_normal_0482_noAttribute.wav,in_support,amplitude_modulation,0.25153443217277527
sliderEmu/train/section_00_source_train_normal_0483_noAttribute.wav,in_support,amplitude_modulation,0.9265665411949158
sliderEmu/train/section_00_source_train_normal_0484_noAttribute.wav,in_support,frequency_modulation,0.23590567708015442
sliderEmu/train/section_00_source_train_normal_0485_noAttribute.wav,in_support,periodic_resonance,0.9675137400627136
sliderEmu/train/section_00_source_train_normal_0486_noAttribute.wav,in_support,amplitude_modulation,0.7873263955116272
sliderEmu/train/section_00_source_train_normal_0487_noAttribute.wav,in_support,periodic_resonance,0.6512577533721924
sliderEmu/train/section_00_source_train_normal_0488_noAttribute.wav,in_support,frequency_modulation,0.5473937392234802
sliderEmu/train/section_00_source_train_normal_0489_noAttribute.wav,in_support,periodic_resonance,0.32085880637168884
sliderEmu/train/section_00_source_train_normal_0490_noAttribute.wav,in_support,periodic_resonance,0.8533189296722412
sliderEmu/train/section_00_source_train_normal_0491_noAttribute.wav,in_support,periodic_resonance,0.2634262144565582
sliderEmu/train/section_00_source_train_normal_0492_noAttribute.wav,in_support,amplitude_modulation,0.26279130578041077
sliderEmu/train/section_00_source_train_normal_0493_noAttribute.wav,in_support,periodic_resonance,0.8902900218963623
sliderEmu/train/section_00_source_train_normal_0494_noAttribute.wav,in_support,periodic_resonance,0.8044900894165039
sliderEmu/train/section_00_source_train_normal_0495_noAttribute.wav,in_support,frequency_modulation,0.8208637237548828
sliderEmu/train/section_00_source_train_normal_0496_noAttribute.wav,in_support,amplitude_modulation,0.4706490635871887
sliderEmu/train/section_00_source_train_normal_0497_noAttribute.wav,in_support,periodic_resonance,0.9566510915756226
sliderEmu/train/section_00_source_train_normal_0498_noAttribute.wav,in_support,frequency_modulation,0.8612045049667358
sliderEmu/train/section_00_source_train_normal_0499_noAttribute.wav,in_support,amplitude_modulation,0.23478800058364868
sliderEmu/train/section_00_source_train_normal_0500_noAttribute.wav,in_support,frequency_modulation,0.8631619215011597
sliderEmu/train/section_00_source_train_normal_0501_noAttribute.wav,in_support,frequency_modulation,0.8429060578346252
sliderEmu/train/section_00_source_train_normal_0502_noAttribute.wav,in_support,periodic_resonance,0.428399920463562
sliderEmu/train/section_00_source_train_normal_0503_noAttribute.wav,in_support,periodic_resonance,0.7004849314689636
sliderEmu/train/section_00_source_train_normal_0504_noAttribute.wav,in_support,periodic_resonance,0.17250101268291473
sliderEmu/train/section_00_source_train_normal_0505_noAttribute.wav,in_support,periodic_resonance,0.8586671352386475
sliderEmu/train/section_00_source_train_normal_0506_noAttribute.wav,in_support,amplitude_modulation,0.6167423129081726
sliderEmu/train/section_00_source_train_normal_0507_noAttribute.wav,in_support,amplitude_modulation,0.8379666209220886
sliderEmu/train/section_00_source_train_normal_0508_noAttribute.wav,in_support,amplitude_modulation,0.6286442279815674
sliderEmu/train/section_00_source_train_normal_0509_noAttribute.wav,in_support,frequency_modulation,0.2726394832134247
sliderEmu/train/section_00_source_train_normal_0510_noAttribute.wav,in_support,frequency_modulation,0.6288876533508301
sliderEmu/train/section_00_source_train_normal_0511_noAttribute.wav,in_support,amplitude_modulation,0.11164094507694244
sliderEmu/train/section_00_source_train_normal_0512_noAttribute.wav,in_support,amplitude_modulation,0.7930813431739807
sliderEmu/train/section_00_source_train_normal_0513_noAttribute.wav,in_support,amplitude_modulation,0.06735086441040039
sliderEmu/train/section_00_source_train_normal_0514_noAttribute.wav,in_support,periodic_resonance,0.3394099771976471
sliderEmu/train/section_00_source_train_normal_0515_noAttribute.wav,in_support,frequency_modulation,0.8269900679588318
sliderEmu/train/section_00_source_train_normal_0516_noAttribute.wav,in_support,periodic_resonance,0.4914211630821228
sliderEmu/train/section_00_source_train_normal_0517_noAttribute.wav,in_support,amplitude_modulation,0.1466180980205536
sliderEmu/train/section_00_source_train_normal_0518_noAttribute.wav,in_support,amplitude_modulation,0.5044135451316833
sliderEmu/train/section_00_source_train_normal_0519_noAttribute.wav,in_support,amplitude_modulation,0.40571582317352295
sliderEmu/train/section_00_source_train_normal_0520_noAttribute.wav,in_support,frequency_modulation,0.3260410726070404
sliderEmu/train/section_00_source_train_normal_0521_noAttribute.wav,in_support,periodic_resonance,0.6935088038444519
sliderEmu/train/section_00_source_train_normal_0522_noAttribute.wav,in_support,periodic_resonance,0.9303523898124695
sliderEmu/train/section_00_source_train_normal_0523_noAttribute.wav,in_support,periodic_resonance,0.2947442829608917
sliderEmu/train/section_00_source_train_normal_0524_noAttribute.wav,in_support,periodic_resonance,0.40840789675712585
sliderEmu/train/section_00_source_train_normal_0525_noAttribute.wav,in_support,frequency_modulation,0.5312851667404175
sliderEmu/train/section_00_source_train_normal_0526_noAttribute.wav,in_support,periodic_resonance,0.9670831561088562
sliderEmu/train/section_00_source_train_normal_0527_noAttribute.wav,in_support,periodic_resonance,0.9854001402854919
sliderEmu/train/section_00_source_train_normal_0528_noAttribute.wav,in_support,frequency_modulation,0.7639369964599609
sliderEmu/train/section_00_source_train_normal_0529_noAttribute.wav,in_support,amplitude_modulation,0.09297212213277817
sliderEmu/train/section_00_source_train_normal_0530_noAttribute.wav,in_support,frequency_modulation,0.6222259998321533
sliderEmu/train/section_00_source_train_normal_0531_noAttribute.wav,in_support,amplitude_modulation,0.6447197198867798
sliderEmu/train/section_00_source_train_normal_0532_noAttribute.wav,in_support,amplitude_modulation,0.07352565228939056
sliderEmu/train/section_00_source_train_normal_0533_noAttribute.wav,in_support,frequency_modulation,0.6786924004554749
sliderEmu/train/section_00_source_train_normal_0534_noAttribute.wav,in_support,periodic_resonance,0.6623046398162842
sliderEmu/train/section_00_source_train_normal_0535_noAttribute.wav,in_support,periodic_resonance,0.6806800961494446
sliderEmu/train/section_00_source_train_normal_0536_noAttribute.wav,in_support,amplitude_modulation,0.04261482506990433
sliderEmu/train/section_00_source_train_normal_0537_noAttribute.wav,in_support,amplitude_modulation,0.6199201345443726
sliderEmu/train/section_00_source_train_normal_0538_noAttribute.wav,in_support,frequency_modulation,0.1417202353477478
sliderEmu/train/section_00_source_train_normal_0539_noAttribute.wav,in_support,amplitude_modulation,0.2970041334629059
sliderEmu/train/section_00_source_train_normal_0540_noAttribute.wav,in_support,amplitude_modulation,0.6848738193511963
sliderEmu/train/section_00_source_train_normal_0541_noAttribute.wav,in_support,amplitude_modulation,0.8536577224731445
sliderEmu/train/section_00_source_train_normal_0542_noAttribute.wav,in_support,periodic_resonance,0.521746814250946
sliderEmu/train/section_00_source_train_normal_0543_noAttribute.wav,in_support,amplitude_modulation,0.17421406507492065
sliderEmu/train/section_00_source_train_normal_0544_noAttribute.wav,in_support,periodic_resonance,0.9572640657424927
sliderEmu/train/section_00_source_train_normal_0545_noAttribute.wav,in_support,periodic_resonance,0.4677269160747528
sliderEmu/train/section_00_source_train_normal_0546_noAttribute.wav,in_support,frequency_modulation,0.8229013085365295
sliderEmu/train/section_00_source_train_normal_0547_noAttribute.wav,in_support,amplitude_modulation,0.843026340007782
sliderEmu/train/section_00_source_train_normal_0548_noAttribute.wav,in_support,amplitude_modulation,0.09480985254049301
sliderEmu/train/section_00_source_train_normal_0549_noAttribute.wav,in_support,amplitude_modulation,0.5639610290527344
sliderEmu/train/section_00_source_train_normal_0550_noAttribute.wav,in_support,amplitude_modulation,0.8339332938194275
sliderEmu/train/section_00_source_train_normal_0551_noAttribute.wav,in_support,amplitude_modulation,0.7990501523017883
sliderEmu/train/section_00_source_train_normal_0552_noAttribute.wav,in_support,amplitude_modulation,0.847612202167511
sliderEmu/train/section_00_source_train_normal_0553_noAttribute.wav,in_support,frequency_modulation,0.09930514544248581
sliderEmu/train/section_00_source_train_normal_0554_noAttribute.wav,in_support,periodic_resonance,0.2696726322174072
sliderEmu/train/section_00_source_train_normal_0555_noAttribute.wav,in_support,periodic_resonance,0.759748101234436
sliderEmu/train/section_00_source_train_normal_0556_noAttribute.wav,in_support,periodic_resonance,0.9324880242347717
sliderEmu/train/section_00_source_train_normal_0557_noAttribute.wav,in_support,periodic_resonance,0.8441033363342285
sliderEmu/train/section_00_source_train_normal_0558_noAttribute.wav,in_support,frequency_modulation,0.24081897735595703
sliderEmu/train/section_00_source_train_normal_0559_noAttribute.wav,in_support,periodic_resonance,0.9013345837593079
sliderEmu/train/section_00_source_train_normal_0560_noAttribute.wav,in_support,amplitude_modulation,0.5425879955291748
sliderEmu/train/section_00_source_train_normal_0561_noAttribute.wav,in_support,amplitude_modulation,0.07197540253400803
sliderEmu/train/section_00_source_train_normal_0562_noAttribute.wav,in_support,amplitude_modulation,0.7353173494338989
sliderEmu/train/section_00_source_train_normal_0563_noAttribute.wav,in_support,periodic_resonance,0.962769091129303
sliderEmu/train/section_00_source_train_normal_0564_noAttribute.wav,in_support,amplitude_modulation,0.9441579580307007
sliderEmu/train/section_00_source_train_normal_0565_noAttribute.wav,in_support,frequency_modulation,0.3465237617492676
sliderEmu/train/section_00_source_train_normal_0566_noAttribute.wav,in_support,periodic_resonance,0.5290315747261047
sliderEmu/train/section_00_source_train_normal_0567_noAttribute.wav,in_support,amplitude_modulation,0.8744745254516602
sliderEmu/train/section_00_source_train_normal_0568_noAttribute.wav,in_support,periodic_resonance,0.8486437797546387
sliderEmu/train/section_00_source_train_normal_0569_noAttribute.wav,in_support,amplitude_modulation,0.9730416536331177
sliderEmu/train/section_00_source_train_normal_0570_noAttribute.wav,in_support,frequency_modulation,0.6774241924285889
sliderEmu/train/section_00_source_train_normal_0571_noAttribute.wav,in_support,frequency_modulation,0.7321683764457703
sliderEmu/train/section_00_source_train_normal_0572_noAttribute.wav,in_support,frequency_modulation,0.8823361396789551
sliderEmu/train/section_00_source_train_normal_0573_noAttribute.wav,in_support,amplitude_modulation,0.41405296325683594
sliderEmu/train/section_00_source_train_normal_0574_noAttribute.wav,in_support,frequency_modulation,0.8092268705368042
sliderEmu/train/section_00_source_train_normal_0575_noAttribute.wav,in_support,frequency_modulation,0.902904212474823
sliderEmu/train/section_00_source_train_normal_0576_noAttribute.wav,in_support,periodic_resonance,0.9399586319923401
sliderEmu/train/section_00_source_train_normal_0577_noAttribute.wav,in_support,periodic_resonance,0.9790170192718506
sliderEmu/train/section_00_source_train_normal_0578_noAttribute.wav,in_support,frequency_modulation,0.659135103225708
sliderEmu/train/section_00_source_train_normal_0579_noAttribute.wav,in_support,amplitude_modulation,0.9784808158874512
sliderEmu/train/section_00_source_train_normal_0580_noAttribute.wav,in_support,amplitude_modulation,0.7425060868263245
sliderEmu/train/section_00_source_train_normal_0581_noAttribute.wav,in_support,amplitude_modulation,0.2740854322910309
sliderEmu/train/section_00_source_train_normal_0582_noAttribute.wav,in_support,frequency_modulation,0.22357457876205444
sliderEmu/train/section_00_source_train_normal_0583_noAttribute.wav,in_support,frequency_modulation,0.8623315095901489
sliderEmu/train/section_00_source_train_normal_0584_noAttribute.wav,in_support,amplitude_modulation,0.1639610230922699
sliderEmu/train/section_00_source_train_normal_0585_noAttribute.wav,in_support,amplitude_modulation,0.9206750988960266
sliderEmu/train/section_00_source_train_normal_0586_noAttribute.wav,in_support,periodic_resonance,0.87392657995224
sliderEmu/train/section_00_source_train_normal_0587_noAttribute.wav,in_support,periodic_resonance,0.7656070590019226
sliderEmu/train/section_00_source_train_normal_0588_noAttribute.wav,in_support,amplitude_modulation,0.9455591440200806
sliderEmu/train/section_00_source_train_normal_0589_noAttribute.wav,in_support,amplitude_modulation,0.48159220814704895
sliderEmu/train/section_00_source_train_normal_0590_noAttribute.wav,in_support,amplitude_modulation,0.06810376793146133
sliderEmu/train/section_00_source_train_normal_0591_noAttribute.wav,in_support,frequency_modulation,0.7524155974388123
sliderEmu/train/section_00_source_train_normal_0592_noAttribute.wav,in_support,amplitude_modulation,0.6647329330444336
sliderEmu/train/section_00_source_train_normal_0593_noAttribute.wav,in_support,periodic_resonance,0.5294767022132874
sliderEmu/train/section_00_source_train_normal_0594_noAttribute.wav,in_support,frequency_modulation,0.8440065979957581
sliderEmu/train/section_00_source_train_normal_0595_noAttribute.wav,in_support,frequency_modulation,0.6222026348114014
sliderEmu/train/section_00_source_train_normal_0596_noAttribute.wav,in_support,amplitude_modulation,0.8457208275794983
sliderEmu/train/section_00_source_train_normal_0597_noAttribute.wav,in_support,frequency_modulation,0.8827456831932068
sliderEmu/train/section_00_source_train_normal_0598_noAttribute.wav,in_support,amplitude_modulation,0.07431454211473465
sliderEmu/train/section_00_source_train_normal_0599_noAttribute.wav,in_support,frequency_modulation,0.278794527053833
sliderEmu/train/section_00_source_train_normal_0600_noAttribute.wav,in_support,periodic_resonance,0.35572072863578796
sliderEmu/train/section_00_source_train_normal_0601_noAttribute.wav,in_support,frequency_modulation,0.8524061441421509
sliderEmu/train/section_00_source_train_normal_0602_noAttribute.wav,in_support,amplitude_modulation,0.8230323791503906
sliderEmu/train/section_00_source_train_normal_0603_noAttribute.wav,in_support,amplitude_modulation,0.8621054887771606
sliderEmu/train/section_00_source_train_normal_0604_noAttribute.wav,in_support,amplitude_modulation,0.4690476357936859
sliderEmu/train/section_00_source_train_normal_0605_noAttribute.wav,in_support,periodic_resonance,0.5340133905410767
sliderEmu/train/section_00_source_train_normal_0606_noAttribute.wav,in_support,amplitude_modulation,0.8545874357223511
sliderEmu/train/section_00_source_train_normal_0607_noAttribute.wav,in_support,amplitude_modulation,0.18850915133953094
sliderEmu/train/section_00_source_train_normal_0608_noAttribute.wav,in_support,amplitude_modulation,0.07466374337673187
sliderEmu/train/section_00_source_train_normal_0609_noAttribute.wav,in_support,periodic_resonance,0.8993444442749023
sliderEmu/train/section_00_source_train_normal_0610_noAttribute.wav,in_support,periodic_resonance,0.37318626046180725
sliderEmu/train/section_00_source_train_normal_0611_noAttribute.wav,in_support,frequency_modulation,0.7809812426567078
sliderEmu/train/section_00_source_train_normal_0612_noAttribute.wav,in_support,amplitude_modulation,0.17494116723537445
sliderEmu/train/section_00_source_train_normal_0613_noAttribute.wav,in_support,amplitude_modulation,0.03526706621050835
sliderEmu/train/section_00_source_train_normal_0614_noAttribute.wav,in_support,amplitude_modulation,0.12977313995361328
sliderEmu/train/section_00_source_train_normal_0615_noAttribute.wav,in_support,frequency_modulation,0.5294342637062073
sliderEmu/train/section_00_source_train_normal_0616_noAttribute.wav,in_support,amplitude_modulation,0.22221705317497253
sliderEmu/train/section_00_source_train_normal_0617_noAttribute.wav,in_support,frequency_modulation,0.8692176342010498
sliderEmu/train/section_00_source_train_normal_0618_noAttribute.wav,in_support,periodic_resonance,0.8854245543479919
sliderEmu/train/section_00_source_train_normal_0619_noAttribute.wav,in_support,periodic_resonance,0.7775993347167969
sliderEmu/train/section_00_source_train_normal_0620_noAttribute.wav,in_support,periodic_resonance,0.9359294772148132
sliderEmu/train/section_00_source_train_normal_0621_noAttribute.wav,in_support,periodic_resonance,0.9485684037208557
sliderEmu/train/section_00_source_train_normal_0622_noAttribute.wav,in_support,frequency_modulation,0.4396236836910248
sliderEmu/train/section_00_source_train_normal_0623_noAttribute.wav,in_support,frequency_modulation,0.7866813540458679
sliderEmu/train/section_00_source_train_normal_0624_noAttribute.wav,in_support,amplitude_modulation,0.2543841302394867
sliderEmu/train/section_00_source_train_normal_0625_noAttribute.wav,in_support,frequency_modulation,0.31357964873313904
sliderEmu/train/section_00_source_train_normal_0626_noAttribute.wav,in_support,amplitude_modulation,0.40510934591293335
sliderEmu/train/section_00_source_train_normal_0627_noAttribute.wav,in_support,frequency_modulation,0.7881258130073547
sliderEmu/train/section_00_source_train_normal_0628_noAttribute.wav,in_support,amplitude_modulation,0.15313394367694855
sliderEmu/train/section_00_source_train_normal_0629_noAttribute.wav,in_support,amplitude_modulation,0.23151442408561707
sliderEmu/train/section_00_source_train_normal_0630_noAttribute.wav,in_support,amplitude_modulation,0.8772704601287842
sliderEmu/train/section_00_source_train_normal_0631_noAttribute.wav,in_support,periodic_resonance,0.8640101552009583
sliderEmu/train/section_00_source_train_normal_0632_noAttribute.wav,in_support,periodic_resonance,0.2698287069797516
sliderEmu/train/section_00_source_train_normal_0633_noAttribute.wav,in_support,periodic_resonance,0.8553023338317871
sliderEmu/train/section_00_source_train_normal_0634_noAttribute.wav,in_support,periodic_resonance,0.8072969317436218
sliderEmu/train/section_00_source_train_normal_0635_noAttribute.wav,in_support,periodic_resonance,0.697045087814331
sliderEmu/train/section_00_source_train_normal_0636_noAttribute.wav,in_support,periodic_resonance,0.6186553239822388
sliderEmu/train/section_00_source_train_normal_0637_noAttribute.wav,in_support,periodic_resonance,0.3989576995372772
sliderEmu/train/section_00_source_train_normal_0638_noAttribute.wav,in_support,amplitude_modulation,0.5992377400398254
sliderEmu/train/section_00_source_train_normal_0639_noAttribute.wav,in_support,amplitude_modulation,0.9441809058189392
sliderEmu/train/section_00_source_train_normal_0640_noAttribute.wav,in_support,frequency_modulation,0.13422946631908417
sliderEmu/train/section_00_source_train_normal_0641_noAttribute.wav,in_support,periodic_resonance,0.6952336430549622
sliderEmu/train/section_00_source_train_normal_0642_noAttribute.wav,in_support,frequency_modulation,0.7880464196205139
sliderEmu/train/section_00_source_train_normal_0643_noAttribute.wav,in_support,amplitude_modulation,0.871753990650177
sliderEmu/train/section_00_source_train_normal_0644_noAttribute.wav,in_support,periodic_resonance,0.7243843674659729
sliderEmu/train/section_00_source_train_normal_0645_noAttribute.wav,in_support,amplitude_modulation,0.06306497007608414
sliderEmu/train/section_00_source_train_normal_0646_noAttribute.wav,in_support,amplitude_modulation,0.4396308362483978
sliderEmu/train/section_00_source_train_normal_0647_noAttribute.wav,in_support,periodic_resonance,0.19540761411190033
sliderEmu/train/section_00_source_train_normal_0648_noAttribute.wav,in_support,periodic_resonance,0.9823532104492188
sliderEmu/train/section_00_source_train_normal_0649_noAttribute.wav,in_support,amplitude_modulation,0.436371386051178
sliderEmu/train/section_00_source_train_normal_0650_noAttribute.wav,in_support,amplitude_modulation,0.21510742604732513
sliderEmu/train/section_00_source_train_normal_0651_noAttribute.wav,in_support,frequency_modulation,0.8938661217689514
sliderEmu/train/section_00_source_train_normal_0652_noAttribute.wav,in_support,periodic_resonance,0.6556354761123657
sliderEmu/train/section_00_source_train_normal_0653_noAttribute.wav,in_support,periodic_resonance,0.9594517350196838
sliderEmu/train/section_00_source_train_normal_0654_noAttribute.wav,in_support,frequency_modulation,0.4565843641757965
sliderEmu/train/section_00_source_train_normal_0655_noAttribute.wav,in_support,amplitude_modulation,0.11434277892112732
sliderEmu/train/section_00_source_train_normal_0656_noAttribute.wav,in_support,periodic_resonance,0.7152568101882935
sliderEmu/train/section_00_source_train_normal_0657_noAttribute.wav,in_support,amplitude_modulation,0.968723714351654
sliderEmu/train/section_00_source_train_normal_0658_noAttribute.wav,in_support,periodic_resonance,0.44798535108566284
sliderEmu/train/section_00_source_train_normal_0659_noAttribute.wav,in_support,amplitude_modulation,0.03531345725059509
sliderEmu/train/section_00_source_train_normal_0660_noAttribute.wav,in_support,periodic_resonance,0.9435699582099915
sliderEmu/train/section_00_source_train_normal_0661_noAttribute.wav,in_support,periodic_resonance,0.854137122631073
sliderEmu/train/section_00_source_train_normal_0662_noAttribute.wav,in_support,amplitude_modulation,0.8942847847938538
sliderEmu/train/section_00_source_train_normal_0663_noAttribute.wav,in_support,amplitude_modulation,0.7005813717842102
sliderEmu/train/section_00_source_train_normal_0664_noAttribute.wav,in_support,periodic_resonance,0.736772894859314
sliderEmu/train/section_00_source_train_normal_0665_noAttribute.wav,in_support,amplitude_modulation,0.8690624237060547
sliderEmu/train/section_00_source_train_normal_0666_noAttribute.wav,in_support,periodic_resonance,0.32029905915260315
sliderEmu/train/section_00_source_train_normal_0667_noAttribute.wav,in_support,periodic_resonance,0.9543125629425049
sliderEmu/train/section_00_source_train_normal_0668_noAttribute.wav,in_support,frequency_modulation,0.8200549483299255
sliderEmu/train/section_00_source_train_normal_0669_noAttribute.wav,in_support,amplitude_modulation,0.9216514229774475
sliderEmu/train/section_00_source_train_normal_0670_noAttribute.wav,in_support,frequency_modulation,0.19644901156425476
sliderEmu/train/section_00_source_train_normal_0671_noAttribute.wav,in_support,periodic_resonance,0.9212872385978699
sliderEmu/train/section_00_source_train_normal_0672_noAttribute.wav,in_support,frequency_modulation,0.9137594699859619
sliderEmu/train/section_00_source_train_normal_0673_noAttribute.wav,in_support,frequency_modulation,0.8161023855209351
sliderEmu/train/section_00_source_train_normal_0674_noAttribute.wav,in_support,frequency_modulation,0.21055154502391815
sliderEmu/train/section_00_source_train_normal_0675_noAttribute.wav,in_support,frequency_modulation,0.9898219108581543
sliderEmu/train/section_00_source_train_normal_0676_noAttribute.wav,in_support,periodic_resonance,0.8414584398269653
sliderEmu/train/section_00_source_train_normal_0677_noAttribute.wav,in_support,frequency_modulation,0.40417879819869995
sliderEmu/train/section_00_source_train_normal_0678_noAttribute.wav,in_support,periodic_resonance,0.8456996083259583
sliderEmu/train/section_00_source_train_normal_0679_noAttribute.wav,in_support,amplitude_modulation,0.41389235854148865
sliderEmu/train/section_00_source_train_normal_0680_noAttribute.wav,in_support,periodic_resonance,0.95164555311203
sliderEmu/train/section_00_source_train_normal_0681_noAttribute.wav,in_support,frequency_modulation,0.6067032814025879
sliderEmu/train/section_00_source_train_normal_0682_noAttribute.wav,in_support,frequency_modulation,0.27514755725860596
sliderEmu/train/section_00_source_train_normal_0683_noAttribute.wav,in_support,amplitude_modulation,0.8564679026603699
sliderEmu/train/section_00_source_train_normal_0684_noAttribute.wav,in_support,frequency_modulation,0.5693742036819458
sliderEmu/train/section_00_source_train_normal_0685_noAttribute.wav,in_support,periodic_resonance,0.8257409334182739
sliderEmu/train/section_00_source_train_normal_0686_noAttribute.wav,in_support,periodic_resonance,0.7132320404052734
sliderEmu/train/section_00_source_train_normal_0687_noAttribute.wav,in_support,frequency_modulation,0.9881476163864136
sliderEmu/train/section_00_source_train_normal_0688_noAttribute.wav,in_support,periodic_resonance,0.911081850528717
sliderEmu/train/section_00_source_train_normal_0689_noAttribute.wav,in_support,frequency_modulation,0.7993809580802917
sliderEmu/train/section_00_source_train_normal_0690_noAttribute.wav,in_support,frequency_modulation,0.4863828420639038
sliderEmu/train/section_00_source_train_normal_0691_noAttribute.wav,in_support,amplitude_modulation,0.5883852243423462
sliderEmu/train/section_00_source_train_normal_0692_noAttribute.wav,in_support,periodic_resonance,0.402559757232666
sliderEmu/train/section_00_source_train_normal_0693_noAttribute.wav,in_support,periodic_resonance,0.9275567531585693
sliderEmu/train/section_00_source_train_normal_0694_noAttribute.wav,in_support,amplitude_modulation,0.08198153227567673
sliderEmu/train/section_00_source_train_normal_0695_noAttribute.wav,in_support,periodic_resonance,0.5851596593856812
sliderEmu/train/section_00_source_train_normal_0696_noAttribute.wav,in_support,periodic_resonance,0.9731500148773193
sliderEmu/train/section_00_source_train_normal_0697_noAttribute.wav,in_support,frequency_modulation,0.9388672113418579
sliderEmu/train/section_00_source_train_normal_0698_noAttribute.wav,in_support,amplitude_modulation,0.08371324092149734
sliderEmu/train/section_00_source_train_normal_0699_noAttribute.wav,in_support,amplitude_modulation,0.8974789381027222
sliderEmu/train/section_00_source_train_normal_0700_noAttribute.wav,in_support,amplitude_modulation,0.7263542413711548
sliderEmu/train/section_00_source_train_normal_0701_noAttribute.wav,in_support,frequency_modulation,0.5556114315986633
sliderEmu/train/section_00_source_train_normal_0702_noAttribute.wav,in_support,amplitude_modulation,0.10647086799144745
sliderEmu/train/section_00_source_train_normal_0703_noAttribute.wav,in_support,amplitude_modulation,0.7258002758026123
sliderEmu/train/section_00_source_train_normal_0704_noAttribute.wav,in_support,frequency_modulation,0.609882652759552
sliderEmu/train/section_00_source_train_normal_0705_noAttribute.wav,in_support,periodic_resonance,0.7718216180801392
sliderEmu/train/section_00_source_train_normal_0706_noAttribute.wav,in_support,frequency_modulation,0.9201560020446777
sliderEmu/train/section_00_source_train_normal_0707_noAttribute.wav,in_support,periodic_resonance,0.8583343625068665
sliderEmu/train/section_00_source_train_normal_0708_noAttribute.wav,in_support,amplitude_modulation,0.8123774528503418
sliderEmu/train/section_00_source_train_normal_0709_noAttribute.wav,in_support,amplitude_modulation,0.10958120971918106
sliderEmu/train/section_00_source_train_normal_0710_noAttribute.wav,in_support,frequency_modulation,0.941533088684082
sliderEmu/train/section_00_source_train_normal_0711_noAttribute.wav,in_support,periodic_resonance,0.4449142515659332
sliderEmu/train/section_00_source_train_normal_0712_noAttribute.wav,in_support,frequency_modulation,0.8547688722610474
sliderEmu/train/section_00_source_train_normal_0713_noAttribute.wav,in_support,periodic_resonance,0.9105880260467529
sliderEmu/train/section_00_source_train_normal_0714_noAttribute.wav,in_support,frequency_modulation,0.33387160301208496
sliderEmu/train/section_00_source_train_normal_0715_noAttribute.wav,in_support,periodic_resonance,0.4042915403842926
sliderEmu/train/section_00_source_train_normal_0716_noAttribute.wav,in_support,frequency_modulation,0.34589892625808716
sliderEmu/train/section_00_source_train_normal_0717_noAttribute.wav,in_support,frequency_modulation,0.4809778034687042
sliderEmu/train/section_00_source_train_normal_0718_noAttribute.wav,in_support,amplitude_modulation,0.7735311985015869
sliderEmu/train/section_00_source_train_normal_0719_noAttribute.wav,in_support,frequency_modulation,0.9084292054176331
sliderEmu/train/section_00_source_train_normal_0720_noAttribute.wav,in_support,amplitude_modulation,0.08223731815814972
sliderEmu/train/section_00_source_train_normal_0721_noAttribute.wav,in_support,periodic_resonance,0.656061589717865
sliderEmu/train/section_00_source_train_normal_0722_noAttribute.wav,in_support,frequency_modulation,0.6558712720870972
sliderEmu/train/section_00_source_train_normal_0723_noAttribute.wav,in_support,amplitude_modulation,0.3156696557998657
sliderEmu/train/section_00_source_train_normal_0724_noAttribute.wav,in_support,periodic_resonance,0.9790742993354797
sliderEmu/train/section_00_source_train_normal_0725_noAttribute.wav,in_support,frequency_modulation,0.3510195016860962
sliderEmu/train/section_00_source_train_normal_0726_noAttribute.wav,in_support,frequency_modulation,0.9143278002738953
sliderEmu/train/section_00_source_train_normal_0727_noAttribute.wav,in_support,frequency_modulation,0.7681710124015808
sliderEmu/train/section_00_source_train_normal_0728_noAttribute.wav,in_support,periodic_resonance,0.6464380621910095
sliderEmu/train/section_00_source_train_normal_0729_noAttribute.wav,in_support,amplitude_modulation,0.8865751028060913
sliderEmu/train/section_00_source_train_normal_0730_noAttribute.wav,in_support,frequency_modulation,0.28274258971214294
sliderEmu/train/section_00_source_train_normal_0731_noAttribute.wav,in_support,amplitude_modulation,0.06720264256000519
sliderEmu/train/section_00_source_train_normal_0732_noAttribute.wav,in_support,periodic_resonance,0.8873593211174011
sliderEmu/train/section_00_source_train_normal_0733_noAttribute.wav,in_support,frequency_modulation,0.5544187426567078
sliderEmu/train/section_00_source_train_normal_0734_noAttribute.wav,in_support,amplitude_modulation,0.818385124206543
sliderEmu/train/section_00_source_train_normal_0735_noAttribute.wav,in_support,periodic_resonance,0.5071191787719727
sliderEmu/train/section_00_source_train_normal_0736_noAttribute.wav,in_support,periodic_resonance,0.9183823466300964
sliderEmu/train/section_00_source_train_normal_0737_noAttribute.wav,in_support,amplitude_modulation,0.9134188294410706
sliderEmu/train/section_00_source_train_normal_0738_noAttribute.wav,in_support,periodic_resonance,0.8758670091629028
sliderEmu/train/section_00_source_train_normal_0739_noAttribute.wav,in_support,amplitude_modulation,0.286464661359787
sliderEmu/train/section_00_source_train_normal_0740_noAttribute.wav,in_support,periodic_resonance,0.6794126033782959
sliderEmu/train/section_00_source_train_normal_0741_noAttribute.wav,in_support,amplitude_modulation,0.44433537125587463
sliderEmu/train/section_00_source_train_normal_0742_noAttribute.wav,in_support,periodic_resonance,0.8299859166145325
sliderEmu/train/section_00_source_train_normal_0743_noAttribute.wav,in_support,amplitude_modulation,0.8939643502235413
sliderEmu/train/section_00_source_train_normal_0744_noAttribute.wav,in_support,periodic_resonance,0.9333948493003845
sliderEmu/train/section_00_source_train_normal_0745_noAttribute.wav,in_support,periodic_resonance,0.9888894557952881
sliderEmu/train/section_00_source_train_normal_0746_noAttribute.wav,in_support,amplitude_modulation,0.4688282608985901
sliderEmu/train/section_00_source_train_normal_0747_noAttribute.wav,in_support,periodic_resonance,0.9352123141288757
sliderEmu/train/section_00_source_train_normal_0748_noAttribute.wav,in_support,periodic_resonance,0.6094059944152832
sliderEmu/train/section_00_source_train_normal_0749_noAttribute.wav,in_support,frequency_modulation,0.7694693207740784
sliderEmu/train/section_00_source_train_normal_0750_noAttribute.wav,in_support,periodic_resonance,0.39471954107284546
sliderEmu/train/section_00_source_train_normal_0751_noAttribute.wav,in_support,frequency_modulation,0.4636082053184509
sliderEmu/train/section_00_source_train_normal_0752_noAttribute.wav,in_support,frequency_modulation,0.7425701022148132
sliderEmu/train/section_00_source_train_normal_0753_noAttribute.wav,in_support,frequency_modulation,0.8572649359703064
sliderEmu/train/section_00_source_train_normal_0754_noAttribute.wav,in_support,amplitude_modulation,0.4941406548023224
sliderEmu/train/section_00_source_train_normal_0755_noAttribute.wav,in_support,periodic_resonance,0.4065895676612854
sliderEmu/train/section_00_source_train_normal_0756_noAttribute.wav,in_support,amplitude_modulation,0.03378434479236603
sliderEmu/train/section_00_source_train_normal_0757_noAttribute.wav,in_support,amplitude_modulation,0.7671942710876465
sliderEmu/train/section_00_source_train_normal_0758_noAttribute.wav,in_support,frequency_modulation,0.950425922870636
sliderEmu/train/section_00_source_train_normal_0759_noAttribute.wav,in_support,amplitude_modulation,0.0754256322979927
sliderEmu/train/section_00_source_train_normal_0760_noAttribute.wav,in_support,frequency_modulation,0.6011012196540833
sliderEmu/train/section_00_source_train_normal_0761_noAttribute.wav,in_support,periodic_resonance,0.8560821413993835
sliderEmu/train/section_00_source_train_normal_0762_noAttribute.wav,in_support,periodic_resonance,0.903064489364624
sliderEmu/train/section_00_source_train_normal_0763_noAttribute.wav,in_support,frequency_modulation,0.30503925681114197
sliderEmu/train/section_00_source_train_normal_0764_noAttribute.wav,in_support,amplitude_modulation,0.5250247716903687
sliderEmu/train/section_00_source_train_normal_0765_noAttribute.wav,in_support,periodic_resonance,0.697736382484436
sliderEmu/train/section_00_source_train_normal_0766_noAttribute.wav,in_support,amplitude_modulation,0.23823051154613495
sliderEmu/train/section_00_source_train_normal_0767_noAttribute.wav,in_support,amplitude_modulation,0.5927695631980896
sliderEmu/train/section_00_source_train_normal_0768_noAttribute.wav,in_support,frequency_modulation,0.8017938733100891
sliderEmu/train/section_00_source_train_normal_0769_noAttribute.wav,in_support,frequency_modulation,0.25046199560165405
sliderEmu/train/section_00_source_train_normal_0770_noAttribute.wav,in_support,periodic_resonance,0.9248364567756653
sliderEmu/train/section_00_source_train_normal_0771_noAttribute.wav,in_support,periodic_resonance,0.9264187216758728
sliderEmu/train/section_00_source_train_normal_0772_noAttribute.wav,in_support,periodic_resonance,0.8376660943031311
sliderEmu/train/section_00_source_train_normal_0773_noAttribute.wav,in_support,periodic_resonance,0.9715800881385803
sliderEmu/train/section_00_source_train_normal_0774_noAttribute.wav,in_support,frequency_modulation,0.15831467509269714
sliderEmu/train/section_00_source_train_normal_0775_noAttribute.wav,in_support,amplitude_modulation,0.1717524528503418
sliderEmu/train/section_00_source_train_normal_0776_noAttribute.wav,in_support,periodic_resonance,0.9292231202125549
sliderEmu/train/section_00_source_train_normal_0777_noAttribute.wav,in_support,amplitude_modulation,0.8169832229614258
sliderEmu/train/section_00_source_train_normal_0778_noAttribute.wav,in_support,periodic_resonance,0.7736729383468628
sliderEmu/train/section_00_source_train_normal_0779_noAttribute.wav,in_support,amplitude_modulation,0.8891682624816895
sliderEmu/train/section_00_source_train_normal_0780_noAttribute.wav,in_support,amplitude_modulation,0.0872899517416954
sliderEmu/train/section_00_source_train_normal_0781_noAttribute.wav,in_support,periodic_resonance,0.9504502415657043
sliderEmu/train/section_00_source_train_normal_0782_noAttribute.wav,in_support,frequency_modulation,0.9283193945884705
sliderEmu/train/section_00_source_train_normal_0783_noAttribute.wav,in_support,frequency_modulation,0.13215158879756927
sliderEmu/train/section_00_source_train_normal_0784_noAttribute.wav,in_support,amplitude_modulation,0.6888769268989563
sliderEmu/train/section_00_source_train_normal_0785_noAttribute.wav,in_support,frequency_modulation,0.25475019216537476
sliderEmu/train/section_00_source_train_normal_0786_noAttribute.wav,in_support,periodic_resonance,0.6726148724555969
sliderEmu/train/section_00_source_train_normal_0787_noAttribute.wav,in_support,frequency_modulation,0.5397745370864868
sliderEmu/train/section_00_source_train_normal_0788_noAttribute.wav,in_support,periodic_resonance,0.7578278183937073
sliderEmu/train/section_00_source_train_normal_0789_noAttribute.wav,in_support,periodic_resonance,0.763648509979248
sliderEmu/train/section_00_source_train_normal_0790_noAttribute.wav,in_support,frequency_modulation,0.6253845691680908
sliderEmu/train/section_00_source_train_normal_0791_noAttribute.wav,in_support,frequency_modulation,0.7179291248321533
sliderEmu/train/section_00_source_train_normal_0792_noAttribute.wav,in_support,frequency_modulation,0.7973489761352539
sliderEmu/train/section_00_source_train_normal_0793_noAttribute.wav,in_support,amplitude_modulation,0.08598817139863968
sliderEmu/train/section_00_source_train_normal_0794_noAttribute.wav,in_support,amplitude_modulation,0.6364267468452454
sliderEmu/train/section_00_source_train_normal_0795_noAttribute.wav,in_support,periodic_resonance,0.6670442223548889
sliderEmu/train/section_00_source_train_normal_0796_noAttribute.wav,in_support,frequency_modulation,0.2407442033290863
sliderEmu/train/section_00_source_train_normal_0797_noAttribute.wav,in_support,amplitude_modulation,0.825898289680481
sliderEmu/train/section_00_source_train_normal_0798_noAttribute.wav,in_support,amplitude_modulation,0.19860625267028809
sliderEmu/train/section_00_source_train_normal_0799_noAttribute.wav,in_support,frequency_modulation,0.39150434732437134
sliderEmu/train/section_00_source_train_normal_0800_noAttribute.wav,in_support,amplitude_modulation,0.7824476957321167
sliderEmu/train/section_00_source_train_normal_0801_noAttribute.wav,in_support,periodic_resonance,0.8752206563949585
sliderEmu/train/section_00_source_train_normal_0802_noAttribute.wav,in_support,frequency_modulation,0.40496760606765747
sliderEmu/train/section_00_source_train_normal_0803_noAttribute.wav,in_support,frequency_modulation,0.16247719526290894
sliderEmu/train/section_00_source_train_normal_0804_noAttribute.wav,in_support,amplitude_modulation,0.6790069937705994
sliderEmu/train/section_00_source_train_normal_0805_noAttribute.wav,in_support,frequency_modulation,0.4798853397369385
sliderEmu/train/section_00_source_train_normal_0806_noAttribute.wav,in_support,frequency_modulation,0.667576253414154
sliderEmu/train/section_00_source_train_normal_0807_noAttribute.wav,in_support,periodic_resonance,0.7402684092521667
sliderEmu/train/section_00_source_train_normal_0808_noAttribute.wav,in_support,amplitude_modulation,0.7686761021614075
sliderEmu/train/section_00_source_train_normal_0809_noAttribute.wav,in_support,frequency_modulation,0.2200430929660797
sliderEmu/train/section_00_source_train_normal_0810_noAttribute.wav,in_support,periodic_resonance,0.9336631298065186
sliderEmu/train/section_00_source_train_normal_0811_noAttribute.wav,in_support,frequency_modulation,0.6931868195533752
sliderEmu/train/section_00_source_train_normal_0812_noAttribute.wav,in_support,frequency_modulation,0.7086551785469055
sliderEmu/train/section_00_source_train_normal_0813_noAttribute.wav,in_support,amplitude_modulation,0.45213639736175537
sliderEmu/train/section_00_source_train_normal_0814_noAttribute.wav,in_support,frequency_modulation,0.722536027431488
sliderEmu/train/section_00_source_train_normal_0815_noAttribute.wav,in_support,frequency_modulation,0.6902372241020203
sliderEmu/train/section_00_source_train_normal_0816_noAttribute.wav,in_support,periodic_resonance,0.5438007712364197
sliderEmu/train/section_00_source_train_normal_0817_noAttribute.wav,in_support,periodic_resonance,0.7506054043769836
sliderEmu/train/section_00_source_train_normal_0818_noAttribute.wav,in_support,frequency_modulation,0.5734554529190063
sliderEmu/train/section_00_source_train_normal_0819_noAttribute.wav,in_support,periodic_resonance,0.5460781455039978
sliderEmu/train/section_00_source_train_normal_0820_noAttribute.wav,in_support,frequency_modulation,0.9535561203956604
sliderEmu/train/section_00_source_train_normal_0821_noAttribute.wav,in_support,amplitude_modulation,0.11099910736083984
sliderEmu/train/section_00_source_train_normal_0822_noAttribute.wav,in_support,periodic_resonance,0.8737531900405884
sliderEmu/train/section_00_source_train_normal_0823_noAttribute.wav,in_support,periodic_resonance,0.9726204872131348
sliderEmu/train/section_00_source_train_normal_0824_noAttribute.wav,in_support,periodic_resonance,0.37939363718032837
sliderEmu/train/section_00_source_train_normal_0825_noAttribute.wav,in_support,frequency_modulation,0.9262742400169373
sliderEmu/train/section_00_source_train_normal_0826_noAttribute.wav,in_support,frequency_modulation,0.7335609793663025
sliderEmu/train/section_00_source_train_normal_0827_noAttribute.wav,in_support,periodic_resonance,0.7778494358062744
sliderEmu/train/section_00_source_train_normal_0828_noAttribute.wav,in_support,frequency_modulation,0.9008893966674805
sliderEmu/train/section_00_source_train_normal_0829_noAttribute.wav,in_support,periodic_resonance,0.48114150762557983
sliderEmu/train/section_00_source_train_normal_0830_noAttribute.wav,in_support,amplitude_modulation,0.029801445081830025
sliderEmu/train/section_00_source_train_normal_0831_noAttribute.wav,in_support,periodic_resonance,0.33314478397369385
sliderEmu/train/section_00_source_train_normal_0832_noAttribute.wav,in_support,periodic_resonance,0.9732034802436829
sliderEmu/train/section_00_source_train_normal_0833_noAttribute.wav,in_support,amplitude_modulation,0.36202675104141235
sliderEmu/train/section_00_source_train_normal_0834_noAttribute.wav,in_support,amplitude_modulation,0.2605011463165283
sliderEmu/train/section_00_source_train_normal_0835_noAttribute.wav,in_support,frequency_modulation,0.6464458703994751
sliderEmu/train/section_00_source_train_normal_0836_noAttribute.wav,in_support,frequency_modulation,0.5013040900230408
sliderEmu/train/section_00_source_train_normal_0837_noAttribute.wav,in_support,amplitude_modulation,0.04571543633937836
sliderEmu/train/section_00_source_train_normal_0838_noAttribute.wav,in_support,amplitude_modulation,0.8304778933525085
sliderEmu/train/section_00_source_train_normal_0839_noAttribute.wav,in_support,amplitude_modulation,0.874049723148346
sliderEmu/train/section_00_source_train_normal_0840_noAttribute.wav,in_support,frequency_modulation,0.525671660900116
sliderEmu/train/section_00_source_train_normal_0841_noAttribute.wav,in_support,frequency_modulation,0.9335480332374573
sliderEmu/train/section_00_source_train_normal_0842_noAttribute.wav,in_support,amplitude_modulation,0.07963122427463531
sliderEmu/train/section_00_source_train_normal_0843_noAttribute.wav,in_support,amplitude_modulation,0.05987604334950447
sliderEmu/train/section_00_source_train_normal_0844_noAttribute.wav,in_support,frequency_modulation,0.8729842305183411
sliderEmu/train/section_00_source_train_normal_0845_noAttribute.wav,in_support,frequency_modulation,0.4356713891029358
sliderEmu/train/section_00_source_train_normal_0846_noAttribute.wav,in_support,periodic_resonance,0.9665066003799438
sliderEmu/train/section_00_source_train_normal_0847_noAttribute.wav,in_support,amplitude_modulation,0.2919916808605194
sliderEmu/train/section_00_source_train_normal_0848_noAttribute.wav,in_support,frequency_modulation,0.20230303704738617
sliderEmu/train/section_00_source_train_normal_0849_noAttribute.wav,in_support,amplitude_modulation,0.1936298906803131
sliderEmu/train/section_00_source_train_normal_0850_noAttribute.wav,in_support,periodic_resonance,0.9899471402168274
sliderEmu/train/section_00_source_train_normal_0851_noAttribute.wav,in_support,frequency_modulation,0.29096901416778564
sliderEmu/train/section_00_source_train_normal_0852_noAttribute.wav,in_support,frequency_modulation,0.8642321825027466
sliderEmu/train/section_00_source_train_normal_0853_noAttribute.wav,in_support,frequency_modulation,0.9405977129936218
sliderEmu/train/section_00_source_train_normal_0854_noAttribute.wav,in_support,frequency_modulation,0.7963458895683289
sliderEmu/train/section_00_source_train_normal_0855_noAttribute.wav,in_support,amplitude_modulation,0.8676628470420837
sliderEmu/train/section_00_source_train_normal_0856_noAttribute.wav,in_support,periodic_resonance,0.2406003177165985
sliderEmu/train/section_00_source_train_normal_0857_noAttribute.wav,in_support,periodic_resonance,0.8965070843696594
sliderEmu/train/section_00_source_train_normal_0858_noAttribute.wav,in_support,amplitude_modulation,0.6418866515159607
sliderEmu/train/section_00_source_train_normal_0859_noAttribute.wav,in_support,amplitude_modulation,0.8184477686882019
sliderEmu/train/section_00_source_train_normal_0860_noAttribute.wav,in_support,frequency_modulation,0.8379867672920227
sliderEmu/train/section_00_source_train_normal_0861_noAttribute.wav,in_support,amplitude_modulation,0.20446766912937164
sliderEmu/train/section_00_source_train_normal_0862_noAttribute.wav,in_support,amplitude_modulation,0.4578906297683716
sliderEmu/train/section_00_source_train_normal_0863_noAttribute.wav,in_support,amplitude_modulation,0.16991837322711945
sliderEmu/train/section_00_source_train_normal_0864_noAttribute.wav,in_support,amplitude_modulation,0.955575168132782
sliderEmu/train/section_00_source_train_normal_0865_noAttribute.wav,in_support,frequency_modulation,0.6741804480552673
sliderEmu/train/section_00_source_train_normal_0866_noAttribute.wav,in_support,periodic_resonance,0.6960172653198242
sliderEmu/train/section_00_source_train_normal_0867_noAttribute.wav,in_support,frequency_modulation,0.6169400215148926
sliderEmu/train/section_00_source_train_normal_0868_noAttribute.wav,in_support,frequency_modulation,0.2921343743801117
sliderEmu/train/section_00_source_train_normal_0869_noAttribute.wav,in_support,amplitude_modulation,0.707836925983429
sliderEmu/train/section_00_source_train_normal_0870_noAttribute.wav,in_support,frequency_modulation,0.9035072922706604
sliderEmu/train/section_00_source_train_normal_0871_noAttribute.wav,in_support,amplitude_modulation,0.8966753482818604
sliderEmu/train/section_00_source_train_normal_0872_noAttribute.wav,in_support,periodic_resonance,0.8662883639335632
sliderEmu/train/section_00_source_train_normal_0873_noAttribute.wav,in_support,frequency_modulation,0.30796733498573303
sliderEmu/train/section_00_source_train_normal_0874_noAttribute.wav,in_support,amplitude_modulation,0.18094998598098755
sliderEmu/train/section_00_source_train_normal_0875_noAttribute.wav,in_support,periodic_resonance,0.8128212094306946
sliderEmu/train/section_00_source_train_normal_0876_noAttribute.wav,in_support,periodic_resonance,0.7276219129562378
sliderEmu/train/section_00_source_train_normal_0877_noAttribute.wav,in_support,frequency_modulation,0.2332196831703186
sliderEmu/train/section_00_source_train_normal_0878_noAttribute.wav,in_support,frequency_modulation,0.6675294041633606
sliderEmu/train/section_00_source_train_normal_0879_noAttribute.wav,in_support,periodic_resonance,0.923172116279602
sliderEmu/train/section_00_source_train_normal_0880_noAttribute.wav,in_support,frequency_modulation,0.27961471676826477
sliderEmu/train/section_00_source_train_normal_0881_noAttribute.wav,in_support,periodic_resonance,0.8455771803855896
sliderEmu/train/section_00_source_train_normal_0882_noAttribute.wav,in_support,frequency_modulation,0.5296899676322937
sliderEmu/train/section_00_source_train_normal_0883_noAttribute.wav,in_support,frequency_modulation,0.7899307608604431
sliderEmu/train/section_00_source_train_normal_0884_noAttribute.wav,in_support,amplitude_modulation,0.6431031227111816
sliderEmu/train/section_00_source_train_normal_0885_noAttribute.wav,in_support,amplitude_modulation,0.2009488344192505
sliderEmu/train/section_00_source_train_normal_0886_noAttribute.wav,in_support,frequency_modulation,0.4774210751056671
sliderEmu/train/section_00_source_train_normal_0887_noAttribute.wav,in_support,periodic_resonance,0.5899949073791504
sliderEmu/train/section_00_source_train_normal_0888_noAttribute.wav,in_support,frequency_modulation,0.9623363018035889
sliderEmu/train/section_00_source_train_normal_0889_noAttribute.wav,in_support,periodic_resonance,0.2846558094024658
sliderEmu/train/section_00_source_train_normal_0890_noAttribute.wav,in_support,periodic_resonance,0.9052028656005859
sliderEmu/train/section_00_source_train_normal_0891_noAttribute.wav,in_support,frequency_modulation,0.49399566650390625
sliderEmu/train/section_00_source_train_normal_0892_noAttribute.wav,in_support,amplitude_modulation,0.576059877872467
sliderEmu/train/section_00_source_train_normal_0893_noAttribute.wav,in_support,periodic_resonance,0.4020940363407135
sliderEmu/train/section_00_source_train_normal_0894_noAttribute.wav,in_support,frequency_modulation,0.4573819041252136
sliderEmu/train/section_00_source_train_normal_0895_noAttribute.wav,in_support,frequency_modulation,0.7683881521224976
sliderEmu/train/section_00_source_train_normal_0896_noAttribute.wav,in_support,amplitude_modulation,0.8730226755142212
sliderEmu/train/section_00_source_train_normal_0897_noAttribute.wav,in_support,frequency_modulation,0.37358367443084717
sliderEmu/train/section_00_source_train_normal_0898_noAttribute.wav,in_support,amplitude_modulation,0.8144845962524414
sliderEmu/train/section_00_source_train_normal_0899_noAttribute.wav,in_support,periodic_resonance,0.42454230785369873
sliderEmu/train/section_00_source_train_normal_0900_noAttribute.wav,in_support,frequency_modulation,0.8320908546447754
sliderEmu/train/section_00_source_train_normal_0901_noAttribute.wav,in_support,frequency_modulation,0.14034898579120636
sliderEmu/train/section_00_source_train_normal_0902_noAttribute.wav,in_support,periodic_resonance,0.822975218296051
sliderEmu/train/section_00_source_train_normal_0903_noAttribute.wav,in_support,periodic_resonance,0.5514182448387146
sliderEmu/train/section_00_source_train_normal_0904_noAttribute.wav,in_support,periodic_resonance,0.7459372282028198
sliderEmu/train/section_00_source_train_normal_0905_noAttribute.wav,in_support,frequency_modulation,0.5778799057006836
sliderEmu/train/section_00_source_train_normal_0906_noAttribute.wav,in_support,periodic_resonance,0.9592868685722351
sliderEmu/train/section_00_source_train_normal_0907_noAttribute.wav,in_support,frequency_modulation,0.22101163864135742
sliderEmu/train/section_00_source_train_normal_0908_noAttribute.wav,in_support,periodic_resonance,0.9719611406326294
sliderEmu/train/section_00_source_train_normal_0909_noAttribute.wav,in_support,amplitude_modulation,0.17353616654872894
sliderEmu/train/section_00_source_train_normal_0910_noAttribute.wav,in_support,amplitude_modulation,0.8126556873321533
sliderEmu/train/section_00_source_train_normal_0911_noAttribute.wav,in_support,frequency_modulation,0.8516086339950562
sliderEmu/train/section_00_source_train_normal_0912_noAttribute.wav,in_support,periodic_resonance,0.5803965926170349
sliderEmu/train/section_00_source_train_normal_0913_noAttribute.wav,in_support,amplitude_modulation,0.6020827293395996
sliderEmu/train/section_00_source_train_normal_0914_noAttribute.wav,in_support,amplitude_modulation,0.32889413833618164
sliderEmu/train/section_00_source_train_normal_0915_noAttribute.wav,in_support,frequency_modulation,0.7932438850402832
sliderEmu/train/section_00_source_train_normal_0916_noAttribute.wav,in_support,periodic_resonance,0.8305082321166992
sliderEmu/train/section_00_source_train_normal_0917_noAttribute.wav,in_support,frequency_modulation,0.14964589476585388
sliderEmu/train/section_00_source_train_normal_0918_noAttribute.wav,in_support,periodic_resonance,0.6596425771713257
sliderEmu/train/section_00_source_train_normal_0919_noAttribute.wav,in_support,periodic_resonance,0.8791179656982422
sliderEmu/train/section_00_source_train_normal_0920_noAttribute.wav,in_support,amplitude_modulation,0.9182010293006897
sliderEmu/train/section_00_source_train_normal_0921_noAttribute.wav,in_support,amplitude_modulation,0.9378247857093811
sliderEmu/train/section_00_source_train_normal_0922_noAttribute.wav,in_support,periodic_resonance,0.4231250584125519
sliderEmu/train/section_00_source_train_normal_0923_noAttribute.wav,in_support,periodic_resonance,0.9675114750862122
sliderEmu/train/section_00_source_train_normal_0924_noAttribute.wav,in_support,amplitude_modulation,0.5136532783508301
sliderEmu/train/section_00_source_train_normal_0925_noAttribute.wav,in_support,frequency_modulation,0.9409018158912659
sliderEmu/train/section_00_source_train_normal_0926_noAttribute.wav,in_support,amplitude_modulation,0.8473629951477051
sliderEmu/train/section_00_source_train_normal_0927_noAttribute.wav,in_support,periodic_resonance,0.8186178803443909
sliderEmu/train/section_00_source_train_normal_0928_noAttribute.wav,in_support,periodic_resonance,0.8234164714813232
sliderEmu/train/section_00_source_train_normal_0929_noAttribute.wav,in_support,periodic_resonance,0.7424355149269104
sliderEmu/train/section_00_source_train_normal_0930_noAttribute.wav,in_support,frequency_modulation,0.5307046175003052
sliderEmu/train/section_00_source_train_normal_0931_noAttribute.wav,in_support,frequency_modulation,0.40572577714920044
sliderEmu/train/section_00_source_train_normal_0932_noAttribute.wav,in_support,periodic_resonance,0.7289491295814514
sliderEmu/train/section_00_source_train_normal_0933_noAttribute.wav,in_support,amplitude_modulation,0.5647275447845459
sliderEmu/train/section_00_source_train_normal_0934_noAttribute.wav,in_support,amplitude_modulation,0.04230441898107529
sliderEmu/train/section_00_source_train_normal_0935_noAttribute.wav,in_support,frequency_modulation,0.49124881625175476
sliderEmu/train/section_00_source_train_normal_0936_noAttribute.wav,in_support,periodic_resonance,0.3147564232349396
sliderEmu/train/section_00_source_train_normal_0937_noAttribute.wav,in_support,periodic_resonance,0.9749143719673157
sliderEmu/train/section_00_source_train_normal_0938_noAttribute.wav,in_support,amplitude_modulation,0.5391119718551636
sliderEmu/train/section_00_source_train_normal_0939_noAttribute.wav,in_support,amplitude_modulation,0.6344390511512756
sliderEmu/train/section_00_source_train_normal_0940_noAttribute.wav,in_support,amplitude_modulation,0.9112201929092407
sliderEmu/train/section_00_source_train_normal_0941_noAttribute.wav,in_support,amplitude_modulation,0.8118475675582886
sliderEmu/train/section_00_source_train_normal_0942_noAttribute.wav,in_support,amplitude_modulation,0.07590488344430923
sliderEmu/train/section_00_source_train_normal_0943_noAttribute.wav,in_support,frequency_modulation,0.8320367336273193
sliderEmu/train/section_00_source_train_normal_0944_noAttribute.wav,in_support,amplitude_modulation,0.2148817628622055
sliderEmu/train/section_00_source_train_normal_0945_noAttribute.wav,in_support,periodic_resonance,0.3397752046585083
sliderEmu/train/section_00_source_train_normal_0946_noAttribute.wav,in_support,frequency_modulation,0.9290844202041626
sliderEmu/train/section_00_source_train_normal_0947_noAttribute.wav,in_support,frequency_modulation,0.9458580017089844
sliderEmu/train/section_00_source_train_normal_0948_noAttribute.wav,in_support,frequency_modulation,0.783561110496521
sliderEmu/train/section_00_source_train_normal_0949_noAttribute.wav,in_support,frequency_modulation,0.17663519084453583
sliderEmu/train/section_00_source_train_normal_0950_noAttribute.wav,in_support,amplitude_modulation,0.16607564687728882
sliderEmu/train/section_00_source_train_normal_0951_noAttribute.wav,in_support,amplitude_modulation,0.607975423336029
sliderEmu/train/section_00_source_train_normal_0952_noAttribute.wav,in_support,periodic_resonance,0.9325580596923828
sliderEmu/train/section_00_source_train_normal_0953_noAttribute.wav,in_support,periodic_resonance,0.5819317698478699
sliderEmu/train/section_00_source_train_normal_0954_noAttribute.wav,in_support,periodic_resonance,0.917285144329071
sliderEmu/train/section_00_source_train_normal_0955_noAttribute.wav,in_support,amplitude_modulation,0.26786646246910095
sliderEmu/train/section_00_source_train_normal_0956_noAttribute.wav,in_support,periodic_resonance,0.5539579391479492
sliderEmu/train/section_00_source_train_normal_0957_noAttribute.wav,in_support,periodic_resonance,0.12938974797725677
sliderEmu/train/section_00_source_train_normal_0958_noAttribute.wav,in_support,periodic_resonance,0.4575008153915405
sliderEmu/train/section_00_source_train_normal_0959_noAttribute.wav,in_support,periodic_resonance,0.844143807888031
sliderEmu/train/section_00_source_train_normal_0960_noAttribute.wav,in_support,frequency_modulation,0.9669511914253235
sliderEmu/train/section_00_source_train_normal_0961_noAttribute.wav,in_support,frequency_modulation,0.34599554538726807
sliderEmu/train/section_00_source_train_normal_0962_noAttribute.wav,in_support,amplitude_modulation,0.7222066521644592
sliderEmu/train/section_00_source_train_normal_0963_noAttribute.wav,in_support,periodic_resonance,0.8481524586677551
sliderEmu/train/section_00_source_train_normal_0964_noAttribute.wav,in_support,periodic_resonance,0.6445645093917847
sliderEmu/train/section_00_source_train_normal_0965_noAttribute.wav,in_support,periodic_resonance,0.6635809540748596
sliderEmu/train/section_00_source_train_normal_0966_noAttribute.wav,in_support,periodic_resonance,0.3972106873989105
sliderEmu/train/section_00_source_train_normal_0967_noAttribute.wav,in_support,frequency_modulation,0.5281938910484314
sliderEmu/train/section_00_source_train_normal_0968_noAttribute.wav,in_support,frequency_modulation,0.22267815470695496
sliderEmu/train/section_00_source_train_normal_0969_noAttribute.wav,in_support,periodic_resonance,0.5552694201469421
sliderEmu/train/section_00_source_train_normal_0970_noAttribute.wav,in_support,amplitude_modulation,0.9366263747215271
sliderEmu/train/section_00_source_train_normal_0971_noAttribute.wav,in_support,amplitude_modulation,0.1803601235151291
sliderEmu/train/section_00_source_train_normal_0972_noAttribute.wav,in_support,amplitude_modulation,0.6858072876930237
sliderEmu/train/section_00_source_train_normal_0973_noAttribute.wav,in_support,periodic_resonance,0.8126341104507446
sliderEmu/train/section_00_source_train_normal_0974_noAttribute.wav,in_support,periodic_resonance,0.47355619072914124
sliderEmu/train/section_00_source_train_normal_0975_noAttribute.wav,in_support,amplitude_modulation,0.6421594619750977
sliderEmu/train/section_00_source_train_normal_0976_noAttribute.wav,in_support,amplitude_modulation,0.6231234669685364
sliderEmu/train/section_00_source_train_normal_0977_noAttribute.wav,in_support,periodic_resonance,0.39359551668167114
sliderEmu/train/section_00_source_train_normal_0978_noAttribute.wav,in_support,frequency_modulation,0.37588897347450256
sliderEmu/train/section_00_source_train_normal_0979_noAttribute.wav,in_support,periodic_resonance,0.5143108367919922
sliderEmu/train/section_00_source_train_normal_0980_noAttribute.wav,in_support,frequency_modulation,0.682244062423706
sliderEmu/train/section_00_source_train_normal_0981_noAttribute.wav,in_support,frequency_modulation,0.6413138508796692
sliderEmu/train/section_00_source_train_normal_0982_noAttribute.wav,in_support,periodic_resonance,0.9866904020309448
sliderEmu/train/section_00_source_train_normal_0983_noAttribute.wav,in_support,periodic_resonance,0.6983223557472229
sliderEmu/train/section_00_source_train_normal_0984_noAttribute.wav,in_support,frequency_modulation,0.20901238918304443
sliderEmu/train/section_00_source_train_normal_0985_noAttribute.wav,in_support,frequency_modulation,0.6929180026054382
sliderEmu/train/section_00_source_train_normal_0986_noAttribute.wav,in_support,periodic_resonance,0.6690011620521545
sliderEmu/train/section_00_source_train_normal_0987_noAttribute.wav,in_support,periodic_resonance,0.827111005783081
sliderEmu/train/section_00_source_train_normal_0988_noAttribute.wav,in_support,periodic_resonance,0.5922179818153381
sliderEmu/train/section_00_source_train_normal_0989_noAttribute.wav,in_support,amplitude_modulation,0.17994022369384766
sliderEmu/train/section_00_target_train_normal_0000_noAttribute.wav,in_support,periodic_resonance,0.961855411529541
sliderEmu/train/section_00_target_train_normal_0001_noAttribute.wav,in_support,frequency_modulation,0.40670397877693176
sliderEmu/train/section_00_target_train_normal_0002_noAttribute.wav,in_support,amplitude_modulation,0.5226839184761047
sliderEmu/train/section_00_target_train_normal_0003_noAttribute.wav,in_support,amplitude_modulation,0.23141516745090485
sliderEmu/train/section_00_target_train_normal_0004_noAttribute.wav,in_support,periodic_resonance,0.5944937467575073
sliderEmu/train/section_00_target_train_normal_0005_noAttribute.wav,in_support,periodic_resonance,0.9977515935897827
sliderEmu/train/section_00_target_train_normal_0006_noAttribute.wav,in_support,frequency_modulation,0.42685675621032715
sliderEmu/train/section_00_target_train_normal_0007_noAttribute.wav,in_support,frequency_modulation,0.4293394386768341
sliderEmu/train/section_00_target_train_normal_0008_noAttribute.wav,in_support,frequency_modulation,0.5061367154121399
sliderEmu/train/section_00_target_train_normal_0009_noAttribute.wav,in_support,frequency_modulation,0.5610144138336182
valveEmu/train/section_00_source_train_normal_0000_noAttribute.wav,in_support,frequency_modulation,0.4346400499343872
valveEmu/train/section_00_source_train_normal_0001_noAttribute.wav,in_support,frequency_modulation,0.33075660467147827
valveEmu/train/section_00_source_train_normal_0002_noAttribute.wav,in_support,frequency_modulation,0.21249988675117493
valveEmu/train/section_00_source_train_normal_0003_noAttribute.wav,in_support,frequency_modulation,0.32423028349876404
valveEmu/train/section_00_source_train_normal_0004_noAttribute.wav,in_support,amplitude_modulation,0.19667789340019226
valveEmu/train/section_00_source_train_normal_0005_noAttribute.wav,in_support,periodic_resonance,0.43294990062713623
valveEmu/train/section_00_source_train_normal_0006_noAttribute.wav,in_support,periodic_resonance,0.2148413211107254
valveEmu/train/section_00_source_train_normal_0007_noAttribute.wav,in_support,amplitude_modulation,0.3797272741794586
valveEmu/train/section_00_source_train_normal_0008_noAttribute.wav,in_support,amplitude_modulation,0.7020401954650879
valveEmu/train/section_00_source_train_normal_0009_noAttribute.wav,in_support,periodic_resonance,0.8086068034172058
valveEmu/train/section_00_source_train_normal_0010_noAttribute.wav,in_support,frequency_modulation,0.5192176103591919
valveEmu/train/section_00_source_train_normal_0011_noAttribute.wav,in_support,frequency_modulation,0.7097793221473694
valveEmu/train/section_00_source_train_normal_0012_noAttribute.wav,in_support,frequency_modulation,0.2623187303543091
valveEmu/train/section_00_source_train_normal_0013_noAttribute.wav,in_support,amplitude_modulation,0.19094614684581757
valveEmu/train/section_00_source_train_normal_0014_noAttribute.wav,in_support,periodic_resonance,0.9009984731674194
valveEmu/train/section_00_source_train_normal_0015_noAttribute.wav,in_support,periodic_resonance,0.9152644276618958
valveEmu/train/section_00_source_train_normal_0016_noAttribute.wav,in_support,periodic_resonance,0.9247857332229614
valveEmu/train/section_00_source_train_normal_0017_noAttribute.wav,in_support,amplitude_modulation,0.17418883740901947
valveEmu/train/section_00_source_train_normal_0018_noAttribute.wav,in_support,frequency_modulation,0.3155403137207031
valveEmu/train/section_00_source_train_normal_0019_noAttribute.wav,in_support,frequency_modulation,0.3204590976238251
valveEmu/train/section_00_source_train_normal_0020_noAttribute.wav,in_support,frequency_modulation,0.4439235031604767
valveEmu/train/section_00_source_train_normal_0021_noAttribute.wav,in_support,periodic_resonance,0.8519853949546814
valveEmu/train/section_00_source_train_normal_0022_noAttribute.wav,in_support,periodic_resonance,0.6193630695343018
valveEmu/train/section_00_source_train_normal_0023_noAttribute.wav,in_support,frequency_modulation,0.7728618383407593
valveEmu/train/section_00_source_train_normal_0024_noAttribute.wav,in_support,amplitude_modulation,0.1738506555557251
valveEmu/train/section_00_source_train_normal_0025_noAttribute.wav,in_support,frequency_modulation,0.5397323966026306
valveEmu/train/section_00_source_train_normal_0026_noAttribute.wav,in_support,amplitude_modulation,0.6670499444007874
valveEmu/train/section_00_source_train_normal_0027_noAttribute.wav,in_support,periodic_resonance,0.8205729126930237
valveEmu/train/section_00_source_train_normal_0028_noAttribute.wav,in_support,amplitude_modulation,0.06101880595088005
valveEmu/train/section_00_source_train_normal_0029_noAttribute.wav,in_support,amplitude_modulation,0.29318711161613464
valveEmu/train/section_00_source_train_normal_0030_noAttribute.wav,in_support,periodic_resonance,0.894419252872467
valveEmu/train/section_00_source_train_normal_0031_noAttribute.wav,in_support,frequency_modulation,0.1497550904750824
valveEmu/train/section_00_source_train_normal_0032_noAttribute.wav,in_support,frequency_modulation,0.8385838270187378
valveEmu/train/section_00_source_train_normal_0033_noAttribute.wav,in_support,frequency_modulation,0.5275321006774902
valveEmu/train/section_00_source_train_normal_0034_noAttribute.wav,in_support,periodic_resonance,0.8999613523483276
valveEmu/train/section_00_source_train_normal_0035_noAttribute.wav,in_support,frequency_modulation,0.8280034065246582
valveEmu/train/section_00_source_train_normal_0036_noAttribute.wav,in_support,frequency_modulation,0.7957571744918823
valveEmu/train/section_00_source_train_normal_0037_noAttribute.wav,in_support,amplitude_modulation,0.28763270378112793
valveEmu/train/section_00_source_train_normal_0038_noAttribute.wav,in_support,periodic_resonance,0.7254318594932556
valveEmu/train/section_00_source_train_normal_0039_noAttribute.wav,in_support,frequency_modulation,0.28112876415252686
valveEmu/train/section_00_source_train_normal_0040_noAttribute.wav,in_support,amplitude_modulation,0.0805370882153511
valveEmu/train/section_00_source_train_normal_0041_noAttribute.wav,in_support,frequency_modulation,0.41708025336265564
valveEmu/train/section_00_source_train_normal_0042_noAttribute.wav,in_support,frequency_modulation,0.8095105886459351
valveEmu/train/section_00_source_train_normal_0043_noAttribute.wav,in_support,periodic_resonance,0.9238263964653015
valveEmu/train/section_00_source_train_normal_0044_noAttribute.wav,in_support,periodic_resonance,0.8824080228805542
valveEmu/train/section_00_source_train_normal_0045_noAttribute.wav,in_support,periodic_resonance,0.9336609244346619
valveEmu/train/section_00_source_train_normal_0046_noAttribute.wav,in_support,periodic_resonance,0.6331552267074585
valveEmu/train/section_00_source_train_normal_0047_noAttribute.wav,in_support,periodic_resonance,0.5318734645843506
valveEmu/train/section_00_source_train_normal_0048_noAttribute.wav,in_support,frequency_modulation,0.49271485209465027
valveEmu/train/section_00_source_train_normal_0049_noAttribute.wav,in_support,amplitude_modulation,0.763921320438385
valveEmu/train/section_00_source_train_normal_0050_noAttribute.wav,in_support,periodic_resonance,0.7591103911399841
valveEmu/train/section_00_source_train_normal_0051_noAttribute.wav,in_support,periodic_resonance,0.9078248143196106
valveEmu/train/section_00_source_train_normal_0052_noAttribute.wav,in_support,frequency_modulation,0.5844303369522095
valveEmu/train/section_00_source_train_normal_0053_noAttribute.wav,in_support,frequency_modulation,0.65078204870224
valveEmu/train/section_00_source_train_normal_0054_noAttribute.wav,in_support,frequency_modulation,0.48370325565338135
valveEmu/train/section_00_source_train_normal_0055_noAttribute.wav,in_support,amplitude_modulation,0.7270485758781433
valveEmu/train/section_00_source_train_normal_0056_noAttribute.wav,in_support,periodic_resonance,0.8230833411216736
valveEmu/train/section_00_source_train_normal_0057_noAttribute.wav,in_support,frequency_modulation,0.8149864077568054
valveEmu/train/section_00_source_train_normal_0058_noAttribute.wav,in_support,periodic_resonance,0.3042695224285126
valveEmu/train/section_00_source_train_normal_0059_noAttribute.wav,in_support,periodic_resonance,0.7137861847877502
valveEmu/train/section_00_source_train_normal_0060_noAttribute.wav,in_support,amplitude_modulation,0.5251028537750244
valveEmu/train/section_00_source_train_normal_0061_noAttribute.wav,in_support,frequency_modulation,0.3663228154182434
valveEmu/train/section_00_source_train_normal_0062_noAttribute.wav,in_support,periodic_resonance,0.587458074092865
valveEmu/train/section_00_source_train_normal_0063_noAttribute.wav,in_support,amplitude_modulation,0.2488047033548355
valveEmu/train/section_00_source_train_normal_0064_noAttribute.wav,in_support,amplitude_modulation,0.06598637253046036
valveEmu/train/section_00_source_train_normal_0065_noAttribute.wav,in_support,frequency_modulation,0.20502257347106934
valveEmu/train/section_00_source_train_normal_0066_noAttribute.wav,in_support,amplitude_modulation,0.6574806571006775
valveEmu/train/section_00_source_train_normal_0067_noAttribute.wav,in_support,amplitude_modulation,0.6355035901069641
valveEmu/train/section_00_source_train_normal_0068_noAttribute.wav,in_support,frequency_modulation,0.7799375057220459
valveEmu/train/section_00_source_train_normal_0069_noAttribute.wav,in_support,amplitude_modulation,0.5789473056793213
valveEmu/train/section_00_source_train_normal_0070_noAttribute.wav,in_support,frequency_modulation,0.8542987704277039
valveEmu/train/section_00_source_train_normal_0071_noAttribute.wav,in_support,amplitude_modulation,0.8268203735351562
valveEmu/train/section_00_source_train_normal_0072_noAttribute.wav,in_support,amplitude_modulation,0.8475751280784607
valveEmu/train/section_00_source_train_normal_0073_noAttribute.wav,in_support,frequency_modulation,0.7887861132621765
valveEmu/train/section_00_source_train_normal_0074_noAttribute.wav,in_support,periodic_resonance,0.6784637570381165
valveEmu/train/section_00_source_train_normal_0075_noAttribute.wav,in_support,frequency_modulation,0.2675105035305023
valveEmu/train/section_00_source_train_normal_0076_noAttribute.wav,in_support,amplitude_modulation,0.6559999585151672
valveEmu/train/section_00_source_train_normal_0077_noAttribute.wav,in_support,frequency_modulation,0.43834397196769714
valveEmu/train/section_00_source_train_normal_0078_noAttribute.wav,in_support,frequency_modulation,0.3429602086544037
valveEmu/train/section_00_source_train_normal_0079_noAttribute.wav,in_support,amplitude_modulation,0.0877327024936676
valveEmu/train/section_00_source_train_normal_0080_noAttribute.wav,in_support,amplitude_modulation,0.48606979846954346
valveEmu/train/section_00_source_train_normal_0081_noAttribute.wav,in_support,periodic_resonance,0.6889783143997192
valveEmu/train/section_00_source_train_normal_0082_noAttribute.wav,in_support,periodic_resonance,0.3854459822177887
valveEmu/train/section_00_source_train_normal_0083_noAttribute.wav,in_support,periodic_resonance,0.8742341995239258
valveEmu/train/section_00_source_train_normal_0084_noAttribute.wav,in_support,frequency_modulation,0.45909127593040466
valveEmu/train/section_00_source_train_normal_0085_noAttribute.wav,in_support,frequency_modulation,0.2264917641878128
valveEmu/train/section_00_source_train_normal_0086_noAttribute.wav,in_support,amplitude_modulation,0.698333740234375
valveEmu/train/section_00_source_train_normal_0087_noAttribute.wav,in_support,periodic_resonance,0.6124384999275208
valveEmu/train/section_00_source_train_normal_0088_noAttribute.wav,in_support,amplitude_modulation,0.38554662466049194
valveEmu/train/section_00_source_train_normal_0089_noAttribute.wav,in_support,periodic_resonance,0.9217668771743774
valveEmu/train/section_00_source_train_normal_0090_noAttribute.wav,in_support,frequency_modulation,0.5663555264472961
valveEmu/train/section_00_source_train_normal_0091_noAttribute.wav,in_support,frequency_modulation,0.4413062334060669
valveEmu/train/section_00_source_train_normal_0092_noAttribute.wav,in_support,frequency_modulation,0.9597309231758118
valveEmu/train/section_00_source_train_normal_0093_noAttribute.wav,in_support,amplitude_modulation,0.1141563206911087
valveEmu/train/section_00_source_train_normal_0094_noAttribute.wav,in_support,amplitude_modulation,0.16856522858142853
valveEmu/train/section_00_source_train_normal_0095_noAttribute.wav,in_support,frequency_modulation,0.8847799897193909
valveEmu/train/section_00_source_train_normal_0096_noAttribute.wav,in_support,amplitude_modulation,0.08602526038885117
valveEmu/train/section_00_source_train_normal_0097_noAttribute.wav,in_support,frequency_modulation,0.584566593170166
valveEmu/train/section_00_source_train_normal_0098_noAttribute.wav,in_support,amplitude_modulation,0.7079758048057556
valveEmu/train/section_00_source_train_normal_0099_noAttribute.wav,in_support,frequency_modulation,0.5814802050590515
valveEmu/train/section_00_source_train_normal_0100_noAttribute.wav,in_support,amplitude_modulation,0.16483886539936066
valveEmu/train/section_00_source_train_normal_0101_noAttribute.wav,in_support,frequency_modulation,0.2788541615009308
valveEmu/train/section_00_source_train_normal_0102_noAttribute.wav,in_support,frequency_modulation,0.3579038083553314
valveEmu/train/section_00_source_train_normal_0103_noAttribute.wav,in_support,periodic_resonance,0.9071774482727051
valveEmu/train/section_00_source_train_normal_0104_noAttribute.wav,in_support,periodic_resonance,0.3356098234653473
valveEmu/train/section_00_source_train_normal_0105_noAttribute.wav,in_support,periodic_resonance,0.8534546494483948
valveEmu/train/section_00_source_train_normal_0106_noAttribute.wav,in_support,amplitude_modulation,0.2877695858478546
valveEmu/train/section_00_source_train_normal_0107_noAttribute.wav,in_support,frequency_modulation,0.26834094524383545
valveEmu/train/section_00_source_train_normal_0108_noAttribute.wav,in_support,frequency_modulation,0.6216256618499756
valveEmu/train/section_00_source_train_normal_0109_noAttribute.wav,in_support,periodic_resonance,0.8180140256881714
valveEmu/train/section_00_source_train_normal_0110_noAttribute.wav,in_support,periodic_resonance,0.7187194228172302
valveEmu/train/section_00_source_train_normal_0111_noAttribute.wav,in_support,amplitude_modulation,0.09411437064409256
valveEmu/train/section_00_source_train_normal_0112_noAttribute.wav,in_support,frequency_modulation,0.5473062992095947
valveEmu/train/section_00_source_train_normal_0113_noAttribute.wav,in_support,amplitude_modulation,0.576829731464386
valveEmu/train/section_00_source_train_normal_0114_noAttribute.wav,in_support,periodic_resonance,0.9200085997581482
valveEmu/train/section_00_source_train_normal_0115_noAttribute.wav,in_support,amplitude_modulation,0.8080586791038513
valveEmu/train/section_00_source_train_normal_0116_noAttribute.wav,in_support,amplitude_modulation,0.2980722486972809
valveEmu/train/section_00_source_train_normal_0117_noAttribute.wav,in_support,frequency_modulation,0.16615109145641327
valveEmu/train/section_00_source_train_normal_0118_noAttribute.wav,in_support,frequency_modulation,0.5033994317054749
valveEmu/train/section_00_source_train_normal_0119_noAttribute.wav,in_support,periodic_resonance,0.46751001477241516
valveEmu/train/section_00_source_train_normal_0120_noAttribute.wav,in_support,frequency_modulation,0.23422427475452423
valveEmu/train/section_00_source_train_normal_0121_noAttribute.wav,in_support,frequency_modulation,0.7790093421936035
valveEmu/train/section_00_source_train_normal_0122_noAttribute.wav,in_support,frequency_modulation,0.7010236382484436
valveEmu/train/section_00_source_train_normal_0123_noAttribute.wav,in_support,periodic_resonance,0.2372809201478958
valveEmu/train/section_00_source_train_normal_0124_noAttribute.wav,in_support,amplitude_modulation,0.5805957317352295
valveEmu/train/section_00_source_train_normal_0125_noAttribute.wav,in_support,periodic_resonance,0.18257233500480652
valveEmu/train/section_00_source_train_normal_0126_noAttribute.wav,in_support,amplitude_modulation,0.5233262181282043
valveEmu/train/section_00_source_train_normal_0127_noAttribute.wav,in_support,amplitude_modulation,0.19087223708629608
valveEmu/train/section_00_source_train_normal_0128_noAttribute.wav,in_support,frequency_modulation,0.2553618848323822
valveEmu/train/section_00_source_train_normal_0129_noAttribute.wav,in_support,periodic_resonance,0.19508571922779083
valveEmu/train/section_00_source_train_normal_0130_noAttribute.wav,in_support,frequency_modulation,0.7127803564071655
valveEmu/train/section_00_source_train_normal_0131_noAttribute.wav,in_support,amplitude_modulation,0.5260317921638489
valveEmu/train/section_00_source_train_normal_0132_noAttribute.wav,in_support,periodic_resonance,0.18142950534820557
valveEmu/train/section_00_source_train_normal_0133_noAttribute.wav,in_support,periodic_resonance,0.5129345655441284
valveEmu/train/section_00_source_train_normal_0134_noAttribute.wav,in_support,amplitude_modulation,0.1486169695854187
valveEmu/train/section_00_source_train_normal_0135_noAttribute.wav,in_support,periodic_resonance,0.728735089302063
valveEmu/train/section_00_source_train_normal_0136_noAttribute.wav,in_support,periodic_resonance,0.8357905745506287
valveEmu/train/section_00_source_train_normal_0137_noAttribute.wav,in_support,periodic_resonance,0.8263680934906006
valveEmu/train/section_00_source_train_normal_0138_noAttribute.wav,in_support,periodic_resonance,0.912587583065033
valveEmu/train/section_00_source_train_normal_0139_noAttribute.wav,in_support,frequency_modulation,0.1952616572380066
valveEmu/train/section_00_source_train_normal_0140_noAttribute.wav,in_support,periodic_resonance,0.8838246464729309
valveEmu/train/section_00_source_train_normal_0141_noAttribute.wav,in_support,periodic_resonance,0.9165170192718506
valveEmu/train/section_00_source_train_normal_0142_noAttribute.wav,in_support,amplitude_modulation,0.5528978705406189
valveEmu/train/section_00_source_train_normal_0143_noAttribute.wav,in_support,periodic_resonance,0.8998274803161621
valveEmu/train/section_00_source_train_normal_0144_noAttribute.wav,in_support,amplitude_modulation,0.41508999466896057
valveEmu/train/section_00_source_train_normal_0145_noAttribute.wav,in_support,amplitude_modulation,0.10131500661373138
valveEmu/train/section_00_source_train_normal_0146_noAttribute.wav,in_support,amplitude_modulation,0.8002913594245911
valveEmu/train/section_00_source_train_normal_0147_noAttribute.wav,in_support,frequency_modulation,0.21120025217533112
valveEmu/train/section_00_source_train_normal_0148_noAttribute.wav,in_support,amplitude_modulation,0.5576989650726318
valveEmu/train/section_00_source_train_normal_0149_noAttribute.wav,in_support,frequency_modulation,0.8692843914031982
valveEmu/train/section_00_source_train_normal_0150_noAttribute.wav,in_support,frequency_modulation,0.4119971692562103
valveEmu/train/section_00_source_train_normal_0151_noAttribute.wav,in_support,frequency_modulation,0.2074761986732483
valveEmu/train/section_00_source_train_normal_0152_noAttribute.wav,in_support,frequency_modulation,0.23054444789886475
valveEmu/train/section_00_source_train_normal_0153_noAttribute.wav,in_support,amplitude_modulation,0.16848337650299072
valveEmu/train/section_00_source_train_normal_0154_noAttribute.wav,in_support,frequency_modulation,0.3507538437843323
valveEmu/train/section_00_source_train_normal_0155_noAttribute.wav,in_support,periodic_resonance,0.6523610949516296
valveEmu/train/section_00_source_train_normal_0156_noAttribute.wav,in_support,periodic_resonance,0.36933544278144836
valveEmu/train/section_00_source_train_normal_0157_noAttribute.wav,in_support,amplitude_modulation,0.06985452026128769
valveEmu/train/section_00_source_train_normal_0158_noAttribute.wav,in_support,frequency_modulation,0.5578349232673645
valveEmu/train/section_00_source_train_normal_0159_noAttribute.wav,in_support,periodic_resonance,0.8977136611938477
valveEmu/train/section_00_source_train_normal_0160_noAttribute.wav,in_support,periodic_resonance,0.4446922540664673
valveEmu/train/section_00_source_train_normal_0161_noAttribute.wav,in_support,frequency_modulation,0.42526713013648987
valveEmu/train/section_00_source_train_normal_0162_noAttribute.wav,in_support,periodic_resonance,0.9468688368797302
valveEmu/train/section_00_source_train_normal_0163_noAttribute.wav,in_support,periodic_resonance,0.8363521099090576
valveEmu/train/section_00_source_train_normal_0164_noAttribute.wav,in_support,frequency_modulation,0.7250224947929382
valveEmu/train/section_00_source_train_normal_0165_noAttribute.wav,in_support,frequency_modulation,0.9328949451446533
valveEmu/train/section_00_source_train_normal_0166_noAttribute.wav,in_support,frequency_modulation,0.46326950192451477
valveEmu/train/section_00_source_train_normal_0167_noAttribute.wav,in_support,periodic_resonance,0.7469905614852905
valveEmu/train/section_00_source_train_normal_0168_noAttribute.wav,in_support,amplitude_modulation,0.6345398426055908
valveEmu/train/section_00_source_train_normal_0169_noAttribute.wav,in_support,periodic_resonance,0.7857519388198853
valveEmu/train/section_00_source_train_normal_0170_noAttribute.wav,in_support,periodic_resonance,0.902018666267395
valveEmu/train/section_00_source_train_normal_0171_noAttribute.wav,in_support,periodic_resonance,0.8561974167823792
valveEmu/train/section_00_source_train_normal_0172_noAttribute.wav,in_support,periodic_resonance,0.9301602244377136
valveEmu/train/section_00_source_train_normal_0173_noAttribute.wav,in_support,amplitude_modulation,0.33761152625083923
valveEmu/train/section_00_source_train_normal_0174_noAttribute.wav,in_support,frequency_modulation,0.7549906969070435
valveEmu/train/section_00_source_train_normal_0175_noAttribute.wav,in_support,periodic_resonance,0.8083590865135193
valveEmu/train/section_00_source_train_normal_0176_noAttribute.wav,in_support,periodic_resonance,0.5156158208847046
valveEmu/train/section_00_source_train_normal_0177_noAttribute.wav,in_support,amplitude_modulation,0.20206135511398315
valveEmu/train/section_00_source_train_normal_0178_noAttribute.wav,in_support,periodic_resonance,0.7409458756446838
valveEmu/train/section_00_source_train_normal_0179_noAttribute.wav,in_support,periodic_resonance,0.7573147416114807
valveEmu/train/section_00_source_train_normal_0180_noAttribute.wav,in_support,frequency_modulation,0.4629400968551636
valveEmu/train/section_00_source_train_normal_0181_noAttribute.wav,in_support,periodic_resonance,0.18698950111865997
valveEmu/train/section_00_source_train_normal_0182_noAttribute.wav,in_support,frequency_modulation,0.7719720005989075
valveEmu/train/section_00_source_train_normal_0183_noAttribute.wav,in_support,frequency_modulation,0.3346045911312103
valveEmu/train/section_00_source_train_normal_0184_noAttribute.wav,in_support,frequency_modulation,0.7437803745269775
valveEmu/train/section_00_source_train_normal_0185_noAttribute.wav,in_support,frequency_modulation,0.6601240634918213
valveEmu/train/section_00_source_train_normal_0186_noAttribute.wav,in_support,periodic_resonance,0.9018873572349548
valveEmu/train/section_00_source_train_normal_0187_noAttribute.wav,in_support,periodic_resonance,0.7519511580467224
valveEmu/train/section_00_source_train_normal_0188_noAttribute.wav,in_support,amplitude_modulation,0.10255388915538788
valveEmu/train/section_00_source_train_normal_0189_noAttribute.wav,in_support,periodic_resonance,0.8569983839988708
valveEmu/train/section_00_source_train_normal_0190_noAttribute.wav,in_support,amplitude_modulation,0.14906899631023407
valveEmu/train/section_00_source_train_normal_0191_noAttribute.wav,in_support,periodic_resonance,0.6040839552879333
valveEmu/train/section_00_source_train_normal_0192_noAttribute.wav,in_support,periodic_resonance,0.5581450462341309
valveEmu/train/section_00_source_train_normal_0193_noAttribute.wav,in_support,amplitude_modulation,0.6488448977470398
valveEmu/train/section_00_source_train_normal_0194_noAttribute.wav,in_support,periodic_resonance,0.9504058957099915
valveEmu/train/section_00_source_train_normal_0195_noAttribute.wav,in_support,frequency_modulation,0.7836766242980957
valveEmu/train/section_00_source_train_normal_0196_noAttribute.wav,in_support,frequency_modulation,0.8594458103179932
valveEmu/train/section_00_source_train_normal_0197_noAttribute.wav,in_support,periodic_resonance,0.3892805278301239
valveEmu/train/section_00_source_train_normal_0198_noAttribute.wav,in_support,periodic_resonance,0.17626382410526276
valveEmu/train/section_00_source_train_normal_0199_noAttribute.wav,in_support,amplitude_modulation,0.153934046626091
valveEmu/train/section_00_source_train_normal_0200_noAttribute.wav,in_support,periodic_resonance,0.8564153909683228
valveEmu/train/section_00_source_train_normal_0201_noAttribute.wav,in_support,amplitude_modulation,0.3830411434173584
valveEmu/train/section_00_source_train_normal_0202_noAttribute.wav,in_support,frequency_modulation,0.1397460699081421
valveEmu/train/section_00_source_train_normal_0203_noAttribute.wav,in_support,amplitude_modulation,0.4919777810573578
valveEmu/train/section_00_source_train_normal_0204_noAttribute.wav,in_support,frequency_modulation,0.8561452627182007
valveEmu/train/section_00_source_train_normal_0205_noAttribute.wav,in_support,frequency_modulation,0.6024234294891357
valveEmu/train/section_00_source_train_normal_0206_noAttribute.wav,in_support,periodic_resonance,0.7005743980407715
valveEmu/train/section_00_source_train_normal_0207_noAttribute.wav,in_support,amplitude_modulation,0.06963333487510681
valveEmu/train/section_00_source_train_normal_0208_noAttribute.wav,in_support,frequency_modulation,0.5001490116119385
valveEmu/train/section_00_source_train_normal_0209_noAttribute.wav,in_support,amplitude_modulation,0.4730115830898285
valveEmu/train/section_00_source_train_normal_0210_noAttribute.wav,in_support,frequency_modulation,0.5007801055908203
valveEmu/train/section_00_source_train_normal_0211_noAttribute.wav,in_support,periodic_resonance,0.35223427414894104
valveEmu/train/section_00_source_train_normal_0212_noAttribute.wav,in_support,amplitude_modulation,0.22772783041000366
valveEmu/train/section_00_source_train_normal_0213_noAttribute.wav,in_support,amplitude_modulation,0.5711730718612671
valveEmu/train/section_00_source_train_normal_0214_noAttribute.wav,in_support,amplitude_modulation,0.3134564161300659
valveEmu/train/section_00_source_train_normal_0215_noAttribute.wav,in_support,periodic_resonance,0.8675757050514221
valveEmu/train/section_00_source_train_normal_0216_noAttribute.wav,in_support,amplitude_modulation,0.8606812357902527
valveEmu/train/section_00_source_train_normal_0217_noAttribute.wav,in_support,periodic_resonance,0.6515412330627441
valveEmu/train/section_00_source_train_normal_0218_noAttribute.wav,in_support,frequency_modulation,0.21485424041748047
valveEmu/train/section_00_source_train_normal_0219_noAttribute.wav,in_support,amplitude_modulation,0.602310299873352
valveEmu/train/section_00_source_train_normal_0220_noAttribute.wav,in_support,frequency_modulation,0.31163617968559265
valveEmu/train/section_00_source_train_normal_0221_noAttribute.wav,in_support,frequency_modulation,0.8034228086471558
valveEmu/train/section_00_source_train_normal_0222_noAttribute.wav,in_support,frequency_modulation,0.7229905724525452
valveEmu/train/section_00_source_train_normal_0223_noAttribute.wav,in_support,frequency_modulation,0.5465436577796936
valveEmu/train/section_00_source_train_normal_0224_noAttribute.wav,in_support,periodic_resonance,0.16281656920909882
valveEmu/train/section_00_source_train_normal_0225_noAttribute.wav,in_support,amplitude_modulation,0.11711141467094421
valveEmu/train/section_00_source_train_normal_0226_noAttribute.wav,in_support,periodic_resonance,0.7263277769088745
valveEmu/train/section_00_source_train_normal_0227_noAttribute.wav,in_support,amplitude_modulation,0.22556503117084503
valveEmu/train/section_00_source_train_normal_0228_noAttribute.wav,in_support,amplitude_modulation,0.48753249645233154
valveEmu/train/section_00_source_train_normal_0229_noAttribute.wav,in_support,amplitude_modulation,0.5221806168556213
valveEmu/train/section_00_source_train_normal_0230_noAttribute.wav,in_support,amplitude_modulation,0.4092070162296295
valveEmu/train/section_00_source_train_normal_0231_noAttribute.wav,in_support,periodic_resonance,0.18307514488697052
valveEmu/train/section_00_source_train_normal_0232_noAttribute.wav,in_support,frequency_modulation,0.8672515153884888
valveEmu/train/section_00_source_train_normal_0233_noAttribute.wav,in_support,frequency_modulation,0.7268890738487244
valveEmu/train/section_00_source_train_normal_0234_noAttribute.wav,in_support,frequency_modulation,0.6908080577850342
valveEmu/train/section_00_source_train_normal_0235_noAttribute.wav,in_support,periodic_resonance,0.8426962494850159
valveEmu/train/section_00_source_train_normal_0236_noAttribute.wav,in_support,periodic_resonance,0.25463682413101196
valveEmu/train/section_00_source_train_normal_0237_noAttribute.wav,in_support,periodic_resonance,0.4532316327095032
valveEmu/train/section_00_source_train_normal_0238_noAttribute.wav,in_support,frequency_modulation,0.811675488948822
valveEmu/train/section_00_source_train_normal_0239_noAttribute.wav,in_support,periodic_resonance,0.7828105092048645
valveEmu/train/section_00_source_train_normal_0240_noAttribute.wav,in_support,frequency_modulation,0.4337511658668518
valveEmu/train/section_00_source_train_normal_0241_noAttribute.wav,in_support,amplitude_modulation,0.6060171723365784
valveEmu/train/section_00_source_train_normal_0242_noAttribute.wav,in_support,amplitude_modulation,0.08399108797311783
valveEmu/train/section_00_source_train_normal_0243_noAttribute.wav,in_support,frequency_modulation,0.7824381589889526
valveEmu/train/section_00_source_train_normal_0244_noAttribute.wav,in_support,frequency_modulation,0.7738597393035889
valveEmu/train/section_00_source_train_normal_0245_noAttribute.wav,in_support,periodic_resonance,0.845065712928772
valveEmu/train/section_00_source_train_normal_0246_noAttribute.wav,in_support,amplitude_modulation,0.5052657127380371
valveEmu/train/section_00_source_train_normal_0247_noAttribute.wav,in_support,periodic_resonance,0.8999158143997192
valveEmu/train/section_00_source_train_normal_0248_noAttribute.wav,in_support,amplitude_modulation,0.16742508113384247
valveEmu/train/section_00_source_train_normal_0249_noAttribute.wav,in_support,periodic_resonance,0.9295953512191772
valveEmu/train/section_00_source_train_normal_0250_noAttribute.wav,in_support,frequency_modulation,0.2956119477748871
valveEmu/train/section_00_source_train_normal_0251_noAttribute.wav,in_support,frequency_modulation,0.6172243356704712
valveEmu/train/section_00_source_train_normal_0252_noAttribute.wav,in_support,amplitude_modulation,0.15279316902160645
valveEmu/train/section_00_source_train_normal_0253_noAttribute.wav,in_support,frequency_modulation,0.383058100938797
valveEmu/train/section_00_source_train_normal_0254_noAttribute.wav,in_support,periodic_resonance,0.9345594644546509
valveEmu/train/section_00_source_train_normal_0255_noAttribute.wav,in_support,amplitude_modulation,0.5200933218002319
valveEmu/train/section_00_source_train_normal_0256_noAttribute.wav,in_support,periodic_resonance,0.9292932748794556
valveEmu/train/section_00_source_train_normal_0257_noAttribute.wav,in_support,amplitude_modulation,0.6421310305595398
valveEmu/train/section_00_source_train_normal_0258_noAttribute.wav,in_support,frequency_modulation,0.5393952131271362
valveEmu/train/section_00_source_train_normal_0259_noAttribute.wav,in_support,frequency_modulation,0.4052635729312897
valveEmu/train/section_00_source_train_normal_0260_noAttribute.wav,in_support,frequency_modulation,0.48438093066215515
valveEmu/train/section_00_source_train_normal_0261_noAttribute.wav,in_support,frequency_modulation,0.26099422574043274
valveEmu/train/section_00_source_train_normal_0262_noAttribute.wav,in_support,amplitude_modulation,0.7497316002845764
valveEmu/train/section_00_source_train_normal_0263_noAttribute.wav,in_support,periodic_resonance,0.8428298830986023
valveEmu/train/section_00_source_train_normal_0264_noAttribute.wav,in_support,frequency_modulation,0.19639024138450623
valveEmu/train/section_00_source_train_normal_0265_noAttribute.wav,in_support,amplitude_modulation,0.12064643204212189
valveEmu/train/section_00_source_train_normal_0266_noAttribute.wav,in_support,periodic_resonance,0.9016241431236267
valveEmu/train/section_00_source_train_normal_0267_noAttribute.wav,in_support,amplitude_modulation,0.12085386365652084
valveEmu/train/section_00_source_train_normal_0268_noAttribute.wav,in_support,periodic_resonance,0.6008538007736206
valveEmu/train/section_00_source_train_normal_0269_noAttribute.wav,in_support,amplitude_modulation,0.17106349766254425
valveEmu/train/section_00_source_train_normal_0270_noAttribute.wav,in_support,amplitude_modulation,0.2766041159629822
valveEmu/train/section_00_source_train_normal_0271_noAttribute.wav,in_support,periodic_resonance,0.41975492238998413
valveEmu/train/section_00_source_train_normal_0272_noAttribute.wav,in_support,periodic_resonance,0.9233010411262512
valveEmu/train/section_00_source_train_normal_0273_noAttribute.wav,in_support,periodic_resonance,0.5849483609199524
valveEmu/train/section_00_source_train_normal_0274_noAttribute.wav,in_support,frequency_modulation,0.33959123492240906
valveEmu/train/section_00_source_train_normal_0275_noAttribute.wav,in_support,periodic_resonance,0.731696605682373
valveEmu/train/section_00_source_train_normal_0276_noAttribute.wav,in_support,amplitude_modulation,0.11092790961265564
valveEmu/train/section_00_source_train_normal_0277_noAttribute.wav,in_support,amplitude_modulation,0.27509304881095886
valveEmu/train/section_00_source_train_normal_0278_noAttribute.wav,in_support,amplitude_modulation,0.8305906653404236
valveEmu/train/section_00_source_train_normal_0279_noAttribute.wav,in_support,periodic_resonance,0.6992830634117126
valveEmu/train/section_00_source_train_normal_0280_noAttribute.wav,in_support,frequency_modulation,0.7273538708686829
valveEmu/train/section_00_source_train_normal_0281_noAttribute.wav,in_support,periodic_resonance,0.8346647620201111
valveEmu/train/section_00_source_train_normal_0282_noAttribute.wav,in_support,frequency_modulation,0.8723922967910767
valveEmu/train/section_00_source_train_normal_0283_noAttribute.wav,in_support,periodic_resonance,0.5038242936134338
valveEmu/train/section_00_source_train_normal_0284_noAttribute.wav,in_support,periodic_resonance,0.5770962834358215
valveEmu/train/section_00_source_train_normal_0285_noAttribute.wav,in_support,amplitude_modulation,0.3452877998352051
valveEmu/train/section_00_source_train_normal_0286_noAttribute.wav,in_support,amplitude_modulation,0.7722699642181396
valveEmu/train/section_00_source_train_normal_0287_noAttribute.wav,in_support,frequency_modulation,0.6855401396751404
valveEmu/train/section_00_source_train_normal_0288_noAttribute.wav,in_support,frequency_modulation,0.3019329011440277
valveEmu/train/section_00_source_train_normal_0289_noAttribute.wav,in_support,amplitude_modulation,0.20223985612392426
valveEmu/train/section_00_source_train_normal_0290_noAttribute.wav,in_support,frequency_modulation,0.23925596475601196
valveEmu/train/section_00_source_train_normal_0291_noAttribute.wav,in_support,periodic_resonance,0.2769060730934143
valveEmu/train/section_00_source_train_normal_0292_noAttribute.wav,in_support,frequency_modulation,0.3228570520877838
valveEmu/train/section_00_source_train_normal_0293_noAttribute.wav,in_support,frequency_modulation,0.7774065136909485
valveEmu/train/section_00_source_train_normal_0294_noAttribute.wav,in_support,frequency_modulation,0.22792315483093262
valveEmu/train/section_00_source_train_normal_0295_noAttribute.wav,in_support,periodic_resonance,0.83494633436203
valveEmu/train/section_00_source_train_normal_0296_noAttribute.wav,in_support,amplitude_modulation,0.33309632539749146
valveEmu/train/section_00_source_train_normal_0297_noAttribute.wav,in_support,amplitude_modulation,0.08778144419193268
valveEmu/train/section_00_source_train_normal_0298_noAttribute.wav,in_support,frequency_modulation,0.5785432457923889
valveEmu/train/section_00_source_train_normal_0299_noAttribute.wav,in_support,frequency_modulation,0.5935777425765991
valveEmu/train/section_00_source_train_normal_0300_noAttribute.wav,in_support,periodic_resonance,0.9407673478126526
valveEmu/train/section_00_source_train_normal_0301_noAttribute.wav,in_support,periodic_resonance,0.8862999081611633
valveEmu/train/section_00_source_train_normal_0302_noAttribute.wav,in_support,amplitude_modulation,0.3525955080986023
valveEmu/train/section_00_source_train_normal_0303_noAttribute.wav,in_support,amplitude_modulation,0.2544320523738861
valveEmu/train/section_00_source_train_normal_0304_noAttribute.wav,in_support,amplitude_modulation,0.07180356234312057
valveEmu/train/section_00_source_train_normal_0305_noAttribute.wav,in_support,amplitude_modulation,0.8275277018547058
valveEmu/train/section_00_source_train_normal_0306_noAttribute.wav,in_support,periodic_resonance,0.930767834186554
valveEmu/train/section_00_source_train_normal_0307_noAttribute.wav,in_support,amplitude_modulation,0.7349057197570801
valveEmu/train/section_00_source_train_normal_0308_noAttribute.wav,in_support,periodic_resonance,0.9280561208724976
valveEmu/train/section_00_source_train_normal_0309_noAttribute.wav,in_support,frequency_modulation,0.5240464210510254
valveEmu/train/section_00_source_train_normal_0310_noAttribute.wav,in_support,frequency_modulation,0.8915627598762512
valveEmu/train/section_00_source_train_normal_0311_noAttribute.wav,in_support,periodic_resonance,0.8779386281967163
valveEmu/train/section_00_source_train_normal_0312_noAttribute.wav,in_support,amplitude_modulation,0.15282095968723297
valveEmu/train/section_00_source_train_normal_0313_noAttribute.wav,in_support,amplitude_modulation,0.8533644676208496
valveEmu/train/section_00_source_train_normal_0314_noAttribute.wav,in_support,frequency_modulation,0.8298467397689819
valveEmu/train/section_00_source_train_normal_0315_noAttribute.wav,in_support,frequency_modulation,0.29150664806365967
valveEmu/train/section_00_source_train_normal_0316_noAttribute.wav,in_support,amplitude_modulation,0.631257951259613
valveEmu/train/section_00_source_train_normal_0317_noAttribute.wav,in_support,amplitude_modulation,0.7194449305534363
valveEmu/train/section_00_source_train_normal_0318_noAttribute.wav,in_support,amplitude_modulation,0.3989451825618744
valveEmu/train/section_00_source_train_normal_0319_noAttribute.wav,in_support,periodic_resonance,0.6380979418754578
valveEmu/train/section_00_source_train_normal_0320_noAttribute.wav,in_support,frequency_modulation,0.8757707476615906
valveEmu/train/section_00_source_train_normal_0321_noAttribute.wav,in_support,amplitude_modulation,0.4997803568840027
valveEmu/train/section_00_source_train_normal_0322_noAttribute.wav,in_support,amplitude_modulation,0.3410111367702484
valveEmu/train/section_00_source_train_normal_0323_noAttribute.wav,in_support,frequency_modulation,0.8096182942390442
valveEmu/train/section_00_source_train_normal_0324_noAttribute.wav,in_support,periodic_resonance,0.8948816061019897
valveEmu/train/section_00_source_train_normal_0325_noAttribute.wav,in_support,periodic_resonance,0.3103881776332855
valveEmu/train/section_00_source_train_normal_0326_noAttribute.wav,in_support,amplitude_modulation,0.25340232253074646
valveEmu/train/section_00_source_train_normal_0327_noAttribute.wav,in_support,frequency_modulation,0.8875266909599304
valveEmu/train/section_00_source_train_normal_0328_noAttribute.wav,in_support,frequency_modulation,0.16688458621501923
valveEmu/train/section_00_source_train_normal_0329_noAttribute.wav,in_support,frequency_modulation,0.2615666687488556
valveEmu/train/section_00_source_train_normal_0330_noAttribute.wav,in_support,periodic_resonance,0.6291444301605225
valveEmu/train/section_00_source_train_normal_0331_noAttribute.wav,in_support,periodic_resonance,0.8405420184135437
valveEmu/train/section_00_source_train_normal_0332_noAttribute.wav,in_support,periodic_resonance,0.8100326061248779
valveEmu/train/section_00_source_train_normal_0333_noAttribute.wav,in_support,periodic_resonance,0.7987450361251831
valveEmu/train/section_00_source_train_normal_0334_noAttribute.wav,in_support,amplitude_modulation,0.07614962011575699
valveEmu/train/section_00_source_train_normal_0335_noAttribute.wav,in_support,frequency_modulation,0.1325928121805191
valveEmu/train/section_00_source_train_normal_0336_noAttribute.wav,in_support,amplitude_modulation,0.6723327040672302
valveEmu/train/section_00_source_train_normal_0337_noAttribute.wav,in_support,amplitude_modulation,0.7070528268814087
valveEmu/train/section_00_source_train_normal_0338_noAttribute.wav,in_support,frequency_modulation,0.413717657327652
valveEmu/train/section_00_source_train_normal_0339_noAttribute.wav,in_support,periodic_resonance,0.9099451899528503
valveEmu/train/section_00_source_train_normal_0340_noAttribute.wav,in_support,periodic_resonance,0.8176062107086182
valveEmu/train/section_00_source_train_normal_0341_noAttribute.wav,in_support,periodic_resonance,0.3312419354915619
valveEmu/train/section_00_source_train_normal_0342_noAttribute.wav,in_support,periodic_resonance,0.7222498655319214
valveEmu/train/section_00_source_train_normal_0343_noAttribute.wav,in_support,periodic_resonance,0.9343672394752502
valveEmu/train/section_00_source_train_normal_0344_noAttribute.wav,in_support,frequency_modulation,0.5654046535491943
valveEmu/train/section_00_source_train_normal_0345_noAttribute.wav,in_support,periodic_resonance,0.8718183636665344
valveEmu/train/section_00_source_train_normal_0346_noAttribute.wav,in_support,amplitude_modulation,0.12884730100631714
valveEmu/train/section_00_source_train_normal_0347_noAttribute.wav,in_support,periodic_resonance,0.8958003520965576
valveEmu/train/section_00_source_train_normal_0348_noAttribute.wav,in_support,frequency_modulation,0.200861394405365
valveEmu/train/section_00_source_train_normal_0349_noAttribute.wav,in_support,periodic_resonance,0.5844280123710632
valveEmu/train/section_00_source_train_normal_0350_noAttribute.wav,in_support,periodic_resonance,0.8409896492958069
valveEmu/train/section_00_source_train_normal_0351_noAttribute.wav,in_support,periodic_resonance,0.7001104950904846
valveEmu/train/section_00_source_train_normal_0352_noAttribute.wav,in_support,amplitude_modulation,0.11221355944871902
valveEmu/train/section_00_source_train_normal_0353_noAttribute.wav,in_support,frequency_modulation,0.37542781233787537
valveEmu/train/section_00_source_train_normal_0354_noAttribute.wav,in_support,frequency_modulation,0.734297513961792
valveEmu/train/section_00_source_train_normal_0355_noAttribute.wav,in_support,periodic_resonance,0.9312906861305237
valveEmu/train/section_00_source_train_normal_0356_noAttribute.wav,in_support,amplitude_modulation,0.7330248951911926
valveEmu/train/section_00_source_train_normal_0357_noAttribute.wav,in_support,periodic_resonance,0.18669919669628143
valveEmu/train/section_00_source_train_normal_0358_noAttribute.wav,in_support,frequency_modulation,0.3378848731517792
valveEmu/train/section_00_source_train_normal_0359_noAttribute.wav,in_support,periodic_resonance,0.8482930064201355
valveEmu/train/section_00_source_train_normal_0360_noAttribute.wav,in_support,frequency_modulation,0.801836371421814
valveEmu/train/section_00_source_train_normal_0361_noAttribute.wav,in_support,amplitude_modulation,0.2878381311893463
valveEmu/train/section_00_source_train_normal_0362_noAttribute.wav,in_support,amplitude_modulation,0.15026512742042542
valveEmu/train/section_00_source_train_normal_0363_noAttribute.wav,in_support,amplitude_modulation,0.4948544204235077
valveEmu/train/section_00_source_train_normal_0364_noAttribute.wav,in_support,periodic_resonance,0.8630234003067017
valveEmu/train/section_00_source_train_normal_0365_noAttribute.wav,in_support,periodic_resonance,0.7224789261817932
valveEmu/train/section_00_source_train_normal_0366_noAttribute.wav,in_support,periodic_resonance,0.9245098233222961
valveEmu/train/section_00_source_train_normal_0367_noAttribute.wav,in_support,frequency_modulation,0.3228326141834259
valveEmu/train/section_00_source_train_normal_0368_noAttribute.wav,in_support,amplitude_modulation,0.1361551284790039
valveEmu/train/section_00_source_train_normal_0369_noAttribute.wav,in_support,amplitude_modulation,0.18447116017341614
valveEmu/train/section_00_source_train_normal_0370_noAttribute.wav,in_support,frequency_modulation,0.2771264910697937
valveEmu/train/section_00_source_train_normal_0371_noAttribute.wav,in_support,frequency_modulation,0.41876229643821716
valveEmu/train/section_00_source_train_normal_0372_noAttribute.wav,in_support,periodic_resonance,0.4922342002391815
valveEmu/train/section_00_source_train_normal_0373_noAttribute.wav,in_support,amplitude_modulation,0.31024429202079773
valveEmu/train/section_00_source_train_normal_0374_noAttribute.wav,in_support,periodic_resonance,0.9209719300270081
valveEmu/train/section_00_source_train_normal_0375_noAttribute.wav,in_support,frequency_modulation,0.6873079538345337
valveEmu/train/section_00_source_train_normal_0376_noAttribute.wav,in_support,amplitude_modulation,0.0857604518532753
valveEmu/train/section_00_source_train_normal_0377_noAttribute.wav,in_support,frequency_modulation,0.606924295425415
valveEmu/train/section_00_source_train_normal_0378_noAttribute.wav,in_support,frequency_modulation,0.4101046919822693
valveEmu/train/section_00_source_train_normal_0379_noAttribute.wav,in_support,amplitude_modulation,0.2767038941383362
valveEmu/train/section_00_source_train_normal_0380_noAttribute.wav,in_support,amplitude_modulation,0.34461909532546997
valveEmu/train/section_00_source_train_normal_0381_noAttribute.wav,in_support,frequency_modulation,0.8295534253120422
valveEmu/train/section_00_source_train_normal_0382_noAttribute.wav,in_support,amplitude_modulation,0.7422861456871033
valveEmu/train/section_00_source_train_normal_0383_noAttribute.wav,in_support,frequency_modulation,0.2962797284126282
valveEmu/train/section_00_source_train_normal_0384_noAttribute.wav,in_support,periodic_resonance,0.23845726251602173
valveEmu/train/section_00_source_train_normal_0385_noAttribute.wav,in_support,frequency_modulation,0.7455508708953857
valveEmu/train/section_00_source_train_normal_0386_noAttribute.wav,in_support,amplitude_modulation,0.40260007977485657
valveEmu/train/section_00_source_train_normal_0387_noAttribute.wav,in_support,amplitude_modulation,0.44715216755867004
valveEmu/train/section_00_source_train_normal_0388_noAttribute.wav,in_support,amplitude_modulation,0.8173760771751404
valveEmu/train/section_00_source_train_normal_0389_noAttribute.wav,in_support,frequency_modulation,0.3367626368999481
valveEmu/train/section_00_source_train_normal_0390_noAttribute.wav,in_support,frequency_modulation,0.3271946907043457
valveEmu/train/section_00_source_train_normal_0391_noAttribute.wav,in_support,amplitude_modulation,0.19689443707466125
valveEmu/train/section_00_source_train_normal_0392_noAttribute.wav,in_support,amplitude_modulation,0.09166142344474792
valveEmu/train/section_00_source_train_normal_0393_noAttribute.wav,in_support,amplitude_modulation,0.7968536019325256
valveEmu/train/section_00_source_train_normal_0394_noAttribute.wav,in_support,amplitude_modulation,0.3619116246700287
valveEmu/train/section_00_source_train_normal_0395_noAttribute.wav,in_support,periodic_resonance,0.25944334268569946
valveEmu/train/section_00_source_train_normal_0396_noAttribute.wav,in_support,frequency_modulation,0.39118099212646484
valveEmu/train/section_00_source_train_normal_0397_noAttribute.wav,in_support,frequency_modulation,0.8489152789115906
valveEmu/train/section_00_source_train_normal_0398_noAttribute.wav,in_support,frequency_modulation,0.7436074018478394
valveEmu/train/section_00_source_train_normal_0399_noAttribute.wav,in_support,amplitude_modulation,0.46478375792503357
valveEmu/train/section_00_source_train_normal_0400_noAttribute.wav,in_support,periodic_resonance,0.9312300682067871
valveEmu/train/section_00_source_train_normal_0401_noAttribute.wav,in_support,amplitude_modulation,0.8080361485481262
valveEmu/train/section_00_source_train_normal_0402_noAttribute.wav,in_support,periodic_resonance,0.291634738445282
valveEmu/train/section_00_source_train_normal_0403_noAttribute.wav,in_support,frequency_modulation,0.3190518319606781
valveEmu/train/section_00_source_train_normal_0404_noAttribute.wav,in_support,amplitude_modulation,0.10542912781238556
valveEmu/train/section_00_source_train_normal_0405_noAttribute.wav,in_support,amplitude_modulation,0.6818879246711731
valveEmu/train/section_00_source_train_normal_0406_noAttribute.wav,in_support,frequency_modulation,0.1891031712293625
valveEmu/train/section_00_source_train_normal_0407_noAttribute.wav,in_support,amplitude_modulation,0.06575363129377365
valveEmu/train/section_00_source_train_normal_0408_noAttribute.wav,in_support,frequency_modulation,0.7783828377723694
valveEmu/train/section_00_source_train_normal_0409_noAttribute.wav,in_support,frequency_modulation,0.815642237663269
valveEmu/train/section_00_source_train_normal_0410_noAttribute.wav,in_support,frequency_modulation,0.22210636734962463
valveEmu/train/section_00_source_train_normal_0411_noAttribute.wav,in_support,periodic_resonance,0.5360192656517029
valveEmu/train/section_00_source_train_normal_0412_noAttribute.wav,in_support,periodic_resonance,0.827164351940155
valveEmu/train/section_00_source_train_normal_0413_noAttribute.wav,in_support,amplitude_modulation,0.1070675179362297
valveEmu/train/section_00_source_train_normal_0414_noAttribute.wav,in_support,amplitude_modulation,0.6383072137832642
valveEmu/train/section_00_source_train_normal_0415_noAttribute.wav,in_support,amplitude_modulation,0.17339998483657837
valveEmu/train/section_00_source_train_normal_0416_noAttribute.wav,in_support,periodic_resonance,0.8949710726737976
valveEmu/train/section_00_source_train_normal_0417_noAttribute.wav,in_support,amplitude_modulation,0.0922071561217308
valveEmu/train/section_00_source_train_normal_0418_noAttribute.wav,in_support,amplitude_modulation,0.788064181804657
valveEmu/train/section_00_source_train_normal_0419_noAttribute.wav,in_support,amplitude_modulation,0.07909298688173294
valveEmu/train/section_00_source_train_normal_0420_noAttribute.wav,in_support,periodic_resonance,0.8318113088607788
valveEmu/train/section_00_source_train_normal_0421_noAttribute.wav,in_support,periodic_resonance,0.8542981147766113
valveEmu/train/section_00_source_train_normal_0422_noAttribute.wav,in_support,periodic_resonance,0.3697149455547333
valveEmu/train/section_00_source_train_normal_0423_noAttribute.wav,in_support,amplitude_modulation,0.31011128425598145
valveEmu/train/section_00_source_train_normal_0424_noAttribute.wav,in_support,amplitude_modulation,0.15568219125270844
valveEmu/train/section_00_source_train_normal_0425_noAttribute.wav,in_support,periodic_resonance,0.2928538918495178
valveEmu/train/section_00_source_train_normal_0426_noAttribute.wav,in_support,frequency_modulation,0.37615808844566345
valveEmu/train/section_00_source_train_normal_0427_noAttribute.wav,in_support,amplitude_modulation,0.09668068587779999
valveEmu/train/section_00_source_train_normal_0428_noAttribute.wav,in_support,frequency_modulation,0.4476200342178345
valveEmu/train/section_00_source_train_normal_0429_noAttribute.wav,in_support,amplitude_modulation,0.1643175184726715
valveEmu/train/section_00_source_train_normal_0430_noAttribute.wav,in_support,amplitude_modulation,0.21018670499324799
valveEmu/train/section_00_source_train_normal_0431_noAttribute.wav,in_support,periodic_resonance,0.9312113523483276
valveEmu/train/section_00_source_train_normal_0432_noAttribute.wav,in_support,periodic_resonance,0.7017852663993835
valveEmu/train/section_00_source_train_normal_0433_noAttribute.wav,in_support,frequency_modulation,0.22061634063720703
valveEmu/train/section_00_source_train_normal_0434_noAttribute.wav,in_support,amplitude_modulation,0.47369638085365295
valveEmu/train/section_00_source_train_normal_0435_noAttribute.wav,in_support,periodic_resonance,0.9056507349014282
valveEmu/train/section_00_source_train_normal_0436_noAttribute.wav,in_support,periodic_resonance,0.4062347412109375
valveEmu/train/section_00_source_train_normal_0437_noAttribute.wav,in_support,periodic_resonance,0.8272369503974915
valveEmu/train/section_00_source_train_normal_0438_noAttribute.wav,in_support,periodic_resonance,0.8306832313537598
valveEmu/train/section_00_source_train_normal_0439_noAttribute.wav,in_support,periodic_resonance,0.19162216782569885
valveEmu/train/section_00_source_train_normal_0440_noAttribute.wav,in_support,periodic_resonance,0.8863580226898193
valveEmu/train/section_00_source_train_normal_0441_noAttribute.wav,in_support,periodic_resonance,0.6793113946914673
valveEmu/train/section_00_source_train_normal_0442_noAttribute.wav,in_support,periodic_resonance,0.6021825671195984
valveEmu/train/section_00_source_train_normal_0443_noAttribute.wav,in_support,frequency_modulation,0.24589455127716064
valveEmu/train/section_00_source_train_normal_0444_noAttribute.wav,in_support,amplitude_modulation,0.16387364268302917
valveEmu/train/section_00_source_train_normal_0445_noAttribute.wav,in_support,frequency_modulation,0.5669712424278259
valveEmu/train/section_00_source_train_normal_0446_noAttribute.wav,in_support,periodic_resonance,0.7033015489578247
valveEmu/train/section_00_source_train_normal_0447_noAttribute.wav,in_support,frequency_modulation,0.26879188418388367
valveEmu/train/section_00_source_train_normal_0448_noAttribute.wav,in_support,amplitude_modulation,0.4200189709663391
valveEmu/train/section_00_source_train_normal_0449_noAttribute.wav,in_support,amplitude_modulation,0.19310419261455536
valveEmu/train/section_00_source_train_normal_0450_noAttribute.wav,in_support,frequency_modulation,0.678358256816864
valveEmu/train/section_00_source_train_normal_0451_noAttribute.wav,in_support,periodic_resonance,0.8151225447654724
valveEmu/train/section_00_source_train_normal_0452_noAttribute.wav,in_support,amplitude_modulation,0.07831175625324249
valveEmu/train/section_00_source_train_normal_0453_noAttribute.wav,in_support,periodic_resonance,0.2523519992828369
valveEmu/train/section_00_source_train_normal_0454_noAttribute.wav,in_support,frequency_modulation,0.14748217165470123
valveEmu/train/section_00_source_train_normal_0455_noAttribute.wav,in_support,frequency_modulation,0.6989687085151672
valveEmu/train/section_00_source_train_normal_0456_noAttribute.wav,in_support,periodic_resonance,0.7950983047485352
valveEmu/train/section_00_source_train_normal_0457_noAttribute.wav,in_support,periodic_resonance,0.8091805577278137
valveEmu/train/section_00_source_train_normal_0458_noAttribute.wav,in_support,periodic_resonance,0.8948825597763062
valveEmu/train/section_00_source_train_normal_0459_noAttribute.wav,in_support,frequency_modulation,0.6826839447021484
valveEmu/train/section_00_source_train_normal_0460_noAttribute.wav,in_support,frequency_modulation,0.6613703370094299
valveEmu/train/section_00_source_train_normal_0461_noAttribute.wav,in_support,frequency_modulation,0.6335099339485168
valveEmu/train/section_00_source_train_normal_0462_noAttribute.wav,in_support,frequency_modulation,0.42678821086883545
valveEmu/train/section_00_source_train_normal_0463_noAttribute.wav,in_support,periodic_resonance,0.8509094715118408
valveEmu/train/section_00_source_train_normal_0464_noAttribute.wav,in_support,frequency_modulation,0.175706148147583
valveEmu/train/section_00_source_train_normal_0465_noAttribute.wav,in_support,frequency_modulation,0.7594127655029297
valveEmu/train/section_00_source_train_normal_0466_noAttribute.wav,in_support,amplitude_modulation,0.43279728293418884
valveEmu/train/section_00_source_train_normal_0467_noAttribute.wav,in_support,frequency_modulation,0.8912076950073242
valveEmu/train/section_00_source_train_normal_0468_noAttribute.wav,in_support,amplitude_modulation,0.10148128122091293
valveEmu/train/section_00_source_train_normal_0469_noAttribute.wav,in_support,periodic_resonance,0.43032586574554443
valveEmu/train/section_00_source_train_normal_0470_noAttribute.wav,in_support,frequency_modulation,0.7426580190658569
valveEmu/train/section_00_source_train_normal_0471_noAttribute.wav,in_support,frequency_modulation,0.7520857453346252
valveEmu/train/section_00_source_train_normal_0472_noAttribute.wav,in_support,amplitude_modulation,0.26315587759017944
valveEmu/train/section_00_source_train_normal_0473_noAttribute.wav,in_support,amplitude_modulation,0.6966291666030884
valveEmu/train/section_00_source_train_normal_0474_noAttribute.wav,in_support,amplitude_modulation,0.4053150415420532
valveEmu/train/section_00_source_train_normal_0475_noAttribute.wav,in_support,periodic_resonance,0.36029165983200073
valveEmu/train/section_00_source_train_normal_0476_noAttribute.wav,in_support,periodic_resonance,0.6349802613258362
valveEmu/train/section_00_source_train_normal_0477_noAttribute.wav,in_support,frequency_modulation,0.8542007207870483
valveEmu/train/section_00_source_train_normal_0478_noAttribute.wav,in_support,frequency_modulation,0.799639105796814
valveEmu/train/section_00_source_train_normal_0479_noAttribute.wav,in_support,periodic_resonance,0.8280096650123596
valveEmu/train/section_00_source_train_normal_0480_noAttribute.wav,in_support,periodic_resonance,0.43333134055137634
valveEmu/train/section_00_source_train_normal_0481_noAttribute.wav,in_support,amplitude_modulation,0.42611730098724365
valveEmu/train/section_00_source_train_normal_0482_noAttribute.wav,in_support,periodic_resonance,0.8933770060539246
valveEmu/train/section_00_source_train_normal_0483_noAttribute.wav,in_support,periodic_resonance,0.7664573788642883
valveEmu/train/section_00_source_train_normal_0484_noAttribute.wav,in_support,frequency_modulation,0.27513229846954346
valveEmu/train/section_00_source_train_normal_0485_noAttribute.wav,in_support,periodic_resonance,0.7818223237991333
valveEmu/train/section_00_source_train_normal_0486_noAttribute.wav,in_support,amplitude_modulation,0.054251108318567276
valveEmu/train/section_00_source_train_normal_0487_noAttribute.wav,in_support,amplitude_modulation,0.2508542537689209
valveEmu/train/section_00_source_train_normal_0488_noAttribute.wav,in_support,periodic_resonance,0.27962249517440796
valveEmu/train/section_00_source_train_normal_0489_noAttribute.wav,in_support,frequency_modulation,0.2553340494632721
valveEmu/train/section_00_source_train_normal_0490_noAttribute.wav,in_support,periodic_resonance,0.6721057891845703
valveEmu/train/section_00_source_train_normal_0491_noAttribute.wav,in_support,amplitude_modulation,0.12008634209632874
valveEmu/train/section_00_source_train_normal_0492_noAttribute.wav,in_support,frequency_modulation,0.2406425029039383
valveEmu/train/section_00_source_train_normal_0493_noAttribute.wav,in_support,amplitude_modulation,0.856238067150116
valveEmu/train/section_00_source_train_normal_0494_noAttribute.wav,in_support,periodic_resonance,0.7205245494842529
valveEmu/train/section_00_source_train_normal_0495_noAttribute.wav,in_support,amplitude_modulation,0.3739405870437622
valveEmu/train/section_00_source_train_normal_0496_noAttribute.wav,in_support,periodic_resonance,0.8411788940429688
valveEmu/train/section_00_source_train_normal_0497_noAttribute.wav,in_support,frequency_modulation,0.8113625645637512
valveEmu/train/section_00_source_train_normal_0498_noAttribute.wav,in_support,frequency_modulation,0.5321646928787231
valveEmu/train/section_00_source_train_normal_0499_noAttribute.wav,in_support,amplitude_modulation,0.11611923575401306
valveEmu/train/section_00_source_train_normal_0500_noAttribute.wav,in_support,amplitude_modulation,0.07750056684017181
valveEmu/train/section_00_source_train_normal_0501_noAttribute.wav,in_support,periodic_resonance,0.9050695896148682
valveEmu/train/section_00_source_train_normal_0502_noAttribute.wav,in_support,periodic_resonance,0.8311997652053833
valveEmu/train/section_00_source_train_normal_0503_noAttribute.wav,in_support,frequency_modulation,0.294997900724411
valveEmu/train/section_00_source_train_normal_0504_noAttribute.wav,in_support,frequency_modulation,0.6923614740371704
valveEmu/train/section_00_source_train_normal_0505_noAttribute.wav,in_support,periodic_resonance,0.8966574668884277
valveEmu/train/section_00_source_train_normal_0506_noAttribute.wav,in_support,amplitude_modulation,0.8190672993659973
valveEmu/train/section_00_source_train_normal_0507_noAttribute.wav,in_support,amplitude_modulation,0.6342063546180725
valveEmu/train/section_00_source_train_normal_0508_noAttribute.wav,in_support,frequency_modulation,0.2445390820503235
valveEmu/train/section_00_source_train_normal_0509_noAttribute.wav,in_support,amplitude_modulation,0.10370753705501556
valveEmu/train/section_00_source_train_normal_0510_noAttribute.wav,in_support,amplitude_modulation,0.30019813776016235
valveEmu/train/section_00_source_train_normal_0511_noAttribute.wav,in_support,amplitude_modulation,0.818235456943512
valveEmu/train/section_00_source_train_normal_0512_noAttribute.wav,in_support,amplitude_modulation,0.11102499812841415
valveEmu/train/section_00_source_train_normal_0513_noAttribute.wav,in_support,amplitude_modulation,0.1969144493341446
valveEmu/train/section_00_source_train_normal_0514_noAttribute.wav,in_support,frequency_modulation,0.345116525888443
valveEmu/train/section_00_source_train_normal_0515_noAttribute.wav,in_support,amplitude_modulation,0.07887640595436096
valveEmu/train/section_00_source_train_normal_0516_noAttribute.wav,in_support,amplitude_modulation,0.4407947063446045
valveEmu/train/section_00_source_train_normal_0517_noAttribute.wav,in_support,frequency_modulation,0.6186011433601379
valveEmu/train/section_00_source_train_normal_0518_noAttribute.wav,in_support,periodic_resonance,0.8555102944374084
valveEmu/train/section_00_source_train_normal_0519_noAttribute.wav,in_support,frequency_modulation,0.6879708170890808
valveEmu/train/section_00_source_train_normal_0520_noAttribute.wav,in_support,periodic_resonance,0.31531715393066406
valveEmu/train/section_00_source_train_normal_0521_noAttribute.wav,in_support,frequency_modulation,0.20778517425060272
valveEmu/train/section_00_source_train_normal_0522_noAttribute.wav,in_support,amplitude_modulation,0.374152272939682
valveEmu/train/section_00_source_train_normal_0523_noAttribute.wav,in_support,frequency_modulation,0.732071042060852
valveEmu/train/section_00_source_train_normal_0524_noAttribute.wav,in_support,frequency_modulation,0.17016932368278503
valveEmu/train/section_00_source_train_normal_0525_noAttribute.wav,in_support,periodic_resonance,0.5155763030052185
valveEmu/train/section_00_source_train_normal_0526_noAttribute.wav,in_support,amplitude_modulation,0.8230331540107727
valveEmu/train/section_00_source_train_normal_0527_noAttribute.wav,in_support,amplitude_modulation,0.11373350024223328
valveEmu/train/section_00_source_train_normal_0528_noAttribute.wav,in_support,frequency_modulation,0.2121962457895279
valveEmu/train/section_00_source_train_normal_0529_noAttribute.wav,in_support,frequency_modulation,0.48075851798057556
valveEmu/train/section_00_source_train_normal_0530_noAttribute.wav,in_support,amplitude_modulation,0.20308256149291992
valveEmu/train/section_00_source_train_normal_0531_noAttribute.wav,in_support,frequency_modulation,0.6467107534408569
valveEmu/train/section_00_source_train_normal_0532_noAttribute.wav,in_support,periodic_resonance,0.9106224179267883
valveEmu/train/section_00_source_train_normal_0533_noAttribute.wav,in_support,periodic_resonance,0.6787475943565369
valveEmu/train/section_00_source_train_normal_0534_noAttribute.wav,in_support,amplitude_modulation,0.1994650959968567
valveEmu/train/section_00_source_train_normal_0535_noAttribute.wav,in_support,amplitude_modulation,0.6659181714057922
valveEmu/train/section_00_source_train_normal_0536_noAttribute.wav,in_support,frequency_modulation,0.6387734413146973
valveEmu/train/section_00_source_train_normal_0537_noAttribute.wav,in_support,frequency_modulation,0.5289392471313477
valveEmu/train/section_00_source_train_normal_0538_noAttribute.wav,in_support,periodic_resonance,0.6298500299453735
valveEmu/train/section_00_source_train_normal_0539_noAttribute.wav,in_support,frequency_modulation,0.8397799134254456
valveEmu/train/section_00_source_train_normal_0540_noAttribute.wav,in_support,frequency_modulation,0.3768284022808075
valveEmu/train/section_00_source_train_normal_0541_noAttribute.wav,in_support,periodic_resonance,0.8506783843040466
valveEmu/train/section_00_source_train_normal_0542_noAttribute.wav,in_support,frequency_modulation,0.8421334624290466
valveEmu/train/section_00_source_train_normal_0543_noAttribute.wav,in_support,frequency_modulation,0.7573723793029785
valveEmu/train/section_00_source_train_normal_0544_noAttribute.wav,in_support,amplitude_modulation,0.888024091720581
valveEmu/train/section_00_source_train_normal_0545_noAttribute.wav,in_support,periodic_resonance,0.9277414083480835
valveEmu/train/section_00_source_train_normal_0546_noAttribute.wav,in_support,periodic_resonance,0.3023778796195984
valveEmu/train/section_00_source_train_normal_0547_noAttribute.wav,in_support,frequency_modulation,0.33650267124176025
valveEmu/train/section_00_source_train_normal_0548_noAttribute.wav,in_support,amplitude_modulation,0.08440494537353516
valveEmu/train/section_00_source_train_normal_0549_noAttribute.wav,in_support,amplitude_modulation,0.8937253355979919
valveEmu/train/section_00_source_train_normal_0550_noAttribute.wav,in_support,periodic_resonance,0.8355948328971863
valveEmu/train/section_00_source_train_normal_0551_noAttribute.wav,in_support,amplitude_modulation,0.17337962985038757
valveEmu/train/section_00_source_train_normal_0552_noAttribute.wav,in_support,amplitude_modulation,0.10022324323654175
valveEmu/train/section_00_source_train_normal_0553_noAttribute.wav,in_support,frequency_modulation,0.7849652171134949
valveEmu/train/section_00_source_train_normal_0554_noAttribute.wav,in_support,periodic_resonance,0.885142982006073
valveEmu/train/section_00_source_train_normal_0555_noAttribute.wav,in_support,frequency_modulation,0.3088360130786896
valveEmu/train/section_00_source_train_normal_0556_noAttribute.wav,in_support,periodic_resonance,0.8789862990379333
valveEmu/train/section_00_source_train_normal_0557_noAttribute.wav,in_support,periodic_resonance,0.7494861483573914
valveEmu/train/section_00_source_train_normal_0558_noAttribute.wav,in_support,periodic_resonance,0.6923132538795471
valveEmu/train/section_00_source_train_normal_0559_noAttribute.wav,in_support,amplitude_modulation,0.08967546373605728
valveEmu/train/section_00_source_train_normal_0560_noAttribute.wav,in_support,frequency_modulation,0.5793955326080322
valveEmu/train/section_00_source_train_normal_0561_noAttribute.wav,in_support,periodic_resonance,0.7319324016571045
valveEmu/train/section_00_source_train_normal_0562_noAttribute.wav,in_support,frequency_modulation,0.9280628561973572
valveEmu/train/section_00_source_train_normal_0563_noAttribute.wav,in_support,amplitude_modulation,0.24158909916877747
valveEmu/train/section_00_source_train_normal_0564_noAttribute.wav,in_support,periodic_resonance,0.9244293570518494
valveEmu/train/section_00_source_train_normal_0565_noAttribute.wav,in_support,frequency_modulation,0.7729761004447937
valveEmu/train/section_00_source_train_normal_0566_noAttribute.wav,in_support,frequency_modulation,0.5969113111495972
valveEmu/train/section_00_source_train_normal_0567_noAttribute.wav,in_support,periodic_resonance,0.7781788110733032
valveEmu/train/section_00_source_train_normal_0568_noAttribute.wav,in_support,periodic_resonance,0.8252376317977905
valveEmu/train/section_00_source_train_normal_0569_noAttribute.wav,in_support,periodic_resonance,0.4860718548297882
valveEmu/train/section_00_source_train_normal_0570_noAttribute.wav,in_support,amplitude_modulation,0.614610493183136
valveEmu/train/section_00_source_train_normal_0571_noAttribute.wav,in_support,frequency_modulation,0.273465096950531
valveEmu/train/section_00_source_train_normal_0572_noAttribute.wav,in_support,frequency_modulation,0.4437885284423828
valveEmu/train/section_00_source_train_normal_0573_noAttribute.wav,in_support,periodic_resonance,0.2853929400444031
valveEmu/train/section_00_source_train_normal_0574_noAttribute.wav,in_support,amplitude_modulation,0.07115194201469421
valveEmu/train/section_00_source_train_normal_0575_noAttribute.wav,in_support,frequency_modulation,0.2524864077568054
valveEmu/train/section_00_source_train_normal_0576_noAttribute.wav,in_support,amplitude_modulation,0.23146119713783264
valveEmu/train/section_00_source_train_normal_0577_noAttribute.wav,in_support,amplitude_modulation,0.833055317401886
valveEmu/train/section_00_source_train_normal_0578_noAttribute.wav,in_support,amplitude_modulation,0.26268941164016724
valveEmu/train/section_00_source_train_normal_0579_noAttribute.wav,in_support,periodic_resonance,0.44555798172950745
valveEmu/train/section_00_source_train_normal_0580_noAttribute.wav,in_support,amplitude_modulation,0.535654604434967
valveEmu/train/section_00_source_train_normal_0581_noAttribute.wav,in_support,frequency_modulation,0.3919721841812134
valveEmu/train/section_00_source_train_normal_0582_noAttribute.wav,in_support,frequency_modulation,0.45169490575790405
valveEmu/train/section_00_source_train_normal_0583_noAttribute.wav,in_support,amplitude_modulation,0.4611011743545532
valveEmu/train/section_00_source_train_normal_0584_noAttribute.wav,in_support,frequency_modulation,0.17663918435573578
valveEmu/train/section_00_source_train_normal_0585_noAttribute.wav,in_support,frequency_modulation,0.8788018822669983
valveEmu/train/section_00_source_train_normal_0586_noAttribute.wav,in_support,amplitude_modulation,0.2890954613685608
valveEmu/train/section_00_source_train_normal_0587_noAttribute.wav,in_support,frequency_modulation,0.6182836890220642
valveEmu/train/section_00_source_train_normal_0588_noAttribute.wav,in_support,frequency_modulation,0.7924725413322449
valveEmu/train/section_00_source_train_normal_0589_noAttribute.wav,in_support,amplitude_modulation,0.2881363332271576
valveEmu/train/section_00_source_train_normal_0590_noAttribute.wav,in_support,periodic_resonance,0.917600154876709
valveEmu/train/section_00_source_train_normal_0591_noAttribute.wav,in_support,amplitude_modulation,0.10338660329580307
valveEmu/train/section_00_source_train_normal_0592_noAttribute.wav,in_support,amplitude_modulation,0.8025397658348083
valveEmu/train/section_00_source_train_normal_0593_noAttribute.wav,in_support,amplitude_modulation,0.2554822564125061
valveEmu/train/section_00_source_train_normal_0594_noAttribute.wav,in_support,amplitude_modulation,0.3503046929836273
valveEmu/train/section_00_source_train_normal_0595_noAttribute.wav,in_support,amplitude_modulation,0.8149986863136292
valveEmu/train/section_00_source_train_normal_0596_noAttribute.wav,in_support,periodic_resonance,0.7260130047798157
valveEmu/train/section_00_source_train_normal_0597_noAttribute.wav,in_support,amplitude_modulation,0.4160022735595703
valveEmu/train/section_00_source_train_normal_0598_noAttribute.wav,in_support,periodic_resonance,0.7983660101890564
valveEmu/train/section_00_source_train_normal_0599_noAttribute.wav,in_support,amplitude_modulation,0.8534814715385437
valveEmu/train/section_00_source_train_normal_0600_noAttribute.wav,in_support,periodic_resonance,0.6528351306915283
valveEmu/train/section_00_source_train_normal_0601_noAttribute.wav,in_support,amplitude_modulation,0.07522505521774292
valveEmu/train/section_00_source_train_normal_0602_noAttribute.wav,in_support,amplitude_modulation,0.2186943143606186
valveEmu/train/section_00_source_train_normal_0603_noAttribute.wav,in_support,frequency_modulation,0.7792271375656128
valveEmu/train/section_00_source_train_normal_0604_noAttribute.wav,in_support,frequency_modulation,0.8441439867019653
valveEmu/train/section_00_source_train_normal_0605_noAttribute.wav,in_support,periodic_resonance,0.7810704708099365
valveEmu/train/section_00_source_train_normal_0606_noAttribute.wav,in_support,amplitude_modulation,0.6767761707305908
valveEmu/train/section_00_source_train_normal_0607_noAttribute.wav,in_support,amplitude_modulation,0.6021131873130798
valveEmu/train/section_00_source_train_normal_0608_noAttribute.wav,in_support,periodic_resonance,0.8045349717140198
valveEmu/train/section_00_source_train_normal_0609_noAttribute.wav,in_support,periodic_resonance,0.9212548136711121
valveEmu/train/section_00_source_train_normal_0610_noAttribute.wav,in_support,periodic_resonance,0.6143960356712341
valveEmu/train/section_00_source_train_normal_0611_noAttribute.wav,in_support,periodic_resonance,0.9365807175636292
valveEmu/train/section_00_source_train_normal_0612_noAttribute.wav,in_support,frequency_modulation,0.6906949281692505
valveEmu/train/section_00_source_train_normal_0613_noAttribute.wav,in_support,amplitude_modulation,0.12403448671102524
valveEmu/train/section_00_source_train_normal_0614_noAttribute.wav,in_support,amplitude_modulation,0.14979930222034454
valveEmu/train/section_00_source_train_normal_0615_noAttribute.wav,in_support,frequency_modulation,0.29363712668418884
valveEmu/train/section_00_source_train_normal_0616_noAttribute.wav,in_support,amplitude_modulation,0.10713396221399307
valveEmu/train/section_00_source_train_normal_0617_noAttribute.wav,in_support,amplitude_modulation,0.6366363167762756
valveEmu/train/section_00_source_train_normal_0618_noAttribute.wav,in_support,frequency_modulation,0.25927993655204773
valveEmu/train/section_00_source_train_normal_0619_noAttribute.wav,in_support,periodic_resonance,0.8676782846450806
valveEmu/train/section_00_source_train_normal_0620_noAttribute.wav,in_support,periodic_resonance,0.7341314554214478
valveEmu/train/section_00_source_train_normal_0621_noAttribute.wav,in_support,amplitude_modulation,0.16116787493228912
valveEmu/train/section_00_source_train_normal_0622_noAttribute.wav,in_support,frequency_modulation,0.879658579826355
valveEmu/train/section_00_source_train_normal_0623_noAttribute.wav,in_support,amplitude_modulation,0.14196036756038666
valveEmu/train/section_00_source_train_normal_0624_noAttribute.wav,in_support,frequency_modulation,0.3047909736633301
valveEmu/train/section_00_source_train_normal_0625_noAttribute.wav,in_support,frequency_modulation,0.8150161504745483
valveEmu/train/section_00_source_train_normal_0626_noAttribute.wav,in_support,amplitude_modulation,0.6896944046020508
valveEmu/train/section_00_source_train_normal_0627_noAttribute.wav,in_support,amplitude_modulation,0.10474943369626999
valveEmu/train/section_00_source_train_normal_0628_noAttribute.wav,in_support,periodic_resonance,0.5256586074829102
valveEmu/train/section_00_source_train_normal_0629_noAttribute.wav,in_support,amplitude_modulation,0.4457995891571045
valveEmu/train/section_00_source_train_normal_0630_noAttribute.wav,in_support,periodic_resonance,0.30330511927604675
valveEmu/train/section_00_source_train_normal_0631_noAttribute.wav,in_support,amplitude_modulation,0.3558098077774048
valveEmu/train/section_00_source_train_normal_0632_noAttribute.wav,in_support,frequency_modulation,0.783420979976654
valveEmu/train/section_00_source_train_normal_0633_noAttribute.wav,in_support,amplitude_modulation,0.4280244708061218
valveEmu/train/section_00_source_train_normal_0634_noAttribute.wav,in_support,periodic_resonance,0.2902313768863678
valveEmu/train/section_00_source_train_normal_0635_noAttribute.wav,in_support,frequency_modulation,0.7455976605415344
valveEmu/train/section_00_source_train_normal_0636_noAttribute.wav,in_support,amplitude_modulation,0.23239284753799438
valveEmu/train/section_00_source_train_normal_0637_noAttribute.wav,in_support,periodic_resonance,0.41530749201774597
valveEmu/train/section_00_source_train_normal_0638_noAttribute.wav,in_support,amplitude_modulation,0.08624525368213654
valveEmu/train/section_00_source_train_normal_0639_noAttribute.wav,in_support,frequency_modulation,0.19099706411361694
valveEmu/train/section_00_source_train_normal_0640_noAttribute.wav,in_support,periodic_resonance,0.8841328024864197
valveEmu/train/section_00_source_train_normal_0641_noAttribute.wav,in_support,amplitude_modulation,0.1265113353729248
valveEmu/train/section_00_source_train_normal_0642_noAttribute.wav,in_support,periodic_resonance,0.1285535842180252
valveEmu/train/section_00_source_train_normal_0643_noAttribute.wav,in_support,frequency_modulation,0.840744137763977
valveEmu/train/section_00_source_train_normal_0644_noAttribute.wav,in_support,amplitude_modulation,0.36128026247024536
valveEmu/train/section_00_source_train_normal_0645_noAttribute.wav,in_support,frequency_modulation,0.20993749797344208
valveEmu/train/section_00_source_train_normal_0646_noAttribute.wav,in_support,periodic_resonance,0.8119378685951233
valveEmu/train/section_00_source_train_normal_0647_noAttribute.wav,in_support,amplitude_modulation,0.1869218945503235
valveEmu/train/section_00_source_train_normal_0648_noAttribute.wav,in_support,periodic_resonance,0.7830222845077515
valveEmu/train/section_00_source_train_normal_0649_noAttribute.wav,in_support,periodic_resonance,0.7263233661651611
valveEmu/train/section_00_source_train_normal_0650_noAttribute.wav,in_support,amplitude_modulation,0.830841600894928
valveEmu/train/section_00_source_train_normal_0651_noAttribute.wav,in_support,frequency_modulation,0.29593080282211304
valveEmu/train/section_00_source_train_normal_0652_noAttribute.wav,in_support,periodic_resonance,0.6387630701065063
valveEmu/train/section_00_source_train_normal_0653_noAttribute.wav,in_support,frequency_modulation,0.7701883912086487
valveEmu/train/section_00_source_train_normal_0654_noAttribute.wav,in_support,periodic_resonance,0.8792898654937744
valveEmu/train/section_00_source_train_normal_0655_noAttribute.wav,in_support,amplitude_modulation,0.24104240536689758
valveEmu/train/section_00_source_train_normal_0656_noAttribute.wav,in_support,amplitude_modulation,0.10403710603713989
valveEmu/train/section_00_source_train_normal_0657_noAttribute.wav,in_support,periodic_resonance,0.9029527306556702
valveEmu/train/section_00_source_train_normal_0658_noAttribute.wav,in_support,amplitude_modulation,0.7718001008033752
valveEmu/train/section_00_source_train_normal_0659_noAttribute.wav,in_support,amplitude_modulation,0.6170684695243835
valveEmu/train/section_00_source_train_normal_0660_noAttribute.wav,in_support,amplitude_modulation,0.10096164792776108
valveEmu/train/section_00_source_train_normal_0661_noAttribute.wav,in_support,amplitude_modulation,0.7206788063049316
valveEmu/train/section_00_source_train_normal_0662_noAttribute.wav,in_support,frequency_modulation,0.6072261333465576
valveEmu/train/section_00_source_train_normal_0663_noAttribute.wav,in_support,amplitude_modulation,0.30773138999938965
valveEmu/train/section_00_source_train_normal_0664_noAttribute.wav,in_support,frequency_modulation,0.19749313592910767
valveEmu/train/section_00_source_train_normal_0665_noAttribute.wav,in_support,frequency_modulation,0.7974072694778442
valveEmu/train/section_00_source_train_normal_0666_noAttribute.wav,in_support,frequency_modulation,0.2369060218334198
valveEmu/train/section_00_source_train_normal_0667_noAttribute.wav,in_support,periodic_resonance,0.9323875904083252
valveEmu/train/section_00_source_train_normal_0668_noAttribute.wav,in_support,frequency_modulation,0.31826290488243103
valveEmu/train/section_00_source_train_normal_0669_noAttribute.wav,in_support,frequency_modulation,0.230069100856781
valveEmu/train/section_00_source_train_normal_0670_noAttribute.wav,in_support,frequency_modulation,0.2656044065952301
valveEmu/train/section_00_source_train_normal_0671_noAttribute.wav,in_support,frequency_modulation,0.8188875913619995
valveEmu/train/section_00_source_train_normal_0672_noAttribute.wav,in_support,frequency_modulation,0.44756707549095154
valveEmu/train/section_00_source_train_normal_0673_noAttribute.wav,in_support,periodic_resonance,0.9214234948158264
valveEmu/train/section_00_source_train_normal_0674_noAttribute.wav,in_support,amplitude_modulation,0.3513907492160797
valveEmu/train/section_00_source_train_normal_0675_noAttribute.wav,in_support,amplitude_modulation,0.20556965470314026
valveEmu/train/section_00_source_train_normal_0676_noAttribute.wav,in_support,frequency_modulation,0.626867413520813
valveEmu/train/section_00_source_train_normal_0677_noAttribute.wav,in_support,amplitude_modulation,0.17302456498146057
valveEmu/train/section_00_source_train_normal_0678_noAttribute.wav,in_support,frequency_modulation,0.18336890637874603
valveEmu/train/section_00_source_train_normal_0679_noAttribute.wav,in_support,frequency_modulation,0.49338287115097046
valveEmu/train/section_00_source_train_normal_0680_noAttribute.wav,in_support,frequency_modulation,0.36153945326805115
valveEmu/train/section_00_source_train_normal_0681_noAttribute.wav,in_support,frequency_modulation,0.7018591165542603
valveEmu/train/section_00_source_train_normal_0682_noAttribute.wav,in_support,periodic_resonance,0.24216029047966003
valveEmu/train/section_00_source_train_normal_0683_noAttribute.wav,in_support,amplitude_modulation,0.6651663780212402
valveEmu/train/section_00_source_train_normal_0684_noAttribute.wav,in_support,periodic_resonance,0.8782290816307068
valveEmu/train/section_00_source_train_normal_0685_noAttribute.wav,in_support,amplitude_modulation,0.3092077076435089
valveEmu/train/section_00_source_train_normal_0686_noAttribute.wav,in_support,periodic_resonance,0.6711202263832092
valveEmu/train/section_00_source_train_normal_0687_noAttribute.wav,in_support,amplitude_modulation,0.5130977034568787
valveEmu/train/section_00_source_train_normal_0688_noAttribute.wav,in_support,periodic_resonance,0.70978182554245
valveEmu/train/section_00_source_train_normal_0689_noAttribute.wav,in_support,frequency_modulation,0.8963693976402283
valveEmu/train/section_00_source_train_normal_0690_noAttribute.wav,in_support,frequency_modulation,0.715164303779602
valveEmu/train/section_00_source_train_normal_0691_noAttribute.wav,in_support,amplitude_modulation,0.6206738352775574
valveEmu/train/section_00_source_train_normal_0692_noAttribute.wav,in_support,amplitude_modulation,0.3857012987136841
valveEmu/train/section_00_source_train_normal_0693_noAttribute.wav,in_support,frequency_modulation,0.3767063021659851
valveEmu/train/section_00_source_train_normal_0694_noAttribute.wav,in_support,frequency_modulation,0.6746013164520264
valveEmu/train/section_00_source_train_normal_0695_noAttribute.wav,in_support,amplitude_modulation,0.1230178102850914
valveEmu/train/section_00_source_train_normal_0696_noAttribute.wav,in_support,frequency_modulation,0.4320688247680664
valveEmu/train/section_00_source_train_normal_0697_noAttribute.wav,in_support,periodic_resonance,0.13183161616325378
valveEmu/train/section_00_source_train_normal_0698_noAttribute.wav,in_support,frequency_modulation,0.4080588221549988
valveEmu/train/section_00_source_train_normal_0699_noAttribute.wav,in_support,frequency_modulation,0.38490012288093567
valveEmu/train/section_00_source_train_normal_0700_noAttribute.wav,in_support,frequency_modulation,0.2727454602718353
valveEmu/train/section_00_source_train_normal_0701_noAttribute.wav,in_support,frequency_modulation,0.43695786595344543
valveEmu/train/section_00_source_train_normal_0702_noAttribute.wav,in_support,periodic_resonance,0.9437186121940613
valveEmu/train/section_00_source_train_normal_0703_noAttribute.wav,in_support,amplitude_modulation,0.8525424003601074
valveEmu/train/section_00_source_train_normal_0704_noAttribute.wav,in_support,amplitude_modulation,0.6782457232475281
valveEmu/train/section_00_source_train_normal_0705_noAttribute.wav,in_support,periodic_resonance,0.296450674533844
valveEmu/train/section_00_source_train_normal_0706_noAttribute.wav,in_support,amplitude_modulation,0.7357881665229797
valveEmu/train/section_00_source_train_normal_0707_noAttribute.wav,in_support,periodic_resonance,0.9065598249435425
valveEmu/train/section_00_source_train_normal_0708_noAttribute.wav,in_support,amplitude_modulation,0.7533138990402222
valveEmu/train/section_00_source_train_normal_0709_noAttribute.wav,in_support,periodic_resonance,0.9460893273353577
valveEmu/train/section_00_source_train_normal_0710_noAttribute.wav,in_support,frequency_modulation,0.4713387191295624
valveEmu/train/section_00_source_train_normal_0711_noAttribute.wav,in_support,amplitude_modulation,0.14917191863059998
valveEmu/train/section_00_source_train_normal_0712_noAttribute.wav,in_support,amplitude_modulation,0.5788698792457581
valveEmu/train/section_00_source_train_normal_0713_noAttribute.wav,in_support,frequency_modulation,0.6971015930175781
valveEmu/train/section_00_source_train_normal_0714_noAttribute.wav,in_support,amplitude_modulation,0.3946099579334259
valveEmu/train/section_00_source_train_normal_0715_noAttribute.wav,in_support,frequency_modulation,0.5002229809761047
valveEmu/train/section_00_source_train_normal_0716_noAttribute.wav,in_support,periodic_resonance,0.9142116904258728
valveEmu/train/section_00_source_train_normal_0717_noAttribute.wav,in_support,frequency_modulation,0.5705021023750305
valveEmu/train/section_00_source_train_normal_0718_noAttribute.wav,in_support,frequency_modulation,0.5740485191345215
valveEmu/train/section_00_source_train_normal_0719_noAttribute.wav,in_support,periodic_resonance,0.8447828888893127
valveEmu/train/section_00_source_train_normal_0720_noAttribute.wav,in_support,periodic_resonance,0.8417505621910095
valveEmu/train/section_00_source_train_normal_0721_noAttribute.wav,in_support,periodic_resonance,0.8775140047073364
valveEmu/train/section_00_source_train_normal_0722_noAttribute.wav,in_support,amplitude_modulation,0.24736961722373962
valveEmu/train/section_00_source_train_normal_0723_noAttribute.wav,in_support,frequency_modulation,0.6019243001937866
valveEmu/train/section_00_source_train_normal_0724_noAttribute.wav,in_support,frequency_modulation,0.5712560415267944
valveEmu/train/section_00_source_train_normal_0725_noAttribute.wav,in_support,periodic_resonance,0.8644652366638184
valveEmu/train/section_00_source_train_normal_0726_noAttribute.wav,in_support,amplitude_modulation,0.13815923035144806
valveEmu/train/section_00_source_train_normal_0727_noAttribute.wav,in_support,periodic_resonance,0.360085129737854
valveEmu/train/section_00_source_train_normal_0728_noAttribute.wav,in_support,periodic_resonance,0.1636611670255661
valveEmu/train/section_00_source_train_normal_0729_noAttribute.wav,in_support,frequency_modulation,0.20464061200618744
valveEmu/train/section_00_source_train_normal_0730_noAttribute.wav,in_support,periodic_resonance,0.8697243928909302
valveEmu/train/section_00_source_train_normal_0731_noAttribute.wav,in_support,amplitude_modulation,0.09600674360990524
valveEmu/train/section_00_source_train_normal_0732_noAttribute.wav,in_support,amplitude_modulation,0.17601069808006287
valveEmu/train/section_00_source_train_normal_0733_noAttribute.wav,in_support,frequency_modulation,0.3849963843822479
valveEmu/train/section_00_source_train_normal_0734_noAttribute.wav,in_support,periodic_resonance,0.7293418049812317
valveEmu/train/section_00_source_train_normal_0735_noAttribute.wav,in_support,periodic_resonance,0.8375924825668335
valveEmu/train/section_00_source_train_normal_0736_noAttribute.wav,in_support,periodic_resonance,0.3325944244861603
valveEmu/train/section_00_source_train_normal_0737_noAttribute.wav,in_support,frequency_modulation,0.9306369423866272
valveEmu/train/section_00_source_train_normal_0738_noAttribute.wav,in_support,frequency_modulation,0.4114953279495239
valveEmu/train/section_00_source_train_normal_0739_noAttribute.wav,in_support,frequency_modulation,0.24677985906600952
valveEmu/train/section_00_source_train_normal_0740_noAttribute.wav,in_support,frequency_modulation,0.27982744574546814
valveEmu/train/section_00_source_train_normal_0741_noAttribute.wav,in_support,frequency_modulation,0.49452537298202515
valveEmu/train/section_00_source_train_normal_0742_noAttribute.wav,in_support,periodic_resonance,0.8132225275039673
valveEmu/train/section_00_source_train_normal_0743_noAttribute.wav,in_support,periodic_resonance,0.7867914438247681
valveEmu/train/section_00_source_train_normal_0744_noAttribute.wav,in_support,amplitude_modulation,0.5171715021133423
valveEmu/train/section_00_source_train_normal_0745_noAttribute.wav,in_support,amplitude_modulation,0.8693568110466003
valveEmu/train/section_00_source_train_normal_0746_noAttribute.wav,in_support,amplitude_modulation,0.6430484056472778
valveEmu/train/section_00_source_train_normal_0747_noAttribute.wav,in_support,frequency_modulation,0.28674569725990295
valveEmu/train/section_00_source_train_normal_0748_noAttribute.wav,in_support,frequency_modulation,0.25019365549087524
valveEmu/train/section_00_source_train_normal_0749_noAttribute.wav,in_support,periodic_resonance,0.926823616027832
valveEmu/train/section_00_source_train_normal_0750_noAttribute.wav,in_support,frequency_modulation,0.22217300534248352
valveEmu/train/section_00_source_train_normal_0751_noAttribute.wav,in_support,amplitude_modulation,0.4321210980415344
valveEmu/train/section_00_source_train_normal_0752_noAttribute.wav,in_support,frequency_modulation,0.5048072338104248
valveEmu/train/section_00_source_train_normal_0753_noAttribute.wav,in_support,periodic_resonance,0.8410763144493103
valveEmu/train/section_00_source_train_normal_0754_noAttribute.wav,in_support,amplitude_modulation,0.3072088360786438
valveEmu/train/section_00_source_train_normal_0755_noAttribute.wav,in_support,amplitude_modulation,0.5271353721618652
valveEmu/train/section_00_source_train_normal_0756_noAttribute.wav,in_support,frequency_modulation,0.22550451755523682
valveEmu/train/section_00_source_train_normal_0757_noAttribute.wav,in_support,frequency_modulation,0.29480600357055664
valveEmu/train/section_00_source_train_normal_0758_noAttribute.wav,in_support,periodic_resonance,0.9370821118354797
valveEmu/train/section_00_source_train_normal_0759_noAttribute.wav,in_support,frequency_modulation,0.908370316028595
valveEmu/train/section_00_source_train_normal_0760_noAttribute.wav,in_support,amplitude_modulation,0.7047966122627258
valveEmu/train/section_00_source_train_normal_0761_noAttribute.wav,in_support,periodic_resonance,0.6817148923873901
valveEmu/train/section_00_source_train_normal_0762_noAttribute.wav,in_support,periodic_resonance,0.9292842745780945
valveEmu/train/section_00_source_train_normal_0763_noAttribute.wav,in_support,periodic_resonance,0.7292363047599792
valveEmu/train/section_00_source_train_normal_0764_noAttribute.wav,in_support,frequency_modulation,0.5607243776321411
valveEmu/train/section_00_source_train_normal_0765_noAttribute.wav,in_support,amplitude_modulation,0.2944639325141907
valveEmu/train/section_00_source_train_normal_0766_noAttribute.wav,in_support,amplitude_modulation,0.3365551233291626
valveEmu/train/section_00_source_train_normal_0767_noAttribute.wav,in_support,amplitude_modulation,0.09074394404888153
valveEmu/train/section_00_source_train_normal_0768_noAttribute.wav,in_support,amplitude_modulation,0.14038167893886566
valveEmu/train/section_00_source_train_normal_0769_noAttribute.wav,in_support,frequency_modulation,0.21197368204593658
valveEmu/train/section_00_source_train_normal_0770_noAttribute.wav,in_support,frequency_modulation,0.1368710845708847
valveEmu/train/section_00_source_train_normal_0771_noAttribute.wav,in_support,frequency_modulation,0.26034727692604065
valveEmu/train/section_00_source_train_normal_0772_noAttribute.wav,in_support,periodic_resonance,0.5398427248001099
valveEmu/train/section_00_source_train_normal_0773_noAttribute.wav,in_support,periodic_resonance,0.3945153057575226
valveEmu/train/section_00_source_train_normal_0774_noAttribute.wav,in_support,periodic_resonance,0.882683277130127
valveEmu/train/section_00_source_train_normal_0775_noAttribute.wav,in_support,periodic_resonance,0.19216600060462952
valveEmu/train/section_00_source_train_normal_0776_noAttribute.wav,in_support,frequency_modulation,0.8327651023864746
valveEmu/train/section_00_source_train_normal_0777_noAttribute.wav,in_support,amplitude_modulation,0.08854680508375168
valveEmu/train/section_00_source_train_normal_0778_noAttribute.wav,in_support,frequency_modulation,0.23929761350154877
valveEmu/train/section_00_source_train_normal_0779_noAttribute.wav,in_support,periodic_resonance,0.43826302886009216
valveEmu/train/section_00_source_train_normal_0780_noAttribute.wav,in_support,amplitude_modulation,0.7277141809463501
valveEmu/train/section_00_source_train_normal_0781_noAttribute.wav,in_support,amplitude_modulation,0.11736536771059036
valveEmu/train/section_00_source_train_normal_0782_noAttribute.wav,in_support,frequency_modulation,0.34051233530044556
valveEmu/train/section_00_source_train_normal_0783_noAttribute.wav,in_support,frequency_modulation,0.2474018633365631
valveEmu/train/section_00_source_train_normal_0784_noAttribute.wav,in_support,amplitude_modulation,0.2126324325799942
valveEmu/train/section_00_source_train_normal_0785_noAttribute.wav,in_support,amplitude_modulation,0.24575655162334442
valveEmu/train/section_00_source_train_normal_0786_noAttribute.wav,in_support,amplitude_modulation,0.35538408160209656
valveEmu/train/section_00_source_train_normal_0787_noAttribute.wav,in_support,frequency_modulation,0.5309018492698669
valveEmu/train/section_00_source_train_normal_0788_noAttribute.wav,in_support,periodic_resonance,0.842743456363678
valveEmu/train/section_00_source_train_normal_0789_noAttribute.wav,in_support,periodic_resonance,0.9311568737030029
valveEmu/train/section_00_source_train_normal_0790_noAttribute.wav,in_support,amplitude_modulation,0.23267315328121185
valveEmu/train/section_00_source_train_normal_0791_noAttribute.wav,in_support,frequency_modulation,0.23546220362186432
valveEmu/train/section_00_source_train_normal_0792_noAttribute.wav,in_support,frequency_modulation,0.28615570068359375
valveEmu/train/section_00_source_train_normal_0793_noAttribute.wav,in_support,frequency_modulation,0.24920353293418884
valveEmu/train/section_00_source_train_normal_0794_noAttribute.wav,in_support,amplitude_modulation,0.7807509899139404
valveEmu/train/section_00_source_train_normal_0795_noAttribute.wav,in_support,frequency_modulation,0.20058411359786987
valveEmu/train/section_00_source_train_normal_0796_noAttribute.wav,in_support,amplitude_modulation,0.36577269434928894
valveEmu/train/section_00_source_train_normal_0797_noAttribute.wav,in_support,amplitude_modulation,0.1382896602153778
valveEmu/train/section_00_source_train_normal_0798_noAttribute.wav,in_support,amplitude_modulation,0.0720614567399025
valveEmu/train/section_00_source_train_normal_0799_noAttribute.wav,in_support,amplitude_modulation,0.3430900275707245
valveEmu/train/section_00_source_train_normal_0800_noAttribute.wav,in_support,periodic_resonance,0.6852722764015198
valveEmu/train/section_00_source_train_normal_0801_noAttribute.wav,in_support,frequency_modulation,0.8027938008308411
valveEmu/train/section_00_source_train_normal_0802_noAttribute.wav,in_support,amplitude_modulation,0.17291821539402008
valveEmu/train/section_00_source_train_normal_0803_noAttribute.wav,in_support,amplitude_modulation,0.0664510503411293
valveEmu/train/section_00_source_train_normal_0804_noAttribute.wav,in_support,periodic_resonance,0.4114533066749573
valveEmu/train/section_00_source_train_normal_0805_noAttribute.wav,in_support,amplitude_modulation,0.25427916646003723
valveEmu/train/section_00_source_train_normal_0806_noAttribute.wav,in_support,frequency_modulation,0.2619200646877289
valveEmu/train/section_00_source_train_normal_0807_noAttribute.wav,in_support,periodic_resonance,0.9010789394378662
valveEmu/train/section_00_source_train_normal_0808_noAttribute.wav,in_support,amplitude_modulation,0.21052783727645874
valveEmu/train/section_00_source_train_normal_0809_noAttribute.wav,in_support,periodic_resonance,0.9397376179695129
valveEmu/train/section_00_source_train_normal_0810_noAttribute.wav,in_support,frequency_modulation,0.6175203323364258
valveEmu/train/section_00_source_train_normal_0811_noAttribute.wav,in_support,frequency_modulation,0.8035039305686951
valveEmu/train/section_00_source_train_normal_0812_noAttribute.wav,in_support,amplitude_modulation,0.13248078525066376
valveEmu/train/section_00_source_train_normal_0813_noAttribute.wav,in_support,frequency_modulation,0.31293779611587524
valveEmu/train/section_00_source_train_normal_0814_noAttribute.wav,in_support,amplitude_modulation,0.18936161696910858
valveEmu/train/section_00_source_train_normal_0815_noAttribute.wav,in_support,periodic_resonance,0.30166757106781006
valveEmu/train/section_00_source_train_normal_0816_noAttribute.wav,in_support,amplitude_modulation,0.8181052803993225
valveEmu/train/section_00_source_train_normal_0817_noAttribute.wav,in_support,amplitude_modulation,0.26340705156326294
valveEmu/train/section_00_source_train_normal_0818_noAttribute.wav,in_support,periodic_resonance,0.6659774780273438
valveEmu/train/section_00_source_train_normal_0819_noAttribute.wav,in_support,periodic_resonance,0.889863133430481
valveEmu/train/section_00_source_train_normal_0820_noAttribute.wav,in_support,frequency_modulation,0.18475157022476196
valveEmu/train/section_00_source_train_normal_0821_noAttribute.wav,in_support,amplitude_modulation,0.15340936183929443
valveEmu/train/section_00_source_train_normal_0822_noAttribute.wav,in_support,frequency_modulation,0.3909834623336792
valveEmu/train/section_00_source_train_normal_0823_noAttribute.wav,in_support,periodic_resonance,0.5106594562530518
valveEmu/train/section_00_source_train_normal_0824_noAttribute.wav,in_support,frequency_modulation,0.658029317855835
valveEmu/train/section_00_source_train_normal_0825_noAttribute.wav,in_support,periodic_resonance,0.5537760853767395
valveEmu/train/section_00_source_train_normal_0826_noAttribute.wav,in_support,amplitude_modulation,0.29987049102783203
valveEmu/train/section_00_source_train_normal_0827_noAttribute.wav,in_support,frequency_modulation,0.348527729511261
valveEmu/train/section_00_source_train_normal_0828_noAttribute.wav,in_support,periodic_resonance,0.7763800621032715
valveEmu/train/section_00_source_train_normal_0829_noAttribute.wav,in_support,frequency_modulation,0.43714484572410583
valveEmu/train/section_00_source_train_normal_0830_noAttribute.wav,in_support,amplitude_modulation,0.25549250841140747
valveEmu/train/section_00_source_train_normal_0831_noAttribute.wav,in_support,frequency_modulation,0.9896141886711121
valveEmu/train/section_00_source_train_normal_0832_noAttribute.wav,in_support,amplitude_modulation,0.07560062408447266
valveEmu/train/section_00_source_train_normal_0833_noAttribute.wav,in_support,amplitude_modulation,0.7906781435012817
valveEmu/train/section_00_source_train_normal_0834_noAttribute.wav,in_support,amplitude_modulation,0.48655077815055847
valveEmu/train/section_00_source_train_normal_0835_noAttribute.wav,in_support,periodic_resonance,0.8895674347877502
valveEmu/train/section_00_source_train_normal_0836_noAttribute.wav,in_support,amplitude_modulation,0.71416836977005
valveEmu/train/section_00_source_train_normal_0837_noAttribute.wav,in_support,frequency_modulation,0.6550663113594055
valveEmu/train/section_00_source_train_normal_0838_noAttribute.wav,in_support,periodic_resonance,0.185329407453537
valveEmu/train/section_00_source_train_normal_0839_noAttribute.wav,in_support,amplitude_modulation,0.6268290877342224
valveEmu/train/section_00_source_train_normal_0840_noAttribute.wav,in_support,frequency_modulation,0.21254537999629974
valveEmu/train/section_00_source_train_normal_0841_noAttribute.wav,in_support,amplitude_modulation,0.15097221732139587
valveEmu/train/section_00_source_train_normal_0842_noAttribute.wav,in_support,frequency_modulation,0.32821574807167053
valveEmu/train/section_00_source_train_normal_0843_noAttribute.wav,in_support,periodic_resonance,0.34977787733078003
valveEmu/train/section_00_source_train_normal_0844_noAttribute.wav,in_support,periodic_resonance,0.5363246202468872
valveEmu/train/section_00_source_train_normal_0845_noAttribute.wav,in_support,amplitude_modulation,0.313069611787796
valveEmu/train/section_00_source_train_normal_0846_noAttribute.wav,in_support,amplitude_modulation,0.3684857487678528
valveEmu/train/section_00_source_train_normal_0847_noAttribute.wav,in_support,periodic_resonance,0.8645163178443909
valveEmu/train/section_00_source_train_normal_0848_noAttribute.wav,in_support,amplitude_modulation,0.5867406129837036
valveEmu/train/section_00_source_train_normal_0849_noAttribute.wav,in_support,frequency_modulation,0.6273889541625977
valveEmu/train/section_00_source_train_normal_0850_noAttribute.wav,in_support,amplitude_modulation,0.44887614250183105
valveEmu/train/section_00_source_train_normal_0851_noAttribute.wav,in_support,frequency_modulation,0.3200261890888214
valveEmu/train/section_00_source_train_normal_0852_noAttribute.wav,in_support,periodic_resonance,0.9623682498931885
valveEmu/train/section_00_source_train_normal_0853_noAttribute.wav,in_support,frequency_modulation,0.2876203656196594
valveEmu/train/section_00_source_train_normal_0854_noAttribute.wav,in_support,frequency_modulation,0.6856109499931335
valveEmu/train/section_00_source_train_normal_0855_noAttribute.wav,in_support,amplitude_modulation,0.49604859948158264
valveEmu/train/section_00_source_train_normal_0856_noAttribute.wav,in_support,amplitude_modulation,0.6693413853645325
valveEmu/train/section_00_source_train_normal_0857_noAttribute.wav,in_support,periodic_resonance,0.298544704914093
valveEmu/train/section_00_source_train_normal_0858_noAttribute.wav,in_support,frequency_modulation,0.28718510270118713
valveEmu/train/section_00_source_train_normal_0859_noAttribute.wav,in_support,frequency_modulation,0.35019057989120483
valveEmu/train/section_00_source_train_normal_0860_noAttribute.wav,in_support,periodic_resonance,0.2570149898529053
valveEmu/train/section_00_source_train_normal_0861_noAttribute.wav,in_support,periodic_resonance,0.830657422542572
valveEmu/train/section_00_source_train_normal_0862_noAttribute.wav,in_support,frequency_modulation,0.19492438435554504
valveEmu/train/section_00_source_train_normal_0863_noAttribute.wav,in_support,amplitude_modulation,0.3257650136947632
valveEmu/train/section_00_source_train_normal_0864_noAttribute.wav,in_support,amplitude_modulation,0.10347378998994827
valveEmu/train/section_00_source_train_normal_0865_noAttribute.wav,in_support,frequency_modulation,0.43318042159080505
valveEmu/train/section_00_source_train_normal_0866_noAttribute.wav,in_support,frequency_modulation,0.41087058186531067
valveEmu/train/section_00_source_train_normal_0867_noAttribute.wav,in_support,amplitude_modulation,0.10698124766349792
valveEmu/train/section_00_source_train_normal_0868_noAttribute.wav,in_support,periodic_resonance,0.7628703117370605
valveEmu/train/section_00_source_train_normal_0869_noAttribute.wav,in_support,amplitude_modulation,0.2890400290489197
valveEmu/train/section_00_source_train_normal_0870_noAttribute.wav,in_support,periodic_resonance,0.9008542895317078
valveEmu/train/section_00_source_train_normal_0871_noAttribute.wav,in_support,amplitude_modulation,0.2946917712688446
valveEmu/train/section_00_source_train_normal_0872_noAttribute.wav,in_support,periodic_resonance,0.3559422492980957
valveEmu/train/section_00_source_train_normal_0873_noAttribute.wav,in_support,periodic_resonance,0.30095040798187256
valveEmu/train/section_00_source_train_normal_0874_noAttribute.wav,in_support,frequency_modulation,0.8213815689086914
valveEmu/train/section_00_source_train_normal_0875_noAttribute.wav,in_support,amplitude_modulation,0.6077378988265991
valveEmu/train/section_00_source_train_normal_0876_noAttribute.wav,in_support,amplitude_modulation,0.8047813177108765
valveEmu/train/section_00_source_train_normal_0877_noAttribute.wav,in_support,frequency_modulation,0.6533607244491577
valveEmu/train/section_00_source_train_normal_0878_noAttribute.wav,in_support,frequency_modulation,0.5314823985099792
valveEmu/train/section_00_source_train_normal_0879_noAttribute.wav,in_support,amplitude_modulation,0.3176450729370117
valveEmu/train/section_00_source_train_normal_0880_noAttribute.wav,in_support,amplitude_modulation,0.35004672408103943
valveEmu/train/section_00_source_train_normal_0881_noAttribute.wav,in_support,periodic_resonance,0.8855394721031189
valveEmu/train/section_00_source_train_normal_0882_noAttribute.wav,in_support,periodic_resonance,0.8492295742034912
valveEmu/train/section_00_source_train_normal_0883_noAttribute.wav,in_support,periodic_resonance,0.728884756565094
valveEmu/train/section_00_source_train_normal_0884_noAttribute.wav,in_support,amplitude_modulation,0.17987656593322754
valveEmu/train/section_00_source_train_normal_0885_noAttribute.wav,in_support,periodic_resonance,0.32180652022361755
valveEmu/train/section_00_source_train_normal_0886_noAttribute.wav,in_support,frequency_modulation,0.3766864538192749
valveEmu/train/section_00_source_train_normal_0887_noAttribute.wav,in_support,periodic_resonance,0.8101902008056641
valveEmu/train/section_00_source_train_normal_0888_noAttribute.wav,in_support,amplitude_modulation,0.48921898007392883
valveEmu/train/section_00_source_train_normal_0889_noAttribute.wav,in_support,amplitude_modulation,0.7816105484962463
valveEmu/train/section_00_source_train_normal_0890_noAttribute.wav,in_support,frequency_modulation,0.8187603950500488
valveEmu/train/section_00_source_train_normal_0891_noAttribute.wav,in_support,periodic_resonance,0.7921521663665771
valveEmu/train/section_00_source_train_normal_0892_noAttribute.wav,in_support,amplitude_modulation,0.06829442828893661
valveEmu/train/section_00_source_train_normal_0893_noAttribute.wav,in_support,frequency_modulation,0.6623228788375854
valveEmu/train/section_00_source_train_normal_0894_noAttribute.wav,in_support,frequency_modulation,0.7182775735855103
valveEmu/train/section_00_source_train_normal_0895_noAttribute.wav,in_support,periodic_resonance,0.6985723376274109
valveEmu/train/section_00_source_train_normal_0896_noAttribute.wav,in_support,periodic_resonance,0.28535521030426025
valveEmu/train/section_00_source_train_normal_0897_noAttribute.wav,in_support,periodic_resonance,0.8959349989891052
valveEmu/train/section_00_source_train_normal_0898_noAttribute.wav,in_support,periodic_resonance,0.26167571544647217
valveEmu/train/section_00_source_train_normal_0899_noAttribute.wav,in_support,amplitude_modulation,0.572170615196228
valveEmu/train/section_00_source_train_normal_0900_noAttribute.wav,in_support,frequency_modulation,0.8307812809944153
valveEmu/train/section_00_source_train_normal_0901_noAttribute.wav,in_support,amplitude_modulation,0.6523375511169434
valveEmu/train/section_00_source_train_normal_0902_noAttribute.wav,in_support,periodic_resonance,0.9219285249710083
valveEmu/train/section_00_source_train_normal_0903_noAttribute.wav,in_support,periodic_resonance,0.928457498550415
valveEmu/train/section_00_source_train_normal_0904_noAttribute.wav,in_support,frequency_modulation,0.2158004492521286
valveEmu/train/section_00_source_train_normal_0905_noAttribute.wav,in_support,amplitude_modulation,0.8052704930305481
valveEmu/train/section_00_source_train_normal_0906_noAttribute.wav,in_support,periodic_resonance,0.8256514072418213
valveEmu/train/section_00_source_train_normal_0907_noAttribute.wav,in_support,amplitude_modulation,0.4231163263320923
valveEmu/train/section_00_source_train_normal_0908_noAttribute.wav,in_support,frequency_modulation,0.22907167673110962
valveEmu/train/section_00_source_train_normal_0909_noAttribute.wav,in_support,periodic_resonance,0.8110296726226807
valveEmu/train/section_00_source_train_normal_0910_noAttribute.wav,in_support,amplitude_modulation,0.34307608008384705
valveEmu/train/section_00_source_train_normal_0911_noAttribute.wav,in_support,periodic_resonance,0.2397250235080719
valveEmu/train/section_00_source_train_normal_0912_noAttribute.wav,in_support,frequency_modulation,0.31435903906822205
valveEmu/train/section_00_source_train_normal_0913_noAttribute.wav,in_support,frequency_modulation,0.39231032133102417
valveEmu/train/section_00_source_train_normal_0914_noAttribute.wav,in_support,frequency_modulation,0.32686248421669006
valveEmu/train/section_00_source_train_normal_0915_noAttribute.wav,in_support,frequency_modulation,0.5213584303855896
valveEmu/train/section_00_source_train_normal_0916_noAttribute.wav,in_support,periodic_resonance,0.7404847145080566
valveEmu/train/section_00_source_train_normal_0917_noAttribute.wav,in_support,periodic_resonance,0.9636632204055786
valveEmu/train/section_00_source_train_normal_0918_noAttribute.wav,in_support,frequency_modulation,0.6177171468734741
valveEmu/train/section_00_source_train_normal_0919_noAttribute.wav,in_support,frequency_modulation,0.7648557424545288
valveEmu/train/section_00_source_train_normal_0920_noAttribute.wav,in_support,frequency_modulation,0.9210588335990906
valveEmu/train/section_00_source_train_normal_0921_noAttribute.wav,in_support,amplitude_modulation,0.8067819476127625
valveEmu/train/section_00_source_train_normal_0922_noAttribute.wav,in_support,periodic_resonance,0.9026808142662048
valveEmu/train/section_00_source_train_normal_0923_noAttribute.wav,in_support,periodic_resonance,0.6182017922401428
valveEmu/train/section_00_source_train_normal_0924_noAttribute.wav,in_support,amplitude_modulation,0.1336549073457718
valveEmu/train/section_00_source_train_normal_0925_noAttribute.wav,in_support,amplitude_modulation,0.4999317228794098
valveEmu/train/section_00_source_train_normal_0926_noAttribute.wav,in_support,amplitude_modulation,0.058442372828722
valveEmu/train/section_00_source_train_normal_0927_noAttribute.wav,in_support,frequency_modulation,0.3465271294116974
valveEmu/train/section_00_source_train_normal_0928_noAttribute.wav,in_support,frequency_modulation,0.6899130344390869
valveEmu/train/section_00_source_train_normal_0929_noAttribute.wav,in_support,amplitude_modulation,0.0687694400548935
valveEmu/train/section_00_source_train_normal_0930_noAttribute.wav,in_support,amplitude_modulation,0.7208442091941833
valveEmu/train/section_00_source_train_normal_0931_noAttribute.wav,in_support,amplitude_modulation,0.7803454399108887
valveEmu/train/section_00_source_train_normal_0932_noAttribute.wav,in_support,frequency_modulation,0.7142491936683655
valveEmu/train/section_00_source_train_normal_0933_noAttribute.wav,in_support,periodic_resonance,0.9243713617324829
valveEmu/train/section_00_source_train_normal_0934_noAttribute.wav,in_support,frequency_modulation,0.5877059102058411
valveEmu/train/section_00_source_train_normal_0935_noAttribute.wav,in_support,periodic_resonance,0.867952823638916
valveEmu/train/section_00_source_train_normal_0936_noAttribute.wav,in_support,amplitude_modulation,0.35976216197013855
valveEmu/train/section_00_source_train_normal_0937_noAttribute.wav,in_support,frequency_modulation,0.34876617789268494
valveEmu/train/section_00_source_train_normal_0938_noAttribute.wav,in_support,periodic_resonance,0.36194083094596863
valveEmu/train/section_00_source_train_normal_0939_noAttribute.wav,in_support,frequency_modulation,0.465568482875824
valveEmu/train/section_00_source_train_normal_0940_noAttribute.wav,in_support,amplitude_modulation,0.2078721523284912
valveEmu/train/section_00_source_train_normal_0941_noAttribute.wav,in_support,periodic_resonance,0.9139736890792847
valveEmu/train/section_00_source_train_normal_0942_noAttribute.wav,in_support,frequency_modulation,0.2866896986961365
valveEmu/train/section_00_source_train_normal_0943_noAttribute.wav,in_support,frequency_modulation,0.5454809069633484
valveEmu/train/section_00_source_train_normal_0944_noAttribute.wav,in_support,frequency_modulation,0.4444466829299927
valveEmu/train/section_00_source_train_normal_0945_noAttribute.wav,in_support,frequency_modulation,0.42846396565437317
valveEmu/train/section_00_source_train_normal_0946_noAttribute.wav,in_support,periodic_resonance,0.8928132653236389
valveEmu/train/section_00_source_train_normal_0947_noAttribute.wav,in_support,amplitude_modulation,0.11571940779685974
valveEmu/train/section_00_source_train_normal_0948_noAttribute.wav,in_support,frequency_modulation,0.44158661365509033
valveEmu/train/section_00_source_train_normal_0949_noAttribute.wav,in_support,periodic_resonance,0.24038265645503998
valveEmu/train/section_00_source_train_normal_0950_noAttribute.wav,in_support,amplitude_modulation,0.5414772033691406
valveEmu/train/section_00_source_train_normal_0951_noAttribute.wav,in_support,periodic_resonance,0.9268447756767273
valveEmu/train/section_00_source_train_normal_0952_noAttribute.wav,in_support,frequency_modulation,0.9872689843177795
valveEmu/train/section_00_source_train_normal_0953_noAttribute.wav,in_support,amplitude_modulation,0.4996627867221832
valveEmu/train/section_00_source_train_normal_0954_noAttribute.wav,in_support,amplitude_modulation,0.24124421179294586
valveEmu/train/section_00_source_train_normal_0955_noAttribute.wav,in_support,frequency_modulation,0.7566227912902832
valveEmu/train/section_00_source_train_normal_0956_noAttribute.wav,in_support,frequency_modulation,0.5273709893226624
valveEmu/train/section_00_source_train_normal_0957_noAttribute.wav,in_support,frequency_modulation,0.37343311309814453
valveEmu/train/section_00_source_train_normal_0958_noAttribute.wav,in_support,amplitude_modulation,0.3123936653137207
valveEmu/train/section_00_source_train_normal_0959_noAttribute.wav,in_support,amplitude_modulation,0.5832291841506958
valveEmu/train/section_00_source_train_normal_0960_noAttribute.wav,in_support,amplitude_modulation,0.08371004462242126
valveEmu/train/section_00_source_train_normal_0961_noAttribute.wav,in_support,periodic_resonance,0.8523184061050415
valveEmu/train/section_00_source_train_normal_0962_noAttribute.wav,in_support,periodic_resonance,0.8979424238204956
valveEmu/train/section_00_source_train_normal_0963_noAttribute.wav,in_support,amplitude_modulation,0.517143726348877
valveEmu/train/section_00_source_train_normal_0964_noAttribute.wav,in_support,periodic_resonance,0.9232538938522339
valveEmu/train/section_00_source_train_normal_0965_noAttribute.wav,in_support,periodic_resonance,0.23547713458538055
valveEmu/train/section_00_source_train_normal_0966_noAttribute.wav,in_support,frequency_modulation,0.48590564727783203
valveEmu/train/section_00_source_train_normal_0967_noAttribute.wav,in_support,frequency_modulation,0.4084368646144867
valveEmu/train/section_00_source_train_normal_0968_noAttribute.wav,in_support,frequency_modulation,0.5601409673690796
valveEmu/train/section_00_source_train_normal_0969_noAttribute.wav,in_support,frequency_modulation,0.22967059910297394
valveEmu/train/section_00_source_train_normal_0970_noAttribute.wav,in_support,frequency_modulation,0.3899957835674286
valveEmu/train/section_00_source_train_normal_0971_noAttribute.wav,in_support,periodic_resonance,0.9098220467567444
valveEmu/train/section_00_source_train_normal_0972_noAttribute.wav,in_support,periodic_resonance,0.6054328083992004
valveEmu/train/section_00_source_train_normal_0973_noAttribute.wav,in_support,frequency_modulation,0.3830587565898895
valveEmu/train/section_00_source_train_normal_0974_noAttribute.wav,in_support,periodic_resonance,0.838140606880188
valveEmu/train/section_00_source_train_normal_0975_noAttribute.wav,in_support,periodic_resonance,0.42715299129486084
valveEmu/train/section_00_source_train_normal_0976_noAttribute.wav,in_support,amplitude_modulation,0.1507679522037506
valveEmu/train/section_00_source_train_normal_0977_noAttribute.wav,in_support,periodic_resonance,0.2251797318458557
valveEmu/train/section_00_source_train_normal_0978_noAttribute.wav,in_support,periodic_resonance,0.5817275047302246
valveEmu/train/section_00_source_train_normal_0979_noAttribute.wav,in_support,periodic_resonance,0.7550806403160095
valveEmu/train/section_00_source_train_normal_0980_noAttribute.wav,in_support,periodic_resonance,0.8063834309577942
valveEmu/train/section_00_source_train_normal_0981_noAttribute.wav,in_support,frequency_modulation,0.5497944951057434
valveEmu/train/section_00_source_train_normal_0982_noAttribute.wav,in_support,frequency_modulation,0.4235149323940277
valveEmu/train/section_00_source_train_normal_0983_noAttribute.wav,in_support,frequency_modulation,0.25703349709510803
valveEmu/train/section_00_source_train_normal_0984_noAttribute.wav,in_support,periodic_resonance,0.8686795830726624
valveEmu/train/section_00_source_train_normal_0985_noAttribute.wav,in_support,amplitude_modulation,0.21387627720832825
valveEmu/train/section_00_source_train_normal_0986_noAttribute.wav,in_support,periodic_resonance,0.9214761853218079
valveEmu/train/section_00_source_train_normal_0987_noAttribute.wav,in_support,frequency_modulation,0.3905687928199768
valveEmu/train/section_00_source_train_normal_0988_noAttribute.wav,in_support,amplitude_modulation,0.7029556035995483
valveEmu/train/section_00_source_train_normal_0989_noAttribute.wav,in_support,amplitude_modulation,0.16250334680080414
valveEmu/train/section_00_target_train_normal_0000_noAttribute.wav,in_support,amplitude_modulation,0.3197234570980072
valveEmu/train/section_00_target_train_normal_0001_noAttribute.wav,in_support,frequency_modulation,0.45978468656539917
valveEmu/train/section_00_target_train_normal_0002_noAttribute.wav,in_support,frequency_modulation,0.6436241865158081
valveEmu/train/section_00_target_train_normal_0003_noAttribute.wav,in_support,frequency_modulation,0.7290768623352051
valveEmu/train/section_00_target_train_normal_0004_noAttribute.wav,in_support,frequency_modulation,0.4696461856365204
valveEmu/train/section_00_target_train_normal_0005_noAttribute.wav,in_support,periodic_resonance,0.8115553855895996
valveEmu/train/section_00_target_train_normal_0006_noAttribute.wav,in_support,amplitude_modulation,0.35233911871910095
valveEmu/train/section_00_target_train_normal_0007_noAttribute.wav,in_support,periodic_resonance,0.4351564049720764
valveEmu/train/section_00_target_train_normal_0008_noAttribute.wav,in_support,periodic_resonance,0.24255356192588806
valveEmu/train/section_00_target_train_normal_0009_noAttribute.wav,in_support,frequency_modulation,0.2924343943595886
ToyCar/train/section_00_source_train_normal_0024_noAttribute.wav,heldout,friction_burst,0.8896280527114868
ToyCar/train/section_00_source_train_normal_0029_noAttribute.wav,heldout,friction_burst,0.8944776058197021
ToyCar/train/section_00_source_train_normal_0039_noAttribute.wav,heldout,friction_burst,0.959028959274292
ToyCar/train/section_00_source_train_normal_0051_noAttribute.wav,heldout,friction_burst,0.8502359390258789
ToyCar/train/section_00_source_train_normal_0053_noAttribute.wav,heldout,friction_burst,0.9633185267448425
ToyCar/train/section_00_source_train_normal_0060_noAttribute.wav,heldout,friction_burst,0.9635147452354431
ToyCar/train/section_00_source_train_normal_0075_noAttribute.wav,heldout,friction_burst,0.927925169467926
ToyCar/train/section_00_source_train_normal_0088_noAttribute.wav,heldout,friction_burst,0.9003679156303406
ToyCar/train/section_00_source_train_normal_0090_noAttribute.wav,heldout,friction_burst,0.8550167679786682
ToyCar/train/section_00_source_train_normal_0099_noAttribute.wav,heldout,friction_burst,0.9801185727119446
ToyCar/train/section_00_source_train_normal_0105_noAttribute.wav,heldout,friction_burst,0.9611122608184814
ToyCar/train/section_00_source_train_normal_0115_noAttribute.wav,heldout,friction_burst,0.96866774559021
ToyCar/train/section_00_source_train_normal_0116_noAttribute.wav,heldout,friction_burst,0.9594960808753967
ToyCar/train/section_00_source_train_normal_0119_noAttribute.wav,heldout,friction_burst,0.8557513952255249
ToyCar/train/section_00_source_train_normal_0146_noAttribute.wav,heldout,friction_burst,0.9642109870910645
ToyCar/train/section_00_source_train_normal_0153_noAttribute.wav,heldout,friction_burst,0.9238532781600952
ToyCar/train/section_00_source_train_normal_0174_noAttribute.wav,heldout,friction_burst,0.9356203079223633
ToyCar/train/section_00_source_train_normal_0179_noAttribute.wav,heldout,friction_burst,0.9872058033943176
ToyCar/train/section_00_source_train_normal_0186_noAttribute.wav,heldout,friction_burst,0.8411725759506226
ToyCar/train/section_00_source_train_normal_0202_noAttribute.wav,heldout,friction_burst,0.9239062070846558
ToyCar/train/section_00_source_train_normal_0209_noAttribute.wav,heldout,friction_burst,0.9743710160255432
ToyCar/train/section_00_source_train_normal_0250_noAttribute.wav,heldout,friction_burst,0.8614874482154846
ToyCar/train/section_00_source_train_normal_0261_noAttribute.wav,heldout,friction_burst,0.9364300966262817
ToyCar/train/section_00_source_train_normal_0278_noAttribute.wav,heldout,friction_burst,0.9206735491752625
ToyCar/train/section_00_source_train_normal_0281_noAttribute.wav,heldout,friction_burst,0.9101959466934204
ToyCar/train/section_00_source_train_normal_0283_noAttribute.wav,heldout,friction_burst,0.950122594833374
ToyCar/train/section_00_source_train_normal_0310_noAttribute.wav,heldout,friction_burst,0.8779928684234619
ToyCar/train/section_00_source_train_normal_0317_noAttribute.wav,heldout,friction_burst,0.9032664895057678
ToyCar/train/section_00_source_train_normal_0334_noAttribute.wav,heldout,friction_burst,0.9763261079788208
ToyCar/train/section_00_source_train_normal_0337_noAttribute.wav,heldout,friction_burst,0.9670752882957458
ToyCar/train/section_00_source_train_normal_0338_noAttribute.wav,heldout,friction_burst,0.9054456949234009
ToyCar/train/section_00_source_train_normal_0345_noAttribute.wav,heldout,friction_burst,0.9075777530670166
ToyCar/train/section_00_source_train_normal_0350_noAttribute.wav,heldout,friction_burst,0.9728999137878418
ToyCar/train/section_00_source_train_normal_0365_noAttribute.wav,heldout,friction_burst,0.9082937836647034
ToyCar/train/section_00_source_train_normal_0374_noAttribute.wav,heldout,friction_burst,0.9633852243423462
ToyCar/train/section_00_source_train_normal_0381_noAttribute.wav,heldout,friction_burst,0.8886491060256958
ToyCar/train/section_00_source_train_normal_0411_noAttribute.wav,heldout,friction_burst,0.981971800327301
ToyCar/train/section_00_source_train_normal_0417_noAttribute.wav,heldout,friction_burst,0.9245907664299011
ToyCar/train/section_00_source_train_normal_0436_noAttribute.wav,heldout,friction_burst,0.9387348890304565
ToyCar/train/section_00_source_train_normal_0449_noAttribute.wav,heldout,friction_burst,0.9624456167221069
ToyCar/train/section_00_source_train_normal_0451_noAttribute.wav,heldout,friction_burst,0.9478733539581299
ToyCar/train/section_00_source_train_normal_0455_noAttribute.wav,heldout,friction_burst,0.9044330716133118
ToyCar/train/section_00_source_train_normal_0465_noAttribute.wav,heldout,friction_burst,0.953279972076416
ToyCar/train/section_00_source_train_normal_0467_noAttribute.wav,heldout,friction_burst,0.9725518822669983
ToyCar/train/section_00_source_train_normal_0469_noAttribute.wav,heldout,friction_burst,0.8308536410331726
ToyCar/train/section_00_source_train_normal_0487_noAttribute.wav,heldout,friction_burst,0.9426687359809875
ToyCar/train/section_00_source_train_normal_0492_noAttribute.wav,heldout,friction_burst,0.9718335270881653
ToyCar/train/section_00_source_train_normal_0498_noAttribute.wav,heldout,friction_burst,0.8731273412704468
ToyCar/train/section_00_source_train_normal_0506_noAttribute.wav,heldout,friction_burst,0.9107187986373901
ToyCar/train/section_00_source_train_normal_0513_noAttribute.wav,heldout,friction_burst,0.9629436135292053
ToyCar/train/section_00_source_train_normal_0516_noAttribute.wav,heldout,friction_burst,0.9735054969787598
ToyCar/train/section_00_source_train_normal_0538_noAttribute.wav,heldout,friction_burst,0.9668203592300415
ToyCar/train/section_00_source_train_normal_0539_noAttribute.wav,heldout,friction_burst,0.9589307904243469
ToyCar/train/section_00_source_train_normal_0545_noAttribute.wav,heldout,friction_burst,0.9571475982666016
ToyCar/train/section_00_source_train_normal_0548_noAttribute.wav,heldout,friction_burst,0.9430612921714783
ToyCar/train/section_00_source_train_normal_0561_noAttribute.wav,heldout,friction_burst,0.985442578792572
ToyCar/train/section_00_source_train_normal_0587_noAttribute.wav,heldout,friction_burst,0.8464034795761108
ToyCar/train/section_00_source_train_normal_0589_noAttribute.wav,heldout,friction_burst,0.9418730139732361
ToyCar/train/section_00_source_train_normal_0596_noAttribute.wav,heldout,friction_burst,0.9122903347015381
ToyCar/train/section_00_source_train_normal_0600_noAttribute.wav,heldout,friction_burst,0.9246247410774231
ToyCar/train/section_00_source_train_normal_0606_noAttribute.wav,heldout,friction_burst,0.9677454233169556
ToyCar/train/section_00_source_train_normal_0612_noAttribute.wav,heldout,friction_burst,0.9832338094711304
ToyCar/train/section_00_source_train_normal_0613_noAttribute.wav,heldout,friction_burst,0.7212752103805542
ToyCar/train/section_00_source_train_normal_0634_noAttribute.wav,heldout,friction_burst,0.9602770209312439
ToyCar/train/section_00_source_train_normal_0645_noAttribute.wav,heldout,friction_burst,0.9695408344268799
ToyCar/train/section_00_source_train_normal_0656_noAttribute.wav,heldout,friction_burst,0.9604228734970093
ToyCar/train/section_00_source_train_normal_0660_noAttribute.wav,heldout,friction_burst,0.9142747521400452
ToyCar/train/section_00_source_train_normal_0671_noAttribute.wav,heldout,friction_burst,0.8314982652664185
ToyCar/train/section_00_source_train_normal_0673_noAttribute.wav,heldout,friction_burst,0.9039652347564697
ToyCar/train/section_00_source_train_normal_0695_noAttribute.wav,heldout,friction_burst,0.8945072293281555
ToyCar/train/section_00_source_train_normal_0700_noAttribute.wav,heldout,friction_burst,0.9668799638748169
ToyCar/train/section_00_source_train_normal_0713_noAttribute.wav,heldout,friction_burst,0.9883155822753906
ToyCar/train/section_00_source_train_normal_0714_noAttribute.wav,heldout,friction_burst,0.9554570317268372
ToyCar/train/section_00_source_train_normal_0724_noAttribute.wav,heldout,friction_burst,0.92540043592453
ToyCar/train/section_00_source_train_normal_0729_noAttribute.wav,heldout,friction_burst,0.9800676703453064
ToyCar/train/section_00_source_train_normal_0749_noAttribute.wav,heldout,friction_burst,0.9778385758399963
ToyCar/train/section_00_source_train_normal_0753_noAttribute.wav,heldout,friction_burst,0.9784307479858398
ToyCar/train/section_00_source_train_normal_0754_noAttribute.wav,heldout,friction_burst,0.8021395802497864
ToyCar/train/section_00_source_train_normal_0755_noAttribute.wav,heldout,friction_burst,0.926862895488739
ToyCar/train/section_00_source_train_normal_0759_noAttribute.wav,heldout,friction_burst,0.9681344628334045
ToyCar/train/section_00_source_train_normal_0763_noAttribute.wav,heldout,friction_burst,0.8836873769760132
ToyCar/train/section_00_source_train_normal_0775_noAttribute.wav,heldout,friction_burst,0.9752963781356812
ToyCar/train/section_00_source_train_normal_0782_noAttribute.wav,heldout,friction_burst,0.9733632206916809
ToyCar/train/section_00_source_train_normal_0783_noAttribute.wav,heldout,friction_burst,0.9620879888534546
ToyCar/train/section_00_source_train_normal_0785_noAttribute.wav,heldout,friction_burst,0.982870876789093
ToyCar/train/section_00_source_train_normal_0796_noAttribute.wav,heldout,friction_burst,0.9705696105957031
ToyCar/train/section_00_source_train_normal_0804_noAttribute.wav,heldout,friction_burst,0.8698047399520874
ToyCar/train/section_00_source_train_normal_0819_noAttribute.wav,heldout,friction_burst,0.8575845956802368
ToyCar/train/section_00_source_train_normal_0820_noAttribute.wav,heldout,friction_burst,0.8838865160942078
ToyCar/train/section_00_source_train_normal_0850_noAttribute.wav,heldout,friction_burst,0.9069429039955139
ToyCar/train/section_00_source_train_normal_0851_noAttribute.wav,heldout,friction_burst,0.8374315500259399
ToyCar/train/section_00_source_train_normal_0858_noAttribute.wav,heldout,friction_burst,0.9323871731758118
ToyCar/train/section_00_source_train_normal_0861_noAttribute.wav,heldout,friction_burst,0.9348094463348389
ToyCar/train/section_00_source_train_normal_0867_noAttribute.wav,heldout,friction_burst,0.8200884461402893
ToyCar/train/section_00_source_train_normal_0872_noAttribute.wav,heldout,friction_burst,0.9824620485305786
ToyCar/train/section_00_source_train_normal_0876_noAttribute.wav,heldout,friction_burst,0.9104127883911133
ToyCar/train/section_00_source_train_normal_0878_noAttribute.wav,heldout,friction_burst,0.8736326694488525
ToyCar/train/section_00_source_train_normal_0893_noAttribute.wav,heldout,friction_burst,0.856745719909668
ToyCar/train/section_00_source_train_normal_0898_noAttribute.wav,heldout,friction_burst,0.9072820544242859
ToyCar/train/section_00_source_train_normal_0903_noAttribute.wav,heldout,friction_burst,0.9746553897857666
ToyCar/train/section_00_source_train_normal_0921_noAttribute.wav,heldout,friction_burst,0.9884393811225891
ToyCar/train/section_00_source_train_normal_0934_noAttribute.wav,heldout,friction_burst,0.9126561284065247
ToyCar/train/section_00_source_train_normal_0942_noAttribute.wav,heldout,friction_burst,0.800748348236084
ToyCar/train/section_00_source_train_normal_0949_noAttribute.wav,heldout,friction_burst,0.9831371307373047
ToyCar/train/section_00_source_train_normal_0969_noAttribute.wav,heldout,friction_burst,0.9715819954872131
ToyCar/train/section_00_source_train_normal_0977_noAttribute.wav,heldout,friction_burst,0.9428466558456421
ToyCarEmu/train/section_00_source_train_normal_0011_car_B1_spd_2_mic_2_mic_1.wav,heldout,friction_burst,0.9193252325057983
ToyCarEmu/train/section_00_source_train_normal_0015_car_B1_spd_2_mic_2_mic_1.wav,heldout,friction_burst,0.8527523279190063
ToyCarEmu/train/section_00_source_train_normal_0016_car_B1_spd_2_mic_2_mic_1.wav,heldout,friction_burst,0.9591233730316162
ToyCarEmu/train/section_00_source_train_normal_0023_car_B2_spd_2_mic_2_mic_1.wav,heldout,friction_burst,0.8788414597511292
ToyCarEmu/train/section_00_source_train_normal_0025_car_B2_spd_2_mic_2_mic_1.wav,heldout,friction_burst,0.9937044382095337
ToyCarEmu/train/section_00_source_train_normal_0036_car_B2_spd_2_mic_2_mic_1.wav,heldout,friction_burst,0.9816912412643433
ToyCarEmu/train/section_00_source_train_normal_0041_car_B2_spd_2_mic_2_mic_1.wav,heldout,friction_burst,0.9546328783035278
ToyCarEmu/train/section_00_source_train_normal_0042_car_B1_spd_2_mic_2_mic_1.wav,heldout,friction_burst,0.9587876796722412
ToyCarEmu/train/section_00_source_train_normal_0055_car_B1_spd_2_mic_2_mic_1.wav,heldout,friction_burst,0.949529767036438
ToyCarEmu/train/section_00_source_train_normal_0063_car_B1_spd_2_mic_2_mic_1.wav,heldout,friction_burst,0.9575120210647583
ToyCarEmu/train/section_00_source_train_normal_0065_car_B1_spd_2_mic_2_mic_1.wav,heldout,friction_burst,0.9818753004074097
ToyCarEmu/train/section_00_source_train_normal_0071_car_B1_spd_2_mic_2_mic_1.wav,heldout,friction_burst,0.9766666889190674
ToyCarEmu/train/section_00_source_train_normal_0083_car_B1_spd_2_mic_2_mic_1.wav,heldout,friction_burst,0.8726504445075989
ToyCarEmu/train/section_00_source_train_normal_0091_car_B1_spd_2_mic_2_mic_1.wav,heldout,friction_burst,0.8881380558013916
ToyCarEmu/train/section_00_source_train_normal_0114_car_B2_spd_2_mic_2_mic_1.wav,heldout,friction_burst,0.8954192399978638
ToyCarEmu/train/section_00_source_train_normal_0131_car_B2_spd_3_mic_2_mic_1.wav,heldout,friction_burst,0.9630496501922607
ToyCarEmu/train/section_00_source_train_normal_0139_car_B2_spd_3_mic_2_mic_1.wav,heldout,friction_burst,0.9283308386802673
ToyCarEmu/train/section_00_source_train_normal_0142_car_B2_spd_3_mic_2_mic_1.wav,heldout,friction_burst,0.9936404228210449
ToyCarEmu/train/section_00_source_train_normal_0166_car_B1_spd_3_mic_2_mic_1.wav,heldout,friction_burst,0.8663315773010254
ToyCarEmu/train/section_00_source_train_normal_0170_car_B1_spd_3_mic_2_mic_1.wav,heldout,friction_burst,0.8334985375404358
ToyCarEmu/train/section_00_source_train_normal_0174_car_B1_spd_3_mic_2_mic_1.wav,heldout,friction_burst,0.9603773951530457
ToyCarEmu/train/section_00_source_train_normal_0187_car_B1_spd_3_mic_2_mic_1.wav,heldout,friction_burst,0.9327572584152222
ToyCarEmu/train/section_00_source_train_normal_0204_car_B2_spd_3_mic_2_mic_1.wav,heldout,friction_burst,0.9675443768501282
ToyCarEmu/train/section_00_source_train_normal_0210_car_B2_spd_3_mic_2_mic_1.wav,heldout,friction_burst,0.9591578245162964
ToyCarEmu/train/section_00_source_train_normal_0216_car_B1_spd_5_mic_2_mic_1.wav,heldout,friction_burst,0.9762203097343445
ToyCarEmu/train/section_00_source_train_normal_0218_car_B1_spd_5_mic_2_mic_1.wav,heldout,friction_burst,0.9858913421630859
ToyCarEmu/train/section_00_source_train_normal_0225_car_B1_spd_5_mic_2_mic_1.wav,heldout,friction_burst,0.9285785555839539
ToyCarEmu/train/section_00_source_train_normal_0230_car_B1_spd_5_mic_2_mic_1.wav,heldout,friction_burst,0.9652094841003418
ToyCarEmu/train/section_00_source_train_normal_0236_car_B2_spd_5_mic_2_mic_1.wav,heldout,friction_burst,0.8896510601043701
ToyCarEmu/train/section_00_source_train_normal_0245_car_B2_spd_5_mic_2_mic_1.wav,heldout,friction_burst,0.8806250691413879
ToyCarEmu/train/section_00_source_train_normal_0264_car_B1_spd_5_mic_2_mic_1.wav,heldout,friction_burst,0.9574259519577026
ToyCarEmu/train/section_00_source_train_normal_0265_car_B1_spd_5_mic_2_mic_1.wav,heldout,friction_burst,0.9802428483963013
ToyCarEmu/train/section_00_source_train_normal_0274_car_B1_spd_5_mic_2_mic_1.wav,heldout,friction_burst,0.9672015309333801
ToyCarEmu/train/section_00_source_train_normal_0282_car_B1_spd_5_mic_2_mic_1.wav,heldout,friction_burst,0.7896207571029663
ToyCarEmu/train/section_00_source_train_normal_0291_car_B1_spd_5_mic_2_mic_1.wav,heldout,friction_burst,0.9198909997940063
ToyCarEmu/train/section_00_source_train_normal_0303_car_B1_spd_5_mic_2_mic_1.wav,heldout,friction_burst,0.9707021117210388
ToyCarEmu/train/section_00_source_train_normal_0308_car_B2_spd_5_mic_2_mic_1.wav,heldout,friction_burst,0.998403012752533
ToyCarEmu/train/section_00_source_train_normal_0316_car_B2_spd_5_mic_2_mic_1.wav,heldout,friction_burst,0.9203264117240906
ToyCarEmu/train/section_00_source_train_normal_0317_car_B2_spd_5_mic_2_mic_1.wav,heldout,friction_burst,0.9686368703842163
ToyCarEmu/train/section_00_source_train_normal_0321_car_B2_spd_5_mic_2_mic_1.wav,heldout,friction_burst,0.9798429608345032
ToyCarEmu/train/section_00_source_train_normal_0329_car_B2_spd_5_mic_2_mic_1.wav,heldout,friction_burst,0.9113613963127136
ToyCarEmu/train/section_00_source_train_normal_0338_car_C1_spd_2_mic_2_mic_1.wav,heldout,friction_burst,0.943803608417511
ToyCarEmu/train/section_00_source_train_normal_0339_car_C1_spd_2_mic_2_mic_1.wav,heldout,friction_burst,0.9500815868377686
ToyCarEmu/train/section_00_source_train_normal_0348_car_C1_spd_2_mic_2_mic_1.wav,heldout,friction_burst,0.9627479314804077
ToyCarEmu/train/section_00_source_train_normal_0351_car_C1_spd_2_mic_2_mic_1.wav,heldout,friction_burst,0.9795897603034973
ToyCarEmu/train/section_00_source_train_normal_0356_car_C2_spd_2_mic_2_mic_1.wav,heldout,friction_burst,0.983805775642395
ToyCarEmu/train/section_00_source_train_normal_0360_car_C2_spd_2_mic_2_mic_1.wav,heldout,friction_burst,0.9081636667251587
ToyCarEmu/train/section_00_source_train_normal_0396_car_C1_spd_2_mic_2_mic_1.wav,heldout,friction_burst,0.9854389429092407
ToyCarEmu/train/section_00_source_train_normal_0404_car_C1_spd_2_mic_2_mic_1.wav,heldout,friction_burst,0.889967679977417
ToyCarEmu/train/section_00_source_train_normal_0410_car_C1_spd_2_mic_2_mic_1.wav,heldout,friction_burst,0.9306540489196777
ToyCarEmu/train/section_00_source_train_normal_0411_car_C1_spd_2_mic_2_mic_1.wav,heldout,friction_burst,0.9877760410308838
ToyCarEmu/train/section_00_source_train_normal_0423_car_C2_spd_2_mic_2_mic_1.wav,heldout,friction_burst,0.9731950759887695
ToyCarEmu/train/section_00_source_train_normal_0433_car_C2_spd_2_mic_2_mic_1.wav,heldout,friction_burst,0.8350203633308411
ToyCarEmu/train/section_00_source_train_normal_0435_car_C2_spd_2_mic_2_mic_1.wav,heldout,friction_burst,0.9941951632499695
ToyCarEmu/train/section_00_source_train_normal_0443_car_C2_spd_2_mic_2_mic_1.wav,heldout,friction_burst,0.9243715405464172
ToyCarEmu/train/section_00_source_train_normal_0454_car_C1_spd_3_mic_2_mic_1.wav,heldout,friction_burst,0.9280505180358887
ToyCarEmu/train/section_00_source_train_normal_0468_car_C1_spd_3_mic_2_mic_1.wav,heldout,friction_burst,0.9555469751358032
ToyCarEmu/train/section_00_source_train_normal_0473_car_C1_spd_3_mic_2_mic_1.wav,heldout,friction_burst,0.9541405439376831
ToyCarEmu/train/section_00_source_train_normal_0511_car_C2_spd_3_mic_2_mic_1.wav,heldout,friction_burst,0.9666275382041931
ToyCarEmu/train/section_00_source_train_normal_0524_car_C1_spd_3_mic_2_mic_1.wav,heldout,friction_burst,0.9804021716117859
ToyCarEmu/train/section_00_source_train_normal_0536_car_C1_spd_3_mic_2_mic_1.wav,heldout,friction_burst,0.9881449937820435
ToyCarEmu/train/section_00_source_train_normal_0547_car_C1_spd_5_mic_2_mic_1.wav,heldout,friction_burst,0.9822311401367188
ToyCarEmu/train/section_00_source_train_normal_0550_car_C1_spd_5_mic_2_mic_1.wav,heldout,friction_burst,0.9530231952667236
ToyCarEmu/train/section_00_source_train_normal_0605_car_C1_spd_5_mic_2_mic_1.wav,heldout,friction_burst,0.9842745661735535
ToyCarEmu/train/section_00_source_train_normal_0652_car_C2_spd_5_mic_2_mic_1.wav,heldout,friction_burst,0.9574054479598999
ToyCarEmu/train/section_00_source_train_normal_0666_car_D1_spd_2_mic_2_mic_1.wav,heldout,friction_burst,0.9916700720787048
ToyCarEmu/train/section_00_source_train_normal_0689_car_D2_spd_2_mic_2_mic_1.wav,heldout,friction_burst,0.7577584981918335
ToyCarEmu/train/section_00_source_train_normal_0700_car_D2_spd_2_mic_2_mic_1.wav,heldout,friction_burst,0.9782811999320984
ToyCarEmu/train/section_00_source_train_normal_0708_car_D1_spd_2_mic_2_mic_1.wav,heldout,friction_burst,0.9837004542350769
ToyCarEmu/train/section_00_source_train_normal_0712_car_D1_spd_2_mic_2_mic_1.wav,heldout,friction_burst,0.958060085773468
ToyCarEmu/train/section_00_source_train_normal_0714_car_D1_spd_2_mic_2_mic_1.wav,heldout,friction_burst,0.931711733341217
ToyCarEmu/train/section_00_source_train_normal_0721_car_D1_spd_2_mic_2_mic_1.wav,heldout,friction_burst,0.9563291072845459
ToyCarEmu/train/section_00_source_train_normal_0724_car_D1_spd_2_mic_2_mic_1.wav,heldout,friction_burst,0.9638387560844421
ToyCarEmu/train/section_00_source_train_normal_0757_car_D2_spd_2_mic_2_mic_1.wav,heldout,friction_burst,0.926831066608429
ToyCarEmu/train/section_00_source_train_normal_0771_car_D2_spd_2_mic_2_mic_1.wav,heldout,friction_burst,0.9878057837486267
ToyCarEmu/train/section_00_source_train_normal_0791_car_D1_spd_3_mic_2_mic_1.wav,heldout,friction_burst,0.9945537447929382
ToyCarEmu/train/section_00_source_train_normal_0793_car_D1_spd_3_mic_2_mic_1.wav,heldout,friction_burst,0.9559338688850403
ToyCarEmu/train/section_00_source_train_normal_0798_car_D1_spd_3_mic_2_mic_1.wav,heldout,friction_burst,0.9017112255096436
ToyCarEmu/train/section_00_source_train_normal_0801_car_D1_spd_3_mic_2_mic_1.wav,heldout,friction_burst,0.8772280812263489
ToyCarEmu/train/section_00_source_train_normal_0803_car_D1_spd_3_mic_2_mic_1.wav,heldout,friction_burst,0.9914818406105042
ToyCarEmu/train/section_00_source_train_normal_0805_car_D1_spd_3_mic_2_mic_1.wav,heldout,friction_burst,0.9118562340736389
ToyCarEmu/train/section_00_source_train_normal_0842_car_D2_spd_3_mic_2_mic_1.wav,heldout,friction_burst,0.8927291035652161
ToyCarEmu/train/section_00_source_train_normal_0852_car_D1_spd_3_mic_2_mic_1.wav,heldout,friction_burst,0.9840645790100098
ToyCarEmu/train/section_00_source_train_normal_0868_car_D1_spd_3_mic_2_mic_1.wav,heldout,friction_burst,0.9886151552200317
ToyCarEmu/train/section_00_source_train_normal_0880_car_D1_spd_5_mic_2_mic_1.wav,heldout,friction_burst,0.9832949042320251
ToyCarEmu/train/section_00_source_train_normal_0886_car_D1_spd_5_mic_2_mic_1.wav,heldout,friction_burst,0.8063668012619019
ToyCarEmu/train/section_00_source_train_normal_0896_car_D2_spd_5_mic_2_mic_1.wav,heldout,friction_burst,0.8635011911392212
ToyCarEmu/train/section_00_source_train_normal_0928_car_D1_spd_5_mic_2_mic_1.wav,heldout,friction_burst,0.9812565445899963
ToyCarEmu/train/section_00_source_train_normal_0940_car_D1_spd_5_mic_2_mic_1.wav,heldout,friction_burst,0.9100406169891357
ToyCarEmu/train/section_00_source_train_normal_0952_car_D1_spd_5_mic_2_mic_1.wav,heldout,friction_burst,0.8683861494064331
ToyCarEmu/train/section_00_source_train_normal_0958_car_D1_spd_5_mic_2_mic_1.wav,heldout,friction_burst,0.9897618889808655
ToyCarEmu/train/section_00_source_train_normal_0964_car_D1_spd_5_mic_2_mic_1.wav,heldout,friction_burst,0.9959499835968018
ToyCarEmu/train/section_00_source_train_normal_0973_car_D2_spd_5_mic_2_mic_1.wav,heldout,friction_burst,0.9678769707679749
bearingEmu/train/section_00_source_train_normal_0013_noAttribute.wav,heldout,friction_burst,0.42268282175064087
bearingEmu/train/section_00_source_train_normal_0014_noAttribute.wav,heldout,friction_burst,0.7038429379463196
bearingEmu/train/section_00_source_train_normal_0027_noAttribute.wav,heldout,friction_burst,0.7513627409934998
bearingEmu/train/section_00_source_train_normal_0030_noAttribute.wav,heldout,friction_burst,0.1573745459318161
bearingEmu/train/section_00_source_train_normal_0031_noAttribute.wav,heldout,friction_burst,0.8032631874084473
bearingEmu/train/section_00_source_train_normal_0044_noAttribute.wav,heldout,friction_burst,0.6646610498428345
bearingEmu/train/section_00_source_train_normal_0062_noAttribute.wav,heldout,friction_burst,0.8111072182655334
bearingEmu/train/section_00_source_train_normal_0067_noAttribute.wav,heldout,friction_burst,0.327184796333313
bearingEmu/train/section_00_source_train_normal_0086_noAttribute.wav,heldout,friction_burst,0.4434341490268707
bearingEmu/train/section_00_source_train_normal_0102_noAttribute.wav,heldout,friction_burst,0.24123382568359375
bearingEmu/train/section_00_source_train_normal_0119_noAttribute.wav,heldout,friction_burst,0.6303092241287231
bearingEmu/train/section_00_source_train_normal_0128_noAttribute.wav,heldout,friction_burst,0.616461992263794
bearingEmu/train/section_00_source_train_normal_0133_noAttribute.wav,heldout,friction_burst,0.8330537676811218
bearingEmu/train/section_00_source_train_normal_0134_noAttribute.wav,heldout,friction_burst,0.5471135973930359
bearingEmu/train/section_00_source_train_normal_0156_noAttribute.wav,heldout,friction_burst,0.7843210101127625
bearingEmu/train/section_00_source_train_normal_0157_noAttribute.wav,heldout,friction_burst,0.548292338848114
bearingEmu/train/section_00_source_train_normal_0162_noAttribute.wav,heldout,friction_burst,0.8776081204414368
bearingEmu/train/section_00_source_train_normal_0163_noAttribute.wav,heldout,friction_burst,0.5654987096786499
bearingEmu/train/section_00_source_train_normal_0168_noAttribute.wav,heldout,friction_burst,0.1402437388896942
bearingEmu/train/section_00_source_train_normal_0192_noAttribute.wav,heldout,friction_burst,0.8672037124633789
bearingEmu/train/section_00_source_train_normal_0193_noAttribute.wav,heldout,friction_burst,0.8420495986938477
bearingEmu/train/section_00_source_train_normal_0196_noAttribute.wav,heldout,friction_burst,0.1220463439822197
bearingEmu/train/section_00_source_train_normal_0207_noAttribute.wav,heldout,friction_burst,0.594970703125
bearingEmu/train/section_00_source_train_normal_0215_noAttribute.wav,heldout,friction_burst,0.0786907747387886
bearingEmu/train/section_00_source_train_normal_0232_noAttribute.wav,heldout,friction_burst,0.888809084892273
bearingEmu/train/section_00_source_train_normal_0263_noAttribute.wav,heldout,friction_burst,0.8727497458457947
bearingEmu/train/section_00_source_train_normal_0266_noAttribute.wav,heldout,friction_burst,0.593602180480957
bearingEmu/train/section_00_source_train_normal_0285_noAttribute.wav,heldout,friction_burst,0.8767393827438354
bearingEmu/train/section_00_source_train_normal_0289_noAttribute.wav,heldout,friction_burst,0.22725728154182434
bearingEmu/train/section_00_source_train_normal_0312_noAttribute.wav,heldout,friction_burst,0.6845195889472961
bearingEmu/train/section_00_source_train_normal_0314_noAttribute.wav,heldout,friction_burst,0.7149507999420166
bearingEmu/train/section_00_source_train_normal_0315_noAttribute.wav,heldout,friction_burst,0.9108687043190002
bearingEmu/train/section_00_source_train_normal_0376_noAttribute.wav,heldout,friction_burst,0.17782770097255707
bearingEmu/train/section_00_source_train_normal_0380_noAttribute.wav,heldout,friction_burst,0.945141077041626
bearingEmu/train/section_00_source_train_normal_0397_noAttribute.wav,heldout,friction_burst,0.8629289269447327
bearingEmu/train/section_00_source_train_normal_0405_noAttribute.wav,heldout,friction_burst,0.5422525405883789
bearingEmu/train/section_00_source_train_normal_0406_noAttribute.wav,heldout,friction_burst,0.48927026987075806
bearingEmu/train/section_00_source_train_normal_0411_noAttribute.wav,heldout,friction_burst,0.4130057692527771
bearingEmu/train/section_00_source_train_normal_0437_noAttribute.wav,heldout,friction_burst,0.45362988114356995
bearingEmu/train/section_00_source_train_normal_0439_noAttribute.wav,heldout,friction_burst,0.9010833501815796
bearingEmu/train/section_00_source_train_normal_0445_noAttribute.wav,heldout,friction_burst,0.34564530849456787
bearingEmu/train/section_00_source_train_normal_0446_noAttribute.wav,heldout,friction_burst,0.5890591144561768
bearingEmu/train/section_00_source_train_normal_0524_noAttribute.wav,heldout,friction_burst,0.24531665444374084
bearingEmu/train/section_00_source_train_normal_0532_noAttribute.wav,heldout,friction_burst,0.42630690336227417
bearingEmu/train/section_00_source_train_normal_0543_noAttribute.wav,heldout,friction_burst,0.7816251516342163
bearingEmu/train/section_00_source_train_normal_0547_noAttribute.wav,heldout,friction_burst,0.45183226466178894
bearingEmu/train/section_00_source_train_normal_0558_noAttribute.wav,heldout,friction_burst,0.826633870601654
bearingEmu/train/section_00_source_train_normal_0577_noAttribute.wav,heldout,friction_burst,0.7414929866790771
bearingEmu/train/section_00_source_train_normal_0587_noAttribute.wav,heldout,friction_burst,0.8727517127990723
bearingEmu/train/section_00_source_train_normal_0589_noAttribute.wav,heldout,friction_burst,0.6091893315315247
bearingEmu/train/section_00_source_train_normal_0591_noAttribute.wav,heldout,friction_burst,0.8474861979484558
bearingEmu/train/section_00_source_train_normal_0597_noAttribute.wav,heldout,friction_burst,0.13006152212619781
bearingEmu/train/section_00_source_train_normal_0626_noAttribute.wav,heldout,friction_burst,0.5635350942611694
bearingEmu/train/section_00_source_train_normal_0628_noAttribute.wav,heldout,friction_burst,0.681590735912323
bearingEmu/train/section_00_source_train_normal_0656_noAttribute.wav,heldout,friction_burst,0.744865357875824
bearingEmu/train/section_00_source_train_normal_0662_noAttribute.wav,heldout,friction_burst,0.8342345356941223
bearingEmu/train/section_00_source_train_normal_0668_noAttribute.wav,heldout,friction_burst,0.7948981523513794
bearingEmu/train/section_00_source_train_normal_0673_noAttribute.wav,heldout,friction_burst,0.1387750506401062
bearingEmu/train/section_00_source_train_normal_0686_noAttribute.wav,heldout,friction_burst,0.775180995464325
bearingEmu/train/section_00_source_train_normal_0687_noAttribute.wav,heldout,friction_burst,0.6338443756103516
bearingEmu/train/section_00_source_train_normal_0693_noAttribute.wav,heldout,friction_burst,0.30141323804855347
bearingEmu/train/section_00_source_train_normal_0696_noAttribute.wav,heldout,friction_burst,0.8190330266952515
bearingEmu/train/section_00_source_train_normal_0709_noAttribute.wav,heldout,friction_burst,0.7883445620536804
bearingEmu/train/section_00_source_train_normal_0722_noAttribute.wav,heldout,friction_burst,0.631700873374939
bearingEmu/train/section_00_source_train_normal_0735_noAttribute.wav,heldout,friction_burst,0.37830641865730286
bearingEmu/train/section_00_source_train_normal_0748_noAttribute.wav,heldout,friction_burst,0.8092684149742126
bearingEmu/train/section_00_source_train_normal_0751_noAttribute.wav,heldout,friction_burst,0.8711786866188049
bearingEmu/train/section_00_source_train_normal_0755_noAttribute.wav,heldout,friction_burst,0.3886124789714813
bearingEmu/train/section_00_source_train_normal_0759_noAttribute.wav,heldout,friction_burst,0.7661028504371643
bearingEmu/train/section_00_source_train_normal_0775_noAttribute.wav,heldout,friction_burst,0.9451199173927307
bearingEmu/train/section_00_source_train_normal_0777_noAttribute.wav,heldout,friction_burst,0.11071117222309113
bearingEmu/train/section_00_source_train_normal_0807_noAttribute.wav,heldout,friction_burst,0.723667562007904
bearingEmu/train/section_00_source_train_normal_0851_noAttribute.wav,heldout,friction_burst,0.558820366859436
bearingEmu/train/section_00_source_train_normal_0860_noAttribute.wav,heldout,friction_burst,0.24262802302837372
bearingEmu/train/section_00_source_train_normal_0864_noAttribute.wav,heldout,friction_burst,0.6009652614593506
bearingEmu/train/section_00_source_train_normal_0878_noAttribute.wav,heldout,friction_burst,0.8958339095115662
bearingEmu/train/section_00_source_train_normal_0903_noAttribute.wav,heldout,friction_burst,0.34897586703300476
bearingEmu/train/section_00_source_train_normal_0920_noAttribute.wav,heldout,friction_burst,0.17567190527915955
bearingEmu/train/section_00_source_train_normal_0922_noAttribute.wav,heldout,friction_burst,0.6514944434165955
bearingEmu/train/section_00_source_train_normal_0925_noAttribute.wav,heldout,friction_burst,0.26863133907318115
bearingEmu/train/section_00_source_train_normal_0959_noAttribute.wav,heldout,friction_burst,0.5806517601013184
bearingEmu/train/section_00_source_train_normal_0961_noAttribute.wav,heldout,friction_burst,0.6955763101577759
bearingEmu/train/section_00_source_train_normal_0973_noAttribute.wav,heldout,friction_burst,0.7323542833328247
bearingEmu/train/section_00_source_train_normal_0977_noAttribute.wav,heldout,friction_burst,0.7347370982170105
bearingEmu/train/section_00_source_train_normal_0983_noAttribute.wav,heldout,friction_burst,0.6457306146621704
bearingEmu/train/section_00_source_train_normal_0986_noAttribute.wav,heldout,friction_burst,0.3070078194141388
fan/train/section_00_source_train_normal_0011_spd_3.wav,heldout,friction_burst,0.7128214240074158
fan/train/section_00_source_train_normal_0017_spd_3.wav,heldout,friction_burst,0.8236809372901917
fan/train/section_00_source_train_normal_0027_spd_2.wav,heldout,friction_burst,0.7429283261299133
fan/train/section_00_source_train_normal_0030_spd_3.wav,heldout,friction_burst,0.6848611235618591
fan/train/section_00_source_train_normal_0053_spd_1.wav,heldout,friction_burst,0.7950785756111145
fan/train/section_00_source_train_normal_0091_spd_1.wav,heldout,friction_burst,0.6493430733680725
fan/train/section_00_source_train_normal_0098_spd_2.wav,heldout,friction_burst,0.9049885272979736
fan/train/section_00_source_train_normal_0109_spd_3.wav,heldout,friction_burst,0.9127787351608276
fan/train/section_00_source_train_normal_0146_spd_2.wav,heldout,friction_burst,0.8869947195053101
fan/train/section_00_source_train_normal_0149_spd_2.wav,heldout,friction_burst,0.7271769642829895
fan/train/section_00_source_train_normal_0171_spd_2.wav,heldout,friction_burst,0.822363555431366
fan/train/section_00_source_train_normal_0209_spd_3.wav,heldout,friction_burst,0.7574276924133301
fan/train/section_00_source_train_normal_0217_spd_3.wav,heldout,friction_burst,0.8339605927467346
fan/train/section_00_source_train_normal_0229_spd_2.wav,heldout,friction_burst,0.693604052066803
fan/train/section_00_source_train_normal_0269_spd_3.wav,heldout,friction_burst,0.9262805581092834
fan/train/section_00_source_train_normal_0309_spd_2.wav,heldout,friction_burst,0.9070402979850769
fan/train/section_00_source_train_normal_0312_spd_3.wav,heldout,friction_burst,0.941499650478363
fan/train/section_00_source_train_normal_0320_spd_1.wav,heldout,friction_burst,0.8874040246009827
fan/train/section_00_source_train_normal_0326_spd_1.wav,heldout,friction_burst,0.9466395378112793
fan/train/section_00_source_train_normal_0329_spd_2.wav,heldout,friction_burst,0.7798333168029785
fan/train/section_00_source_train_normal_0330_spd_1.wav,heldout,friction_burst,0.6645759344100952
fan/train/section_00_source_train_normal_0331_spd_1.wav,heldout,friction_burst,0.9585880041122437
fan/train/section_00_source_train_normal_0354_spd_3.wav,heldout,friction_burst,0.8640962839126587
fan/train/section_00_source_train_normal_0366_spd_2.wav,heldout,friction_burst,0.9358263611793518
fan/train/section_00_source_train_normal_0372_spd_2.wav,heldout,friction_burst,0.9076952934265137
fan/train/section_00_source_train_normal_0379_spd_2.wav,heldout,friction_burst,0.9571665525436401
fan/train/section_00_source_train_normal_0399_spd_1.wav,heldout,friction_burst,0.7634004950523376
fan/train/section_00_source_train_normal_0418_spd_2.wav,heldout,friction_burst,0.9103355407714844
fan/train/section_00_source_train_normal_0420_spd_2.wav,heldout,friction_burst,0.9138410091400146
fan/train/section_00_source_train_normal_0427_spd_3.wav,heldout,friction_burst,0.9302913546562195
fan/train/section_00_source_train_normal_0428_spd_3.wav,heldout,friction_burst,0.8949592709541321
fan/train/section_00_source_train_normal_0440_spd_1.wav,heldout,friction_burst,0.7956083416938782
fan/train/section_00_source_train_normal_0444_spd_3.wav,heldout,friction_burst,0.9448584914207458
fan/train/section_00_source_train_normal_0449_spd_1.wav,heldout,friction_burst,0.7478749752044678
fan/train/section_00_source_train_normal_0450_spd_2.wav,heldout,friction_burst,0.8758460283279419
fan/train/section_00_source_train_normal_0464_spd_3.wav,heldout,friction_burst,0.9040873646736145
fan/train/section_00_source_train_normal_0467_spd_3.wav,heldout,friction_burst,0.9419459104537964
fan/train/section_00_source_train_normal_0470_spd_2.wav,heldout,friction_burst,0.8138248920440674
fan/train/section_00_source_train_normal_0495_spd_3.wav,heldout,friction_burst,0.5204939842224121
fan/train/section_00_source_train_normal_0513_spd_1.wav,heldout,friction_burst,0.9262419939041138
fan/train/section_00_source_train_normal_0540_spd_3.wav,heldout,friction_burst,0.7689417004585266
fan/train/section_00_source_train_normal_0563_spd_3.wav,heldout,friction_burst,0.8205101490020752
fan/train/section_00_source_train_normal_0574_spd_3.wav,heldout,friction_burst,0.9304600954055786
fan/train/section_00_source_train_normal_0575_spd_3.wav,heldout,friction_burst,0.8864673972129822
fan/train/section_00_source_train_normal_0582_spd_2.wav,heldout,friction_burst,0.8243632316589355
fan/train/section_00_source_train_normal_0614_spd_3.wav,heldout,friction_burst,0.8025522828102112
fan/train/section_00_source_train_normal_0626_spd_3.wav,heldout,friction_burst,0.8447959423065186
fan/train/section_00_source_train_normal_0631_spd_2.wav,heldout,friction_burst,0.9541939496994019
fan/train/section_00_source_train_normal_0673_spd_3.wav,heldout,friction_burst,0.9060715436935425
fan/train/section_00_source_train_normal_0687_spd_3.wav,heldout,friction_burst,0.8414106369018555
fan/train/section_00_source_train_normal_0693_spd_1.wav,heldout,friction_burst,0.8339821100234985
fan/train/section_00_source_train_normal_0705_spd_1.wav,heldout,friction_burst,0.8412078022956848
fan/train/section_00_source_train_normal_0723_spd_1.wav,heldout,friction_burst,0.6882736086845398
fan/train/section_00_source_train_normal_0734_spd_2.wav,heldout,friction_burst,0.7781572341918945
fan/train/section_00_source_train_normal_0737_spd_2.wav,heldout,friction_burst,0.8919162154197693
fan/train/section_00_source_train_normal_0791_spd_1.wav,heldout,friction_burst,0.9313526749610901
fan/train/section_00_source_train_normal_0804_spd_3.wav,heldout,friction_burst,0.7893534302711487
fan/train/section_00_source_train_normal_0805_spd_1.wav,heldout,friction_burst,0.886387050151825
fan/train/section_00_source_train_normal_0815_spd_2.wav,heldout,friction_burst,0.8325310349464417
fan/train/section_00_source_train_normal_0828_spd_3.wav,heldout,friction_burst,0.5835530757904053
fan/train/section_00_source_train_normal_0836_spd_3.wav,heldout,friction_burst,0.959580659866333
fan/train/section_00_source_train_normal_0841_spd_1.wav,heldout,friction_burst,0.8422049880027771
fan/train/section_00_source_train_normal_0862_spd_3.wav,heldout,friction_burst,0.8396090269088745
fan/train/section_00_source_train_normal_0869_spd_3.wav,heldout,friction_burst,0.8298345804214478
fan/train/section_00_source_train_normal_0871_spd_3.wav,heldout,friction_burst,0.6908845901489258
fan/train/section_00_source_train_normal_0882_spd_1.wav,heldout,friction_burst,0.8695622086524963
fan/train/section_00_source_train_normal_0892_spd_2.wav,heldout,friction_burst,0.7918698191642761
fan/train/section_00_source_train_normal_0899_spd_2.wav,heldout,friction_burst,0.7087318897247314
fan/train/section_00_source_train_normal_0908_spd_2.wav,heldout,friction_burst,0.9115192890167236
fan/train/section_00_source_train_normal_0924_spd_2.wav,heldout,friction_burst,0.8991281390190125
fan/train/section_00_source_train_normal_0925_spd_2.wav,heldout,friction_burst,0.8233829736709595
fan/train/section_00_source_train_normal_0980_spd_2.wav,heldout,friction_burst,0.8992205262184143
fan/train/section_00_source_train_normal_0981_spd_2.wav,heldout,friction_burst,0.9430656433105469
fan/train/section_00_source_train_normal_0985_spd_1.wav,heldout,friction_burst,0.8794925212860107
fan/train/section_00_source_train_normal_0986_spd_2.wav,heldout,friction_burst,0.9468783736228943
gearboxEmu/train/section_00_source_train_normal_0002_pro_C.wav,heldout,friction_burst,0.8644168972969055
gearboxEmu/train/section_00_source_train_normal_0009_pro_E.wav,heldout,friction_burst,0.6436389684677124
gearboxEmu/train/section_00_source_train_normal_0017_pro_E.wav,heldout,friction_burst,0.7984582781791687
gearboxEmu/train/section_00_source_train_normal_0036_pro_C.wav,heldout,friction_burst,0.9281602501869202
gearboxEmu/train/section_00_source_train_normal_0068_pro_E.wav,heldout,friction_burst,0.7298447489738464
gearboxEmu/train/section_00_source_train_normal_0076_pro_E.wav,heldout,friction_burst,0.7707695364952087
gearboxEmu/train/section_00_source_train_normal_0087_pro_D.wav,heldout,friction_burst,0.7668213844299316
gearboxEmu/train/section_00_source_train_normal_0099_pro_C.wav,heldout,friction_burst,0.9333260655403137
gearboxEmu/train/section_00_source_train_normal_0109_pro_F.wav,heldout,friction_burst,0.8958393931388855
gearboxEmu/train/section_00_source_train_normal_0111_pro_A.wav,heldout,friction_burst,0.9649004936218262
gearboxEmu/train/section_00_source_train_normal_0133_pro_E.wav,heldout,friction_burst,0.9103601574897766
gearboxEmu/train/section_00_source_train_normal_0142_pro_F.wav,heldout,friction_burst,0.8562009930610657
gearboxEmu/train/section_00_source_train_normal_0147_pro_D.wav,heldout,friction_burst,0.7578509449958801
gearboxEmu/train/section_00_source_train_normal_0148_pro_D.wav,heldout,friction_burst,0.7070643305778503
gearboxEmu/train/section_00_source_train_normal_0167_pro_D.wav,heldout,friction_burst,0.9438931345939636
gearboxEmu/train/section_00_source_train_normal_0168_pro_B.wav,heldout,friction_burst,0.9254007339477539
gearboxEmu/train/section_00_source_train_normal_0175_pro_C.wav,heldout,friction_burst,0.9287503957748413
gearboxEmu/train/section_00_source_train_normal_0191_pro_B.wav,heldout,friction_burst,0.8103669881820679
gearboxEmu/train/section_00_source_train_normal_0197_pro_A.wav,heldout,friction_burst,0.7888144254684448
gearboxEmu/train/section_00_source_train_normal_0198_pro_F.wav,heldout,friction_burst,0.8882521390914917
gearboxEmu/train/section_00_source_train_normal_0201_pro_A.wav,heldout,friction_burst,0.7871830463409424
gearboxEmu/train/section_00_source_train_normal_0204_pro_C.wav,heldout,friction_burst,0.956500232219696
gearboxEmu/train/section_00_source_train_normal_0207_pro_F.wav,heldout,friction_burst,0.6326962113380432
gearboxEmu/train/section_00_source_train_normal_0220_pro_A.wav,heldout,friction_burst,0.8683561086654663
gearboxEmu/train/section_00_source_train_normal_0254_pro_A.wav,heldout,friction_burst,0.7375028729438782
gearboxEmu/train/section_00_source_train_normal_0264_pro_E.wav,heldout,friction_burst,0.9807766079902649
gearboxEmu/train/section_00_source_train_normal_0276_pro_C.wav,heldout,friction_burst,0.4931415617465973
gearboxEmu/train/section_00_source_train_normal_0277_pro_D.wav,heldout,friction_burst,0.9600133895874023
gearboxEmu/train/section_00_source_train_normal_0287_pro_D.wav,heldout,friction_burst,0.7565017342567444
gearboxEmu/train/section_00_source_train_normal_0291_pro_B.wav,heldout,friction_burst,0.8758228421211243
gearboxEmu/train/section_00_source_train_normal_0293_pro_B.wav,heldout,friction_burst,0.9561215043067932
gearboxEmu/train/section_00_source_train_normal_0301_pro_D.wav,heldout,friction_burst,0.7368776202201843
gearboxEmu/train/section_00_source_train_normal_0317_pro_A.wav,heldout,friction_burst,0.5073985457420349
gearboxEmu/train/section_00_source_train_normal_0319_pro_A.wav,heldout,friction_burst,0.9009124636650085
gearboxEmu/train/section_00_source_train_normal_0333_pro_A.wav,heldout,friction_burst,0.9422587752342224
gearboxEmu/train/section_00_source_train_normal_0339_pro_A.wav,heldout,friction_burst,0.8780378699302673
gearboxEmu/train/section_00_source_train_normal_0344_pro_C.wav,heldout,friction_burst,0.7971270680427551
gearboxEmu/train/section_00_source_train_normal_0359_pro_A.wav,heldout,friction_burst,0.9222664833068848
gearboxEmu/train/section_00_source_train_normal_0364_pro_A.wav,heldout,friction_burst,0.9578386545181274
gearboxEmu/train/section_00_source_train_normal_0372_pro_C.wav,heldout,friction_burst,0.727628767490387
gearboxEmu/train/section_00_source_train_normal_0378_pro_B.wav,heldout,friction_burst,0.966633677482605
gearboxEmu/train/section_00_source_train_normal_0382_pro_D.wav,heldout,friction_burst,0.6393916010856628
gearboxEmu/train/section_00_source_train_normal_0395_pro_B.wav,heldout,friction_burst,0.4881846010684967
gearboxEmu/train/section_00_source_train_normal_0398_pro_D.wav,heldout,friction_burst,0.9400904774665833
gearboxEmu/train/section_00_source_train_normal_0406_pro_E.wav,heldout,friction_burst,0.9605904817581177
gearboxEmu/train/section_00_source_train_normal_0414_pro_C.wav,heldout,friction_burst,0.9336965680122375
gearboxEmu/train/section_00_source_train_normal_0522_pro_F.wav,heldout,friction_burst,0.8662806749343872
gearboxEmu/train/section_00_source_train_normal_0526_pro_F.wav,heldout,friction_burst,0.7402634620666504
gearboxEmu/train/section_00_source_train_normal_0531_pro_A.wav,heldout,friction_burst,0.8356303572654724
gearboxEmu/train/section_00_source_train_normal_0540_pro_E.wav,heldout,friction_burst,0.6626213788986206
gearboxEmu/train/section_00_source_train_normal_0547_pro_C.wav,heldout,friction_burst,0.944076657295227
gearboxEmu/train/section_00_source_train_normal_0555_pro_A.wav,heldout,friction_burst,0.5891743898391724
gearboxEmu/train/section_00_source_train_normal_0572_pro_B.wav,heldout,friction_burst,0.9503353834152222
gearboxEmu/train/section_00_source_train_normal_0580_pro_C.wav,heldout,friction_burst,0.9682002067565918
gearboxEmu/train/section_00_source_train_normal_0615_pro_A.wav,heldout,friction_burst,0.7771499752998352
gearboxEmu/train/section_00_source_train_normal_0617_pro_B.wav,heldout,friction_burst,0.8490105867385864
gearboxEmu/train/section_00_source_train_normal_0620_pro_C.wav,heldout,friction_burst,0.9535040855407715
gearboxEmu/train/section_00_source_train_normal_0627_pro_B.wav,heldout,friction_burst,0.8664624691009521
gearboxEmu/train/section_00_source_train_normal_0636_pro_F.wav,heldout,friction_burst,0.9445741176605225
gearboxEmu/train/section_00_source_train_normal_0641_pro_D.wav,heldout,friction_burst,0.8031035661697388
gearboxEmu/train/section_00_source_train_normal_0647_pro_A.wav,heldout,friction_burst,0.8544763326644897
gearboxEmu/train/section_00_source_train_normal_0665_pro_B.wav,heldout,friction_burst,0.9419425129890442
gearboxEmu/train/section_00_source_train_normal_0678_pro_F.wav,heldout,friction_burst,0.7788183093070984
gearboxEmu/train/section_00_source_train_normal_0685_pro_A.wav,heldout,friction_burst,0.951652467250824
gearboxEmu/train/section_00_source_train_normal_0709_pro_C.wav,heldout,friction_burst,0.8620397448539734
gearboxEmu/train/section_00_source_train_normal_0713_pro_E.wav,heldout,friction_burst,0.7449972033500671
gearboxEmu/train/section_00_source_train_normal_0720_pro_D.wav,heldout,friction_burst,0.8399816155433655
gearboxEmu/train/section_00_source_train_normal_0728_pro_D.wav,heldout,friction_burst,0.7868987917900085
gearboxEmu/train/section_00_source_train_normal_0734_pro_C.wav,heldout,friction_burst,0.7905885577201843
gearboxEmu/train/section_00_source_train_normal_0770_pro_D.wav,heldout,friction_burst,0.8233272433280945
gearboxEmu/train/section_00_source_train_normal_0787_pro_F.wav,heldout,friction_burst,0.6723713278770447
gearboxEmu/train/section_00_source_train_normal_0805_pro_B.wav,heldout,friction_burst,0.9456942081451416
gearboxEmu/train/section_00_source_train_normal_0815_pro_C.wav,heldout,friction_burst,0.8737881183624268
gearboxEmu/train/section_00_source_train_normal_0821_pro_C.wav,heldout,friction_burst,0.8309010863304138
gearboxEmu/train/section_00_source_train_normal_0828_pro_F.wav,heldout,friction_burst,0.8240991830825806
gearboxEmu/train/section_00_source_train_normal_0837_pro_B.wav,heldout,friction_burst,0.843146800994873
gearboxEmu/train/section_00_source_train_normal_0845_pro_E.wav,heldout,friction_burst,0.7494176626205444
gearboxEmu/train/section_00_source_train_normal_0862_pro_F.wav,heldout,friction_burst,0.9740088582038879
gearboxEmu/train/section_00_source_train_normal_0867_pro_F.wav,heldout,friction_burst,0.941724419593811
gearboxEmu/train/section_00_source_train_normal_0869_pro_F.wav,heldout,friction_burst,0.8029336333274841
gearboxEmu/train/section_00_source_train_normal_0870_pro_E.wav,heldout,friction_burst,0.9720183610916138
gearboxEmu/train/section_00_source_train_normal_0876_pro_A.wav,heldout,friction_burst,0.7808436155319214
gearboxEmu/train/section_00_source_train_normal_0890_pro_C.wav,heldout,friction_burst,0.9515073895454407
gearboxEmu/train/section_00_source_train_normal_0907_pro_B.wav,heldout,friction_burst,0.6866503357887268
gearboxEmu/train/section_00_source_train_normal_0937_pro_E.wav,heldout,friction_burst,0.8915924429893494
gearboxEmu/train/section_00_source_train_normal_0940_pro_B.wav,heldout,friction_burst,0.5355938673019409
gearboxEmu/train/section_00_source_train_normal_0988_pro_A.wav,heldout,friction_burst,0.872229814529419
sliderEmu/train/section_00_source_train_normal_0016_noAttribute.wav,heldout,friction_burst,0.9198089838027954
sliderEmu/train/section_00_source_train_normal_0026_noAttribute.wav,heldout,friction_burst,0.7356937527656555
sliderEmu/train/section_00_source_train_normal_0034_noAttribute.wav,heldout,friction_burst,0.8798698782920837
sliderEmu/train/section_00_source_train_normal_0050_noAttribute.wav,heldout,friction_burst,0.8358643651008606
sliderEmu/train/section_00_source_train_normal_0051_noAttribute.wav,heldout,friction_burst,0.9005738496780396
sliderEmu/train/section_00_source_train_normal_0061_noAttribute.wav,heldout,friction_burst,0.829216480255127
sliderEmu/train/section_00_source_train_normal_0066_noAttribute.wav,heldout,friction_burst,0.6381077170372009
sliderEmu/train/section_00_source_train_normal_0068_noAttribute.wav,heldout,friction_burst,0.9092409014701843
sliderEmu/train/section_00_source_train_normal_0074_noAttribute.wav,heldout,friction_burst,0.9516628384590149
sliderEmu/train/section_00_source_train_normal_0080_noAttribute.wav,heldout,friction_burst,0.8199009299278259
sliderEmu/train/section_00_source_train_normal_0085_noAttribute.wav,heldout,friction_burst,0.9257465600967407
sliderEmu/train/section_00_source_train_normal_0092_noAttribute.wav,heldout,friction_burst,0.7952905297279358
sliderEmu/train/section_00_source_train_normal_0099_noAttribute.wav,heldout,friction_burst,0.77651047706604
sliderEmu/train/section_00_source_train_normal_0100_noAttribute.wav,heldout,friction_burst,0.7883915305137634
sliderEmu/train/section_00_source_train_normal_0131_noAttribute.wav,heldout,friction_burst,0.5387353301048279
sliderEmu/train/section_00_source_train_normal_0146_noAttribute.wav,heldout,friction_burst,0.7524377107620239
sliderEmu/train/section_00_source_train_normal_0160_noAttribute.wav,heldout,friction_burst,0.8091476559638977
sliderEmu/train/section_00_source_train_normal_0179_noAttribute.wav,heldout,friction_burst,0.8816541433334351
sliderEmu/train/section_00_source_train_normal_0189_noAttribute.wav,heldout,friction_burst,0.8653127551078796
sliderEmu/train/section_00_source_train_normal_0196_noAttribute.wav,heldout,friction_burst,0.9259682893753052
sliderEmu/train/section_00_source_train_normal_0199_noAttribute.wav,heldout,friction_burst,0.9461574554443359
sliderEmu/train/section_00_source_train_normal_0202_noAttribute.wav,heldout,friction_burst,0.6442325115203857
sliderEmu/train/section_00_source_train_normal_0205_noAttribute.wav,heldout,friction_burst,0.34644004702568054
sliderEmu/train/section_00_source_train_normal_0211_noAttribute.wav,heldout,friction_burst,0.9412190318107605
sliderEmu/train/section_00_source_train_normal_0260_noAttribute.wav,heldout,friction_burst,0.8516402244567871
sliderEmu/train/section_00_source_train_normal_0265_noAttribute.wav,heldout,friction_burst,0.7929169535636902
sliderEmu/train/section_00_source_train_normal_0276_noAttribute.wav,heldout,friction_burst,0.9427506923675537
sliderEmu/train/section_00_source_train_normal_0297_noAttribute.wav,heldout,friction_burst,0.7524191737174988
sliderEmu/train/section_00_source_train_normal_0305_noAttribute.wav,heldout,friction_burst,0.9290574789047241
sliderEmu/train/section_00_source_train_normal_0320_noAttribute.wav,heldout,friction_burst,0.8724527955055237
sliderEmu/train/section_00_source_train_normal_0329_noAttribute.wav,heldout,friction_burst,0.4932003915309906
sliderEmu/train/section_00_source_train_normal_0341_noAttribute.wav,heldout,friction_burst,0.6524717211723328
sliderEmu/train/section_00_source_train_normal_0344_noAttribute.wav,heldout,friction_burst,0.9041370749473572
sliderEmu/train/section_00_source_train_normal_0345_noAttribute.wav,heldout,friction_burst,0.4761880338191986
sliderEmu/train/section_00_source_train_normal_0351_noAttribute.wav,heldout,friction_burst,0.9629246592521667
sliderEmu/train/section_00_source_train_normal_0360_noAttribute.wav,heldout,friction_burst,0.805595338344574
sliderEmu/train/section_00_source_train_normal_0361_noAttribute.wav,heldout,friction_burst,0.9583753347396851
sliderEmu/train/section_00_source_train_normal_0383_noAttribute.wav,heldout,friction_burst,0.6360700130462646
sliderEmu/train/section_00_source_train_normal_0387_noAttribute.wav,heldout,friction_burst,0.9475805759429932
sliderEmu/train/section_00_source_train_normal_0391_noAttribute.wav,heldout,friction_burst,0.7623748183250427
sliderEmu/train/section_00_source_train_normal_0398_noAttribute.wav,heldout,friction_burst,0.5870932340621948
sliderEmu/train/section_00_source_train_normal_0409_noAttribute.wav,heldout,friction_burst,0.904245138168335
sliderEmu/train/section_00_source_train_normal_0412_noAttribute.wav,heldout,friction_burst,0.8751897811889648
sliderEmu/train/section_00_source_train_normal_0427_noAttribute.wav,heldout,friction_burst,0.9348140954971313
sliderEmu/train/section_00_source_train_normal_0428_noAttribute.wav,heldout,friction_burst,0.7840434908866882
sliderEmu/train/section_00_source_train_normal_0442_noAttribute.wav,heldout,friction_burst,0.8956711888313293
sliderEmu/train/section_00_source_train_normal_0451_noAttribute.wav,heldout,friction_burst,0.9254820346832275
sliderEmu/train/section_00_source_train_normal_0455_noAttribute.wav,heldout,friction_burst,0.14927424490451813
sliderEmu/train/section_00_source_train_normal_0467_noAttribute.wav,heldout,friction_burst,0.8347890973091125
sliderEmu/train/section_00_source_train_normal_0473_noAttribute.wav,heldout,friction_burst,0.9363661408424377
sliderEmu/train/section_00_source_train_normal_0494_noAttribute.wav,heldout,friction_burst,0.6418901085853577
sliderEmu/train/section_00_source_train_normal_0502_noAttribute.wav,heldout,friction_burst,0.8747103214263916
sliderEmu/train/section_00_source_train_normal_0509_noAttribute.wav,heldout,friction_burst,0.5936750173568726
sliderEmu/train/section_00_source_train_normal_0522_noAttribute.wav,heldout,friction_burst,0.7740854620933533
sliderEmu/train/section_00_source_train_normal_0525_noAttribute.wav,heldout,friction_burst,0.7993661165237427
sliderEmu/train/section_00_source_train_normal_0534_noAttribute.wav,heldout,friction_burst,0.7857499122619629
sliderEmu/train/section_00_source_train_normal_0574_noAttribute.wav,heldout,friction_burst,0.9032362103462219
sliderEmu/train/section_00_source_train_normal_0584_noAttribute.wav,heldout,friction_burst,0.8534854650497437
sliderEmu/train/section_00_source_train_normal_0590_noAttribute.wav,heldout,friction_burst,0.6711759567260742
sliderEmu/train/section_00_source_train_normal_0598_noAttribute.wav,heldout,friction_burst,0.6726087927818298
sliderEmu/train/section_00_source_train_normal_0602_noAttribute.wav,heldout,friction_burst,0.9034339785575867
sliderEmu/train/section_00_source_train_normal_0611_noAttribute.wav,heldout,friction_burst,0.9154000282287598
sliderEmu/train/section_00_source_train_normal_0622_noAttribute.wav,heldout,friction_burst,0.7500096559524536
sliderEmu/train/section_00_source_train_normal_0623_noAttribute.wav,heldout,friction_burst,0.864274263381958
sliderEmu/train/section_00_source_train_normal_0627_noAttribute.wav,heldout,friction_burst,0.8276482224464417
sliderEmu/train/section_00_source_train_normal_0649_noAttribute.wav,heldout,friction_burst,0.6886110901832581
sliderEmu/train/section_00_source_train_normal_0651_noAttribute.wav,heldout,friction_burst,0.9314268231391907
sliderEmu/train/section_00_source_train_normal_0656_noAttribute.wav,heldout,friction_burst,0.8330639600753784
sliderEmu/train/section_00_source_train_normal_0662_noAttribute.wav,heldout,friction_burst,0.9210448861122131
sliderEmu/train/section_00_source_train_normal_0706_noAttribute.wav,heldout,friction_burst,0.9441554546356201
sliderEmu/train/section_00_source_train_normal_0717_noAttribute.wav,heldout,friction_burst,0.6401124596595764
sliderEmu/train/section_00_source_train_normal_0737_noAttribute.wav,heldout,friction_burst,0.953595757484436
sliderEmu/train/section_00_source_train_normal_0738_noAttribute.wav,heldout,friction_burst,0.8087669610977173
sliderEmu/train/section_00_source_train_normal_0743_noAttribute.wav,heldout,friction_burst,0.9071193337440491
sliderEmu/train/section_00_source_train_normal_0751_noAttribute.wav,heldout,friction_burst,0.7127344608306885
sliderEmu/train/section_00_source_train_normal_0752_noAttribute.wav,heldout,friction_burst,0.8677951693534851
sliderEmu/train/section_00_source_train_normal_0753_noAttribute.wav,heldout,friction_burst,0.8448248505592346
sliderEmu/train/section_00_source_train_normal_0760_noAttribute.wav,heldout,friction_burst,0.8905554413795471
sliderEmu/train/section_00_source_train_normal_0772_noAttribute.wav,heldout,friction_burst,0.9151814579963684
sliderEmu/train/section_00_source_train_normal_0778_noAttribute.wav,heldout,friction_burst,0.8152846693992615
sliderEmu/train/section_00_source_train_normal_0782_noAttribute.wav,heldout,friction_burst,0.8837728500366211
sliderEmu/train/section_00_source_train_normal_0784_noAttribute.wav,heldout,friction_burst,0.890519917011261
sliderEmu/train/section_00_source_train_normal_0794_noAttribute.wav,heldout,friction_burst,0.9365493059158325
sliderEmu/train/section_00_source_train_normal_0795_noAttribute.wav,heldout,friction_burst,0.6429744958877563
sliderEmu/train/section_00_source_train_normal_0801_noAttribute.wav,heldout,friction_burst,0.9377249479293823
sliderEmu/train/section_00_source_train_normal_0816_noAttribute.wav,heldout,friction_burst,0.8103326559066772
sliderEmu/train/section_00_source_train_normal_0835_noAttribute.wav,heldout,friction_burst,0.9351246356964111
sliderEmu/train/section_00_source_train_normal_0844_noAttribute.wav,heldout,friction_burst,0.8687765002250671
sliderEmu/train/section_00_source_train_normal_0846_noAttribute.wav,heldout,friction_burst,0.9324566721916199
sliderEmu/train/section_00_source_train_normal_0912_noAttribute.wav,heldout,friction_burst,0.786125659942627
sliderEmu/train/section_00_source_train_normal_0918_noAttribute.wav,heldout,friction_burst,0.7970978617668152
sliderEmu/train/section_00_source_train_normal_0935_noAttribute.wav,heldout,friction_burst,0.6862747073173523
sliderEmu/train/section_00_source_train_normal_0940_noAttribute.wav,heldout,friction_burst,0.9417954087257385
sliderEmu/train/section_00_source_train_normal_0948_noAttribute.wav,heldout,friction_burst,0.9401000738143921
sliderEmu/train/section_00_source_train_normal_0951_noAttribute.wav,heldout,friction_burst,0.8228981494903564
sliderEmu/train/section_00_source_train_normal_0953_noAttribute.wav,heldout,friction_burst,0.7394698858261108
sliderEmu/train/section_00_source_train_normal_0962_noAttribute.wav,heldout,friction_burst,0.8342921733856201
valveEmu/train/section_00_source_train_normal_0005_noAttribute.wav,heldout,friction_burst,0.7232386469841003
valveEmu/train/section_00_source_train_normal_0021_noAttribute.wav,heldout,friction_burst,0.8881873488426208
valveEmu/train/section_00_source_train_normal_0035_noAttribute.wav,heldout,friction_burst,0.9272973537445068
valveEmu/train/section_00_source_train_normal_0053_noAttribute.wav,heldout,friction_burst,0.8894278407096863
valveEmu/train/section_00_source_train_normal_0055_noAttribute.wav,heldout,friction_burst,0.9317505359649658
valveEmu/train/section_00_source_train_normal_0064_noAttribute.wav,heldout,friction_burst,0.6902364492416382
valveEmu/train/section_00_source_train_normal_0067_noAttribute.wav,heldout,friction_burst,0.9644628167152405
valveEmu/train/section_00_source_train_normal_0068_noAttribute.wav,heldout,friction_burst,0.9085420370101929
valveEmu/train/section_00_source_train_normal_0083_noAttribute.wav,heldout,friction_burst,0.898503303527832
valveEmu/train/section_00_source_train_normal_0091_noAttribute.wav,heldout,friction_burst,0.7816480398178101
valveEmu/train/section_00_source_train_normal_0127_noAttribute.wav,heldout,friction_burst,0.7176262140274048
valveEmu/train/section_00_source_train_normal_0136_noAttribute.wav,heldout,friction_burst,0.8957555890083313
valveEmu/train/section_00_source_train_normal_0158_noAttribute.wav,heldout,friction_burst,0.8768755793571472
valveEmu/train/section_00_source_train_normal_0163_noAttribute.wav,heldout,friction_burst,0.8178178668022156
valveEmu/train/section_00_source_train_normal_0172_noAttribute.wav,heldout,friction_burst,0.8695160746574402
valveEmu/train/section_00_source_train_normal_0177_noAttribute.wav,heldout,friction_burst,0.7992870211601257
valveEmu/train/section_00_source_train_normal_0187_noAttribute.wav,heldout,friction_burst,0.8629733324050903
valveEmu/train/section_00_source_train_normal_0204_noAttribute.wav,heldout,friction_burst,0.9235762357711792
valveEmu/train/section_00_source_train_normal_0228_noAttribute.wav,heldout,friction_burst,0.9148645997047424
valveEmu/train/section_00_source_train_normal_0245_noAttribute.wav,heldout,friction_burst,0.8656448125839233
valveEmu/train/section_00_source_train_normal_0251_noAttribute.wav,heldout,friction_burst,0.7807921171188354
valveEmu/train/section_00_source_train_normal_0254_noAttribute.wav,heldout,friction_burst,0.9316356182098389
valveEmu/train/section_00_source_train_normal_0255_noAttribute.wav,heldout,friction_burst,0.8656951189041138
valveEmu/train/section_00_source_train_normal_0264_noAttribute.wav,heldout,friction_burst,0.5057987570762634
valveEmu/train/section_00_source_train_normal_0267_noAttribute.wav,heldout,friction_burst,0.6939290165901184
valveEmu/train/section_00_source_train_normal_0268_noAttribute.wav,heldout,friction_burst,0.7518311738967896
valveEmu/train/section_00_source_train_normal_0292_noAttribute.wav,heldout,friction_burst,0.8461841940879822
valveEmu/train/section_00_source_train_normal_0303_noAttribute.wav,heldout,friction_burst,0.6252938508987427
valveEmu/train/section_00_source_train_normal_0308_noAttribute.wav,heldout,friction_burst,0.9000787138938904
valveEmu/train/section_00_source_train_normal_0346_noAttribute.wav,heldout,friction_burst,0.6702350974082947
valveEmu/train/section_00_source_train_normal_0364_noAttribute.wav,heldout,friction_burst,0.8122875094413757
valveEmu/train/section_00_source_train_normal_0368_noAttribute.wav,heldout,friction_burst,0.7390410900115967
valveEmu/train/section_00_source_train_normal_0379_noAttribute.wav,heldout,friction_burst,0.8404446840286255
valveEmu/train/section_00_source_train_normal_0390_noAttribute.wav,heldout,friction_burst,0.7469193935394287
valveEmu/train/section_00_source_train_normal_0395_noAttribute.wav,heldout,friction_burst,0.5236918926239014
valveEmu/train/section_00_source_train_normal_0407_noAttribute.wav,heldout,friction_burst,0.5387992262840271
valveEmu/train/section_00_source_train_normal_0411_noAttribute.wav,heldout,friction_burst,0.6761152744293213
valveEmu/train/section_00_source_train_normal_0433_noAttribute.wav,heldout,friction_burst,0.589194655418396
valveEmu/train/section_00_source_train_normal_0447_noAttribute.wav,heldout,friction_burst,0.5277596116065979
valveEmu/train/section_00_source_train_normal_0453_noAttribute.wav,heldout,friction_burst,0.6829567551612854
valveEmu/train/section_00_source_train_normal_0458_noAttribute.wav,heldout,friction_burst,0.929039478302002
valveEmu/train/section_00_source_train_normal_0459_noAttribute.wav,heldout,friction_burst,0.884419322013855
valveEmu/train/section_00_source_train_normal_0468_noAttribute.wav,heldout,friction_burst,0.7947992086410522
valveEmu/train/section_00_source_train_normal_0471_noAttribute.wav,heldout,friction_burst,0.9096192121505737
valveEmu/train/section_00_source_train_normal_0473_noAttribute.wav,heldout,friction_burst,0.9023566842079163
valveEmu/train/section_00_source_train_normal_0474_noAttribute.wav,heldout,friction_burst,0.9036715030670166
valveEmu/train/section_00_source_train_normal_0481_noAttribute.wav,heldout,friction_burst,0.8872022032737732
valveEmu/train/section_00_source_train_normal_0503_noAttribute.wav,heldout,friction_burst,0.5101932883262634
valveEmu/train/section_00_source_train_normal_0504_noAttribute.wav,heldout,friction_burst,0.8445503115653992
valveEmu/train/section_00_source_train_normal_0506_noAttribute.wav,heldout,friction_burst,0.9173508882522583
valveEmu/train/section_00_source_train_normal_0526_noAttribute.wav,heldout,friction_burst,0.8507150411605835
valveEmu/train/section_00_source_train_normal_0537_noAttribute.wav,heldout,friction_burst,0.6896147727966309
valveEmu/train/section_00_source_train_normal_0562_noAttribute.wav,heldout,friction_burst,0.9487571716308594
valveEmu/train/section_00_source_train_normal_0566_noAttribute.wav,heldout,friction_burst,0.8094430565834045
valveEmu/train/section_00_source_train_normal_0572_noAttribute.wav,heldout,friction_burst,0.8214680552482605
valveEmu/train/section_00_source_train_normal_0573_noAttribute.wav,heldout,friction_burst,0.7340202927589417
valveEmu/train/section_00_source_train_normal_0584_noAttribute.wav,heldout,friction_burst,0.7476380467414856
valveEmu/train/section_00_source_train_normal_0593_noAttribute.wav,heldout,friction_burst,0.8778496384620667
valveEmu/train/section_00_source_train_normal_0597_noAttribute.wav,heldout,friction_burst,0.9064580202102661
valveEmu/train/section_00_source_train_normal_0599_noAttribute.wav,heldout,friction_burst,0.9304915070533752
valveEmu/train/section_00_source_train_normal_0609_noAttribute.wav,heldout,friction_burst,0.9308323264122009
valveEmu/train/section_00_source_train_normal_0640_noAttribute.wav,heldout,friction_burst,0.885220468044281
valveEmu/train/section_00_source_train_normal_0648_noAttribute.wav,heldout,friction_burst,0.7957902550697327
valveEmu/train/section_00_source_train_normal_0651_noAttribute.wav,heldout,friction_burst,0.7394720315933228
valveEmu/train/section_00_source_train_normal_0654_noAttribute.wav,heldout,friction_burst,0.8662991523742676
valveEmu/train/section_00_source_train_normal_0665_noAttribute.wav,heldout,friction_burst,0.9311227202415466
valveEmu/train/section_00_source_train_normal_0670_noAttribute.wav,heldout,friction_burst,0.8256044387817383
valveEmu/train/section_00_source_train_normal_0671_noAttribute.wav,heldout,friction_burst,0.9192044734954834
valveEmu/train/section_00_source_train_normal_0676_noAttribute.wav,heldout,friction_burst,0.8915734887123108
valveEmu/train/section_00_source_train_normal_0693_noAttribute.wav,heldout,friction_burst,0.8261876702308655
valveEmu/train/section_00_source_train_normal_0698_noAttribute.wav,heldout,friction_burst,0.7925019860267639
valveEmu/train/section_00_source_train_normal_0699_noAttribute.wav,heldout,friction_burst,0.7684222459793091
valveEmu/train/section_00_source_train_normal_0703_noAttribute.wav,heldout,friction_burst,0.9014818072319031
valveEmu/train/section_00_source_train_normal_0705_noAttribute.wav,heldout,friction_burst,0.6629598140716553
valveEmu/train/section_00_source_train_normal_0728_noAttribute.wav,heldout,friction_burst,0.6709599494934082
valveEmu/train/section_00_source_train_normal_0734_noAttribute.wav,heldout,friction_burst,0.8218756318092346
valveEmu/train/section_00_source_train_normal_0741_noAttribute.wav,heldout,friction_burst,0.8321022391319275
valveEmu/train/section_00_source_train_normal_0769_noAttribute.wav,heldout,friction_burst,0.780971884727478
valveEmu/train/section_00_source_train_normal_0775_noAttribute.wav,heldout,friction_burst,0.7110543251037598
valveEmu/train/section_00_source_train_normal_0798_noAttribute.wav,heldout,friction_burst,0.607980489730835
valveEmu/train/section_00_source_train_normal_0801_noAttribute.wav,heldout,friction_burst,0.9384622573852539
valveEmu/train/section_00_source_train_normal_0815_noAttribute.wav,heldout,friction_burst,0.6535444259643555
valveEmu/train/section_00_source_train_normal_0820_noAttribute.wav,heldout,friction_burst,0.5265288352966309
valveEmu/train/section_00_source_train_normal_0840_noAttribute.wav,heldout,friction_burst,0.6356394290924072
valveEmu/train/section_00_source_train_normal_0848_noAttribute.wav,heldout,friction_burst,0.8413400650024414
valveEmu/train/section_00_source_train_normal_0849_noAttribute.wav,heldout,friction_burst,0.9062649607658386
valveEmu/train/section_00_source_train_normal_0856_noAttribute.wav,heldout,friction_burst,0.8707365989685059
valveEmu/train/section_00_source_train_normal_0862_noAttribute.wav,heldout,friction_burst,0.6488461494445801
valveEmu/train/section_00_source_train_normal_0865_noAttribute.wav,heldout,friction_burst,0.8056706786155701
valveEmu/train/section_00_source_train_normal_0900_noAttribute.wav,heldout,friction_burst,0.9246901869773865
valveEmu/train/section_00_source_train_normal_0904_noAttribute.wav,heldout,friction_burst,0.5768656730651855
valveEmu/train/section_00_source_train_normal_0906_noAttribute.wav,heldout,friction_burst,0.8631895780563354
valveEmu/train/section_00_source_train_normal_0919_noAttribute.wav,heldout,friction_burst,0.8927229642868042
valveEmu/train/section_00_source_train_normal_0935_noAttribute.wav,heldout,friction_burst,0.8775182962417603
valveEmu/train/section_00_source_train_normal_0938_noAttribute.wav,heldout,friction_burst,0.6388291716575623
valveEmu/train/section_00_source_train_normal_0954_noAttribute.wav,heldout,friction_burst,0.8388309478759766
valveEmu/train/section_00_source_train_normal_0955_noAttribute.wav,heldout,friction_burst,0.8908689618110657
valveEmu/train/section_00_source_train_normal_0970_noAttribute.wav,heldout,friction_burst,0.8711013197898865
valveEmu/train/section_00_source_train_normal_0989_noAttribute.wav,heldout,friction_burst,0.8399442434310913
