file_id,machine_type,section,domain,condition,anomaly_score,model_id,experiment_id
ToyCar/test/section_00_source_test_anomaly_0000_noAttribute.wav,ToyCar,section_00,source,anomaly,0.007725086063146591,fp_naa_c1_mse_seed42,server02_fp_naa_screening_20260817T070937Z
ToyCar/test/section_00_source_test_anomaly_0001_noAttribute.wav,ToyCar,section_00,source,anomaly,0.006903159432113171,fp_naa_c1_mse_seed42,server02_fp_naa_screening_20260817T070937Z
ToyCar/test/section_00_source_test_anomaly_0008_noAttribute.wav,ToyCar,section_00,source,anomaly,0.006438903510570526,fp_naa_c1_mse_seed42,server02_fp_naa_screening_20260817T070937Z
ToyCar/test/section_00_source_test_anomaly_0009_noAttribute.wav,ToyCar,section_00,source,anomaly,0.007496680598706007,fp_naa_c1_mse_seed42,server02_fp_naa_screening_20260817T070937Z
ToyCar/test/section_00_source_test_anomaly_0010_noAttribute.wav,ToyCar,section_00,source,anomaly,0.005861035548150539,fp_naa_c1_mse_seed42,server02_fp_naa_screening_20260817T070937Z
ToyCar/test/section_00_source_test_anomaly_0011_noAttribute.wav,ToyCar,section_00,source,anomaly,0.00270768441259861,fp_naa_c1_mse_seed42,server02_fp_naa_screening_20260817T070937Z
ToyCar/test/section_00_source_test_anomaly_0013_noAttribute.wav,ToyCar,section_00,source,anomaly,0.003580566495656967,fp_naa_c1_mse_seed42,server02_fp_naa_screening_20260817T070937Z
ToyCar/test/section_00_source_test_anomaly_0017_noAttribute.wav,ToyCar,section_00,source,anomaly,0.004675079602748156,fp_naa_c1_mse_seed42,server02_fp_naa_screening_20260817T070937Z
ToyCar/test/section_00_source_test_anomaly_0022_noAttribute.wav,ToyCar,section_00,source,anomaly,0.0033040354028344154,fp_naa_c1_mse_seed42,server02_fp_naa_screening_20260817T070937Z
ToyCar/test/section_00_source_test_anomaly_0028_noAttribute.wav,ToyCar,section_00,source,anomaly,0.0034394599497318268,fp_naa_c1_mse_seed42,server02_fp_naa_screening_20260817T070937Z
ToyCar/test/section_00_source_test_anomaly_0032_noAttribute.wav,ToyCar,section_00,source,anomaly,0.0041849385015666485,fp_naa_c1_mse_seed42,server02_fp_naa_screening_20260817T070937Z
ToyCar/test/section_00_source_test_anomaly_0033_noAttribute.wav,ToyCar,section_00,source,anomaly,0.003942175768315792,fp_naa_c1_mse_seed42,server02_fp_naa_screening_20260817T070937Z
ToyCar/test/section_00_source_test_anomaly_0037_noAttribute.wav,ToyCar,section_00,source,anomaly,0.004557657055556774,fp_naa_c1_mse_seed42,server02_fp_naa_screening_20260817T070937Z
ToyCar/test/section_00_source_test_anomaly_0039_noAttribute.wav,ToyCar,section_00,source,anomaly,0.006345286965370178,fp_naa_c1_mse_seed42,server02_fp_naa_screening_20260817T070937Z
ToyCar/test/section_00_source_test_anomaly_0042_noAttribute.wav,ToyCar,section_00,source,anomaly,0.0037474273703992367,fp_naa_c1_mse_seed42,server02_fp_naa_screening_20260817T070937Z
ToyCar/test/section_00_source_test_anomaly_0044_noAttribute.wav,ToyCar,section_00,source,anomaly,0.004374280571937561,fp_naa_c1_mse_seed42,server02_fp_naa_screening_20260817T070937Z
ToyCar/test/section_00_source_test_anomaly_0047_noAttribute.wav,ToyCar,section_00,source,anomaly,0.0025184256955981255,fp_naa_c1_mse_seed42,server02_fp_naa_screening_20260817T070937Z
ToyCar/test/section_00_source_test_anomaly_0049_noAttribute.wav,ToyCar,section_00,source,anomaly,0.003382654394954443,fp_naa_c1_mse_seed42,server02_fp_naa_screening_20260817T070937Z
ToyCar/test/section_00_source_test_anomaly_0051_noAttribute.wav,ToyCar,section_00,source,anomaly,0.00705806165933609,fp_naa_c1_mse_seed42,server02_fp_naa_screening_20260817T070937Z
ToyCar/test/section_00_source_test_anomaly_0060_noAttribute.wav,ToyCar,section_00,source,anomaly,0.003154582576826215,fp_naa_c1_mse_seed42,server02_fp_naa_screening_20260817T070937Z
ToyCar/test/section_00_source_test_anomaly_0064_noAttribute.wav,ToyCar,section_00,source,anomaly,0.0029514613561332226,fp_naa_c1_mse_seed42,server02_fp_naa_screening_20260817T070937Z
ToyCar/test/section_00_source_test_anomaly_0067_noAttribute.wav,ToyCar,section_00,source,anomaly,0.0067601921036839485,fp_naa_c1_mse_seed42,server02_fp_naa_screening_20260817T070937Z
ToyCar/test/section_00_source_test_anomaly_0081_noAttribute.wav,ToyCar,section_00,source,anomaly,0.00379399536177516,fp_naa_c1_mse_seed42,server02_fp_naa_screening_20260817T070937Z
ToyCar/test/section_00_source_test_anomaly_0082_noAttribute.wav,ToyCar,section_00,source,anomaly,0.0039342064410448074,fp_naa_c1_mse_seed42,server02_fp_naa_screening_20260817T070937Z
ToyCar/test/section_00_source_test_anomaly_0084_noAttribute.wav,ToyCar,section_00,source,anomaly,0.0029752207919955254,fp_naa_c1_mse_seed42,server02_fp_naa_screening_20260817T070937Z
ToyCar/test/section_00_source_test_anomaly_0090_noAttribute.wav,ToyCar,section_00,source,anomaly,0.003001247998327017,fp_naa_c1_mse_seed42,server02_fp_naa_screening_20260817T070937Z
ToyCar/test/section_00_source_test_anomaly_0091_noAttribute.wav,ToyCar,section_00,source,anomaly,0.002856940496712923,fp_naa_c1_mse_seed42,server02_fp_naa_screening_20260817T070937Z
ToyCar/test/section_00_source_test_anomaly_0094_noAttribute.wav,ToyCar,section_00,source,anomaly,0.01062970794737339,fp_naa_c1_mse_seed42,server02_fp_naa_screening_20260817T070937Z
ToyCar/test/section_00_source_test_anomaly_0095_noAttribute.wav,ToyCar,section_00,source,anomaly,0.004029718227684498,fp_naa_c1_mse_seed42,server02_fp_naa_screening_20260817T070937Z
ToyCar/test/section_00_source_test_anomaly_0096_noAttribute.wav,ToyCar,section_00,source,anomaly,0.013672956265509129,fp_naa_c1_mse_seed42,server02_fp_naa_screening_20260817T070937Z
ToyCar/test/section_00_source_test_anomaly_0097_noAttribute.wav,ToyCar,section_00,source,anomaly,0.0025372891686856747,fp_naa_c1_mse_seed42,server02_fp_naa_screening_20260817T070937Z
ToyCar/test/section_00_source_test_anomaly_0103_noAttribute.wav,ToyCar,section_00,source,anomaly,0.003476558718830347,fp_naa_c1_mse_seed42,server02_fp_naa_screening_20260817T070937Z
ToyCar/test/section_00_source_test_anomaly_0104_noAttribute.wav,ToyCar,section_00,source,anomaly,0.0047428542748093605,fp_naa_c1_mse_seed42,server02_fp_naa_screening_20260817T070937Z
ToyCar/test/section_00_source_test_anomaly_0106_noAttribute.wav,ToyCar,section_00,source,anomaly,0.0037901499308645725,fp_naa_c1_mse_seed42,server02_fp_naa_screening_20260817T070937Z
ToyCar/test/section_00_source_test_anomaly_0107_noAttribute.wav,ToyCar,section_00,source,anomaly,0.005330609157681465,fp_naa_c1_mse_seed42,server02_fp_naa_screening_20260817T070937Z
ToyCar/test/section_00_source_test_anomaly_0120_noAttribute.wav,ToyCar,section_00,source,anomaly,0.004725527949631214,fp_naa_c1_mse_seed42,server02_fp_naa_screening_20260817T070937Z
ToyCar/test/section_00_source_test_anomaly_0131_noAttribute.wav,ToyCar,section_00,source,anomaly,0.0030735121108591557,fp_naa_c1_mse_seed42,server02_fp_naa_screening_20260817T070937Z
ToyCar/test/section_00_source_test_anomaly_0138_noAttribute.wav,ToyCar,section_00,source,anomaly,0.005773238372057676,fp_naa_c1_mse_seed42,server02_fp_naa_screening_20260817T070937Z
ToyCar/test/section_00_source_test_anomaly_0139_noAttribute.wav,ToyCar,section_00,source,anomaly,0.004390417598187923,fp_naa_c1_mse_seed42,server02_fp_naa_screening_20260817T070937Z
ToyCar/test/section_00_source_test_anomaly_0143_noAttribute.wav,ToyCar,section_00,source,anomaly,0.006504188757389784,fp_naa_c1_mse_seed42,server02_fp_naa_screening_20260817T070937Z
ToyCar/test/section_00_source_test_anomaly_0145_noAttribute.wav,ToyCar,section_00,source,anomaly,0.0036964663304388523,fp_naa_c1_mse_seed42,server02_fp_naa_screening_20260817T070937Z
ToyCar/test/section_00_source_test_anomaly_0146_noAttribute.wav,ToyCar,section_00,source,anomaly,0.004576298873871565,fp_naa_c1_mse_seed42,server02_fp_naa_screening_20260817T070937Z
ToyCar/test/section_00_source_test_anomaly_0152_noAttribute.wav,ToyCar,section_00,source,anomaly,0.006397960241883993,fp_naa_c1_mse_seed42,server02_fp_naa_screening_20260817T070937Z
ToyCar/test/section_00_source_test_anomaly_0164_noAttribute.wav,ToyCar,section_00,source,anomaly,0.013252091594040394,fp_naa_c1_mse_seed42,server02_fp_naa_screening_20260817T070937Z
ToyCar/test/section_00_source_test_anomaly_0167_noAttribute.wav,ToyCar,section_00,source,anomaly,0.0054310159757733345,fp_naa_c1_mse_seed42,server02_fp_naa_screening_20260817T070937Z
ToyCar/test/section_00_source_test_anomaly_0170_noAttribute.wav,ToyCar,section_00,source,anomaly,0.004075421951711178,fp_naa_c1_mse_seed42,server02_fp_naa_screening_20260817T070937Z
ToyCar/test/section_00_source_test_anomaly_0176_noAttribute.wav,ToyCar,section_00,source,anomaly,0.008333195932209492,fp_naa_c1_mse_seed42,server02_fp_naa_screening_20260817T070937Z
ToyCar/test/section_00_source_test_anomaly_0180_noAttribute.wav,ToyCar,section_00,source,anomaly,0.009286296553909779,fp_naa_c1_mse_seed42,server02_fp_naa_screening_20260817T070937Z
ToyCar/test/section_00_source_test_anomaly_0187_noAttribute.wav,ToyCar,section_00,source,anomaly,0.005606955848634243,fp_naa_c1_mse_seed42,server02_fp_naa_screening_20260817T070937Z
ToyCar/test/section_00_source_test_anomaly_0193_noAttribute.wav,ToyCar,section_00,source,anomaly,0.0024487769696861506,fp_naa_c1_mse_seed42,server02_fp_naa_screening_20260817T070937Z
ToyCar/test/section_00_source_test_normal_0002_noAttribute.wav,ToyCar,section_00,source,normal,0.004531064536422491,fp_naa_c1_mse_seed42,server02_fp_naa_screening_20260817T070937Z
ToyCar/test/section_00_source_test_normal_0004_noAttribute.wav,ToyCar,section_00,source,normal,0.002593897981569171,fp_naa_c1_mse_seed42,server02_fp_naa_screening_20260817T070937Z
ToyCar/test/section_00_source_test_normal_0006_noAttribute.wav,ToyCar,section_00,source,normal,0.0016984997782856226,fp_naa_c1_mse_seed42,server02_fp_naa_screening_20260817T070937Z
ToyCar/test/section_00_source_test_normal_0007_noAttribute.wav,ToyCar,section_00,source,normal,0.0024875663220882416,fp_naa_c1_mse_seed42,server02_fp_naa_screening_20260817T070937Z
ToyCar/test/section_00_source_test_normal_0020_noAttribute.wav,ToyCar,section_00,source,normal,0.0030830116011202335,fp_naa_c1_mse_seed42,server02_fp_naa_screening_20260817T070937Z
ToyCar/test/section_00_source_test_normal_0021_noAttribute.wav,ToyCar,section_00,source,normal,0.002849964890629053,fp_naa_c1_mse_seed42,server02_fp_naa_screening_20260817T070937Z
ToyCar/test/section_00_source_test_normal_0023_noAttribute.wav,ToyCar,section_00,source,normal,0.0013079321943223476,fp_naa_c1_mse_seed42,server02_fp_naa_screening_20260817T070937Z
ToyCar/test/section_00_source_test_normal_0026_noAttribute.wav,ToyCar,section_00,source,normal,0.003303488017991185,fp_naa_c1_mse_seed42,server02_fp_naa_screening_20260817T070937Z
ToyCar/test/section_00_source_test_normal_0027_noAttribute.wav,ToyCar,section_00,source,normal,0.0015429724007844925,fp_naa_c1_mse_seed42,server02_fp_naa_screening_20260817T070937Z
ToyCar/test/section_00_source_test_normal_0034_noAttribute.wav,ToyCar,section_00,source,normal,0.0015521793393418193,fp_naa_c1_mse_seed42,server02_fp_naa_screening_20260817T070937Z
ToyCar/test/section_00_source_test_normal_0035_noAttribute.wav,ToyCar,section_00,source,normal,0.0012411170173436403,fp_naa_c1_mse_seed42,server02_fp_naa_screening_20260817T070937Z
ToyCar/test/section_00_source_test_normal_0036_noAttribute.wav,ToyCar,section_00,source,normal,0.00137153803370893,fp_naa_c1_mse_seed42,server02_fp_naa_screening_20260817T070937Z
ToyCar/test/section_00_source_test_normal_0043_noAttribute.wav,ToyCar,section_00,source,normal,0.0018861971329897642,fp_naa_c1_mse_seed42,server02_fp_naa_screening_20260817T070937Z
ToyCar/test/section_00_source_test_normal_0045_noAttribute.wav,ToyCar,section_00,source,normal,0.002732478082180023,fp_naa_c1_mse_seed42,server02_fp_naa_screening_20260817T070937Z
ToyCar/test/section_00_source_test_normal_0048_noAttribute.wav,ToyCar,section_00,source,normal,0.0024924944154918194,fp_naa_c1_mse_seed42,server02_fp_naa_screening_20260817T070937Z
ToyCar/test/section_00_source_test_normal_0050_noAttribute.wav,ToyCar,section_00,source,normal,0.00754169374704361,fp_naa_c1_mse_seed42,server02_fp_naa_screening_20260817T070937Z
ToyCar/test/section_00_source_test_normal_0057_noAttribute.wav,ToyCar,section_00,source,normal,0.0031974464654922485,fp_naa_c1_mse_seed42,server02_fp_naa_screening_20260817T070937Z
ToyCar/test/section_00_source_test_normal_0070_noAttribute.wav,ToyCar,section_00,source,normal,0.008505759760737419,fp_naa_c1_mse_seed42,server02_fp_naa_screening_20260817T070937Z
ToyCar/test/section_00_source_test_normal_0074_noAttribute.wav,ToyCar,section_00,source,normal,0.004025150090456009,fp_naa_c1_mse_seed42,server02_fp_naa_screening_20260817T070937Z
ToyCar/test/section_00_source_test_normal_0077_noAttribute.wav,ToyCar,section_00,source,normal,0.004046994727104902,fp_naa_c1_mse_seed42,server02_fp_naa_screening_20260817T070937Z
ToyCar/test/section_00_source_test_normal_0078_noAttribute.wav,ToyCar,section_00,source,normal,0.001634853659197688,fp_naa_c1_mse_seed42,server02_fp_naa_screening_20260817T070937Z
ToyCar/test/section_00_source_test_normal_0079_noAttribute.wav,ToyCar,section_00,source,normal,0.004745721351355314,fp_naa_c1_mse_seed42,server02_fp_naa_screening_20260817T070937Z
ToyCar/test/section_00_source_test_normal_0083_noAttribute.wav,ToyCar,section_00,source,normal,0.0022545980755239725,fp_naa_c1_mse_seed42,server02_fp_naa_screening_20260817T070937Z
ToyCar/test/section_00_source_test_normal_0087_noAttribute.wav,ToyCar,section_00,source,normal,0.00472077215090394,fp_naa_c1_mse_seed42,server02_fp_naa_screening_20260817T070937Z
ToyCar/test/section_00_source_test_normal_0089_noAttribute.wav,ToyCar,section_00,source,normal,0.004735051188617945,fp_naa_c1_mse_seed42,server02_fp_naa_screening_20260817T070937Z
ToyCar/test/section_00_source_test_normal_0098_noAttribute.wav,ToyCar,section_00,source,normal,0.008718062192201614,fp_naa_c1_mse_seed42,server02_fp_naa_screening_20260817T070937Z
ToyCar/test/section_00_source_test_normal_0099_noAttribute.wav,ToyCar,section_00,source,normal,0.002043290063738823,fp_naa_c1_mse_seed42,server02_fp_naa_screening_20260817T070937Z
ToyCar/test/section_00_source_test_normal_0102_noAttribute.wav,ToyCar,section_00,source,normal,0.002275658305734396,fp_naa_c1_mse_seed42,server02_fp_naa_screening_20260817T070937Z
ToyCar/test/section_00_source_test_normal_0105_noAttribute.wav,ToyCar,section_00,source,normal,0.003287843894213438,fp_naa_c1_mse_seed42,server02_fp_naa_screening_20260817T070937Z
ToyCar/test/section_00_source_test_normal_0108_noAttribute.wav,ToyCar,section_00,source,normal,0.00890234112739563,fp_naa_c1_mse_seed42,server02_fp_naa_screening_20260817T070937Z
ToyCar/test/section_00_source_test_normal_0111_noAttribute.wav,ToyCar,section_00,source,normal,0.002465328434482217,fp_naa_c1_mse_seed42,server02_fp_naa_screening_20260817T070937Z
ToyCar/test/section_00_source_test_normal_0112_noAttribute.wav,ToyCar,section_00,source,normal,0.0035092260222882032,fp_naa_c1_mse_seed42,server02_fp_naa_screening_20260817T070937Z
ToyCar/test/section_00_source_test_normal_0113_noAttribute.wav,ToyCar,section_00,source,normal,0.005492764990776777,fp_naa_c1_mse_seed42,server02_fp_naa_screening_20260817T070937Z
ToyCar/test/section_00_source_test_normal_0114_noAttribute.wav,ToyCar,section_00,source,normal,0.0027648196555674076,fp_naa_c1_mse_seed42,server02_fp_naa_screening_20260817T070937Z
ToyCar/test/section_00_source_test_normal_0115_noAttribute.wav,ToyCar,section_00,source,normal,0.005894385743886232,fp_naa_c1_mse_seed42,server02_fp_naa_screening_20260817T070937Z
ToyCar/test/section_00_source_test_normal_0125_noAttribute.wav,ToyCar,section_00,source,normal,0.003196063917130232,fp_naa_c1_mse_seed42,server02_fp_naa_screening_20260817T070937Z
ToyCar/test/section_00_source_test_normal_0135_noAttribute.wav,ToyCar,section_00,source,normal,0.0023071500472724438,fp_naa_c1_mse_seed42,server02_fp_naa_screening_20260817T070937Z
ToyCar/test/section_00_source_test_normal_0136_noAttribute.wav,ToyCar,section_00,source,normal,0.0027649106923490763,fp_naa_c1_mse_seed42,server02_fp_naa_screening_20260817T070937Z
ToyCar/test/section_00_source_test_normal_0137_noAttribute.wav,ToyCar,section_00,source,normal,0.0028423697222024202,fp_naa_c1_mse_seed42,server02_fp_naa_screening_20260817T070937Z
ToyCar/test/section_00_source_test_normal_0150_noAttribute.wav,ToyCar,section_00,source,normal,0.00402336660772562,fp_naa_c1_mse_seed42,server02_fp_naa_screening_20260817T070937Z
ToyCar/test/section_00_source_test_normal_0156_noAttribute.wav,ToyCar,section_00,source,normal,0.00369499740190804,fp_naa_c1_mse_seed42,server02_fp_naa_screening_20260817T070937Z
ToyCar/test/section_00_source_test_normal_0158_noAttribute.wav,ToyCar,section_00,source,normal,0.005715024191886187,fp_naa_c1_mse_seed42,server02_fp_naa_screening_20260817T070937Z
ToyCar/test/section_00_source_test_normal_0159_noAttribute.wav,ToyCar,section_00,source,normal,0.002880882704630494,fp_naa_c1_mse_seed42,server02_fp_naa_screening_20260817T070937Z
ToyCar/test/section_00_source_test_normal_0162_noAttribute.wav,ToyCar,section_00,source,normal,0.00345121999271214,fp_naa_c1_mse_seed42,server02_fp_naa_screening_20260817T070937Z
ToyCar/test/section_00_source_test_normal_0165_noAttribute.wav,ToyCar,section_00,source,normal,0.0036683708894997835,fp_naa_c1_mse_seed42,server02_fp_naa_screening_20260817T070937Z
ToyCar/test/section_00_source_test_normal_0168_noAttribute.wav,ToyCar,section_00,source,normal,0.0029781681951135397,fp_naa_c1_mse_seed42,server02_fp_naa_screening_20260817T070937Z
ToyCar/test/section_00_source_test_normal_0173_noAttribute.wav,ToyCar,section_00,source,normal,0.002502269111573696,fp_naa_c1_mse_seed42,server02_fp_naa_screening_20260817T070937Z
ToyCar/test/section_00_source_test_normal_0179_noAttribute.wav,ToyCar,section_00,source,normal,0.0026781754568219185,fp_naa_c1_mse_seed42,server02_fp_naa_screening_20260817T070937Z
ToyCar/test/section_00_source_test_normal_0181_noAttribute.wav,ToyCar,section_00,source,normal,0.00588605459779501,fp_naa_c1_mse_seed42,server02_fp_naa_screening_20260817T070937Z
ToyCar/test/section_00_source_test_normal_0195_noAttribute.wav,ToyCar,section_00,source,normal,0.0029995429795235395,fp_naa_c1_mse_seed42,server02_fp_naa_screening_20260817T070937Z
ToyCar/test/section_00_target_test_anomaly_0005_noAttribute.wav,ToyCar,section_00,target,anomaly,0.00444432720541954,fp_naa_c1_mse_seed42,server02_fp_naa_screening_20260817T070937Z
ToyCar/test/section_00_target_test_anomaly_0012_noAttribute.wav,ToyCar,section_00,target,anomaly,-0.0009182782378047705,fp_naa_c1_mse_seed42,server02_fp_naa_screening_20260817T070937Z
ToyCar/test/section_00_target_test_anomaly_0014_noAttribute.wav,ToyCar,section_00,target,anomaly,0.0016812535468488932,fp_naa_c1_mse_seed42,server02_fp_naa_screening_20260817T070937Z
ToyCar/test/section_00_target_test_anomaly_0015_noAttribute.wav,ToyCar,section_00,target,anomaly,-0.0008184348116628826,fp_naa_c1_mse_seed42,server02_fp_naa_screening_20260817T070937Z
ToyCar/test/section_00_target_test_anomaly_0018_noAttribute.wav,ToyCar,section_00,target,anomaly,0.006165292579680681,fp_naa_c1_mse_seed42,server02_fp_naa_screening_20260817T070937Z
ToyCar/test/section_00_target_test_anomaly_0025_noAttribute.wav,ToyCar,section_00,target,anomaly,-0.0002880276879295707,fp_naa_c1_mse_seed42,server02_fp_naa_screening_20260817T070937Z
ToyCar/test/section_00_target_test_anomaly_0029_noAttribute.wav,ToyCar,section_00,target,anomaly,0.0005842218524776399,fp_naa_c1_mse_seed42,server02_fp_naa_screening_20260817T070937Z
ToyCar/test/section_00_target_test_anomaly_0031_noAttribute.wav,ToyCar,section_00,target,anomaly,0.0010205080034211278,fp_naa_c1_mse_seed42,server02_fp_naa_screening_20260817T070937Z
ToyCar/test/section_00_target_test_anomaly_0038_noAttribute.wav,ToyCar,section_00,target,anomaly,0.0017743684584274888,fp_naa_c1_mse_seed42,server02_fp_naa_screening_20260817T070937Z
ToyCar/test/section_00_target_test_anomaly_0040_noAttribute.wav,ToyCar,section_00,target,anomaly,0.00043132633436471224,fp_naa_c1_mse_seed42,server02_fp_naa_screening_20260817T070937Z
ToyCar/test/section_00_target_test_anomaly_0046_noAttribute.wav,ToyCar,section_00,target,anomaly,0.006989910267293453,fp_naa_c1_mse_seed42,server02_fp_naa_screening_20260817T070937Z
ToyCar/test/section_00_target_test_anomaly_0052_noAttribute.wav,ToyCar,section_00,target,anomaly,0.0017013918841257691,fp_naa_c1_mse_seed42,server02_fp_naa_screening_20260817T070937Z
ToyCar/test/section_00_target_test_anomaly_0053_noAttribute.wav,ToyCar,section_00,target,anomaly,0.0015400764532387257,fp_naa_c1_mse_seed42,server02_fp_naa_screening_20260817T070937Z
ToyCar/test/section_00_target_test_anomaly_0054_noAttribute.wav,ToyCar,section_00,target,anomaly,0.0016642679693177342,fp_naa_c1_mse_seed42,server02_fp_naa_screening_20260817T070937Z
ToyCar/test/section_00_target_test_anomaly_0056_noAttribute.wav,ToyCar,section_00,target,anomaly,0.006134403869509697,fp_naa_c1_mse_seed42,server02_fp_naa_screening_20260817T070937Z
ToyCar/test/section_00_target_test_anomaly_0058_noAttribute.wav,ToyCar,section_00,target,anomaly,0.000926488428376615,fp_naa_c1_mse_seed42,server02_fp_naa_screening_20260817T070937Z
ToyCar/test/section_00_target_test_anomaly_0062_noAttribute.wav,ToyCar,section_00,target,anomaly,0.00014939496759325266,fp_naa_c1_mse_seed42,server02_fp_naa_screening_20260817T070937Z
ToyCar/test/section_00_target_test_anomaly_0063_noAttribute.wav,ToyCar,section_00,target,anomaly,0.009271806105971336,fp_naa_c1_mse_seed42,server02_fp_naa_screening_20260817T070937Z
ToyCar/test/section_00_target_test_anomaly_0066_noAttribute.wav,ToyCar,section_00,target,anomaly,0.0005254107527434826,fp_naa_c1_mse_seed42,server02_fp_naa_screening_20260817T070937Z
ToyCar/test/section_00_target_test_anomaly_0069_noAttribute.wav,ToyCar,section_00,target,anomaly,0.0011925693834200501,fp_naa_c1_mse_seed42,server02_fp_naa_screening_20260817T070937Z
ToyCar/test/section_00_target_test_anomaly_0072_noAttribute.wav,ToyCar,section_00,target,anomaly,0.008033229038119316,fp_naa_c1_mse_seed42,server02_fp_naa_screening_20260817T070937Z
ToyCar/test/section_00_target_test_anomaly_0073_noAttribute.wav,ToyCar,section_00,target,anomaly,-0.0007081679068505764,fp_naa_c1_mse_seed42,server02_fp_naa_screening_20260817T070937Z
ToyCar/test/section_00_target_test_anomaly_0076_noAttribute.wav,ToyCar,section_00,target,anomaly,0.00020770105766132474,fp_naa_c1_mse_seed42,server02_fp_naa_screening_20260817T070937Z
ToyCar/test/section_00_target_test_anomaly_0080_noAttribute.wav,ToyCar,section_00,target,anomaly,0.0007419990142807364,fp_naa_c1_mse_seed42,server02_fp_naa_screening_20260817T070937Z
ToyCar/test/section_00_target_test_anomaly_0092_noAttribute.wav,ToyCar,section_00,target,anomaly,-0.00025055528385564685,fp_naa_c1_mse_seed42,server02_fp_naa_screening_20260817T070937Z
ToyCar/test/section_00_target_test_anomaly_0109_noAttribute.wav,ToyCar,section_00,target,anomaly,0.0012366978917270899,fp_naa_c1_mse_seed42,server02_fp_naa_screening_20260817T070937Z
ToyCar/test/section_00_target_test_anomaly_0110_noAttribute.wav,ToyCar,section_00,target,anomaly,0.001768939895555377,fp_naa_c1_mse_seed42,server02_fp_naa_screening_20260817T070937Z
ToyCar/test/section_00_target_test_anomaly_0116_noAttribute.wav,ToyCar,section_00,target,anomaly,0.010115467011928558,fp_naa_c1_mse_seed42,server02_fp_naa_screening_20260817T070937Z
ToyCar/test/section_00_target_test_anomaly_0119_noAttribute.wav,ToyCar,section_00,target,anomaly,4.1835999581962824e-05,fp_naa_c1_mse_seed42,server02_fp_naa_screening_20260817T070937Z
ToyCar/test/section_00_target_test_anomaly_0127_noAttribute.wav,ToyCar,section_00,target,anomaly,0.0021225521340966225,fp_naa_c1_mse_seed42,server02_fp_naa_screening_20260817T070937Z
ToyCar/test/section_00_target_test_anomaly_0129_noAttribute.wav,ToyCar,section_00,target,anomaly,-0.0009793852223083377,fp_naa_c1_mse_seed42,server02_fp_naa_screening_20260817T070937Z
ToyCar/test/section_00_target_test_anomaly_0130_noAttribute.wav,ToyCar,section_00,target,anomaly,0.00293361721560359,fp_naa_c1_mse_seed42,server02_fp_naa_screening_20260817T070937Z
ToyCar/test/section_00_target_test_anomaly_0132_noAttribute.wav,ToyCar,section_00,target,anomaly,0.005876575596630573,fp_naa_c1_mse_seed42,server02_fp_naa_screening_20260817T070937Z
ToyCar/test/section_00_target_test_anomaly_0134_noAttribute.wav,ToyCar,section_00,target,anomaly,0.00017665536142885685,fp_naa_c1_mse_seed42,server02_fp_naa_screening_20260817T070937Z
ToyCar/test/section_00_target_test_anomaly_0141_noAttribute.wav,ToyCar,section_00,target,anomaly,0.0007176735089160502,fp_naa_c1_mse_seed42,server02_fp_naa_screening_20260817T070937Z
ToyCar/test/section_00_target_test_anomaly_0142_noAttribute.wav,ToyCar,section_00,target,anomaly,0.0010884249350056052,fp_naa_c1_mse_seed42,server02_fp_naa_screening_20260817T070937Z
ToyCar/test/section_00_target_test_anomaly_0148_noAttribute.wav,ToyCar,section_00,target,anomaly,-0.0013956055045127869,fp_naa_c1_mse_seed42,server02_fp_naa_screening_20260817T070937Z
ToyCar/test/section_00_target_test_anomaly_0153_noAttribute.wav,ToyCar,section_00,target,anomaly,0.0015444927848875523,fp_naa_c1_mse_seed42,server02_fp_naa_screening_20260817T070937Z
ToyCar/test/section_00_target_test_anomaly_0154_noAttribute.wav,ToyCar,section_00,target,anomaly,0.0018417974933981895,fp_naa_c1_mse_seed42,server02_fp_naa_screening_20260817T070937Z
ToyCar/test/section_00_target_test_anomaly_0157_noAttribute.wav,ToyCar,section_00,target,anomaly,0.0022573985625058413,fp_naa_c1_mse_seed42,server02_fp_naa_screening_20260817T070937Z
ToyCar/test/section_00_target_test_anomaly_0160_noAttribute.wav,ToyCar,section_00,target,anomaly,0.0058149187825620174,fp_naa_c1_mse_seed42,server02_fp_naa_screening_20260817T070937Z
ToyCar/test/section_00_target_test_anomaly_0161_noAttribute.wav,ToyCar,section_00,target,anomaly,0.0018072801176458597,fp_naa_c1_mse_seed42,server02_fp_naa_screening_20260817T070937Z
ToyCar/test/section_00_target_test_anomaly_0172_noAttribute.wav,ToyCar,section_00,target,anomaly,0.0024451117496937513,fp_naa_c1_mse_seed42,server02_fp_naa_screening_20260817T070937Z
ToyCar/test/section_00_target_test_anomaly_0174_noAttribute.wav,ToyCar,section_00,target,anomaly,0.0009404354495927691,fp_naa_c1_mse_seed42,server02_fp_naa_screening_20260817T070937Z
ToyCar/test/section_00_target_test_anomaly_0175_noAttribute.wav,ToyCar,section_00,target,anomaly,0.0027392960619181395,fp_naa_c1_mse_seed42,server02_fp_naa_screening_20260817T070937Z
ToyCar/test/section_00_target_test_anomaly_0184_noAttribute.wav,ToyCar,section_00,target,anomaly,0.00022645399440079927,fp_naa_c1_mse_seed42,server02_fp_naa_screening_20260817T070937Z
ToyCar/test/section_00_target_test_anomaly_0185_noAttribute.wav,ToyCar,section_00,target,anomaly,-0.0015524185728281736,fp_naa_c1_mse_seed42,server02_fp_naa_screening_20260817T070937Z
ToyCar/test/section_00_target_test_anomaly_0186_noAttribute.wav,ToyCar,section_00,target,anomaly,-0.0004796719294972718,fp_naa_c1_mse_seed42,server02_fp_naa_screening_20260817T070937Z
ToyCar/test/section_00_target_test_anomaly_0192_noAttribute.wav,ToyCar,section_00,target,anomaly,0.0022644284181296825,fp_naa_c1_mse_seed42,server02_fp_naa_screening_20260817T070937Z
ToyCar/test/section_00_target_test_anomaly_0194_noAttribute.wav,ToyCar,section_00,target,anomaly,0.0014753412688151002,fp_naa_c1_mse_seed42,server02_fp_naa_screening_20260817T070937Z
ToyCar/test/section_00_target_test_normal_0003_noAttribute.wav,ToyCar,section_00,target,normal,-0.0019003082998096943,fp_naa_c1_mse_seed42,server02_fp_naa_screening_20260817T070937Z
ToyCar/test/section_00_target_test_normal_0016_noAttribute.wav,ToyCar,section_00,target,normal,-0.0021804324351251125,fp_naa_c1_mse_seed42,server02_fp_naa_screening_20260817T070937Z
ToyCar/test/section_00_target_test_normal_0019_noAttribute.wav,ToyCar,section_00,target,normal,-0.0023804232478141785,fp_naa_c1_mse_seed42,server02_fp_naa_screening_20260817T070937Z
ToyCar/test/section_00_target_test_normal_0024_noAttribute.wav,ToyCar,section_00,target,normal,0.0008555320673622191,fp_naa_c1_mse_seed42,server02_fp_naa_screening_20260817T070937Z
ToyCar/test/section_00_target_test_normal_0030_noAttribute.wav,ToyCar,section_00,target,normal,-0.00852273590862751,fp_naa_c1_mse_seed42,server02_fp_naa_screening_20260817T070937Z
ToyCar/test/section_00_target_test_normal_0041_noAttribute.wav,ToyCar,section_00,target,normal,-0.0037374859675765038,fp_naa_c1_mse_seed42,server02_fp_naa_screening_20260817T070937Z
ToyCar/test/section_00_target_test_normal_0055_noAttribute.wav,ToyCar,section_00,target,normal,-0.0036797744687646627,fp_naa_c1_mse_seed42,server02_fp_naa_screening_20260817T070937Z
ToyCar/test/section_00_target_test_normal_0059_noAttribute.wav,ToyCar,section_00,target,normal,-0.004104232881218195,fp_naa_c1_mse_seed42,server02_fp_naa_screening_20260817T070937Z
ToyCar/test/section_00_target_test_normal_0061_noAttribute.wav,ToyCar,section_00,target,normal,-0.0011921010445803404,fp_naa_c1_mse_seed42,server02_fp_naa_screening_20260817T070937Z
ToyCar/test/section_00_target_test_normal_0065_noAttribute.wav,ToyCar,section_00,target,normal,0.0031459620222449303,fp_naa_c1_mse_seed42,server02_fp_naa_screening_20260817T070937Z
ToyCar/test/section_00_target_test_normal_0068_noAttribute.wav,ToyCar,section_00,target,normal,0.00016999244689941406,fp_naa_c1_mse_seed42,server02_fp_naa_screening_20260817T070937Z
ToyCar/test/section_00_target_test_normal_0071_noAttribute.wav,ToyCar,section_00,target,normal,-0.00019728124607354403,fp_naa_c1_mse_seed42,server02_fp_naa_screening_20260817T070937Z
ToyCar/test/section_00_target_test_normal_0075_noAttribute.wav,ToyCar,section_00,target,normal,-0.01003059558570385,fp_naa_c1_mse_seed42,server02_fp_naa_screening_20260817T070937Z
ToyCar/test/section_00_target_test_normal_0085_noAttribute.wav,ToyCar,section_00,target,normal,-0.0016859832685440779,fp_naa_c1_mse_seed42,server02_fp_naa_screening_20260817T070937Z
ToyCar/test/section_00_target_test_normal_0086_noAttribute.wav,ToyCar,section_00,target,normal,-0.00014505162835121155,fp_naa_c1_mse_seed42,server02_fp_naa_screening_20260817T070937Z
ToyCar/test/section_00_target_test_normal_0088_noAttribute.wav,ToyCar,section_00,target,normal,0.0020669293589890003,fp_naa_c1_mse_seed42,server02_fp_naa_screening_20260817T070937Z
ToyCar/test/section_00_target_test_normal_0093_noAttribute.wav,ToyCar,section_00,target,normal,-0.0028519253246486187,fp_naa_c1_mse_seed42,server02_fp_naa_screening_20260817T070937Z
ToyCar/test/section_00_target_test_normal_0100_noAttribute.wav,ToyCar,section_00,target,normal,-0.0011163722956553102,fp_naa_c1_mse_seed42,server02_fp_naa_screening_20260817T070937Z
ToyCar/test/section_00_target_test_normal_0101_noAttribute.wav,ToyCar,section_00,target,normal,0.004113170318305492,fp_naa_c1_mse_seed42,server02_fp_naa_screening_20260817T070937Z
ToyCar/test/section_00_target_test_normal_0117_noAttribute.wav,ToyCar,section_00,target,normal,-0.0027127708308398724,fp_naa_c1_mse_seed42,server02_fp_naa_screening_20260817T070937Z
ToyCar/test/section_00_target_test_normal_0118_noAttribute.wav,ToyCar,section_00,target,normal,-0.0049090152606368065,fp_naa_c1_mse_seed42,server02_fp_naa_screening_20260817T070937Z
ToyCar/test/section_00_target_test_normal_0121_noAttribute.wav,ToyCar,section_00,target,normal,0.0002531374339014292,fp_naa_c1_mse_seed42,server02_fp_naa_screening_20260817T070937Z
ToyCar/test/section_00_target_test_normal_0122_noAttribute.wav,ToyCar,section_00,target,normal,-0.0011640461161732674,fp_naa_c1_mse_seed42,server02_fp_naa_screening_20260817T070937Z
ToyCar/test/section_00_target_test_normal_0123_noAttribute.wav,ToyCar,section_00,target,normal,0.001904082833789289,fp_naa_c1_mse_seed42,server02_fp_naa_screening_20260817T070937Z
ToyCar/test/section_00_target_test_normal_0124_noAttribute.wav,ToyCar,section_00,target,normal,-0.0026947916485369205,fp_naa_c1_mse_seed42,server02_fp_naa_screening_20260817T070937Z
ToyCar/test/section_00_target_test_normal_0126_noAttribute.wav,ToyCar,section_00,target,normal,-0.0011963308788836002,fp_naa_c1_mse_seed42,server02_fp_naa_screening_20260817T070937Z
ToyCar/test/section_00_target_test_normal_0128_noAttribute.wav,ToyCar,section_00,target,normal,-0.0007457619067281485,fp_naa_c1_mse_seed42,server02_fp_naa_screening_20260817T070937Z
ToyCar/test/section_00_target_test_normal_0133_noAttribute.wav,ToyCar,section_00,target,normal,-0.0028046020306646824,fp_naa_c1_mse_seed42,server02_fp_naa_screening_20260817T070937Z
ToyCar/test/section_00_target_test_normal_0140_noAttribute.wav,ToyCar,section_00,target,normal,-0.0024247304536402225,fp_naa_c1_mse_seed42,server02_fp_naa_screening_20260817T070937Z
ToyCar/test/section_00_target_test_normal_0144_noAttribute.wav,ToyCar,section_00,target,normal,0.00012362300185486674,fp_naa_c1_mse_seed42,server02_fp_naa_screening_20260817T070937Z
ToyCar/test/section_00_target_test_normal_0147_noAttribute.wav,ToyCar,section_00,target,normal,-0.006434055045247078,fp_naa_c1_mse_seed42,server02_fp_naa_screening_20260817T070937Z
ToyCar/test/section_00_target_test_normal_0149_noAttribute.wav,ToyCar,section_00,target,normal,-0.0055891964584589005,fp_naa_c1_mse_seed42,server02_fp_naa_screening_20260817T070937Z
ToyCar/test/section_00_target_test_normal_0151_noAttribute.wav,ToyCar,section_00,target,normal,-0.0001264806487597525,fp_naa_c1_mse_seed42,server02_fp_naa_screening_20260817T070937Z
ToyCar/test/section_00_target_test_normal_0155_noAttribute.wav,ToyCar,section_00,target,normal,-0.004403905943036079,fp_naa_c1_mse_seed42,server02_fp_naa_screening_20260817T070937Z
ToyCar/test/section_00_target_test_normal_0163_noAttribute.wav,ToyCar,section_00,target,normal,-0.001771246432326734,fp_naa_c1_mse_seed42,server02_fp_naa_screening_20260817T070937Z
ToyCar/test/section_00_target_test_normal_0166_noAttribute.wav,ToyCar,section_00,target,normal,0.00045900209806859493,fp_naa_c1_mse_seed42,server02_fp_naa_screening_20260817T070937Z
ToyCar/test/section_00_target_test_normal_0169_noAttribute.wav,ToyCar,section_00,target,normal,-0.001020038966089487,fp_naa_c1_mse_seed42,server02_fp_naa_screening_20260817T070937Z
ToyCar/test/section_00_target_test_normal_0171_noAttribute.wav,ToyCar,section_00,target,normal,-0.00202643359079957,fp_naa_c1_mse_seed42,server02_fp_naa_screening_20260817T070937Z
ToyCar/test/section_00_target_test_normal_0177_noAttribute.wav,ToyCar,section_00,target,normal,0.0011375595349818468,fp_naa_c1_mse_seed42,server02_fp_naa_screening_20260817T070937Z
ToyCar/test/section_00_target_test_normal_0178_noAttribute.wav,ToyCar,section_00,target,normal,-0.007718788459897041,fp_naa_c1_mse_seed42,server02_fp_naa_screening_20260817T070937Z
ToyCar/test/section_00_target_test_normal_0182_noAttribute.wav,ToyCar,section_00,target,normal,-0.0023875560145825148,fp_naa_c1_mse_seed42,server02_fp_naa_screening_20260817T070937Z
ToyCar/test/section_00_target_test_normal_0183_noAttribute.wav,ToyCar,section_00,target,normal,-0.00017020967788994312,fp_naa_c1_mse_seed42,server02_fp_naa_screening_20260817T070937Z
ToyCar/test/section_00_target_test_normal_0188_noAttribute.wav,ToyCar,section_00,target,normal,-0.0009329463937319815,fp_naa_c1_mse_seed42,server02_fp_naa_screening_20260817T070937Z
ToyCar/test/section_00_target_test_normal_0189_noAttribute.wav,ToyCar,section_00,target,normal,0.0003930481616407633,fp_naa_c1_mse_seed42,server02_fp_naa_screening_20260817T070937Z
ToyCar/test/section_00_target_test_normal_0190_noAttribute.wav,ToyCar,section_00,target,normal,0.0010149125009775162,fp_naa_c1_mse_seed42,server02_fp_naa_screening_20260817T070937Z
ToyCar/test/section_00_target_test_normal_0191_noAttribute.wav,ToyCar,section_00,target,normal,0.00044909201096743345,fp_naa_c1_mse_seed42,server02_fp_naa_screening_20260817T070937Z
ToyCar/test/section_00_target_test_normal_0196_noAttribute.wav,ToyCar,section_00,target,normal,0.0008857105858623981,fp_naa_c1_mse_seed42,server02_fp_naa_screening_20260817T070937Z
ToyCar/test/section_00_target_test_normal_0197_noAttribute.wav,ToyCar,section_00,target,normal,0.0004956081975251436,fp_naa_c1_mse_seed42,server02_fp_naa_screening_20260817T070937Z
ToyCar/test/section_00_target_test_normal_0198_noAttribute.wav,ToyCar,section_00,target,normal,-0.00358554907143116,fp_naa_c1_mse_seed42,server02_fp_naa_screening_20260817T070937Z
ToyCar/test/section_00_target_test_normal_0199_noAttribute.wav,ToyCar,section_00,target,normal,0.00042543280869722366,fp_naa_c1_mse_seed42,server02_fp_naa_screening_20260817T070937Z
ToyCarEmu/test/section_00_source_test_anomaly_0000_car_B1_spd_3_mic_2_mic_1.wav,ToyCarEmu,section_00,source,anomaly,0.0021978719159960747,fp_naa_c1_mse_seed42,server02_fp_naa_screening_20260817T070937Z
ToyCarEmu/test/section_00_source_test_anomaly_0001_car_B1_spd_2_mic_2_mic_1.wav,ToyCarEmu,section_00,source,anomaly,0.00196047592908144,fp_naa_c1_mse_seed42,server02_fp_naa_screening_20260817T070937Z
ToyCarEmu/test/section_00_source_test_anomaly_0008_car_D1_spd_3_mic_2_mic_1.wav,ToyCarEmu,section_00,source,anomaly,0.0035541837569326162,fp_naa_c1_mse_seed42,server02_fp_naa_screening_20260817T070937Z
ToyCarEmu/test/section_00_source_test_anomaly_0009_car_C2_spd_3_mic_2_mic_1.wav,ToyCarEmu,section_00,source,anomaly,0.00453636609017849,fp_naa_c1_mse_seed42,server02_fp_naa_screening_20260817T070937Z
ToyCarEmu/test/section_00_source_test_anomaly_0010_car_D2_spd_5_mic_2_mic_1.wav,ToyCarEmu,section_00,source,anomaly,0.000650036265142262,fp_naa_c1_mse_seed42,server02_fp_naa_screening_20260817T070937Z
ToyCarEmu/test/section_00_source_test_anomaly_0011_car_B2_spd_2_mic_2_mic_1.wav,ToyCarEmu,section_00,source,anomaly,0.0021083923056721687,fp_naa_c1_mse_seed42,server02_fp_naa_screening_20260817T070937Z
ToyCarEmu/test/section_00_source_test_anomaly_0013_car_D1_spd_5_mic_2_mic_1.wav,ToyCarEmu,section_00,source,anomaly,0.0016645079012960196,fp_naa_c1_mse_seed42,server02_fp_naa_screening_20260817T070937Z
ToyCarEmu/test/section_00_source_test_anomaly_0017_car_C1_spd_2_mic_2_mic_1.wav,ToyCarEmu,section_00,source,anomaly,0.008055975660681725,fp_naa_c1_mse_seed42,server02_fp_naa_screening_20260817T070937Z
ToyCarEmu/test/section_00_source_test_anomaly_0022_car_B2_spd_3_mic_2_mic_1.wav,ToyCarEmu,section_00,source,anomaly,0.0028556957840919495,fp_naa_c1_mse_seed42,server02_fp_naa_screening_20260817T070937Z
ToyCarEmu/test/section_00_source_test_anomaly_0028_car_C2_spd_2_mic_2_mic_1.wav,ToyCarEmu,section_00,source,anomaly,0.004060484003275633,fp_naa_c1_mse_seed42,server02_fp_naa_screening_20260817T070937Z
ToyCarEmu/test/section_00_source_test_anomaly_0032_car_B2_spd_2_mic_2_mic_1.wav,ToyCarEmu,section_00,source,anomaly,0.0030498954001814127,fp_naa_c1_mse_seed42,server02_fp_naa_screening_20260817T070937Z
ToyCarEmu/test/section_00_source_test_anomaly_0033_car_D2_spd_2_mic_2_mic_1.wav,ToyCarEmu,section_00,source,anomaly,0.0019979327917099,fp_naa_c1_mse_seed42,server02_fp_naa_screening_20260817T070937Z
ToyCarEmu/test/section_00_source_test_anomaly_0037_car_B2_spd_3_mic_2_mic_1.wav,ToyCarEmu,section_00,source,anomaly,0.0017716846195980906,fp_naa_c1_mse_seed42,server02_fp_naa_screening_20260817T070937Z
ToyCarEmu/test/section_00_source_test_anomaly_0039_car_C2_spd_3_mic_2_mic_1.wav,ToyCarEmu,section_00,source,anomaly,0.005070730112493038,fp_naa_c1_mse_seed42,server02_fp_naa_screening_20260817T070937Z
ToyCarEmu/test/section_00_source_test_anomaly_0042_car_B2_spd_2_mic_2_mic_1.wav,ToyCarEmu,section_00,source,anomaly,0.0009373822249472141,fp_naa_c1_mse_seed42,server02_fp_naa_screening_20260817T070937Z
ToyCarEmu/test/section_00_source_test_anomaly_0044_car_B1_spd_5_mic_2_mic_1.wav,ToyCarEmu,section_00,source,anomaly,0.0013832550030201674,fp_naa_c1_mse_seed42,server02_fp_naa_screening_20260817T070937Z
ToyCarEmu/test/section_00_source_test_anomaly_0047_car_B2_spd_5_mic_2_mic_1.wav,ToyCarEmu,section_00,source,anomaly,0.002827737247571349,fp_naa_c1_mse_seed42,server02_fp_naa_screening_20260817T070937Z
ToyCarEmu/test/section_00_source_test_anomaly_0049_car_C1_spd_3_mic_2_mic_1.wav,ToyCarEmu,section_00,source,anomaly,0.010465363040566444,fp_naa_c1_mse_seed42,server02_fp_naa_screening_20260817T070937Z
ToyCarEmu/test/section_00_source_test_anomaly_0051_car_B1_spd_2_mic_2_mic_1.wav,ToyCarEmu,section_00,source,anomaly,0.0023899604566395283,fp_naa_c1_mse_seed42,server02_fp_naa_screening_20260817T070937Z
ToyCarEmu/test/section_00_source_test_anomaly_0060_car_B1_spd_2_mic_2_mic_1.wav,ToyCarEmu,section_00,source,anomaly,0.002519260160624981,fp_naa_c1_mse_seed42,server02_fp_naa_screening_20260817T070937Z
ToyCarEmu/test/section_00_source_test_anomaly_0064_car_C1_spd_3_mic_2_mic_1.wav,ToyCarEmu,section_00,source,anomaly,0.01045040600001812,fp_naa_c1_mse_seed42,server02_fp_naa_screening_20260817T070937Z
ToyCarEmu/test/section_00_source_test_anomaly_0067_car_B1_spd_5_mic_2_mic_1.wav,ToyCarEmu,section_00,source,anomaly,0.0011154934763908386,fp_naa_c1_mse_seed42,server02_fp_naa_screening_20260817T070937Z
ToyCarEmu/test/section_00_source_test_anomaly_0081_car_C1_spd_3_mic_2_mic_1.wav,ToyCarEmu,section_00,source,anomaly,0.005045180208981037,fp_naa_c1_mse_seed42,server02_fp_naa_screening_20260817T070937Z
ToyCarEmu/test/section_00_source_test_anomaly_0082_car_C1_spd_2_mic_2_mic_1.wav,ToyCarEmu,section_00,source,anomaly,0.00841245986521244,fp_naa_c1_mse_seed42,server02_fp_naa_screening_20260817T070937Z
ToyCarEmu/test/section_00_source_test_anomaly_0084_car_C2_spd_5_mic_2_mic_1.wav,ToyCarEmu,section_00,source,anomaly,0.004755456931889057,fp_naa_c1_mse_seed42,server02_fp_naa_screening_20260817T070937Z
ToyCarEmu/test/section_00_source_test_anomaly_0090_car_D1_spd_2_mic_2_mic_1.wav,ToyCarEmu,section_00,source,anomaly,0.002789863385260105,fp_naa_c1_mse_seed42,server02_fp_naa_screening_20260817T070937Z
ToyCarEmu/test/section_00_source_test_anomaly_0091_car_C1_spd_2_mic_2_mic_1.wav,ToyCarEmu,section_00,source,anomaly,0.007684013340622187,fp_naa_c1_mse_seed42,server02_fp_naa_screening_20260817T070937Z
ToyCarEmu/test/section_00_source_test_anomaly_0094_car_B2_spd_5_mic_2_mic_1.wav,ToyCarEmu,section_00,source,anomaly,0.0019752569496631622,fp_naa_c1_mse_seed42,server02_fp_naa_screening_20260817T070937Z
ToyCarEmu/test/section_00_source_test_anomaly_0095_car_C2_spd_5_mic_2_mic_1.wav,ToyCarEmu,section_00,source,anomaly,0.00824910681694746,fp_naa_c1_mse_seed42,server02_fp_naa_screening_20260817T070937Z
ToyCarEmu/test/section_00_source_test_anomaly_0096_car_D1_spd_2_mic_2_mic_1.wav,ToyCarEmu,section_00,source,anomaly,0.0013288247864693403,fp_naa_c1_mse_seed42,server02_fp_naa_screening_20260817T070937Z
ToyCarEmu/test/section_00_source_test_anomaly_0097_car_D2_spd_5_mic_2_mic_1.wav,ToyCarEmu,section_00,source,anomaly,0.0008904120768420398,fp_naa_c1_mse_seed42,server02_fp_naa_screening_20260817T070937Z
ToyCarEmu/test/section_00_source_test_anomaly_0103_car_D1_spd_3_mic_2_mic_1.wav,ToyCarEmu,section_00,source,anomaly,0.0011595264077186584,fp_naa_c1_mse_seed42,server02_fp_naa_screening_20260817T070937Z
ToyCarEmu/test/section_00_source_test_anomaly_0104_car_D2_spd_2_mic_2_mic_1.wav,ToyCarEmu,section_00,source,anomaly,0.0019040614133700728,fp_naa_c1_mse_seed42,server02_fp_naa_screening_20260817T070937Z
ToyCarEmu/test/section_00_source_test_anomaly_0106_car_C2_spd_3_mic_2_mic_1.wav,ToyCarEmu,section_00,source,anomaly,0.006498181726783514,fp_naa_c1_mse_seed42,server02_fp_naa_screening_20260817T070937Z
ToyCarEmu/test/section_00_source_test_anomaly_0107_car_D2_spd_2_mic_2_mic_1.wav,ToyCarEmu,section_00,source,anomaly,0.0012662825174629688,fp_naa_c1_mse_seed42,server02_fp_naa_screening_20260817T070937Z
ToyCarEmu/test/section_00_source_test_anomaly_0120_car_D2_spd_5_mic_2_mic_1.wav,ToyCarEmu,section_00,source,anomaly,0.00235276622697711,fp_naa_c1_mse_seed42,server02_fp_naa_screening_20260817T070937Z
ToyCarEmu/test/section_00_source_test_anomaly_0131_car_D1_spd_3_mic_2_mic_1.wav,ToyCarEmu,section_00,source,anomaly,0.001958616776391864,fp_naa_c1_mse_seed42,server02_fp_naa_screening_20260817T070937Z
ToyCarEmu/test/section_00_source_test_anomaly_0138_car_B2_spd_2_mic_2_mic_1.wav,ToyCarEmu,section_00,source,anomaly,0.002652666997164488,fp_naa_c1_mse_seed42,server02_fp_naa_screening_20260817T070937Z
ToyCarEmu/test/section_00_source_test_anomaly_0139_car_C2_spd_2_mic_2_mic_1.wav,ToyCarEmu,section_00,source,anomaly,0.006385407876223326,fp_naa_c1_mse_seed42,server02_fp_naa_screening_20260817T070937Z
ToyCarEmu/test/section_00_source_test_anomaly_0143_car_B1_spd_5_mic_2_mic_1.wav,ToyCarEmu,section_00,source,anomaly,0.001676203333772719,fp_naa_c1_mse_seed42,server02_fp_naa_screening_20260817T070937Z
ToyCarEmu/test/section_00_source_test_anomaly_0145_car_B1_spd_2_mic_2_mic_1.wav,ToyCarEmu,section_00,source,anomaly,0.002332268748432398,fp_naa_c1_mse_seed42,server02_fp_naa_screening_20260817T070937Z
ToyCarEmu/test/section_00_source_test_anomaly_0146_car_D2_spd_2_mic_2_mic_1.wav,ToyCarEmu,section_00,source,anomaly,0.0009600324556231499,fp_naa_c1_mse_seed42,server02_fp_naa_screening_20260817T070937Z
ToyCarEmu/test/section_00_source_test_anomaly_0152_car_D1_spd_2_mic_2_mic_1.wav,ToyCarEmu,section_00,source,anomaly,0.003647060599178076,fp_naa_c1_mse_seed42,server02_fp_naa_screening_20260817T070937Z
ToyCarEmu/test/section_00_source_test_anomaly_0164_car_C2_spd_5_mic_2_mic_1.wav,ToyCarEmu,section_00,source,anomaly,0.005836219526827335,fp_naa_c1_mse_seed42,server02_fp_naa_screening_20260817T070937Z
ToyCarEmu/test/section_00_source_test_anomaly_0167_car_B1_spd_3_mic_2_mic_1.wav,ToyCarEmu,section_00,source,anomaly,0.0019726287573575974,fp_naa_c1_mse_seed42,server02_fp_naa_screening_20260817T070937Z
ToyCarEmu/test/section_00_source_test_anomaly_0170_car_C1_spd_5_mic_2_mic_1.wav,ToyCarEmu,section_00,source,anomaly,0.0053871446289122105,fp_naa_c1_mse_seed42,server02_fp_naa_screening_20260817T070937Z
ToyCarEmu/test/section_00_source_test_anomaly_0176_car_D2_spd_3_mic_2_mic_1.wav,ToyCarEmu,section_00,source,anomaly,0.001780850812792778,fp_naa_c1_mse_seed42,server02_fp_naa_screening_20260817T070937Z
ToyCarEmu/test/section_00_source_test_anomaly_0180_car_C1_spd_2_mic_2_mic_1.wav,ToyCarEmu,section_00,source,anomaly,0.008142764680087566,fp_naa_c1_mse_seed42,server02_fp_naa_screening_20260817T070937Z
ToyCarEmu/test/section_00_source_test_anomaly_0187_car_D2_spd_3_mic_2_mic_1.wav,ToyCarEmu,section_00,source,anomaly,0.0017601191066205502,fp_naa_c1_mse_seed42,server02_fp_naa_screening_20260817T070937Z
ToyCarEmu/test/section_00_source_test_anomaly_0193_car_D1_spd_5_mic_2_mic_1.wav,ToyCarEmu,section_00,source,anomaly,0.0014220897573977709,fp_naa_c1_mse_seed42,server02_fp_naa_screening_20260817T070937Z
ToyCarEmu/test/section_00_source_test_normal_0002_car_B2_spd_5_mic_2_mic_1.wav,ToyCarEmu,section_00,source,normal,0.0013965221587568521,fp_naa_c1_mse_seed42,server02_fp_naa_screening_20260817T070937Z
ToyCarEmu/test/section_00_source_test_normal_0004_car_B2_spd_2_mic_2_mic_1.wav,ToyCarEmu,section_00,source,normal,0.00022294740483630449,fp_naa_c1_mse_seed42,server02_fp_naa_screening_20260817T070937Z
ToyCarEmu/test/section_00_source_test_normal_0006_car_D2_spd_5_mic_2_mic_1.wav,ToyCarEmu,section_00,source,normal,0.0017432112945243716,fp_naa_c1_mse_seed42,server02_fp_naa_screening_20260817T070937Z
ToyCarEmu/test/section_00_source_test_normal_0007_car_D2_spd_5_mic_2_mic_1.wav,ToyCarEmu,section_00,source,normal,0.0012001858558505774,fp_naa_c1_mse_seed42,server02_fp_naa_screening_20260817T070937Z
ToyCarEmu/test/section_00_source_test_normal_0020_car_C2_spd_2_mic_2_mic_1.wav,ToyCarEmu,section_00,source,normal,0.004037769511342049,fp_naa_c1_mse_seed42,server02_fp_naa_screening_20260817T070937Z
ToyCarEmu/test/section_00_source_test_normal_0021_car_C2_spd_5_mic_2_mic_1.wav,ToyCarEmu,section_00,source,normal,0.0029710486996918917,fp_naa_c1_mse_seed42,server02_fp_naa_screening_20260817T070937Z
ToyCarEmu/test/section_00_source_test_normal_0023_car_D2_spd_3_mic_2_mic_1.wav,ToyCarEmu,section_00,source,normal,0.0009249435970559716,fp_naa_c1_mse_seed42,server02_fp_naa_screening_20260817T070937Z
ToyCarEmu/test/section_00_source_test_normal_0026_car_C2_spd_5_mic_2_mic_1.wav,ToyCarEmu,section_00,source,normal,0.0033318777568638325,fp_naa_c1_mse_seed42,server02_fp_naa_screening_20260817T070937Z
ToyCarEmu/test/section_00_source_test_normal_0027_car_C2_spd_3_mic_2_mic_1.wav,ToyCarEmu,section_00,source,normal,0.0031483133789151907,fp_naa_c1_mse_seed42,server02_fp_naa_screening_20260817T070937Z
ToyCarEmu/test/section_00_source_test_normal_0034_car_B2_spd_5_mic_2_mic_1.wav,ToyCarEmu,section_00,source,normal,0.001529855653643608,fp_naa_c1_mse_seed42,server02_fp_naa_screening_20260817T070937Z
ToyCarEmu/test/section_00_source_test_normal_0035_car_D2_spd_3_mic_2_mic_1.wav,ToyCarEmu,section_00,source,normal,0.0012821538839489222,fp_naa_c1_mse_seed42,server02_fp_naa_screening_20260817T070937Z
ToyCarEmu/test/section_00_source_test_normal_0036_car_B2_spd_5_mic_2_mic_1.wav,ToyCarEmu,section_00,source,normal,0.001558658666908741,fp_naa_c1_mse_seed42,server02_fp_naa_screening_20260817T070937Z
ToyCarEmu/test/section_00_source_test_normal_0043_car_B1_spd_3_mic_2_mic_1.wav,ToyCarEmu,section_00,source,normal,0.00193162658251822,fp_naa_c1_mse_seed42,server02_fp_naa_screening_20260817T070937Z
ToyCarEmu/test/section_00_source_test_normal_0045_car_C2_spd_5_mic_2_mic_1.wav,ToyCarEmu,section_00,source,normal,0.002297395607456565,fp_naa_c1_mse_seed42,server02_fp_naa_screening_20260817T070937Z
ToyCarEmu/test/section_00_source_test_normal_0048_car_B2_spd_2_mic_2_mic_1.wav,ToyCarEmu,section_00,source,normal,0.0008297221502289176,fp_naa_c1_mse_seed42,server02_fp_naa_screening_20260817T070937Z
ToyCarEmu/test/section_00_source_test_normal_0050_car_C2_spd_3_mic_2_mic_1.wav,ToyCarEmu,section_00,source,normal,0.009316091425716877,fp_naa_c1_mse_seed42,server02_fp_naa_screening_20260817T070937Z
ToyCarEmu/test/section_00_source_test_normal_0057_car_C2_spd_3_mic_2_mic_1.wav,ToyCarEmu,section_00,source,normal,0.008233861066401005,fp_naa_c1_mse_seed42,server02_fp_naa_screening_20260817T070937Z
ToyCarEmu/test/section_00_source_test_normal_0070_car_C2_spd_3_mic_2_mic_1.wav,ToyCarEmu,section_00,source,normal,0.008326206356287003,fp_naa_c1_mse_seed42,server02_fp_naa_screening_20260817T070937Z
ToyCarEmu/test/section_00_source_test_normal_0074_car_D2_spd_3_mic_2_mic_1.wav,ToyCarEmu,section_00,source,normal,0.0011198858264833689,fp_naa_c1_mse_seed42,server02_fp_naa_screening_20260817T070937Z
ToyCarEmu/test/section_00_source_test_normal_0077_car_C2_spd_2_mic_2_mic_1.wav,ToyCarEmu,section_00,source,normal,0.003766539040952921,fp_naa_c1_mse_seed42,server02_fp_naa_screening_20260817T070937Z
ToyCarEmu/test/section_00_source_test_normal_0078_car_B2_spd_2_mic_2_mic_1.wav,ToyCarEmu,section_00,source,normal,0.0007909656269475818,fp_naa_c1_mse_seed42,server02_fp_naa_screening_20260817T070937Z
ToyCarEmu/test/section_00_source_test_normal_0079_car_D2_spd_3_mic_2_mic_1.wav,ToyCarEmu,section_00,source,normal,0.0021680849604308605,fp_naa_c1_mse_seed42,server02_fp_naa_screening_20260817T070937Z
ToyCarEmu/test/section_00_source_test_normal_0083_car_C2_spd_3_mic_2_mic_1.wav,ToyCarEmu,section_00,source,normal,0.004708229564130306,fp_naa_c1_mse_seed42,server02_fp_naa_screening_20260817T070937Z
ToyCarEmu/test/section_00_source_test_normal_0087_car_C2_spd_2_mic_2_mic_1.wav,ToyCarEmu,section_00,source,normal,0.003917098045349121,fp_naa_c1_mse_seed42,server02_fp_naa_screening_20260817T070937Z
ToyCarEmu/test/section_00_source_test_normal_0089_car_D2_spd_3_mic_2_mic_1.wav,ToyCarEmu,section_00,source,normal,0.0020183520391583443,fp_naa_c1_mse_seed42,server02_fp_naa_screening_20260817T070937Z
ToyCarEmu/test/section_00_source_test_normal_0098_car_C2_spd_3_mic_2_mic_1.wav,ToyCarEmu,section_00,source,normal,0.004462377168238163,fp_naa_c1_mse_seed42,server02_fp_naa_screening_20260817T070937Z
ToyCarEmu/test/section_00_source_test_normal_0099_car_D2_spd_5_mic_2_mic_1.wav,ToyCarEmu,section_00,source,normal,0.001422980334609747,fp_naa_c1_mse_seed42,server02_fp_naa_screening_20260817T070937Z
ToyCarEmu/test/section_00_source_test_normal_0102_car_D2_spd_5_mic_2_mic_1.wav,ToyCarEmu,section_00,source,normal,0.0013850453542545438,fp_naa_c1_mse_seed42,server02_fp_naa_screening_20260817T070937Z
ToyCarEmu/test/section_00_source_test_normal_0105_car_B1_spd_3_mic_2_mic_1.wav,ToyCarEmu,section_00,source,normal,0.0021901826839894056,fp_naa_c1_mse_seed42,server02_fp_naa_screening_20260817T070937Z
ToyCarEmu/test/section_00_source_test_normal_0108_car_C2_spd_3_mic_2_mic_1.wav,ToyCarEmu,section_00,source,normal,0.007818855345249176,fp_naa_c1_mse_seed42,server02_fp_naa_screening_20260817T070937Z
ToyCarEmu/test/section_00_source_test_normal_0111_car_B2_spd_2_mic_2_mic_1.wav,ToyCarEmu,section_00,source,normal,0.00027456774841994047,fp_naa_c1_mse_seed42,server02_fp_naa_screening_20260817T070937Z
ToyCarEmu/test/section_00_source_test_normal_0112_car_B1_spd_3_mic_2_mic_1.wav,ToyCarEmu,section_00,source,normal,0.0016432744450867176,fp_naa_c1_mse_seed42,server02_fp_naa_screening_20260817T070937Z
ToyCarEmu/test/section_00_source_test_normal_0113_car_D2_spd_3_mic_2_mic_1.wav,ToyCarEmu,section_00,source,normal,0.0020602713339030743,fp_naa_c1_mse_seed42,server02_fp_naa_screening_20260817T070937Z
ToyCarEmu/test/section_00_source_test_normal_0114_car_D2_spd_2_mic_2_mic_1.wav,ToyCarEmu,section_00,source,normal,0.0012552173575386405,fp_naa_c1_mse_seed42,server02_fp_naa_screening_20260817T070937Z
ToyCarEmu/test/section_00_source_test_normal_0115_car_D2_spd_3_mic_2_mic_1.wav,ToyCarEmu,section_00,source,normal,0.0018635587766766548,fp_naa_c1_mse_seed42,server02_fp_naa_screening_20260817T070937Z
ToyCarEmu/test/section_00_source_test_normal_0125_car_B1_spd_3_mic_2_mic_1.wav,ToyCarEmu,section_00,source,normal,0.0017497974913567305,fp_naa_c1_mse_seed42,server02_fp_naa_screening_20260817T070937Z
ToyCarEmu/test/section_00_source_test_normal_0135_car_B2_spd_5_mic_2_mic_1.wav,ToyCarEmu,section_00,source,normal,0.002421208657324314,fp_naa_c1_mse_seed42,server02_fp_naa_screening_20260817T070937Z
ToyCarEmu/test/section_00_source_test_normal_0136_car_B1_spd_3_mic_2_mic_1.wav,ToyCarEmu,section_00,source,normal,0.0018900604918599129,fp_naa_c1_mse_seed42,server02_fp_naa_screening_20260817T070937Z
ToyCarEmu/test/section_00_source_test_normal_0137_car_C2_spd_5_mic_2_mic_1.wav,ToyCarEmu,section_00,source,normal,0.002963801147416234,fp_naa_c1_mse_seed42,server02_fp_naa_screening_20260817T070937Z
ToyCarEmu/test/section_00_source_test_normal_0150_car_C2_spd_2_mic_2_mic_1.wav,ToyCarEmu,section_00,source,normal,0.0037326959427446127,fp_naa_c1_mse_seed42,server02_fp_naa_screening_20260817T070937Z
ToyCarEmu/test/section_00_source_test_normal_0156_car_D2_spd_3_mic_2_mic_1.wav,ToyCarEmu,section_00,source,normal,0.0010189233580604196,fp_naa_c1_mse_seed42,server02_fp_naa_screening_20260817T070937Z
ToyCarEmu/test/section_00_source_test_normal_0158_car_D2_spd_2_mic_2_mic_1.wav,ToyCarEmu,section_00,source,normal,0.0017530901823192835,fp_naa_c1_mse_seed42,server02_fp_naa_screening_20260817T070937Z
ToyCarEmu/test/section_00_source_test_normal_0159_car_C2_spd_5_mic_2_mic_1.wav,ToyCarEmu,section_00,source,normal,0.0025064602959901094,fp_naa_c1_mse_seed42,server02_fp_naa_screening_20260817T070937Z
ToyCarEmu/test/section_00_source_test_normal_0162_car_B1_spd_3_mic_2_mic_1.wav,ToyCarEmu,section_00,source,normal,0.0012589528923854232,fp_naa_c1_mse_seed42,server02_fp_naa_screening_20260817T070937Z
ToyCarEmu/test/section_00_source_test_normal_0165_car_B1_spd_3_mic_2_mic_1.wav,ToyCarEmu,section_00,source,normal,0.0015662534860894084,fp_naa_c1_mse_seed42,server02_fp_naa_screening_20260817T070937Z
ToyCarEmu/test/section_00_source_test_normal_0168_car_B1_spd_3_mic_2_mic_1.wav,ToyCarEmu,section_00,source,normal,0.001300747855566442,fp_naa_c1_mse_seed42,server02_fp_naa_screening_20260817T070937Z
ToyCarEmu/test/section_00_source_test_normal_0173_car_D2_spd_2_mic_2_mic_1.wav,ToyCarEmu,section_00,source,normal,0.0021296674385666847,fp_naa_c1_mse_seed42,server02_fp_naa_screening_20260817T070937Z
ToyCarEmu/test/section_00_source_test_normal_0179_car_C2_spd_3_mic_2_mic_1.wav,ToyCarEmu,section_00,source,normal,0.004371375776827335,fp_naa_c1_mse_seed42,server02_fp_naa_screening_20260817T070937Z
ToyCarEmu/test/section_00_source_test_normal_0181_car_D2_spd_2_mic_2_mic_1.wav,ToyCarEmu,section_00,source,normal,0.0012372513301670551,fp_naa_c1_mse_seed42,server02_fp_naa_screening_20260817T070937Z
ToyCarEmu/test/section_00_source_test_normal_0195_car_B1_spd_3_mic_2_mic_1.wav,ToyCarEmu,section_00,source,normal,0.0025017724838107824,fp_naa_c1_mse_seed42,server02_fp_naa_screening_20260817T070937Z
ToyCarEmu/test/section_00_target_test_anomaly_0005_car_A2_spd_4_mic_2_mic_1.wav,ToyCarEmu,section_00,target,anomaly,0.0020010857842862606,fp_naa_c1_mse_seed42,server02_fp_naa_screening_20260817T070937Z
ToyCarEmu/test/section_00_target_test_anomaly_0012_car_A2_spd_4_mic_2_mic_1.wav,ToyCarEmu,section_00,target,anomaly,0.0007945499382913113,fp_naa_c1_mse_seed42,server02_fp_naa_screening_20260817T070937Z
ToyCarEmu/test/section_00_target_test_anomaly_0014_car_A2_spd_4_mic_2_mic_1.wav,ToyCarEmu,section_00,target,anomaly,0.0010271663777530193,fp_naa_c1_mse_seed42,server02_fp_naa_screening_20260817T070937Z
ToyCarEmu/test/section_00_target_test_anomaly_0015_car_A2_spd_1_mic_2_mic_1.wav,ToyCarEmu,section_00,target,anomaly,0.0021861812565475702,fp_naa_c1_mse_seed42,server02_fp_naa_screening_20260817T070937Z
ToyCarEmu/test/section_00_target_test_anomaly_0018_car_A2_spd_1_mic_2_mic_1.wav,ToyCarEmu,section_00,target,anomaly,0.0015744317788630724,fp_naa_c1_mse_seed42,server02_fp_naa_screening_20260817T070937Z
ToyCarEmu/test/section_00_target_test_anomaly_0025_car_A1_spd_4_mic_2_mic_1.wav,ToyCarEmu,section_00,target,anomaly,0.0028252266347408295,fp_naa_c1_mse_seed42,server02_fp_naa_screening_20260817T070937Z
ToyCarEmu/test/section_00_target_test_anomaly_0029_car_A2_spd_4_mic_2_mic_1.wav,ToyCarEmu,section_00,target,anomaly,0.0007848395616747439,fp_naa_c1_mse_seed42,server02_fp_naa_screening_20260817T070937Z
ToyCarEmu/test/section_00_target_test_anomaly_0031_car_A2_spd_1_mic_2_mic_1.wav,ToyCarEmu,section_00,target,anomaly,0.0024577747099101543,fp_naa_c1_mse_seed42,server02_fp_naa_screening_20260817T070937Z
ToyCarEmu/test/section_00_target_test_anomaly_0038_car_A1_spd_1_mic_2_mic_1.wav,ToyCarEmu,section_00,target,anomaly,0.0016603409312665462,fp_naa_c1_mse_seed42,server02_fp_naa_screening_20260817T070937Z
ToyCarEmu/test/section_00_target_test_anomaly_0040_car_A1_spd_1_mic_2_mic_1.wav,ToyCarEmu,section_00,target,anomaly,0.0026136015076190233,fp_naa_c1_mse_seed42,server02_fp_naa_screening_20260817T070937Z
ToyCarEmu/test/section_00_target_test_anomaly_0046_car_A1_spd_1_mic_2_mic_1.wav,ToyCarEmu,section_00,target,anomaly,0.0025570946745574474,fp_naa_c1_mse_seed42,server02_fp_naa_screening_20260817T070937Z
ToyCarEmu/test/section_00_target_test_anomaly_0052_car_A1_spd_4_mic_2_mic_1.wav,ToyCarEmu,section_00,target,anomaly,0.001213584910146892,fp_naa_c1_mse_seed42,server02_fp_naa_screening_20260817T070937Z
ToyCarEmu/test/section_00_target_test_anomaly_0053_car_A2_spd_1_mic_2_mic_1.wav,ToyCarEmu,section_00,target,anomaly,0.002091663423925638,fp_naa_c1_mse_seed42,server02_fp_naa_screening_20260817T070937Z
ToyCarEmu/test/section_00_target_test_anomaly_0054_car_A1_spd_1_mic_2_mic_1.wav,ToyCarEmu,section_00,target,anomaly,0.0012923851609230042,fp_naa_c1_mse_seed42,server02_fp_naa_screening_20260817T070937Z
ToyCarEmu/test/section_00_target_test_anomaly_0056_car_A1_spd_1_mic_2_mic_1.wav,ToyCarEmu,section_00,target,anomaly,0.0021002835128456354,fp_naa_c1_mse_seed42,server02_fp_naa_screening_20260817T070937Z
ToyCarEmu/test/section_00_target_test_anomaly_0058_car_A2_spd_4_mic_2_mic_1.wav,ToyCarEmu,section_00,target,anomaly,0.0013367829378694296,fp_naa_c1_mse_seed42,server02_fp_naa_screening_20260817T070937Z
ToyCarEmu/test/section_00_target_test_anomaly_0062_car_A1_spd_1_mic_2_mic_1.wav,ToyCarEmu,section_00,target,anomaly,0.0013874300057068467,fp_naa_c1_mse_seed42,server02_fp_naa_screening_20260817T070937Z
ToyCarEmu/test/section_00_target_test_anomaly_0063_car_A1_spd_4_mic_2_mic_1.wav,ToyCarEmu,section_00,target,anomaly,0.0010392535477876663,fp_naa_c1_mse_seed42,server02_fp_naa_screening_20260817T070937Z
ToyCarEmu/test/section_00_target_test_anomaly_0066_car_A1_spd_1_mic_2_mic_1.wav,ToyCarEmu,section_00,target,anomaly,0.0018671592697501183,fp_naa_c1_mse_seed42,server02_fp_naa_screening_20260817T070937Z
ToyCarEmu/test/section_00_target_test_anomaly_0069_car_A1_spd_1_mic_2_mic_1.wav,ToyCarEmu,section_00,target,anomaly,0.002789981197565794,fp_naa_c1_mse_seed42,server02_fp_naa_screening_20260817T070937Z
ToyCarEmu/test/section_00_target_test_anomaly_0072_car_A1_spd_4_mic_2_mic_1.wav,ToyCarEmu,section_00,target,anomaly,0.0007332848617807031,fp_naa_c1_mse_seed42,server02_fp_naa_screening_20260817T070937Z
ToyCarEmu/test/section_00_target_test_anomaly_0073_car_A1_spd_4_mic_2_mic_1.wav,ToyCarEmu,section_00,target,anomaly,0.0030304542742669582,fp_naa_c1_mse_seed42,server02_fp_naa_screening_20260817T070937Z
ToyCarEmu/test/section_00_target_test_anomaly_0076_car_A1_spd_1_mic_2_mic_1.wav,ToyCarEmu,section_00,target,anomaly,0.0027870803605765104,fp_naa_c1_mse_seed42,server02_fp_naa_screening_20260817T070937Z
ToyCarEmu/test/section_00_target_test_anomaly_0080_car_A1_spd_4_mic_2_mic_1.wav,ToyCarEmu,section_00,target,anomaly,0.0035572899505496025,fp_naa_c1_mse_seed42,server02_fp_naa_screening_20260817T070937Z
ToyCarEmu/test/section_00_target_test_anomaly_0092_car_A2_spd_4_mic_2_mic_1.wav,ToyCarEmu,section_00,target,anomaly,0.0007659814436919987,fp_naa_c1_mse_seed42,server02_fp_naa_screening_20260817T070937Z
ToyCarEmu/test/section_00_target_test_anomaly_0109_car_A2_spd_4_mic_2_mic_1.wav,ToyCarEmu,section_00,target,anomaly,0.0010864846408367157,fp_naa_c1_mse_seed42,server02_fp_naa_screening_20260817T070937Z
ToyCarEmu/test/section_00_target_test_anomaly_0110_car_A2_spd_1_mic_2_mic_1.wav,ToyCarEmu,section_00,target,anomaly,0.001428005052730441,fp_naa_c1_mse_seed42,server02_fp_naa_screening_20260817T070937Z
ToyCarEmu/test/section_00_target_test_anomaly_0116_car_A1_spd_4_mic_2_mic_1.wav,ToyCarEmu,section_00,target,anomaly,0.0014330511912703514,fp_naa_c1_mse_seed42,server02_fp_naa_screening_20260817T070937Z
ToyCarEmu/test/section_00_target_test_anomaly_0119_car_A1_spd_4_mic_2_mic_1.wav,ToyCarEmu,section_00,target,anomaly,0.003014074871316552,fp_naa_c1_mse_seed42,server02_fp_naa_screening_20260817T070937Z
ToyCarEmu/test/section_00_target_test_anomaly_0127_car_A2_spd_1_mic_2_mic_1.wav,ToyCarEmu,section_00,target,anomaly,0.002891155891120434,fp_naa_c1_mse_seed42,server02_fp_naa_screening_20260817T070937Z
ToyCarEmu/test/section_00_target_test_anomaly_0129_car_A1_spd_4_mic_2_mic_1.wav,ToyCarEmu,section_00,target,anomaly,0.00276348739862442,fp_naa_c1_mse_seed42,server02_fp_naa_screening_20260817T070937Z
ToyCarEmu/test/section_00_target_test_anomaly_0130_car_A1_spd_4_mic_2_mic_1.wav,ToyCarEmu,section_00,target,anomaly,0.0010613850317895412,fp_naa_c1_mse_seed42,server02_fp_naa_screening_20260817T070937Z
ToyCarEmu/test/section_00_target_test_anomaly_0132_car_A1_spd_1_mic_2_mic_1.wav,ToyCarEmu,section_00,target,anomaly,0.0017648952780291438,fp_naa_c1_mse_seed42,server02_fp_naa_screening_20260817T070937Z
ToyCarEmu/test/section_00_target_test_anomaly_0134_car_A2_spd_4_mic_2_mic_1.wav,ToyCarEmu,section_00,target,anomaly,0.0014123744331300259,fp_naa_c1_mse_seed42,server02_fp_naa_screening_20260817T070937Z
ToyCarEmu/test/section_00_target_test_anomaly_0141_car_A2_spd_1_mic_2_mic_1.wav,ToyCarEmu,section_00,target,anomaly,0.0018881147261708975,fp_naa_c1_mse_seed42,server02_fp_naa_screening_20260817T070937Z
ToyCarEmu/test/section_00_target_test_anomaly_0142_car_A2_spd_4_mic_2_mic_1.wav,ToyCarEmu,section_00,target,anomaly,0.0010410570539534092,fp_naa_c1_mse_seed42,server02_fp_naa_screening_20260817T070937Z
ToyCarEmu/test/section_00_target_test_anomaly_0148_car_A2_spd_1_mic_2_mic_1.wav,ToyCarEmu,section_00,target,anomaly,0.0020342248026281595,fp_naa_c1_mse_seed42,server02_fp_naa_screening_20260817T070937Z
ToyCarEmu/test/section_00_target_test_anomaly_0153_car_A2_spd_4_mic_2_mic_1.wav,ToyCarEmu,section_00,target,anomaly,0.0017058803932741284,fp_naa_c1_mse_seed42,server02_fp_naa_screening_20260817T070937Z
ToyCarEmu/test/section_00_target_test_anomaly_0154_car_A1_spd_4_mic_2_mic_1.wav,ToyCarEmu,section_00,target,anomaly,0.0029488124419003725,fp_naa_c1_mse_seed42,server02_fp_naa_screening_20260817T070937Z
ToyCarEmu/test/section_00_target_test_anomaly_0157_car_A2_spd_4_mic_2_mic_1.wav,ToyCarEmu,section_00,target,anomaly,0.0016493569128215313,fp_naa_c1_mse_seed42,server02_fp_naa_screening_20260817T070937Z
ToyCarEmu/test/section_00_target_test_anomaly_0160_car_A2_spd_1_mic_2_mic_1.wav,ToyCarEmu,section_00,target,anomaly,0.001618984155356884,fp_naa_c1_mse_seed42,server02_fp_naa_screening_20260817T070937Z
ToyCarEmu/test/section_00_target_test_anomaly_0161_car_A1_spd_4_mic_2_mic_1.wav,ToyCarEmu,section_00,target,anomaly,0.0007277814438566566,fp_naa_c1_mse_seed42,server02_fp_naa_screening_20260817T070937Z
ToyCarEmu/test/section_00_target_test_anomaly_0172_car_A1_spd_4_mic_2_mic_1.wav,ToyCarEmu,section_00,target,anomaly,0.0019849813543260098,fp_naa_c1_mse_seed42,server02_fp_naa_screening_20260817T070937Z
ToyCarEmu/test/section_00_target_test_anomaly_0174_car_A1_spd_1_mic_2_mic_1.wav,ToyCarEmu,section_00,target,anomaly,0.0016364678740501404,fp_naa_c1_mse_seed42,server02_fp_naa_screening_20260817T070937Z
ToyCarEmu/test/section_00_target_test_anomaly_0175_car_A2_spd_1_mic_2_mic_1.wav,ToyCarEmu,section_00,target,anomaly,0.002348807640373707,fp_naa_c1_mse_seed42,server02_fp_naa_screening_20260817T070937Z
ToyCarEmu/test/section_00_target_test_anomaly_0184_car_A1_spd_1_mic_2_mic_1.wav,ToyCarEmu,section_00,target,anomaly,0.0024460535496473312,fp_naa_c1_mse_seed42,server02_fp_naa_screening_20260817T070937Z
ToyCarEmu/test/section_00_target_test_anomaly_0185_car_A2_spd_1_mic_2_mic_1.wav,ToyCarEmu,section_00,target,anomaly,0.0010074896272271872,fp_naa_c1_mse_seed42,server02_fp_naa_screening_20260817T070937Z
ToyCarEmu/test/section_00_target_test_anomaly_0186_car_A2_spd_4_mic_2_mic_1.wav,ToyCarEmu,section_00,target,anomaly,0.00163979921489954,fp_naa_c1_mse_seed42,server02_fp_naa_screening_20260817T070937Z
ToyCarEmu/test/section_00_target_test_anomaly_0192_car_A2_spd_4_mic_2_mic_1.wav,ToyCarEmu,section_00,target,anomaly,0.0013606064021587372,fp_naa_c1_mse_seed42,server02_fp_naa_screening_20260817T070937Z
ToyCarEmu/test/section_00_target_test_anomaly_0194_car_A2_spd_1_mic_2_mic_1.wav,ToyCarEmu,section_00,target,anomaly,0.002490234561264515,fp_naa_c1_mse_seed42,server02_fp_naa_screening_20260817T070937Z
ToyCarEmu/test/section_00_target_test_normal_0003_car_A1_spd_1_mic_2_mic_1.wav,ToyCarEmu,section_00,target,normal,-0.002124182879924774,fp_naa_c1_mse_seed42,server02_fp_naa_screening_20260817T070937Z
ToyCarEmu/test/section_00_target_test_normal_0016_car_A2_spd_1_mic_2_mic_1.wav,ToyCarEmu,section_00,target,normal,-0.0005541186546906829,fp_naa_c1_mse_seed42,server02_fp_naa_screening_20260817T070937Z
ToyCarEmu/test/section_00_target_test_normal_0019_car_A2_spd_4_mic_2_mic_1.wav,ToyCarEmu,section_00,target,normal,0.0017622446175664663,fp_naa_c1_mse_seed42,server02_fp_naa_screening_20260817T070937Z
ToyCarEmu/test/section_00_target_test_normal_0024_car_A2_spd_1_mic_2_mic_1.wav,ToyCarEmu,section_00,target,normal,-0.0015390845946967602,fp_naa_c1_mse_seed42,server02_fp_naa_screening_20260817T070937Z
ToyCarEmu/test/section_00_target_test_normal_0030_car_A2_spd_4_mic_2_mic_1.wav,ToyCarEmu,section_00,target,normal,-0.000751565326936543,fp_naa_c1_mse_seed42,server02_fp_naa_screening_20260817T070937Z
ToyCarEmu/test/section_00_target_test_normal_0041_car_A1_spd_4_mic_2_mic_1.wav,ToyCarEmu,section_00,target,normal,-0.00033091791556216776,fp_naa_c1_mse_seed42,server02_fp_naa_screening_20260817T070937Z
ToyCarEmu/test/section_00_target_test_normal_0055_car_A1_spd_4_mic_2_mic_1.wav,ToyCarEmu,section_00,target,normal,0.00014475815987680107,fp_naa_c1_mse_seed42,server02_fp_naa_screening_20260817T070937Z
ToyCarEmu/test/section_00_target_test_normal_0059_car_A1_spd_1_mic_2_mic_1.wav,ToyCarEmu,section_00,target,normal,0.0003990883706137538,fp_naa_c1_mse_seed42,server02_fp_naa_screening_20260817T070937Z
ToyCarEmu/test/section_00_target_test_normal_0061_car_A1_spd_4_mic_2_mic_1.wav,ToyCarEmu,section_00,target,normal,0.004153120331466198,fp_naa_c1_mse_seed42,server02_fp_naa_screening_20260817T070937Z
ToyCarEmu/test/section_00_target_test_normal_0065_car_A2_spd_1_mic_2_mic_1.wav,ToyCarEmu,section_00,target,normal,-0.0018059839494526386,fp_naa_c1_mse_seed42,server02_fp_naa_screening_20260817T070937Z
ToyCarEmu/test/section_00_target_test_normal_0068_car_A2_spd_1_mic_2_mic_1.wav,ToyCarEmu,section_00,target,normal,-0.0007027870742604136,fp_naa_c1_mse_seed42,server02_fp_naa_screening_20260817T070937Z
ToyCarEmu/test/section_00_target_test_normal_0071_car_A1_spd_4_mic_2_mic_1.wav,ToyCarEmu,section_00,target,normal,0.0004108160501345992,fp_naa_c1_mse_seed42,server02_fp_naa_screening_20260817T070937Z
ToyCarEmu/test/section_00_target_test_normal_0075_car_A2_spd_4_mic_2_mic_1.wav,ToyCarEmu,section_00,target,normal,-9.652131120674312e-05,fp_naa_c1_mse_seed42,server02_fp_naa_screening_20260817T070937Z
ToyCarEmu/test/section_00_target_test_normal_0085_car_A2_spd_4_mic_2_mic_1.wav,ToyCarEmu,section_00,target,normal,0.0008867453434504569,fp_naa_c1_mse_seed42,server02_fp_naa_screening_20260817T070937Z
ToyCarEmu/test/section_00_target_test_normal_0086_car_A1_spd_4_mic_2_mic_1.wav,ToyCarEmu,section_00,target,normal,0.0032159769907593727,fp_naa_c1_mse_seed42,server02_fp_naa_screening_20260817T070937Z
ToyCarEmu/test/section_00_target_test_normal_0088_car_A1_spd_1_mic_2_mic_1.wav,ToyCarEmu,section_00,target,normal,-0.001568485051393509,fp_naa_c1_mse_seed42,server02_fp_naa_screening_20260817T070937Z
ToyCarEmu/test/section_00_target_test_normal_0093_car_A2_spd_1_mic_2_mic_1.wav,ToyCarEmu,section_00,target,normal,-0.0005093084764666855,fp_naa_c1_mse_seed42,server02_fp_naa_screening_20260817T070937Z
ToyCarEmu/test/section_00_target_test_normal_0100_car_A2_spd_1_mic_2_mic_1.wav,ToyCarEmu,section_00,target,normal,0.00017712582484818995,fp_naa_c1_mse_seed42,server02_fp_naa_screening_20260817T070937Z
ToyCarEmu/test/section_00_target_test_normal_0101_car_A1_spd_1_mic_2_mic_1.wav,ToyCarEmu,section_00,target,normal,6.207331898622215e-05,fp_naa_c1_mse_seed42,server02_fp_naa_screening_20260817T070937Z
ToyCarEmu/test/section_00_target_test_normal_0117_car_A1_spd_4_mic_2_mic_1.wav,ToyCarEmu,section_00,target,normal,0.003240563441067934,fp_naa_c1_mse_seed42,server02_fp_naa_screening_20260817T070937Z
ToyCarEmu/test/section_00_target_test_normal_0118_car_A2_spd_4_mic_2_mic_1.wav,ToyCarEmu,section_00,target,normal,-0.00147838587872684,fp_naa_c1_mse_seed42,server02_fp_naa_screening_20260817T070937Z
ToyCarEmu/test/section_00_target_test_normal_0121_car_A2_spd_1_mic_2_mic_1.wav,ToyCarEmu,section_00,target,normal,-0.0006338590173982084,fp_naa_c1_mse_seed42,server02_fp_naa_screening_20260817T070937Z
ToyCarEmu/test/section_00_target_test_normal_0122_car_A1_spd_1_mic_2_mic_1.wav,ToyCarEmu,section_00,target,normal,-0.0012681650696322322,fp_naa_c1_mse_seed42,server02_fp_naa_screening_20260817T070937Z
ToyCarEmu/test/section_00_target_test_normal_0123_car_A1_spd_1_mic_2_mic_1.wav,ToyCarEmu,section_00,target,normal,-0.0013384229969233274,fp_naa_c1_mse_seed42,server02_fp_naa_screening_20260817T070937Z
ToyCarEmu/test/section_00_target_test_normal_0124_car_A1_spd_1_mic_2_mic_1.wav,ToyCarEmu,section_00,target,normal,-0.00015794872888363898,fp_naa_c1_mse_seed42,server02_fp_naa_screening_20260817T070937Z
ToyCarEmu/test/section_00_target_test_normal_0126_car_A1_spd_1_mic_2_mic_1.wav,ToyCarEmu,section_00,target,normal,-0.0014968711184337735,fp_naa_c1_mse_seed42,server02_fp_naa_screening_20260817T070937Z
ToyCarEmu/test/section_00_target_test_normal_0128_car_A2_spd_4_mic_2_mic_1.wav,ToyCarEmu,section_00,target,normal,-0.0016192205948755145,fp_naa_c1_mse_seed42,server02_fp_naa_screening_20260817T070937Z
ToyCarEmu/test/section_00_target_test_normal_0133_car_A2_spd_4_mic_2_mic_1.wav,ToyCarEmu,section_00,target,normal,0.00041967304423451424,fp_naa_c1_mse_seed42,server02_fp_naa_screening_20260817T070937Z
ToyCarEmu/test/section_00_target_test_normal_0140_car_A2_spd_4_mic_2_mic_1.wav,ToyCarEmu,section_00,target,normal,0.001178627135232091,fp_naa_c1_mse_seed42,server02_fp_naa_screening_20260817T070937Z
ToyCarEmu/test/section_00_target_test_normal_0144_car_A2_spd_1_mic_2_mic_1.wav,ToyCarEmu,section_00,target,normal,-0.0014773639850318432,fp_naa_c1_mse_seed42,server02_fp_naa_screening_20260817T070937Z
ToyCarEmu/test/section_00_target_test_normal_0147_car_A2_spd_4_mic_2_mic_1.wav,ToyCarEmu,section_00,target,normal,0.0009156177984550595,fp_naa_c1_mse_seed42,server02_fp_naa_screening_20260817T070937Z
ToyCarEmu/test/section_00_target_test_normal_0149_car_A1_spd_4_mic_2_mic_1.wav,ToyCarEmu,section_00,target,normal,0.00025392798124812543,fp_naa_c1_mse_seed42,server02_fp_naa_screening_20260817T070937Z
ToyCarEmu/test/section_00_target_test_normal_0151_car_A1_spd_4_mic_2_mic_1.wav,ToyCarEmu,section_00,target,normal,-0.00011735523003153503,fp_naa_c1_mse_seed42,server02_fp_naa_screening_20260817T070937Z
ToyCarEmu/test/section_00_target_test_normal_0155_car_A2_spd_4_mic_2_mic_1.wav,ToyCarEmu,section_00,target,normal,-0.0011965895537286997,fp_naa_c1_mse_seed42,server02_fp_naa_screening_20260817T070937Z
ToyCarEmu/test/section_00_target_test_normal_0163_car_A2_spd_1_mic_2_mic_1.wav,ToyCarEmu,section_00,target,normal,-6.462913006544113e-06,fp_naa_c1_mse_seed42,server02_fp_naa_screening_20260817T070937Z
ToyCarEmu/test/section_00_target_test_normal_0166_car_A1_spd_1_mic_2_mic_1.wav,ToyCarEmu,section_00,target,normal,-0.001923151663504541,fp_naa_c1_mse_seed42,server02_fp_naa_screening_20260817T070937Z
ToyCarEmu/test/section_00_target_test_normal_0169_car_A1_spd_4_mic_2_mic_1.wav,ToyCarEmu,section_00,target,normal,0.00040200058720074594,fp_naa_c1_mse_seed42,server02_fp_naa_screening_20260817T070937Z
ToyCarEmu/test/section_00_target_test_normal_0171_car_A1_spd_4_mic_2_mic_1.wav,ToyCarEmu,section_00,target,normal,0.004605229943990707,fp_naa_c1_mse_seed42,server02_fp_naa_screening_20260817T070937Z
ToyCarEmu/test/section_00_target_test_normal_0177_car_A2_spd_1_mic_2_mic_1.wav,ToyCarEmu,section_00,target,normal,-0.0005369945429265499,fp_naa_c1_mse_seed42,server02_fp_naa_screening_20260817T070937Z
ToyCarEmu/test/section_00_target_test_normal_0178_car_A2_spd_4_mic_2_mic_1.wav,ToyCarEmu,section_00,target,normal,-0.0005994620732963085,fp_naa_c1_mse_seed42,server02_fp_naa_screening_20260817T070937Z
ToyCarEmu/test/section_00_target_test_normal_0182_car_A1_spd_4_mic_2_mic_1.wav,ToyCarEmu,section_00,target,normal,1.9334431272000074e-05,fp_naa_c1_mse_seed42,server02_fp_naa_screening_20260817T070937Z
ToyCarEmu/test/section_00_target_test_normal_0183_car_A2_spd_1_mic_2_mic_1.wav,ToyCarEmu,section_00,target,normal,-0.000756947323679924,fp_naa_c1_mse_seed42,server02_fp_naa_screening_20260817T070937Z
ToyCarEmu/test/section_00_target_test_normal_0188_car_A2_spd_4_mic_2_mic_1.wav,ToyCarEmu,section_00,target,normal,-0.001220660051330924,fp_naa_c1_mse_seed42,server02_fp_naa_screening_20260817T070937Z
ToyCarEmu/test/section_00_target_test_normal_0189_car_A2_spd_1_mic_2_mic_1.wav,ToyCarEmu,section_00,target,normal,-0.00011111973435617983,fp_naa_c1_mse_seed42,server02_fp_naa_screening_20260817T070937Z
ToyCarEmu/test/section_00_target_test_normal_0190_car_A1_spd_1_mic_2_mic_1.wav,ToyCarEmu,section_00,target,normal,-0.0016487258253619075,fp_naa_c1_mse_seed42,server02_fp_naa_screening_20260817T070937Z
ToyCarEmu/test/section_00_target_test_normal_0191_car_A1_spd_1_mic_2_mic_1.wav,ToyCarEmu,section_00,target,normal,8.609736687503755e-05,fp_naa_c1_mse_seed42,server02_fp_naa_screening_20260817T070937Z
ToyCarEmu/test/section_00_target_test_normal_0196_car_A2_spd_1_mic_2_mic_1.wav,ToyCarEmu,section_00,target,normal,-0.0015344584826380014,fp_naa_c1_mse_seed42,server02_fp_naa_screening_20260817T070937Z
ToyCarEmu/test/section_00_target_test_normal_0197_car_A1_spd_1_mic_2_mic_1.wav,ToyCarEmu,section_00,target,normal,-0.000475293054478243,fp_naa_c1_mse_seed42,server02_fp_naa_screening_20260817T070937Z
ToyCarEmu/test/section_00_target_test_normal_0198_car_A1_spd_4_mic_2_mic_1.wav,ToyCarEmu,section_00,target,normal,8.802201773505658e-05,fp_naa_c1_mse_seed42,server02_fp_naa_screening_20260817T070937Z
ToyCarEmu/test/section_00_target_test_normal_0199_car_A1_spd_1_mic_2_mic_1.wav,ToyCarEmu,section_00,target,normal,-0.0017786755925044417,fp_naa_c1_mse_seed42,server02_fp_naa_screening_20260817T070937Z
bearingEmu/test/section_00_source_test_anomaly_0000_noAttribute.wav,bearingEmu,section_00,source,anomaly,0.0013961988734081388,fp_naa_c1_mse_seed42,server02_fp_naa_screening_20260817T070937Z
bearingEmu/test/section_00_source_test_anomaly_0001_noAttribute.wav,bearingEmu,section_00,source,anomaly,-0.0002152324450435117,fp_naa_c1_mse_seed42,server02_fp_naa_screening_20260817T070937Z
bearingEmu/test/section_00_source_test_anomaly_0002_noAttribute.wav,bearingEmu,section_00,source,anomaly,0.011324216611683369,fp_naa_c1_mse_seed42,server02_fp_naa_screening_20260817T070937Z
bearingEmu/test/section_00_source_test_anomaly_0003_noAttribute.wav,bearingEmu,section_00,source,anomaly,0.0011797624174505472,fp_naa_c1_mse_seed42,server02_fp_naa_screening_20260817T070937Z
bearingEmu/test/section_00_source_test_anomaly_0004_noAttribute.wav,bearingEmu,section_00,source,anomaly,0.005233791656792164,fp_naa_c1_mse_seed42,server02_fp_naa_screening_20260817T070937Z
bearingEmu/test/section_00_source_test_anomaly_0005_noAttribute.wav,bearingEmu,section_00,source,anomaly,0.004028238821774721,fp_naa_c1_mse_seed42,server02_fp_naa_screening_20260817T070937Z
bearingEmu/test/section_00_source_test_anomaly_0006_noAttribute.wav,bearingEmu,section_00,source,anomaly,0.0007108436548151076,fp_naa_c1_mse_seed42,server02_fp_naa_screening_20260817T070937Z
bearingEmu/test/section_00_source_test_anomaly_0007_noAttribute.wav,bearingEmu,section_00,source,anomaly,0.00012305387645028532,fp_naa_c1_mse_seed42,server02_fp_naa_screening_20260817T070937Z
bearingEmu/test/section_00_source_test_anomaly_0008_noAttribute.wav,bearingEmu,section_00,source,anomaly,0.004322759807109833,fp_naa_c1_mse_seed42,server02_fp_naa_screening_20260817T070937Z
bearingEmu/test/section_00_source_test_anomaly_0009_noAttribute.wav,bearingEmu,section_00,source,anomaly,0.0014491258189082146,fp_naa_c1_mse_seed42,server02_fp_naa_screening_20260817T070937Z
bearingEmu/test/section_00_source_test_anomaly_0010_noAttribute.wav,bearingEmu,section_00,source,anomaly,0.008510338142514229,fp_naa_c1_mse_seed42,server02_fp_naa_screening_20260817T070937Z
bearingEmu/test/section_00_source_test_anomaly_0011_noAttribute.wav,bearingEmu,section_00,source,anomaly,-3.0954048270359635e-05,fp_naa_c1_mse_seed42,server02_fp_naa_screening_20260817T070937Z
bearingEmu/test/section_00_source_test_anomaly_0012_noAttribute.wav,bearingEmu,section_00,source,anomaly,0.0009011831134557724,fp_naa_c1_mse_seed42,server02_fp_naa_screening_20260817T070937Z
bearingEmu/test/section_00_source_test_anomaly_0013_noAttribute.wav,bearingEmu,section_00,source,anomaly,0.0012547463411465287,fp_naa_c1_mse_seed42,server02_fp_naa_screening_20260817T070937Z
bearingEmu/test/section_00_source_test_anomaly_0014_noAttribute.wav,bearingEmu,section_00,source,anomaly,0.0006334909703582525,fp_naa_c1_mse_seed42,server02_fp_naa_screening_20260817T070937Z
bearingEmu/test/section_00_source_test_anomaly_0015_noAttribute.wav,bearingEmu,section_00,source,anomaly,0.0004816344298887998,fp_naa_c1_mse_seed42,server02_fp_naa_screening_20260817T070937Z
bearingEmu/test/section_00_source_test_anomaly_0016_noAttribute.wav,bearingEmu,section_00,source,anomaly,0.010001233778893948,fp_naa_c1_mse_seed42,server02_fp_naa_screening_20260817T070937Z
bearingEmu/test/section_00_source_test_anomaly_0017_noAttribute.wav,bearingEmu,section_00,source,anomaly,0.0030665805097669363,fp_naa_c1_mse_seed42,server02_fp_naa_screening_20260817T070937Z
bearingEmu/test/section_00_source_test_anomaly_0018_noAttribute.wav,bearingEmu,section_00,source,anomaly,0.001054204534739256,fp_naa_c1_mse_seed42,server02_fp_naa_screening_20260817T070937Z
bearingEmu/test/section_00_source_test_anomaly_0019_noAttribute.wav,bearingEmu,section_00,source,anomaly,0.0010701842838898301,fp_naa_c1_mse_seed42,server02_fp_naa_screening_20260817T070937Z
bearingEmu/test/section_00_source_test_anomaly_0020_noAttribute.wav,bearingEmu,section_00,source,anomaly,0.0007011567358858883,fp_naa_c1_mse_seed42,server02_fp_naa_screening_20260817T070937Z
bearingEmu/test/section_00_source_test_anomaly_0021_noAttribute.wav,bearingEmu,section_00,source,anomaly,0.008897007443010807,fp_naa_c1_mse_seed42,server02_fp_naa_screening_20260817T070937Z
bearingEmu/test/section_00_source_test_anomaly_0022_noAttribute.wav,bearingEmu,section_00,source,anomaly,0.009716087020933628,fp_naa_c1_mse_seed42,server02_fp_naa_screening_20260817T070937Z
bearingEmu/test/section_00_source_test_anomaly_0023_noAttribute.wav,bearingEmu,section_00,source,anomaly,0.0004395006981212646,fp_naa_c1_mse_seed42,server02_fp_naa_screening_20260817T070937Z
bearingEmu/test/section_00_source_test_anomaly_0024_noAttribute.wav,bearingEmu,section_00,source,anomaly,0.0006783814169466496,fp_naa_c1_mse_seed42,server02_fp_naa_screening_20260817T070937Z
bearingEmu/test/section_00_source_test_anomaly_0025_noAttribute.wav,bearingEmu,section_00,source,anomaly,0.00039364147232845426,fp_naa_c1_mse_seed42,server02_fp_naa_screening_20260817T070937Z
bearingEmu/test/section_00_source_test_anomaly_0026_noAttribute.wav,bearingEmu,section_00,source,anomaly,0.009838704019784927,fp_naa_c1_mse_seed42,server02_fp_naa_screening_20260817T070937Z
bearingEmu/test/section_00_source_test_anomaly_0027_noAttribute.wav,bearingEmu,section_00,source,anomaly,0.001800048048608005,fp_naa_c1_mse_seed42,server02_fp_naa_screening_20260817T070937Z
bearingEmu/test/section_00_source_test_anomaly_0028_noAttribute.wav,bearingEmu,section_00,source,anomaly,0.0021539097651839256,fp_naa_c1_mse_seed42,server02_fp_naa_screening_20260817T070937Z
bearingEmu/test/section_00_source_test_anomaly_0029_noAttribute.wav,bearingEmu,section_00,source,anomaly,0.001060539623722434,fp_naa_c1_mse_seed42,server02_fp_naa_screening_20260817T070937Z
bearingEmu/test/section_00_source_test_anomaly_0030_noAttribute.wav,bearingEmu,section_00,source,anomaly,0.0002511317143216729,fp_naa_c1_mse_seed42,server02_fp_naa_screening_20260817T070937Z
bearingEmu/test/section_00_source_test_anomaly_0031_noAttribute.wav,bearingEmu,section_00,source,anomaly,8.3547318354249e-05,fp_naa_c1_mse_seed42,server02_fp_naa_screening_20260817T070937Z
bearingEmu/test/section_00_source_test_anomaly_0032_noAttribute.wav,bearingEmu,section_00,source,anomaly,0.0010811901884153485,fp_naa_c1_mse_seed42,server02_fp_naa_screening_20260817T070937Z
bearingEmu/test/section_00_source_test_anomaly_0033_noAttribute.wav,bearingEmu,section_00,source,anomaly,0.009650100953876972,fp_naa_c1_mse_seed42,server02_fp_naa_screening_20260817T070937Z
bearingEmu/test/section_00_source_test_anomaly_0034_noAttribute.wav,bearingEmu,section_00,source,anomaly,-0.00015203317161649466,fp_naa_c1_mse_seed42,server02_fp_naa_screening_20260817T070937Z
bearingEmu/test/section_00_source_test_anomaly_0035_noAttribute.wav,bearingEmu,section_00,source,anomaly,0.0028710428159683943,fp_naa_c1_mse_seed42,server02_fp_naa_screening_20260817T070937Z
bearingEmu/test/section_00_source_test_anomaly_0036_noAttribute.wav,bearingEmu,section_00,source,anomaly,0.0006335687357932329,fp_naa_c1_mse_seed42,server02_fp_naa_screening_20260817T070937Z
bearingEmu/test/section_00_source_test_anomaly_0037_noAttribute.wav,bearingEmu,section_00,source,anomaly,0.0005743558285757899,fp_naa_c1_mse_seed42,server02_fp_naa_screening_20260817T070937Z
bearingEmu/test/section_00_source_test_anomaly_0038_noAttribute.wav,bearingEmu,section_00,source,anomaly,0.010928986594080925,fp_naa_c1_mse_seed42,server02_fp_naa_screening_20260817T070937Z
bearingEmu/test/section_00_source_test_anomaly_0039_noAttribute.wav,bearingEmu,section_00,source,anomaly,0.0028094626031816006,fp_naa_c1_mse_seed42,server02_fp_naa_screening_20260817T070937Z
bearingEmu/test/section_00_source_test_anomaly_0040_noAttribute.wav,bearingEmu,section_00,source,anomaly,0.003105317009612918,fp_naa_c1_mse_seed42,server02_fp_naa_screening_20260817T070937Z
bearingEmu/test/section_00_source_test_anomaly_0041_noAttribute.wav,bearingEmu,section_00,source,anomaly,0.0010215342044830322,fp_naa_c1_mse_seed42,server02_fp_naa_screening_20260817T070937Z
bearingEmu/test/section_00_source_test_anomaly_0042_noAttribute.wav,bearingEmu,section_00,source,anomaly,0.003515808843076229,fp_naa_c1_mse_seed42,server02_fp_naa_screening_20260817T070937Z
bearingEmu/test/section_00_source_test_anomaly_0043_noAttribute.wav,bearingEmu,section_00,source,anomaly,0.0013814743142575026,fp_naa_c1_mse_seed42,server02_fp_naa_screening_20260817T070937Z
bearingEmu/test/section_00_source_test_anomaly_0044_noAttribute.wav,bearingEmu,section_00,source,anomaly,0.00019629084272310138,fp_naa_c1_mse_seed42,server02_fp_naa_screening_20260817T070937Z
bearingEmu/test/section_00_source_test_anomaly_0045_noAttribute.wav,bearingEmu,section_00,source,anomaly,0.0016828355146571994,fp_naa_c1_mse_seed42,server02_fp_naa_screening_20260817T070937Z
bearingEmu/test/section_00_source_test_anomaly_0046_noAttribute.wav,bearingEmu,section_00,source,anomaly,0.0010839130263775587,fp_naa_c1_mse_seed42,server02_fp_naa_screening_20260817T070937Z
bearingEmu/test/section_00_source_test_anomaly_0047_noAttribute.wav,bearingEmu,section_00,source,anomaly,-2.015367499552667e-05,fp_naa_c1_mse_seed42,server02_fp_naa_screening_20260817T070937Z
bearingEmu/test/section_00_source_test_anomaly_0048_noAttribute.wav,bearingEmu,section_00,source,anomaly,0.0030089239589869976,fp_naa_c1_mse_seed42,server02_fp_naa_screening_20260817T070937Z
bearingEmu/test/section_00_source_test_anomaly_0049_noAttribute.wav,bearingEmu,section_00,source,anomaly,0.00019485587836243212,fp_naa_c1_mse_seed42,server02_fp_naa_screening_20260817T070937Z
bearingEmu/test/section_00_source_test_normal_0000_noAttribute.wav,bearingEmu,section_00,source,normal,0.0011315651936456561,fp_naa_c1_mse_seed42,server02_fp_naa_screening_20260817T070937Z
bearingEmu/test/section_00_source_test_normal_0001_noAttribute.wav,bearingEmu,section_00,source,normal,0.0014617134584113955,fp_naa_c1_mse_seed42,server02_fp_naa_screening_20260817T070937Z
bearingEmu/test/section_00_source_test_normal_0002_noAttribute.wav,bearingEmu,section_00,source,normal,0.0013188126031309366,fp_naa_c1_mse_seed42,server02_fp_naa_screening_20260817T070937Z
bearingEmu/test/section_00_source_test_normal_0003_noAttribute.wav,bearingEmu,section_00,source,normal,0.0014510548207908869,fp_naa_c1_mse_seed42,server02_fp_naa_screening_20260817T070937Z
bearingEmu/test/section_00_source_test_normal_0004_noAttribute.wav,bearingEmu,section_00,source,normal,-6.426764593925327e-05,fp_naa_c1_mse_seed42,server02_fp_naa_screening_20260817T070937Z
bearingEmu/test/section_00_source_test_normal_0005_noAttribute.wav,bearingEmu,section_00,source,normal,0.0005309107364155352,fp_naa_c1_mse_seed42,server02_fp_naa_screening_20260817T070937Z
bearingEmu/test/section_00_source_test_normal_0006_noAttribute.wav,bearingEmu,section_00,source,normal,0.00036585063207894564,fp_naa_c1_mse_seed42,server02_fp_naa_screening_20260817T070937Z
bearingEmu/test/section_00_source_test_normal_0007_noAttribute.wav,bearingEmu,section_00,source,normal,2.72698380285874e-05,fp_naa_c1_mse_seed42,server02_fp_naa_screening_20260817T070937Z
bearingEmu/test/section_00_source_test_normal_0008_noAttribute.wav,bearingEmu,section_00,source,normal,-0.00022016846924088895,fp_naa_c1_mse_seed42,server02_fp_naa_screening_20260817T070937Z
bearingEmu/test/section_00_source_test_normal_0009_noAttribute.wav,bearingEmu,section_00,source,normal,0.0005539301782846451,fp_naa_c1_mse_seed42,server02_fp_naa_screening_20260817T070937Z
bearingEmu/test/section_00_source_test_normal_0010_noAttribute.wav,bearingEmu,section_00,source,normal,0.001248650485649705,fp_naa_c1_mse_seed42,server02_fp_naa_screening_20260817T070937Z
bearingEmu/test/section_00_source_test_normal_0011_noAttribute.wav,bearingEmu,section_00,source,normal,0.0001374005660181865,fp_naa_c1_mse_seed42,server02_fp_naa_screening_20260817T070937Z
bearingEmu/test/section_00_source_test_normal_0012_noAttribute.wav,bearingEmu,section_00,source,normal,0.004110908601433039,fp_naa_c1_mse_seed42,server02_fp_naa_screening_20260817T070937Z
bearingEmu/test/section_00_source_test_normal_0013_noAttribute.wav,bearingEmu,section_00,source,normal,0.0005527574103325605,fp_naa_c1_mse_seed42,server02_fp_naa_screening_20260817T070937Z
bearingEmu/test/section_00_source_test_normal_0014_noAttribute.wav,bearingEmu,section_00,source,normal,0.001202274113893509,fp_naa_c1_mse_seed42,server02_fp_naa_screening_20260817T070937Z
bearingEmu/test/section_00_source_test_normal_0015_noAttribute.wav,bearingEmu,section_00,source,normal,0.00011215731501579285,fp_naa_c1_mse_seed42,server02_fp_naa_screening_20260817T070937Z
bearingEmu/test/section_00_source_test_normal_0016_noAttribute.wav,bearingEmu,section_00,source,normal,0.000631344155408442,fp_naa_c1_mse_seed42,server02_fp_naa_screening_20260817T070937Z
bearingEmu/test/section_00_source_test_normal_0017_noAttribute.wav,bearingEmu,section_00,source,normal,0.0006169286789372563,fp_naa_c1_mse_seed42,server02_fp_naa_screening_20260817T070937Z
bearingEmu/test/section_00_source_test_normal_0018_noAttribute.wav,bearingEmu,section_00,source,normal,0.00024546062923036516,fp_naa_c1_mse_seed42,server02_fp_naa_screening_20260817T070937Z
bearingEmu/test/section_00_source_test_normal_0019_noAttribute.wav,bearingEmu,section_00,source,normal,0.00010262479190714657,fp_naa_c1_mse_seed42,server02_fp_naa_screening_20260817T070937Z
bearingEmu/test/section_00_source_test_normal_0020_noAttribute.wav,bearingEmu,section_00,source,normal,0.0003871203225571662,fp_naa_c1_mse_seed42,server02_fp_naa_screening_20260817T070937Z
bearingEmu/test/section_00_source_test_normal_0021_noAttribute.wav,bearingEmu,section_00,source,normal,0.0004965716507285833,fp_naa_c1_mse_seed42,server02_fp_naa_screening_20260817T070937Z
bearingEmu/test/section_00_source_test_normal_0022_noAttribute.wav,bearingEmu,section_00,source,normal,0.001458170241676271,fp_naa_c1_mse_seed42,server02_fp_naa_screening_20260817T070937Z
bearingEmu/test/section_00_source_test_normal_0023_noAttribute.wav,bearingEmu,section_00,source,normal,-9.603230864740908e-06,fp_naa_c1_mse_seed42,server02_fp_naa_screening_20260817T070937Z
bearingEmu/test/section_00_source_test_normal_0024_noAttribute.wav,bearingEmu,section_00,source,normal,0.0005375880864448845,fp_naa_c1_mse_seed42,server02_fp_naa_screening_20260817T070937Z
bearingEmu/test/section_00_source_test_normal_0025_noAttribute.wav,bearingEmu,section_00,source,normal,0.00040040607564151287,fp_naa_c1_mse_seed42,server02_fp_naa_screening_20260817T070937Z
bearingEmu/test/section_00_source_test_normal_0026_noAttribute.wav,bearingEmu,section_00,source,normal,0.0011996723478659987,fp_naa_c1_mse_seed42,server02_fp_naa_screening_20260817T070937Z
bearingEmu/test/section_00_source_test_normal_0027_noAttribute.wav,bearingEmu,section_00,source,normal,0.0005895305657759309,fp_naa_c1_mse_seed42,server02_fp_naa_screening_20260817T070937Z
bearingEmu/test/section_00_source_test_normal_0028_noAttribute.wav,bearingEmu,section_00,source,normal,0.0005423377733677626,fp_naa_c1_mse_seed42,server02_fp_naa_screening_20260817T070937Z
bearingEmu/test/section_00_source_test_normal_0029_noAttribute.wav,bearingEmu,section_00,source,normal,0.0012321859830990434,fp_naa_c1_mse_seed42,server02_fp_naa_screening_20260817T070937Z
bearingEmu/test/section_00_source_test_normal_0030_noAttribute.wav,bearingEmu,section_00,source,normal,0.004208079539239407,fp_naa_c1_mse_seed42,server02_fp_naa_screening_20260817T070937Z
bearingEmu/test/section_00_source_test_normal_0031_noAttribute.wav,bearingEmu,section_00,source,normal,0.001887588296085596,fp_naa_c1_mse_seed42,server02_fp_naa_screening_20260817T070937Z
bearingEmu/test/section_00_source_test_normal_0032_noAttribute.wav,bearingEmu,section_00,source,normal,0.0007220962434075773,fp_naa_c1_mse_seed42,server02_fp_naa_screening_20260817T070937Z
bearingEmu/test/section_00_source_test_normal_0033_noAttribute.wav,bearingEmu,section_00,source,normal,0.0004688823828473687,fp_naa_c1_mse_seed42,server02_fp_naa_screening_20260817T070937Z
bearingEmu/test/section_00_source_test_normal_0034_noAttribute.wav,bearingEmu,section_00,source,normal,0.0022735516540706158,fp_naa_c1_mse_seed42,server02_fp_naa_screening_20260817T070937Z
bearingEmu/test/section_00_source_test_normal_0035_noAttribute.wav,bearingEmu,section_00,source,normal,-1.1664960766211152e-05,fp_naa_c1_mse_seed42,server02_fp_naa_screening_20260817T070937Z
bearingEmu/test/section_00_source_test_normal_0036_noAttribute.wav,bearingEmu,section_00,source,normal,0.0010498090414330363,fp_naa_c1_mse_seed42,server02_fp_naa_screening_20260817T070937Z
bearingEmu/test/section_00_source_test_normal_0037_noAttribute.wav,bearingEmu,section_00,source,normal,0.001783951185643673,fp_naa_c1_mse_seed42,server02_fp_naa_screening_20260817T070937Z
bearingEmu/test/section_00_source_test_normal_0038_noAttribute.wav,bearingEmu,section_00,source,normal,-0.0005988024640828371,fp_naa_c1_mse_seed42,server02_fp_naa_screening_20260817T070937Z
bearingEmu/test/section_00_source_test_normal_0039_noAttribute.wav,bearingEmu,section_00,source,normal,0.00013343768659979105,fp_naa_c1_mse_seed42,server02_fp_naa_screening_20260817T070937Z
bearingEmu/test/section_00_source_test_normal_0040_noAttribute.wav,bearingEmu,section_00,source,normal,0.0035770838148891926,fp_naa_c1_mse_seed42,server02_fp_naa_screening_20260817T070937Z
bearingEmu/test/section_00_source_test_normal_0041_noAttribute.wav,bearingEmu,section_00,source,normal,0.0011330662528052926,fp_naa_c1_mse_seed42,server02_fp_naa_screening_20260817T070937Z
bearingEmu/test/section_00_source_test_normal_0042_noAttribute.wav,bearingEmu,section_00,source,normal,0.000206531272851862,fp_naa_c1_mse_seed42,server02_fp_naa_screening_20260817T070937Z
bearingEmu/test/section_00_source_test_normal_0043_noAttribute.wav,bearingEmu,section_00,source,normal,-0.00011012011964339763,fp_naa_c1_mse_seed42,server02_fp_naa_screening_20260817T070937Z
bearingEmu/test/section_00_source_test_normal_0044_noAttribute.wav,bearingEmu,section_00,source,normal,0.002310636453330517,fp_naa_c1_mse_seed42,server02_fp_naa_screening_20260817T070937Z
bearingEmu/test/section_00_source_test_normal_0045_noAttribute.wav,bearingEmu,section_00,source,normal,0.0012564921053126454,fp_naa_c1_mse_seed42,server02_fp_naa_screening_20260817T070937Z
bearingEmu/test/section_00_source_test_normal_0046_noAttribute.wav,bearingEmu,section_00,source,normal,0.001623386749997735,fp_naa_c1_mse_seed42,server02_fp_naa_screening_20260817T070937Z
bearingEmu/test/section_00_source_test_normal_0047_noAttribute.wav,bearingEmu,section_00,source,normal,0.0025355492252856493,fp_naa_c1_mse_seed42,server02_fp_naa_screening_20260817T070937Z
bearingEmu/test/section_00_source_test_normal_0048_noAttribute.wav,bearingEmu,section_00,source,normal,0.000720107345841825,fp_naa_c1_mse_seed42,server02_fp_naa_screening_20260817T070937Z
bearingEmu/test/section_00_source_test_normal_0049_noAttribute.wav,bearingEmu,section_00,source,normal,0.0005348090780898929,fp_naa_c1_mse_seed42,server02_fp_naa_screening_20260817T070937Z
bearingEmu/test/section_00_target_test_anomaly_0000_noAttribute.wav,bearingEmu,section_00,target,anomaly,0.004870245698839426,fp_naa_c1_mse_seed42,server02_fp_naa_screening_20260817T070937Z
bearingEmu/test/section_00_target_test_anomaly_0001_noAttribute.wav,bearingEmu,section_00,target,anomaly,0.0012269738363102078,fp_naa_c1_mse_seed42,server02_fp_naa_screening_20260817T070937Z
bearingEmu/test/section_00_target_test_anomaly_0002_noAttribute.wav,bearingEmu,section_00,target,anomaly,0.00613937433809042,fp_naa_c1_mse_seed42,server02_fp_naa_screening_20260817T070937Z
bearingEmu/test/section_00_target_test_anomaly_0003_noAttribute.wav,bearingEmu,section_00,target,anomaly,0.0006849099299870431,fp_naa_c1_mse_seed42,server02_fp_naa_screening_20260817T070937Z
bearingEmu/test/section_00_target_test_anomaly_0004_noAttribute.wav,bearingEmu,section_00,target,anomaly,0.0013509222771972418,fp_naa_c1_mse_seed42,server02_fp_naa_screening_20260817T070937Z
bearingEmu/test/section_00_target_test_anomaly_0005_noAttribute.wav,bearingEmu,section_00,target,anomaly,0.0005589864449575543,fp_naa_c1_mse_seed42,server02_fp_naa_screening_20260817T070937Z
bearingEmu/test/section_00_target_test_anomaly_0006_noAttribute.wav,bearingEmu,section_00,target,anomaly,0.0011052017798647285,fp_naa_c1_mse_seed42,server02_fp_naa_screening_20260817T070937Z
bearingEmu/test/section_00_target_test_anomaly_0007_noAttribute.wav,bearingEmu,section_00,target,anomaly,0.008036733604967594,fp_naa_c1_mse_seed42,server02_fp_naa_screening_20260817T070937Z
bearingEmu/test/section_00_target_test_anomaly_0008_noAttribute.wav,bearingEmu,section_00,target,anomaly,0.0006643321830779314,fp_naa_c1_mse_seed42,server02_fp_naa_screening_20260817T070937Z
bearingEmu/test/section_00_target_test_anomaly_0009_noAttribute.wav,bearingEmu,section_00,target,anomaly,0.0002788528800010681,fp_naa_c1_mse_seed42,server02_fp_naa_screening_20260817T070937Z
bearingEmu/test/section_00_target_test_anomaly_0010_noAttribute.wav,bearingEmu,section_00,target,anomaly,0.0017725375946611166,fp_naa_c1_mse_seed42,server02_fp_naa_screening_20260817T070937Z
bearingEmu/test/section_00_target_test_anomaly_0011_noAttribute.wav,bearingEmu,section_00,target,anomaly,0.00034258022787980735,fp_naa_c1_mse_seed42,server02_fp_naa_screening_20260817T070937Z
bearingEmu/test/section_00_target_test_anomaly_0012_noAttribute.wav,bearingEmu,section_00,target,anomaly,0.011324667371809483,fp_naa_c1_mse_seed42,server02_fp_naa_screening_20260817T070937Z
bearingEmu/test/section_00_target_test_anomaly_0013_noAttribute.wav,bearingEmu,section_00,target,anomaly,0.0028811204247176647,fp_naa_c1_mse_seed42,server02_fp_naa_screening_20260817T070937Z
bearingEmu/test/section_00_target_test_anomaly_0014_noAttribute.wav,bearingEmu,section_00,target,anomaly,0.0005941205890849233,fp_naa_c1_mse_seed42,server02_fp_naa_screening_20260817T070937Z
bearingEmu/test/section_00_target_test_anomaly_0015_noAttribute.wav,bearingEmu,section_00,target,anomaly,0.0030693775042891502,fp_naa_c1_mse_seed42,server02_fp_naa_screening_20260817T070937Z
bearingEmu/test/section_00_target_test_anomaly_0016_noAttribute.wav,bearingEmu,section_00,target,anomaly,0.002136745722964406,fp_naa_c1_mse_seed42,server02_fp_naa_screening_20260817T070937Z
bearingEmu/test/section_00_target_test_anomaly_0017_noAttribute.wav,bearingEmu,section_00,target,anomaly,0.0020452768076211214,fp_naa_c1_mse_seed42,server02_fp_naa_screening_20260817T070937Z
bearingEmu/test/section_00_target_test_anomaly_0018_noAttribute.wav,bearingEmu,section_00,target,anomaly,0.0018032804364338517,fp_naa_c1_mse_seed42,server02_fp_naa_screening_20260817T070937Z
bearingEmu/test/section_00_target_test_anomaly_0019_noAttribute.wav,bearingEmu,section_00,target,anomaly,0.0010026118252426386,fp_naa_c1_mse_seed42,server02_fp_naa_screening_20260817T070937Z
bearingEmu/test/section_00_target_test_anomaly_0020_noAttribute.wav,bearingEmu,section_00,target,anomaly,0.001385807292535901,fp_naa_c1_mse_seed42,server02_fp_naa_screening_20260817T070937Z
bearingEmu/test/section_00_target_test_anomaly_0021_noAttribute.wav,bearingEmu,section_00,target,anomaly,0.000817032647319138,fp_naa_c1_mse_seed42,server02_fp_naa_screening_20260817T070937Z
bearingEmu/test/section_00_target_test_anomaly_0022_noAttribute.wav,bearingEmu,section_00,target,anomaly,0.0054629212245345116,fp_naa_c1_mse_seed42,server02_fp_naa_screening_20260817T070937Z
bearingEmu/test/section_00_target_test_anomaly_0023_noAttribute.wav,bearingEmu,section_00,target,anomaly,0.0016932415310293436,fp_naa_c1_mse_seed42,server02_fp_naa_screening_20260817T070937Z
bearingEmu/test/section_00_target_test_anomaly_0024_noAttribute.wav,bearingEmu,section_00,target,anomaly,0.0007714371895417571,fp_naa_c1_mse_seed42,server02_fp_naa_screening_20260817T070937Z
bearingEmu/test/section_00_target_test_anomaly_0025_noAttribute.wav,bearingEmu,section_00,target,anomaly,0.00939929485321045,fp_naa_c1_mse_seed42,server02_fp_naa_screening_20260817T070937Z
bearingEmu/test/section_00_target_test_anomaly_0026_noAttribute.wav,bearingEmu,section_00,target,anomaly,0.006938927341252565,fp_naa_c1_mse_seed42,server02_fp_naa_screening_20260817T070937Z
bearingEmu/test/section_00_target_test_anomaly_0027_noAttribute.wav,bearingEmu,section_00,target,anomaly,0.0002327585534658283,fp_naa_c1_mse_seed42,server02_fp_naa_screening_20260817T070937Z
bearingEmu/test/section_00_target_test_anomaly_0028_noAttribute.wav,bearingEmu,section_00,target,anomaly,0.00012734324263874441,fp_naa_c1_mse_seed42,server02_fp_naa_screening_20260817T070937Z
bearingEmu/test/section_00_target_test_anomaly_0029_noAttribute.wav,bearingEmu,section_00,target,anomaly,0.0060343132354319096,fp_naa_c1_mse_seed42,server02_fp_naa_screening_20260817T070937Z
bearingEmu/test/section_00_target_test_anomaly_0030_noAttribute.wav,bearingEmu,section_00,target,anomaly,0.00907900184392929,fp_naa_c1_mse_seed42,server02_fp_naa_screening_20260817T070937Z
bearingEmu/test/section_00_target_test_anomaly_0031_noAttribute.wav,bearingEmu,section_00,target,anomaly,0.00048532465007156134,fp_naa_c1_mse_seed42,server02_fp_naa_screening_20260817T070937Z
bearingEmu/test/section_00_target_test_anomaly_0032_noAttribute.wav,bearingEmu,section_00,target,anomaly,-0.00017576491518411785,fp_naa_c1_mse_seed42,server02_fp_naa_screening_20260817T070937Z
bearingEmu/test/section_00_target_test_anomaly_0033_noAttribute.wav,bearingEmu,section_00,target,anomaly,0.0005268283421173692,fp_naa_c1_mse_seed42,server02_fp_naa_screening_20260817T070937Z
bearingEmu/test/section_00_target_test_anomaly_0034_noAttribute.wav,bearingEmu,section_00,target,anomaly,0.0049674054607748985,fp_naa_c1_mse_seed42,server02_fp_naa_screening_20260817T070937Z
bearingEmu/test/section_00_target_test_anomaly_0035_noAttribute.wav,bearingEmu,section_00,target,anomaly,0.0012311374302953482,fp_naa_c1_mse_seed42,server02_fp_naa_screening_20260817T070937Z
bearingEmu/test/section_00_target_test_anomaly_0036_noAttribute.wav,bearingEmu,section_00,target,anomaly,0.008452425710856915,fp_naa_c1_mse_seed42,server02_fp_naa_screening_20260817T070937Z
bearingEmu/test/section_00_target_test_anomaly_0037_noAttribute.wav,bearingEmu,section_00,target,anomaly,0.0014728306559845805,fp_naa_c1_mse_seed42,server02_fp_naa_screening_20260817T070937Z
bearingEmu/test/section_00_target_test_anomaly_0038_noAttribute.wav,bearingEmu,section_00,target,anomaly,0.0009383258293382823,fp_naa_c1_mse_seed42,server02_fp_naa_screening_20260817T070937Z
bearingEmu/test/section_00_target_test_anomaly_0039_noAttribute.wav,bearingEmu,section_00,target,anomaly,0.000858662067912519,fp_naa_c1_mse_seed42,server02_fp_naa_screening_20260817T070937Z
bearingEmu/test/section_00_target_test_anomaly_0040_noAttribute.wav,bearingEmu,section_00,target,anomaly,0.0004957467899657786,fp_naa_c1_mse_seed42,server02_fp_naa_screening_20260817T070937Z
bearingEmu/test/section_00_target_test_anomaly_0041_noAttribute.wav,bearingEmu,section_00,target,anomaly,0.0017145299352705479,fp_naa_c1_mse_seed42,server02_fp_naa_screening_20260817T070937Z
bearingEmu/test/section_00_target_test_anomaly_0042_noAttribute.wav,bearingEmu,section_00,target,anomaly,0.0009182086796499789,fp_naa_c1_mse_seed42,server02_fp_naa_screening_20260817T070937Z
bearingEmu/test/section_00_target_test_anomaly_0043_noAttribute.wav,bearingEmu,section_00,target,anomaly,-5.08399389218539e-05,fp_naa_c1_mse_seed42,server02_fp_naa_screening_20260817T070937Z
bearingEmu/test/section_00_target_test_anomaly_0044_noAttribute.wav,bearingEmu,section_00,target,anomaly,0.0005932827480137348,fp_naa_c1_mse_seed42,server02_fp_naa_screening_20260817T070937Z
bearingEmu/test/section_00_target_test_anomaly_0045_noAttribute.wav,bearingEmu,section_00,target,anomaly,0.0004446965176612139,fp_naa_c1_mse_seed42,server02_fp_naa_screening_20260817T070937Z
bearingEmu/test/section_00_target_test_anomaly_0046_noAttribute.wav,bearingEmu,section_00,target,anomaly,0.0010355350095778704,fp_naa_c1_mse_seed42,server02_fp_naa_screening_20260817T070937Z
bearingEmu/test/section_00_target_test_anomaly_0047_noAttribute.wav,bearingEmu,section_00,target,anomaly,0.0015265875263139606,fp_naa_c1_mse_seed42,server02_fp_naa_screening_20260817T070937Z
bearingEmu/test/section_00_target_test_anomaly_0048_noAttribute.wav,bearingEmu,section_00,target,anomaly,0.007027440704405308,fp_naa_c1_mse_seed42,server02_fp_naa_screening_20260817T070937Z
bearingEmu/test/section_00_target_test_anomaly_0049_noAttribute.wav,bearingEmu,section_00,target,anomaly,0.0008092294447124004,fp_naa_c1_mse_seed42,server02_fp_naa_screening_20260817T070937Z
bearingEmu/test/section_00_target_test_normal_0000_noAttribute.wav,bearingEmu,section_00,target,normal,0.0014981261920183897,fp_naa_c1_mse_seed42,server02_fp_naa_screening_20260817T070937Z
bearingEmu/test/section_00_target_test_normal_0001_noAttribute.wav,bearingEmu,section_00,target,normal,0.0016655491199344397,fp_naa_c1_mse_seed42,server02_fp_naa_screening_20260817T070937Z
bearingEmu/test/section_00_target_test_normal_0002_noAttribute.wav,bearingEmu,section_00,target,normal,0.00014835133333690464,fp_naa_c1_mse_seed42,server02_fp_naa_screening_20260817T070937Z
bearingEmu/test/section_00_target_test_normal_0003_noAttribute.wav,bearingEmu,section_00,target,normal,0.0022545061074197292,fp_naa_c1_mse_seed42,server02_fp_naa_screening_20260817T070937Z
bearingEmu/test/section_00_target_test_normal_0004_noAttribute.wav,bearingEmu,section_00,target,normal,0.0009594992734491825,fp_naa_c1_mse_seed42,server02_fp_naa_screening_20260817T070937Z
bearingEmu/test/section_00_target_test_normal_0005_noAttribute.wav,bearingEmu,section_00,target,normal,0.0021110123489052057,fp_naa_c1_mse_seed42,server02_fp_naa_screening_20260817T070937Z
bearingEmu/test/section_00_target_test_normal_0006_noAttribute.wav,bearingEmu,section_00,target,normal,0.0017194243846461177,fp_naa_c1_mse_seed42,server02_fp_naa_screening_20260817T070937Z
bearingEmu/test/section_00_target_test_normal_0007_noAttribute.wav,bearingEmu,section_00,target,normal,0.0009528761147521436,fp_naa_c1_mse_seed42,server02_fp_naa_screening_20260817T070937Z
bearingEmu/test/section_00_target_test_normal_0008_noAttribute.wav,bearingEmu,section_00,target,normal,0.0006601328495889902,fp_naa_c1_mse_seed42,server02_fp_naa_screening_20260817T070937Z
bearingEmu/test/section_00_target_test_normal_0009_noAttribute.wav,bearingEmu,section_00,target,normal,0.00024636293528601527,fp_naa_c1_mse_seed42,server02_fp_naa_screening_20260817T070937Z
bearingEmu/test/section_00_target_test_normal_0010_noAttribute.wav,bearingEmu,section_00,target,normal,0.001916048931889236,fp_naa_c1_mse_seed42,server02_fp_naa_screening_20260817T070937Z
bearingEmu/test/section_00_target_test_normal_0011_noAttribute.wav,bearingEmu,section_00,target,normal,6.597059837076813e-05,fp_naa_c1_mse_seed42,server02_fp_naa_screening_20260817T070937Z
bearingEmu/test/section_00_target_test_normal_0012_noAttribute.wav,bearingEmu,section_00,target,normal,0.0008452552137896419,fp_naa_c1_mse_seed42,server02_fp_naa_screening_20260817T070937Z
bearingEmu/test/section_00_target_test_normal_0013_noAttribute.wav,bearingEmu,section_00,target,normal,0.0001396184670738876,fp_naa_c1_mse_seed42,server02_fp_naa_screening_20260817T070937Z
bearingEmu/test/section_00_target_test_normal_0014_noAttribute.wav,bearingEmu,section_00,target,normal,-0.0010501472279429436,fp_naa_c1_mse_seed42,server02_fp_naa_screening_20260817T070937Z
bearingEmu/test/section_00_target_test_normal_0015_noAttribute.wav,bearingEmu,section_00,target,normal,0.0024364585988223553,fp_naa_c1_mse_seed42,server02_fp_naa_screening_20260817T070937Z
bearingEmu/test/section_00_target_test_normal_0016_noAttribute.wav,bearingEmu,section_00,target,normal,0.0010083782253786922,fp_naa_c1_mse_seed42,server02_fp_naa_screening_20260817T070937Z
bearingEmu/test/section_00_target_test_normal_0017_noAttribute.wav,bearingEmu,section_00,target,normal,0.0023472625762224197,fp_naa_c1_mse_seed42,server02_fp_naa_screening_20260817T070937Z
bearingEmu/test/section_00_target_test_normal_0018_noAttribute.wav,bearingEmu,section_00,target,normal,0.0008600492146797478,fp_naa_c1_mse_seed42,server02_fp_naa_screening_20260817T070937Z
bearingEmu/test/section_00_target_test_normal_0019_noAttribute.wav,bearingEmu,section_00,target,normal,0.0011608736822381616,fp_naa_c1_mse_seed42,server02_fp_naa_screening_20260817T070937Z
bearingEmu/test/section_00_target_test_normal_0020_noAttribute.wav,bearingEmu,section_00,target,normal,0.0007029047701507807,fp_naa_c1_mse_seed42,server02_fp_naa_screening_20260817T070937Z
bearingEmu/test/section_00_target_test_normal_0021_noAttribute.wav,bearingEmu,section_00,target,normal,0.0024260415229946375,fp_naa_c1_mse_seed42,server02_fp_naa_screening_20260817T070937Z
bearingEmu/test/section_00_target_test_normal_0022_noAttribute.wav,bearingEmu,section_00,target,normal,0.0015301716048270464,fp_naa_c1_mse_seed42,server02_fp_naa_screening_20260817T070937Z
bearingEmu/test/section_00_target_test_normal_0023_noAttribute.wav,bearingEmu,section_00,target,normal,0.00022018291929271072,fp_naa_c1_mse_seed42,server02_fp_naa_screening_20260817T070937Z
bearingEmu/test/section_00_target_test_normal_0024_noAttribute.wav,bearingEmu,section_00,target,normal,0.0008287841337732971,fp_naa_c1_mse_seed42,server02_fp_naa_screening_20260817T070937Z
bearingEmu/test/section_00_target_test_normal_0025_noAttribute.wav,bearingEmu,section_00,target,normal,0.000610486778896302,fp_naa_c1_mse_seed42,server02_fp_naa_screening_20260817T070937Z
bearingEmu/test/section_00_target_test_normal_0026_noAttribute.wav,bearingEmu,section_00,target,normal,0.0005259441095404327,fp_naa_c1_mse_seed42,server02_fp_naa_screening_20260817T070937Z
bearingEmu/test/section_00_target_test_normal_0027_noAttribute.wav,bearingEmu,section_00,target,normal,0.0005361083312891424,fp_naa_c1_mse_seed42,server02_fp_naa_screening_20260817T070937Z
bearingEmu/test/section_00_target_test_normal_0028_noAttribute.wav,bearingEmu,section_00,target,normal,0.0006515122950077057,fp_naa_c1_mse_seed42,server02_fp_naa_screening_20260817T070937Z
bearingEmu/test/section_00_target_test_normal_0029_noAttribute.wav,bearingEmu,section_00,target,normal,0.0003756149089895189,fp_naa_c1_mse_seed42,server02_fp_naa_screening_20260817T070937Z
bearingEmu/test/section_00_target_test_normal_0030_noAttribute.wav,bearingEmu,section_00,target,normal,0.0027569117955863476,fp_naa_c1_mse_seed42,server02_fp_naa_screening_20260817T070937Z
bearingEmu/test/section_00_target_test_normal_0031_noAttribute.wav,bearingEmu,section_00,target,normal,0.002107827225700021,fp_naa_c1_mse_seed42,server02_fp_naa_screening_20260817T070937Z
bearingEmu/test/section_00_target_test_normal_0032_noAttribute.wav,bearingEmu,section_00,target,normal,0.0012020149733871222,fp_naa_c1_mse_seed42,server02_fp_naa_screening_20260817T070937Z
bearingEmu/test/section_00_target_test_normal_0033_noAttribute.wav,bearingEmu,section_00,target,normal,0.0005434398772194982,fp_naa_c1_mse_seed42,server02_fp_naa_screening_20260817T070937Z
bearingEmu/test/section_00_target_test_normal_0034_noAttribute.wav,bearingEmu,section_00,target,normal,0.0003978121967520565,fp_naa_c1_mse_seed42,server02_fp_naa_screening_20260817T070937Z
bearingEmu/test/section_00_target_test_normal_0035_noAttribute.wav,bearingEmu,section_00,target,normal,0.0012635827297344804,fp_naa_c1_mse_seed42,server02_fp_naa_screening_20260817T070937Z
bearingEmu/test/section_00_target_test_normal_0036_noAttribute.wav,bearingEmu,section_00,target,normal,0.0008573851664550602,fp_naa_c1_mse_seed42,server02_fp_naa_screening_20260817T070937Z
bearingEmu/test/section_00_target_test_normal_0037_noAttribute.wav,bearingEmu,section_00,target,normal,0.000732754182536155,fp_naa_c1_mse_seed42,server02_fp_naa_screening_20260817T070937Z
bearingEmu/test/section_00_target_test_normal_0038_noAttribute.wav,bearingEmu,section_00,target,normal,0.0020239255391061306,fp_naa_c1_mse_seed42,server02_fp_naa_screening_20260817T070937Z
bearingEmu/test/section_00_target_test_normal_0039_noAttribute.wav,bearingEmu,section_00,target,normal,0.00021966808708384633,fp_naa_c1_mse_seed42,server02_fp_naa_screening_20260817T070937Z
bearingEmu/test/section_00_target_test_normal_0040_noAttribute.wav,bearingEmu,section_00,target,normal,0.0009383753058500588,fp_naa_c1_mse_seed42,server02_fp_naa_screening_20260817T070937Z
bearingEmu/test/section_00_target_test_normal_0041_noAttribute.wav,bearingEmu,section_00,target,normal,0.0013980914372950792,fp_naa_c1_mse_seed42,server02_fp_naa_screening_20260817T070937Z
bearingEmu/test/section_00_target_test_normal_0042_noAttribute.wav,bearingEmu,section_00,target,normal,0.0005960115813650191,fp_naa_c1_mse_seed42,server02_fp_naa_screening_20260817T070937Z
bearingEmu/test/section_00_target_test_normal_0043_noAttribute.wav,bearingEmu,section_00,target,normal,0.0005930530605837703,fp_naa_c1_mse_seed42,server02_fp_naa_screening_20260817T070937Z
bearingEmu/test/section_00_target_test_normal_0044_noAttribute.wav,bearingEmu,section_00,target,normal,0.0033495458774268627,fp_naa_c1_mse_seed42,server02_fp_naa_screening_20260817T070937Z
bearingEmu/test/section_00_target_test_normal_0045_noAttribute.wav,bearingEmu,section_00,target,normal,0.00025750460918061435,fp_naa_c1_mse_seed42,server02_fp_naa_screening_20260817T070937Z
bearingEmu/test/section_00_target_test_normal_0046_noAttribute.wav,bearingEmu,section_00,target,normal,0.002324455650523305,fp_naa_c1_mse_seed42,server02_fp_naa_screening_20260817T070937Z
bearingEmu/test/section_00_target_test_normal_0047_noAttribute.wav,bearingEmu,section_00,target,normal,0.000999486306682229,fp_naa_c1_mse_seed42,server02_fp_naa_screening_20260817T070937Z
bearingEmu/test/section_00_target_test_normal_0048_noAttribute.wav,bearingEmu,section_00,target,normal,0.0003701874811667949,fp_naa_c1_mse_seed42,server02_fp_naa_screening_20260817T070937Z
bearingEmu/test/section_00_target_test_normal_0049_noAttribute.wav,bearingEmu,section_00,target,normal,0.0012138758320361376,fp_naa_c1_mse_seed42,server02_fp_naa_screening_20260817T070937Z
fan/test/section_00_source_test_anomaly_0000_spd_1.wav,fan,section_00,source,anomaly,0.0002981501747854054,fp_naa_c1_mse_seed42,server02_fp_naa_screening_20260817T070937Z
fan/test/section_00_source_test_anomaly_0001_spd_3.wav,fan,section_00,source,anomaly,0.0007329359650611877,fp_naa_c1_mse_seed42,server02_fp_naa_screening_20260817T070937Z
fan/test/section_00_source_test_anomaly_0002_spd_1.wav,fan,section_00,source,anomaly,-9.481795132160187e-05,fp_naa_c1_mse_seed42,server02_fp_naa_screening_20260817T070937Z
fan/test/section_00_source_test_anomaly_0003_spd_2.wav,fan,section_00,source,anomaly,0.00036067015025764704,fp_naa_c1_mse_seed42,server02_fp_naa_screening_20260817T070937Z
fan/test/section_00_source_test_anomaly_0004_spd_3.wav,fan,section_00,source,anomaly,0.0005637364229187369,fp_naa_c1_mse_seed42,server02_fp_naa_screening_20260817T070937Z
fan/test/section_00_source_test_anomaly_0005_spd_3.wav,fan,section_00,source,anomaly,-0.0004055082390550524,fp_naa_c1_mse_seed42,server02_fp_naa_screening_20260817T070937Z
fan/test/section_00_source_test_anomaly_0006_spd_1.wav,fan,section_00,source,anomaly,0.0002235332503914833,fp_naa_c1_mse_seed42,server02_fp_naa_screening_20260817T070937Z
fan/test/section_00_source_test_anomaly_0007_spd_3.wav,fan,section_00,source,anomaly,0.0010610563913360238,fp_naa_c1_mse_seed42,server02_fp_naa_screening_20260817T070937Z
fan/test/section_00_source_test_anomaly_0008_spd_3.wav,fan,section_00,source,anomaly,0.0003489977680146694,fp_naa_c1_mse_seed42,server02_fp_naa_screening_20260817T070937Z
fan/test/section_00_source_test_anomaly_0009_spd_1.wav,fan,section_00,source,anomaly,0.00015957590949255973,fp_naa_c1_mse_seed42,server02_fp_naa_screening_20260817T070937Z
fan/test/section_00_source_test_anomaly_0010_spd_3.wav,fan,section_00,source,anomaly,0.0005094773950986564,fp_naa_c1_mse_seed42,server02_fp_naa_screening_20260817T070937Z
fan/test/section_00_source_test_anomaly_0011_spd_3.wav,fan,section_00,source,anomaly,0.00044759982847608626,fp_naa_c1_mse_seed42,server02_fp_naa_screening_20260817T070937Z
fan/test/section_00_source_test_anomaly_0012_spd_2.wav,fan,section_00,source,anomaly,0.00032460212241858244,fp_naa_c1_mse_seed42,server02_fp_naa_screening_20260817T070937Z
fan/test/section_00_source_test_anomaly_0013_spd_2.wav,fan,section_00,source,anomaly,0.00023646917543374002,fp_naa_c1_mse_seed42,server02_fp_naa_screening_20260817T070937Z
fan/test/section_00_source_test_anomaly_0014_spd_1.wav,fan,section_00,source,anomaly,0.0007463698857463896,fp_naa_c1_mse_seed42,server02_fp_naa_screening_20260817T070937Z
fan/test/section_00_source_test_anomaly_0015_spd_2.wav,fan,section_00,source,anomaly,0.0004691281937994063,fp_naa_c1_mse_seed42,server02_fp_naa_screening_20260817T070937Z
fan/test/section_00_source_test_anomaly_0016_spd_2.wav,fan,section_00,source,anomaly,0.0003332933411002159,fp_naa_c1_mse_seed42,server02_fp_naa_screening_20260817T070937Z
fan/test/section_00_source_test_anomaly_0017_spd_3.wav,fan,section_00,source,anomaly,0.0003973732818849385,fp_naa_c1_mse_seed42,server02_fp_naa_screening_20260817T070937Z
fan/test/section_00_source_test_anomaly_0018_spd_1.wav,fan,section_00,source,anomaly,0.0002543086593504995,fp_naa_c1_mse_seed42,server02_fp_naa_screening_20260817T070937Z
fan/test/section_00_source_test_anomaly_0019_spd_1.wav,fan,section_00,source,anomaly,0.00025891902623698115,fp_naa_c1_mse_seed42,server02_fp_naa_screening_20260817T070937Z
fan/test/section_00_source_test_anomaly_0020_spd_1.wav,fan,section_00,source,anomaly,0.00020635583496186882,fp_naa_c1_mse_seed42,server02_fp_naa_screening_20260817T070937Z
fan/test/section_00_source_test_anomaly_0021_spd_3.wav,fan,section_00,source,anomaly,0.0005489937029778957,fp_naa_c1_mse_seed42,server02_fp_naa_screening_20260817T070937Z
fan/test/section_00_source_test_anomaly_0022_spd_1.wav,fan,section_00,source,anomaly,0.0003150024567730725,fp_naa_c1_mse_seed42,server02_fp_naa_screening_20260817T070937Z
fan/test/section_00_source_test_anomaly_0023_spd_2.wav,fan,section_00,source,anomaly,0.00026662787422537804,fp_naa_c1_mse_seed42,server02_fp_naa_screening_20260817T070937Z
fan/test/section_00_source_test_anomaly_0024_spd_2.wav,fan,section_00,source,anomaly,0.0005894703208468854,fp_naa_c1_mse_seed42,server02_fp_naa_screening_20260817T070937Z
fan/test/section_00_source_test_anomaly_0025_spd_2.wav,fan,section_00,source,anomaly,0.0005048022721894085,fp_naa_c1_mse_seed42,server02_fp_naa_screening_20260817T070937Z
fan/test/section_00_source_test_anomaly_0026_spd_1.wav,fan,section_00,source,anomaly,0.0002273397840326652,fp_naa_c1_mse_seed42,server02_fp_naa_screening_20260817T070937Z
fan/test/section_00_source_test_anomaly_0027_spd_2.wav,fan,section_00,source,anomaly,0.00032169203041121364,fp_naa_c1_mse_seed42,server02_fp_naa_screening_20260817T070937Z
fan/test/section_00_source_test_anomaly_0028_spd_1.wav,fan,section_00,source,anomaly,0.00021656317403540015,fp_naa_c1_mse_seed42,server02_fp_naa_screening_20260817T070937Z
fan/test/section_00_source_test_anomaly_0029_spd_2.wav,fan,section_00,source,anomaly,0.00037830392830073833,fp_naa_c1_mse_seed42,server02_fp_naa_screening_20260817T070937Z
fan/test/section_00_source_test_anomaly_0030_spd_2.wav,fan,section_00,source,anomaly,0.0003421048750169575,fp_naa_c1_mse_seed42,server02_fp_naa_screening_20260817T070937Z
fan/test/section_00_source_test_anomaly_0031_spd_2.wav,fan,section_00,source,anomaly,0.0003623332013376057,fp_naa_c1_mse_seed42,server02_fp_naa_screening_20260817T070937Z
fan/test/section_00_source_test_anomaly_0032_spd_3.wav,fan,section_00,source,anomaly,0.0015394106740131974,fp_naa_c1_mse_seed42,server02_fp_naa_screening_20260817T070937Z
fan/test/section_00_source_test_anomaly_0033_spd_1.wav,fan,section_00,source,anomaly,0.0005918375100009143,fp_naa_c1_mse_seed42,server02_fp_naa_screening_20260817T070937Z
fan/test/section_00_source_test_anomaly_0034_spd_2.wav,fan,section_00,source,anomaly,0.0006295384373515844,fp_naa_c1_mse_seed42,server02_fp_naa_screening_20260817T070937Z
fan/test/section_00_source_test_anomaly_0035_spd_2.wav,fan,section_00,source,anomaly,0.00024055232643149793,fp_naa_c1_mse_seed42,server02_fp_naa_screening_20260817T070937Z
fan/test/section_00_source_test_anomaly_0036_spd_2.wav,fan,section_00,source,anomaly,0.00023166858591139317,fp_naa_c1_mse_seed42,server02_fp_naa_screening_20260817T070937Z
fan/test/section_00_source_test_anomaly_0037_spd_1.wav,fan,section_00,source,anomaly,0.0003616501344367862,fp_naa_c1_mse_seed42,server02_fp_naa_screening_20260817T070937Z
fan/test/section_00_source_test_anomaly_0038_spd_2.wav,fan,section_00,source,anomaly,0.00046493479749187827,fp_naa_c1_mse_seed42,server02_fp_naa_screening_20260817T070937Z
fan/test/section_00_source_test_anomaly_0039_spd_3.wav,fan,section_00,source,anomaly,0.0007773871766403317,fp_naa_c1_mse_seed42,server02_fp_naa_screening_20260817T070937Z
fan/test/section_00_source_test_anomaly_0040_spd_1.wav,fan,section_00,source,anomaly,0.0001954788458533585,fp_naa_c1_mse_seed42,server02_fp_naa_screening_20260817T070937Z
fan/test/section_00_source_test_anomaly_0041_spd_1.wav,fan,section_00,source,anomaly,0.0005828362191095948,fp_naa_c1_mse_seed42,server02_fp_naa_screening_20260817T070937Z
fan/test/section_00_source_test_anomaly_0042_spd_3.wav,fan,section_00,source,anomaly,0.0006988343084231019,fp_naa_c1_mse_seed42,server02_fp_naa_screening_20260817T070937Z
fan/test/section_00_source_test_anomaly_0043_spd_1.wav,fan,section_00,source,anomaly,0.000941797043196857,fp_naa_c1_mse_seed42,server02_fp_naa_screening_20260817T070937Z
fan/test/section_00_source_test_anomaly_0044_spd_3.wav,fan,section_00,source,anomaly,0.0010031764395534992,fp_naa_c1_mse_seed42,server02_fp_naa_screening_20260817T070937Z
fan/test/section_00_source_test_anomaly_0045_spd_1.wav,fan,section_00,source,anomaly,0.0004481503274291754,fp_naa_c1_mse_seed42,server02_fp_naa_screening_20260817T070937Z
fan/test/section_00_source_test_anomaly_0046_spd_3.wav,fan,section_00,source,anomaly,0.000528899603523314,fp_naa_c1_mse_seed42,server02_fp_naa_screening_20260817T070937Z
fan/test/section_00_source_test_anomaly_0047_spd_2.wav,fan,section_00,source,anomaly,0.000395230483263731,fp_naa_c1_mse_seed42,server02_fp_naa_screening_20260817T070937Z
fan/test/section_00_source_test_anomaly_0048_spd_3.wav,fan,section_00,source,anomaly,0.0007503297529183328,fp_naa_c1_mse_seed42,server02_fp_naa_screening_20260817T070937Z
fan/test/section_00_source_test_anomaly_0049_spd_3.wav,fan,section_00,source,anomaly,0.0007981845992617309,fp_naa_c1_mse_seed42,server02_fp_naa_screening_20260817T070937Z
fan/test/section_00_source_test_normal_0000_spd_2.wav,fan,section_00,source,normal,0.00017184828175231814,fp_naa_c1_mse_seed42,server02_fp_naa_screening_20260817T070937Z
fan/test/section_00_source_test_normal_0001_spd_1.wav,fan,section_00,source,normal,0.00028311333153396845,fp_naa_c1_mse_seed42,server02_fp_naa_screening_20260817T070937Z
fan/test/section_00_source_test_normal_0002_spd_2.wav,fan,section_00,source,normal,0.00022650131722912192,fp_naa_c1_mse_seed42,server02_fp_naa_screening_20260817T070937Z
fan/test/section_00_source_test_normal_0003_spd_3.wav,fan,section_00,source,normal,0.000633293529972434,fp_naa_c1_mse_seed42,server02_fp_naa_screening_20260817T070937Z
fan/test/section_00_source_test_normal_0004_spd_2.wav,fan,section_00,source,normal,0.00033668545074760914,fp_naa_c1_mse_seed42,server02_fp_naa_screening_20260817T070937Z
fan/test/section_00_source_test_normal_0005_spd_3.wav,fan,section_00,source,normal,0.00041952732135541737,fp_naa_c1_mse_seed42,server02_fp_naa_screening_20260817T070937Z
fan/test/section_00_source_test_normal_0006_spd_1.wav,fan,section_00,source,normal,0.0005756152677349746,fp_naa_c1_mse_seed42,server02_fp_naa_screening_20260817T070937Z
fan/test/section_00_source_test_normal_0007_spd_3.wav,fan,section_00,source,normal,0.0002495980297680944,fp_naa_c1_mse_seed42,server02_fp_naa_screening_20260817T070937Z
fan/test/section_00_source_test_normal_0008_spd_3.wav,fan,section_00,source,normal,0.000591506075579673,fp_naa_c1_mse_seed42,server02_fp_naa_screening_20260817T070937Z
fan/test/section_00_source_test_normal_0009_spd_2.wav,fan,section_00,source,normal,0.001026783138513565,fp_naa_c1_mse_seed42,server02_fp_naa_screening_20260817T070937Z
fan/test/section_00_source_test_normal_0010_spd_2.wav,fan,section_00,source,normal,0.00045034114737063646,fp_naa_c1_mse_seed42,server02_fp_naa_screening_20260817T070937Z
fan/test/section_00_source_test_normal_0011_spd_1.wav,fan,section_00,source,normal,0.0005457578226923943,fp_naa_c1_mse_seed42,server02_fp_naa_screening_20260817T070937Z
fan/test/section_00_source_test_normal_0012_spd_1.wav,fan,section_00,source,normal,0.00031209440203383565,fp_naa_c1_mse_seed42,server02_fp_naa_screening_20260817T070937Z
fan/test/section_00_source_test_normal_0013_spd_1.wav,fan,section_00,source,normal,0.0003448765492066741,fp_naa_c1_mse_seed42,server02_fp_naa_screening_20260817T070937Z
fan/test/section_00_source_test_normal_0014_spd_2.wav,fan,section_00,source,normal,0.00025284377625212073,fp_naa_c1_mse_seed42,server02_fp_naa_screening_20260817T070937Z
fan/test/section_00_source_test_normal_0015_spd_2.wav,fan,section_00,source,normal,0.0002735003945417702,fp_naa_c1_mse_seed42,server02_fp_naa_screening_20260817T070937Z
fan/test/section_00_source_test_normal_0016_spd_2.wav,fan,section_00,source,normal,0.0002569811185821891,fp_naa_c1_mse_seed42,server02_fp_naa_screening_20260817T070937Z
fan/test/section_00_source_test_normal_0017_spd_3.wav,fan,section_00,source,normal,0.00042800052324309945,fp_naa_c1_mse_seed42,server02_fp_naa_screening_20260817T070937Z
fan/test/section_00_source_test_normal_0018_spd_3.wav,fan,section_00,source,normal,0.0004181979747954756,fp_naa_c1_mse_seed42,server02_fp_naa_screening_20260817T070937Z
fan/test/section_00_source_test_normal_0019_spd_1.wav,fan,section_00,source,normal,6.874198152218014e-05,fp_naa_c1_mse_seed42,server02_fp_naa_screening_20260817T070937Z
fan/test/section_00_source_test_normal_0020_spd_3.wav,fan,section_00,source,normal,0.0003357478999532759,fp_naa_c1_mse_seed42,server02_fp_naa_screening_20260817T070937Z
fan/test/section_00_source_test_normal_0021_spd_3.wav,fan,section_00,source,normal,0.0002009657910093665,fp_naa_c1_mse_seed42,server02_fp_naa_screening_20260817T070937Z
fan/test/section_00_source_test_normal_0022_spd_2.wav,fan,section_00,source,normal,0.00041165578295476735,fp_naa_c1_mse_seed42,server02_fp_naa_screening_20260817T070937Z
fan/test/section_00_source_test_normal_0023_spd_1.wav,fan,section_00,source,normal,0.0007355489069595933,fp_naa_c1_mse_seed42,server02_fp_naa_screening_20260817T070937Z
fan/test/section_00_source_test_normal_0024_spd_1.wav,fan,section_00,source,normal,0.00046582709182985127,fp_naa_c1_mse_seed42,server02_fp_naa_screening_20260817T070937Z
fan/test/section_00_source_test_normal_0025_spd_2.wav,fan,section_00,source,normal,0.0005048488965258002,fp_naa_c1_mse_seed42,server02_fp_naa_screening_20260817T070937Z
fan/test/section_00_source_test_normal_0026_spd_3.wav,fan,section_00,source,normal,0.0005011119646951556,fp_naa_c1_mse_seed42,server02_fp_naa_screening_20260817T070937Z
fan/test/section_00_source_test_normal_0027_spd_1.wav,fan,section_00,source,normal,0.0003576643066480756,fp_naa_c1_mse_seed42,server02_fp_naa_screening_20260817T070937Z
fan/test/section_00_source_test_normal_0028_spd_2.wav,fan,section_00,source,normal,0.0003248420252930373,fp_naa_c1_mse_seed42,server02_fp_naa_screening_20260817T070937Z
fan/test/section_00_source_test_normal_0029_spd_3.wav,fan,section_00,source,normal,0.000662902370095253,fp_naa_c1_mse_seed42,server02_fp_naa_screening_20260817T070937Z
fan/test/section_00_source_test_normal_0030_spd_2.wav,fan,section_00,source,normal,0.00045365700498223305,fp_naa_c1_mse_seed42,server02_fp_naa_screening_20260817T070937Z
fan/test/section_00_source_test_normal_0031_spd_3.wav,fan,section_00,source,normal,0.00034727336606010795,fp_naa_c1_mse_seed42,server02_fp_naa_screening_20260817T070937Z
fan/test/section_00_source_test_normal_0032_spd_1.wav,fan,section_00,source,normal,0.0005496573285199702,fp_naa_c1_mse_seed42,server02_fp_naa_screening_20260817T070937Z
fan/test/section_00_source_test_normal_0033_spd_1.wav,fan,section_00,source,normal,0.000389808788895607,fp_naa_c1_mse_seed42,server02_fp_naa_screening_20260817T070937Z
fan/test/section_00_source_test_normal_0034_spd_3.wav,fan,section_00,source,normal,0.00039616640424355865,fp_naa_c1_mse_seed42,server02_fp_naa_screening_20260817T070937Z
fan/test/section_00_source_test_normal_0035_spd_3.wav,fan,section_00,source,normal,0.0003513431875035167,fp_naa_c1_mse_seed42,server02_fp_naa_screening_20260817T070937Z
fan/test/section_00_source_test_normal_0036_spd_3.wav,fan,section_00,source,normal,0.00021977433061692864,fp_naa_c1_mse_seed42,server02_fp_naa_screening_20260817T070937Z
fan/test/section_00_source_test_normal_0037_spd_2.wav,fan,section_00,source,normal,0.0002555168466642499,fp_naa_c1_mse_seed42,server02_fp_naa_screening_20260817T070937Z
fan/test/section_00_source_test_normal_0038_spd_2.wav,fan,section_00,source,normal,0.0001896550675155595,fp_naa_c1_mse_seed42,server02_fp_naa_screening_20260817T070937Z
fan/test/section_00_source_test_normal_0039_spd_1.wav,fan,section_00,source,normal,0.00022546318359673023,fp_naa_c1_mse_seed42,server02_fp_naa_screening_20260817T070937Z
fan/test/section_00_source_test_normal_0040_spd_3.wav,fan,section_00,source,normal,0.0004011743003502488,fp_naa_c1_mse_seed42,server02_fp_naa_screening_20260817T070937Z
fan/test/section_00_source_test_normal_0041_spd_1.wav,fan,section_00,source,normal,0.0007103397510945797,fp_naa_c1_mse_seed42,server02_fp_naa_screening_20260817T070937Z
fan/test/section_00_source_test_normal_0042_spd_2.wav,fan,section_00,source,normal,0.00034596718614920974,fp_naa_c1_mse_seed42,server02_fp_naa_screening_20260817T070937Z
fan/test/section_00_source_test_normal_0043_spd_1.wav,fan,section_00,source,normal,0.0004908826667815447,fp_naa_c1_mse_seed42,server02_fp_naa_screening_20260817T070937Z
fan/test/section_00_source_test_normal_0044_spd_1.wav,fan,section_00,source,normal,0.0006106176879256964,fp_naa_c1_mse_seed42,server02_fp_naa_screening_20260817T070937Z
fan/test/section_00_source_test_normal_0045_spd_1.wav,fan,section_00,source,normal,0.0003160354681313038,fp_naa_c1_mse_seed42,server02_fp_naa_screening_20260817T070937Z
fan/test/section_00_source_test_normal_0046_spd_1.wav,fan,section_00,source,normal,0.000267966854153201,fp_naa_c1_mse_seed42,server02_fp_naa_screening_20260817T070937Z
fan/test/section_00_source_test_normal_0047_spd_2.wav,fan,section_00,source,normal,0.00036955083487555385,fp_naa_c1_mse_seed42,server02_fp_naa_screening_20260817T070937Z
fan/test/section_00_source_test_normal_0048_spd_3.wav,fan,section_00,source,normal,0.0003105547511950135,fp_naa_c1_mse_seed42,server02_fp_naa_screening_20260817T070937Z
fan/test/section_00_source_test_normal_0049_spd_2.wav,fan,section_00,source,normal,0.0002870920579880476,fp_naa_c1_mse_seed42,server02_fp_naa_screening_20260817T070937Z
fan/test/section_00_target_test_anomaly_0000_spd_1.wav,fan,section_00,target,anomaly,0.0006840876303613186,fp_naa_c1_mse_seed42,server02_fp_naa_screening_20260817T070937Z
fan/test/section_00_target_test_anomaly_0001_spd_2.wav,fan,section_00,target,anomaly,-0.00037714725476689637,fp_naa_c1_mse_seed42,server02_fp_naa_screening_20260817T070937Z
fan/test/section_00_target_test_anomaly_0002_spd_1.wav,fan,section_00,target,anomaly,0.0002825059345923364,fp_naa_c1_mse_seed42,server02_fp_naa_screening_20260817T070937Z
fan/test/section_00_target_test_anomaly_0003_spd_1.wav,fan,section_00,target,anomaly,0.0005002173129469156,fp_naa_c1_mse_seed42,server02_fp_naa_screening_20260817T070937Z
fan/test/section_00_target_test_anomaly_0004_spd_3.wav,fan,section_00,target,anomaly,0.00043622805969789624,fp_naa_c1_mse_seed42,server02_fp_naa_screening_20260817T070937Z
fan/test/section_00_target_test_anomaly_0005_spd_2.wav,fan,section_00,target,anomaly,0.0002551891375333071,fp_naa_c1_mse_seed42,server02_fp_naa_screening_20260817T070937Z
fan/test/section_00_target_test_anomaly_0006_spd_3.wav,fan,section_00,target,anomaly,0.00025857219588942826,fp_naa_c1_mse_seed42,server02_fp_naa_screening_20260817T070937Z
fan/test/section_00_target_test_anomaly_0007_spd_2.wav,fan,section_00,target,anomaly,0.00050791644025594,fp_naa_c1_mse_seed42,server02_fp_naa_screening_20260817T070937Z
fan/test/section_00_target_test_anomaly_0008_spd_3.wav,fan,section_00,target,anomaly,0.0006264940602704883,fp_naa_c1_mse_seed42,server02_fp_naa_screening_20260817T070937Z
fan/test/section_00_target_test_anomaly_0009_spd_1.wav,fan,section_00,target,anomaly,0.00015867642650846392,fp_naa_c1_mse_seed42,server02_fp_naa_screening_20260817T070937Z
fan/test/section_00_target_test_anomaly_0010_spd_1.wav,fan,section_00,target,anomaly,0.000525688985362649,fp_naa_c1_mse_seed42,server02_fp_naa_screening_20260817T070937Z
fan/test/section_00_target_test_anomaly_0011_spd_2.wav,fan,section_00,target,anomaly,0.000341378734447062,fp_naa_c1_mse_seed42,server02_fp_naa_screening_20260817T070937Z
fan/test/section_00_target_test_anomaly_0012_spd_2.wav,fan,section_00,target,anomaly,0.0009672637679614127,fp_naa_c1_mse_seed42,server02_fp_naa_screening_20260817T070937Z
fan/test/section_00_target_test_anomaly_0013_spd_1.wav,fan,section_00,target,anomaly,0.00017613467935007066,fp_naa_c1_mse_seed42,server02_fp_naa_screening_20260817T070937Z
fan/test/section_00_target_test_anomaly_0014_spd_3.wav,fan,section_00,target,anomaly,0.000530945195350796,fp_naa_c1_mse_seed42,server02_fp_naa_screening_20260817T070937Z
fan/test/section_00_target_test_anomaly_0015_spd_1.wav,fan,section_00,target,anomaly,0.00040011346573010087,fp_naa_c1_mse_seed42,server02_fp_naa_screening_20260817T070937Z
fan/test/section_00_target_test_anomaly_0016_spd_3.wav,fan,section_00,target,anomaly,0.00033879507100209594,fp_naa_c1_mse_seed42,server02_fp_naa_screening_20260817T070937Z
fan/test/section_00_target_test_anomaly_0017_spd_2.wav,fan,section_00,target,anomaly,0.0001979219523491338,fp_naa_c1_mse_seed42,server02_fp_naa_screening_20260817T070937Z
fan/test/section_00_target_test_anomaly_0018_spd_2.wav,fan,section_00,target,anomaly,0.00041337229777127504,fp_naa_c1_mse_seed42,server02_fp_naa_screening_20260817T070937Z
fan/test/section_00_target_test_anomaly_0019_spd_3.wav,fan,section_00,target,anomaly,0.0005643744370900095,fp_naa_c1_mse_seed42,server02_fp_naa_screening_20260817T070937Z
fan/test/section_00_target_test_anomaly_0020_spd_2.wav,fan,section_00,target,anomaly,0.0006510503590106964,fp_naa_c1_mse_seed42,server02_fp_naa_screening_20260817T070937Z
fan/test/section_00_target_test_anomaly_0021_spd_2.wav,fan,section_00,target,anomaly,0.00037136804894544184,fp_naa_c1_mse_seed42,server02_fp_naa_screening_20260817T070937Z
fan/test/section_00_target_test_anomaly_0022_spd_3.wav,fan,section_00,target,anomaly,0.000502960872836411,fp_naa_c1_mse_seed42,server02_fp_naa_screening_20260817T070937Z
fan/test/section_00_target_test_anomaly_0023_spd_1.wav,fan,section_00,target,anomaly,0.0005146166658960283,fp_naa_c1_mse_seed42,server02_fp_naa_screening_20260817T070937Z
fan/test/section_00_target_test_anomaly_0024_spd_2.wav,fan,section_00,target,anomaly,0.0010423354106023908,fp_naa_c1_mse_seed42,server02_fp_naa_screening_20260817T070937Z
fan/test/section_00_target_test_anomaly_0025_spd_3.wav,fan,section_00,target,anomaly,0.0004593023913912475,fp_naa_c1_mse_seed42,server02_fp_naa_screening_20260817T070937Z
fan/test/section_00_target_test_anomaly_0026_spd_3.wav,fan,section_00,target,anomaly,0.00048126972978934646,fp_naa_c1_mse_seed42,server02_fp_naa_screening_20260817T070937Z
fan/test/section_00_target_test_anomaly_0027_spd_1.wav,fan,section_00,target,anomaly,0.00035209773341193795,fp_naa_c1_mse_seed42,server02_fp_naa_screening_20260817T070937Z
fan/test/section_00_target_test_anomaly_0028_spd_1.wav,fan,section_00,target,anomaly,0.0006161939818412066,fp_naa_c1_mse_seed42,server02_fp_naa_screening_20260817T070937Z
fan/test/section_00_target_test_anomaly_0029_spd_3.wav,fan,section_00,target,anomaly,0.0004033528093714267,fp_naa_c1_mse_seed42,server02_fp_naa_screening_20260817T070937Z
fan/test/section_00_target_test_anomaly_0030_spd_1.wav,fan,section_00,target,anomaly,0.0005461066029965878,fp_naa_c1_mse_seed42,server02_fp_naa_screening_20260817T070937Z
fan/test/section_00_target_test_anomaly_0031_spd_3.wav,fan,section_00,target,anomaly,0.00036421045660972595,fp_naa_c1_mse_seed42,server02_fp_naa_screening_20260817T070937Z
fan/test/section_00_target_test_anomaly_0032_spd_2.wav,fan,section_00,target,anomaly,0.0003905886842403561,fp_naa_c1_mse_seed42,server02_fp_naa_screening_20260817T070937Z
fan/test/section_00_target_test_anomaly_0033_spd_1.wav,fan,section_00,target,anomaly,0.00039803938125260174,fp_naa_c1_mse_seed42,server02_fp_naa_screening_20260817T070937Z
fan/test/section_00_target_test_anomaly_0034_spd_3.wav,fan,section_00,target,anomaly,0.0004264606104698032,fp_naa_c1_mse_seed42,server02_fp_naa_screening_20260817T070937Z
fan/test/section_00_target_test_anomaly_0035_spd_2.wav,fan,section_00,target,anomaly,4.747326602227986e-05,fp_naa_c1_mse_seed42,server02_fp_naa_screening_20260817T070937Z
fan/test/section_00_target_test_anomaly_0036_spd_1.wav,fan,section_00,target,anomaly,0.0005384233081713319,fp_naa_c1_mse_seed42,server02_fp_naa_screening_20260817T070937Z
fan/test/section_00_target_test_anomaly_0037_spd_1.wav,fan,section_00,target,anomaly,0.000574426434468478,fp_naa_c1_mse_seed42,server02_fp_naa_screening_20260817T070937Z
fan/test/section_00_target_test_anomaly_0038_spd_2.wav,fan,section_00,target,anomaly,0.00046857420238666236,fp_naa_c1_mse_seed42,server02_fp_naa_screening_20260817T070937Z
fan/test/section_00_target_test_anomaly_0039_spd_3.wav,fan,section_00,target,anomaly,0.000465141492895782,fp_naa_c1_mse_seed42,server02_fp_naa_screening_20260817T070937Z
fan/test/section_00_target_test_anomaly_0040_spd_2.wav,fan,section_00,target,anomaly,0.0005470524774864316,fp_naa_c1_mse_seed42,server02_fp_naa_screening_20260817T070937Z
fan/test/section_00_target_test_anomaly_0041_spd_3.wav,fan,section_00,target,anomaly,0.00025607115821912885,fp_naa_c1_mse_seed42,server02_fp_naa_screening_20260817T070937Z
fan/test/section_00_target_test_anomaly_0042_spd_3.wav,fan,section_00,target,anomaly,0.0003502380568534136,fp_naa_c1_mse_seed42,server02_fp_naa_screening_20260817T070937Z
fan/test/section_00_target_test_anomaly_0043_spd_2.wav,fan,section_00,target,anomaly,0.0004216823435854167,fp_naa_c1_mse_seed42,server02_fp_naa_screening_20260817T070937Z
fan/test/section_00_target_test_anomaly_0044_spd_1.wav,fan,section_00,target,anomaly,0.0004258505650795996,fp_naa_c1_mse_seed42,server02_fp_naa_screening_20260817T070937Z
fan/test/section_00_target_test_anomaly_0045_spd_3.wav,fan,section_00,target,anomaly,0.00025859082234092057,fp_naa_c1_mse_seed42,server02_fp_naa_screening_20260817T070937Z
fan/test/section_00_target_test_anomaly_0046_spd_1.wav,fan,section_00,target,anomaly,0.00027192564448341727,fp_naa_c1_mse_seed42,server02_fp_naa_screening_20260817T070937Z
fan/test/section_00_target_test_anomaly_0047_spd_2.wav,fan,section_00,target,anomaly,0.0006720355013385415,fp_naa_c1_mse_seed42,server02_fp_naa_screening_20260817T070937Z
fan/test/section_00_target_test_anomaly_0048_spd_1.wav,fan,section_00,target,anomaly,0.0003439805004745722,fp_naa_c1_mse_seed42,server02_fp_naa_screening_20260817T070937Z
fan/test/section_00_target_test_anomaly_0049_spd_2.wav,fan,section_00,target,anomaly,0.00026097166119143367,fp_naa_c1_mse_seed42,server02_fp_naa_screening_20260817T070937Z
fan/test/section_00_target_test_normal_0000_spd_3.wav,fan,section_00,target,normal,0.0005027083097957075,fp_naa_c1_mse_seed42,server02_fp_naa_screening_20260817T070937Z
fan/test/section_00_target_test_normal_0001_spd_2.wav,fan,section_00,target,normal,0.00040995096787810326,fp_naa_c1_mse_seed42,server02_fp_naa_screening_20260817T070937Z
fan/test/section_00_target_test_normal_0002_spd_2.wav,fan,section_00,target,normal,0.0004198613460175693,fp_naa_c1_mse_seed42,server02_fp_naa_screening_20260817T070937Z
fan/test/section_00_target_test_normal_0003_spd_1.wav,fan,section_00,target,normal,0.0006304683047346771,fp_naa_c1_mse_seed42,server02_fp_naa_screening_20260817T070937Z
fan/test/section_00_target_test_normal_0004_spd_2.wav,fan,section_00,target,normal,0.0004667394678108394,fp_naa_c1_mse_seed42,server02_fp_naa_screening_20260817T070937Z
fan/test/section_00_target_test_normal_0005_spd_1.wav,fan,section_00,target,normal,0.00036319324863143265,fp_naa_c1_mse_seed42,server02_fp_naa_screening_20260817T070937Z
fan/test/section_00_target_test_normal_0006_spd_1.wav,fan,section_00,target,normal,4.210477345623076e-05,fp_naa_c1_mse_seed42,server02_fp_naa_screening_20260817T070937Z
fan/test/section_00_target_test_normal_0007_spd_2.wav,fan,section_00,target,normal,0.00041020396747626364,fp_naa_c1_mse_seed42,server02_fp_naa_screening_20260817T070937Z
fan/test/section_00_target_test_normal_0008_spd_3.wav,fan,section_00,target,normal,0.0005278345197439194,fp_naa_c1_mse_seed42,server02_fp_naa_screening_20260817T070937Z
fan/test/section_00_target_test_normal_0009_spd_3.wav,fan,section_00,target,normal,0.00035780321923084557,fp_naa_c1_mse_seed42,server02_fp_naa_screening_20260817T070937Z
fan/test/section_00_target_test_normal_0010_spd_2.wav,fan,section_00,target,normal,0.0006658181082457304,fp_naa_c1_mse_seed42,server02_fp_naa_screening_20260817T070937Z
fan/test/section_00_target_test_normal_0011_spd_1.wav,fan,section_00,target,normal,0.000391268462408334,fp_naa_c1_mse_seed42,server02_fp_naa_screening_20260817T070937Z
fan/test/section_00_target_test_normal_0012_spd_2.wav,fan,section_00,target,normal,0.00022844530758447945,fp_naa_c1_mse_seed42,server02_fp_naa_screening_20260817T070937Z
fan/test/section_00_target_test_normal_0013_spd_1.wav,fan,section_00,target,normal,0.0008552848594263196,fp_naa_c1_mse_seed42,server02_fp_naa_screening_20260817T070937Z
fan/test/section_00_target_test_normal_0014_spd_1.wav,fan,section_00,target,normal,0.00031236137147061527,fp_naa_c1_mse_seed42,server02_fp_naa_screening_20260817T070937Z
fan/test/section_00_target_test_normal_0015_spd_3.wav,fan,section_00,target,normal,0.0006153404829092324,fp_naa_c1_mse_seed42,server02_fp_naa_screening_20260817T070937Z
fan/test/section_00_target_test_normal_0016_spd_2.wav,fan,section_00,target,normal,0.0004763483302667737,fp_naa_c1_mse_seed42,server02_fp_naa_screening_20260817T070937Z
fan/test/section_00_target_test_normal_0017_spd_3.wav,fan,section_00,target,normal,0.0004235189699102193,fp_naa_c1_mse_seed42,server02_fp_naa_screening_20260817T070937Z
fan/test/section_00_target_test_normal_0018_spd_1.wav,fan,section_00,target,normal,0.0003954610147047788,fp_naa_c1_mse_seed42,server02_fp_naa_screening_20260817T070937Z
fan/test/section_00_target_test_normal_0019_spd_1.wav,fan,section_00,target,normal,0.0006092922994866967,fp_naa_c1_mse_seed42,server02_fp_naa_screening_20260817T070937Z
fan/test/section_00_target_test_normal_0020_spd_1.wav,fan,section_00,target,normal,0.0002488063182681799,fp_naa_c1_mse_seed42,server02_fp_naa_screening_20260817T070937Z
fan/test/section_00_target_test_normal_0021_spd_1.wav,fan,section_00,target,normal,0.0003024062025360763,fp_naa_c1_mse_seed42,server02_fp_naa_screening_20260817T070937Z
fan/test/section_00_target_test_normal_0022_spd_2.wav,fan,section_00,target,normal,0.000454342138255015,fp_naa_c1_mse_seed42,server02_fp_naa_screening_20260817T070937Z
fan/test/section_00_target_test_normal_0023_spd_3.wav,fan,section_00,target,normal,0.00046049137017689645,fp_naa_c1_mse_seed42,server02_fp_naa_screening_20260817T070937Z
fan/test/section_00_target_test_normal_0024_spd_2.wav,fan,section_00,target,normal,0.00035985413705930114,fp_naa_c1_mse_seed42,server02_fp_naa_screening_20260817T070937Z
fan/test/section_00_target_test_normal_0025_spd_3.wav,fan,section_00,target,normal,0.0004983837134204805,fp_naa_c1_mse_seed42,server02_fp_naa_screening_20260817T070937Z
fan/test/section_00_target_test_normal_0026_spd_3.wav,fan,section_00,target,normal,0.0003898844006471336,fp_naa_c1_mse_seed42,server02_fp_naa_screening_20260817T070937Z
fan/test/section_00_target_test_normal_0027_spd_2.wav,fan,section_00,target,normal,0.0007176393992267549,fp_naa_c1_mse_seed42,server02_fp_naa_screening_20260817T070937Z
fan/test/section_00_target_test_normal_0028_spd_3.wav,fan,section_00,target,normal,0.0003510518290568143,fp_naa_c1_mse_seed42,server02_fp_naa_screening_20260817T070937Z
fan/test/section_00_target_test_normal_0029_spd_1.wav,fan,section_00,target,normal,0.0003671700833365321,fp_naa_c1_mse_seed42,server02_fp_naa_screening_20260817T070937Z
fan/test/section_00_target_test_normal_0030_spd_3.wav,fan,section_00,target,normal,0.0004851623089052737,fp_naa_c1_mse_seed42,server02_fp_naa_screening_20260817T070937Z
fan/test/section_00_target_test_normal_0031_spd_2.wav,fan,section_00,target,normal,0.00029693558462895453,fp_naa_c1_mse_seed42,server02_fp_naa_screening_20260817T070937Z
fan/test/section_00_target_test_normal_0032_spd_2.wav,fan,section_00,target,normal,0.0004859408363699913,fp_naa_c1_mse_seed42,server02_fp_naa_screening_20260817T070937Z
fan/test/section_00_target_test_normal_0033_spd_3.wav,fan,section_00,target,normal,0.0005333311855792999,fp_naa_c1_mse_seed42,server02_fp_naa_screening_20260817T070937Z
fan/test/section_00_target_test_normal_0034_spd_2.wav,fan,section_00,target,normal,0.0005273536662571132,fp_naa_c1_mse_seed42,server02_fp_naa_screening_20260817T070937Z
fan/test/section_00_target_test_normal_0035_spd_2.wav,fan,section_00,target,normal,0.0002680872566998005,fp_naa_c1_mse_seed42,server02_fp_naa_screening_20260817T070937Z
fan/test/section_00_target_test_normal_0036_spd_3.wav,fan,section_00,target,normal,0.0010180601384490728,fp_naa_c1_mse_seed42,server02_fp_naa_screening_20260817T070937Z
fan/test/section_00_target_test_normal_0037_spd_1.wav,fan,section_00,target,normal,0.00047002953942865133,fp_naa_c1_mse_seed42,server02_fp_naa_screening_20260817T070937Z
fan/test/section_00_target_test_normal_0038_spd_3.wav,fan,section_00,target,normal,0.0004231288912706077,fp_naa_c1_mse_seed42,server02_fp_naa_screening_20260817T070937Z
fan/test/section_00_target_test_normal_0039_spd_3.wav,fan,section_00,target,normal,0.0005750940181314945,fp_naa_c1_mse_seed42,server02_fp_naa_screening_20260817T070937Z
fan/test/section_00_target_test_normal_0040_spd_2.wav,fan,section_00,target,normal,0.0004731315129902214,fp_naa_c1_mse_seed42,server02_fp_naa_screening_20260817T070937Z
fan/test/section_00_target_test_normal_0041_spd_2.wav,fan,section_00,target,normal,0.000771011458709836,fp_naa_c1_mse_seed42,server02_fp_naa_screening_20260817T070937Z
fan/test/section_00_target_test_normal_0042_spd_3.wav,fan,section_00,target,normal,0.0007420163601636887,fp_naa_c1_mse_seed42,server02_fp_naa_screening_20260817T070937Z
fan/test/section_00_target_test_normal_0043_spd_1.wav,fan,section_00,target,normal,0.00032892299350351095,fp_naa_c1_mse_seed42,server02_fp_naa_screening_20260817T070937Z
fan/test/section_00_target_test_normal_0044_spd_1.wav,fan,section_00,target,normal,0.00027085677720606327,fp_naa_c1_mse_seed42,server02_fp_naa_screening_20260817T070937Z
fan/test/section_00_target_test_normal_0045_spd_2.wav,fan,section_00,target,normal,0.00035091175232082605,fp_naa_c1_mse_seed42,server02_fp_naa_screening_20260817T070937Z
fan/test/section_00_target_test_normal_0046_spd_1.wav,fan,section_00,target,normal,0.0005055122310295701,fp_naa_c1_mse_seed42,server02_fp_naa_screening_20260817T070937Z
fan/test/section_00_target_test_normal_0047_spd_1.wav,fan,section_00,target,normal,0.00023123560822568834,fp_naa_c1_mse_seed42,server02_fp_naa_screening_20260817T070937Z
fan/test/section_00_target_test_normal_0048_spd_3.wav,fan,section_00,target,normal,0.000309672555886209,fp_naa_c1_mse_seed42,server02_fp_naa_screening_20260817T070937Z
fan/test/section_00_target_test_normal_0049_spd_1.wav,fan,section_00,target,normal,0.00016701001732144505,fp_naa_c1_mse_seed42,server02_fp_naa_screening_20260817T070937Z
gearboxEmu/test/section_00_source_test_anomaly_0000_pro_F.wav,gearboxEmu,section_00,source,anomaly,0.00894114375114441,fp_naa_c1_mse_seed42,server02_fp_naa_screening_20260817T070937Z
gearboxEmu/test/section_00_source_test_anomaly_0001_pro_C.wav,gearboxEmu,section_00,source,anomaly,0.009592706337571144,fp_naa_c1_mse_seed42,server02_fp_naa_screening_20260817T070937Z
gearboxEmu/test/section_00_source_test_anomaly_0002_pro_D.wav,gearboxEmu,section_00,source,anomaly,0.0005590576911345124,fp_naa_c1_mse_seed42,server02_fp_naa_screening_20260817T070937Z
gearboxEmu/test/section_00_source_test_anomaly_0003_pro_F.wav,gearboxEmu,section_00,source,anomaly,0.0007201208500191569,fp_naa_c1_mse_seed42,server02_fp_naa_screening_20260817T070937Z
gearboxEmu/test/section_00_source_test_anomaly_0004_pro_E.wav,gearboxEmu,section_00,source,anomaly,0.0008069407194852829,fp_naa_c1_mse_seed42,server02_fp_naa_screening_20260817T070937Z
gearboxEmu/test/section_00_source_test_anomaly_0005_pro_D.wav,gearboxEmu,section_00,source,anomaly,0.0013132428284734488,fp_naa_c1_mse_seed42,server02_fp_naa_screening_20260817T070937Z
gearboxEmu/test/section_00_source_test_anomaly_0006_pro_C.wav,gearboxEmu,section_00,source,anomaly,0.002144718775525689,fp_naa_c1_mse_seed42,server02_fp_naa_screening_20260817T070937Z
gearboxEmu/test/section_00_source_test_anomaly_0007_pro_B.wav,gearboxEmu,section_00,source,anomaly,0.008226407691836357,fp_naa_c1_mse_seed42,server02_fp_naa_screening_20260817T070937Z
gearboxEmu/test/section_00_source_test_anomaly_0008_pro_D.wav,gearboxEmu,section_00,source,anomaly,0.00014081063272897154,fp_naa_c1_mse_seed42,server02_fp_naa_screening_20260817T070937Z
gearboxEmu/test/section_00_source_test_anomaly_0009_pro_E.wav,gearboxEmu,section_00,source,anomaly,0.004432612098753452,fp_naa_c1_mse_seed42,server02_fp_naa_screening_20260817T070937Z
gearboxEmu/test/section_00_source_test_anomaly_0010_pro_D.wav,gearboxEmu,section_00,source,anomaly,0.0021379285026341677,fp_naa_c1_mse_seed42,server02_fp_naa_screening_20260817T070937Z
gearboxEmu/test/section_00_source_test_anomaly_0011_pro_A.wav,gearboxEmu,section_00,source,anomaly,-0.0003782001440413296,fp_naa_c1_mse_seed42,server02_fp_naa_screening_20260817T070937Z
gearboxEmu/test/section_00_source_test_anomaly_0012_pro_A.wav,gearboxEmu,section_00,source,anomaly,7.113601895980537e-05,fp_naa_c1_mse_seed42,server02_fp_naa_screening_20260817T070937Z
gearboxEmu/test/section_00_source_test_anomaly_0013_pro_A.wav,gearboxEmu,section_00,source,anomaly,0.0003613131702877581,fp_naa_c1_mse_seed42,server02_fp_naa_screening_20260817T070937Z
gearboxEmu/test/section_00_source_test_anomaly_0014_pro_F.wav,gearboxEmu,section_00,source,anomaly,0.009032972157001495,fp_naa_c1_mse_seed42,server02_fp_naa_screening_20260817T070937Z
gearboxEmu/test/section_00_source_test_anomaly_0015_pro_E.wav,gearboxEmu,section_00,source,anomaly,0.0041881464421749115,fp_naa_c1_mse_seed42,server02_fp_naa_screening_20260817T070937Z
gearboxEmu/test/section_00_source_test_anomaly_0016_pro_E.wav,gearboxEmu,section_00,source,anomaly,0.006293437443673611,fp_naa_c1_mse_seed42,server02_fp_naa_screening_20260817T070937Z
gearboxEmu/test/section_00_source_test_anomaly_0017_pro_B.wav,gearboxEmu,section_00,source,anomaly,-0.00018050795188173652,fp_naa_c1_mse_seed42,server02_fp_naa_screening_20260817T070937Z
gearboxEmu/test/section_00_source_test_anomaly_0018_pro_C.wav,gearboxEmu,section_00,source,anomaly,0.002059245016425848,fp_naa_c1_mse_seed42,server02_fp_naa_screening_20260817T070937Z
gearboxEmu/test/section_00_source_test_anomaly_0019_pro_C.wav,gearboxEmu,section_00,source,anomaly,0.022618934512138367,fp_naa_c1_mse_seed42,server02_fp_naa_screening_20260817T070937Z
gearboxEmu/test/section_00_source_test_anomaly_0020_pro_B.wav,gearboxEmu,section_00,source,anomaly,0.007475317921489477,fp_naa_c1_mse_seed42,server02_fp_naa_screening_20260817T070937Z
gearboxEmu/test/section_00_source_test_anomaly_0021_pro_D.wav,gearboxEmu,section_00,source,anomaly,-0.00017054242198355496,fp_naa_c1_mse_seed42,server02_fp_naa_screening_20260817T070937Z
gearboxEmu/test/section_00_source_test_anomaly_0022_pro_D.wav,gearboxEmu,section_00,source,anomaly,0.0030585546046495438,fp_naa_c1_mse_seed42,server02_fp_naa_screening_20260817T070937Z
gearboxEmu/test/section_00_source_test_anomaly_0023_pro_C.wav,gearboxEmu,section_00,source,anomaly,0.02160973846912384,fp_naa_c1_mse_seed42,server02_fp_naa_screening_20260817T070937Z
gearboxEmu/test/section_00_source_test_anomaly_0024_pro_C.wav,gearboxEmu,section_00,source,anomaly,0.0026373532600700855,fp_naa_c1_mse_seed42,server02_fp_naa_screening_20260817T070937Z
gearboxEmu/test/section_00_source_test_anomaly_0025_pro_E.wav,gearboxEmu,section_00,source,anomaly,0.010561254806816578,fp_naa_c1_mse_seed42,server02_fp_naa_screening_20260817T070937Z
gearboxEmu/test/section_00_source_test_anomaly_0026_pro_D.wav,gearboxEmu,section_00,source,anomaly,0.001570260152220726,fp_naa_c1_mse_seed42,server02_fp_naa_screening_20260817T070937Z
gearboxEmu/test/section_00_source_test_anomaly_0027_pro_B.wav,gearboxEmu,section_00,source,anomaly,0.0067162238992750645,fp_naa_c1_mse_seed42,server02_fp_naa_screening_20260817T070937Z
gearboxEmu/test/section_00_source_test_anomaly_0028_pro_F.wav,gearboxEmu,section_00,source,anomaly,0.011443872936069965,fp_naa_c1_mse_seed42,server02_fp_naa_screening_20260817T070937Z
gearboxEmu/test/section_00_source_test_anomaly_0029_pro_A.wav,gearboxEmu,section_00,source,anomaly,0.0002706423692870885,fp_naa_c1_mse_seed42,server02_fp_naa_screening_20260817T070937Z
gearboxEmu/test/section_00_source_test_anomaly_0030_pro_B.wav,gearboxEmu,section_00,source,anomaly,0.002584000350907445,fp_naa_c1_mse_seed42,server02_fp_naa_screening_20260817T070937Z
gearboxEmu/test/section_00_source_test_anomaly_0031_pro_A.wav,gearboxEmu,section_00,source,anomaly,0.0003317687660455704,fp_naa_c1_mse_seed42,server02_fp_naa_screening_20260817T070937Z
gearboxEmu/test/section_00_source_test_anomaly_0032_pro_F.wav,gearboxEmu,section_00,source,anomaly,0.0009040350560098886,fp_naa_c1_mse_seed42,server02_fp_naa_screening_20260817T070937Z
gearboxEmu/test/section_00_source_test_anomaly_0033_pro_D.wav,gearboxEmu,section_00,source,anomaly,0.002281457418575883,fp_naa_c1_mse_seed42,server02_fp_naa_screening_20260817T070937Z
gearboxEmu/test/section_00_source_test_anomaly_0034_pro_B.wav,gearboxEmu,section_00,source,anomaly,0.008487601764500141,fp_naa_c1_mse_seed42,server02_fp_naa_screening_20260817T070937Z
gearboxEmu/test/section_00_source_test_anomaly_0035_pro_A.wav,gearboxEmu,section_00,source,anomaly,-0.0001742425374686718,fp_naa_c1_mse_seed42,server02_fp_naa_screening_20260817T070937Z
gearboxEmu/test/section_00_source_test_anomaly_0036_pro_F.wav,gearboxEmu,section_00,source,anomaly,0.00032391620334237814,fp_naa_c1_mse_seed42,server02_fp_naa_screening_20260817T070937Z
gearboxEmu/test/section_00_source_test_anomaly_0037_pro_B.wav,gearboxEmu,section_00,source,anomaly,0.0017357129836454988,fp_naa_c1_mse_seed42,server02_fp_naa_screening_20260817T070937Z
gearboxEmu/test/section_00_source_test_anomaly_0038_pro_D.wav,gearboxEmu,section_00,source,anomaly,0.0034020927269011736,fp_naa_c1_mse_seed42,server02_fp_naa_screening_20260817T070937Z
gearboxEmu/test/section_00_source_test_anomaly_0039_pro_E.wav,gearboxEmu,section_00,source,anomaly,0.00998897384852171,fp_naa_c1_mse_seed42,server02_fp_naa_screening_20260817T070937Z
gearboxEmu/test/section_00_source_test_anomaly_0040_pro_A.wav,gearboxEmu,section_00,source,anomaly,0.00020436703925952315,fp_naa_c1_mse_seed42,server02_fp_naa_screening_20260817T070937Z
gearboxEmu/test/section_00_source_test_anomaly_0041_pro_A.wav,gearboxEmu,section_00,source,anomaly,0.0002046907611656934,fp_naa_c1_mse_seed42,server02_fp_naa_screening_20260817T070937Z
gearboxEmu/test/section_00_source_test_anomaly_0042_pro_E.wav,gearboxEmu,section_00,source,anomaly,0.0005052403430454433,fp_naa_c1_mse_seed42,server02_fp_naa_screening_20260817T070937Z
gearboxEmu/test/section_00_source_test_anomaly_0043_pro_A.wav,gearboxEmu,section_00,source,anomaly,5.5377851822413504e-05,fp_naa_c1_mse_seed42,server02_fp_naa_screening_20260817T070937Z
gearboxEmu/test/section_00_source_test_anomaly_0044_pro_B.wav,gearboxEmu,section_00,source,anomaly,0.00013189503806643188,fp_naa_c1_mse_seed42,server02_fp_naa_screening_20260817T070937Z
gearboxEmu/test/section_00_source_test_anomaly_0045_pro_F.wav,gearboxEmu,section_00,source,anomaly,0.0005872800247743726,fp_naa_c1_mse_seed42,server02_fp_naa_screening_20260817T070937Z
gearboxEmu/test/section_00_source_test_anomaly_0046_pro_C.wav,gearboxEmu,section_00,source,anomaly,0.0037806795444339514,fp_naa_c1_mse_seed42,server02_fp_naa_screening_20260817T070937Z
gearboxEmu/test/section_00_source_test_anomaly_0047_pro_C.wav,gearboxEmu,section_00,source,anomaly,0.0038639861159026623,fp_naa_c1_mse_seed42,server02_fp_naa_screening_20260817T070937Z
gearboxEmu/test/section_00_source_test_anomaly_0048_pro_E.wav,gearboxEmu,section_00,source,anomaly,0.0009238886414095759,fp_naa_c1_mse_seed42,server02_fp_naa_screening_20260817T070937Z
gearboxEmu/test/section_00_source_test_anomaly_0049_pro_F.wav,gearboxEmu,section_00,source,anomaly,0.009661477990448475,fp_naa_c1_mse_seed42,server02_fp_naa_screening_20260817T070937Z
gearboxEmu/test/section_00_source_test_normal_0000_pro_C.wav,gearboxEmu,section_00,source,normal,0.003864455735310912,fp_naa_c1_mse_seed42,server02_fp_naa_screening_20260817T070937Z
gearboxEmu/test/section_00_source_test_normal_0001_pro_C.wav,gearboxEmu,section_00,source,normal,0.0016931523568928242,fp_naa_c1_mse_seed42,server02_fp_naa_screening_20260817T070937Z
gearboxEmu/test/section_00_source_test_normal_0002_pro_E.wav,gearboxEmu,section_00,source,normal,0.0002603995380923152,fp_naa_c1_mse_seed42,server02_fp_naa_screening_20260817T070937Z
gearboxEmu/test/section_00_source_test_normal_0003_pro_C.wav,gearboxEmu,section_00,source,normal,0.0014452602481469512,fp_naa_c1_mse_seed42,server02_fp_naa_screening_20260817T070937Z
gearboxEmu/test/section_00_source_test_normal_0004_pro_F.wav,gearboxEmu,section_00,source,normal,-5.761618376709521e-05,fp_naa_c1_mse_seed42,server02_fp_naa_screening_20260817T070937Z
gearboxEmu/test/section_00_source_test_normal_0005_pro_C.wav,gearboxEmu,section_00,source,normal,7.885700324550271e-05,fp_naa_c1_mse_seed42,server02_fp_naa_screening_20260817T070937Z
gearboxEmu/test/section_00_source_test_normal_0006_pro_D.wav,gearboxEmu,section_00,source,normal,1.2219868949614465e-05,fp_naa_c1_mse_seed42,server02_fp_naa_screening_20260817T070937Z
gearboxEmu/test/section_00_source_test_normal_0007_pro_E.wav,gearboxEmu,section_00,source,normal,0.003121834248304367,fp_naa_c1_mse_seed42,server02_fp_naa_screening_20260817T070937Z
gearboxEmu/test/section_00_source_test_normal_0008_pro_A.wav,gearboxEmu,section_00,source,normal,5.512552161235362e-05,fp_naa_c1_mse_seed42,server02_fp_naa_screening_20260817T070937Z
gearboxEmu/test/section_00_source_test_normal_0009_pro_D.wav,gearboxEmu,section_00,source,normal,-2.906305599026382e-05,fp_naa_c1_mse_seed42,server02_fp_naa_screening_20260817T070937Z
gearboxEmu/test/section_00_source_test_normal_0010_pro_E.wav,gearboxEmu,section_00,source,normal,0.003593746107071638,fp_naa_c1_mse_seed42,server02_fp_naa_screening_20260817T070937Z
gearboxEmu/test/section_00_source_test_normal_0011_pro_B.wav,gearboxEmu,section_00,source,normal,0.00023179194249678403,fp_naa_c1_mse_seed42,server02_fp_naa_screening_20260817T070937Z
gearboxEmu/test/section_00_source_test_normal_0012_pro_D.wav,gearboxEmu,section_00,source,normal,0.0005598803982138634,fp_naa_c1_mse_seed42,server02_fp_naa_screening_20260817T070937Z
gearboxEmu/test/section_00_source_test_normal_0013_pro_F.wav,gearboxEmu,section_00,source,normal,0.0010479402262717485,fp_naa_c1_mse_seed42,server02_fp_naa_screening_20260817T070937Z
gearboxEmu/test/section_00_source_test_normal_0014_pro_F.wav,gearboxEmu,section_00,source,normal,0.00027790607418864965,fp_naa_c1_mse_seed42,server02_fp_naa_screening_20260817T070937Z
gearboxEmu/test/section_00_source_test_normal_0015_pro_F.wav,gearboxEmu,section_00,source,normal,0.0007063569501042366,fp_naa_c1_mse_seed42,server02_fp_naa_screening_20260817T070937Z
gearboxEmu/test/section_00_source_test_normal_0016_pro_E.wav,gearboxEmu,section_00,source,normal,0.0013207863084971905,fp_naa_c1_mse_seed42,server02_fp_naa_screening_20260817T070937Z
gearboxEmu/test/section_00_source_test_normal_0017_pro_A.wav,gearboxEmu,section_00,source,normal,0.0005395716289058328,fp_naa_c1_mse_seed42,server02_fp_naa_screening_20260817T070937Z
gearboxEmu/test/section_00_source_test_normal_0018_pro_B.wav,gearboxEmu,section_00,source,normal,0.000404485734179616,fp_naa_c1_mse_seed42,server02_fp_naa_screening_20260817T070937Z
gearboxEmu/test/section_00_source_test_normal_0019_pro_B.wav,gearboxEmu,section_00,source,normal,0.00023680482991039753,fp_naa_c1_mse_seed42,server02_fp_naa_screening_20260817T070937Z
gearboxEmu/test/section_00_source_test_normal_0020_pro_F.wav,gearboxEmu,section_00,source,normal,-0.00023453027824871242,fp_naa_c1_mse_seed42,server02_fp_naa_screening_20260817T070937Z
gearboxEmu/test/section_00_source_test_normal_0021_pro_B.wav,gearboxEmu,section_00,source,normal,0.00024033374211285263,fp_naa_c1_mse_seed42,server02_fp_naa_screening_20260817T070937Z
gearboxEmu/test/section_00_source_test_normal_0022_pro_B.wav,gearboxEmu,section_00,source,normal,0.0003344219003338367,fp_naa_c1_mse_seed42,server02_fp_naa_screening_20260817T070937Z
gearboxEmu/test/section_00_source_test_normal_0023_pro_B.wav,gearboxEmu,section_00,source,normal,0.0012387726455926895,fp_naa_c1_mse_seed42,server02_fp_naa_screening_20260817T070937Z
gearboxEmu/test/section_00_source_test_normal_0024_pro_F.wav,gearboxEmu,section_00,source,normal,0.0010936371982097626,fp_naa_c1_mse_seed42,server02_fp_naa_screening_20260817T070937Z
gearboxEmu/test/section_00_source_test_normal_0025_pro_E.wav,gearboxEmu,section_00,source,normal,0.0011504198191687465,fp_naa_c1_mse_seed42,server02_fp_naa_screening_20260817T070937Z
gearboxEmu/test/section_00_source_test_normal_0026_pro_F.wav,gearboxEmu,section_00,source,normal,0.0011425656266510487,fp_naa_c1_mse_seed42,server02_fp_naa_screening_20260817T070937Z
gearboxEmu/test/section_00_source_test_normal_0027_pro_B.wav,gearboxEmu,section_00,source,normal,0.00014666371862404048,fp_naa_c1_mse_seed42,server02_fp_naa_screening_20260817T070937Z
gearboxEmu/test/section_00_source_test_normal_0028_pro_D.wav,gearboxEmu,section_00,source,normal,0.0006389213376678526,fp_naa_c1_mse_seed42,server02_fp_naa_screening_20260817T070937Z
gearboxEmu/test/section_00_source_test_normal_0029_pro_A.wav,gearboxEmu,section_00,source,normal,-7.166721479734406e-05,fp_naa_c1_mse_seed42,server02_fp_naa_screening_20260817T070937Z
gearboxEmu/test/section_00_source_test_normal_0030_pro_A.wav,gearboxEmu,section_00,source,normal,-0.0001612154592294246,fp_naa_c1_mse_seed42,server02_fp_naa_screening_20260817T070937Z
gearboxEmu/test/section_00_source_test_normal_0031_pro_A.wav,gearboxEmu,section_00,source,normal,0.0002773599699139595,fp_naa_c1_mse_seed42,server02_fp_naa_screening_20260817T070937Z
gearboxEmu/test/section_00_source_test_normal_0032_pro_C.wav,gearboxEmu,section_00,source,normal,0.0020103328861296177,fp_naa_c1_mse_seed42,server02_fp_naa_screening_20260817T070937Z
gearboxEmu/test/section_00_source_test_normal_0033_pro_E.wav,gearboxEmu,section_00,source,normal,0.00045579479774460196,fp_naa_c1_mse_seed42,server02_fp_naa_screening_20260817T070937Z
gearboxEmu/test/section_00_source_test_normal_0034_pro_D.wav,gearboxEmu,section_00,source,normal,-0.00043076800648123026,fp_naa_c1_mse_seed42,server02_fp_naa_screening_20260817T070937Z
gearboxEmu/test/section_00_source_test_normal_0035_pro_A.wav,gearboxEmu,section_00,source,normal,-0.0001944298855960369,fp_naa_c1_mse_seed42,server02_fp_naa_screening_20260817T070937Z
gearboxEmu/test/section_00_source_test_normal_0036_pro_D.wav,gearboxEmu,section_00,source,normal,-0.00026110169710591435,fp_naa_c1_mse_seed42,server02_fp_naa_screening_20260817T070937Z
gearboxEmu/test/section_00_source_test_normal_0037_pro_A.wav,gearboxEmu,section_00,source,normal,-0.00021201303752604872,fp_naa_c1_mse_seed42,server02_fp_naa_screening_20260817T070937Z
gearboxEmu/test/section_00_source_test_normal_0038_pro_D.wav,gearboxEmu,section_00,source,normal,8.789758430793881e-05,fp_naa_c1_mse_seed42,server02_fp_naa_screening_20260817T070937Z
gearboxEmu/test/section_00_source_test_normal_0039_pro_E.wav,gearboxEmu,section_00,source,normal,0.0013819187879562378,fp_naa_c1_mse_seed42,server02_fp_naa_screening_20260817T070937Z
gearboxEmu/test/section_00_source_test_normal_0040_pro_D.wav,gearboxEmu,section_00,source,normal,0.00012328037701081485,fp_naa_c1_mse_seed42,server02_fp_naa_screening_20260817T070937Z
gearboxEmu/test/section_00_source_test_normal_0041_pro_A.wav,gearboxEmu,section_00,source,normal,6.978272722335532e-05,fp_naa_c1_mse_seed42,server02_fp_naa_screening_20260817T070937Z
gearboxEmu/test/section_00_source_test_normal_0042_pro_C.wav,gearboxEmu,section_00,source,normal,0.002680517267435789,fp_naa_c1_mse_seed42,server02_fp_naa_screening_20260817T070937Z
gearboxEmu/test/section_00_source_test_normal_0043_pro_C.wav,gearboxEmu,section_00,source,normal,-1.2597738532349467e-06,fp_naa_c1_mse_seed42,server02_fp_naa_screening_20260817T070937Z
gearboxEmu/test/section_00_source_test_normal_0044_pro_D.wav,gearboxEmu,section_00,source,normal,0.0010257059475407004,fp_naa_c1_mse_seed42,server02_fp_naa_screening_20260817T070937Z
gearboxEmu/test/section_00_source_test_normal_0045_pro_B.wav,gearboxEmu,section_00,source,normal,0.00044375774450600147,fp_naa_c1_mse_seed42,server02_fp_naa_screening_20260817T070937Z
gearboxEmu/test/section_00_source_test_normal_0046_pro_C.wav,gearboxEmu,section_00,source,normal,0.0006611307617276907,fp_naa_c1_mse_seed42,server02_fp_naa_screening_20260817T070937Z
gearboxEmu/test/section_00_source_test_normal_0047_pro_A.wav,gearboxEmu,section_00,source,normal,0.000380581128410995,fp_naa_c1_mse_seed42,server02_fp_naa_screening_20260817T070937Z
gearboxEmu/test/section_00_source_test_normal_0048_pro_E.wav,gearboxEmu,section_00,source,normal,0.0013688660692423582,fp_naa_c1_mse_seed42,server02_fp_naa_screening_20260817T070937Z
gearboxEmu/test/section_00_source_test_normal_0049_pro_F.wav,gearboxEmu,section_00,source,normal,0.000344188476447016,fp_naa_c1_mse_seed42,server02_fp_naa_screening_20260817T070937Z
gearboxEmu/test/section_00_target_test_anomaly_0000_pro_Y.wav,gearboxEmu,section_00,target,anomaly,0.010915081948041916,fp_naa_c1_mse_seed42,server02_fp_naa_screening_20260817T070937Z
gearboxEmu/test/section_00_target_test_anomaly_0001_pro_X.wav,gearboxEmu,section_00,target,anomaly,0.002061339793726802,fp_naa_c1_mse_seed42,server02_fp_naa_screening_20260817T070937Z
gearboxEmu/test/section_00_target_test_anomaly_0002_pro_Z.wav,gearboxEmu,section_00,target,anomaly,0.00026210155920125544,fp_naa_c1_mse_seed42,server02_fp_naa_screening_20260817T070937Z
gearboxEmu/test/section_00_target_test_anomaly_0003_pro_X.wav,gearboxEmu,section_00,target,anomaly,0.005340665578842163,fp_naa_c1_mse_seed42,server02_fp_naa_screening_20260817T070937Z
gearboxEmu/test/section_00_target_test_anomaly_0004_pro_Z.wav,gearboxEmu,section_00,target,anomaly,0.00025872208061628044,fp_naa_c1_mse_seed42,server02_fp_naa_screening_20260817T070937Z
gearboxEmu/test/section_00_target_test_anomaly_0005_pro_X.wav,gearboxEmu,section_00,target,anomaly,0.014878016896545887,fp_naa_c1_mse_seed42,server02_fp_naa_screening_20260817T070937Z
gearboxEmu/test/section_00_target_test_anomaly_0006_pro_X.wav,gearboxEmu,section_00,target,anomaly,0.01627929136157036,fp_naa_c1_mse_seed42,server02_fp_naa_screening_20260817T070937Z
gearboxEmu/test/section_00_target_test_anomaly_0007_pro_Y.wav,gearboxEmu,section_00,target,anomaly,0.007837402634322643,fp_naa_c1_mse_seed42,server02_fp_naa_screening_20260817T070937Z
gearboxEmu/test/section_00_target_test_anomaly_0008_pro_Z.wav,gearboxEmu,section_00,target,anomaly,0.00013791260425932705,fp_naa_c1_mse_seed42,server02_fp_naa_screening_20260817T070937Z
gearboxEmu/test/section_00_target_test_anomaly_0009_pro_Z.wav,gearboxEmu,section_00,target,anomaly,0.0024144321214407682,fp_naa_c1_mse_seed42,server02_fp_naa_screening_20260817T070937Z
gearboxEmu/test/section_00_target_test_anomaly_0010_pro_Y.wav,gearboxEmu,section_00,target,anomaly,0.0027712855953723192,fp_naa_c1_mse_seed42,server02_fp_naa_screening_20260817T070937Z
gearboxEmu/test/section_00_target_test_anomaly_0011_pro_X.wav,gearboxEmu,section_00,target,anomaly,0.014906004071235657,fp_naa_c1_mse_seed42,server02_fp_naa_screening_20260817T070937Z
gearboxEmu/test/section_00_target_test_anomaly_0012_pro_Y.wav,gearboxEmu,section_00,target,anomaly,0.0010652226628735662,fp_naa_c1_mse_seed42,server02_fp_naa_screening_20260817T070937Z
gearboxEmu/test/section_00_target_test_anomaly_0013_pro_X.wav,gearboxEmu,section_00,target,anomaly,0.014752358198165894,fp_naa_c1_mse_seed42,server02_fp_naa_screening_20260817T070937Z
gearboxEmu/test/section_00_target_test_anomaly_0014_pro_X.wav,gearboxEmu,section_00,target,anomaly,0.016551025211811066,fp_naa_c1_mse_seed42,server02_fp_naa_screening_20260817T070937Z
gearboxEmu/test/section_00_target_test_anomaly_0015_pro_Z.wav,gearboxEmu,section_00,target,anomaly,0.0003441045118961483,fp_naa_c1_mse_seed42,server02_fp_naa_screening_20260817T070937Z
gearboxEmu/test/section_00_target_test_anomaly_0016_pro_X.wav,gearboxEmu,section_00,target,anomaly,0.0017038711812347174,fp_naa_c1_mse_seed42,server02_fp_naa_screening_20260817T070937Z
gearboxEmu/test/section_00_target_test_anomaly_0017_pro_Z.wav,gearboxEmu,section_00,target,anomaly,0.002294542035087943,fp_naa_c1_mse_seed42,server02_fp_naa_screening_20260817T070937Z
gearboxEmu/test/section_00_target_test_anomaly_0018_pro_X.wav,gearboxEmu,section_00,target,anomaly,0.017090708017349243,fp_naa_c1_mse_seed42,server02_fp_naa_screening_20260817T070937Z
gearboxEmu/test/section_00_target_test_anomaly_0019_pro_Z.wav,gearboxEmu,section_00,target,anomaly,0.0014571339124813676,fp_naa_c1_mse_seed42,server02_fp_naa_screening_20260817T070937Z
gearboxEmu/test/section_00_target_test_anomaly_0020_pro_X.wav,gearboxEmu,section_00,target,anomaly,0.01668483205139637,fp_naa_c1_mse_seed42,server02_fp_naa_screening_20260817T070937Z
gearboxEmu/test/section_00_target_test_anomaly_0021_pro_X.wav,gearboxEmu,section_00,target,anomaly,0.002070303540676832,fp_naa_c1_mse_seed42,server02_fp_naa_screening_20260817T070937Z
gearboxEmu/test/section_00_target_test_anomaly_0022_pro_Y.wav,gearboxEmu,section_00,target,anomaly,0.008673202246427536,fp_naa_c1_mse_seed42,server02_fp_naa_screening_20260817T070937Z
gearboxEmu/test/section_00_target_test_anomaly_0023_pro_X.wav,gearboxEmu,section_00,target,anomaly,0.01631605625152588,fp_naa_c1_mse_seed42,server02_fp_naa_screening_20260817T070937Z
gearboxEmu/test/section_00_target_test_anomaly_0024_pro_Y.wav,gearboxEmu,section_00,target,anomaly,0.012899263761937618,fp_naa_c1_mse_seed42,server02_fp_naa_screening_20260817T070937Z
gearboxEmu/test/section_00_target_test_anomaly_0025_pro_Z.wav,gearboxEmu,section_00,target,anomaly,2.7750618755817413e-05,fp_naa_c1_mse_seed42,server02_fp_naa_screening_20260817T070937Z
gearboxEmu/test/section_00_target_test_anomaly_0026_pro_Y.wav,gearboxEmu,section_00,target,anomaly,0.008326291106641293,fp_naa_c1_mse_seed42,server02_fp_naa_screening_20260817T070937Z
gearboxEmu/test/section_00_target_test_anomaly_0027_pro_X.wav,gearboxEmu,section_00,target,anomaly,0.017108067870140076,fp_naa_c1_mse_seed42,server02_fp_naa_screening_20260817T070937Z
gearboxEmu/test/section_00_target_test_anomaly_0028_pro_Y.wav,gearboxEmu,section_00,target,anomaly,0.0011476888321340084,fp_naa_c1_mse_seed42,server02_fp_naa_screening_20260817T070937Z
gearboxEmu/test/section_00_target_test_anomaly_0029_pro_Y.wav,gearboxEmu,section_00,target,anomaly,0.0056694019585847855,fp_naa_c1_mse_seed42,server02_fp_naa_screening_20260817T070937Z
gearboxEmu/test/section_00_target_test_anomaly_0030_pro_Y.wav,gearboxEmu,section_00,target,anomaly,0.01026839017868042,fp_naa_c1_mse_seed42,server02_fp_naa_screening_20260817T070937Z
gearboxEmu/test/section_00_target_test_anomaly_0031_pro_Z.wav,gearboxEmu,section_00,target,anomaly,0.0006848955526947975,fp_naa_c1_mse_seed42,server02_fp_naa_screening_20260817T070937Z
gearboxEmu/test/section_00_target_test_anomaly_0032_pro_Z.wav,gearboxEmu,section_00,target,anomaly,-8.773077570367604e-05,fp_naa_c1_mse_seed42,server02_fp_naa_screening_20260817T070937Z
gearboxEmu/test/section_00_target_test_anomaly_0033_pro_Y.wav,gearboxEmu,section_00,target,anomaly,0.011619387194514275,fp_naa_c1_mse_seed42,server02_fp_naa_screening_20260817T070937Z
gearboxEmu/test/section_00_target_test_anomaly_0034_pro_Y.wav,gearboxEmu,section_00,target,anomaly,0.0012851483188569546,fp_naa_c1_mse_seed42,server02_fp_naa_screening_20260817T070937Z
gearboxEmu/test/section_00_target_test_anomaly_0035_pro_Z.wav,gearboxEmu,section_00,target,anomaly,8.164835162460804e-05,fp_naa_c1_mse_seed42,server02_fp_naa_screening_20260817T070937Z
gearboxEmu/test/section_00_target_test_anomaly_0036_pro_Z.wav,gearboxEmu,section_00,target,anomaly,-0.00040097651071846485,fp_naa_c1_mse_seed42,server02_fp_naa_screening_20260817T070937Z
gearboxEmu/test/section_00_target_test_anomaly_0037_pro_Y.wav,gearboxEmu,section_00,target,anomaly,0.002804965479299426,fp_naa_c1_mse_seed42,server02_fp_naa_screening_20260817T070937Z
gearboxEmu/test/section_00_target_test_anomaly_0038_pro_Y.wav,gearboxEmu,section_00,target,anomaly,0.01032031886279583,fp_naa_c1_mse_seed42,server02_fp_naa_screening_20260817T070937Z
gearboxEmu/test/section_00_target_test_anomaly_0039_pro_Z.wav,gearboxEmu,section_00,target,anomaly,0.0014779602643102407,fp_naa_c1_mse_seed42,server02_fp_naa_screening_20260817T070937Z
gearboxEmu/test/section_00_target_test_anomaly_0040_pro_X.wav,gearboxEmu,section_00,target,anomaly,0.016742542386054993,fp_naa_c1_mse_seed42,server02_fp_naa_screening_20260817T070937Z
gearboxEmu/test/section_00_target_test_anomaly_0041_pro_Z.wav,gearboxEmu,section_00,target,anomaly,0.001958302455022931,fp_naa_c1_mse_seed42,server02_fp_naa_screening_20260817T070937Z
gearboxEmu/test/section_00_target_test_anomaly_0042_pro_Z.wav,gearboxEmu,section_00,target,anomaly,0.000504109135363251,fp_naa_c1_mse_seed42,server02_fp_naa_screening_20260817T070937Z
gearboxEmu/test/section_00_target_test_anomaly_0043_pro_Y.wav,gearboxEmu,section_00,target,anomaly,0.002324415137991309,fp_naa_c1_mse_seed42,server02_fp_naa_screening_20260817T070937Z
gearboxEmu/test/section_00_target_test_anomaly_0044_pro_Y.wav,gearboxEmu,section_00,target,anomaly,0.00902942568063736,fp_naa_c1_mse_seed42,server02_fp_naa_screening_20260817T070937Z
gearboxEmu/test/section_00_target_test_anomaly_0045_pro_Z.wav,gearboxEmu,section_00,target,anomaly,0.0013027541572228074,fp_naa_c1_mse_seed42,server02_fp_naa_screening_20260817T070937Z
gearboxEmu/test/section_00_target_test_anomaly_0046_pro_X.wav,gearboxEmu,section_00,target,anomaly,0.0010881624184548855,fp_naa_c1_mse_seed42,server02_fp_naa_screening_20260817T070937Z
gearboxEmu/test/section_00_target_test_anomaly_0047_pro_X.wav,gearboxEmu,section_00,target,anomaly,0.0018177066231146455,fp_naa_c1_mse_seed42,server02_fp_naa_screening_20260817T070937Z
gearboxEmu/test/section_00_target_test_anomaly_0048_pro_Y.wav,gearboxEmu,section_00,target,anomaly,0.0032857537735253572,fp_naa_c1_mse_seed42,server02_fp_naa_screening_20260817T070937Z
gearboxEmu/test/section_00_target_test_anomaly_0049_pro_X.wav,gearboxEmu,section_00,target,anomaly,0.019165096804499626,fp_naa_c1_mse_seed42,server02_fp_naa_screening_20260817T070937Z
gearboxEmu/test/section_00_target_test_normal_0000_pro_X.wav,gearboxEmu,section_00,target,normal,0.018944837152957916,fp_naa_c1_mse_seed42,server02_fp_naa_screening_20260817T070937Z
gearboxEmu/test/section_00_target_test_normal_0001_pro_y.wav,gearboxEmu,section_00,target,normal,-0.005485689267516136,fp_naa_c1_mse_seed42,server02_fp_naa_screening_20260817T070937Z
gearboxEmu/test/section_00_target_test_normal_0002_pro_X.wav,gearboxEmu,section_00,target,normal,0.020299851894378662,fp_naa_c1_mse_seed42,server02_fp_naa_screening_20260817T070937Z
gearboxEmu/test/section_00_target_test_normal_0003_pro_X.wav,gearboxEmu,section_00,target,normal,0.018206987529993057,fp_naa_c1_mse_seed42,server02_fp_naa_screening_20260817T070937Z
gearboxEmu/test/section_00_target_test_normal_0004_pro_Z.wav,gearboxEmu,section_00,target,normal,2.6200563297607005e-05,fp_naa_c1_mse_seed42,server02_fp_naa_screening_20260817T070937Z
gearboxEmu/test/section_00_target_test_normal_0005_pro_y.wav,gearboxEmu,section_00,target,normal,0.0009194077574647963,fp_naa_c1_mse_seed42,server02_fp_naa_screening_20260817T070937Z
gearboxEmu/test/section_00_target_test_normal_0006_pro_Z.wav,gearboxEmu,section_00,target,normal,0.0001826830266509205,fp_naa_c1_mse_seed42,server02_fp_naa_screening_20260817T070937Z
gearboxEmu/test/section_00_target_test_normal_0007_pro_y.wav,gearboxEmu,section_00,target,normal,-0.0036462226416915655,fp_naa_c1_mse_seed42,server02_fp_naa_screening_20260817T070937Z
gearboxEmu/test/section_00_target_test_normal_0008_pro_Z.wav,gearboxEmu,section_00,target,normal,3.6482670111581683e-06,fp_naa_c1_mse_seed42,server02_fp_naa_screening_20260817T070937Z
gearboxEmu/test/section_00_target_test_normal_0009_pro_X.wav,gearboxEmu,section_00,target,normal,0.021051771938800812,fp_naa_c1_mse_seed42,server02_fp_naa_screening_20260817T070937Z
gearboxEmu/test/section_00_target_test_normal_0010_pro_X.wav,gearboxEmu,section_00,target,normal,-0.002515869913622737,fp_naa_c1_mse_seed42,server02_fp_naa_screening_20260817T070937Z
gearboxEmu/test/section_00_target_test_normal_0011_pro_y.wav,gearboxEmu,section_00,target,normal,-0.008225223049521446,fp_naa_c1_mse_seed42,server02_fp_naa_screening_20260817T070937Z
gearboxEmu/test/section_00_target_test_normal_0012_pro_y.wav,gearboxEmu,section_00,target,normal,-0.0075780837796628475,fp_naa_c1_mse_seed42,server02_fp_naa_screening_20260817T070937Z
gearboxEmu/test/section_00_target_test_normal_0013_pro_X.wav,gearboxEmu,section_00,target,normal,-0.00029970065224915743,fp_naa_c1_mse_seed42,server02_fp_naa_screening_20260817T070937Z
gearboxEmu/test/section_00_target_test_normal_0014_pro_Z.wav,gearboxEmu,section_00,target,normal,9.39061283133924e-05,fp_naa_c1_mse_seed42,server02_fp_naa_screening_20260817T070937Z
gearboxEmu/test/section_00_target_test_normal_0015_pro_X.wav,gearboxEmu,section_00,target,normal,0.0005091764614917338,fp_naa_c1_mse_seed42,server02_fp_naa_screening_20260817T070937Z
gearboxEmu/test/section_00_target_test_normal_0016_pro_Z.wav,gearboxEmu,section_00,target,normal,0.0003509228699840605,fp_naa_c1_mse_seed42,server02_fp_naa_screening_20260817T070937Z
gearboxEmu/test/section_00_target_test_normal_0017_pro_y.wav,gearboxEmu,section_00,target,normal,-0.00737222284078598,fp_naa_c1_mse_seed42,server02_fp_naa_screening_20260817T070937Z
gearboxEmu/test/section_00_target_test_normal_0018_pro_y.wav,gearboxEmu,section_00,target,normal,-0.0074774352833628654,fp_naa_c1_mse_seed42,server02_fp_naa_screening_20260817T070937Z
gearboxEmu/test/section_00_target_test_normal_0019_pro_Z.wav,gearboxEmu,section_00,target,normal,-7.340458978433162e-05,fp_naa_c1_mse_seed42,server02_fp_naa_screening_20260817T070937Z
gearboxEmu/test/section_00_target_test_normal_0020_pro_y.wav,gearboxEmu,section_00,target,normal,-0.00972732063382864,fp_naa_c1_mse_seed42,server02_fp_naa_screening_20260817T070937Z
gearboxEmu/test/section_00_target_test_normal_0021_pro_y.wav,gearboxEmu,section_00,target,normal,0.0008679472375661135,fp_naa_c1_mse_seed42,server02_fp_naa_screening_20260817T070937Z
gearboxEmu/test/section_00_target_test_normal_0022_pro_Z.wav,gearboxEmu,section_00,target,normal,0.0005203919718042016,fp_naa_c1_mse_seed42,server02_fp_naa_screening_20260817T070937Z
gearboxEmu/test/section_00_target_test_normal_0023_pro_X.wav,gearboxEmu,section_00,target,normal,-0.004275455139577389,fp_naa_c1_mse_seed42,server02_fp_naa_screening_20260817T070937Z
gearboxEmu/test/section_00_target_test_normal_0024_pro_y.wav,gearboxEmu,section_00,target,normal,0.0012097819708287716,fp_naa_c1_mse_seed42,server02_fp_naa_screening_20260817T070937Z
gearboxEmu/test/section_00_target_test_normal_0025_pro_Z.wav,gearboxEmu,section_00,target,normal,0.00019133307796437293,fp_naa_c1_mse_seed42,server02_fp_naa_screening_20260817T070937Z
gearboxEmu/test/section_00_target_test_normal_0026_pro_Z.wav,gearboxEmu,section_00,target,normal,0.00018398578686174005,fp_naa_c1_mse_seed42,server02_fp_naa_screening_20260817T070937Z
gearboxEmu/test/section_00_target_test_normal_0027_pro_X.wav,gearboxEmu,section_00,target,normal,0.023647839203476906,fp_naa_c1_mse_seed42,server02_fp_naa_screening_20260817T070937Z
gearboxEmu/test/section_00_target_test_normal_0028_pro_X.wav,gearboxEmu,section_00,target,normal,0.021202566102147102,fp_naa_c1_mse_seed42,server02_fp_naa_screening_20260817T070937Z
gearboxEmu/test/section_00_target_test_normal_0029_pro_Z.wav,gearboxEmu,section_00,target,normal,-0.00010994499461958185,fp_naa_c1_mse_seed42,server02_fp_naa_screening_20260817T070937Z
gearboxEmu/test/section_00_target_test_normal_0030_pro_X.wav,gearboxEmu,section_00,target,normal,-0.0009230795549228787,fp_naa_c1_mse_seed42,server02_fp_naa_screening_20260817T070937Z
gearboxEmu/test/section_00_target_test_normal_0031_pro_Z.wav,gearboxEmu,section_00,target,normal,-0.00030552834505215287,fp_naa_c1_mse_seed42,server02_fp_naa_screening_20260817T070937Z
gearboxEmu/test/section_00_target_test_normal_0032_pro_y.wav,gearboxEmu,section_00,target,normal,0.002349207643419504,fp_naa_c1_mse_seed42,server02_fp_naa_screening_20260817T070937Z
gearboxEmu/test/section_00_target_test_normal_0033_pro_X.wav,gearboxEmu,section_00,target,normal,0.02074870839715004,fp_naa_c1_mse_seed42,server02_fp_naa_screening_20260817T070937Z
gearboxEmu/test/section_00_target_test_normal_0034_pro_Z.wav,gearboxEmu,section_00,target,normal,0.00036435588845051825,fp_naa_c1_mse_seed42,server02_fp_naa_screening_20260817T070937Z
gearboxEmu/test/section_00_target_test_normal_0035_pro_y.wav,gearboxEmu,section_00,target,normal,-0.006479464005678892,fp_naa_c1_mse_seed42,server02_fp_naa_screening_20260817T070937Z
gearboxEmu/test/section_00_target_test_normal_0036_pro_X.wav,gearboxEmu,section_00,target,normal,0.0006866336334496737,fp_naa_c1_mse_seed42,server02_fp_naa_screening_20260817T070937Z
gearboxEmu/test/section_00_target_test_normal_0037_pro_X.wav,gearboxEmu,section_00,target,normal,0.002320275641977787,fp_naa_c1_mse_seed42,server02_fp_naa_screening_20260817T070937Z
gearboxEmu/test/section_00_target_test_normal_0038_pro_y.wav,gearboxEmu,section_00,target,normal,-0.008380533196032047,fp_naa_c1_mse_seed42,server02_fp_naa_screening_20260817T070937Z
gearboxEmu/test/section_00_target_test_normal_0039_pro_Z.wav,gearboxEmu,section_00,target,normal,0.0005311979330144823,fp_naa_c1_mse_seed42,server02_fp_naa_screening_20260817T070937Z
gearboxEmu/test/section_00_target_test_normal_0040_pro_y.wav,gearboxEmu,section_00,target,normal,-0.0067197284661233425,fp_naa_c1_mse_seed42,server02_fp_naa_screening_20260817T070937Z
gearboxEmu/test/section_00_target_test_normal_0041_pro_Z.wav,gearboxEmu,section_00,target,normal,-0.00011543805885594338,fp_naa_c1_mse_seed42,server02_fp_naa_screening_20260817T070937Z
gearboxEmu/test/section_00_target_test_normal_0042_pro_Z.wav,gearboxEmu,section_00,target,normal,0.0022603864781558514,fp_naa_c1_mse_seed42,server02_fp_naa_screening_20260817T070937Z
gearboxEmu/test/section_00_target_test_normal_0043_pro_y.wav,gearboxEmu,section_00,target,normal,-0.008126280270516872,fp_naa_c1_mse_seed42,server02_fp_naa_screening_20260817T070937Z
gearboxEmu/test/section_00_target_test_normal_0044_pro_X.wav,gearboxEmu,section_00,target,normal,0.0013026536908000708,fp_naa_c1_mse_seed42,server02_fp_naa_screening_20260817T070937Z
gearboxEmu/test/section_00_target_test_normal_0045_pro_Z.wav,gearboxEmu,section_00,target,normal,-0.00036441610427573323,fp_naa_c1_mse_seed42,server02_fp_naa_screening_20260817T070937Z
gearboxEmu/test/section_00_target_test_normal_0046_pro_X.wav,gearboxEmu,section_00,target,normal,-0.000854671117849648,fp_naa_c1_mse_seed42,server02_fp_naa_screening_20260817T070937Z
gearboxEmu/test/section_00_target_test_normal_0047_pro_y.wav,gearboxEmu,section_00,target,normal,0.0003288561129011214,fp_naa_c1_mse_seed42,server02_fp_naa_screening_20260817T070937Z
gearboxEmu/test/section_00_target_test_normal_0048_pro_X.wav,gearboxEmu,section_00,target,normal,0.0008891501929610968,fp_naa_c1_mse_seed42,server02_fp_naa_screening_20260817T070937Z
gearboxEmu/test/section_00_target_test_normal_0049_pro_y.wav,gearboxEmu,section_00,target,normal,-0.007312626577913761,fp_naa_c1_mse_seed42,server02_fp_naa_screening_20260817T070937Z
sliderEmu/test/section_00_source_test_anomaly_0000_noAttribute.wav,sliderEmu,section_00,source,anomaly,0.0032051419839262962,fp_naa_c1_mse_seed42,server02_fp_naa_screening_20260817T070937Z
sliderEmu/test/section_00_source_test_anomaly_0001_noAttribute.wav,sliderEmu,section_00,source,anomaly,0.00096908985869959,fp_naa_c1_mse_seed42,server02_fp_naa_screening_20260817T070937Z
sliderEmu/test/section_00_source_test_anomaly_0002_noAttribute.wav,sliderEmu,section_00,source,anomaly,0.0007781664608046412,fp_naa_c1_mse_seed42,server02_fp_naa_screening_20260817T070937Z
sliderEmu/test/section_00_source_test_anomaly_0003_noAttribute.wav,sliderEmu,section_00,source,anomaly,0.0016119584906846285,fp_naa_c1_mse_seed42,server02_fp_naa_screening_20260817T070937Z
sliderEmu/test/section_00_source_test_anomaly_0004_noAttribute.wav,sliderEmu,section_00,source,anomaly,0.0018741963431239128,fp_naa_c1_mse_seed42,server02_fp_naa_screening_20260817T070937Z
sliderEmu/test/section_00_source_test_anomaly_0005_noAttribute.wav,sliderEmu,section_00,source,anomaly,0.001440764986909926,fp_naa_c1_mse_seed42,server02_fp_naa_screening_20260817T070937Z
sliderEmu/test/section_00_source_test_anomaly_0006_noAttribute.wav,sliderEmu,section_00,source,anomaly,0.0014031714526936412,fp_naa_c1_mse_seed42,server02_fp_naa_screening_20260817T070937Z
sliderEmu/test/section_00_source_test_anomaly_0007_noAttribute.wav,sliderEmu,section_00,source,anomaly,0.013613397255539894,fp_naa_c1_mse_seed42,server02_fp_naa_screening_20260817T070937Z
sliderEmu/test/section_00_source_test_anomaly_0008_noAttribute.wav,sliderEmu,section_00,source,anomaly,0.002101296093314886,fp_naa_c1_mse_seed42,server02_fp_naa_screening_20260817T070937Z
sliderEmu/test/section_00_source_test_anomaly_0009_noAttribute.wav,sliderEmu,section_00,source,anomaly,0.0031624576076865196,fp_naa_c1_mse_seed42,server02_fp_naa_screening_20260817T070937Z
sliderEmu/test/section_00_source_test_anomaly_0010_noAttribute.wav,sliderEmu,section_00,source,anomaly,0.002788987010717392,fp_naa_c1_mse_seed42,server02_fp_naa_screening_20260817T070937Z
sliderEmu/test/section_00_source_test_anomaly_0011_noAttribute.wav,sliderEmu,section_00,source,anomaly,0.0007600603858008981,fp_naa_c1_mse_seed42,server02_fp_naa_screening_20260817T070937Z
sliderEmu/test/section_00_source_test_anomaly_0012_noAttribute.wav,sliderEmu,section_00,source,anomaly,0.005944672040641308,fp_naa_c1_mse_seed42,server02_fp_naa_screening_20260817T070937Z
sliderEmu/test/section_00_source_test_anomaly_0013_noAttribute.wav,sliderEmu,section_00,source,anomaly,0.0021261484362185,fp_naa_c1_mse_seed42,server02_fp_naa_screening_20260817T070937Z
sliderEmu/test/section_00_source_test_anomaly_0014_noAttribute.wav,sliderEmu,section_00,source,anomaly,0.0031916650477796793,fp_naa_c1_mse_seed42,server02_fp_naa_screening_20260817T070937Z
sliderEmu/test/section_00_source_test_anomaly_0015_noAttribute.wav,sliderEmu,section_00,source,anomaly,0.0027485894970595837,fp_naa_c1_mse_seed42,server02_fp_naa_screening_20260817T070937Z
sliderEmu/test/section_00_source_test_anomaly_0016_noAttribute.wav,sliderEmu,section_00,source,anomaly,0.0012325230054557323,fp_naa_c1_mse_seed42,server02_fp_naa_screening_20260817T070937Z
sliderEmu/test/section_00_source_test_anomaly_0017_noAttribute.wav,sliderEmu,section_00,source,anomaly,0.00034214320476166904,fp_naa_c1_mse_seed42,server02_fp_naa_screening_20260817T070937Z
sliderEmu/test/section_00_source_test_anomaly_0018_noAttribute.wav,sliderEmu,section_00,source,anomaly,0.0007090033032000065,fp_naa_c1_mse_seed42,server02_fp_naa_screening_20260817T070937Z
sliderEmu/test/section_00_source_test_anomaly_0019_noAttribute.wav,sliderEmu,section_00,source,anomaly,0.0009099738672375679,fp_naa_c1_mse_seed42,server02_fp_naa_screening_20260817T070937Z
sliderEmu/test/section_00_source_test_anomaly_0020_noAttribute.wav,sliderEmu,section_00,source,anomaly,0.009254485368728638,fp_naa_c1_mse_seed42,server02_fp_naa_screening_20260817T070937Z
sliderEmu/test/section_00_source_test_anomaly_0021_noAttribute.wav,sliderEmu,section_00,source,anomaly,0.0009480431908741593,fp_naa_c1_mse_seed42,server02_fp_naa_screening_20260817T070937Z
sliderEmu/test/section_00_source_test_anomaly_0022_noAttribute.wav,sliderEmu,section_00,source,anomaly,0.0031666914001107216,fp_naa_c1_mse_seed42,server02_fp_naa_screening_20260817T070937Z
sliderEmu/test/section_00_source_test_anomaly_0023_noAttribute.wav,sliderEmu,section_00,source,anomaly,0.0007468322291970253,fp_naa_c1_mse_seed42,server02_fp_naa_screening_20260817T070937Z
sliderEmu/test/section_00_source_test_anomaly_0024_noAttribute.wav,sliderEmu,section_00,source,anomaly,0.0038157084491103888,fp_naa_c1_mse_seed42,server02_fp_naa_screening_20260817T070937Z
sliderEmu/test/section_00_source_test_anomaly_0025_noAttribute.wav,sliderEmu,section_00,source,anomaly,0.005403435323387384,fp_naa_c1_mse_seed42,server02_fp_naa_screening_20260817T070937Z
sliderEmu/test/section_00_source_test_anomaly_0026_noAttribute.wav,sliderEmu,section_00,source,anomaly,0.002844993257895112,fp_naa_c1_mse_seed42,server02_fp_naa_screening_20260817T070937Z
sliderEmu/test/section_00_source_test_anomaly_0027_noAttribute.wav,sliderEmu,section_00,source,anomaly,0.009885999374091625,fp_naa_c1_mse_seed42,server02_fp_naa_screening_20260817T070937Z
sliderEmu/test/section_00_source_test_anomaly_0028_noAttribute.wav,sliderEmu,section_00,source,anomaly,0.0040840087458491325,fp_naa_c1_mse_seed42,server02_fp_naa_screening_20260817T070937Z
sliderEmu/test/section_00_source_test_anomaly_0029_noAttribute.wav,sliderEmu,section_00,source,anomaly,0.0033996643032878637,fp_naa_c1_mse_seed42,server02_fp_naa_screening_20260817T070937Z
sliderEmu/test/section_00_source_test_anomaly_0030_noAttribute.wav,sliderEmu,section_00,source,anomaly,0.0016836868599057198,fp_naa_c1_mse_seed42,server02_fp_naa_screening_20260817T070937Z
sliderEmu/test/section_00_source_test_anomaly_0031_noAttribute.wav,sliderEmu,section_00,source,anomaly,0.004390185698866844,fp_naa_c1_mse_seed42,server02_fp_naa_screening_20260817T070937Z
sliderEmu/test/section_00_source_test_anomaly_0032_noAttribute.wav,sliderEmu,section_00,source,anomaly,0.0014110540505498648,fp_naa_c1_mse_seed42,server02_fp_naa_screening_20260817T070937Z
sliderEmu/test/section_00_source_test_anomaly_0033_noAttribute.wav,sliderEmu,section_00,source,anomaly,0.0008158833370544016,fp_naa_c1_mse_seed42,server02_fp_naa_screening_20260817T070937Z
sliderEmu/test/section_00_source_test_anomaly_0034_noAttribute.wav,sliderEmu,section_00,source,anomaly,0.005714507773518562,fp_naa_c1_mse_seed42,server02_fp_naa_screening_20260817T070937Z
sliderEmu/test/section_00_source_test_anomaly_0035_noAttribute.wav,sliderEmu,section_00,source,anomaly,0.0037554875016212463,fp_naa_c1_mse_seed42,server02_fp_naa_screening_20260817T070937Z
sliderEmu/test/section_00_source_test_anomaly_0036_noAttribute.wav,sliderEmu,section_00,source,anomaly,0.0030449051409959793,fp_naa_c1_mse_seed42,server02_fp_naa_screening_20260817T070937Z
sliderEmu/test/section_00_source_test_anomaly_0037_noAttribute.wav,sliderEmu,section_00,source,anomaly,0.0010233187349513173,fp_naa_c1_mse_seed42,server02_fp_naa_screening_20260817T070937Z
sliderEmu/test/section_00_source_test_anomaly_0038_noAttribute.wav,sliderEmu,section_00,source,anomaly,0.004208270460367203,fp_naa_c1_mse_seed42,server02_fp_naa_screening_20260817T070937Z
sliderEmu/test/section_00_source_test_anomaly_0039_noAttribute.wav,sliderEmu,section_00,source,anomaly,0.00012049078941345215,fp_naa_c1_mse_seed42,server02_fp_naa_screening_20260817T070937Z
sliderEmu/test/section_00_source_test_anomaly_0040_noAttribute.wav,sliderEmu,section_00,source,anomaly,0.0005761109641753137,fp_naa_c1_mse_seed42,server02_fp_naa_screening_20260817T070937Z
sliderEmu/test/section_00_source_test_anomaly_0041_noAttribute.wav,sliderEmu,section_00,source,anomaly,0.004655481316149235,fp_naa_c1_mse_seed42,server02_fp_naa_screening_20260817T070937Z
sliderEmu/test/section_00_source_test_anomaly_0042_noAttribute.wav,sliderEmu,section_00,source,anomaly,0.0014170084614306688,fp_naa_c1_mse_seed42,server02_fp_naa_screening_20260817T070937Z
sliderEmu/test/section_00_source_test_anomaly_0043_noAttribute.wav,sliderEmu,section_00,source,anomaly,0.0014790452551096678,fp_naa_c1_mse_seed42,server02_fp_naa_screening_20260817T070937Z
sliderEmu/test/section_00_source_test_anomaly_0044_noAttribute.wav,sliderEmu,section_00,source,anomaly,0.008603639900684357,fp_naa_c1_mse_seed42,server02_fp_naa_screening_20260817T070937Z
sliderEmu/test/section_00_source_test_anomaly_0045_noAttribute.wav,sliderEmu,section_00,source,anomaly,0.0033845826983451843,fp_naa_c1_mse_seed42,server02_fp_naa_screening_20260817T070937Z
sliderEmu/test/section_00_source_test_anomaly_0046_noAttribute.wav,sliderEmu,section_00,source,anomaly,0.001102257869206369,fp_naa_c1_mse_seed42,server02_fp_naa_screening_20260817T070937Z
sliderEmu/test/section_00_source_test_anomaly_0047_noAttribute.wav,sliderEmu,section_00,source,anomaly,0.0018298139329999685,fp_naa_c1_mse_seed42,server02_fp_naa_screening_20260817T070937Z
sliderEmu/test/section_00_source_test_anomaly_0048_noAttribute.wav,sliderEmu,section_00,source,anomaly,0.003424691967666149,fp_naa_c1_mse_seed42,server02_fp_naa_screening_20260817T070937Z
sliderEmu/test/section_00_source_test_anomaly_0049_noAttribute.wav,sliderEmu,section_00,source,anomaly,0.0016299978597089648,fp_naa_c1_mse_seed42,server02_fp_naa_screening_20260817T070937Z
sliderEmu/test/section_00_source_test_normal_0000_noAttribute.wav,sliderEmu,section_00,source,normal,0.0006612931611016393,fp_naa_c1_mse_seed42,server02_fp_naa_screening_20260817T070937Z
sliderEmu/test/section_00_source_test_normal_0001_noAttribute.wav,sliderEmu,section_00,source,normal,-3.695485065691173e-05,fp_naa_c1_mse_seed42,server02_fp_naa_screening_20260817T070937Z
sliderEmu/test/section_00_source_test_normal_0002_noAttribute.wav,sliderEmu,section_00,source,normal,0.0005403190734796226,fp_naa_c1_mse_seed42,server02_fp_naa_screening_20260817T070937Z
sliderEmu/test/section_00_source_test_normal_0003_noAttribute.wav,sliderEmu,section_00,source,normal,0.0014674150152131915,fp_naa_c1_mse_seed42,server02_fp_naa_screening_20260817T070937Z
sliderEmu/test/section_00_source_test_normal_0004_noAttribute.wav,sliderEmu,section_00,source,normal,0.004043335560709238,fp_naa_c1_mse_seed42,server02_fp_naa_screening_20260817T070937Z
sliderEmu/test/section_00_source_test_normal_0005_noAttribute.wav,sliderEmu,section_00,source,normal,0.0003698697837535292,fp_naa_c1_mse_seed42,server02_fp_naa_screening_20260817T070937Z
sliderEmu/test/section_00_source_test_normal_0006_noAttribute.wav,sliderEmu,section_00,source,normal,0.0011935527436435223,fp_naa_c1_mse_seed42,server02_fp_naa_screening_20260817T070937Z
sliderEmu/test/section_00_source_test_normal_0007_noAttribute.wav,sliderEmu,section_00,source,normal,0.0016842407640069723,fp_naa_c1_mse_seed42,server02_fp_naa_screening_20260817T070937Z
sliderEmu/test/section_00_source_test_normal_0008_noAttribute.wav,sliderEmu,section_00,source,normal,0.0015737763606011868,fp_naa_c1_mse_seed42,server02_fp_naa_screening_20260817T070937Z
sliderEmu/test/section_00_source_test_normal_0009_noAttribute.wav,sliderEmu,section_00,source,normal,0.0020675044506788254,fp_naa_c1_mse_seed42,server02_fp_naa_screening_20260817T070937Z
sliderEmu/test/section_00_source_test_normal_0010_noAttribute.wav,sliderEmu,section_00,source,normal,0.000982166500762105,fp_naa_c1_mse_seed42,server02_fp_naa_screening_20260817T070937Z
sliderEmu/test/section_00_source_test_normal_0011_noAttribute.wav,sliderEmu,section_00,source,normal,0.0006072043906897306,fp_naa_c1_mse_seed42,server02_fp_naa_screening_20260817T070937Z
sliderEmu/test/section_00_source_test_normal_0012_noAttribute.wav,sliderEmu,section_00,source,normal,0.0007645195000804961,fp_naa_c1_mse_seed42,server02_fp_naa_screening_20260817T070937Z
sliderEmu/test/section_00_source_test_normal_0013_noAttribute.wav,sliderEmu,section_00,source,normal,0.0025431292597204447,fp_naa_c1_mse_seed42,server02_fp_naa_screening_20260817T070937Z
sliderEmu/test/section_00_source_test_normal_0014_noAttribute.wav,sliderEmu,section_00,source,normal,0.0014658275758847594,fp_naa_c1_mse_seed42,server02_fp_naa_screening_20260817T070937Z
sliderEmu/test/section_00_source_test_normal_0015_noAttribute.wav,sliderEmu,section_00,source,normal,0.0026526786386966705,fp_naa_c1_mse_seed42,server02_fp_naa_screening_20260817T070937Z
sliderEmu/test/section_00_source_test_normal_0016_noAttribute.wav,sliderEmu,section_00,source,normal,0.0005725130322389305,fp_naa_c1_mse_seed42,server02_fp_naa_screening_20260817T070937Z
sliderEmu/test/section_00_source_test_normal_0017_noAttribute.wav,sliderEmu,section_00,source,normal,0.0024865493178367615,fp_naa_c1_mse_seed42,server02_fp_naa_screening_20260817T070937Z
sliderEmu/test/section_00_source_test_normal_0018_noAttribute.wav,sliderEmu,section_00,source,normal,-0.00016688773757778108,fp_naa_c1_mse_seed42,server02_fp_naa_screening_20260817T070937Z
sliderEmu/test/section_00_source_test_normal_0019_noAttribute.wav,sliderEmu,section_00,source,normal,0.0010866420343518257,fp_naa_c1_mse_seed42,server02_fp_naa_screening_20260817T070937Z
sliderEmu/test/section_00_source_test_normal_0020_noAttribute.wav,sliderEmu,section_00,source,normal,0.003432745346799493,fp_naa_c1_mse_seed42,server02_fp_naa_screening_20260817T070937Z
sliderEmu/test/section_00_source_test_normal_0021_noAttribute.wav,sliderEmu,section_00,source,normal,0.0004780213930644095,fp_naa_c1_mse_seed42,server02_fp_naa_screening_20260817T070937Z
sliderEmu/test/section_00_source_test_normal_0022_noAttribute.wav,sliderEmu,section_00,source,normal,0.0008755341987125576,fp_naa_c1_mse_seed42,server02_fp_naa_screening_20260817T070937Z
sliderEmu/test/section_00_source_test_normal_0023_noAttribute.wav,sliderEmu,section_00,source,normal,0.0010947496630251408,fp_naa_c1_mse_seed42,server02_fp_naa_screening_20260817T070937Z
sliderEmu/test/section_00_source_test_normal_0024_noAttribute.wav,sliderEmu,section_00,source,normal,0.002623791340738535,fp_naa_c1_mse_seed42,server02_fp_naa_screening_20260817T070937Z
sliderEmu/test/section_00_source_test_normal_0025_noAttribute.wav,sliderEmu,section_00,source,normal,0.0002922062994912267,fp_naa_c1_mse_seed42,server02_fp_naa_screening_20260817T070937Z
sliderEmu/test/section_00_source_test_normal_0026_noAttribute.wav,sliderEmu,section_00,source,normal,0.00353342667222023,fp_naa_c1_mse_seed42,server02_fp_naa_screening_20260817T070937Z
sliderEmu/test/section_00_source_test_normal_0027_noAttribute.wav,sliderEmu,section_00,source,normal,0.0003212115552742034,fp_naa_c1_mse_seed42,server02_fp_naa_screening_20260817T070937Z
sliderEmu/test/section_00_source_test_normal_0028_noAttribute.wav,sliderEmu,section_00,source,normal,0.0004975456395186484,fp_naa_c1_mse_seed42,server02_fp_naa_screening_20260817T070937Z
sliderEmu/test/section_00_source_test_normal_0029_noAttribute.wav,sliderEmu,section_00,source,normal,0.0018348064040765166,fp_naa_c1_mse_seed42,server02_fp_naa_screening_20260817T070937Z
sliderEmu/test/section_00_source_test_normal_0030_noAttribute.wav,sliderEmu,section_00,source,normal,0.0010038785403594375,fp_naa_c1_mse_seed42,server02_fp_naa_screening_20260817T070937Z
sliderEmu/test/section_00_source_test_normal_0031_noAttribute.wav,sliderEmu,section_00,source,normal,0.0007610892062075436,fp_naa_c1_mse_seed42,server02_fp_naa_screening_20260817T070937Z
sliderEmu/test/section_00_source_test_normal_0032_noAttribute.wav,sliderEmu,section_00,source,normal,0.0009892884409055114,fp_naa_c1_mse_seed42,server02_fp_naa_screening_20260817T070937Z
sliderEmu/test/section_00_source_test_normal_0033_noAttribute.wav,sliderEmu,section_00,source,normal,0.0008153669186867774,fp_naa_c1_mse_seed42,server02_fp_naa_screening_20260817T070937Z
sliderEmu/test/section_00_source_test_normal_0034_noAttribute.wav,sliderEmu,section_00,source,normal,0.0007503565866500139,fp_naa_c1_mse_seed42,server02_fp_naa_screening_20260817T070937Z
sliderEmu/test/section_00_source_test_normal_0035_noAttribute.wav,sliderEmu,section_00,source,normal,0.001789293484762311,fp_naa_c1_mse_seed42,server02_fp_naa_screening_20260817T070937Z
sliderEmu/test/section_00_source_test_normal_0036_noAttribute.wav,sliderEmu,section_00,source,normal,0.0032705976627767086,fp_naa_c1_mse_seed42,server02_fp_naa_screening_20260817T070937Z
sliderEmu/test/section_00_source_test_normal_0037_noAttribute.wav,sliderEmu,section_00,source,normal,0.0027860011905431747,fp_naa_c1_mse_seed42,server02_fp_naa_screening_20260817T070937Z
sliderEmu/test/section_00_source_test_normal_0038_noAttribute.wav,sliderEmu,section_00,source,normal,0.0006466757040470839,fp_naa_c1_mse_seed42,server02_fp_naa_screening_20260817T070937Z
sliderEmu/test/section_00_source_test_normal_0039_noAttribute.wav,sliderEmu,section_00,source,normal,0.0017100346740335226,fp_naa_c1_mse_seed42,server02_fp_naa_screening_20260817T070937Z
sliderEmu/test/section_00_source_test_normal_0040_noAttribute.wav,sliderEmu,section_00,source,normal,0.0009841436985880136,fp_naa_c1_mse_seed42,server02_fp_naa_screening_20260817T070937Z
sliderEmu/test/section_00_source_test_normal_0041_noAttribute.wav,sliderEmu,section_00,source,normal,0.0005755271413363516,fp_naa_c1_mse_seed42,server02_fp_naa_screening_20260817T070937Z
sliderEmu/test/section_00_source_test_normal_0042_noAttribute.wav,sliderEmu,section_00,source,normal,-0.0008516901871189475,fp_naa_c1_mse_seed42,server02_fp_naa_screening_20260817T070937Z
sliderEmu/test/section_00_source_test_normal_0043_noAttribute.wav,sliderEmu,section_00,source,normal,0.0006765283178538084,fp_naa_c1_mse_seed42,server02_fp_naa_screening_20260817T070937Z
sliderEmu/test/section_00_source_test_normal_0044_noAttribute.wav,sliderEmu,section_00,source,normal,0.0012713386677205563,fp_naa_c1_mse_seed42,server02_fp_naa_screening_20260817T070937Z
sliderEmu/test/section_00_source_test_normal_0045_noAttribute.wav,sliderEmu,section_00,source,normal,0.0002095693489536643,fp_naa_c1_mse_seed42,server02_fp_naa_screening_20260817T070937Z
sliderEmu/test/section_00_source_test_normal_0046_noAttribute.wav,sliderEmu,section_00,source,normal,0.0026268812362104654,fp_naa_c1_mse_seed42,server02_fp_naa_screening_20260817T070937Z
sliderEmu/test/section_00_source_test_normal_0047_noAttribute.wav,sliderEmu,section_00,source,normal,0.0005333077860996127,fp_naa_c1_mse_seed42,server02_fp_naa_screening_20260817T070937Z
sliderEmu/test/section_00_source_test_normal_0048_noAttribute.wav,sliderEmu,section_00,source,normal,0.002463260432705283,fp_naa_c1_mse_seed42,server02_fp_naa_screening_20260817T070937Z
sliderEmu/test/section_00_source_test_normal_0049_noAttribute.wav,sliderEmu,section_00,source,normal,0.004066758323460817,fp_naa_c1_mse_seed42,server02_fp_naa_screening_20260817T070937Z
sliderEmu/test/section_00_target_test_anomaly_0000_noAttribute.wav,sliderEmu,section_00,target,anomaly,0.001724056899547577,fp_naa_c1_mse_seed42,server02_fp_naa_screening_20260817T070937Z
sliderEmu/test/section_00_target_test_anomaly_0001_noAttribute.wav,sliderEmu,section_00,target,anomaly,-0.00012892848462797701,fp_naa_c1_mse_seed42,server02_fp_naa_screening_20260817T070937Z
sliderEmu/test/section_00_target_test_anomaly_0002_noAttribute.wav,sliderEmu,section_00,target,anomaly,0.0013499888591468334,fp_naa_c1_mse_seed42,server02_fp_naa_screening_20260817T070937Z
sliderEmu/test/section_00_target_test_anomaly_0003_noAttribute.wav,sliderEmu,section_00,target,anomaly,0.007261495105922222,fp_naa_c1_mse_seed42,server02_fp_naa_screening_20260817T070937Z
sliderEmu/test/section_00_target_test_anomaly_0004_noAttribute.wav,sliderEmu,section_00,target,anomaly,0.003080223686993122,fp_naa_c1_mse_seed42,server02_fp_naa_screening_20260817T070937Z
sliderEmu/test/section_00_target_test_anomaly_0005_noAttribute.wav,sliderEmu,section_00,target,anomaly,0.00024122235481627285,fp_naa_c1_mse_seed42,server02_fp_naa_screening_20260817T070937Z
sliderEmu/test/section_00_target_test_anomaly_0006_noAttribute.wav,sliderEmu,section_00,target,anomaly,0.0048447223380208015,fp_naa_c1_mse_seed42,server02_fp_naa_screening_20260817T070937Z
sliderEmu/test/section_00_target_test_anomaly_0007_noAttribute.wav,sliderEmu,section_00,target,anomaly,0.004098488017916679,fp_naa_c1_mse_seed42,server02_fp_naa_screening_20260817T070937Z
sliderEmu/test/section_00_target_test_anomaly_0008_noAttribute.wav,sliderEmu,section_00,target,anomaly,0.0016584937693551183,fp_naa_c1_mse_seed42,server02_fp_naa_screening_20260817T070937Z
sliderEmu/test/section_00_target_test_anomaly_0009_noAttribute.wav,sliderEmu,section_00,target,anomaly,0.0007675207452848554,fp_naa_c1_mse_seed42,server02_fp_naa_screening_20260817T070937Z
sliderEmu/test/section_00_target_test_anomaly_0010_noAttribute.wav,sliderEmu,section_00,target,anomaly,0.0032108949963003397,fp_naa_c1_mse_seed42,server02_fp_naa_screening_20260817T070937Z
sliderEmu/test/section_00_target_test_anomaly_0011_noAttribute.wav,sliderEmu,section_00,target,anomaly,0.00059990567388013,fp_naa_c1_mse_seed42,server02_fp_naa_screening_20260817T070937Z
sliderEmu/test/section_00_target_test_anomaly_0012_noAttribute.wav,sliderEmu,section_00,target,anomaly,0.007855704054236412,fp_naa_c1_mse_seed42,server02_fp_naa_screening_20260817T070937Z
sliderEmu/test/section_00_target_test_anomaly_0013_noAttribute.wav,sliderEmu,section_00,target,anomaly,0.0040389299392700195,fp_naa_c1_mse_seed42,server02_fp_naa_screening_20260817T070937Z
sliderEmu/test/section_00_target_test_anomaly_0014_noAttribute.wav,sliderEmu,section_00,target,anomaly,0.0034355868119746447,fp_naa_c1_mse_seed42,server02_fp_naa_screening_20260817T070937Z
sliderEmu/test/section_00_target_test_anomaly_0015_noAttribute.wav,sliderEmu,section_00,target,anomaly,0.001418896485120058,fp_naa_c1_mse_seed42,server02_fp_naa_screening_20260817T070937Z
sliderEmu/test/section_00_target_test_anomaly_0016_noAttribute.wav,sliderEmu,section_00,target,anomaly,0.0019068778492510319,fp_naa_c1_mse_seed42,server02_fp_naa_screening_20260817T070937Z
sliderEmu/test/section_00_target_test_anomaly_0017_noAttribute.wav,sliderEmu,section_00,target,anomaly,0.002533349208533764,fp_naa_c1_mse_seed42,server02_fp_naa_screening_20260817T070937Z
sliderEmu/test/section_00_target_test_anomaly_0018_noAttribute.wav,sliderEmu,section_00,target,anomaly,0.002723036101087928,fp_naa_c1_mse_seed42,server02_fp_naa_screening_20260817T070937Z
sliderEmu/test/section_00_target_test_anomaly_0019_noAttribute.wav,sliderEmu,section_00,target,anomaly,0.001353088766336441,fp_naa_c1_mse_seed42,server02_fp_naa_screening_20260817T070937Z
sliderEmu/test/section_00_target_test_anomaly_0020_noAttribute.wav,sliderEmu,section_00,target,anomaly,-5.1290582632645965e-05,fp_naa_c1_mse_seed42,server02_fp_naa_screening_20260817T070937Z
sliderEmu/test/section_00_target_test_anomaly_0021_noAttribute.wav,sliderEmu,section_00,target,anomaly,0.002900149440392852,fp_naa_c1_mse_seed42,server02_fp_naa_screening_20260817T070937Z
sliderEmu/test/section_00_target_test_anomaly_0022_noAttribute.wav,sliderEmu,section_00,target,anomaly,0.0026327669620513916,fp_naa_c1_mse_seed42,server02_fp_naa_screening_20260817T070937Z
sliderEmu/test/section_00_target_test_anomaly_0023_noAttribute.wav,sliderEmu,section_00,target,anomaly,0.011607153341174126,fp_naa_c1_mse_seed42,server02_fp_naa_screening_20260817T070937Z
sliderEmu/test/section_00_target_test_anomaly_0024_noAttribute.wav,sliderEmu,section_00,target,anomaly,0.0027067996561527252,fp_naa_c1_mse_seed42,server02_fp_naa_screening_20260817T070937Z
sliderEmu/test/section_00_target_test_anomaly_0025_noAttribute.wav,sliderEmu,section_00,target,anomaly,-0.0011627235217019916,fp_naa_c1_mse_seed42,server02_fp_naa_screening_20260817T070937Z
sliderEmu/test/section_00_target_test_anomaly_0026_noAttribute.wav,sliderEmu,section_00,target,anomaly,0.00958095584064722,fp_naa_c1_mse_seed42,server02_fp_naa_screening_20260817T070937Z
sliderEmu/test/section_00_target_test_anomaly_0027_noAttribute.wav,sliderEmu,section_00,target,anomaly,0.00043555881711654365,fp_naa_c1_mse_seed42,server02_fp_naa_screening_20260817T070937Z
sliderEmu/test/section_00_target_test_anomaly_0028_noAttribute.wav,sliderEmu,section_00,target,anomaly,0.0006396131357178092,fp_naa_c1_mse_seed42,server02_fp_naa_screening_20260817T070937Z
sliderEmu/test/section_00_target_test_anomaly_0029_noAttribute.wav,sliderEmu,section_00,target,anomaly,0.0038146604783833027,fp_naa_c1_mse_seed42,server02_fp_naa_screening_20260817T070937Z
sliderEmu/test/section_00_target_test_anomaly_0030_noAttribute.wav,sliderEmu,section_00,target,anomaly,0.0040944102220237255,fp_naa_c1_mse_seed42,server02_fp_naa_screening_20260817T070937Z
sliderEmu/test/section_00_target_test_anomaly_0031_noAttribute.wav,sliderEmu,section_00,target,anomaly,-0.002253473736345768,fp_naa_c1_mse_seed42,server02_fp_naa_screening_20260817T070937Z
sliderEmu/test/section_00_target_test_anomaly_0032_noAttribute.wav,sliderEmu,section_00,target,anomaly,0.0011238446459174156,fp_naa_c1_mse_seed42,server02_fp_naa_screening_20260817T070937Z
sliderEmu/test/section_00_target_test_anomaly_0033_noAttribute.wav,sliderEmu,section_00,target,anomaly,0.0011339419288560748,fp_naa_c1_mse_seed42,server02_fp_naa_screening_20260817T070937Z
sliderEmu/test/section_00_target_test_anomaly_0034_noAttribute.wav,sliderEmu,section_00,target,anomaly,0.0017229587538167834,fp_naa_c1_mse_seed42,server02_fp_naa_screening_20260817T070937Z
sliderEmu/test/section_00_target_test_anomaly_0035_noAttribute.wav,sliderEmu,section_00,target,anomaly,0.002243972383439541,fp_naa_c1_mse_seed42,server02_fp_naa_screening_20260817T070937Z
sliderEmu/test/section_00_target_test_anomaly_0036_noAttribute.wav,sliderEmu,section_00,target,anomaly,0.0013655639486387372,fp_naa_c1_mse_seed42,server02_fp_naa_screening_20260817T070937Z
sliderEmu/test/section_00_target_test_anomaly_0037_noAttribute.wav,sliderEmu,section_00,target,anomaly,0.0002948399924207479,fp_naa_c1_mse_seed42,server02_fp_naa_screening_20260817T070937Z
sliderEmu/test/section_00_target_test_anomaly_0038_noAttribute.wav,sliderEmu,section_00,target,anomaly,0.0008404490654356778,fp_naa_c1_mse_seed42,server02_fp_naa_screening_20260817T070937Z
sliderEmu/test/section_00_target_test_anomaly_0039_noAttribute.wav,sliderEmu,section_00,target,anomaly,0.0022312402725219727,fp_naa_c1_mse_seed42,server02_fp_naa_screening_20260817T070937Z
sliderEmu/test/section_00_target_test_anomaly_0040_noAttribute.wav,sliderEmu,section_00,target,anomaly,0.008713442832231522,fp_naa_c1_mse_seed42,server02_fp_naa_screening_20260817T070937Z
sliderEmu/test/section_00_target_test_anomaly_0041_noAttribute.wav,sliderEmu,section_00,target,anomaly,0.0009117463487200439,fp_naa_c1_mse_seed42,server02_fp_naa_screening_20260817T070937Z
sliderEmu/test/section_00_target_test_anomaly_0042_noAttribute.wav,sliderEmu,section_00,target,anomaly,0.003624184522777796,fp_naa_c1_mse_seed42,server02_fp_naa_screening_20260817T070937Z
sliderEmu/test/section_00_target_test_anomaly_0043_noAttribute.wav,sliderEmu,section_00,target,anomaly,0.0008847103454172611,fp_naa_c1_mse_seed42,server02_fp_naa_screening_20260817T070937Z
sliderEmu/test/section_00_target_test_anomaly_0044_noAttribute.wav,sliderEmu,section_00,target,anomaly,0.001351183163933456,fp_naa_c1_mse_seed42,server02_fp_naa_screening_20260817T070937Z
sliderEmu/test/section_00_target_test_anomaly_0045_noAttribute.wav,sliderEmu,section_00,target,anomaly,-0.0005601496668532491,fp_naa_c1_mse_seed42,server02_fp_naa_screening_20260817T070937Z
sliderEmu/test/section_00_target_test_anomaly_0046_noAttribute.wav,sliderEmu,section_00,target,anomaly,0.0017219198634847999,fp_naa_c1_mse_seed42,server02_fp_naa_screening_20260817T070937Z
sliderEmu/test/section_00_target_test_anomaly_0047_noAttribute.wav,sliderEmu,section_00,target,anomaly,0.0010723391314968467,fp_naa_c1_mse_seed42,server02_fp_naa_screening_20260817T070937Z
sliderEmu/test/section_00_target_test_anomaly_0048_noAttribute.wav,sliderEmu,section_00,target,anomaly,0.006943891756236553,fp_naa_c1_mse_seed42,server02_fp_naa_screening_20260817T070937Z
sliderEmu/test/section_00_target_test_anomaly_0049_noAttribute.wav,sliderEmu,section_00,target,anomaly,0.011371862143278122,fp_naa_c1_mse_seed42,server02_fp_naa_screening_20260817T070937Z
sliderEmu/test/section_00_target_test_normal_0000_noAttribute.wav,sliderEmu,section_00,target,normal,0.001382241491228342,fp_naa_c1_mse_seed42,server02_fp_naa_screening_20260817T070937Z
sliderEmu/test/section_00_target_test_normal_0001_noAttribute.wav,sliderEmu,section_00,target,normal,0.002304166555404663,fp_naa_c1_mse_seed42,server02_fp_naa_screening_20260817T070937Z
sliderEmu/test/section_00_target_test_normal_0002_noAttribute.wav,sliderEmu,section_00,target,normal,0.0004253625520505011,fp_naa_c1_mse_seed42,server02_fp_naa_screening_20260817T070937Z
sliderEmu/test/section_00_target_test_normal_0003_noAttribute.wav,sliderEmu,section_00,target,normal,0.001352233812212944,fp_naa_c1_mse_seed42,server02_fp_naa_screening_20260817T070937Z
sliderEmu/test/section_00_target_test_normal_0004_noAttribute.wav,sliderEmu,section_00,target,normal,-0.005121981725096703,fp_naa_c1_mse_seed42,server02_fp_naa_screening_20260817T070937Z
sliderEmu/test/section_00_target_test_normal_0005_noAttribute.wav,sliderEmu,section_00,target,normal,0.0018727430142462254,fp_naa_c1_mse_seed42,server02_fp_naa_screening_20260817T070937Z
sliderEmu/test/section_00_target_test_normal_0006_noAttribute.wav,sliderEmu,section_00,target,normal,0.0008714039577171206,fp_naa_c1_mse_seed42,server02_fp_naa_screening_20260817T070937Z
sliderEmu/test/section_00_target_test_normal_0007_noAttribute.wav,sliderEmu,section_00,target,normal,0.0012964082416146994,fp_naa_c1_mse_seed42,server02_fp_naa_screening_20260817T070937Z
sliderEmu/test/section_00_target_test_normal_0008_noAttribute.wav,sliderEmu,section_00,target,normal,-0.0017497806111350656,fp_naa_c1_mse_seed42,server02_fp_naa_screening_20260817T070937Z
sliderEmu/test/section_00_target_test_normal_0009_noAttribute.wav,sliderEmu,section_00,target,normal,0.000952255679294467,fp_naa_c1_mse_seed42,server02_fp_naa_screening_20260817T070937Z
sliderEmu/test/section_00_target_test_normal_0010_noAttribute.wav,sliderEmu,section_00,target,normal,0.0013265544548630714,fp_naa_c1_mse_seed42,server02_fp_naa_screening_20260817T070937Z
sliderEmu/test/section_00_target_test_normal_0011_noAttribute.wav,sliderEmu,section_00,target,normal,-0.00028692942578345537,fp_naa_c1_mse_seed42,server02_fp_naa_screening_20260817T070937Z
sliderEmu/test/section_00_target_test_normal_0012_noAttribute.wav,sliderEmu,section_00,target,normal,6.455941183958203e-05,fp_naa_c1_mse_seed42,server02_fp_naa_screening_20260817T070937Z
sliderEmu/test/section_00_target_test_normal_0013_noAttribute.wav,sliderEmu,section_00,target,normal,0.0015846603782847524,fp_naa_c1_mse_seed42,server02_fp_naa_screening_20260817T070937Z
sliderEmu/test/section_00_target_test_normal_0014_noAttribute.wav,sliderEmu,section_00,target,normal,-0.004717901349067688,fp_naa_c1_mse_seed42,server02_fp_naa_screening_20260817T070937Z
sliderEmu/test/section_00_target_test_normal_0015_noAttribute.wav,sliderEmu,section_00,target,normal,0.00031699155806563795,fp_naa_c1_mse_seed42,server02_fp_naa_screening_20260817T070937Z
sliderEmu/test/section_00_target_test_normal_0016_noAttribute.wav,sliderEmu,section_00,target,normal,0.000508064404129982,fp_naa_c1_mse_seed42,server02_fp_naa_screening_20260817T070937Z
sliderEmu/test/section_00_target_test_normal_0017_noAttribute.wav,sliderEmu,section_00,target,normal,0.0014006787678226829,fp_naa_c1_mse_seed42,server02_fp_naa_screening_20260817T070937Z
sliderEmu/test/section_00_target_test_normal_0018_noAttribute.wav,sliderEmu,section_00,target,normal,0.0010006045922636986,fp_naa_c1_mse_seed42,server02_fp_naa_screening_20260817T070937Z
sliderEmu/test/section_00_target_test_normal_0019_noAttribute.wav,sliderEmu,section_00,target,normal,-0.002225961070507765,fp_naa_c1_mse_seed42,server02_fp_naa_screening_20260817T070937Z
sliderEmu/test/section_00_target_test_normal_0020_noAttribute.wav,sliderEmu,section_00,target,normal,0.0017718782182782888,fp_naa_c1_mse_seed42,server02_fp_naa_screening_20260817T070937Z
sliderEmu/test/section_00_target_test_normal_0021_noAttribute.wav,sliderEmu,section_00,target,normal,0.005122404545545578,fp_naa_c1_mse_seed42,server02_fp_naa_screening_20260817T070937Z
sliderEmu/test/section_00_target_test_normal_0022_noAttribute.wav,sliderEmu,section_00,target,normal,0.0021455129608511925,fp_naa_c1_mse_seed42,server02_fp_naa_screening_20260817T070937Z
sliderEmu/test/section_00_target_test_normal_0023_noAttribute.wav,sliderEmu,section_00,target,normal,0.001780973980203271,fp_naa_c1_mse_seed42,server02_fp_naa_screening_20260817T070937Z
sliderEmu/test/section_00_target_test_normal_0024_noAttribute.wav,sliderEmu,section_00,target,normal,0.0010335873812437057,fp_naa_c1_mse_seed42,server02_fp_naa_screening_20260817T070937Z
sliderEmu/test/section_00_target_test_normal_0025_noAttribute.wav,sliderEmu,section_00,target,normal,-0.0035011209547519684,fp_naa_c1_mse_seed42,server02_fp_naa_screening_20260817T070937Z
sliderEmu/test/section_00_target_test_normal_0026_noAttribute.wav,sliderEmu,section_00,target,normal,-0.001299756346270442,fp_naa_c1_mse_seed42,server02_fp_naa_screening_20260817T070937Z
sliderEmu/test/section_00_target_test_normal_0027_noAttribute.wav,sliderEmu,section_00,target,normal,0.002655318472534418,fp_naa_c1_mse_seed42,server02_fp_naa_screening_20260817T070937Z
sliderEmu/test/section_00_target_test_normal_0028_noAttribute.wav,sliderEmu,section_00,target,normal,0.0008067488670349121,fp_naa_c1_mse_seed42,server02_fp_naa_screening_20260817T070937Z
sliderEmu/test/section_00_target_test_normal_0029_noAttribute.wav,sliderEmu,section_00,target,normal,0.0017790799029171467,fp_naa_c1_mse_seed42,server02_fp_naa_screening_20260817T070937Z
sliderEmu/test/section_00_target_test_normal_0030_noAttribute.wav,sliderEmu,section_00,target,normal,0.0023746704682707787,fp_naa_c1_mse_seed42,server02_fp_naa_screening_20260817T070937Z
sliderEmu/test/section_00_target_test_normal_0031_noAttribute.wav,sliderEmu,section_00,target,normal,-0.002530711470171809,fp_naa_c1_mse_seed42,server02_fp_naa_screening_20260817T070937Z
sliderEmu/test/section_00_target_test_normal_0032_noAttribute.wav,sliderEmu,section_00,target,normal,0.003850479144603014,fp_naa_c1_mse_seed42,server02_fp_naa_screening_20260817T070937Z
sliderEmu/test/section_00_target_test_normal_0033_noAttribute.wav,sliderEmu,section_00,target,normal,0.0004124351835343987,fp_naa_c1_mse_seed42,server02_fp_naa_screening_20260817T070937Z
sliderEmu/test/section_00_target_test_normal_0034_noAttribute.wav,sliderEmu,section_00,target,normal,-0.0015284504042938352,fp_naa_c1_mse_seed42,server02_fp_naa_screening_20260817T070937Z
sliderEmu/test/section_00_target_test_normal_0035_noAttribute.wav,sliderEmu,section_00,target,normal,0.001311034895479679,fp_naa_c1_mse_seed42,server02_fp_naa_screening_20260817T070937Z
sliderEmu/test/section_00_target_test_normal_0036_noAttribute.wav,sliderEmu,section_00,target,normal,0.0018511966336518526,fp_naa_c1_mse_seed42,server02_fp_naa_screening_20260817T070937Z
sliderEmu/test/section_00_target_test_normal_0037_noAttribute.wav,sliderEmu,section_00,target,normal,0.003024839796125889,fp_naa_c1_mse_seed42,server02_fp_naa_screening_20260817T070937Z
sliderEmu/test/section_00_target_test_normal_0038_noAttribute.wav,sliderEmu,section_00,target,normal,0.002177476417273283,fp_naa_c1_mse_seed42,server02_fp_naa_screening_20260817T070937Z
sliderEmu/test/section_00_target_test_normal_0039_noAttribute.wav,sliderEmu,section_00,target,normal,-0.0014195521362125874,fp_naa_c1_mse_seed42,server02_fp_naa_screening_20260817T070937Z
sliderEmu/test/section_00_target_test_normal_0040_noAttribute.wav,sliderEmu,section_00,target,normal,0.0025199095252901316,fp_naa_c1_mse_seed42,server02_fp_naa_screening_20260817T070937Z
sliderEmu/test/section_00_target_test_normal_0041_noAttribute.wav,sliderEmu,section_00,target,normal,0.0016939450288191438,fp_naa_c1_mse_seed42,server02_fp_naa_screening_20260817T070937Z
sliderEmu/test/section_00_target_test_normal_0042_noAttribute.wav,sliderEmu,section_00,target,normal,-0.0022558190394192934,fp_naa_c1_mse_seed42,server02_fp_naa_screening_20260817T070937Z
sliderEmu/test/section_00_target_test_normal_0043_noAttribute.wav,sliderEmu,section_00,target,normal,3.136237501166761e-05,fp_naa_c1_mse_seed42,server02_fp_naa_screening_20260817T070937Z
sliderEmu/test/section_00_target_test_normal_0044_noAttribute.wav,sliderEmu,section_00,target,normal,0.0034728117752820253,fp_naa_c1_mse_seed42,server02_fp_naa_screening_20260817T070937Z
sliderEmu/test/section_00_target_test_normal_0045_noAttribute.wav,sliderEmu,section_00,target,normal,0.0070657879114151,fp_naa_c1_mse_seed42,server02_fp_naa_screening_20260817T070937Z
sliderEmu/test/section_00_target_test_normal_0046_noAttribute.wav,sliderEmu,section_00,target,normal,0.004747478291392326,fp_naa_c1_mse_seed42,server02_fp_naa_screening_20260817T070937Z
sliderEmu/test/section_00_target_test_normal_0047_noAttribute.wav,sliderEmu,section_00,target,normal,0.0007479492924176157,fp_naa_c1_mse_seed42,server02_fp_naa_screening_20260817T070937Z
sliderEmu/test/section_00_target_test_normal_0048_noAttribute.wav,sliderEmu,section_00,target,normal,0.00022792373783886433,fp_naa_c1_mse_seed42,server02_fp_naa_screening_20260817T070937Z
sliderEmu/test/section_00_target_test_normal_0049_noAttribute.wav,sliderEmu,section_00,target,normal,0.0012448437046259642,fp_naa_c1_mse_seed42,server02_fp_naa_screening_20260817T070937Z
valveEmu/test/section_00_source_test_anomaly_0000_noAttribute.wav,valveEmu,section_00,source,anomaly,0.0032206661999225616,fp_naa_c1_mse_seed42,server02_fp_naa_screening_20260817T070937Z
valveEmu/test/section_00_source_test_anomaly_0001_noAttribute.wav,valveEmu,section_00,source,anomaly,0.0013865584041923285,fp_naa_c1_mse_seed42,server02_fp_naa_screening_20260817T070937Z
valveEmu/test/section_00_source_test_anomaly_0002_noAttribute.wav,valveEmu,section_00,source,anomaly,0.0009680743096396327,fp_naa_c1_mse_seed42,server02_fp_naa_screening_20260817T070937Z
valveEmu/test/section_00_source_test_anomaly_0003_noAttribute.wav,valveEmu,section_00,source,anomaly,0.003970889840275049,fp_naa_c1_mse_seed42,server02_fp_naa_screening_20260817T070937Z
valveEmu/test/section_00_source_test_anomaly_0004_noAttribute.wav,valveEmu,section_00,source,anomaly,0.0027064804453402758,fp_naa_c1_mse_seed42,server02_fp_naa_screening_20260817T070937Z
valveEmu/test/section_00_source_test_anomaly_0005_noAttribute.wav,valveEmu,section_00,source,anomaly,0.0018846008460968733,fp_naa_c1_mse_seed42,server02_fp_naa_screening_20260817T070937Z
valveEmu/test/section_00_source_test_anomaly_0006_noAttribute.wav,valveEmu,section_00,source,anomaly,0.0028508633840829134,fp_naa_c1_mse_seed42,server02_fp_naa_screening_20260817T070937Z
valveEmu/test/section_00_source_test_anomaly_0007_noAttribute.wav,valveEmu,section_00,source,anomaly,0.003915559034794569,fp_naa_c1_mse_seed42,server02_fp_naa_screening_20260817T070937Z
valveEmu/test/section_00_source_test_anomaly_0008_noAttribute.wav,valveEmu,section_00,source,anomaly,0.0010190453613176942,fp_naa_c1_mse_seed42,server02_fp_naa_screening_20260817T070937Z
valveEmu/test/section_00_source_test_anomaly_0009_noAttribute.wav,valveEmu,section_00,source,anomaly,0.004308053757995367,fp_naa_c1_mse_seed42,server02_fp_naa_screening_20260817T070937Z
valveEmu/test/section_00_source_test_anomaly_0010_noAttribute.wav,valveEmu,section_00,source,anomaly,0.0025218771770596504,fp_naa_c1_mse_seed42,server02_fp_naa_screening_20260817T070937Z
valveEmu/test/section_00_source_test_anomaly_0011_noAttribute.wav,valveEmu,section_00,source,anomaly,0.002785254502668977,fp_naa_c1_mse_seed42,server02_fp_naa_screening_20260817T070937Z
valveEmu/test/section_00_source_test_anomaly_0012_noAttribute.wav,valveEmu,section_00,source,anomaly,0.003279196098446846,fp_naa_c1_mse_seed42,server02_fp_naa_screening_20260817T070937Z
valveEmu/test/section_00_source_test_anomaly_0013_noAttribute.wav,valveEmu,section_00,source,anomaly,0.002577373059466481,fp_naa_c1_mse_seed42,server02_fp_naa_screening_20260817T070937Z
valveEmu/test/section_00_source_test_anomaly_0014_noAttribute.wav,valveEmu,section_00,source,anomaly,0.002223219955340028,fp_naa_c1_mse_seed42,server02_fp_naa_screening_20260817T070937Z
valveEmu/test/section_00_source_test_anomaly_0015_noAttribute.wav,valveEmu,section_00,source,anomaly,0.003489041468128562,fp_naa_c1_mse_seed42,server02_fp_naa_screening_20260817T070937Z
valveEmu/test/section_00_source_test_anomaly_0016_noAttribute.wav,valveEmu,section_00,source,anomaly,0.003007264342159033,fp_naa_c1_mse_seed42,server02_fp_naa_screening_20260817T070937Z
valveEmu/test/section_00_source_test_anomaly_0017_noAttribute.wav,valveEmu,section_00,source,anomaly,0.0028793744277209044,fp_naa_c1_mse_seed42,server02_fp_naa_screening_20260817T070937Z
valveEmu/test/section_00_source_test_anomaly_0018_noAttribute.wav,valveEmu,section_00,source,anomaly,0.0021783262491226196,fp_naa_c1_mse_seed42,server02_fp_naa_screening_20260817T070937Z
valveEmu/test/section_00_source_test_anomaly_0019_noAttribute.wav,valveEmu,section_00,source,anomaly,0.0009328763699159026,fp_naa_c1_mse_seed42,server02_fp_naa_screening_20260817T070937Z
valveEmu/test/section_00_source_test_anomaly_0020_noAttribute.wav,valveEmu,section_00,source,anomaly,0.0031003449112176895,fp_naa_c1_mse_seed42,server02_fp_naa_screening_20260817T070937Z
valveEmu/test/section_00_source_test_anomaly_0021_noAttribute.wav,valveEmu,section_00,source,anomaly,0.002190438797697425,fp_naa_c1_mse_seed42,server02_fp_naa_screening_20260817T070937Z
valveEmu/test/section_00_source_test_anomaly_0022_noAttribute.wav,valveEmu,section_00,source,anomaly,0.0014484105631709099,fp_naa_c1_mse_seed42,server02_fp_naa_screening_20260817T070937Z
valveEmu/test/section_00_source_test_anomaly_0023_noAttribute.wav,valveEmu,section_00,source,anomaly,0.0021194755099713802,fp_naa_c1_mse_seed42,server02_fp_naa_screening_20260817T070937Z
valveEmu/test/section_00_source_test_anomaly_0024_noAttribute.wav,valveEmu,section_00,source,anomaly,0.0013137743808329105,fp_naa_c1_mse_seed42,server02_fp_naa_screening_20260817T070937Z
valveEmu/test/section_00_source_test_anomaly_0025_noAttribute.wav,valveEmu,section_00,source,anomaly,0.003166814800351858,fp_naa_c1_mse_seed42,server02_fp_naa_screening_20260817T070937Z
valveEmu/test/section_00_source_test_anomaly_0026_noAttribute.wav,valveEmu,section_00,source,anomaly,0.001704204361885786,fp_naa_c1_mse_seed42,server02_fp_naa_screening_20260817T070937Z
valveEmu/test/section_00_source_test_anomaly_0027_noAttribute.wav,valveEmu,section_00,source,anomaly,0.0039711445569992065,fp_naa_c1_mse_seed42,server02_fp_naa_screening_20260817T070937Z
valveEmu/test/section_00_source_test_anomaly_0028_noAttribute.wav,valveEmu,section_00,source,anomaly,0.0020272377878427505,fp_naa_c1_mse_seed42,server02_fp_naa_screening_20260817T070937Z
valveEmu/test/section_00_source_test_anomaly_0029_noAttribute.wav,valveEmu,section_00,source,anomaly,0.0027054408565163612,fp_naa_c1_mse_seed42,server02_fp_naa_screening_20260817T070937Z
valveEmu/test/section_00_source_test_anomaly_0030_noAttribute.wav,valveEmu,section_00,source,anomaly,0.001799804624170065,fp_naa_c1_mse_seed42,server02_fp_naa_screening_20260817T070937Z
valveEmu/test/section_00_source_test_anomaly_0031_noAttribute.wav,valveEmu,section_00,source,anomaly,0.0023283427581191063,fp_naa_c1_mse_seed42,server02_fp_naa_screening_20260817T070937Z
valveEmu/test/section_00_source_test_anomaly_0032_noAttribute.wav,valveEmu,section_00,source,anomaly,0.00358719564974308,fp_naa_c1_mse_seed42,server02_fp_naa_screening_20260817T070937Z
valveEmu/test/section_00_source_test_anomaly_0033_noAttribute.wav,valveEmu,section_00,source,anomaly,0.0007305216277018189,fp_naa_c1_mse_seed42,server02_fp_naa_screening_20260817T070937Z
valveEmu/test/section_00_source_test_anomaly_0034_noAttribute.wav,valveEmu,section_00,source,anomaly,0.003451837692409754,fp_naa_c1_mse_seed42,server02_fp_naa_screening_20260817T070937Z
valveEmu/test/section_00_source_test_anomaly_0035_noAttribute.wav,valveEmu,section_00,source,anomaly,0.002896986436098814,fp_naa_c1_mse_seed42,server02_fp_naa_screening_20260817T070937Z
valveEmu/test/section_00_source_test_anomaly_0036_noAttribute.wav,valveEmu,section_00,source,anomaly,0.0022653304040431976,fp_naa_c1_mse_seed42,server02_fp_naa_screening_20260817T070937Z
valveEmu/test/section_00_source_test_anomaly_0037_noAttribute.wav,valveEmu,section_00,source,anomaly,0.0028448947705328465,fp_naa_c1_mse_seed42,server02_fp_naa_screening_20260817T070937Z
valveEmu/test/section_00_source_test_anomaly_0038_noAttribute.wav,valveEmu,section_00,source,anomaly,0.001298371353186667,fp_naa_c1_mse_seed42,server02_fp_naa_screening_20260817T070937Z
valveEmu/test/section_00_source_test_anomaly_0039_noAttribute.wav,valveEmu,section_00,source,anomaly,0.004363593179732561,fp_naa_c1_mse_seed42,server02_fp_naa_screening_20260817T070937Z
valveEmu/test/section_00_source_test_anomaly_0040_noAttribute.wav,valveEmu,section_00,source,anomaly,0.0017950923647731543,fp_naa_c1_mse_seed42,server02_fp_naa_screening_20260817T070937Z
valveEmu/test/section_00_source_test_anomaly_0041_noAttribute.wav,valveEmu,section_00,source,anomaly,0.002830089535564184,fp_naa_c1_mse_seed42,server02_fp_naa_screening_20260817T070937Z
valveEmu/test/section_00_source_test_anomaly_0042_noAttribute.wav,valveEmu,section_00,source,anomaly,0.002499848138540983,fp_naa_c1_mse_seed42,server02_fp_naa_screening_20260817T070937Z
valveEmu/test/section_00_source_test_anomaly_0043_noAttribute.wav,valveEmu,section_00,source,anomaly,0.0027037099935114384,fp_naa_c1_mse_seed42,server02_fp_naa_screening_20260817T070937Z
valveEmu/test/section_00_source_test_anomaly_0044_noAttribute.wav,valveEmu,section_00,source,anomaly,0.0026920237578451633,fp_naa_c1_mse_seed42,server02_fp_naa_screening_20260817T070937Z
valveEmu/test/section_00_source_test_anomaly_0045_noAttribute.wav,valveEmu,section_00,source,anomaly,0.001986097078770399,fp_naa_c1_mse_seed42,server02_fp_naa_screening_20260817T070937Z
valveEmu/test/section_00_source_test_anomaly_0046_noAttribute.wav,valveEmu,section_00,source,anomaly,0.0009193886653520167,fp_naa_c1_mse_seed42,server02_fp_naa_screening_20260817T070937Z
valveEmu/test/section_00_source_test_anomaly_0047_noAttribute.wav,valveEmu,section_00,source,anomaly,0.0028553339652717113,fp_naa_c1_mse_seed42,server02_fp_naa_screening_20260817T070937Z
valveEmu/test/section_00_source_test_anomaly_0048_noAttribute.wav,valveEmu,section_00,source,anomaly,0.003295134985819459,fp_naa_c1_mse_seed42,server02_fp_naa_screening_20260817T070937Z
valveEmu/test/section_00_source_test_anomaly_0049_noAttribute.wav,valveEmu,section_00,source,anomaly,0.0033910125494003296,fp_naa_c1_mse_seed42,server02_fp_naa_screening_20260817T070937Z
valveEmu/test/section_00_source_test_normal_0000_noAttribute.wav,valveEmu,section_00,source,normal,0.001166364992968738,fp_naa_c1_mse_seed42,server02_fp_naa_screening_20260817T070937Z
valveEmu/test/section_00_source_test_normal_0001_noAttribute.wav,valveEmu,section_00,source,normal,0.0011572001967579126,fp_naa_c1_mse_seed42,server02_fp_naa_screening_20260817T070937Z
valveEmu/test/section_00_source_test_normal_0002_noAttribute.wav,valveEmu,section_00,source,normal,0.0007159441011026502,fp_naa_c1_mse_seed42,server02_fp_naa_screening_20260817T070937Z
valveEmu/test/section_00_source_test_normal_0003_noAttribute.wav,valveEmu,section_00,source,normal,0.0004244423471391201,fp_naa_c1_mse_seed42,server02_fp_naa_screening_20260817T070937Z
valveEmu/test/section_00_source_test_normal_0004_noAttribute.wav,valveEmu,section_00,source,normal,0.000978570431470871,fp_naa_c1_mse_seed42,server02_fp_naa_screening_20260817T070937Z
valveEmu/test/section_00_source_test_normal_0005_noAttribute.wav,valveEmu,section_00,source,normal,0.0033356333151459694,fp_naa_c1_mse_seed42,server02_fp_naa_screening_20260817T070937Z
valveEmu/test/section_00_source_test_normal_0006_noAttribute.wav,valveEmu,section_00,source,normal,-0.0003687981516122818,fp_naa_c1_mse_seed42,server02_fp_naa_screening_20260817T070937Z
valveEmu/test/section_00_source_test_normal_0007_noAttribute.wav,valveEmu,section_00,source,normal,0.0014594815438613296,fp_naa_c1_mse_seed42,server02_fp_naa_screening_20260817T070937Z
valveEmu/test/section_00_source_test_normal_0008_noAttribute.wav,valveEmu,section_00,source,normal,-0.00018156401347368956,fp_naa_c1_mse_seed42,server02_fp_naa_screening_20260817T070937Z
valveEmu/test/section_00_source_test_normal_0009_noAttribute.wav,valveEmu,section_00,source,normal,0.0005530641064979136,fp_naa_c1_mse_seed42,server02_fp_naa_screening_20260817T070937Z
valveEmu/test/section_00_source_test_normal_0010_noAttribute.wav,valveEmu,section_00,source,normal,0.0004696930991485715,fp_naa_c1_mse_seed42,server02_fp_naa_screening_20260817T070937Z
valveEmu/test/section_00_source_test_normal_0011_noAttribute.wav,valveEmu,section_00,source,normal,2.4320630473084748e-05,fp_naa_c1_mse_seed42,server02_fp_naa_screening_20260817T070937Z
valveEmu/test/section_00_source_test_normal_0012_noAttribute.wav,valveEmu,section_00,source,normal,0.0007676996756345034,fp_naa_c1_mse_seed42,server02_fp_naa_screening_20260817T070937Z
valveEmu/test/section_00_source_test_normal_0013_noAttribute.wav,valveEmu,section_00,source,normal,0.0001929990539792925,fp_naa_c1_mse_seed42,server02_fp_naa_screening_20260817T070937Z
valveEmu/test/section_00_source_test_normal_0014_noAttribute.wav,valveEmu,section_00,source,normal,0.000499904912430793,fp_naa_c1_mse_seed42,server02_fp_naa_screening_20260817T070937Z
valveEmu/test/section_00_source_test_normal_0015_noAttribute.wav,valveEmu,section_00,source,normal,3.380354610271752e-05,fp_naa_c1_mse_seed42,server02_fp_naa_screening_20260817T070937Z
valveEmu/test/section_00_source_test_normal_0016_noAttribute.wav,valveEmu,section_00,source,normal,0.00016660685651004314,fp_naa_c1_mse_seed42,server02_fp_naa_screening_20260817T070937Z
valveEmu/test/section_00_source_test_normal_0017_noAttribute.wav,valveEmu,section_00,source,normal,-0.00019086437532678246,fp_naa_c1_mse_seed42,server02_fp_naa_screening_20260817T070937Z
valveEmu/test/section_00_source_test_normal_0018_noAttribute.wav,valveEmu,section_00,source,normal,0.0013917312026023865,fp_naa_c1_mse_seed42,server02_fp_naa_screening_20260817T070937Z
valveEmu/test/section_00_source_test_normal_0019_noAttribute.wav,valveEmu,section_00,source,normal,0.002468555001541972,fp_naa_c1_mse_seed42,server02_fp_naa_screening_20260817T070937Z
valveEmu/test/section_00_source_test_normal_0020_noAttribute.wav,valveEmu,section_00,source,normal,0.00014315478620119393,fp_naa_c1_mse_seed42,server02_fp_naa_screening_20260817T070937Z
valveEmu/test/section_00_source_test_normal_0021_noAttribute.wav,valveEmu,section_00,source,normal,0.0013740588910877705,fp_naa_c1_mse_seed42,server02_fp_naa_screening_20260817T070937Z
valveEmu/test/section_00_source_test_normal_0022_noAttribute.wav,valveEmu,section_00,source,normal,0.0007982320967130363,fp_naa_c1_mse_seed42,server02_fp_naa_screening_20260817T070937Z
valveEmu/test/section_00_source_test_normal_0023_noAttribute.wav,valveEmu,section_00,source,normal,0.0007265547174029052,fp_naa_c1_mse_seed42,server02_fp_naa_screening_20260817T070937Z
valveEmu/test/section_00_source_test_normal_0024_noAttribute.wav,valveEmu,section_00,source,normal,0.0007006700034253299,fp_naa_c1_mse_seed42,server02_fp_naa_screening_20260817T070937Z
valveEmu/test/section_00_source_test_normal_0025_noAttribute.wav,valveEmu,section_00,source,normal,0.00010014791041612625,fp_naa_c1_mse_seed42,server02_fp_naa_screening_20260817T070937Z
valveEmu/test/section_00_source_test_normal_0026_noAttribute.wav,valveEmu,section_00,source,normal,-0.0001852397690527141,fp_naa_c1_mse_seed42,server02_fp_naa_screening_20260817T070937Z
valveEmu/test/section_00_source_test_normal_0027_noAttribute.wav,valveEmu,section_00,source,normal,0.0008002084796316922,fp_naa_c1_mse_seed42,server02_fp_naa_screening_20260817T070937Z
valveEmu/test/section_00_source_test_normal_0028_noAttribute.wav,valveEmu,section_00,source,normal,0.00017622218001633883,fp_naa_c1_mse_seed42,server02_fp_naa_screening_20260817T070937Z
valveEmu/test/section_00_source_test_normal_0029_noAttribute.wav,valveEmu,section_00,source,normal,-3.246593405492604e-05,fp_naa_c1_mse_seed42,server02_fp_naa_screening_20260817T070937Z
valveEmu/test/section_00_source_test_normal_0030_noAttribute.wav,valveEmu,section_00,source,normal,0.00031312459032051265,fp_naa_c1_mse_seed42,server02_fp_naa_screening_20260817T070937Z
valveEmu/test/section_00_source_test_normal_0031_noAttribute.wav,valveEmu,section_00,source,normal,4.7286623157560825e-05,fp_naa_c1_mse_seed42,server02_fp_naa_screening_20260817T070937Z
valveEmu/test/section_00_source_test_normal_0032_noAttribute.wav,valveEmu,section_00,source,normal,0.00014425086556002498,fp_naa_c1_mse_seed42,server02_fp_naa_screening_20260817T070937Z
valveEmu/test/section_00_source_test_normal_0033_noAttribute.wav,valveEmu,section_00,source,normal,9.347518789581954e-05,fp_naa_c1_mse_seed42,server02_fp_naa_screening_20260817T070937Z
valveEmu/test/section_00_source_test_normal_0034_noAttribute.wav,valveEmu,section_00,source,normal,0.0020103894639760256,fp_naa_c1_mse_seed42,server02_fp_naa_screening_20260817T070937Z
valveEmu/test/section_00_source_test_normal_0035_noAttribute.wav,valveEmu,section_00,source,normal,-0.000571599171962589,fp_naa_c1_mse_seed42,server02_fp_naa_screening_20260817T070937Z
valveEmu/test/section_00_source_test_normal_0036_noAttribute.wav,valveEmu,section_00,source,normal,8.274088031612337e-05,fp_naa_c1_mse_seed42,server02_fp_naa_screening_20260817T070937Z
valveEmu/test/section_00_source_test_normal_0037_noAttribute.wav,valveEmu,section_00,source,normal,-0.0014758352190256119,fp_naa_c1_mse_seed42,server02_fp_naa_screening_20260817T070937Z
valveEmu/test/section_00_source_test_normal_0038_noAttribute.wav,valveEmu,section_00,source,normal,0.0005158651038073003,fp_naa_c1_mse_seed42,server02_fp_naa_screening_20260817T070937Z
valveEmu/test/section_00_source_test_normal_0039_noAttribute.wav,valveEmu,section_00,source,normal,-0.0023588663898408413,fp_naa_c1_mse_seed42,server02_fp_naa_screening_20260817T070937Z
valveEmu/test/section_00_source_test_normal_0040_noAttribute.wav,valveEmu,section_00,source,normal,-8.0281519331038e-05,fp_naa_c1_mse_seed42,server02_fp_naa_screening_20260817T070937Z
valveEmu/test/section_00_source_test_normal_0041_noAttribute.wav,valveEmu,section_00,source,normal,0.001297884387895465,fp_naa_c1_mse_seed42,server02_fp_naa_screening_20260817T070937Z
valveEmu/test/section_00_source_test_normal_0042_noAttribute.wav,valveEmu,section_00,source,normal,0.0006734865019097924,fp_naa_c1_mse_seed42,server02_fp_naa_screening_20260817T070937Z
valveEmu/test/section_00_source_test_normal_0043_noAttribute.wav,valveEmu,section_00,source,normal,8.508030441589653e-05,fp_naa_c1_mse_seed42,server02_fp_naa_screening_20260817T070937Z
valveEmu/test/section_00_source_test_normal_0044_noAttribute.wav,valveEmu,section_00,source,normal,-1.658572000451386e-05,fp_naa_c1_mse_seed42,server02_fp_naa_screening_20260817T070937Z
valveEmu/test/section_00_source_test_normal_0045_noAttribute.wav,valveEmu,section_00,source,normal,0.001171110663563013,fp_naa_c1_mse_seed42,server02_fp_naa_screening_20260817T070937Z
valveEmu/test/section_00_source_test_normal_0046_noAttribute.wav,valveEmu,section_00,source,normal,0.0013698136899620295,fp_naa_c1_mse_seed42,server02_fp_naa_screening_20260817T070937Z
valveEmu/test/section_00_source_test_normal_0047_noAttribute.wav,valveEmu,section_00,source,normal,-0.0005361749208532274,fp_naa_c1_mse_seed42,server02_fp_naa_screening_20260817T070937Z
valveEmu/test/section_00_source_test_normal_0048_noAttribute.wav,valveEmu,section_00,source,normal,0.0009157340391539037,fp_naa_c1_mse_seed42,server02_fp_naa_screening_20260817T070937Z
valveEmu/test/section_00_source_test_normal_0049_noAttribute.wav,valveEmu,section_00,source,normal,0.0009449015487916768,fp_naa_c1_mse_seed42,server02_fp_naa_screening_20260817T070937Z
valveEmu/test/section_00_target_test_anomaly_0000_noAttribute.wav,valveEmu,section_00,target,anomaly,0.0008245081990025938,fp_naa_c1_mse_seed42,server02_fp_naa_screening_20260817T070937Z
valveEmu/test/section_00_target_test_anomaly_0001_noAttribute.wav,valveEmu,section_00,target,anomaly,0.0034063607454299927,fp_naa_c1_mse_seed42,server02_fp_naa_screening_20260817T070937Z
valveEmu/test/section_00_target_test_anomaly_0002_noAttribute.wav,valveEmu,section_00,target,anomaly,0.0028217616491019726,fp_naa_c1_mse_seed42,server02_fp_naa_screening_20260817T070937Z
valveEmu/test/section_00_target_test_anomaly_0003_noAttribute.wav,valveEmu,section_00,target,anomaly,-0.0011756138410419226,fp_naa_c1_mse_seed42,server02_fp_naa_screening_20260817T070937Z
valveEmu/test/section_00_target_test_anomaly_0004_noAttribute.wav,valveEmu,section_00,target,anomaly,0.0012263969983905554,fp_naa_c1_mse_seed42,server02_fp_naa_screening_20260817T070937Z
valveEmu/test/section_00_target_test_anomaly_0005_noAttribute.wav,valveEmu,section_00,target,anomaly,0.0027981791645288467,fp_naa_c1_mse_seed42,server02_fp_naa_screening_20260817T070937Z
valveEmu/test/section_00_target_test_anomaly_0006_noAttribute.wav,valveEmu,section_00,target,anomaly,0.001120239496231079,fp_naa_c1_mse_seed42,server02_fp_naa_screening_20260817T070937Z
valveEmu/test/section_00_target_test_anomaly_0007_noAttribute.wav,valveEmu,section_00,target,anomaly,0.0005455241771414876,fp_naa_c1_mse_seed42,server02_fp_naa_screening_20260817T070937Z
valveEmu/test/section_00_target_test_anomaly_0008_noAttribute.wav,valveEmu,section_00,target,anomaly,0.003249627770856023,fp_naa_c1_mse_seed42,server02_fp_naa_screening_20260817T070937Z
valveEmu/test/section_00_target_test_anomaly_0009_noAttribute.wav,valveEmu,section_00,target,anomaly,0.003802780993282795,fp_naa_c1_mse_seed42,server02_fp_naa_screening_20260817T070937Z
valveEmu/test/section_00_target_test_anomaly_0010_noAttribute.wav,valveEmu,section_00,target,anomaly,0.002648674650117755,fp_naa_c1_mse_seed42,server02_fp_naa_screening_20260817T070937Z
valveEmu/test/section_00_target_test_anomaly_0011_noAttribute.wav,valveEmu,section_00,target,anomaly,0.0021387727465480566,fp_naa_c1_mse_seed42,server02_fp_naa_screening_20260817T070937Z
valveEmu/test/section_00_target_test_anomaly_0012_noAttribute.wav,valveEmu,section_00,target,anomaly,0.0010891533456742764,fp_naa_c1_mse_seed42,server02_fp_naa_screening_20260817T070937Z
valveEmu/test/section_00_target_test_anomaly_0013_noAttribute.wav,valveEmu,section_00,target,anomaly,0.004472468048334122,fp_naa_c1_mse_seed42,server02_fp_naa_screening_20260817T070937Z
valveEmu/test/section_00_target_test_anomaly_0014_noAttribute.wav,valveEmu,section_00,target,anomaly,0.0008813413442112505,fp_naa_c1_mse_seed42,server02_fp_naa_screening_20260817T070937Z
valveEmu/test/section_00_target_test_anomaly_0015_noAttribute.wav,valveEmu,section_00,target,anomaly,0.0012124809436500072,fp_naa_c1_mse_seed42,server02_fp_naa_screening_20260817T070937Z
valveEmu/test/section_00_target_test_anomaly_0016_noAttribute.wav,valveEmu,section_00,target,anomaly,0.003186018206179142,fp_naa_c1_mse_seed42,server02_fp_naa_screening_20260817T070937Z
valveEmu/test/section_00_target_test_anomaly_0017_noAttribute.wav,valveEmu,section_00,target,anomaly,0.0015538624720647931,fp_naa_c1_mse_seed42,server02_fp_naa_screening_20260817T070937Z
valveEmu/test/section_00_target_test_anomaly_0018_noAttribute.wav,valveEmu,section_00,target,anomaly,0.00012343339039944112,fp_naa_c1_mse_seed42,server02_fp_naa_screening_20260817T070937Z
valveEmu/test/section_00_target_test_anomaly_0019_noAttribute.wav,valveEmu,section_00,target,anomaly,0.0009598297765478492,fp_naa_c1_mse_seed42,server02_fp_naa_screening_20260817T070937Z
valveEmu/test/section_00_target_test_anomaly_0020_noAttribute.wav,valveEmu,section_00,target,anomaly,0.003421162720769644,fp_naa_c1_mse_seed42,server02_fp_naa_screening_20260817T070937Z
valveEmu/test/section_00_target_test_anomaly_0021_noAttribute.wav,valveEmu,section_00,target,anomaly,0.003647595876827836,fp_naa_c1_mse_seed42,server02_fp_naa_screening_20260817T070937Z
valveEmu/test/section_00_target_test_anomaly_0022_noAttribute.wav,valveEmu,section_00,target,anomaly,0.0008902698173187673,fp_naa_c1_mse_seed42,server02_fp_naa_screening_20260817T070937Z
valveEmu/test/section_00_target_test_anomaly_0023_noAttribute.wav,valveEmu,section_00,target,anomaly,0.002143613062798977,fp_naa_c1_mse_seed42,server02_fp_naa_screening_20260817T070937Z
valveEmu/test/section_00_target_test_anomaly_0024_noAttribute.wav,valveEmu,section_00,target,anomaly,0.0022697397507727146,fp_naa_c1_mse_seed42,server02_fp_naa_screening_20260817T070937Z
valveEmu/test/section_00_target_test_anomaly_0025_noAttribute.wav,valveEmu,section_00,target,anomaly,0.002542116679251194,fp_naa_c1_mse_seed42,server02_fp_naa_screening_20260817T070937Z
valveEmu/test/section_00_target_test_anomaly_0026_noAttribute.wav,valveEmu,section_00,target,anomaly,0.0013204198330640793,fp_naa_c1_mse_seed42,server02_fp_naa_screening_20260817T070937Z
valveEmu/test/section_00_target_test_anomaly_0027_noAttribute.wav,valveEmu,section_00,target,anomaly,0.0027938135899603367,fp_naa_c1_mse_seed42,server02_fp_naa_screening_20260817T070937Z
valveEmu/test/section_00_target_test_anomaly_0028_noAttribute.wav,valveEmu,section_00,target,anomaly,0.0008783417288213968,fp_naa_c1_mse_seed42,server02_fp_naa_screening_20260817T070937Z
valveEmu/test/section_00_target_test_anomaly_0029_noAttribute.wav,valveEmu,section_00,target,anomaly,0.0014729696558788419,fp_naa_c1_mse_seed42,server02_fp_naa_screening_20260817T070937Z
valveEmu/test/section_00_target_test_anomaly_0030_noAttribute.wav,valveEmu,section_00,target,anomaly,0.0006935674464330077,fp_naa_c1_mse_seed42,server02_fp_naa_screening_20260817T070937Z
valveEmu/test/section_00_target_test_anomaly_0031_noAttribute.wav,valveEmu,section_00,target,anomaly,0.00048776008770801127,fp_naa_c1_mse_seed42,server02_fp_naa_screening_20260817T070937Z
valveEmu/test/section_00_target_test_anomaly_0032_noAttribute.wav,valveEmu,section_00,target,anomaly,0.0019119837088510394,fp_naa_c1_mse_seed42,server02_fp_naa_screening_20260817T070937Z
valveEmu/test/section_00_target_test_anomaly_0033_noAttribute.wav,valveEmu,section_00,target,anomaly,0.001746013993397355,fp_naa_c1_mse_seed42,server02_fp_naa_screening_20260817T070937Z
valveEmu/test/section_00_target_test_anomaly_0034_noAttribute.wav,valveEmu,section_00,target,anomaly,0.0006102970219217241,fp_naa_c1_mse_seed42,server02_fp_naa_screening_20260817T070937Z
valveEmu/test/section_00_target_test_anomaly_0035_noAttribute.wav,valveEmu,section_00,target,anomaly,0.0028065964579582214,fp_naa_c1_mse_seed42,server02_fp_naa_screening_20260817T070937Z
valveEmu/test/section_00_target_test_anomaly_0036_noAttribute.wav,valveEmu,section_00,target,anomaly,0.0020424898248165846,fp_naa_c1_mse_seed42,server02_fp_naa_screening_20260817T070937Z
valveEmu/test/section_00_target_test_anomaly_0037_noAttribute.wav,valveEmu,section_00,target,anomaly,0.002337498590350151,fp_naa_c1_mse_seed42,server02_fp_naa_screening_20260817T070937Z
valveEmu/test/section_00_target_test_anomaly_0038_noAttribute.wav,valveEmu,section_00,target,anomaly,0.0023239413276314735,fp_naa_c1_mse_seed42,server02_fp_naa_screening_20260817T070937Z
valveEmu/test/section_00_target_test_anomaly_0039_noAttribute.wav,valveEmu,section_00,target,anomaly,0.0010019515175372362,fp_naa_c1_mse_seed42,server02_fp_naa_screening_20260817T070937Z
valveEmu/test/section_00_target_test_anomaly_0040_noAttribute.wav,valveEmu,section_00,target,anomaly,0.0005035609356127679,fp_naa_c1_mse_seed42,server02_fp_naa_screening_20260817T070937Z
valveEmu/test/section_00_target_test_anomaly_0041_noAttribute.wav,valveEmu,section_00,target,anomaly,0.0014320274349302053,fp_naa_c1_mse_seed42,server02_fp_naa_screening_20260817T070937Z
valveEmu/test/section_00_target_test_anomaly_0042_noAttribute.wav,valveEmu,section_00,target,anomaly,0.0015339201781898737,fp_naa_c1_mse_seed42,server02_fp_naa_screening_20260817T070937Z
valveEmu/test/section_00_target_test_anomaly_0043_noAttribute.wav,valveEmu,section_00,target,anomaly,0.0016267582541331649,fp_naa_c1_mse_seed42,server02_fp_naa_screening_20260817T070937Z
valveEmu/test/section_00_target_test_anomaly_0044_noAttribute.wav,valveEmu,section_00,target,anomaly,0.002251382451504469,fp_naa_c1_mse_seed42,server02_fp_naa_screening_20260817T070937Z
valveEmu/test/section_00_target_test_anomaly_0045_noAttribute.wav,valveEmu,section_00,target,anomaly,0.004012708552181721,fp_naa_c1_mse_seed42,server02_fp_naa_screening_20260817T070937Z
valveEmu/test/section_00_target_test_anomaly_0046_noAttribute.wav,valveEmu,section_00,target,anomaly,0.0005885453429073095,fp_naa_c1_mse_seed42,server02_fp_naa_screening_20260817T070937Z
valveEmu/test/section_00_target_test_anomaly_0047_noAttribute.wav,valveEmu,section_00,target,anomaly,0.002157393842935562,fp_naa_c1_mse_seed42,server02_fp_naa_screening_20260817T070937Z
valveEmu/test/section_00_target_test_anomaly_0048_noAttribute.wav,valveEmu,section_00,target,anomaly,0.0012677237391471863,fp_naa_c1_mse_seed42,server02_fp_naa_screening_20260817T070937Z
valveEmu/test/section_00_target_test_anomaly_0049_noAttribute.wav,valveEmu,section_00,target,anomaly,0.0005293831927701831,fp_naa_c1_mse_seed42,server02_fp_naa_screening_20260817T070937Z
valveEmu/test/section_00_target_test_normal_0000_noAttribute.wav,valveEmu,section_00,target,normal,0.0019296579994261265,fp_naa_c1_mse_seed42,server02_fp_naa_screening_20260817T070937Z
valveEmu/test/section_00_target_test_normal_0001_noAttribute.wav,valveEmu,section_00,target,normal,0.0013464023359119892,fp_naa_c1_mse_seed42,server02_fp_naa_screening_20260817T070937Z
valveEmu/test/section_00_target_test_normal_0002_noAttribute.wav,valveEmu,section_00,target,normal,0.001003882149234414,fp_naa_c1_mse_seed42,server02_fp_naa_screening_20260817T070937Z
valveEmu/test/section_00_target_test_normal_0003_noAttribute.wav,valveEmu,section_00,target,normal,0.0004254861269146204,fp_naa_c1_mse_seed42,server02_fp_naa_screening_20260817T070937Z
valveEmu/test/section_00_target_test_normal_0004_noAttribute.wav,valveEmu,section_00,target,normal,0.000521818408742547,fp_naa_c1_mse_seed42,server02_fp_naa_screening_20260817T070937Z
valveEmu/test/section_00_target_test_normal_0005_noAttribute.wav,valveEmu,section_00,target,normal,-0.000318863894790411,fp_naa_c1_mse_seed42,server02_fp_naa_screening_20260817T070937Z
valveEmu/test/section_00_target_test_normal_0006_noAttribute.wav,valveEmu,section_00,target,normal,-6.698380457237363e-05,fp_naa_c1_mse_seed42,server02_fp_naa_screening_20260817T070937Z
valveEmu/test/section_00_target_test_normal_0007_noAttribute.wav,valveEmu,section_00,target,normal,-0.0003384453593753278,fp_naa_c1_mse_seed42,server02_fp_naa_screening_20260817T070937Z
valveEmu/test/section_00_target_test_normal_0008_noAttribute.wav,valveEmu,section_00,target,normal,1.470162533223629e-05,fp_naa_c1_mse_seed42,server02_fp_naa_screening_20260817T070937Z
valveEmu/test/section_00_target_test_normal_0009_noAttribute.wav,valveEmu,section_00,target,normal,0.0007221128325909376,fp_naa_c1_mse_seed42,server02_fp_naa_screening_20260817T070937Z
valveEmu/test/section_00_target_test_normal_0010_noAttribute.wav,valveEmu,section_00,target,normal,0.0010162822436541319,fp_naa_c1_mse_seed42,server02_fp_naa_screening_20260817T070937Z
valveEmu/test/section_00_target_test_normal_0011_noAttribute.wav,valveEmu,section_00,target,normal,0.00206705741584301,fp_naa_c1_mse_seed42,server02_fp_naa_screening_20260817T070937Z
valveEmu/test/section_00_target_test_normal_0012_noAttribute.wav,valveEmu,section_00,target,normal,0.002329739509150386,fp_naa_c1_mse_seed42,server02_fp_naa_screening_20260817T070937Z
valveEmu/test/section_00_target_test_normal_0013_noAttribute.wav,valveEmu,section_00,target,normal,0.0025919415056705475,fp_naa_c1_mse_seed42,server02_fp_naa_screening_20260817T070937Z
valveEmu/test/section_00_target_test_normal_0014_noAttribute.wav,valveEmu,section_00,target,normal,-2.2673673811368644e-05,fp_naa_c1_mse_seed42,server02_fp_naa_screening_20260817T070937Z
valveEmu/test/section_00_target_test_normal_0015_noAttribute.wav,valveEmu,section_00,target,normal,0.0014239824377000332,fp_naa_c1_mse_seed42,server02_fp_naa_screening_20260817T070937Z
valveEmu/test/section_00_target_test_normal_0016_noAttribute.wav,valveEmu,section_00,target,normal,4.3561827624216676e-05,fp_naa_c1_mse_seed42,server02_fp_naa_screening_20260817T070937Z
valveEmu/test/section_00_target_test_normal_0017_noAttribute.wav,valveEmu,section_00,target,normal,-0.00023106185835786164,fp_naa_c1_mse_seed42,server02_fp_naa_screening_20260817T070937Z
valveEmu/test/section_00_target_test_normal_0018_noAttribute.wav,valveEmu,section_00,target,normal,0.0014218492433428764,fp_naa_c1_mse_seed42,server02_fp_naa_screening_20260817T070937Z
valveEmu/test/section_00_target_test_normal_0019_noAttribute.wav,valveEmu,section_00,target,normal,-0.0006315256468951702,fp_naa_c1_mse_seed42,server02_fp_naa_screening_20260817T070937Z
valveEmu/test/section_00_target_test_normal_0020_noAttribute.wav,valveEmu,section_00,target,normal,0.0010543999960646033,fp_naa_c1_mse_seed42,server02_fp_naa_screening_20260817T070937Z
valveEmu/test/section_00_target_test_normal_0021_noAttribute.wav,valveEmu,section_00,target,normal,-0.000320498482324183,fp_naa_c1_mse_seed42,server02_fp_naa_screening_20260817T070937Z
valveEmu/test/section_00_target_test_normal_0022_noAttribute.wav,valveEmu,section_00,target,normal,-0.0016132473247125745,fp_naa_c1_mse_seed42,server02_fp_naa_screening_20260817T070937Z
valveEmu/test/section_00_target_test_normal_0023_noAttribute.wav,valveEmu,section_00,target,normal,0.0005082745919935405,fp_naa_c1_mse_seed42,server02_fp_naa_screening_20260817T070937Z
valveEmu/test/section_00_target_test_normal_0024_noAttribute.wav,valveEmu,section_00,target,normal,0.0012274195905774832,fp_naa_c1_mse_seed42,server02_fp_naa_screening_20260817T070937Z
valveEmu/test/section_00_target_test_normal_0025_noAttribute.wav,valveEmu,section_00,target,normal,0.00047026402899064124,fp_naa_c1_mse_seed42,server02_fp_naa_screening_20260817T070937Z
valveEmu/test/section_00_target_test_normal_0026_noAttribute.wav,valveEmu,section_00,target,normal,0.00029597131651826203,fp_naa_c1_mse_seed42,server02_fp_naa_screening_20260817T070937Z
valveEmu/test/section_00_target_test_normal_0027_noAttribute.wav,valveEmu,section_00,target,normal,0.0003238580538891256,fp_naa_c1_mse_seed42,server02_fp_naa_screening_20260817T070937Z
valveEmu/test/section_00_target_test_normal_0028_noAttribute.wav,valveEmu,section_00,target,normal,-0.0004020830674562603,fp_naa_c1_mse_seed42,server02_fp_naa_screening_20260817T070937Z
valveEmu/test/section_00_target_test_normal_0029_noAttribute.wav,valveEmu,section_00,target,normal,-0.0003008304338436574,fp_naa_c1_mse_seed42,server02_fp_naa_screening_20260817T070937Z
valveEmu/test/section_00_target_test_normal_0030_noAttribute.wav,valveEmu,section_00,target,normal,0.00042445279541425407,fp_naa_c1_mse_seed42,server02_fp_naa_screening_20260817T070937Z
valveEmu/test/section_00_target_test_normal_0031_noAttribute.wav,valveEmu,section_00,target,normal,-0.0014512487687170506,fp_naa_c1_mse_seed42,server02_fp_naa_screening_20260817T070937Z
valveEmu/test/section_00_target_test_normal_0032_noAttribute.wav,valveEmu,section_00,target,normal,-8.240604074671865e-05,fp_naa_c1_mse_seed42,server02_fp_naa_screening_20260817T070937Z
valveEmu/test/section_00_target_test_normal_0033_noAttribute.wav,valveEmu,section_00,target,normal,0.0018848527688533068,fp_naa_c1_mse_seed42,server02_fp_naa_screening_20260817T070937Z
valveEmu/test/section_00_target_test_normal_0034_noAttribute.wav,valveEmu,section_00,target,normal,-0.0002909173781517893,fp_naa_c1_mse_seed42,server02_fp_naa_screening_20260817T070937Z
valveEmu/test/section_00_target_test_normal_0035_noAttribute.wav,valveEmu,section_00,target,normal,0.0003002630837727338,fp_naa_c1_mse_seed42,server02_fp_naa_screening_20260817T070937Z
valveEmu/test/section_00_target_test_normal_0036_noAttribute.wav,valveEmu,section_00,target,normal,0.0016088528791442513,fp_naa_c1_mse_seed42,server02_fp_naa_screening_20260817T070937Z
valveEmu/test/section_00_target_test_normal_0037_noAttribute.wav,valveEmu,section_00,target,normal,0.0011964599834755063,fp_naa_c1_mse_seed42,server02_fp_naa_screening_20260817T070937Z
valveEmu/test/section_00_target_test_normal_0038_noAttribute.wav,valveEmu,section_00,target,normal,0.002083533676341176,fp_naa_c1_mse_seed42,server02_fp_naa_screening_20260817T070937Z
valveEmu/test/section_00_target_test_normal_0039_noAttribute.wav,valveEmu,section_00,target,normal,0.00016376067651435733,fp_naa_c1_mse_seed42,server02_fp_naa_screening_20260817T070937Z
valveEmu/test/section_00_target_test_normal_0040_noAttribute.wav,valveEmu,section_00,target,normal,0.0001760276354616508,fp_naa_c1_mse_seed42,server02_fp_naa_screening_20260817T070937Z
valveEmu/test/section_00_target_test_normal_0041_noAttribute.wav,valveEmu,section_00,target,normal,-0.00016737141413614154,fp_naa_c1_mse_seed42,server02_fp_naa_screening_20260817T070937Z
valveEmu/test/section_00_target_test_normal_0042_noAttribute.wav,valveEmu,section_00,target,normal,0.0009028167696669698,fp_naa_c1_mse_seed42,server02_fp_naa_screening_20260817T070937Z
valveEmu/test/section_00_target_test_normal_0043_noAttribute.wav,valveEmu,section_00,target,normal,0.0012813988141715527,fp_naa_c1_mse_seed42,server02_fp_naa_screening_20260817T070937Z
valveEmu/test/section_00_target_test_normal_0044_noAttribute.wav,valveEmu,section_00,target,normal,0.0009535871213302016,fp_naa_c1_mse_seed42,server02_fp_naa_screening_20260817T070937Z
valveEmu/test/section_00_target_test_normal_0045_noAttribute.wav,valveEmu,section_00,target,normal,-0.00021201926574576646,fp_naa_c1_mse_seed42,server02_fp_naa_screening_20260817T070937Z
valveEmu/test/section_00_target_test_normal_0046_noAttribute.wav,valveEmu,section_00,target,normal,0.001229692716151476,fp_naa_c1_mse_seed42,server02_fp_naa_screening_20260817T070937Z
valveEmu/test/section_00_target_test_normal_0047_noAttribute.wav,valveEmu,section_00,target,normal,-0.0012100310996174812,fp_naa_c1_mse_seed42,server02_fp_naa_screening_20260817T070937Z
valveEmu/test/section_00_target_test_normal_0048_noAttribute.wav,valveEmu,section_00,target,normal,0.0011711246334016323,fp_naa_c1_mse_seed42,server02_fp_naa_screening_20260817T070937Z
valveEmu/test/section_00_target_test_normal_0049_noAttribute.wav,valveEmu,section_00,target,normal,-0.0002055437653325498,fp_naa_c1_mse_seed42,server02_fp_naa_screening_20260817T070937Z
