file_id,fault_set,fault_family,retention
ToyCar/train/section_00_source_train_normal_0000_noAttribute.wav,in_support,amplitude_modulation,0.9264940619468689
ToyCar/train/section_00_source_train_normal_0001_noAttribute.wav,in_support,frequency_modulation,0.9893670678138733
ToyCar/train/section_00_source_train_normal_0002_noAttribute.wav,in_support,amplitude_modulation,0.7879677414894104
ToyCar/train/section_00_source_train_normal_0003_noAttribute.wav,in_support,periodic_resonance,0.7960121631622314
ToyCar/train/section_00_source_train_normal_0004_noAttribute.wav,in_support,periodic_resonance,0.9467568397521973
ToyCar/train/section_00_source_train_normal_0005_noAttribute.wav,in_support,periodic_resonance,0.9931946992874146
ToyCar/train/section_00_source_train_normal_0006_noAttribute.wav,in_support,amplitude_modulation,0.9779510498046875
ToyCar/train/section_00_source_train_normal_0007_noAttribute.wav,in_support,frequency_modulation,0.9775082468986511
ToyCar/train/section_00_source_train_normal_0008_noAttribute.wav,in_support,frequency_modulation,0.9986187815666199
ToyCar/train/section_00_source_train_normal_0009_noAttribute.wav,in_support,periodic_resonance,0.8155202269554138
ToyCar/train/section_00_source_train_normal_0010_noAttribute.wav,in_support,amplitude_modulation,0.9951833486557007
ToyCar/train/section_00_source_train_normal_0011_noAttribute.wav,in_support,frequency_modulation,0.925042450428009
ToyCar/train/section_00_source_train_normal_0012_noAttribute.wav,in_support,amplitude_modulation,0.9903599619865417
ToyCar/train/section_00_source_train_normal_0013_noAttribute.wav,in_support,amplitude_modulation,0.8551704287528992
ToyCar/train/section_00_source_train_normal_0014_noAttribute.wav,in_support,periodic_resonance,0.9243749976158142
ToyCar/train/section_00_source_train_normal_0015_noAttribute.wav,in_support,periodic_resonance,0.9813253283500671
ToyCar/train/section_00_source_train_normal_0016_noAttribute.wav,in_support,periodic_resonance,0.9820892214775085
ToyCar/train/section_00_source_train_normal_0017_noAttribute.wav,in_support,frequency_modulation,0.7840439081192017
ToyCar/train/section_00_source_train_normal_0018_noAttribute.wav,in_support,frequency_modulation,0.9576577544212341
ToyCar/train/section_00_source_train_normal_0019_noAttribute.wav,in_support,frequency_modulation,0.692975640296936
ToyCar/train/section_00_source_train_normal_0020_noAttribute.wav,in_support,amplitude_modulation,0.9713983535766602
ToyCar/train/section_00_source_train_normal_0021_noAttribute.wav,in_support,frequency_modulation,0.9180683493614197
ToyCar/train/section_00_source_train_normal_0022_noAttribute.wav,in_support,amplitude_modulation,0.9394679665565491
ToyCar/train/section_00_source_train_normal_0023_noAttribute.wav,in_support,frequency_modulation,0.8263522386550903
ToyCar/train/section_00_source_train_normal_0024_noAttribute.wav,in_support,periodic_resonance,0.9273390769958496
ToyCar/train/section_00_source_train_normal_0025_noAttribute.wav,in_support,amplitude_modulation,0.976631760597229
ToyCar/train/section_00_source_train_normal_0026_noAttribute.wav,in_support,amplitude_modulation,0.9728134274482727
ToyCar/train/section_00_source_train_normal_0027_noAttribute.wav,in_support,amplitude_modulation,0.9975594282150269
ToyCar/train/section_00_source_train_normal_0028_noAttribute.wav,in_support,periodic_resonance,0.8867671489715576
ToyCar/train/section_00_source_train_normal_0029_noAttribute.wav,in_support,frequency_modulation,0.9742732644081116
ToyCar/train/section_00_source_train_normal_0030_noAttribute.wav,in_support,amplitude_modulation,0.9837022423744202
ToyCar/train/section_00_source_train_normal_0031_noAttribute.wav,in_support,frequency_modulation,0.835814356803894
ToyCar/train/section_00_source_train_normal_0032_noAttribute.wav,in_support,periodic_resonance,0.9854763746261597
ToyCar/train/section_00_source_train_normal_0033_noAttribute.wav,in_support,amplitude_modulation,0.9107867479324341
ToyCar/train/section_00_source_train_normal_0034_noAttribute.wav,in_support,amplitude_modulation,0.8203355073928833
ToyCar/train/section_00_source_train_normal_0035_noAttribute.wav,in_support,frequency_modulation,0.8636806607246399
ToyCar/train/section_00_source_train_normal_0036_noAttribute.wav,in_support,frequency_modulation,0.9859748482704163
ToyCar/train/section_00_source_train_normal_0037_noAttribute.wav,in_support,periodic_resonance,0.8011477589607239
ToyCar/train/section_00_source_train_normal_0038_noAttribute.wav,in_support,periodic_resonance,0.9959033131599426
ToyCar/train/section_00_source_train_normal_0039_noAttribute.wav,in_support,frequency_modulation,0.8570421934127808
ToyCar/train/section_00_source_train_normal_0040_noAttribute.wav,in_support,periodic_resonance,0.993750810623169
ToyCar/train/section_00_source_train_normal_0041_noAttribute.wav,in_support,periodic_resonance,0.9895918369293213
ToyCar/train/section_00_source_train_normal_0042_noAttribute.wav,in_support,periodic_resonance,0.990568220615387
ToyCar/train/section_00_source_train_normal_0043_noAttribute.wav,in_support,periodic_resonance,0.7457587718963623
ToyCar/train/section_00_source_train_normal_0044_noAttribute.wav,in_support,frequency_modulation,0.9595377445220947
ToyCar/train/section_00_source_train_normal_0045_noAttribute.wav,in_support,amplitude_modulation,0.8321616649627686
ToyCar/train/section_00_source_train_normal_0046_noAttribute.wav,in_support,periodic_resonance,0.9746972322463989
ToyCar/train/section_00_source_train_normal_0047_noAttribute.wav,in_support,periodic_resonance,0.9751827716827393
ToyCar/train/section_00_source_train_normal_0048_noAttribute.wav,in_support,frequency_modulation,0.9301872253417969
ToyCar/train/section_00_source_train_normal_0049_noAttribute.wav,in_support,frequency_modulation,0.9484114050865173
ToyCar/train/section_00_source_train_normal_0050_noAttribute.wav,in_support,periodic_resonance,0.5954746007919312
ToyCar/train/section_00_source_train_normal_0051_noAttribute.wav,in_support,periodic_resonance,0.9761257767677307
ToyCar/train/section_00_source_train_normal_0052_noAttribute.wav,in_support,periodic_resonance,0.9536816477775574
ToyCar/train/section_00_source_train_normal_0053_noAttribute.wav,in_support,periodic_resonance,0.9531155228614807
ToyCar/train/section_00_source_train_normal_0054_noAttribute.wav,in_support,frequency_modulation,0.9955565929412842
ToyCar/train/section_00_source_train_normal_0055_noAttribute.wav,in_support,amplitude_modulation,0.9380887150764465
ToyCar/train/section_00_source_train_normal_0056_noAttribute.wav,in_support,frequency_modulation,0.9571345448493958
ToyCar/train/section_00_source_train_normal_0057_noAttribute.wav,in_support,frequency_modulation,0.9604285359382629
ToyCar/train/section_00_source_train_normal_0058_noAttribute.wav,in_support,amplitude_modulation,0.9351429343223572
ToyCar/train/section_00_source_train_normal_0059_noAttribute.wav,in_support,frequency_modulation,0.9803723692893982
ToyCar/train/section_00_source_train_normal_0060_noAttribute.wav,in_support,frequency_modulation,0.951174795627594
ToyCar/train/section_00_source_train_normal_0061_noAttribute.wav,in_support,frequency_modulation,0.9615707397460938
ToyCar/train/section_00_source_train_normal_0062_noAttribute.wav,in_support,frequency_modulation,0.9798158407211304
ToyCar/train/section_00_source_train_normal_0063_noAttribute.wav,in_support,amplitude_modulation,0.975531280040741
ToyCar/train/section_00_source_train_normal_0064_noAttribute.wav,in_support,frequency_modulation,0.974688708782196
ToyCar/train/section_00_source_train_normal_0065_noAttribute.wav,in_support,frequency_modulation,0.9741221070289612
ToyCar/train/section_00_source_train_normal_0066_noAttribute.wav,in_support,frequency_modulation,0.9572689533233643
ToyCar/train/section_00_source_train_normal_0067_noAttribute.wav,in_support,amplitude_modulation,0.8293600678443909
ToyCar/train/section_00_source_train_normal_0068_noAttribute.wav,in_support,frequency_modulation,0.9696183800697327
ToyCar/train/section_00_source_train_normal_0069_noAttribute.wav,in_support,periodic_resonance,0.9964740872383118
ToyCar/train/section_00_source_train_normal_0070_noAttribute.wav,in_support,frequency_modulation,0.9614604115486145
ToyCar/train/section_00_source_train_normal_0071_noAttribute.wav,in_support,amplitude_modulation,0.9501898884773254
ToyCar/train/section_00_source_train_normal_0072_noAttribute.wav,in_support,amplitude_modulation,0.8081634640693665
ToyCar/train/section_00_source_train_normal_0073_noAttribute.wav,in_support,periodic_resonance,0.9993733167648315
ToyCar/train/section_00_source_train_normal_0074_noAttribute.wav,in_support,amplitude_modulation,0.9830592274665833
ToyCar/train/section_00_source_train_normal_0075_noAttribute.wav,in_support,frequency_modulation,0.9750622510910034
ToyCar/train/section_00_source_train_normal_0076_noAttribute.wav,in_support,frequency_modulation,0.9910135865211487
ToyCar/train/section_00_source_train_normal_0077_noAttribute.wav,in_support,frequency_modulation,0.9478952288627625
ToyCar/train/section_00_source_train_normal_0078_noAttribute.wav,in_support,amplitude_modulation,0.8522072434425354
ToyCar/train/section_00_source_train_normal_0079_noAttribute.wav,in_support,periodic_resonance,0.9784056544303894
ToyCar/train/section_00_source_train_normal_0080_noAttribute.wav,in_support,frequency_modulation,0.9730915427207947
ToyCar/train/section_00_source_train_normal_0081_noAttribute.wav,in_support,periodic_resonance,0.9430288672447205
ToyCar/train/section_00_source_train_normal_0082_noAttribute.wav,in_support,frequency_modulation,0.9939403533935547
ToyCar/train/section_00_source_train_normal_0083_noAttribute.wav,in_support,frequency_modulation,0.8024903535842896
ToyCar/train/section_00_source_train_normal_0084_noAttribute.wav,in_support,periodic_resonance,0.9387340545654297
ToyCar/train/section_00_source_train_normal_0085_noAttribute.wav,in_support,periodic_resonance,0.9158663153648376
ToyCar/train/section_00_source_train_normal_0086_noAttribute.wav,in_support,amplitude_modulation,0.8649367690086365
ToyCar/train/section_00_source_train_normal_0087_noAttribute.wav,in_support,frequency_modulation,0.9353185892105103
ToyCar/train/section_00_source_train_normal_0088_noAttribute.wav,in_support,amplitude_modulation,0.958900511264801
ToyCar/train/section_00_source_train_normal_0089_noAttribute.wav,in_support,periodic_resonance,0.9845401048660278
ToyCar/train/section_00_source_train_normal_0090_noAttribute.wav,in_support,frequency_modulation,0.9404332041740417
ToyCar/train/section_00_source_train_normal_0091_noAttribute.wav,in_support,amplitude_modulation,0.8290326595306396
ToyCar/train/section_00_source_train_normal_0092_noAttribute.wav,in_support,amplitude_modulation,0.9815204739570618
ToyCar/train/section_00_source_train_normal_0093_noAttribute.wav,in_support,frequency_modulation,0.95450359582901
ToyCar/train/section_00_source_train_normal_0094_noAttribute.wav,in_support,amplitude_modulation,0.9706150889396667
ToyCar/train/section_00_source_train_normal_0095_noAttribute.wav,in_support,frequency_modulation,0.9971092343330383
ToyCar/train/section_00_source_train_normal_0096_noAttribute.wav,in_support,amplitude_modulation,0.9965105056762695
ToyCar/train/section_00_source_train_normal_0097_noAttribute.wav,in_support,amplitude_modulation,0.809249758720398
ToyCar/train/section_00_source_train_normal_0098_noAttribute.wav,in_support,amplitude_modulation,0.9703790545463562
ToyCar/train/section_00_source_train_normal_0099_noAttribute.wav,in_support,frequency_modulation,0.9897403717041016
ToyCar/train/section_00_source_train_normal_0100_noAttribute.wav,in_support,periodic_resonance,0.9955430030822754
ToyCar/train/section_00_source_train_normal_0101_noAttribute.wav,in_support,amplitude_modulation,0.9768699407577515
ToyCar/train/section_00_source_train_normal_0102_noAttribute.wav,in_support,periodic_resonance,0.9787759780883789
ToyCar/train/section_00_source_train_normal_0103_noAttribute.wav,in_support,amplitude_modulation,0.9984062314033508
ToyCar/train/section_00_source_train_normal_0104_noAttribute.wav,in_support,frequency_modulation,0.9810014367103577
ToyCar/train/section_00_source_train_normal_0105_noAttribute.wav,in_support,periodic_resonance,0.9552704095840454
ToyCar/train/section_00_source_train_normal_0106_noAttribute.wav,in_support,periodic_resonance,0.9957989454269409
ToyCar/train/section_00_source_train_normal_0107_noAttribute.wav,in_support,frequency_modulation,0.9621811509132385
ToyCar/train/section_00_source_train_normal_0108_noAttribute.wav,in_support,periodic_resonance,0.9908379912376404
ToyCar/train/section_00_source_train_normal_0109_noAttribute.wav,in_support,amplitude_modulation,0.9836327433586121
ToyCar/train/section_00_source_train_normal_0110_noAttribute.wav,in_support,periodic_resonance,0.9922723174095154
ToyCar/train/section_00_source_train_normal_0111_noAttribute.wav,in_support,frequency_modulation,0.9649453163146973
ToyCar/train/section_00_source_train_normal_0112_noAttribute.wav,in_support,amplitude_modulation,0.9673362970352173
ToyCar/train/section_00_source_train_normal_0113_noAttribute.wav,in_support,amplitude_modulation,0.9994219541549683
ToyCar/train/section_00_source_train_normal_0114_noAttribute.wav,in_support,frequency_modulation,0.9527715444564819
ToyCar/train/section_00_source_train_normal_0115_noAttribute.wav,in_support,periodic_resonance,0.995591402053833
ToyCar/train/section_00_source_train_normal_0116_noAttribute.wav,in_support,periodic_resonance,0.9500457048416138
ToyCar/train/section_00_source_train_normal_0117_noAttribute.wav,in_support,periodic_resonance,0.5479125380516052
ToyCar/train/section_00_source_train_normal_0118_noAttribute.wav,in_support,frequency_modulation,0.8403457403182983
ToyCar/train/section_00_source_train_normal_0119_noAttribute.wav,in_support,frequency_modulation,0.9803773760795593
ToyCar/train/section_00_source_train_normal_0120_noAttribute.wav,in_support,amplitude_modulation,0.9654431939125061
ToyCar/train/section_00_source_train_normal_0121_noAttribute.wav,in_support,amplitude_modulation,0.7498810291290283
ToyCar/train/section_00_source_train_normal_0122_noAttribute.wav,in_support,frequency_modulation,0.9559108018875122
ToyCar/train/section_00_source_train_normal_0123_noAttribute.wav,in_support,periodic_resonance,0.9194386601448059
ToyCar/train/section_00_source_train_normal_0124_noAttribute.wav,in_support,amplitude_modulation,0.9814376831054688
ToyCar/train/section_00_source_train_normal_0125_noAttribute.wav,in_support,amplitude_modulation,0.9916056394577026
ToyCar/train/section_00_source_train_normal_0126_noAttribute.wav,in_support,frequency_modulation,0.963441014289856
ToyCar/train/section_00_source_train_normal_0127_noAttribute.wav,in_support,amplitude_modulation,0.6665904521942139
ToyCar/train/section_00_source_train_normal_0128_noAttribute.wav,in_support,periodic_resonance,0.9332189559936523
ToyCar/train/section_00_source_train_normal_0129_noAttribute.wav,in_support,frequency_modulation,0.9779545068740845
ToyCar/train/section_00_source_train_normal_0130_noAttribute.wav,in_support,periodic_resonance,0.9286698698997498
ToyCar/train/section_00_source_train_normal_0131_noAttribute.wav,in_support,periodic_resonance,0.9569482803344727
ToyCar/train/section_00_source_train_normal_0132_noAttribute.wav,in_support,periodic_resonance,0.8730655312538147
ToyCar/train/section_00_source_train_normal_0133_noAttribute.wav,in_support,periodic_resonance,0.8966242074966431
ToyCar/train/section_00_source_train_normal_0134_noAttribute.wav,in_support,periodic_resonance,0.982815682888031
ToyCar/train/section_00_source_train_normal_0135_noAttribute.wav,in_support,periodic_resonance,0.9631713628768921
ToyCar/train/section_00_source_train_normal_0136_noAttribute.wav,in_support,periodic_resonance,0.912222683429718
ToyCar/train/section_00_source_train_normal_0137_noAttribute.wav,in_support,periodic_resonance,0.9916069507598877
ToyCar/train/section_00_source_train_normal_0138_noAttribute.wav,in_support,amplitude_modulation,0.8853018879890442
ToyCar/train/section_00_source_train_normal_0139_noAttribute.wav,in_support,periodic_resonance,0.9682179689407349
ToyCar/train/section_00_source_train_normal_0140_noAttribute.wav,in_support,periodic_resonance,0.7965836524963379
ToyCar/train/section_00_source_train_normal_0141_noAttribute.wav,in_support,amplitude_modulation,0.8755142688751221
ToyCar/train/section_00_source_train_normal_0142_noAttribute.wav,in_support,frequency_modulation,0.9589366316795349
ToyCar/train/section_00_source_train_normal_0143_noAttribute.wav,in_support,frequency_modulation,0.944060206413269
ToyCar/train/section_00_source_train_normal_0144_noAttribute.wav,in_support,periodic_resonance,0.6686455011367798
ToyCar/train/section_00_source_train_normal_0145_noAttribute.wav,in_support,periodic_resonance,0.9632406830787659
ToyCar/train/section_00_source_train_normal_0146_noAttribute.wav,in_support,frequency_modulation,0.9951733946800232
ToyCar/train/section_00_source_train_normal_0147_noAttribute.wav,in_support,amplitude_modulation,0.8400478959083557
ToyCar/train/section_00_source_train_normal_0148_noAttribute.wav,in_support,periodic_resonance,0.7715826630592346
ToyCar/train/section_00_source_train_normal_0149_noAttribute.wav,in_support,frequency_modulation,0.9460671544075012
ToyCar/train/section_00_source_train_normal_0150_noAttribute.wav,in_support,frequency_modulation,0.9534699320793152
ToyCar/train/section_00_source_train_normal_0151_noAttribute.wav,in_support,amplitude_modulation,0.9072503447532654
ToyCar/train/section_00_source_train_normal_0152_noAttribute.wav,in_support,amplitude_modulation,0.9602965712547302
ToyCar/train/section_00_source_train_normal_0153_noAttribute.wav,in_support,periodic_resonance,0.8848764896392822
ToyCar/train/section_00_source_train_normal_0154_noAttribute.wav,in_support,amplitude_modulation,0.9532432556152344
ToyCar/train/section_00_source_train_normal_0155_noAttribute.wav,in_support,frequency_modulation,0.9332659840583801
ToyCar/train/section_00_source_train_normal_0156_noAttribute.wav,in_support,periodic_resonance,0.9984649419784546
ToyCar/train/section_00_source_train_normal_0157_noAttribute.wav,in_support,periodic_resonance,0.9615949392318726
ToyCar/train/section_00_source_train_normal_0158_noAttribute.wav,in_support,amplitude_modulation,0.9365221261978149
ToyCar/train/section_00_source_train_normal_0159_noAttribute.wav,in_support,periodic_resonance,0.44343090057373047
ToyCar/train/section_00_source_train_normal_0160_noAttribute.wav,in_support,frequency_modulation,0.844988226890564
ToyCar/train/section_00_source_train_normal_0161_noAttribute.wav,in_support,periodic_resonance,0.9779797792434692
ToyCar/train/section_00_source_train_normal_0162_noAttribute.wav,in_support,frequency_modulation,0.9676910042762756
ToyCar/train/section_00_source_train_normal_0163_noAttribute.wav,in_support,amplitude_modulation,0.7431817054748535
ToyCar/train/section_00_source_train_normal_0164_noAttribute.wav,in_support,periodic_resonance,0.8644098043441772
ToyCar/train/section_00_source_train_normal_0165_noAttribute.wav,in_support,amplitude_modulation,0.8770596385002136
ToyCar/train/section_00_source_train_normal_0166_noAttribute.wav,in_support,amplitude_modulation,0.9672574400901794
ToyCar/train/section_00_source_train_normal_0167_noAttribute.wav,in_support,frequency_modulation,0.97804194688797
ToyCar/train/section_00_source_train_normal_0168_noAttribute.wav,in_support,periodic_resonance,0.9957021474838257
ToyCar/train/section_00_source_train_normal_0169_noAttribute.wav,in_support,periodic_resonance,0.9915675520896912
ToyCar/train/section_00_source_train_normal_0170_noAttribute.wav,in_support,periodic_resonance,0.9899070262908936
ToyCar/train/section_00_source_train_normal_0171_noAttribute.wav,in_support,amplitude_modulation,0.9941214919090271
ToyCar/train/section_00_source_train_normal_0172_noAttribute.wav,in_support,amplitude_modulation,0.9355291724205017
ToyCar/train/section_00_source_train_normal_0173_noAttribute.wav,in_support,frequency_modulation,0.9894036650657654
ToyCar/train/section_00_source_train_normal_0174_noAttribute.wav,in_support,frequency_modulation,0.7048360705375671
ToyCar/train/section_00_source_train_normal_0175_noAttribute.wav,in_support,frequency_modulation,0.7204275727272034
ToyCar/train/section_00_source_train_normal_0176_noAttribute.wav,in_support,periodic_resonance,0.9920704364776611
ToyCar/train/section_00_source_train_normal_0177_noAttribute.wav,in_support,periodic_resonance,0.7241718173027039
ToyCar/train/section_00_source_train_normal_0178_noAttribute.wav,in_support,periodic_resonance,0.9927716255187988
ToyCar/train/section_00_source_train_normal_0179_noAttribute.wav,in_support,amplitude_modulation,0.9735275506973267
ToyCar/train/section_00_source_train_normal_0180_noAttribute.wav,in_support,periodic_resonance,0.9352153539657593
ToyCar/train/section_00_source_train_normal_0181_noAttribute.wav,in_support,periodic_resonance,0.9855421781539917
ToyCar/train/section_00_source_train_normal_0182_noAttribute.wav,in_support,amplitude_modulation,0.9377581477165222
ToyCar/train/section_00_source_train_normal_0183_noAttribute.wav,in_support,periodic_resonance,0.9886355400085449
ToyCar/train/section_00_source_train_normal_0184_noAttribute.wav,in_support,amplitude_modulation,0.9020302295684814
ToyCar/train/section_00_source_train_normal_0185_noAttribute.wav,in_support,frequency_modulation,0.992729902267456
ToyCar/train/section_00_source_train_normal_0186_noAttribute.wav,in_support,amplitude_modulation,0.9675840735435486
ToyCar/train/section_00_source_train_normal_0187_noAttribute.wav,in_support,periodic_resonance,0.9956353902816772
ToyCar/train/section_00_source_train_normal_0188_noAttribute.wav,in_support,periodic_resonance,0.9985722303390503
ToyCar/train/section_00_source_train_normal_0189_noAttribute.wav,in_support,amplitude_modulation,0.9682239890098572
ToyCar/train/section_00_source_train_normal_0190_noAttribute.wav,in_support,periodic_resonance,0.9702697992324829
ToyCar/train/section_00_source_train_normal_0191_noAttribute.wav,in_support,amplitude_modulation,0.924565315246582
ToyCar/train/section_00_source_train_normal_0192_noAttribute.wav,in_support,periodic_resonance,0.9654700756072998
ToyCar/train/section_00_source_train_normal_0193_noAttribute.wav,in_support,periodic_resonance,0.9826225638389587
ToyCar/train/section_00_source_train_normal_0194_noAttribute.wav,in_support,frequency_modulation,0.7298728227615356
ToyCar/train/section_00_source_train_normal_0195_noAttribute.wav,in_support,frequency_modulation,0.8899078369140625
ToyCar/train/section_00_source_train_normal_0196_noAttribute.wav,in_support,amplitude_modulation,0.9778461456298828
ToyCar/train/section_00_source_train_normal_0197_noAttribute.wav,in_support,amplitude_modulation,0.8939749002456665
ToyCar/train/section_00_source_train_normal_0198_noAttribute.wav,in_support,periodic_resonance,0.890874445438385
ToyCar/train/section_00_source_train_normal_0199_noAttribute.wav,in_support,periodic_resonance,0.9918627142906189
ToyCar/train/section_00_source_train_normal_0200_noAttribute.wav,in_support,frequency_modulation,0.9215024709701538
ToyCar/train/section_00_source_train_normal_0201_noAttribute.wav,in_support,amplitude_modulation,0.741184651851654
ToyCar/train/section_00_source_train_normal_0202_noAttribute.wav,in_support,periodic_resonance,0.966810941696167
ToyCar/train/section_00_source_train_normal_0203_noAttribute.wav,in_support,amplitude_modulation,0.8319835066795349
ToyCar/train/section_00_source_train_normal_0204_noAttribute.wav,in_support,amplitude_modulation,0.7594212889671326
ToyCar/train/section_00_source_train_normal_0205_noAttribute.wav,in_support,frequency_modulation,0.98676997423172
ToyCar/train/section_00_source_train_normal_0206_noAttribute.wav,in_support,periodic_resonance,0.9961915612220764
ToyCar/train/section_00_source_train_normal_0207_noAttribute.wav,in_support,frequency_modulation,0.9691063165664673
ToyCar/train/section_00_source_train_normal_0208_noAttribute.wav,in_support,frequency_modulation,0.9868959188461304
ToyCar/train/section_00_source_train_normal_0209_noAttribute.wav,in_support,amplitude_modulation,0.8242155313491821
ToyCar/train/section_00_source_train_normal_0210_noAttribute.wav,in_support,amplitude_modulation,0.9304845929145813
ToyCar/train/section_00_source_train_normal_0211_noAttribute.wav,in_support,periodic_resonance,0.9996609091758728
ToyCar/train/section_00_source_train_normal_0212_noAttribute.wav,in_support,amplitude_modulation,0.8126674294471741
ToyCar/train/section_00_source_train_normal_0213_noAttribute.wav,in_support,amplitude_modulation,0.9426711201667786
ToyCar/train/section_00_source_train_normal_0214_noAttribute.wav,in_support,frequency_modulation,0.9865604639053345
ToyCar/train/section_00_source_train_normal_0215_noAttribute.wav,in_support,periodic_resonance,0.7132167220115662
ToyCar/train/section_00_source_train_normal_0216_noAttribute.wav,in_support,frequency_modulation,0.9444614052772522
ToyCar/train/section_00_source_train_normal_0217_noAttribute.wav,in_support,amplitude_modulation,0.9485286474227905
ToyCar/train/section_00_source_train_normal_0218_noAttribute.wav,in_support,amplitude_modulation,0.9590688943862915
ToyCar/train/section_00_source_train_normal_0219_noAttribute.wav,in_support,amplitude_modulation,0.9617428779602051
ToyCar/train/section_00_source_train_normal_0220_noAttribute.wav,in_support,frequency_modulation,0.96047443151474
ToyCar/train/section_00_source_train_normal_0221_noAttribute.wav,in_support,frequency_modulation,0.9897716045379639
ToyCar/train/section_00_source_train_normal_0222_noAttribute.wav,in_support,frequency_modulation,0.9918158650398254
ToyCar/train/section_00_source_train_normal_0223_noAttribute.wav,in_support,amplitude_modulation,0.9865521788597107
ToyCar/train/section_00_source_train_normal_0224_noAttribute.wav,in_support,amplitude_modulation,0.863470196723938
ToyCar/train/section_00_source_train_normal_0225_noAttribute.wav,in_support,periodic_resonance,0.9680343866348267
ToyCar/train/section_00_source_train_normal_0226_noAttribute.wav,in_support,amplitude_modulation,0.9226422309875488
ToyCar/train/section_00_source_train_normal_0227_noAttribute.wav,in_support,amplitude_modulation,0.9755698442459106
ToyCar/train/section_00_source_train_normal_0228_noAttribute.wav,in_support,frequency_modulation,0.9363183975219727
ToyCar/train/section_00_source_train_normal_0229_noAttribute.wav,in_support,amplitude_modulation,0.9935014843940735
ToyCar/train/section_00_source_train_normal_0230_noAttribute.wav,in_support,frequency_modulation,0.9777320027351379
ToyCar/train/section_00_source_train_normal_0231_noAttribute.wav,in_support,amplitude_modulation,0.9809494018554688
ToyCar/train/section_00_source_train_normal_0232_noAttribute.wav,in_support,periodic_resonance,0.9462658166885376
ToyCar/train/section_00_source_train_normal_0233_noAttribute.wav,in_support,amplitude_modulation,0.8162503838539124
ToyCar/train/section_00_source_train_normal_0234_noAttribute.wav,in_support,periodic_resonance,0.837228000164032
ToyCar/train/section_00_source_train_normal_0235_noAttribute.wav,in_support,periodic_resonance,0.9980430603027344
ToyCar/train/section_00_source_train_normal_0236_noAttribute.wav,in_support,periodic_resonance,0.9959109425544739
ToyCar/train/section_00_source_train_normal_0237_noAttribute.wav,in_support,amplitude_modulation,0.9555172324180603
ToyCar/train/section_00_source_train_normal_0238_noAttribute.wav,in_support,periodic_resonance,0.9721231460571289
ToyCar/train/section_00_source_train_normal_0239_noAttribute.wav,in_support,frequency_modulation,0.9732977747917175
ToyCar/train/section_00_source_train_normal_0240_noAttribute.wav,in_support,periodic_resonance,0.9442819356918335
ToyCar/train/section_00_source_train_normal_0241_noAttribute.wav,in_support,amplitude_modulation,0.9304330945014954
ToyCar/train/section_00_source_train_normal_0242_noAttribute.wav,in_support,periodic_resonance,0.9568206071853638
ToyCar/train/section_00_source_train_normal_0243_noAttribute.wav,in_support,periodic_resonance,0.9915688633918762
ToyCar/train/section_00_source_train_normal_0244_noAttribute.wav,in_support,amplitude_modulation,0.8743707537651062
ToyCar/train/section_00_source_train_normal_0245_noAttribute.wav,in_support,amplitude_modulation,0.7951735258102417
ToyCar/train/section_00_source_train_normal_0246_noAttribute.wav,in_support,periodic_resonance,0.9651567339897156
ToyCar/train/section_00_source_train_normal_0247_noAttribute.wav,in_support,amplitude_modulation,0.8697338700294495
ToyCar/train/section_00_source_train_normal_0248_noAttribute.wav,in_support,frequency_modulation,0.9890103936195374
ToyCar/train/section_00_source_train_normal_0249_noAttribute.wav,in_support,frequency_modulation,0.9780203700065613
ToyCar/train/section_00_source_train_normal_0250_noAttribute.wav,in_support,frequency_modulation,0.8604057431221008
ToyCar/train/section_00_source_train_normal_0251_noAttribute.wav,in_support,amplitude_modulation,0.9340941905975342
ToyCar/train/section_00_source_train_normal_0252_noAttribute.wav,in_support,frequency_modulation,0.9943528175354004
ToyCar/train/section_00_source_train_normal_0253_noAttribute.wav,in_support,frequency_modulation,0.957040011882782
ToyCar/train/section_00_source_train_normal_0254_noAttribute.wav,in_support,periodic_resonance,0.969507098197937
ToyCar/train/section_00_source_train_normal_0255_noAttribute.wav,in_support,periodic_resonance,0.9642661213874817
ToyCar/train/section_00_source_train_normal_0256_noAttribute.wav,in_support,frequency_modulation,0.9876972436904907
ToyCar/train/section_00_source_train_normal_0257_noAttribute.wav,in_support,frequency_modulation,0.9748510718345642
ToyCar/train/section_00_source_train_normal_0258_noAttribute.wav,in_support,frequency_modulation,0.9714516401290894
ToyCar/train/section_00_source_train_normal_0259_noAttribute.wav,in_support,amplitude_modulation,0.9268090128898621
ToyCar/train/section_00_source_train_normal_0260_noAttribute.wav,in_support,periodic_resonance,0.9576159119606018
ToyCar/train/section_00_source_train_normal_0261_noAttribute.wav,in_support,periodic_resonance,0.864568829536438
ToyCar/train/section_00_source_train_normal_0262_noAttribute.wav,in_support,frequency_modulation,0.9455673694610596
ToyCar/train/section_00_source_train_normal_0263_noAttribute.wav,in_support,amplitude_modulation,0.9528801441192627
ToyCar/train/section_00_source_train_normal_0264_noAttribute.wav,in_support,amplitude_modulation,0.9876754879951477
ToyCar/train/section_00_source_train_normal_0265_noAttribute.wav,in_support,frequency_modulation,0.9907293319702148
ToyCar/train/section_00_source_train_normal_0266_noAttribute.wav,in_support,periodic_resonance,0.9264217019081116
ToyCar/train/section_00_source_train_normal_0267_noAttribute.wav,in_support,frequency_modulation,0.9816588759422302
ToyCar/train/section_00_source_train_normal_0268_noAttribute.wav,in_support,amplitude_modulation,0.9108249545097351
ToyCar/train/section_00_source_train_normal_0269_noAttribute.wav,in_support,frequency_modulation,0.9652040004730225
ToyCar/train/section_00_source_train_normal_0270_noAttribute.wav,in_support,frequency_modulation,0.8241751790046692
ToyCar/train/section_00_source_train_normal_0271_noAttribute.wav,in_support,amplitude_modulation,0.9470118880271912
ToyCar/train/section_00_source_train_normal_0272_noAttribute.wav,in_support,periodic_resonance,0.9966939687728882
ToyCar/train/section_00_source_train_normal_0273_noAttribute.wav,in_support,amplitude_modulation,0.9464627504348755
ToyCar/train/section_00_source_train_normal_0274_noAttribute.wav,in_support,periodic_resonance,0.9328798651695251
ToyCar/train/section_00_source_train_normal_0275_noAttribute.wav,in_support,amplitude_modulation,0.8045787215232849
ToyCar/train/section_00_source_train_normal_0276_noAttribute.wav,in_support,frequency_modulation,0.9217680096626282
ToyCar/train/section_00_source_train_normal_0277_noAttribute.wav,in_support,periodic_resonance,0.978699266910553
ToyCar/train/section_00_source_train_normal_0278_noAttribute.wav,in_support,amplitude_modulation,0.7753967046737671
ToyCar/train/section_00_source_train_normal_0279_noAttribute.wav,in_support,frequency_modulation,0.8826072216033936
ToyCar/train/section_00_source_train_normal_0280_noAttribute.wav,in_support,periodic_resonance,0.9975764751434326
ToyCar/train/section_00_source_train_normal_0281_noAttribute.wav,in_support,periodic_resonance,0.9418274164199829
ToyCar/train/section_00_source_train_normal_0282_noAttribute.wav,in_support,amplitude_modulation,0.5347645878791809
ToyCar/train/section_00_source_train_normal_0283_noAttribute.wav,in_support,periodic_resonance,0.982832133769989
ToyCar/train/section_00_source_train_normal_0284_noAttribute.wav,in_support,amplitude_modulation,0.7047824263572693
ToyCar/train/section_00_source_train_normal_0285_noAttribute.wav,in_support,periodic_resonance,0.6896677017211914
ToyCar/train/section_00_source_train_normal_0286_noAttribute.wav,in_support,amplitude_modulation,0.9421753883361816
ToyCar/train/section_00_source_train_normal_0287_noAttribute.wav,in_support,periodic_resonance,0.9788504242897034
ToyCar/train/section_00_source_train_normal_0288_noAttribute.wav,in_support,periodic_resonance,0.9773198962211609
ToyCar/train/section_00_source_train_normal_0289_noAttribute.wav,in_support,frequency_modulation,0.8883552551269531
ToyCar/train/section_00_source_train_normal_0290_noAttribute.wav,in_support,periodic_resonance,0.9140996336936951
ToyCar/train/section_00_source_train_normal_0291_noAttribute.wav,in_support,periodic_resonance,0.9170220494270325
ToyCar/train/section_00_source_train_normal_0292_noAttribute.wav,in_support,frequency_modulation,0.9392018914222717
ToyCar/train/section_00_source_train_normal_0293_noAttribute.wav,in_support,periodic_resonance,0.9741964936256409
ToyCar/train/section_00_source_train_normal_0294_noAttribute.wav,in_support,frequency_modulation,0.9882073998451233
ToyCar/train/section_00_source_train_normal_0295_noAttribute.wav,in_support,frequency_modulation,0.9998047351837158
ToyCar/train/section_00_source_train_normal_0296_noAttribute.wav,in_support,frequency_modulation,0.9987115263938904
ToyCar/train/section_00_source_train_normal_0297_noAttribute.wav,in_support,amplitude_modulation,0.9546683430671692
ToyCar/train/section_00_source_train_normal_0298_noAttribute.wav,in_support,periodic_resonance,0.9981243014335632
ToyCar/train/section_00_source_train_normal_0299_noAttribute.wav,in_support,frequency_modulation,0.97871333360672
ToyCar/train/section_00_source_train_normal_0300_noAttribute.wav,in_support,periodic_resonance,0.9893658757209778
ToyCar/train/section_00_source_train_normal_0301_noAttribute.wav,in_support,amplitude_modulation,0.9124504923820496
ToyCar/train/section_00_source_train_normal_0302_noAttribute.wav,in_support,frequency_modulation,0.8463394641876221
ToyCar/train/section_00_source_train_normal_0303_noAttribute.wav,in_support,frequency_modulation,0.9503079652786255
ToyCar/train/section_00_source_train_normal_0304_noAttribute.wav,in_support,amplitude_modulation,0.9702141880989075
ToyCar/train/section_00_source_train_normal_0305_noAttribute.wav,in_support,amplitude_modulation,0.8798452019691467
ToyCar/train/section_00_source_train_normal_0306_noAttribute.wav,in_support,periodic_resonance,0.9962679147720337
ToyCar/train/section_00_source_train_normal_0307_noAttribute.wav,in_support,frequency_modulation,0.9632521271705627
ToyCar/train/section_00_source_train_normal_0308_noAttribute.wav,in_support,periodic_resonance,0.8544332385063171
ToyCar/train/section_00_source_train_normal_0309_noAttribute.wav,in_support,periodic_resonance,0.7042192816734314
ToyCar/train/section_00_source_train_normal_0310_noAttribute.wav,in_support,amplitude_modulation,0.9333942532539368
ToyCar/train/section_00_source_train_normal_0311_noAttribute.wav,in_support,periodic_resonance,0.9817938208580017
ToyCar/train/section_00_source_train_normal_0312_noAttribute.wav,in_support,amplitude_modulation,0.9440954327583313
ToyCar/train/section_00_source_train_normal_0313_noAttribute.wav,in_support,periodic_resonance,0.9968921542167664
ToyCar/train/section_00_source_train_normal_0314_noAttribute.wav,in_support,periodic_resonance,0.9743752479553223
ToyCar/train/section_00_source_train_normal_0315_noAttribute.wav,in_support,frequency_modulation,0.987213671207428
ToyCar/train/section_00_source_train_normal_0316_noAttribute.wav,in_support,frequency_modulation,0.956582248210907
ToyCar/train/section_00_source_train_normal_0317_noAttribute.wav,in_support,periodic_resonance,0.9039556384086609
ToyCar/train/section_00_source_train_normal_0318_noAttribute.wav,in_support,frequency_modulation,0.815179705619812
ToyCar/train/section_00_source_train_normal_0319_noAttribute.wav,in_support,frequency_modulation,0.9782118201255798
ToyCar/train/section_00_source_train_normal_0320_noAttribute.wav,in_support,periodic_resonance,0.9928450584411621
ToyCar/train/section_00_source_train_normal_0321_noAttribute.wav,in_support,amplitude_modulation,0.9613174796104431
ToyCar/train/section_00_source_train_normal_0322_noAttribute.wav,in_support,periodic_resonance,0.9522910714149475
ToyCar/train/section_00_source_train_normal_0323_noAttribute.wav,in_support,frequency_modulation,0.9949249625205994
ToyCar/train/section_00_source_train_normal_0324_noAttribute.wav,in_support,amplitude_modulation,0.7797172665596008
ToyCar/train/section_00_source_train_normal_0325_noAttribute.wav,in_support,amplitude_modulation,0.9322195053100586
ToyCar/train/section_00_source_train_normal_0326_noAttribute.wav,in_support,frequency_modulation,0.9963166117668152
ToyCar/train/section_00_source_train_normal_0327_noAttribute.wav,in_support,periodic_resonance,0.9685386419296265
ToyCar/train/section_00_source_train_normal_0328_noAttribute.wav,in_support,periodic_resonance,0.5319435000419617
ToyCar/train/section_00_source_train_normal_0329_noAttribute.wav,in_support,periodic_resonance,0.9813219904899597
ToyCar/train/section_00_source_train_normal_0330_noAttribute.wav,in_support,frequency_modulation,0.8352250456809998
ToyCar/train/section_00_source_train_normal_0331_noAttribute.wav,in_support,frequency_modulation,0.9768698811531067
ToyCar/train/section_00_source_train_normal_0332_noAttribute.wav,in_support,amplitude_modulation,0.9538924694061279
ToyCar/train/section_00_source_train_normal_0333_noAttribute.wav,in_support,frequency_modulation,0.8027280569076538
ToyCar/train/section_00_source_train_normal_0334_noAttribute.wav,in_support,frequency_modulation,0.963659405708313
ToyCar/train/section_00_source_train_normal_0335_noAttribute.wav,in_support,periodic_resonance,0.9518688917160034
ToyCar/train/section_00_source_train_normal_0336_noAttribute.wav,in_support,amplitude_modulation,0.9606645107269287
ToyCar/train/section_00_source_train_normal_0337_noAttribute.wav,in_support,frequency_modulation,0.9864067435264587
ToyCar/train/section_00_source_train_normal_0338_noAttribute.wav,in_support,amplitude_modulation,0.8600297570228577
ToyCar/train/section_00_source_train_normal_0339_noAttribute.wav,in_support,amplitude_modulation,0.9627835750579834
ToyCar/train/section_00_source_train_normal_0340_noAttribute.wav,in_support,periodic_resonance,0.9187134504318237
ToyCar/train/section_00_source_train_normal_0341_noAttribute.wav,in_support,periodic_resonance,0.9869879484176636
ToyCar/train/section_00_source_train_normal_0342_noAttribute.wav,in_support,frequency_modulation,0.7544423937797546
ToyCar/train/section_00_source_train_normal_0343_noAttribute.wav,in_support,amplitude_modulation,0.9747499227523804
ToyCar/train/section_00_source_train_normal_0344_noAttribute.wav,in_support,amplitude_modulation,0.945432722568512
ToyCar/train/section_00_source_train_normal_0345_noAttribute.wav,in_support,periodic_resonance,0.9445525407791138
ToyCar/train/section_00_source_train_normal_0346_noAttribute.wav,in_support,periodic_resonance,0.958900511264801
ToyCar/train/section_00_source_train_normal_0347_noAttribute.wav,in_support,amplitude_modulation,0.9129508137702942
ToyCar/train/section_00_source_train_normal_0348_noAttribute.wav,in_support,frequency_modulation,0.858193576335907
ToyCar/train/section_00_source_train_normal_0349_noAttribute.wav,in_support,frequency_modulation,0.859701931476593
ToyCar/train/section_00_source_train_normal_0350_noAttribute.wav,in_support,periodic_resonance,0.9432627558708191
ToyCar/train/section_00_source_train_normal_0351_noAttribute.wav,in_support,frequency_modulation,0.9839196801185608
ToyCar/train/section_00_source_train_normal_0352_noAttribute.wav,in_support,amplitude_modulation,0.8340734243392944
ToyCar/train/section_00_source_train_normal_0353_noAttribute.wav,in_support,frequency_modulation,0.951519787311554
ToyCar/train/section_00_source_train_normal_0354_noAttribute.wav,in_support,amplitude_modulation,0.9511002898216248
ToyCar/train/section_00_source_train_normal_0355_noAttribute.wav,in_support,frequency_modulation,0.9263215065002441
ToyCar/train/section_00_source_train_normal_0356_noAttribute.wav,in_support,frequency_modulation,0.768848717212677
ToyCar/train/section_00_source_train_normal_0357_noAttribute.wav,in_support,frequency_modulation,0.9928440451622009
ToyCar/train/section_00_source_train_normal_0358_noAttribute.wav,in_support,frequency_modulation,0.9590948820114136
ToyCar/train/section_00_source_train_normal_0359_noAttribute.wav,in_support,periodic_resonance,0.9897999167442322
ToyCar/train/section_00_source_train_normal_0360_noAttribute.wav,in_support,periodic_resonance,0.9890174269676208
ToyCar/train/section_00_source_train_normal_0361_noAttribute.wav,in_support,amplitude_modulation,0.7136527895927429
ToyCar/train/section_00_source_train_normal_0362_noAttribute.wav,in_support,periodic_resonance,0.8282380700111389
ToyCar/train/section_00_source_train_normal_0363_noAttribute.wav,in_support,amplitude_modulation,0.773323118686676
ToyCar/train/section_00_source_train_normal_0364_noAttribute.wav,in_support,amplitude_modulation,0.8518863916397095
ToyCar/train/section_00_source_train_normal_0365_noAttribute.wav,in_support,amplitude_modulation,0.8522267937660217
ToyCar/train/section_00_source_train_normal_0366_noAttribute.wav,in_support,amplitude_modulation,0.8440052270889282
ToyCar/train/section_00_source_train_normal_0367_noAttribute.wav,in_support,amplitude_modulation,0.9976309537887573
ToyCar/train/section_00_source_train_normal_0368_noAttribute.wav,in_support,amplitude_modulation,0.9909374713897705
ToyCar/train/section_00_source_train_normal_0369_noAttribute.wav,in_support,frequency_modulation,0.9493343830108643
ToyCar/train/section_00_source_train_normal_0370_noAttribute.wav,in_support,periodic_resonance,0.9505466818809509
ToyCar/train/section_00_source_train_normal_0371_noAttribute.wav,in_support,amplitude_modulation,0.9919660687446594
ToyCar/train/section_00_source_train_normal_0372_noAttribute.wav,in_support,amplitude_modulation,0.8989269137382507
ToyCar/train/section_00_source_train_normal_0373_noAttribute.wav,in_support,amplitude_modulation,0.9918171763420105
ToyCar/train/section_00_source_train_normal_0374_noAttribute.wav,in_support,periodic_resonance,0.9731760025024414
ToyCar/train/section_00_source_train_normal_0375_noAttribute.wav,in_support,frequency_modulation,0.8918061256408691
ToyCar/train/section_00_source_train_normal_0376_noAttribute.wav,in_support,amplitude_modulation,0.8634015917778015
ToyCar/train/section_00_source_train_normal_0377_noAttribute.wav,in_support,amplitude_modulation,0.973310649394989
ToyCar/train/section_00_source_train_normal_0378_noAttribute.wav,in_support,amplitude_modulation,0.9623772501945496
ToyCar/train/section_00_source_train_normal_0379_noAttribute.wav,in_support,frequency_modulation,0.9801623821258545
ToyCar/train/section_00_source_train_normal_0380_noAttribute.wav,in_support,periodic_resonance,0.8118082880973816
ToyCar/train/section_00_source_train_normal_0381_noAttribute.wav,in_support,periodic_resonance,0.7372417449951172
ToyCar/train/section_00_source_train_normal_0382_noAttribute.wav,in_support,periodic_resonance,0.8421403169631958
ToyCar/train/section_00_source_train_normal_0383_noAttribute.wav,in_support,frequency_modulation,0.6472564935684204
ToyCar/train/section_00_source_train_normal_0384_noAttribute.wav,in_support,amplitude_modulation,0.7584106922149658
ToyCar/train/section_00_source_train_normal_0385_noAttribute.wav,in_support,frequency_modulation,0.9523116946220398
ToyCar/train/section_00_source_train_normal_0386_noAttribute.wav,in_support,periodic_resonance,0.9845774173736572
ToyCar/train/section_00_source_train_normal_0387_noAttribute.wav,in_support,frequency_modulation,0.9647420644760132
ToyCar/train/section_00_source_train_normal_0388_noAttribute.wav,in_support,frequency_modulation,0.7529224157333374
ToyCar/train/section_00_source_train_normal_0389_noAttribute.wav,in_support,amplitude_modulation,0.9418914914131165
ToyCar/train/section_00_source_train_normal_0390_noAttribute.wav,in_support,frequency_modulation,0.7789050340652466
ToyCar/train/section_00_source_train_normal_0391_noAttribute.wav,in_support,amplitude_modulation,0.8074905276298523
ToyCar/train/section_00_source_train_normal_0392_noAttribute.wav,in_support,amplitude_modulation,0.9944865107536316
ToyCar/train/section_00_source_train_normal_0393_noAttribute.wav,in_support,periodic_resonance,0.9836524724960327
ToyCar/train/section_00_source_train_normal_0394_noAttribute.wav,in_support,amplitude_modulation,0.9781398177146912
ToyCar/train/section_00_source_train_normal_0395_noAttribute.wav,in_support,amplitude_modulation,0.8630273938179016
ToyCar/train/section_00_source_train_normal_0396_noAttribute.wav,in_support,periodic_resonance,0.9975098967552185
ToyCar/train/section_00_source_train_normal_0397_noAttribute.wav,in_support,frequency_modulation,0.9716713428497314
ToyCar/train/section_00_source_train_normal_0398_noAttribute.wav,in_support,amplitude_modulation,0.9251192808151245
ToyCar/train/section_00_source_train_normal_0399_noAttribute.wav,in_support,amplitude_modulation,0.9803043007850647
ToyCar/train/section_00_source_train_normal_0400_noAttribute.wav,in_support,periodic_resonance,0.9769843816757202
ToyCar/train/section_00_source_train_normal_0401_noAttribute.wav,in_support,amplitude_modulation,0.9702915549278259
ToyCar/train/section_00_source_train_normal_0402_noAttribute.wav,in_support,frequency_modulation,0.8563883304595947
ToyCar/train/section_00_source_train_normal_0403_noAttribute.wav,in_support,frequency_modulation,0.9403234124183655
ToyCar/train/section_00_source_train_normal_0404_noAttribute.wav,in_support,frequency_modulation,0.9731921553611755
ToyCar/train/section_00_source_train_normal_0405_noAttribute.wav,in_support,periodic_resonance,0.9597452878952026
ToyCar/train/section_00_source_train_normal_0406_noAttribute.wav,in_support,frequency_modulation,0.8718426823616028
ToyCar/train/section_00_source_train_normal_0407_noAttribute.wav,in_support,amplitude_modulation,0.9986832737922668
ToyCar/train/section_00_source_train_normal_0408_noAttribute.wav,in_support,frequency_modulation,0.9655846953392029
ToyCar/train/section_00_source_train_normal_0409_noAttribute.wav,in_support,frequency_modulation,0.9655320048332214
ToyCar/train/section_00_source_train_normal_0410_noAttribute.wav,in_support,frequency_modulation,0.9891568422317505
ToyCar/train/section_00_source_train_normal_0411_noAttribute.wav,in_support,frequency_modulation,0.9806100726127625
ToyCar/train/section_00_source_train_normal_0412_noAttribute.wav,in_support,frequency_modulation,0.9133850932121277
ToyCar/train/section_00_source_train_normal_0413_noAttribute.wav,in_support,amplitude_modulation,0.9047620892524719
ToyCar/train/section_00_source_train_normal_0414_noAttribute.wav,in_support,periodic_resonance,0.9999831914901733
ToyCar/train/section_00_source_train_normal_0415_noAttribute.wav,in_support,periodic_resonance,0.9892722964286804
ToyCar/train/section_00_source_train_normal_0416_noAttribute.wav,in_support,periodic_resonance,0.9515149593353271
ToyCar/train/section_00_source_train_normal_0417_noAttribute.wav,in_support,periodic_resonance,0.953911304473877
ToyCar/train/section_00_source_train_normal_0418_noAttribute.wav,in_support,periodic_resonance,0.9747728109359741
ToyCar/train/section_00_source_train_normal_0419_noAttribute.wav,in_support,periodic_resonance,0.9586111903190613
ToyCar/train/section_00_source_train_normal_0420_noAttribute.wav,in_support,frequency_modulation,0.9883298277854919
ToyCar/train/section_00_source_train_normal_0421_noAttribute.wav,in_support,amplitude_modulation,0.8005462288856506
ToyCar/train/section_00_source_train_normal_0422_noAttribute.wav,in_support,frequency_modulation,0.9728633761405945
ToyCar/train/section_00_source_train_normal_0423_noAttribute.wav,in_support,amplitude_modulation,0.9711467027664185
ToyCar/train/section_00_source_train_normal_0424_noAttribute.wav,in_support,periodic_resonance,0.9053396582603455
ToyCar/train/section_00_source_train_normal_0425_noAttribute.wav,in_support,periodic_resonance,0.9779529571533203
ToyCar/train/section_00_source_train_normal_0426_noAttribute.wav,in_support,periodic_resonance,0.9664852619171143
ToyCar/train/section_00_source_train_normal_0427_noAttribute.wav,in_support,frequency_modulation,0.9946821331977844
ToyCar/train/section_00_source_train_normal_0428_noAttribute.wav,in_support,amplitude_modulation,0.9684571027755737
ToyCar/train/section_00_source_train_normal_0429_noAttribute.wav,in_support,amplitude_modulation,0.8136745095252991
ToyCar/train/section_00_source_train_normal_0430_noAttribute.wav,in_support,periodic_resonance,0.7363021969795227
ToyCar/train/section_00_source_train_normal_0431_noAttribute.wav,in_support,amplitude_modulation,0.9642926454544067
ToyCar/train/section_00_source_train_normal_0432_noAttribute.wav,in_support,frequency_modulation,0.8916615843772888
ToyCar/train/section_00_source_train_normal_0433_noAttribute.wav,in_support,periodic_resonance,0.9920875430107117
ToyCar/train/section_00_source_train_normal_0434_noAttribute.wav,in_support,periodic_resonance,0.9619660377502441
ToyCar/train/section_00_source_train_normal_0435_noAttribute.wav,in_support,periodic_resonance,0.5519034266471863
ToyCar/train/section_00_source_train_normal_0436_noAttribute.wav,in_support,periodic_resonance,0.9900819063186646
ToyCar/train/section_00_source_train_normal_0437_noAttribute.wav,in_support,periodic_resonance,0.9769600033760071
ToyCar/train/section_00_source_train_normal_0438_noAttribute.wav,in_support,amplitude_modulation,0.9533841609954834
ToyCar/train/section_00_source_train_normal_0439_noAttribute.wav,in_support,amplitude_modulation,0.8134782314300537
ToyCar/train/section_00_source_train_normal_0440_noAttribute.wav,in_support,frequency_modulation,0.9446821808815002
ToyCar/train/section_00_source_train_normal_0441_noAttribute.wav,in_support,amplitude_modulation,0.9741856455802917
ToyCar/train/section_00_source_train_normal_0442_noAttribute.wav,in_support,periodic_resonance,0.9000996351242065
ToyCar/train/section_00_source_train_normal_0443_noAttribute.wav,in_support,frequency_modulation,0.9822244644165039
ToyCar/train/section_00_source_train_normal_0444_noAttribute.wav,in_support,periodic_resonance,0.993060827255249
ToyCar/train/section_00_source_train_normal_0445_noAttribute.wav,in_support,amplitude_modulation,0.910739004611969
ToyCar/train/section_00_source_train_normal_0446_noAttribute.wav,in_support,frequency_modulation,0.9880489706993103
ToyCar/train/section_00_source_train_normal_0447_noAttribute.wav,in_support,frequency_modulation,0.9697532057762146
ToyCar/train/section_00_source_train_normal_0448_noAttribute.wav,in_support,amplitude_modulation,0.7999114394187927
ToyCar/train/section_00_source_train_normal_0449_noAttribute.wav,in_support,periodic_resonance,0.9274265170097351
ToyCar/train/section_00_source_train_normal_0450_noAttribute.wav,in_support,amplitude_modulation,0.8742278814315796
ToyCar/train/section_00_source_train_normal_0451_noAttribute.wav,in_support,frequency_modulation,0.9873946905136108
ToyCar/train/section_00_source_train_normal_0452_noAttribute.wav,in_support,amplitude_modulation,0.9745995998382568
ToyCar/train/section_00_source_train_normal_0453_noAttribute.wav,in_support,amplitude_modulation,0.9777941107749939
ToyCar/train/section_00_source_train_normal_0454_noAttribute.wav,in_support,amplitude_modulation,0.9960417151451111
ToyCar/train/section_00_source_train_normal_0455_noAttribute.wav,in_support,periodic_resonance,0.9923302531242371
ToyCar/train/section_00_source_train_normal_0456_noAttribute.wav,in_support,amplitude_modulation,0.9371381402015686
ToyCar/train/section_00_source_train_normal_0457_noAttribute.wav,in_support,frequency_modulation,0.9819763898849487
ToyCar/train/section_00_source_train_normal_0458_noAttribute.wav,in_support,frequency_modulation,0.978472113609314
ToyCar/train/section_00_source_train_normal_0459_noAttribute.wav,in_support,amplitude_modulation,0.9886804223060608
ToyCar/train/section_00_source_train_normal_0460_noAttribute.wav,in_support,amplitude_modulation,0.9999256134033203
ToyCar/train/section_00_source_train_normal_0461_noAttribute.wav,in_support,amplitude_modulation,0.9528766870498657
ToyCar/train/section_00_source_train_normal_0462_noAttribute.wav,in_support,amplitude_modulation,0.9871899485588074
ToyCar/train/section_00_source_train_normal_0463_noAttribute.wav,in_support,amplitude_modulation,0.97613924741745
ToyCar/train/section_00_source_train_normal_0464_noAttribute.wav,in_support,frequency_modulation,0.9901986122131348
ToyCar/train/section_00_source_train_normal_0465_noAttribute.wav,in_support,periodic_resonance,0.9936802387237549
ToyCar/train/section_00_source_train_normal_0466_noAttribute.wav,in_support,periodic_resonance,0.7702053785324097
ToyCar/train/section_00_source_train_normal_0467_noAttribute.wav,in_support,periodic_resonance,0.9922512173652649
ToyCar/train/section_00_source_train_normal_0468_noAttribute.wav,in_support,amplitude_modulation,0.9309304356575012
ToyCar/train/section_00_source_train_normal_0469_noAttribute.wav,in_support,amplitude_modulation,0.9777898192405701
ToyCar/train/section_00_source_train_normal_0470_noAttribute.wav,in_support,frequency_modulation,0.9075570702552795
ToyCar/train/section_00_source_train_normal_0471_noAttribute.wav,in_support,periodic_resonance,0.8584118485450745
ToyCar/train/section_00_source_train_normal_0472_noAttribute.wav,in_support,periodic_resonance,0.512288510799408
ToyCar/train/section_00_source_train_normal_0473_noAttribute.wav,in_support,frequency_modulation,0.9806698560714722
ToyCar/train/section_00_source_train_normal_0474_noAttribute.wav,in_support,amplitude_modulation,0.9043954014778137
ToyCar/train/section_00_source_train_normal_0475_noAttribute.wav,in_support,periodic_resonance,0.9713351726531982
ToyCar/train/section_00_source_train_normal_0476_noAttribute.wav,in_support,amplitude_modulation,0.9844810962677002
ToyCar/train/section_00_source_train_normal_0477_noAttribute.wav,in_support,frequency_modulation,0.9246227145195007
ToyCar/train/section_00_source_train_normal_0478_noAttribute.wav,in_support,periodic_resonance,0.8286035656929016
ToyCar/train/section_00_source_train_normal_0479_noAttribute.wav,in_support,periodic_resonance,0.9811472296714783
ToyCar/train/section_00_source_train_normal_0480_noAttribute.wav,in_support,periodic_resonance,0.998340904712677
ToyCar/train/section_00_source_train_normal_0481_noAttribute.wav,in_support,amplitude_modulation,0.7096669673919678
ToyCar/train/section_00_source_train_normal_0482_noAttribute.wav,in_support,frequency_modulation,0.8550460338592529
ToyCar/train/section_00_source_train_normal_0483_noAttribute.wav,in_support,periodic_resonance,0.30715200304985046
ToyCar/train/section_00_source_train_normal_0484_noAttribute.wav,in_support,periodic_resonance,0.9898091554641724
ToyCar/train/section_00_source_train_normal_0485_noAttribute.wav,in_support,periodic_resonance,0.9418659806251526
ToyCar/train/section_00_source_train_normal_0486_noAttribute.wav,in_support,frequency_modulation,0.9777523279190063
ToyCar/train/section_00_source_train_normal_0487_noAttribute.wav,in_support,periodic_resonance,0.9440496563911438
ToyCar/train/section_00_source_train_normal_0488_noAttribute.wav,in_support,amplitude_modulation,0.7940179705619812
ToyCar/train/section_00_source_train_normal_0489_noAttribute.wav,in_support,frequency_modulation,0.8490816354751587
ToyCar/train/section_00_source_train_normal_0490_noAttribute.wav,in_support,amplitude_modulation,0.8488673567771912
ToyCar/train/section_00_source_train_normal_0491_noAttribute.wav,in_support,frequency_modulation,0.9969910383224487
ToyCar/train/section_00_source_train_normal_0492_noAttribute.wav,in_support,amplitude_modulation,0.9801318049430847
ToyCar/train/section_00_source_train_normal_0493_noAttribute.wav,in_support,amplitude_modulation,0.8255017399787903
ToyCar/train/section_00_source_train_normal_0494_noAttribute.wav,in_support,frequency_modulation,0.7971866130828857
ToyCar/train/section_00_source_train_normal_0495_noAttribute.wav,in_support,amplitude_modulation,0.8734265565872192
ToyCar/train/section_00_source_train_normal_0496_noAttribute.wav,in_support,frequency_modulation,0.95926433801651
ToyCar/train/section_00_source_train_normal_0497_noAttribute.wav,in_support,periodic_resonance,0.9215220212936401
ToyCar/train/section_00_source_train_normal_0498_noAttribute.wav,in_support,periodic_resonance,0.815873384475708
ToyCar/train/section_00_source_train_normal_0499_noAttribute.wav,in_support,periodic_resonance,0.9865957498550415
ToyCar/train/section_00_source_train_normal_0500_noAttribute.wav,in_support,frequency_modulation,0.9604753851890564
ToyCar/train/section_00_source_train_normal_0501_noAttribute.wav,in_support,periodic_resonance,0.9304619431495667
ToyCar/train/section_00_source_train_normal_0502_noAttribute.wav,in_support,frequency_modulation,0.9258193969726562
ToyCar/train/section_00_source_train_normal_0503_noAttribute.wav,in_support,amplitude_modulation,0.9430255889892578
ToyCar/train/section_00_source_train_normal_0504_noAttribute.wav,in_support,amplitude_modulation,0.9336918592453003
ToyCar/train/section_00_source_train_normal_0505_noAttribute.wav,in_support,amplitude_modulation,0.8472608923912048
ToyCar/train/section_00_source_train_normal_0506_noAttribute.wav,in_support,amplitude_modulation,0.6658563017845154
ToyCar/train/section_00_source_train_normal_0507_noAttribute.wav,in_support,frequency_modulation,0.7329823970794678
ToyCar/train/section_00_source_train_normal_0508_noAttribute.wav,in_support,periodic_resonance,0.9808390140533447
ToyCar/train/section_00_source_train_normal_0509_noAttribute.wav,in_support,amplitude_modulation,0.7784541845321655
ToyCar/train/section_00_source_train_normal_0510_noAttribute.wav,in_support,amplitude_modulation,0.9121056795120239
ToyCar/train/section_00_source_train_normal_0511_noAttribute.wav,in_support,amplitude_modulation,0.9990196228027344
ToyCar/train/section_00_source_train_normal_0512_noAttribute.wav,in_support,periodic_resonance,0.7741298079490662
ToyCar/train/section_00_source_train_normal_0513_noAttribute.wav,in_support,amplitude_modulation,0.9888420701026917
ToyCar/train/section_00_source_train_normal_0514_noAttribute.wav,in_support,periodic_resonance,0.9664730429649353
ToyCar/train/section_00_source_train_normal_0515_noAttribute.wav,in_support,periodic_resonance,0.9554567337036133
ToyCar/train/section_00_source_train_normal_0516_noAttribute.wav,in_support,amplitude_modulation,0.9709811806678772
ToyCar/train/section_00_source_train_normal_0517_noAttribute.wav,in_support,amplitude_modulation,0.9712541699409485
ToyCar/train/section_00_source_train_normal_0518_noAttribute.wav,in_support,amplitude_modulation,0.9868322014808655
ToyCar/train/section_00_source_train_normal_0519_noAttribute.wav,in_support,periodic_resonance,0.9915262460708618
ToyCar/train/section_00_source_train_normal_0520_noAttribute.wav,in_support,amplitude_modulation,0.9297332763671875
ToyCar/train/section_00_source_train_normal_0521_noAttribute.wav,in_support,periodic_resonance,0.7341495752334595
ToyCar/train/section_00_source_train_normal_0522_noAttribute.wav,in_support,amplitude_modulation,0.9959691762924194
ToyCar/train/section_00_source_train_normal_0523_noAttribute.wav,in_support,amplitude_modulation,0.9196740984916687
ToyCar/train/section_00_source_train_normal_0524_noAttribute.wav,in_support,periodic_resonance,0.8759906888008118
ToyCar/train/section_00_source_train_normal_0525_noAttribute.wav,in_support,frequency_modulation,0.7327496409416199
ToyCar/train/section_00_source_train_normal_0526_noAttribute.wav,in_support,frequency_modulation,0.9290714263916016
ToyCar/train/section_00_source_train_normal_0527_noAttribute.wav,in_support,periodic_resonance,0.9706029891967773
ToyCar/train/section_00_source_train_normal_0528_noAttribute.wav,in_support,frequency_modulation,0.969488263130188
ToyCar/train/section_00_source_train_normal_0529_noAttribute.wav,in_support,amplitude_modulation,0.9233022332191467
ToyCar/train/section_00_source_train_normal_0530_noAttribute.wav,in_support,amplitude_modulation,0.9887757897377014
ToyCar/train/section_00_source_train_normal_0531_noAttribute.wav,in_support,amplitude_modulation,0.9455384016036987
ToyCar/train/section_00_source_train_normal_0532_noAttribute.wav,in_support,amplitude_modulation,0.9194434881210327
ToyCar/train/section_00_source_train_normal_0533_noAttribute.wav,in_support,periodic_resonance,0.8933020830154419
ToyCar/train/section_00_source_train_normal_0534_noAttribute.wav,in_support,amplitude_modulation,0.9661134481430054
ToyCar/train/section_00_source_train_normal_0535_noAttribute.wav,in_support,periodic_resonance,0.9809823036193848
ToyCar/train/section_00_source_train_normal_0536_noAttribute.wav,in_support,periodic_resonance,0.9931772947311401
ToyCar/train/section_00_source_train_normal_0537_noAttribute.wav,in_support,periodic_resonance,0.9935300946235657
ToyCar/train/section_00_source_train_normal_0538_noAttribute.wav,in_support,periodic_resonance,0.9698439240455627
ToyCar/train/section_00_source_train_normal_0539_noAttribute.wav,in_support,amplitude_modulation,0.9969720244407654
ToyCar/train/section_00_source_train_normal_0540_noAttribute.wav,in_support,frequency_modulation,0.7857275605201721
ToyCar/train/section_00_source_train_normal_0541_noAttribute.wav,in_support,amplitude_modulation,0.5192899107933044
ToyCar/train/section_00_source_train_normal_0542_noAttribute.wav,in_support,periodic_resonance,0.982954740524292
ToyCar/train/section_00_source_train_normal_0543_noAttribute.wav,in_support,amplitude_modulation,0.9752113223075867
ToyCar/train/section_00_source_train_normal_0544_noAttribute.wav,in_support,periodic_resonance,0.9801431894302368
ToyCar/train/section_00_source_train_normal_0545_noAttribute.wav,in_support,amplitude_modulation,0.9983635544776917
ToyCar/train/section_00_source_train_normal_0546_noAttribute.wav,in_support,amplitude_modulation,0.8564471006393433
ToyCar/train/section_00_source_train_normal_0547_noAttribute.wav,in_support,frequency_modulation,0.8781598806381226
ToyCar/train/section_00_source_train_normal_0548_noAttribute.wav,in_support,frequency_modulation,0.9820922613143921
ToyCar/train/section_00_source_train_normal_0549_noAttribute.wav,in_support,amplitude_modulation,0.9758279919624329
ToyCar/train/section_00_source_train_normal_0550_noAttribute.wav,in_support,periodic_resonance,0.9266033172607422
ToyCar/train/section_00_source_train_normal_0551_noAttribute.wav,in_support,frequency_modulation,0.7935641407966614
ToyCar/train/section_00_source_train_normal_0552_noAttribute.wav,in_support,amplitude_modulation,0.9862391948699951
ToyCar/train/section_00_source_train_normal_0553_noAttribute.wav,in_support,amplitude_modulation,0.9864695072174072
ToyCar/train/section_00_source_train_normal_0554_noAttribute.wav,in_support,periodic_resonance,0.9645938873291016
ToyCar/train/section_00_source_train_normal_0555_noAttribute.wav,in_support,periodic_resonance,0.9680718183517456
ToyCar/train/section_00_source_train_normal_0556_noAttribute.wav,in_support,periodic_resonance,0.9959577322006226
ToyCar/train/section_00_source_train_normal_0557_noAttribute.wav,in_support,frequency_modulation,0.9977269768714905
ToyCar/train/section_00_source_train_normal_0558_noAttribute.wav,in_support,periodic_resonance,0.8778682351112366
ToyCar/train/section_00_source_train_normal_0559_noAttribute.wav,in_support,amplitude_modulation,0.9954195022583008
ToyCar/train/section_00_source_train_normal_0560_noAttribute.wav,in_support,periodic_resonance,0.9247664213180542
ToyCar/train/section_00_source_train_normal_0561_noAttribute.wav,in_support,frequency_modulation,0.9927635192871094
ToyCar/train/section_00_source_train_normal_0562_noAttribute.wav,in_support,amplitude_modulation,0.9339498281478882
ToyCar/train/section_00_source_train_normal_0563_noAttribute.wav,in_support,frequency_modulation,0.9786837100982666
ToyCar/train/section_00_source_train_normal_0564_noAttribute.wav,in_support,amplitude_modulation,0.9242144823074341
ToyCar/train/section_00_source_train_normal_0565_noAttribute.wav,in_support,periodic_resonance,0.9916042685508728
ToyCar/train/section_00_source_train_normal_0566_noAttribute.wav,in_support,frequency_modulation,0.9570532441139221
ToyCar/train/section_00_source_train_normal_0567_noAttribute.wav,in_support,periodic_resonance,0.9634659290313721
ToyCar/train/section_00_source_train_normal_0568_noAttribute.wav,in_support,amplitude_modulation,0.9409167766571045
ToyCar/train/section_00_source_train_normal_0569_noAttribute.wav,in_support,frequency_modulation,0.9838743805885315
ToyCar/train/section_00_source_train_normal_0570_noAttribute.wav,in_support,amplitude_modulation,0.93194180727005
ToyCar/train/section_00_source_train_normal_0571_noAttribute.wav,in_support,amplitude_modulation,0.8647134304046631
ToyCar/train/section_00_source_train_normal_0572_noAttribute.wav,in_support,amplitude_modulation,0.8575556874275208
ToyCar/train/section_00_source_train_normal_0573_noAttribute.wav,in_support,amplitude_modulation,0.9971453547477722
ToyCar/train/section_00_source_train_normal_0574_noAttribute.wav,in_support,amplitude_modulation,0.8809992074966431
ToyCar/train/section_00_source_train_normal_0575_noAttribute.wav,in_support,periodic_resonance,0.9164191484451294
ToyCar/train/section_00_source_train_normal_0576_noAttribute.wav,in_support,frequency_modulation,0.9499432444572449
ToyCar/train/section_00_source_train_normal_0577_noAttribute.wav,in_support,amplitude_modulation,0.9326587915420532
ToyCar/train/section_00_source_train_normal_0578_noAttribute.wav,in_support,frequency_modulation,0.9727824330329895
ToyCar/train/section_00_source_train_normal_0579_noAttribute.wav,in_support,periodic_resonance,0.9795080423355103
ToyCar/train/section_00_source_train_normal_0580_noAttribute.wav,in_support,frequency_modulation,0.9806237816810608
ToyCar/train/section_00_source_train_normal_0581_noAttribute.wav,in_support,frequency_modulation,0.9902836084365845
ToyCar/train/section_00_source_train_normal_0582_noAttribute.wav,in_support,frequency_modulation,0.9320874810218811
ToyCar/train/section_00_source_train_normal_0583_noAttribute.wav,in_support,frequency_modulation,0.991709291934967
ToyCar/train/section_00_source_train_normal_0584_noAttribute.wav,in_support,periodic_resonance,0.981658935546875
ToyCar/train/section_00_source_train_normal_0585_noAttribute.wav,in_support,amplitude_modulation,0.9123059511184692
ToyCar/train/section_00_source_train_normal_0586_noAttribute.wav,in_support,frequency_modulation,0.9996671676635742
ToyCar/train/section_00_source_train_normal_0587_noAttribute.wav,in_support,periodic_resonance,0.9899061918258667
ToyCar/train/section_00_source_train_normal_0588_noAttribute.wav,in_support,periodic_resonance,0.9834315180778503
ToyCar/train/section_00_source_train_normal_0589_noAttribute.wav,in_support,frequency_modulation,0.8822152614593506
ToyCar/train/section_00_source_train_normal_0590_noAttribute.wav,in_support,frequency_modulation,0.9924651384353638
ToyCar/train/section_00_source_train_normal_0591_noAttribute.wav,in_support,frequency_modulation,0.9403752684593201
ToyCar/train/section_00_source_train_normal_0592_noAttribute.wav,in_support,frequency_modulation,0.9447861909866333
ToyCar/train/section_00_source_train_normal_0593_noAttribute.wav,in_support,amplitude_modulation,0.9979310035705566
ToyCar/train/section_00_source_train_normal_0594_noAttribute.wav,in_support,frequency_modulation,0.9762810468673706
ToyCar/train/section_00_source_train_normal_0595_noAttribute.wav,in_support,amplitude_modulation,0.9577337503433228
ToyCar/train/section_00_source_train_normal_0596_noAttribute.wav,in_support,periodic_resonance,0.9964582920074463
ToyCar/train/section_00_source_train_normal_0597_noAttribute.wav,in_support,periodic_resonance,0.7045979499816895
ToyCar/train/section_00_source_train_normal_0598_noAttribute.wav,in_support,periodic_resonance,0.951437771320343
ToyCar/train/section_00_source_train_normal_0599_noAttribute.wav,in_support,periodic_resonance,0.6182250380516052
ToyCar/train/section_00_source_train_normal_0600_noAttribute.wav,in_support,periodic_resonance,0.9999885559082031
ToyCar/train/section_00_source_train_normal_0601_noAttribute.wav,in_support,periodic_resonance,0.9452450275421143
ToyCar/train/section_00_source_train_normal_0602_noAttribute.wav,in_support,frequency_modulation,0.8133053779602051
ToyCar/train/section_00_source_train_normal_0603_noAttribute.wav,in_support,periodic_resonance,0.9864991903305054
ToyCar/train/section_00_source_train_normal_0604_noAttribute.wav,in_support,amplitude_modulation,0.911983847618103
ToyCar/train/section_00_source_train_normal_0605_noAttribute.wav,in_support,amplitude_modulation,0.9118943214416504
ToyCar/train/section_00_source_train_normal_0606_noAttribute.wav,in_support,frequency_modulation,0.9788936376571655
ToyCar/train/section_00_source_train_normal_0607_noAttribute.wav,in_support,amplitude_modulation,0.8589431643486023
ToyCar/train/section_00_source_train_normal_0608_noAttribute.wav,in_support,periodic_resonance,0.9369303584098816
ToyCar/train/section_00_source_train_normal_0609_noAttribute.wav,in_support,periodic_resonance,0.995573878288269
ToyCar/train/section_00_source_train_normal_0610_noAttribute.wav,in_support,frequency_modulation,0.9642394185066223
ToyCar/train/section_00_source_train_normal_0611_noAttribute.wav,in_support,periodic_resonance,0.9814445972442627
ToyCar/train/section_00_source_train_normal_0612_noAttribute.wav,in_support,amplitude_modulation,0.9992794394493103
ToyCar/train/section_00_source_train_normal_0613_noAttribute.wav,in_support,amplitude_modulation,0.8567934036254883
ToyCar/train/section_00_source_train_normal_0614_noAttribute.wav,in_support,periodic_resonance,0.9616190195083618
ToyCar/train/section_00_source_train_normal_0615_noAttribute.wav,in_support,periodic_resonance,0.7125508189201355
ToyCar/train/section_00_source_train_normal_0616_noAttribute.wav,in_support,frequency_modulation,0.9420517086982727
ToyCar/train/section_00_source_train_normal_0617_noAttribute.wav,in_support,frequency_modulation,0.9595340490341187
ToyCar/train/section_00_source_train_normal_0618_noAttribute.wav,in_support,frequency_modulation,0.9946781992912292
ToyCar/train/section_00_source_train_normal_0619_noAttribute.wav,in_support,frequency_modulation,0.9643479585647583
ToyCar/train/section_00_source_train_normal_0620_noAttribute.wav,in_support,amplitude_modulation,0.7467740774154663
ToyCar/train/section_00_source_train_normal_0621_noAttribute.wav,in_support,periodic_resonance,0.9744423031806946
ToyCar/train/section_00_source_train_normal_0622_noAttribute.wav,in_support,periodic_resonance,0.9980666637420654
ToyCar/train/section_00_source_train_normal_0623_noAttribute.wav,in_support,frequency_modulation,0.9410314559936523
ToyCar/train/section_00_source_train_normal_0624_noAttribute.wav,in_support,periodic_resonance,0.8285396695137024
ToyCar/train/section_00_source_train_normal_0625_noAttribute.wav,in_support,frequency_modulation,0.8812184929847717
ToyCar/train/section_00_source_train_normal_0626_noAttribute.wav,in_support,periodic_resonance,0.9620915651321411
ToyCar/train/section_00_source_train_normal_0627_noAttribute.wav,in_support,amplitude_modulation,0.8638776540756226
ToyCar/train/section_00_source_train_normal_0628_noAttribute.wav,in_support,frequency_modulation,0.9726040959358215
ToyCar/train/section_00_source_train_normal_0629_noAttribute.wav,in_support,amplitude_modulation,0.8644209504127502
ToyCar/train/section_00_source_train_normal_0630_noAttribute.wav,in_support,periodic_resonance,0.9767873883247375
ToyCar/train/section_00_source_train_normal_0631_noAttribute.wav,in_support,frequency_modulation,0.9019666910171509
ToyCar/train/section_00_source_train_normal_0632_noAttribute.wav,in_support,periodic_resonance,0.9813984632492065
ToyCar/train/section_00_source_train_normal_0633_noAttribute.wav,in_support,amplitude_modulation,0.9456074833869934
ToyCar/train/section_00_source_train_normal_0634_noAttribute.wav,in_support,frequency_modulation,0.83014976978302
ToyCar/train/section_00_source_train_normal_0635_noAttribute.wav,in_support,periodic_resonance,0.9901342988014221
ToyCar/train/section_00_source_train_normal_0636_noAttribute.wav,in_support,periodic_resonance,0.7620852589607239
ToyCar/train/section_00_source_train_normal_0637_noAttribute.wav,in_support,amplitude_modulation,0.8905353546142578
ToyCar/train/section_00_source_train_normal_0638_noAttribute.wav,in_support,amplitude_modulation,0.7860745191574097
ToyCar/train/section_00_source_train_normal_0639_noAttribute.wav,in_support,periodic_resonance,0.9778006672859192
ToyCar/train/section_00_source_train_normal_0640_noAttribute.wav,in_support,periodic_resonance,0.9978512525558472
ToyCar/train/section_00_source_train_normal_0641_noAttribute.wav,in_support,frequency_modulation,0.8425435423851013
ToyCar/train/section_00_source_train_normal_0642_noAttribute.wav,in_support,frequency_modulation,0.9485830068588257
ToyCar/train/section_00_source_train_normal_0643_noAttribute.wav,in_support,frequency_modulation,0.9903663992881775
ToyCar/train/section_00_source_train_normal_0644_noAttribute.wav,in_support,amplitude_modulation,0.940930187702179
ToyCar/train/section_00_source_train_normal_0645_noAttribute.wav,in_support,frequency_modulation,0.9701977372169495
ToyCar/train/section_00_source_train_normal_0646_noAttribute.wav,in_support,amplitude_modulation,0.7809321880340576
ToyCar/train/section_00_source_train_normal_0647_noAttribute.wav,in_support,amplitude_modulation,0.7405728101730347
ToyCar/train/section_00_source_train_normal_0648_noAttribute.wav,in_support,frequency_modulation,0.9965189099311829
ToyCar/train/section_00_source_train_normal_0649_noAttribute.wav,in_support,amplitude_modulation,0.9691069722175598
ToyCar/train/section_00_source_train_normal_0650_noAttribute.wav,in_support,periodic_resonance,0.9610560536384583
ToyCar/train/section_00_source_train_normal_0651_noAttribute.wav,in_support,frequency_modulation,0.9819011092185974
ToyCar/train/section_00_source_train_normal_0652_noAttribute.wav,in_support,frequency_modulation,0.9548994898796082
ToyCar/train/section_00_source_train_normal_0653_noAttribute.wav,in_support,frequency_modulation,0.7374410629272461
ToyCar/train/section_00_source_train_normal_0654_noAttribute.wav,in_support,amplitude_modulation,0.9481745362281799
ToyCar/train/section_00_source_train_normal_0655_noAttribute.wav,in_support,amplitude_modulation,0.9581254720687866
ToyCar/train/section_00_source_train_normal_0656_noAttribute.wav,in_support,frequency_modulation,0.9526911973953247
ToyCar/train/section_00_source_train_normal_0657_noAttribute.wav,in_support,frequency_modulation,0.9791425466537476
ToyCar/train/section_00_source_train_normal_0658_noAttribute.wav,in_support,amplitude_modulation,0.7787282466888428
ToyCar/train/section_00_source_train_normal_0659_noAttribute.wav,in_support,periodic_resonance,0.9711135625839233
ToyCar/train/section_00_source_train_normal_0660_noAttribute.wav,in_support,frequency_modulation,0.9479393362998962
ToyCar/train/section_00_source_train_normal_0661_noAttribute.wav,in_support,amplitude_modulation,0.8444109559059143
ToyCar/train/section_00_source_train_normal_0662_noAttribute.wav,in_support,frequency_modulation,0.9910829663276672
ToyCar/train/section_00_source_train_normal_0663_noAttribute.wav,in_support,frequency_modulation,0.8589230179786682
ToyCar/train/section_00_source_train_normal_0664_noAttribute.wav,in_support,frequency_modulation,0.9436536431312561
ToyCar/train/section_00_source_train_normal_0665_noAttribute.wav,in_support,periodic_resonance,0.853821337223053
ToyCar/train/section_00_source_train_normal_0666_noAttribute.wav,in_support,periodic_resonance,0.9842596650123596
ToyCar/train/section_00_source_train_normal_0667_noAttribute.wav,in_support,frequency_modulation,0.9401605129241943
ToyCar/train/section_00_source_train_normal_0668_noAttribute.wav,in_support,frequency_modulation,0.8400445580482483
ToyCar/train/section_00_source_train_normal_0669_noAttribute.wav,in_support,frequency_modulation,0.9693737030029297
ToyCar/train/section_00_source_train_normal_0670_noAttribute.wav,in_support,amplitude_modulation,0.9879645109176636
ToyCar/train/section_00_source_train_normal_0671_noAttribute.wav,in_support,periodic_resonance,0.9505351185798645
ToyCar/train/section_00_source_train_normal_0672_noAttribute.wav,in_support,amplitude_modulation,0.692925214767456
ToyCar/train/section_00_source_train_normal_0673_noAttribute.wav,in_support,periodic_resonance,0.9123969078063965
ToyCar/train/section_00_source_train_normal_0674_noAttribute.wav,in_support,periodic_resonance,0.9777947068214417
ToyCar/train/section_00_source_train_normal_0675_noAttribute.wav,in_support,amplitude_modulation,0.8101226687431335
ToyCar/train/section_00_source_train_normal_0676_noAttribute.wav,in_support,amplitude_modulation,0.9689875841140747
ToyCar/train/section_00_source_train_normal_0677_noAttribute.wav,in_support,frequency_modulation,0.9633055329322815
ToyCar/train/section_00_source_train_normal_0678_noAttribute.wav,in_support,periodic_resonance,0.990658700466156
ToyCar/train/section_00_source_train_normal_0679_noAttribute.wav,in_support,periodic_resonance,0.9879066348075867
ToyCar/train/section_00_source_train_normal_0680_noAttribute.wav,in_support,periodic_resonance,0.9935737252235413
ToyCar/train/section_00_source_train_normal_0681_noAttribute.wav,in_support,amplitude_modulation,0.9049081206321716
ToyCar/train/section_00_source_train_normal_0682_noAttribute.wav,in_support,amplitude_modulation,0.9479473829269409
ToyCar/train/section_00_source_train_normal_0683_noAttribute.wav,in_support,amplitude_modulation,0.9896272420883179
ToyCar/train/section_00_source_train_normal_0684_noAttribute.wav,in_support,periodic_resonance,0.9640592932701111
ToyCar/train/section_00_source_train_normal_0685_noAttribute.wav,in_support,periodic_resonance,0.9915357828140259
ToyCar/train/section_00_source_train_normal_0686_noAttribute.wav,in_support,periodic_resonance,0.9654090404510498
ToyCar/train/section_00_source_train_normal_0687_noAttribute.wav,in_support,periodic_resonance,0.9328800439834595
ToyCar/train/section_00_source_train_normal_0688_noAttribute.wav,in_support,periodic_resonance,0.9791437387466431
ToyCar/train/section_00_source_train_normal_0689_noAttribute.wav,in_support,amplitude_modulation,0.9436572194099426
ToyCar/train/section_00_source_train_normal_0690_noAttribute.wav,in_support,amplitude_modulation,0.9814419746398926
ToyCar/train/section_00_source_train_normal_0691_noAttribute.wav,in_support,frequency_modulation,0.9952430725097656
ToyCar/train/section_00_source_train_normal_0692_noAttribute.wav,in_support,amplitude_modulation,0.9648516178131104
ToyCar/train/section_00_source_train_normal_0693_noAttribute.wav,in_support,amplitude_modulation,0.9660270810127258
ToyCar/train/section_00_source_train_normal_0694_noAttribute.wav,in_support,frequency_modulation,0.9947808980941772
ToyCar/train/section_00_source_train_normal_0695_noAttribute.wav,in_support,amplitude_modulation,0.9798868894577026
ToyCar/train/section_00_source_train_normal_0696_noAttribute.wav,in_support,periodic_resonance,0.9976401329040527
ToyCar/train/section_00_source_train_normal_0697_noAttribute.wav,in_support,frequency_modulation,0.9805300235748291
ToyCar/train/section_00_source_train_normal_0698_noAttribute.wav,in_support,periodic_resonance,0.986348032951355
ToyCar/train/section_00_source_train_normal_0699_noAttribute.wav,in_support,frequency_modulation,0.9635370373725891
ToyCar/train/section_00_source_train_normal_0700_noAttribute.wav,in_support,frequency_modulation,0.9557315111160278
ToyCar/train/section_00_source_train_normal_0701_noAttribute.wav,in_support,periodic_resonance,0.9734348654747009
ToyCar/train/section_00_source_train_normal_0702_noAttribute.wav,in_support,periodic_resonance,0.6279900074005127
ToyCar/train/section_00_source_train_normal_0703_noAttribute.wav,in_support,amplitude_modulation,0.9594379663467407
ToyCar/train/section_00_source_train_normal_0704_noAttribute.wav,in_support,amplitude_modulation,0.93876713514328
ToyCar/train/section_00_source_train_normal_0705_noAttribute.wav,in_support,frequency_modulation,0.9966930747032166
ToyCar/train/section_00_source_train_normal_0706_noAttribute.wav,in_support,periodic_resonance,0.9731546640396118
ToyCar/train/section_00_source_train_normal_0707_noAttribute.wav,in_support,frequency_modulation,0.9727773070335388
ToyCar/train/section_00_source_train_normal_0708_noAttribute.wav,in_support,periodic_resonance,0.9922826886177063
ToyCar/train/section_00_source_train_normal_0709_noAttribute.wav,in_support,amplitude_modulation,0.9465495347976685
ToyCar/train/section_00_source_train_normal_0710_noAttribute.wav,in_support,periodic_resonance,0.925270140171051
ToyCar/train/section_00_source_train_normal_0711_noAttribute.wav,in_support,amplitude_modulation,0.8788934946060181
ToyCar/train/section_00_source_train_normal_0712_noAttribute.wav,in_support,periodic_resonance,0.9995039105415344
ToyCar/train/section_00_source_train_normal_0713_noAttribute.wav,in_support,amplitude_modulation,0.929760217666626
ToyCar/train/section_00_source_train_normal_0714_noAttribute.wav,in_support,amplitude_modulation,0.9700124263763428
ToyCar/train/section_00_source_train_normal_0715_noAttribute.wav,in_support,frequency_modulation,0.9888127446174622
ToyCar/train/section_00_source_train_normal_0716_noAttribute.wav,in_support,frequency_modulation,0.9932312965393066
ToyCar/train/section_00_source_train_normal_0717_noAttribute.wav,in_support,amplitude_modulation,0.8712835311889648
ToyCar/train/section_00_source_train_normal_0718_noAttribute.wav,in_support,periodic_resonance,0.9750019907951355
ToyCar/train/section_00_source_train_normal_0719_noAttribute.wav,in_support,amplitude_modulation,0.9836719036102295
ToyCar/train/section_00_source_train_normal_0720_noAttribute.wav,in_support,amplitude_modulation,0.928646981716156
ToyCar/train/section_00_source_train_normal_0721_noAttribute.wav,in_support,frequency_modulation,0.9537237286567688
ToyCar/train/section_00_source_train_normal_0722_noAttribute.wav,in_support,periodic_resonance,0.8895986676216125
ToyCar/train/section_00_source_train_normal_0723_noAttribute.wav,in_support,frequency_modulation,0.9911594390869141
ToyCar/train/section_00_source_train_normal_0724_noAttribute.wav,in_support,frequency_modulation,0.9996022582054138
ToyCar/train/section_00_source_train_normal_0725_noAttribute.wav,in_support,periodic_resonance,0.9447261095046997
ToyCar/train/section_00_source_train_normal_0726_noAttribute.wav,in_support,frequency_modulation,0.9556165337562561
ToyCar/train/section_00_source_train_normal_0727_noAttribute.wav,in_support,amplitude_modulation,0.7427021861076355
ToyCar/train/section_00_source_train_normal_0728_noAttribute.wav,in_support,periodic_resonance,0.8609396815299988
ToyCar/train/section_00_source_train_normal_0729_noAttribute.wav,in_support,frequency_modulation,0.9814379215240479
ToyCar/train/section_00_source_train_normal_0730_noAttribute.wav,in_support,amplitude_modulation,0.7309119701385498
ToyCar/train/section_00_source_train_normal_0731_noAttribute.wav,in_support,amplitude_modulation,0.797368049621582
ToyCar/train/section_00_source_train_normal_0732_noAttribute.wav,in_support,frequency_modulation,0.9958023428916931
ToyCar/train/section_00_source_train_normal_0733_noAttribute.wav,in_support,frequency_modulation,0.8556885123252869
ToyCar/train/section_00_source_train_normal_0734_noAttribute.wav,in_support,amplitude_modulation,0.9901924729347229
ToyCar/train/section_00_source_train_normal_0735_noAttribute.wav,in_support,amplitude_modulation,0.8926485776901245
ToyCar/train/section_00_source_train_normal_0736_noAttribute.wav,in_support,amplitude_modulation,0.9210306406021118
ToyCar/train/section_00_source_train_normal_0737_noAttribute.wav,in_support,periodic_resonance,0.9951488971710205
ToyCar/train/section_00_source_train_normal_0738_noAttribute.wav,in_support,amplitude_modulation,0.9465445876121521
ToyCar/train/section_00_source_train_normal_0739_noAttribute.wav,in_support,amplitude_modulation,0.8920143246650696
ToyCar/train/section_00_source_train_normal_0740_noAttribute.wav,in_support,periodic_resonance,0.9931473135948181
ToyCar/train/section_00_source_train_normal_0741_noAttribute.wav,in_support,frequency_modulation,0.9961497187614441
ToyCar/train/section_00_source_train_normal_0742_noAttribute.wav,in_support,amplitude_modulation,0.9846178889274597
ToyCar/train/section_00_source_train_normal_0743_noAttribute.wav,in_support,amplitude_modulation,0.983979344367981
ToyCar/train/section_00_source_train_normal_0744_noAttribute.wav,in_support,amplitude_modulation,0.9593202471733093
ToyCar/train/section_00_source_train_normal_0745_noAttribute.wav,in_support,periodic_resonance,0.9983965158462524
ToyCar/train/section_00_source_train_normal_0746_noAttribute.wav,in_support,frequency_modulation,0.9883460402488708
ToyCar/train/section_00_source_train_normal_0747_noAttribute.wav,in_support,amplitude_modulation,0.9105978608131409
ToyCar/train/section_00_source_train_normal_0748_noAttribute.wav,in_support,frequency_modulation,0.9936983585357666
ToyCar/train/section_00_source_train_normal_0749_noAttribute.wav,in_support,amplitude_modulation,0.9897692203521729
ToyCar/train/section_00_source_train_normal_0750_noAttribute.wav,in_support,amplitude_modulation,0.9221519827842712
ToyCar/train/section_00_source_train_normal_0751_noAttribute.wav,in_support,amplitude_modulation,0.9889111518859863
ToyCar/train/section_00_source_train_normal_0752_noAttribute.wav,in_support,amplitude_modulation,0.926689863204956
ToyCar/train/section_00_source_train_normal_0753_noAttribute.wav,in_support,periodic_resonance,0.9983398914337158
ToyCar/train/section_00_source_train_normal_0754_noAttribute.wav,in_support,amplitude_modulation,0.9496287703514099
ToyCar/train/section_00_source_train_normal_0755_noAttribute.wav,in_support,amplitude_modulation,0.9779610633850098
ToyCar/train/section_00_source_train_normal_0756_noAttribute.wav,in_support,frequency_modulation,0.9394450783729553
ToyCar/train/section_00_source_train_normal_0757_noAttribute.wav,in_support,frequency_modulation,0.9929288029670715
ToyCar/train/section_00_source_train_normal_0758_noAttribute.wav,in_support,amplitude_modulation,0.9995949864387512
ToyCar/train/section_00_source_train_normal_0759_noAttribute.wav,in_support,frequency_modulation,0.9623193740844727
ToyCar/train/section_00_source_train_normal_0760_noAttribute.wav,in_support,periodic_resonance,0.9847501516342163
ToyCar/train/section_00_source_train_normal_0761_noAttribute.wav,in_support,periodic_resonance,0.8321127891540527
ToyCar/train/section_00_source_train_normal_0762_noAttribute.wav,in_support,amplitude_modulation,0.9826418161392212
ToyCar/train/section_00_source_train_normal_0763_noAttribute.wav,in_support,amplitude_modulation,0.9071782231330872
ToyCar/train/section_00_source_train_normal_0764_noAttribute.wav,in_support,frequency_modulation,0.9875372052192688
ToyCar/train/section_00_source_train_normal_0765_noAttribute.wav,in_support,periodic_resonance,0.9875121712684631
ToyCar/train/section_00_source_train_normal_0766_noAttribute.wav,in_support,frequency_modulation,0.9170072078704834
ToyCar/train/section_00_source_train_normal_0767_noAttribute.wav,in_support,amplitude_modulation,0.8412483334541321
ToyCar/train/section_00_source_train_normal_0768_noAttribute.wav,in_support,periodic_resonance,0.9171890616416931
ToyCar/train/section_00_source_train_normal_0769_noAttribute.wav,in_support,frequency_modulation,0.9124356508255005
ToyCar/train/section_00_source_train_normal_0770_noAttribute.wav,in_support,amplitude_modulation,0.9734951853752136
ToyCar/train/section_00_source_train_normal_0771_noAttribute.wav,in_support,periodic_resonance,0.9664756655693054
ToyCar/train/section_00_source_train_normal_0772_noAttribute.wav,in_support,frequency_modulation,0.9968659281730652
ToyCar/train/section_00_source_train_normal_0773_noAttribute.wav,in_support,periodic_resonance,0.9272310733795166
ToyCar/train/section_00_source_train_normal_0774_noAttribute.wav,in_support,amplitude_modulation,0.9213531613349915
ToyCar/train/section_00_source_train_normal_0775_noAttribute.wav,in_support,frequency_modulation,0.9699913859367371
ToyCar/train/section_00_source_train_normal_0776_noAttribute.wav,in_support,frequency_modulation,0.9914854764938354
ToyCar/train/section_00_source_train_normal_0777_noAttribute.wav,in_support,frequency_modulation,0.9954856038093567
ToyCar/train/section_00_source_train_normal_0778_noAttribute.wav,in_support,frequency_modulation,0.8870491981506348
ToyCar/train/section_00_source_train_normal_0779_noAttribute.wav,in_support,amplitude_modulation,0.8590040802955627
ToyCar/train/section_00_source_train_normal_0780_noAttribute.wav,in_support,amplitude_modulation,0.9209797978401184
ToyCar/train/section_00_source_train_normal_0781_noAttribute.wav,in_support,amplitude_modulation,0.9212042093276978
ToyCar/train/section_00_source_train_normal_0782_noAttribute.wav,in_support,amplitude_modulation,0.9688976407051086
ToyCar/train/section_00_source_train_normal_0783_noAttribute.wav,in_support,frequency_modulation,0.9079180955886841
ToyCar/train/section_00_source_train_normal_0784_noAttribute.wav,in_support,amplitude_modulation,0.9306020736694336
ToyCar/train/section_00_source_train_normal_0785_noAttribute.wav,in_support,amplitude_modulation,0.9720059633255005
ToyCar/train/section_00_source_train_normal_0786_noAttribute.wav,in_support,periodic_resonance,0.9393295049667358
ToyCar/train/section_00_source_train_normal_0787_noAttribute.wav,in_support,amplitude_modulation,0.956189751625061
ToyCar/train/section_00_source_train_normal_0788_noAttribute.wav,in_support,frequency_modulation,0.8305208086967468
ToyCar/train/section_00_source_train_normal_0789_noAttribute.wav,in_support,frequency_modulation,0.9873799681663513
ToyCar/train/section_00_source_train_normal_0790_noAttribute.wav,in_support,amplitude_modulation,0.9248042106628418
ToyCar/train/section_00_source_train_normal_0791_noAttribute.wav,in_support,periodic_resonance,0.9440715909004211
ToyCar/train/section_00_source_train_normal_0792_noAttribute.wav,in_support,periodic_resonance,0.8981270790100098
ToyCar/train/section_00_source_train_normal_0793_noAttribute.wav,in_support,periodic_resonance,0.9862931966781616
ToyCar/train/section_00_source_train_normal_0794_noAttribute.wav,in_support,frequency_modulation,0.9671667218208313
ToyCar/train/section_00_source_train_normal_0795_noAttribute.wav,in_support,amplitude_modulation,0.9944794774055481
ToyCar/train/section_00_source_train_normal_0796_noAttribute.wav,in_support,frequency_modulation,0.9725373387336731
ToyCar/train/section_00_source_train_normal_0797_noAttribute.wav,in_support,frequency_modulation,0.9097388386726379
ToyCar/train/section_00_source_train_normal_0798_noAttribute.wav,in_support,amplitude_modulation,0.9839766621589661
ToyCar/train/section_00_source_train_normal_0799_noAttribute.wav,in_support,periodic_resonance,0.9975936412811279
ToyCar/train/section_00_source_train_normal_0800_noAttribute.wav,in_support,periodic_resonance,0.9938992857933044
ToyCar/train/section_00_source_train_normal_0801_noAttribute.wav,in_support,amplitude_modulation,0.8550435304641724
ToyCar/train/section_00_source_train_normal_0802_noAttribute.wav,in_support,frequency_modulation,0.9980877637863159
ToyCar/train/section_00_source_train_normal_0803_noAttribute.wav,in_support,amplitude_modulation,0.9718433618545532
ToyCar/train/section_00_source_train_normal_0804_noAttribute.wav,in_support,amplitude_modulation,0.7329518795013428
ToyCar/train/section_00_source_train_normal_0805_noAttribute.wav,in_support,amplitude_modulation,0.9742139577865601
ToyCar/train/section_00_source_train_normal_0806_noAttribute.wav,in_support,frequency_modulation,0.9815403819084167
ToyCar/train/section_00_source_train_normal_0807_noAttribute.wav,in_support,amplitude_modulation,0.9031127095222473
ToyCar/train/section_00_source_train_normal_0808_noAttribute.wav,in_support,amplitude_modulation,0.985084593296051
ToyCar/train/section_00_source_train_normal_0809_noAttribute.wav,in_support,frequency_modulation,0.9558281302452087
ToyCar/train/section_00_source_train_normal_0810_noAttribute.wav,in_support,frequency_modulation,0.9992128610610962
ToyCar/train/section_00_source_train_normal_0811_noAttribute.wav,in_support,periodic_resonance,0.5620954036712646
ToyCar/train/section_00_source_train_normal_0812_noAttribute.wav,in_support,amplitude_modulation,0.9906675815582275
ToyCar/train/section_00_source_train_normal_0813_noAttribute.wav,in_support,periodic_resonance,0.9355978965759277
ToyCar/train/section_00_source_train_normal_0814_noAttribute.wav,in_support,amplitude_modulation,0.9774097204208374
ToyCar/train/section_00_source_train_normal_0815_noAttribute.wav,in_support,amplitude_modulation,0.9835878610610962
ToyCar/train/section_00_source_train_normal_0816_noAttribute.wav,in_support,amplitude_modulation,0.9484705924987793
ToyCar/train/section_00_source_train_normal_0817_noAttribute.wav,in_support,amplitude_modulation,0.9750416278839111
ToyCar/train/section_00_source_train_normal_0818_noAttribute.wav,in_support,amplitude_modulation,0.9626023173332214
ToyCar/train/section_00_source_train_normal_0819_noAttribute.wav,in_support,amplitude_modulation,0.9884209632873535
ToyCar/train/section_00_source_train_normal_0820_noAttribute.wav,in_support,periodic_resonance,0.5959201455116272
ToyCar/train/section_00_source_train_normal_0821_noAttribute.wav,in_support,amplitude_modulation,0.9242749214172363
ToyCar/train/section_00_source_train_normal_0822_noAttribute.wav,in_support,frequency_modulation,0.7482139468193054
ToyCar/train/section_00_source_train_normal_0823_noAttribute.wav,in_support,amplitude_modulation,0.98142009973526
ToyCar/train/section_00_source_train_normal_0824_noAttribute.wav,in_support,amplitude_modulation,0.9499330520629883
ToyCar/train/section_00_source_train_normal_0825_noAttribute.wav,in_support,periodic_resonance,0.9644914865493774
ToyCar/train/section_00_source_train_normal_0826_noAttribute.wav,in_support,frequency_modulation,0.9776010513305664
ToyCar/train/section_00_source_train_normal_0827_noAttribute.wav,in_support,frequency_modulation,0.9913634061813354
ToyCar/train/section_00_source_train_normal_0828_noAttribute.wav,in_support,amplitude_modulation,0.9878095388412476
ToyCar/train/section_00_source_train_normal_0829_noAttribute.wav,in_support,frequency_modulation,0.9648599624633789
ToyCar/train/section_00_source_train_normal_0830_noAttribute.wav,in_support,frequency_modulation,0.9995842576026917
ToyCar/train/section_00_source_train_normal_0831_noAttribute.wav,in_support,amplitude_modulation,0.9518272876739502
ToyCar/train/section_00_source_train_normal_0832_noAttribute.wav,in_support,frequency_modulation,0.6385428309440613
ToyCar/train/section_00_source_train_normal_0833_noAttribute.wav,in_support,amplitude_modulation,0.992431104183197
ToyCar/train/section_00_source_train_normal_0834_noAttribute.wav,in_support,amplitude_modulation,0.912367582321167
ToyCar/train/section_00_source_train_normal_0835_noAttribute.wav,in_support,periodic_resonance,0.5976181626319885
ToyCar/train/section_00_source_train_normal_0836_noAttribute.wav,in_support,periodic_resonance,0.9850571751594543
ToyCar/train/section_00_source_train_normal_0837_noAttribute.wav,in_support,amplitude_modulation,0.7993907332420349
ToyCar/train/section_00_source_train_normal_0838_noAttribute.wav,in_support,amplitude_modulation,0.8145580887794495
ToyCar/train/section_00_source_train_normal_0839_noAttribute.wav,in_support,periodic_resonance,0.9704084992408752
ToyCar/train/section_00_source_train_normal_0840_noAttribute.wav,in_support,frequency_modulation,0.952191948890686
ToyCar/train/section_00_source_train_normal_0841_noAttribute.wav,in_support,frequency_modulation,0.8609577417373657
ToyCar/train/section_00_source_train_normal_0842_noAttribute.wav,in_support,periodic_resonance,0.9897015690803528
ToyCar/train/section_00_source_train_normal_0843_noAttribute.wav,in_support,periodic_resonance,0.7487757205963135
ToyCar/train/section_00_source_train_normal_0844_noAttribute.wav,in_support,amplitude_modulation,0.9760472774505615
ToyCar/train/section_00_source_train_normal_0845_noAttribute.wav,in_support,frequency_modulation,0.9945912957191467
ToyCar/train/section_00_source_train_normal_0846_noAttribute.wav,in_support,amplitude_modulation,0.9581021070480347
ToyCar/train/section_00_source_train_normal_0847_noAttribute.wav,in_support,frequency_modulation,0.969359815120697
ToyCar/train/section_00_source_train_normal_0848_noAttribute.wav,in_support,frequency_modulation,0.9283763766288757
ToyCar/train/section_00_source_train_normal_0849_noAttribute.wav,in_support,frequency_modulation,0.6294663548469543
ToyCar/train/section_00_source_train_normal_0850_noAttribute.wav,in_support,amplitude_modulation,0.8189152479171753
ToyCar/train/section_00_source_train_normal_0851_noAttribute.wav,in_support,periodic_resonance,0.9684033393859863
ToyCar/train/section_00_source_train_normal_0852_noAttribute.wav,in_support,amplitude_modulation,0.9655375480651855
ToyCar/train/section_00_source_train_normal_0853_noAttribute.wav,in_support,amplitude_modulation,0.9665414690971375
ToyCar/train/section_00_source_train_normal_0854_noAttribute.wav,in_support,frequency_modulation,0.996432363986969
ToyCar/train/section_00_source_train_normal_0855_noAttribute.wav,in_support,frequency_modulation,0.9418168663978577
ToyCar/train/section_00_source_train_normal_0856_noAttribute.wav,in_support,amplitude_modulation,0.9821809530258179
ToyCar/train/section_00_source_train_normal_0857_noAttribute.wav,in_support,amplitude_modulation,0.9295011162757874
ToyCar/train/section_00_source_train_normal_0858_noAttribute.wav,in_support,periodic_resonance,0.45072096586227417
ToyCar/train/section_00_source_train_normal_0859_noAttribute.wav,in_support,amplitude_modulation,0.9770317077636719
ToyCar/train/section_00_source_train_normal_0860_noAttribute.wav,in_support,frequency_modulation,0.9903567433357239
ToyCar/train/section_00_source_train_normal_0861_noAttribute.wav,in_support,amplitude_modulation,0.8659096360206604
ToyCar/train/section_00_source_train_normal_0862_noAttribute.wav,in_support,periodic_resonance,0.9025537967681885
ToyCar/train/section_00_source_train_normal_0863_noAttribute.wav,in_support,periodic_resonance,0.9718461632728577
ToyCar/train/section_00_source_train_normal_0864_noAttribute.wav,in_support,amplitude_modulation,0.9453270435333252
ToyCar/train/section_00_source_train_normal_0865_noAttribute.wav,in_support,periodic_resonance,0.8597124218940735
ToyCar/train/section_00_source_train_normal_0866_noAttribute.wav,in_support,frequency_modulation,0.9637747406959534
ToyCar/train/section_00_source_train_normal_0867_noAttribute.wav,in_support,amplitude_modulation,0.9250202178955078
ToyCar/train/section_00_source_train_normal_0868_noAttribute.wav,in_support,amplitude_modulation,0.9965259432792664
ToyCar/train/section_00_source_train_normal_0869_noAttribute.wav,in_support,frequency_modulation,0.966296911239624
ToyCar/train/section_00_source_train_normal_0870_noAttribute.wav,in_support,periodic_resonance,0.9904277324676514
ToyCar/train/section_00_source_train_normal_0871_noAttribute.wav,in_support,frequency_modulation,0.9772809147834778
ToyCar/train/section_00_source_train_normal_0872_noAttribute.wav,in_support,amplitude_modulation,0.9859040379524231
ToyCar/train/section_00_source_train_normal_0873_noAttribute.wav,in_support,periodic_resonance,0.9803417921066284
ToyCar/train/section_00_source_train_normal_0874_noAttribute.wav,in_support,amplitude_modulation,0.9931052327156067
ToyCar/train/section_00_source_train_normal_0875_noAttribute.wav,in_support,frequency_modulation,0.9950048327445984
ToyCar/train/section_00_source_train_normal_0876_noAttribute.wav,in_support,frequency_modulation,0.8178330063819885
ToyCar/train/section_00_source_train_normal_0877_noAttribute.wav,in_support,amplitude_modulation,0.8854168057441711
ToyCar/train/section_00_source_train_normal_0878_noAttribute.wav,in_support,amplitude_modulation,0.991065263748169
ToyCar/train/section_00_source_train_normal_0879_noAttribute.wav,in_support,amplitude_modulation,0.8010280728340149
ToyCar/train/section_00_source_train_normal_0880_noAttribute.wav,in_support,amplitude_modulation,0.7926199436187744
ToyCar/train/section_00_source_train_normal_0881_noAttribute.wav,in_support,periodic_resonance,0.953072190284729
ToyCar/train/section_00_source_train_normal_0882_noAttribute.wav,in_support,frequency_modulation,0.9864673614501953
ToyCar/train/section_00_source_train_normal_0883_noAttribute.wav,in_support,frequency_modulation,0.9971384406089783
ToyCar/train/section_00_source_train_normal_0884_noAttribute.wav,in_support,frequency_modulation,0.993159830570221
ToyCar/train/section_00_source_train_normal_0885_noAttribute.wav,in_support,periodic_resonance,0.994402289390564
ToyCar/train/section_00_source_train_normal_0886_noAttribute.wav,in_support,frequency_modulation,0.9911007285118103
ToyCar/train/section_00_source_train_normal_0887_noAttribute.wav,in_support,frequency_modulation,0.9735393524169922
ToyCar/train/section_00_source_train_normal_0888_noAttribute.wav,in_support,frequency_modulation,0.8848872184753418
ToyCar/train/section_00_source_train_normal_0889_noAttribute.wav,in_support,amplitude_modulation,0.8117135167121887
ToyCar/train/section_00_source_train_normal_0890_noAttribute.wav,in_support,amplitude_modulation,0.8162515759468079
ToyCar/train/section_00_source_train_normal_0891_noAttribute.wav,in_support,periodic_resonance,0.9798524379730225
ToyCar/train/section_00_source_train_normal_0892_noAttribute.wav,in_support,amplitude_modulation,0.8222833871841431
ToyCar/train/section_00_source_train_normal_0893_noAttribute.wav,in_support,frequency_modulation,0.8806190490722656
ToyCar/train/section_00_source_train_normal_0894_noAttribute.wav,in_support,amplitude_modulation,0.9660160541534424
ToyCar/train/section_00_source_train_normal_0895_noAttribute.wav,in_support,amplitude_modulation,0.848422646522522
ToyCar/train/section_00_source_train_normal_0896_noAttribute.wav,in_support,periodic_resonance,0.9807284474372864
ToyCar/train/section_00_source_train_normal_0897_noAttribute.wav,in_support,periodic_resonance,0.9870220422744751
ToyCar/train/section_00_source_train_normal_0898_noAttribute.wav,in_support,amplitude_modulation,0.8621761798858643
ToyCar/train/section_00_source_train_normal_0899_noAttribute.wav,in_support,amplitude_modulation,0.894820511341095
ToyCar/train/section_00_source_train_normal_0900_noAttribute.wav,in_support,periodic_resonance,0.9183304905891418
ToyCar/train/section_00_source_train_normal_0901_noAttribute.wav,in_support,periodic_resonance,0.9969497323036194
ToyCar/train/section_00_source_train_normal_0902_noAttribute.wav,in_support,frequency_modulation,0.9608538746833801
ToyCar/train/section_00_source_train_normal_0903_noAttribute.wav,in_support,amplitude_modulation,0.9832702279090881
ToyCar/train/section_00_source_train_normal_0904_noAttribute.wav,in_support,periodic_resonance,0.9573720693588257
ToyCar/train/section_00_source_train_normal_0905_noAttribute.wav,in_support,periodic_resonance,0.9996558427810669
ToyCar/train/section_00_source_train_normal_0906_noAttribute.wav,in_support,amplitude_modulation,0.9324836134910583
ToyCar/train/section_00_source_train_normal_0907_noAttribute.wav,in_support,amplitude_modulation,0.9377182126045227
ToyCar/train/section_00_source_train_normal_0908_noAttribute.wav,in_support,amplitude_modulation,0.8598949909210205
ToyCar/train/section_00_source_train_normal_0909_noAttribute.wav,in_support,amplitude_modulation,0.7390403151512146
ToyCar/train/section_00_source_train_normal_0910_noAttribute.wav,in_support,amplitude_modulation,0.8493878841400146
ToyCar/train/section_00_source_train_normal_0911_noAttribute.wav,in_support,amplitude_modulation,0.7541580200195312
ToyCar/train/section_00_source_train_normal_0912_noAttribute.wav,in_support,amplitude_modulation,0.9539126753807068
ToyCar/train/section_00_source_train_normal_0913_noAttribute.wav,in_support,frequency_modulation,0.8203985691070557
ToyCar/train/section_00_source_train_normal_0914_noAttribute.wav,in_support,frequency_modulation,0.9282612800598145
ToyCar/train/section_00_source_train_normal_0915_noAttribute.wav,in_support,frequency_modulation,0.9651634693145752
ToyCar/train/section_00_source_train_normal_0916_noAttribute.wav,in_support,amplitude_modulation,0.9449157118797302
ToyCar/train/section_00_source_train_normal_0917_noAttribute.wav,in_support,frequency_modulation,0.9401319026947021
ToyCar/train/section_00_source_train_normal_0918_noAttribute.wav,in_support,amplitude_modulation,0.8266417980194092
ToyCar/train/section_00_source_train_normal_0919_noAttribute.wav,in_support,amplitude_modulation,0.8815121054649353
ToyCar/train/section_00_source_train_normal_0920_noAttribute.wav,in_support,frequency_modulation,0.9797070026397705
ToyCar/train/section_00_source_train_normal_0921_noAttribute.wav,in_support,periodic_resonance,0.9929196238517761
ToyCar/train/section_00_source_train_normal_0922_noAttribute.wav,in_support,amplitude_modulation,0.9662002921104431
ToyCar/train/section_00_source_train_normal_0923_noAttribute.wav,in_support,amplitude_modulation,0.9735276103019714
ToyCar/train/section_00_source_train_normal_0924_noAttribute.wav,in_support,frequency_modulation,0.9967834949493408
ToyCar/train/section_00_source_train_normal_0925_noAttribute.wav,in_support,periodic_resonance,0.9917973875999451
ToyCar/train/section_00_source_train_normal_0926_noAttribute.wav,in_support,frequency_modulation,0.9963365793228149
ToyCar/train/section_00_source_train_normal_0927_noAttribute.wav,in_support,frequency_modulation,0.9265790581703186
ToyCar/train/section_00_source_train_normal_0928_noAttribute.wav,in_support,periodic_resonance,0.9777911901473999
ToyCar/train/section_00_source_train_normal_0929_noAttribute.wav,in_support,amplitude_modulation,0.9847646951675415
ToyCar/train/section_00_source_train_normal_0930_noAttribute.wav,in_support,amplitude_modulation,0.8456133604049683
ToyCar/train/section_00_source_train_normal_0931_noAttribute.wav,in_support,amplitude_modulation,0.9534399509429932
ToyCar/train/section_00_source_train_normal_0932_noAttribute.wav,in_support,periodic_resonance,0.9926377534866333
ToyCar/train/section_00_source_train_normal_0933_noAttribute.wav,in_support,periodic_resonance,0.9990191459655762
ToyCar/train/section_00_source_train_normal_0934_noAttribute.wav,in_support,periodic_resonance,0.9849805235862732
ToyCar/train/section_00_source_train_normal_0935_noAttribute.wav,in_support,periodic_resonance,0.9935704469680786
ToyCar/train/section_00_source_train_normal_0936_noAttribute.wav,in_support,amplitude_modulation,0.9311708807945251
ToyCar/train/section_00_source_train_normal_0937_noAttribute.wav,in_support,frequency_modulation,0.8066481947898865
ToyCar/train/section_00_source_train_normal_0938_noAttribute.wav,in_support,amplitude_modulation,0.918306827545166
ToyCar/train/section_00_source_train_normal_0939_noAttribute.wav,in_support,periodic_resonance,0.9439313411712646
ToyCar/train/section_00_source_train_normal_0940_noAttribute.wav,in_support,amplitude_modulation,0.9582483768463135
ToyCar/train/section_00_source_train_normal_0941_noAttribute.wav,in_support,frequency_modulation,0.9845799207687378
ToyCar/train/section_00_source_train_normal_0942_noAttribute.wav,in_support,amplitude_modulation,0.8536460399627686
ToyCar/train/section_00_source_train_normal_0943_noAttribute.wav,in_support,frequency_modulation,0.9782361388206482
ToyCar/train/section_00_source_train_normal_0944_noAttribute.wav,in_support,amplitude_modulation,0.962977409362793
ToyCar/train/section_00_source_train_normal_0945_noAttribute.wav,in_support,amplitude_modulation,0.9133901596069336
ToyCar/train/section_00_source_train_normal_0946_noAttribute.wav,in_support,periodic_resonance,0.9528500437736511
ToyCar/train/section_00_source_train_normal_0947_noAttribute.wav,in_support,frequency_modulation,0.9699097871780396
ToyCar/train/section_00_source_train_normal_0948_noAttribute.wav,in_support,amplitude_modulation,0.9996457099914551
ToyCar/train/section_00_source_train_normal_0949_noAttribute.wav,in_support,frequency_modulation,0.8659889698028564
ToyCar/train/section_00_source_train_normal_0950_noAttribute.wav,in_support,periodic_resonance,0.9596775770187378
ToyCar/train/section_00_source_train_normal_0951_noAttribute.wav,in_support,periodic_resonance,0.9549717903137207
ToyCar/train/section_00_source_train_normal_0952_noAttribute.wav,in_support,amplitude_modulation,0.8346186876296997
ToyCar/train/section_00_source_train_normal_0953_noAttribute.wav,in_support,periodic_resonance,0.9864999651908875
ToyCar/train/section_00_source_train_normal_0954_noAttribute.wav,in_support,amplitude_modulation,0.9344872236251831
ToyCar/train/section_00_source_train_normal_0955_noAttribute.wav,in_support,amplitude_modulation,0.8518887162208557
ToyCar/train/section_00_source_train_normal_0956_noAttribute.wav,in_support,amplitude_modulation,0.8062178492546082
ToyCar/train/section_00_source_train_normal_0957_noAttribute.wav,in_support,frequency_modulation,0.9678897261619568
ToyCar/train/section_00_source_train_normal_0958_noAttribute.wav,in_support,periodic_resonance,0.9928638935089111
ToyCar/train/section_00_source_train_normal_0959_noAttribute.wav,in_support,periodic_resonance,0.8796337246894836
ToyCar/train/section_00_source_train_normal_0960_noAttribute.wav,in_support,amplitude_modulation,0.7950986623764038
ToyCar/train/section_00_source_train_normal_0961_noAttribute.wav,in_support,amplitude_modulation,0.9140089750289917
ToyCar/train/section_00_source_train_normal_0962_noAttribute.wav,in_support,amplitude_modulation,0.9769346117973328
ToyCar/train/section_00_source_train_normal_0963_noAttribute.wav,in_support,amplitude_modulation,0.9738197326660156
ToyCar/train/section_00_source_train_normal_0964_noAttribute.wav,in_support,frequency_modulation,0.9924776554107666
ToyCar/train/section_00_source_train_normal_0965_noAttribute.wav,in_support,frequency_modulation,0.9682689309120178
ToyCar/train/section_00_source_train_normal_0966_noAttribute.wav,in_support,periodic_resonance,0.9725237488746643
ToyCar/train/section_00_source_train_normal_0967_noAttribute.wav,in_support,amplitude_modulation,0.9881832003593445
ToyCar/train/section_00_source_train_normal_0968_noAttribute.wav,in_support,periodic_resonance,0.9786399602890015
ToyCar/train/section_00_source_train_normal_0969_noAttribute.wav,in_support,amplitude_modulation,0.8669425845146179
ToyCar/train/section_00_source_train_normal_0970_noAttribute.wav,in_support,frequency_modulation,0.9934558272361755
ToyCar/train/section_00_source_train_normal_0971_noAttribute.wav,in_support,amplitude_modulation,0.8476754426956177
ToyCar/train/section_00_source_train_normal_0972_noAttribute.wav,in_support,amplitude_modulation,0.9925897121429443
ToyCar/train/section_00_source_train_normal_0973_noAttribute.wav,in_support,amplitude_modulation,0.9102019667625427
ToyCar/train/section_00_source_train_normal_0974_noAttribute.wav,in_support,frequency_modulation,0.7949259281158447
ToyCar/train/section_00_source_train_normal_0975_noAttribute.wav,in_support,frequency_modulation,0.9958058595657349
ToyCar/train/section_00_source_train_normal_0976_noAttribute.wav,in_support,amplitude_modulation,0.9636127352714539
ToyCar/train/section_00_source_train_normal_0977_noAttribute.wav,in_support,periodic_resonance,0.9880131483078003
ToyCar/train/section_00_source_train_normal_0978_noAttribute.wav,in_support,amplitude_modulation,0.9606871604919434
ToyCar/train/section_00_source_train_normal_0979_noAttribute.wav,in_support,frequency_modulation,0.9935097098350525
ToyCar/train/section_00_source_train_normal_0980_noAttribute.wav,in_support,amplitude_modulation,0.9835382699966431
ToyCar/train/section_00_source_train_normal_0981_noAttribute.wav,in_support,amplitude_modulation,0.9909906983375549
ToyCar/train/section_00_source_train_normal_0982_noAttribute.wav,in_support,frequency_modulation,0.8020029664039612
ToyCar/train/section_00_source_train_normal_0983_noAttribute.wav,in_support,periodic_resonance,0.9825008511543274
ToyCar/train/section_00_source_train_normal_0984_noAttribute.wav,in_support,periodic_resonance,0.9797483682632446
ToyCar/train/section_00_source_train_normal_0985_noAttribute.wav,in_support,periodic_resonance,0.622148334980011
ToyCar/train/section_00_source_train_normal_0986_noAttribute.wav,in_support,periodic_resonance,0.9816980361938477
ToyCar/train/section_00_source_train_normal_0987_noAttribute.wav,in_support,amplitude_modulation,0.9834660291671753
ToyCar/train/section_00_source_train_normal_0988_noAttribute.wav,in_support,periodic_resonance,0.9645378589630127
ToyCar/train/section_00_source_train_normal_0989_noAttribute.wav,in_support,amplitude_modulation,0.9373197555541992
ToyCar/train/section_00_target_train_normal_0000_noAttribute.wav,in_support,frequency_modulation,0.9158141016960144
ToyCar/train/section_00_target_train_normal_0001_noAttribute.wav,in_support,periodic_resonance,0.9858636260032654
ToyCar/train/section_00_target_train_normal_0002_noAttribute.wav,in_support,frequency_modulation,0.6062203049659729
ToyCar/train/section_00_target_train_normal_0003_noAttribute.wav,in_support,amplitude_modulation,0.998282790184021
ToyCar/train/section_00_target_train_normal_0004_noAttribute.wav,in_support,periodic_resonance,0.9982191324234009
ToyCar/train/section_00_target_train_normal_0005_noAttribute.wav,in_support,frequency_modulation,0.9865638017654419
ToyCar/train/section_00_target_train_normal_0006_noAttribute.wav,in_support,periodic_resonance,0.3173561990261078
ToyCar/train/section_00_target_train_normal_0007_noAttribute.wav,in_support,frequency_modulation,0.9165888428688049
ToyCar/train/section_00_target_train_normal_0008_noAttribute.wav,in_support,periodic_resonance,0.6664433479309082
ToyCar/train/section_00_target_train_normal_0009_noAttribute.wav,in_support,frequency_modulation,0.9896040558815002
ToyCarEmu/train/section_00_source_train_normal_0000_car_D2_spd_5_mic_2_mic_1.wav,in_support,amplitude_modulation,0.9238194823265076
ToyCarEmu/train/section_00_source_train_normal_0001_car_B1_spd_2_mic_2_mic_1.wav,in_support,periodic_resonance,0.9909421801567078
ToyCarEmu/train/section_00_source_train_normal_0002_car_B1_spd_2_mic_2_mic_1.wav,in_support,amplitude_modulation,0.9960772395133972
ToyCarEmu/train/section_00_source_train_normal_0003_car_B1_spd_2_mic_2_mic_1.wav,in_support,frequency_modulation,0.9519498348236084
ToyCarEmu/train/section_00_source_train_normal_0004_car_B1_spd_2_mic_2_mic_1.wav,in_support,periodic_resonance,0.9937605857849121
ToyCarEmu/train/section_00_source_train_normal_0005_car_B1_spd_2_mic_2_mic_1.wav,in_support,periodic_resonance,0.8708623647689819
ToyCarEmu/train/section_00_source_train_normal_0006_car_B1_spd_2_mic_2_mic_1.wav,in_support,amplitude_modulation,0.9106836318969727
ToyCarEmu/train/section_00_source_train_normal_0007_car_B1_spd_2_mic_2_mic_1.wav,in_support,frequency_modulation,0.9064501523971558
ToyCarEmu/train/section_00_source_train_normal_0008_car_B1_spd_2_mic_2_mic_1.wav,in_support,frequency_modulation,0.881101667881012
ToyCarEmu/train/section_00_source_train_normal_0009_car_B1_spd_2_mic_2_mic_1.wav,in_support,amplitude_modulation,0.9766348600387573
ToyCarEmu/train/section_00_source_train_normal_0010_car_B1_spd_2_mic_2_mic_1.wav,in_support,amplitude_modulation,0.640655517578125
ToyCarEmu/train/section_00_source_train_normal_0011_car_B1_spd_2_mic_2_mic_1.wav,in_support,periodic_resonance,0.9728078842163086
ToyCarEmu/train/section_00_source_train_normal_0012_car_B1_spd_2_mic_2_mic_1.wav,in_support,frequency_modulation,0.9997151494026184
ToyCarEmu/train/section_00_source_train_normal_0013_car_B1_spd_2_mic_2_mic_1.wav,in_support,amplitude_modulation,0.8009970784187317
ToyCarEmu/train/section_00_source_train_normal_0014_car_B1_spd_2_mic_2_mic_1.wav,in_support,periodic_resonance,0.9838454723358154
ToyCarEmu/train/section_00_source_train_normal_0015_car_B1_spd_2_mic_2_mic_1.wav,in_support,frequency_modulation,0.7947901487350464
ToyCarEmu/train/section_00_source_train_normal_0016_car_B1_spd_2_mic_2_mic_1.wav,in_support,amplitude_modulation,0.9826126098632812
ToyCarEmu/train/section_00_source_train_normal_0017_car_B1_spd_2_mic_2_mic_1.wav,in_support,amplitude_modulation,0.9689881205558777
ToyCarEmu/train/section_00_source_train_normal_0018_car_B1_spd_2_mic_2_mic_1.wav,in_support,amplitude_modulation,0.9858900308609009
ToyCarEmu/train/section_00_source_train_normal_0019_car_B1_spd_2_mic_2_mic_1.wav,in_support,periodic_resonance,0.8579156994819641
ToyCarEmu/train/section_00_source_train_normal_0020_car_B1_spd_2_mic_2_mic_1.wav,in_support,amplitude_modulation,0.7420762777328491
ToyCarEmu/train/section_00_source_train_normal_0021_car_B1_spd_2_mic_2_mic_1.wav,in_support,frequency_modulation,0.9540618658065796
ToyCarEmu/train/section_00_source_train_normal_0022_car_B2_spd_2_mic_2_mic_1.wav,in_support,frequency_modulation,0.8041718602180481
ToyCarEmu/train/section_00_source_train_normal_0023_car_B2_spd_2_mic_2_mic_1.wav,in_support,amplitude_modulation,0.9664447903633118
ToyCarEmu/train/section_00_source_train_normal_0024_car_B2_spd_2_mic_2_mic_1.wav,in_support,amplitude_modulation,0.9672144055366516
ToyCarEmu/train/section_00_source_train_normal_0025_car_B2_spd_2_mic_2_mic_1.wav,in_support,amplitude_modulation,0.9479330778121948
ToyCarEmu/train/section_00_source_train_normal_0026_car_B2_spd_2_mic_2_mic_1.wav,in_support,periodic_resonance,0.9842199087142944
ToyCarEmu/train/section_00_source_train_normal_0027_car_B2_spd_2_mic_2_mic_1.wav,in_support,amplitude_modulation,0.9840202927589417
ToyCarEmu/train/section_00_source_train_normal_0028_car_B2_spd_2_mic_2_mic_1.wav,in_support,frequency_modulation,0.9793419241905212
ToyCarEmu/train/section_00_source_train_normal_0029_car_B2_spd_2_mic_2_mic_1.wav,in_support,periodic_resonance,0.9905228018760681
ToyCarEmu/train/section_00_source_train_normal_0030_car_B2_spd_2_mic_2_mic_1.wav,in_support,periodic_resonance,0.9545498490333557
ToyCarEmu/train/section_00_source_train_normal_0031_car_B2_spd_2_mic_2_mic_1.wav,in_support,amplitude_modulation,0.9516453146934509
ToyCarEmu/train/section_00_source_train_normal_0032_car_B2_spd_2_mic_2_mic_1.wav,in_support,periodic_resonance,0.9901082515716553
ToyCarEmu/train/section_00_source_train_normal_0033_car_B2_spd_2_mic_2_mic_1.wav,in_support,periodic_resonance,0.9791237711906433
ToyCarEmu/train/section_00_source_train_normal_0034_car_B2_spd_2_mic_2_mic_1.wav,in_support,periodic_resonance,0.9571217894554138
ToyCarEmu/train/section_00_source_train_normal_0035_car_B2_spd_2_mic_2_mic_1.wav,in_support,frequency_modulation,0.9168774485588074
ToyCarEmu/train/section_00_source_train_normal_0036_car_B2_spd_2_mic_2_mic_1.wav,in_support,amplitude_modulation,0.9977408647537231
ToyCarEmu/train/section_00_source_train_normal_0037_car_B2_spd_2_mic_2_mic_1.wav,in_support,periodic_resonance,0.9878085255622864
ToyCarEmu/train/section_00_source_train_normal_0038_car_B2_spd_2_mic_2_mic_1.wav,in_support,frequency_modulation,0.852184534072876
ToyCarEmu/train/section_00_source_train_normal_0039_car_B2_spd_2_mic_2_mic_1.wav,in_support,periodic_resonance,0.8904290795326233
ToyCarEmu/train/section_00_source_train_normal_0040_car_B2_spd_2_mic_2_mic_1.wav,in_support,periodic_resonance,0.8778485059738159
ToyCarEmu/train/section_00_source_train_normal_0041_car_B2_spd_2_mic_2_mic_1.wav,in_support,periodic_resonance,0.9912458062171936
ToyCarEmu/train/section_00_source_train_normal_0042_car_B1_spd_2_mic_2_mic_1.wav,in_support,periodic_resonance,0.9822618365287781
ToyCarEmu/train/section_00_source_train_normal_0043_car_B1_spd_2_mic_2_mic_1.wav,in_support,frequency_modulation,0.9608896970748901
ToyCarEmu/train/section_00_source_train_normal_0044_car_B1_spd_2_mic_2_mic_1.wav,in_support,frequency_modulation,0.8562602400779724
ToyCarEmu/train/section_00_source_train_normal_0045_car_B1_spd_2_mic_2_mic_1.wav,in_support,frequency_modulation,0.9957470297813416
ToyCarEmu/train/section_00_source_train_normal_0046_car_B1_spd_2_mic_2_mic_1.wav,in_support,frequency_modulation,0.9898430705070496
ToyCarEmu/train/section_00_source_train_normal_0047_car_B1_spd_2_mic_2_mic_1.wav,in_support,amplitude_modulation,0.6324980854988098
ToyCarEmu/train/section_00_source_train_normal_0048_car_B1_spd_2_mic_2_mic_1.wav,in_support,periodic_resonance,0.99226313829422
ToyCarEmu/train/section_00_source_train_normal_0049_car_B1_spd_2_mic_2_mic_1.wav,in_support,periodic_resonance,0.9857906699180603
ToyCarEmu/train/section_00_source_train_normal_0050_car_B1_spd_2_mic_2_mic_1.wav,in_support,amplitude_modulation,0.7786442041397095
ToyCarEmu/train/section_00_source_train_normal_0051_car_B1_spd_2_mic_2_mic_1.wav,in_support,frequency_modulation,0.9276785254478455
ToyCarEmu/train/section_00_source_train_normal_0052_car_B1_spd_2_mic_2_mic_1.wav,in_support,frequency_modulation,0.9778725504875183
ToyCarEmu/train/section_00_source_train_normal_0053_car_B1_spd_2_mic_2_mic_1.wav,in_support,periodic_resonance,0.9965532422065735
ToyCarEmu/train/section_00_source_train_normal_0054_car_B1_spd_2_mic_2_mic_1.wav,in_support,amplitude_modulation,0.9328740835189819
ToyCarEmu/train/section_00_source_train_normal_0055_car_B1_spd_2_mic_2_mic_1.wav,in_support,periodic_resonance,0.9923432469367981
ToyCarEmu/train/section_00_source_train_normal_0056_car_B1_spd_2_mic_2_mic_1.wav,in_support,frequency_modulation,0.9933592677116394
ToyCarEmu/train/section_00_source_train_normal_0057_car_B1_spd_2_mic_2_mic_1.wav,in_support,amplitude_modulation,0.7772720456123352
ToyCarEmu/train/section_00_source_train_normal_0058_car_B1_spd_2_mic_2_mic_1.wav,in_support,amplitude_modulation,0.9819195866584778
ToyCarEmu/train/section_00_source_train_normal_0059_car_B1_spd_2_mic_2_mic_1.wav,in_support,periodic_resonance,0.9745080471038818
ToyCarEmu/train/section_00_source_train_normal_0060_car_B1_spd_2_mic_2_mic_1.wav,in_support,frequency_modulation,0.9634149670600891
ToyCarEmu/train/section_00_source_train_normal_0061_car_B1_spd_2_mic_2_mic_1.wav,in_support,amplitude_modulation,0.9874866604804993
ToyCarEmu/train/section_00_source_train_normal_0062_car_B1_spd_2_mic_2_mic_1.wav,in_support,frequency_modulation,0.8991451859474182
ToyCarEmu/train/section_00_source_train_normal_0063_car_B1_spd_2_mic_2_mic_1.wav,in_support,amplitude_modulation,0.9449543952941895
ToyCarEmu/train/section_00_source_train_normal_0064_car_B1_spd_2_mic_2_mic_1.wav,in_support,periodic_resonance,0.9637141227722168
ToyCarEmu/train/section_00_source_train_normal_0065_car_B1_spd_2_mic_2_mic_1.wav,in_support,amplitude_modulation,0.8950789570808411
ToyCarEmu/train/section_00_source_train_normal_0066_car_B1_spd_2_mic_2_mic_1.wav,in_support,frequency_modulation,0.9701443910598755
ToyCarEmu/train/section_00_source_train_normal_0067_car_B1_spd_2_mic_2_mic_1.wav,in_support,amplitude_modulation,0.948319137096405
ToyCarEmu/train/section_00_source_train_normal_0068_car_B1_spd_2_mic_2_mic_1.wav,in_support,frequency_modulation,0.931416392326355
ToyCarEmu/train/section_00_source_train_normal_0069_car_B1_spd_2_mic_2_mic_1.wav,in_support,frequency_modulation,0.938201367855072
ToyCarEmu/train/section_00_source_train_normal_0070_car_B1_spd_2_mic_2_mic_1.wav,in_support,amplitude_modulation,0.8919349312782288
ToyCarEmu/train/section_00_source_train_normal_0071_car_B1_spd_2_mic_2_mic_1.wav,in_support,amplitude_modulation,0.9862733483314514
ToyCarEmu/train/section_00_source_train_normal_0072_car_B1_spd_2_mic_2_mic_1.wav,in_support,periodic_resonance,0.9955556392669678
ToyCarEmu/train/section_00_source_train_normal_0073_car_B1_spd_2_mic_2_mic_1.wav,in_support,amplitude_modulation,0.9509666562080383
ToyCarEmu/train/section_00_source_train_normal_0074_car_B1_spd_2_mic_2_mic_1.wav,in_support,frequency_modulation,0.997079610824585
ToyCarEmu/train/section_00_source_train_normal_0075_car_B1_spd_2_mic_2_mic_1.wav,in_support,amplitude_modulation,0.9441134929656982
ToyCarEmu/train/section_00_source_train_normal_0076_car_B1_spd_2_mic_2_mic_1.wav,in_support,amplitude_modulation,0.8414276838302612
ToyCarEmu/train/section_00_source_train_normal_0077_car_B1_spd_2_mic_2_mic_1.wav,in_support,periodic_resonance,0.9872786998748779
ToyCarEmu/train/section_00_source_train_normal_0078_car_B1_spd_2_mic_2_mic_1.wav,in_support,amplitude_modulation,0.9651832580566406
ToyCarEmu/train/section_00_source_train_normal_0079_car_B1_spd_2_mic_2_mic_1.wav,in_support,periodic_resonance,0.9921952486038208
ToyCarEmu/train/section_00_source_train_normal_0080_car_B1_spd_2_mic_2_mic_1.wav,in_support,periodic_resonance,0.9017903208732605
ToyCarEmu/train/section_00_source_train_normal_0081_car_B1_spd_2_mic_2_mic_1.wav,in_support,amplitude_modulation,0.902919352054596
ToyCarEmu/train/section_00_source_train_normal_0082_car_B1_spd_2_mic_2_mic_1.wav,in_support,periodic_resonance,0.9948821663856506
ToyCarEmu/train/section_00_source_train_normal_0083_car_B1_spd_2_mic_2_mic_1.wav,in_support,periodic_resonance,0.8552048802375793
ToyCarEmu/train/section_00_source_train_normal_0084_car_B1_spd_2_mic_2_mic_1.wav,in_support,periodic_resonance,0.9872219562530518
ToyCarEmu/train/section_00_source_train_normal_0085_car_B1_spd_2_mic_2_mic_1.wav,in_support,periodic_resonance,0.987800121307373
ToyCarEmu/train/section_00_source_train_normal_0086_car_B1_spd_2_mic_2_mic_1.wav,in_support,amplitude_modulation,0.9931857585906982
ToyCarEmu/train/section_00_source_train_normal_0087_car_B1_spd_2_mic_2_mic_1.wav,in_support,amplitude_modulation,0.8453155159950256
ToyCarEmu/train/section_00_source_train_normal_0088_car_B1_spd_2_mic_2_mic_1.wav,in_support,frequency_modulation,0.9663977026939392
ToyCarEmu/train/section_00_source_train_normal_0089_car_B1_spd_2_mic_2_mic_1.wav,in_support,frequency_modulation,0.9183889031410217
ToyCarEmu/train/section_00_source_train_normal_0090_car_B1_spd_2_mic_2_mic_1.wav,in_support,frequency_modulation,0.986621618270874
ToyCarEmu/train/section_00_source_train_normal_0091_car_B1_spd_2_mic_2_mic_1.wav,in_support,periodic_resonance,0.9914332628250122
ToyCarEmu/train/section_00_source_train_normal_0092_car_B2_spd_2_mic_2_mic_1.wav,in_support,periodic_resonance,0.968315839767456
ToyCarEmu/train/section_00_source_train_normal_0093_car_B2_spd_2_mic_2_mic_1.wav,in_support,amplitude_modulation,0.7665184736251831
ToyCarEmu/train/section_00_source_train_normal_0094_car_B2_spd_2_mic_2_mic_1.wav,in_support,amplitude_modulation,0.9120375514030457
ToyCarEmu/train/section_00_source_train_normal_0095_car_B2_spd_2_mic_2_mic_1.wav,in_support,frequency_modulation,0.9793516397476196
ToyCarEmu/train/section_00_source_train_normal_0096_car_B2_spd_2_mic_2_mic_1.wav,in_support,periodic_resonance,0.9957263469696045
ToyCarEmu/train/section_00_source_train_normal_0097_car_B2_spd_2_mic_2_mic_1.wav,in_support,amplitude_modulation,0.9173915982246399
ToyCarEmu/train/section_00_source_train_normal_0098_car_B2_spd_2_mic_2_mic_1.wav,in_support,frequency_modulation,0.982236921787262
ToyCarEmu/train/section_00_source_train_normal_0099_car_B2_spd_2_mic_2_mic_1.wav,in_support,amplitude_modulation,0.9040163159370422
ToyCarEmu/train/section_00_source_train_normal_0100_car_B2_spd_2_mic_2_mic_1.wav,in_support,frequency_modulation,0.9878811240196228
ToyCarEmu/train/section_00_source_train_normal_0101_car_B2_spd_2_mic_2_mic_1.wav,in_support,periodic_resonance,0.9656855463981628
ToyCarEmu/train/section_00_source_train_normal_0102_car_B2_spd_2_mic_2_mic_1.wav,in_support,periodic_resonance,0.9819624423980713
ToyCarEmu/train/section_00_source_train_normal_0103_car_B2_spd_2_mic_2_mic_1.wav,in_support,periodic_resonance,0.9796262383460999
ToyCarEmu/train/section_00_source_train_normal_0104_car_B2_spd_2_mic_2_mic_1.wav,in_support,amplitude_modulation,0.864025890827179
ToyCarEmu/train/section_00_source_train_normal_0105_car_B2_spd_2_mic_2_mic_1.wav,in_support,frequency_modulation,0.9488041996955872
ToyCarEmu/train/section_00_source_train_normal_0106_car_B2_spd_2_mic_2_mic_1.wav,in_support,amplitude_modulation,0.9326476454734802
ToyCarEmu/train/section_00_source_train_normal_0107_car_B2_spd_2_mic_2_mic_1.wav,in_support,amplitude_modulation,0.9786617755889893
ToyCarEmu/train/section_00_source_train_normal_0108_car_B2_spd_2_mic_2_mic_1.wav,in_support,periodic_resonance,0.9891980290412903
ToyCarEmu/train/section_00_source_train_normal_0109_car_B2_spd_2_mic_2_mic_1.wav,in_support,amplitude_modulation,0.9689393043518066
ToyCarEmu/train/section_00_source_train_normal_0110_car_B2_spd_2_mic_2_mic_1.wav,in_support,amplitude_modulation,0.9846178889274597
ToyCarEmu/train/section_00_source_train_normal_0111_car_B2_spd_2_mic_2_mic_1.wav,in_support,periodic_resonance,0.9933986663818359
ToyCarEmu/train/section_00_source_train_normal_0112_car_B2_spd_2_mic_2_mic_1.wav,in_support,periodic_resonance,0.9881119132041931
ToyCarEmu/train/section_00_source_train_normal_0113_car_B2_spd_2_mic_2_mic_1.wav,in_support,amplitude_modulation,0.9288864731788635
ToyCarEmu/train/section_00_source_train_normal_0114_car_B2_spd_2_mic_2_mic_1.wav,in_support,periodic_resonance,0.9895079731941223
ToyCarEmu/train/section_00_source_train_normal_0115_car_B2_spd_2_mic_2_mic_1.wav,in_support,periodic_resonance,0.9749615788459778
ToyCarEmu/train/section_00_source_train_normal_0116_car_B2_spd_2_mic_2_mic_1.wav,in_support,frequency_modulation,0.9822520017623901
ToyCarEmu/train/section_00_source_train_normal_0117_car_B2_spd_3_mic_2_mic_1.wav,in_support,amplitude_modulation,0.9449272751808167
ToyCarEmu/train/section_00_source_train_normal_0118_car_B2_spd_3_mic_2_mic_1.wav,in_support,periodic_resonance,0.9600191712379456
ToyCarEmu/train/section_00_source_train_normal_0119_car_B2_spd_3_mic_2_mic_1.wav,in_support,frequency_modulation,0.9784212708473206
ToyCarEmu/train/section_00_source_train_normal_0120_car_B2_spd_3_mic_2_mic_1.wav,in_support,amplitude_modulation,0.9636822938919067
ToyCarEmu/train/section_00_source_train_normal_0121_car_B2_spd_3_mic_2_mic_1.wav,in_support,frequency_modulation,0.9523417353630066
ToyCarEmu/train/section_00_source_train_normal_0122_car_B2_spd_3_mic_2_mic_1.wav,in_support,frequency_modulation,0.9635604619979858
ToyCarEmu/train/section_00_source_train_normal_0123_car_B2_spd_3_mic_2_mic_1.wav,in_support,frequency_modulation,0.9636499285697937
ToyCarEmu/train/section_00_source_train_normal_0124_car_B2_spd_3_mic_2_mic_1.wav,in_support,frequency_modulation,0.9949889183044434
ToyCarEmu/train/section_00_source_train_normal_0125_car_B2_spd_3_mic_2_mic_1.wav,in_support,amplitude_modulation,0.9366379380226135
ToyCarEmu/train/section_00_source_train_normal_0126_car_B2_spd_3_mic_2_mic_1.wav,in_support,amplitude_modulation,0.9038563370704651
ToyCarEmu/train/section_00_source_train_normal_0127_car_B2_spd_3_mic_2_mic_1.wav,in_support,amplitude_modulation,0.7803177833557129
ToyCarEmu/train/section_00_source_train_normal_0128_car_B2_spd_3_mic_2_mic_1.wav,in_support,periodic_resonance,0.8843809366226196
ToyCarEmu/train/section_00_source_train_normal_0129_car_B2_spd_3_mic_2_mic_1.wav,in_support,amplitude_modulation,0.9813928008079529
ToyCarEmu/train/section_00_source_train_normal_0130_car_B2_spd_3_mic_2_mic_1.wav,in_support,frequency_modulation,0.9392516016960144
ToyCarEmu/train/section_00_source_train_normal_0131_car_B2_spd_3_mic_2_mic_1.wav,in_support,amplitude_modulation,0.9759107232093811
ToyCarEmu/train/section_00_source_train_normal_0132_car_B2_spd_3_mic_2_mic_1.wav,in_support,amplitude_modulation,0.9051399230957031
ToyCarEmu/train/section_00_source_train_normal_0133_car_B2_spd_3_mic_2_mic_1.wav,in_support,frequency_modulation,0.9776570796966553
ToyCarEmu/train/section_00_source_train_normal_0134_car_B2_spd_3_mic_2_mic_1.wav,in_support,amplitude_modulation,0.9696601033210754
ToyCarEmu/train/section_00_source_train_normal_0135_car_B2_spd_3_mic_2_mic_1.wav,in_support,frequency_modulation,0.9399609565734863
ToyCarEmu/train/section_00_source_train_normal_0136_car_B2_spd_3_mic_2_mic_1.wav,in_support,periodic_resonance,0.7829124331474304
ToyCarEmu/train/section_00_source_train_normal_0137_car_B2_spd_3_mic_2_mic_1.wav,in_support,amplitude_modulation,0.9780807495117188
ToyCarEmu/train/section_00_source_train_normal_0138_car_B2_spd_3_mic_2_mic_1.wav,in_support,frequency_modulation,0.9207086563110352
ToyCarEmu/train/section_00_source_train_normal_0139_car_B2_spd_3_mic_2_mic_1.wav,in_support,periodic_resonance,0.9427292943000793
ToyCarEmu/train/section_00_source_train_normal_0140_car_B2_spd_3_mic_2_mic_1.wav,in_support,amplitude_modulation,0.90813148021698
ToyCarEmu/train/section_00_source_train_normal_0141_car_B2_spd_3_mic_2_mic_1.wav,in_support,frequency_modulation,0.9892571568489075
ToyCarEmu/train/section_00_source_train_normal_0142_car_B2_spd_3_mic_2_mic_1.wav,in_support,amplitude_modulation,0.9609378576278687
ToyCarEmu/train/section_00_source_train_normal_0143_car_B2_spd_3_mic_2_mic_1.wav,in_support,frequency_modulation,0.9876798987388611
ToyCarEmu/train/section_00_source_train_normal_0144_car_B2_spd_3_mic_2_mic_1.wav,in_support,periodic_resonance,0.972624659538269
ToyCarEmu/train/section_00_source_train_normal_0145_car_B2_spd_3_mic_2_mic_1.wav,in_support,amplitude_modulation,0.981553316116333
ToyCarEmu/train/section_00_source_train_normal_0146_car_B2_spd_3_mic_2_mic_1.wav,in_support,amplitude_modulation,0.7826953530311584
ToyCarEmu/train/section_00_source_train_normal_0147_car_B2_spd_3_mic_2_mic_1.wav,in_support,amplitude_modulation,0.9698622226715088
ToyCarEmu/train/section_00_source_train_normal_0148_car_B2_spd_3_mic_2_mic_1.wav,in_support,periodic_resonance,0.9311016798019409
ToyCarEmu/train/section_00_source_train_normal_0149_car_B2_spd_3_mic_2_mic_1.wav,in_support,frequency_modulation,0.9858018755912781
ToyCarEmu/train/section_00_source_train_normal_0150_car_B2_spd_3_mic_2_mic_1.wav,in_support,amplitude_modulation,0.956098735332489
ToyCarEmu/train/section_00_source_train_normal_0151_car_B2_spd_3_mic_2_mic_1.wav,in_support,amplitude_modulation,0.9709368944168091
ToyCarEmu/train/section_00_source_train_normal_0152_car_B2_spd_3_mic_2_mic_1.wav,in_support,frequency_modulation,0.9629639387130737
ToyCarEmu/train/section_00_source_train_normal_0153_car_B2_spd_3_mic_2_mic_1.wav,in_support,periodic_resonance,0.9652906060218811
ToyCarEmu/train/section_00_source_train_normal_0154_car_B2_spd_3_mic_2_mic_1.wav,in_support,frequency_modulation,0.985444962978363
ToyCarEmu/train/section_00_source_train_normal_0155_car_B2_spd_3_mic_2_mic_1.wav,in_support,amplitude_modulation,0.8251714110374451
ToyCarEmu/train/section_00_source_train_normal_0156_car_B2_spd_3_mic_2_mic_1.wav,in_support,amplitude_modulation,0.9688403606414795
ToyCarEmu/train/section_00_source_train_normal_0157_car_B2_spd_3_mic_2_mic_1.wav,in_support,periodic_resonance,0.9053224325180054
ToyCarEmu/train/section_00_source_train_normal_0158_car_B2_spd_3_mic_2_mic_1.wav,in_support,frequency_modulation,0.88255774974823
ToyCarEmu/train/section_00_source_train_normal_0159_car_B2_spd_3_mic_2_mic_1.wav,in_support,periodic_resonance,0.9580760598182678
ToyCarEmu/train/section_00_source_train_normal_0160_car_B2_spd_3_mic_2_mic_1.wav,in_support,amplitude_modulation,0.9920477271080017
ToyCarEmu/train/section_00_source_train_normal_0161_car_B2_spd_3_mic_2_mic_1.wav,in_support,amplitude_modulation,0.8594315052032471
ToyCarEmu/train/section_00_source_train_normal_0162_car_B2_spd_3_mic_2_mic_1.wav,in_support,periodic_resonance,0.9786878228187561
ToyCarEmu/train/section_00_source_train_normal_0163_car_B2_spd_3_mic_2_mic_1.wav,in_support,frequency_modulation,0.9574998021125793
ToyCarEmu/train/section_00_source_train_normal_0164_car_B1_spd_3_mic_2_mic_1.wav,in_support,amplitude_modulation,0.860937774181366
ToyCarEmu/train/section_00_source_train_normal_0165_car_B1_spd_3_mic_2_mic_1.wav,in_support,amplitude_modulation,0.9336798191070557
ToyCarEmu/train/section_00_source_train_normal_0166_car_B1_spd_3_mic_2_mic_1.wav,in_support,periodic_resonance,0.7504953145980835
ToyCarEmu/train/section_00_source_train_normal_0167_car_B1_spd_3_mic_2_mic_1.wav,in_support,amplitude_modulation,0.8427025675773621
ToyCarEmu/train/section_00_source_train_normal_0168_car_B1_spd_3_mic_2_mic_1.wav,in_support,periodic_resonance,0.9671631455421448
ToyCarEmu/train/section_00_source_train_normal_0169_car_B1_spd_3_mic_2_mic_1.wav,in_support,frequency_modulation,0.9054381847381592
ToyCarEmu/train/section_00_source_train_normal_0170_car_B1_spd_3_mic_2_mic_1.wav,in_support,periodic_resonance,0.9953533411026001
ToyCarEmu/train/section_00_source_train_normal_0171_car_B1_spd_3_mic_2_mic_1.wav,in_support,amplitude_modulation,0.8100183606147766
ToyCarEmu/train/section_00_source_train_normal_0172_car_B1_spd_3_mic_2_mic_1.wav,in_support,periodic_resonance,0.7922132015228271
ToyCarEmu/train/section_00_source_train_normal_0173_car_B1_spd_3_mic_2_mic_1.wav,in_support,frequency_modulation,0.9909576177597046
ToyCarEmu/train/section_00_source_train_normal_0174_car_B1_spd_3_mic_2_mic_1.wav,in_support,periodic_resonance,0.9959000945091248
ToyCarEmu/train/section_00_source_train_normal_0175_car_B1_spd_3_mic_2_mic_1.wav,in_support,amplitude_modulation,0.8375164270401001
ToyCarEmu/train/section_00_source_train_normal_0176_car_B1_spd_3_mic_2_mic_1.wav,in_support,frequency_modulation,0.735812246799469
ToyCarEmu/train/section_00_source_train_normal_0177_car_B1_spd_3_mic_2_mic_1.wav,in_support,amplitude_modulation,0.9943861365318298
ToyCarEmu/train/section_00_source_train_normal_0178_car_B1_spd_3_mic_2_mic_1.wav,in_support,frequency_modulation,0.9813101291656494
ToyCarEmu/train/section_00_source_train_normal_0179_car_B1_spd_3_mic_2_mic_1.wav,in_support,amplitude_modulation,0.9842700958251953
ToyCarEmu/train/section_00_source_train_normal_0180_car_B1_spd_3_mic_2_mic_1.wav,in_support,amplitude_modulation,0.982374906539917
ToyCarEmu/train/section_00_source_train_normal_0181_car_B1_spd_3_mic_2_mic_1.wav,in_support,amplitude_modulation,0.9931658506393433
ToyCarEmu/train/section_00_source_train_normal_0182_car_B1_spd_3_mic_2_mic_1.wav,in_support,periodic_resonance,0.9839435815811157
ToyCarEmu/train/section_00_source_train_normal_0183_car_B1_spd_3_mic_2_mic_1.wav,in_support,amplitude_modulation,0.6826460361480713
ToyCarEmu/train/section_00_source_train_normal_0184_car_B1_spd_3_mic_2_mic_1.wav,in_support,periodic_resonance,0.9554822444915771
ToyCarEmu/train/section_00_source_train_normal_0185_car_B1_spd_3_mic_2_mic_1.wav,in_support,frequency_modulation,0.9860938787460327
ToyCarEmu/train/section_00_source_train_normal_0186_car_B1_spd_3_mic_2_mic_1.wav,in_support,periodic_resonance,0.7840927839279175
ToyCarEmu/train/section_00_source_train_normal_0187_car_B1_spd_3_mic_2_mic_1.wav,in_support,frequency_modulation,0.8536518216133118
ToyCarEmu/train/section_00_source_train_normal_0188_car_B1_spd_3_mic_2_mic_1.wav,in_support,frequency_modulation,0.9952720999717712
ToyCarEmu/train/section_00_source_train_normal_0189_car_B2_spd_3_mic_2_mic_1.wav,in_support,periodic_resonance,0.966467559337616
ToyCarEmu/train/section_00_source_train_normal_0190_car_B2_spd_3_mic_2_mic_1.wav,in_support,periodic_resonance,0.9262655973434448
ToyCarEmu/train/section_00_source_train_normal_0191_car_B2_spd_3_mic_2_mic_1.wav,in_support,amplitude_modulation,0.6463128924369812
ToyCarEmu/train/section_00_source_train_normal_0192_car_B2_spd_3_mic_2_mic_1.wav,in_support,frequency_modulation,0.9541902542114258
ToyCarEmu/train/section_00_source_train_normal_0193_car_B2_spd_3_mic_2_mic_1.wav,in_support,amplitude_modulation,0.9955984950065613
ToyCarEmu/train/section_00_source_train_normal_0194_car_B2_spd_3_mic_2_mic_1.wav,in_support,periodic_resonance,0.7068549394607544
ToyCarEmu/train/section_00_source_train_normal_0195_car_B2_spd_3_mic_2_mic_1.wav,in_support,frequency_modulation,0.9489772319793701
ToyCarEmu/train/section_00_source_train_normal_0196_car_B2_spd_3_mic_2_mic_1.wav,in_support,amplitude_modulation,0.9408056735992432
ToyCarEmu/train/section_00_source_train_normal_0197_car_B2_spd_3_mic_2_mic_1.wav,in_support,periodic_resonance,0.9598485231399536
ToyCarEmu/train/section_00_source_train_normal_0198_car_B2_spd_3_mic_2_mic_1.wav,in_support,frequency_modulation,0.9644085764884949
ToyCarEmu/train/section_00_source_train_normal_0199_car_B2_spd_3_mic_2_mic_1.wav,in_support,amplitude_modulation,0.9654209613800049
ToyCarEmu/train/section_00_source_train_normal_0200_car_B2_spd_3_mic_2_mic_1.wav,in_support,frequency_modulation,0.9963995814323425
ToyCarEmu/train/section_00_source_train_normal_0201_car_B2_spd_3_mic_2_mic_1.wav,in_support,frequency_modulation,0.9047679305076599
ToyCarEmu/train/section_00_source_train_normal_0202_car_B2_spd_3_mic_2_mic_1.wav,in_support,amplitude_modulation,0.9877769947052002
ToyCarEmu/train/section_00_source_train_normal_0203_car_B2_spd_3_mic_2_mic_1.wav,in_support,frequency_modulation,0.9939430356025696
ToyCarEmu/train/section_00_source_train_normal_0204_car_B2_spd_3_mic_2_mic_1.wav,in_support,amplitude_modulation,0.9923797845840454
ToyCarEmu/train/section_00_source_train_normal_0205_car_B2_spd_3_mic_2_mic_1.wav,in_support,amplitude_modulation,0.9761210680007935
ToyCarEmu/train/section_00_source_train_normal_0206_car_B2_spd_3_mic_2_mic_1.wav,in_support,frequency_modulation,0.9960260987281799
ToyCarEmu/train/section_00_source_train_normal_0207_car_B2_spd_3_mic_2_mic_1.wav,in_support,amplitude_modulation,0.3052575886249542
ToyCarEmu/train/section_00_source_train_normal_0208_car_B2_spd_3_mic_2_mic_1.wav,in_support,frequency_modulation,0.875255823135376
ToyCarEmu/train/section_00_source_train_normal_0209_car_B2_spd_3_mic_2_mic_1.wav,in_support,frequency_modulation,0.9501551389694214
ToyCarEmu/train/section_00_source_train_normal_0210_car_B2_spd_3_mic_2_mic_1.wav,in_support,periodic_resonance,0.9850119352340698
ToyCarEmu/train/section_00_source_train_normal_0211_car_B2_spd_3_mic_2_mic_1.wav,in_support,frequency_modulation,0.9852766394615173
ToyCarEmu/train/section_00_source_train_normal_0212_car_B2_spd_3_mic_2_mic_1.wav,in_support,periodic_resonance,0.97536301612854
ToyCarEmu/train/section_00_source_train_normal_0213_car_B2_spd_3_mic_2_mic_1.wav,in_support,amplitude_modulation,0.9035373330116272
ToyCarEmu/train/section_00_source_train_normal_0214_car_B1_spd_5_mic_2_mic_1.wav,in_support,amplitude_modulation,0.917412281036377
ToyCarEmu/train/section_00_source_train_normal_0215_car_B1_spd_5_mic_2_mic_1.wav,in_support,periodic_resonance,0.9978933930397034
ToyCarEmu/train/section_00_source_train_normal_0216_car_B1_spd_5_mic_2_mic_1.wav,in_support,periodic_resonance,0.944781482219696
ToyCarEmu/train/section_00_source_train_normal_0217_car_B1_spd_5_mic_2_mic_1.wav,in_support,amplitude_modulation,0.9878368973731995
ToyCarEmu/train/section_00_source_train_normal_0218_car_B1_spd_5_mic_2_mic_1.wav,in_support,periodic_resonance,0.9672954082489014
ToyCarEmu/train/section_00_source_train_normal_0219_car_B1_spd_5_mic_2_mic_1.wav,in_support,frequency_modulation,0.9904686212539673
ToyCarEmu/train/section_00_source_train_normal_0220_car_B1_spd_5_mic_2_mic_1.wav,in_support,frequency_modulation,0.9971247911453247
ToyCarEmu/train/section_00_source_train_normal_0221_car_B1_spd_5_mic_2_mic_1.wav,in_support,periodic_resonance,0.8863732814788818
ToyCarEmu/train/section_00_source_train_normal_0222_car_B1_spd_5_mic_2_mic_1.wav,in_support,frequency_modulation,0.9572281837463379
ToyCarEmu/train/section_00_source_train_normal_0223_car_B1_spd_5_mic_2_mic_1.wav,in_support,amplitude_modulation,0.895466148853302
ToyCarEmu/train/section_00_source_train_normal_0224_car_B1_spd_5_mic_2_mic_1.wav,in_support,frequency_modulation,0.9940035343170166
ToyCarEmu/train/section_00_source_train_normal_0225_car_B1_spd_5_mic_2_mic_1.wav,in_support,frequency_modulation,0.9140877723693848
ToyCarEmu/train/section_00_source_train_normal_0226_car_B1_spd_5_mic_2_mic_1.wav,in_support,periodic_resonance,0.986856997013092
ToyCarEmu/train/section_00_source_train_normal_0227_car_B1_spd_5_mic_2_mic_1.wav,in_support,periodic_resonance,0.9534215927124023
ToyCarEmu/train/section_00_source_train_normal_0228_car_B1_spd_5_mic_2_mic_1.wav,in_support,amplitude_modulation,0.9850146770477295
ToyCarEmu/train/section_00_source_train_normal_0229_car_B1_spd_5_mic_2_mic_1.wav,in_support,amplitude_modulation,0.9658035039901733
ToyCarEmu/train/section_00_source_train_normal_0230_car_B1_spd_5_mic_2_mic_1.wav,in_support,amplitude_modulation,0.9707379341125488
ToyCarEmu/train/section_00_source_train_normal_0231_car_B1_spd_5_mic_2_mic_1.wav,in_support,periodic_resonance,0.9714635014533997
ToyCarEmu/train/section_00_source_train_normal_0232_car_B1_spd_5_mic_2_mic_1.wav,in_support,periodic_resonance,0.9834194183349609
ToyCarEmu/train/section_00_source_train_normal_0233_car_B1_spd_5_mic_2_mic_1.wav,in_support,amplitude_modulation,0.9903044104576111
ToyCarEmu/train/section_00_source_train_normal_0234_car_B2_spd_5_mic_2_mic_1.wav,in_support,periodic_resonance,0.9176828861236572
ToyCarEmu/train/section_00_source_train_normal_0235_car_B2_spd_5_mic_2_mic_1.wav,in_support,amplitude_modulation,0.9903928637504578
ToyCarEmu/train/section_00_source_train_normal_0236_car_B2_spd_5_mic_2_mic_1.wav,in_support,periodic_resonance,0.9618821740150452
ToyCarEmu/train/section_00_source_train_normal_0237_car_B2_spd_5_mic_2_mic_1.wav,in_support,amplitude_modulation,0.7261366248130798
ToyCarEmu/train/section_00_source_train_normal_0238_car_B2_spd_5_mic_2_mic_1.wav,in_support,periodic_resonance,0.844913899898529
ToyCarEmu/train/section_00_source_train_normal_0239_car_B2_spd_5_mic_2_mic_1.wav,in_support,frequency_modulation,0.9913349151611328
ToyCarEmu/train/section_00_source_train_normal_0240_car_B2_spd_5_mic_2_mic_1.wav,in_support,frequency_modulation,0.9940034747123718
ToyCarEmu/train/section_00_source_train_normal_0241_car_B2_spd_5_mic_2_mic_1.wav,in_support,periodic_resonance,0.9789196252822876
ToyCarEmu/train/section_00_source_train_normal_0242_car_B2_spd_5_mic_2_mic_1.wav,in_support,periodic_resonance,0.9901103377342224
ToyCarEmu/train/section_00_source_train_normal_0243_car_B2_spd_5_mic_2_mic_1.wav,in_support,periodic_resonance,0.4889545738697052
ToyCarEmu/train/section_00_source_train_normal_0244_car_B2_spd_5_mic_2_mic_1.wav,in_support,amplitude_modulation,0.9623739123344421
ToyCarEmu/train/section_00_source_train_normal_0245_car_B2_spd_5_mic_2_mic_1.wav,in_support,amplitude_modulation,0.9520010352134705
ToyCarEmu/train/section_00_source_train_normal_0246_car_B2_spd_5_mic_2_mic_1.wav,in_support,amplitude_modulation,0.9701328873634338
ToyCarEmu/train/section_00_source_train_normal_0247_car_B2_spd_5_mic_2_mic_1.wav,in_support,periodic_resonance,0.950514554977417
ToyCarEmu/train/section_00_source_train_normal_0248_car_B2_spd_5_mic_2_mic_1.wav,in_support,frequency_modulation,0.8335580229759216
ToyCarEmu/train/section_00_source_train_normal_0249_car_B2_spd_5_mic_2_mic_1.wav,in_support,frequency_modulation,0.999029278755188
ToyCarEmu/train/section_00_source_train_normal_0250_car_B2_spd_5_mic_2_mic_1.wav,in_support,amplitude_modulation,0.9712712168693542
ToyCarEmu/train/section_00_source_train_normal_0251_car_B2_spd_5_mic_2_mic_1.wav,in_support,amplitude_modulation,0.9725867509841919
ToyCarEmu/train/section_00_source_train_normal_0252_car_B2_spd_5_mic_2_mic_1.wav,in_support,frequency_modulation,0.9813612103462219
ToyCarEmu/train/section_00_source_train_normal_0253_car_B2_spd_5_mic_2_mic_1.wav,in_support,amplitude_modulation,0.9803605079650879
ToyCarEmu/train/section_00_source_train_normal_0254_car_B2_spd_5_mic_2_mic_1.wav,in_support,frequency_modulation,0.9455388188362122
ToyCarEmu/train/section_00_source_train_normal_0255_car_B2_spd_5_mic_2_mic_1.wav,in_support,frequency_modulation,0.9383714199066162
ToyCarEmu/train/section_00_source_train_normal_0256_car_B1_spd_5_mic_2_mic_1.wav,in_support,frequency_modulation,0.7601572871208191
ToyCarEmu/train/section_00_source_train_normal_0257_car_B1_spd_5_mic_2_mic_1.wav,in_support,frequency_modulation,0.996483564376831
ToyCarEmu/train/section_00_source_train_normal_0258_car_B1_spd_5_mic_2_mic_1.wav,in_support,periodic_resonance,0.9715889692306519
ToyCarEmu/train/section_00_source_train_normal_0259_car_B1_spd_5_mic_2_mic_1.wav,in_support,periodic_resonance,0.7995266318321228
ToyCarEmu/train/section_00_source_train_normal_0260_car_B1_spd_5_mic_2_mic_1.wav,in_support,amplitude_modulation,0.9527940154075623
ToyCarEmu/train/section_00_source_train_normal_0261_car_B1_spd_5_mic_2_mic_1.wav,in_support,frequency_modulation,0.9491836428642273
ToyCarEmu/train/section_00_source_train_normal_0262_car_B1_spd_5_mic_2_mic_1.wav,in_support,amplitude_modulation,0.9131972193717957
ToyCarEmu/train/section_00_source_train_normal_0263_car_B1_spd_5_mic_2_mic_1.wav,in_support,frequency_modulation,0.9038750529289246
ToyCarEmu/train/section_00_source_train_normal_0264_car_B1_spd_5_mic_2_mic_1.wav,in_support,frequency_modulation,0.95946204662323
ToyCarEmu/train/section_00_source_train_normal_0265_car_B1_spd_5_mic_2_mic_1.wav,in_support,frequency_modulation,0.9928337931632996
ToyCarEmu/train/section_00_source_train_normal_0266_car_B1_spd_5_mic_2_mic_1.wav,in_support,periodic_resonance,0.9794487357139587
ToyCarEmu/train/section_00_source_train_normal_0267_car_B1_spd_5_mic_2_mic_1.wav,in_support,amplitude_modulation,0.7547754645347595
ToyCarEmu/train/section_00_source_train_normal_0268_car_B1_spd_5_mic_2_mic_1.wav,in_support,frequency_modulation,0.861099898815155
ToyCarEmu/train/section_00_source_train_normal_0269_car_B1_spd_5_mic_2_mic_1.wav,in_support,periodic_resonance,0.9745043516159058
ToyCarEmu/train/section_00_source_train_normal_0270_car_B1_spd_5_mic_2_mic_1.wav,in_support,periodic_resonance,0.9953261017799377
ToyCarEmu/train/section_00_source_train_normal_0271_car_B1_spd_5_mic_2_mic_1.wav,in_support,periodic_resonance,0.986297607421875
ToyCarEmu/train/section_00_source_train_normal_0272_car_B1_spd_5_mic_2_mic_1.wav,in_support,periodic_resonance,0.9595820903778076
ToyCarEmu/train/section_00_source_train_normal_0273_car_B1_spd_5_mic_2_mic_1.wav,in_support,amplitude_modulation,0.9611392617225647
ToyCarEmu/train/section_00_source_train_normal_0274_car_B1_spd_5_mic_2_mic_1.wav,in_support,amplitude_modulation,0.9866902828216553
ToyCarEmu/train/section_00_source_train_normal_0275_car_B1_spd_5_mic_2_mic_1.wav,in_support,amplitude_modulation,0.9584155678749084
ToyCarEmu/train/section_00_source_train_normal_0276_car_B1_spd_5_mic_2_mic_1.wav,in_support,periodic_resonance,0.9728875160217285
ToyCarEmu/train/section_00_source_train_normal_0277_car_B1_spd_5_mic_2_mic_1.wav,in_support,periodic_resonance,0.9888439178466797
ToyCarEmu/train/section_00_source_train_normal_0278_car_B1_spd_5_mic_2_mic_1.wav,in_support,amplitude_modulation,0.9852213859558105
ToyCarEmu/train/section_00_source_train_normal_0279_car_B1_spd_5_mic_2_mic_1.wav,in_support,amplitude_modulation,0.9670252203941345
ToyCarEmu/train/section_00_source_train_normal_0280_car_B1_spd_5_mic_2_mic_1.wav,in_support,periodic_resonance,0.9765055179595947
ToyCarEmu/train/section_00_source_train_normal_0281_car_B1_spd_5_mic_2_mic_1.wav,in_support,periodic_resonance,0.9854340553283691
ToyCarEmu/train/section_00_source_train_normal_0282_car_B1_spd_5_mic_2_mic_1.wav,in_support,amplitude_modulation,0.8556851148605347
ToyCarEmu/train/section_00_source_train_normal_0283_car_B1_spd_5_mic_2_mic_1.wav,in_support,periodic_resonance,0.9428141713142395
ToyCarEmu/train/section_00_source_train_normal_0284_car_B1_spd_5_mic_2_mic_1.wav,in_support,amplitude_modulation,0.9958885312080383
ToyCarEmu/train/section_00_source_train_normal_0285_car_B1_spd_5_mic_2_mic_1.wav,in_support,frequency_modulation,0.974632978439331
ToyCarEmu/train/section_00_source_train_normal_0286_car_B1_spd_5_mic_2_mic_1.wav,in_support,amplitude_modulation,0.9142921566963196
ToyCarEmu/train/section_00_source_train_normal_0287_car_B1_spd_5_mic_2_mic_1.wav,in_support,amplitude_modulation,0.9685700535774231
ToyCarEmu/train/section_00_source_train_normal_0288_car_B1_spd_5_mic_2_mic_1.wav,in_support,frequency_modulation,0.6314845085144043
ToyCarEmu/train/section_00_source_train_normal_0289_car_B1_spd_5_mic_2_mic_1.wav,in_support,frequency_modulation,0.996835470199585
ToyCarEmu/train/section_00_source_train_normal_0290_car_B1_spd_5_mic_2_mic_1.wav,in_support,frequency_modulation,0.9993283748626709
ToyCarEmu/train/section_00_source_train_normal_0291_car_B1_spd_5_mic_2_mic_1.wav,in_support,amplitude_modulation,0.9415039420127869
ToyCarEmu/train/section_00_source_train_normal_0292_car_B1_spd_5_mic_2_mic_1.wav,in_support,periodic_resonance,0.9796364307403564
ToyCarEmu/train/section_00_source_train_normal_0293_car_B1_spd_5_mic_2_mic_1.wav,in_support,periodic_resonance,0.9756540060043335
ToyCarEmu/train/section_00_source_train_normal_0294_car_B1_spd_5_mic_2_mic_1.wav,in_support,periodic_resonance,0.7751608490943909
ToyCarEmu/train/section_00_source_train_normal_0295_car_B1_spd_5_mic_2_mic_1.wav,in_support,periodic_resonance,0.9237265586853027
ToyCarEmu/train/section_00_source_train_normal_0296_car_B1_spd_5_mic_2_mic_1.wav,in_support,amplitude_modulation,0.9973204731941223
ToyCarEmu/train/section_00_source_train_normal_0297_car_B1_spd_5_mic_2_mic_1.wav,in_support,periodic_resonance,0.962166965007782
ToyCarEmu/train/section_00_source_train_normal_0298_car_B1_spd_5_mic_2_mic_1.wav,in_support,periodic_resonance,0.9329833388328552
ToyCarEmu/train/section_00_source_train_normal_0299_car_B1_spd_5_mic_2_mic_1.wav,in_support,periodic_resonance,0.990130603313446
ToyCarEmu/train/section_00_source_train_normal_0300_car_B1_spd_5_mic_2_mic_1.wav,in_support,periodic_resonance,0.9935641884803772
ToyCarEmu/train/section_00_source_train_normal_0301_car_B1_spd_5_mic_2_mic_1.wav,in_support,amplitude_modulation,0.8315515518188477
ToyCarEmu/train/section_00_source_train_normal_0302_car_B1_spd_5_mic_2_mic_1.wav,in_support,periodic_resonance,0.9693004488945007
ToyCarEmu/train/section_00_source_train_normal_0303_car_B1_spd_5_mic_2_mic_1.wav,in_support,frequency_modulation,0.9707552790641785
ToyCarEmu/train/section_00_source_train_normal_0304_car_B1_spd_5_mic_2_mic_1.wav,in_support,amplitude_modulation,0.9755117297172546
ToyCarEmu/train/section_00_source_train_normal_0305_car_B1_spd_5_mic_2_mic_1.wav,in_support,amplitude_modulation,0.9938136339187622
ToyCarEmu/train/section_00_source_train_normal_0306_car_B2_spd_5_mic_2_mic_1.wav,in_support,amplitude_modulation,0.9478727579116821
ToyCarEmu/train/section_00_source_train_normal_0307_car_B2_spd_5_mic_2_mic_1.wav,in_support,frequency_modulation,0.8744075298309326
ToyCarEmu/train/section_00_source_train_normal_0308_car_B2_spd_5_mic_2_mic_1.wav,in_support,frequency_modulation,0.9757634997367859
ToyCarEmu/train/section_00_source_train_normal_0309_car_B2_spd_5_mic_2_mic_1.wav,in_support,periodic_resonance,0.9795636534690857
ToyCarEmu/train/section_00_source_train_normal_0310_car_B2_spd_5_mic_2_mic_1.wav,in_support,periodic_resonance,0.9969553351402283
ToyCarEmu/train/section_00_source_train_normal_0311_car_B2_spd_5_mic_2_mic_1.wav,in_support,amplitude_modulation,0.801486611366272
ToyCarEmu/train/section_00_source_train_normal_0312_car_B2_spd_5_mic_2_mic_1.wav,in_support,amplitude_modulation,0.9997180700302124
ToyCarEmu/train/section_00_source_train_normal_0313_car_B2_spd_5_mic_2_mic_1.wav,in_support,periodic_resonance,0.9662968516349792
ToyCarEmu/train/section_00_source_train_normal_0314_car_B2_spd_5_mic_2_mic_1.wav,in_support,periodic_resonance,0.9712872505187988
ToyCarEmu/train/section_00_source_train_normal_0315_car_B2_spd_5_mic_2_mic_1.wav,in_support,frequency_modulation,0.9238976240158081
ToyCarEmu/train/section_00_source_train_normal_0316_car_B2_spd_5_mic_2_mic_1.wav,in_support,frequency_modulation,0.8953177332878113
ToyCarEmu/train/section_00_source_train_normal_0317_car_B2_spd_5_mic_2_mic_1.wav,in_support,periodic_resonance,0.9783501625061035
ToyCarEmu/train/section_00_source_train_normal_0318_car_B2_spd_5_mic_2_mic_1.wav,in_support,frequency_modulation,0.8121474385261536
ToyCarEmu/train/section_00_source_train_normal_0319_car_B2_spd_5_mic_2_mic_1.wav,in_support,periodic_resonance,0.9823479056358337
ToyCarEmu/train/section_00_source_train_normal_0320_car_B2_spd_5_mic_2_mic_1.wav,in_support,frequency_modulation,0.8572466373443604
ToyCarEmu/train/section_00_source_train_normal_0321_car_B2_spd_5_mic_2_mic_1.wav,in_support,amplitude_modulation,0.9531034827232361
ToyCarEmu/train/section_00_source_train_normal_0322_car_B2_spd_5_mic_2_mic_1.wav,in_support,amplitude_modulation,0.9749537706375122
ToyCarEmu/train/section_00_source_train_normal_0323_car_B2_spd_5_mic_2_mic_1.wav,in_support,periodic_resonance,0.7544729113578796
ToyCarEmu/train/section_00_source_train_normal_0324_car_B2_spd_5_mic_2_mic_1.wav,in_support,amplitude_modulation,0.9268066883087158
ToyCarEmu/train/section_00_source_train_normal_0325_car_B2_spd_5_mic_2_mic_1.wav,in_support,periodic_resonance,0.9597920179367065
ToyCarEmu/train/section_00_source_train_normal_0326_car_B2_spd_5_mic_2_mic_1.wav,in_support,periodic_resonance,0.9664320945739746
ToyCarEmu/train/section_00_source_train_normal_0327_car_B2_spd_5_mic_2_mic_1.wav,in_support,amplitude_modulation,0.9936709403991699
ToyCarEmu/train/section_00_source_train_normal_0328_car_B2_spd_5_mic_2_mic_1.wav,in_support,amplitude_modulation,0.839306116104126
ToyCarEmu/train/section_00_source_train_normal_0329_car_B2_spd_5_mic_2_mic_1.wav,in_support,amplitude_modulation,0.983669638633728
ToyCarEmu/train/section_00_source_train_normal_0330_car_B2_spd_5_mic_2_mic_1.wav,in_support,periodic_resonance,0.9420260787010193
ToyCarEmu/train/section_00_source_train_normal_0331_car_C1_spd_2_mic_2_mic_1.wav,in_support,amplitude_modulation,0.7448619604110718
ToyCarEmu/train/section_00_source_train_normal_0332_car_C1_spd_2_mic_2_mic_1.wav,in_support,frequency_modulation,0.9929778575897217
ToyCarEmu/train/section_00_source_train_normal_0333_car_C1_spd_2_mic_2_mic_1.wav,in_support,amplitude_modulation,0.8897262215614319
ToyCarEmu/train/section_00_source_train_normal_0334_car_C1_spd_2_mic_2_mic_1.wav,in_support,frequency_modulation,0.9884210824966431
ToyCarEmu/train/section_00_source_train_normal_0335_car_C1_spd_2_mic_2_mic_1.wav,in_support,amplitude_modulation,0.947429358959198
ToyCarEmu/train/section_00_source_train_normal_0336_car_C1_spd_2_mic_2_mic_1.wav,in_support,periodic_resonance,0.9393624067306519
ToyCarEmu/train/section_00_source_train_normal_0337_car_C1_spd_2_mic_2_mic_1.wav,in_support,periodic_resonance,0.9471639394760132
ToyCarEmu/train/section_00_source_train_normal_0338_car_C1_spd_2_mic_2_mic_1.wav,in_support,frequency_modulation,0.9788870215415955
ToyCarEmu/train/section_00_source_train_normal_0339_car_C1_spd_2_mic_2_mic_1.wav,in_support,periodic_resonance,0.9949390292167664
ToyCarEmu/train/section_00_source_train_normal_0340_car_C1_spd_2_mic_2_mic_1.wav,in_support,amplitude_modulation,0.8887179493904114
ToyCarEmu/train/section_00_source_train_normal_0341_car_C1_spd_2_mic_2_mic_1.wav,in_support,amplitude_modulation,0.9555855989456177
ToyCarEmu/train/section_00_source_train_normal_0342_car_C1_spd_2_mic_2_mic_1.wav,in_support,amplitude_modulation,0.9106984734535217
ToyCarEmu/train/section_00_source_train_normal_0343_car_C1_spd_2_mic_2_mic_1.wav,in_support,periodic_resonance,0.9482049345970154
ToyCarEmu/train/section_00_source_train_normal_0344_car_C1_spd_2_mic_2_mic_1.wav,in_support,frequency_modulation,0.9149799346923828
ToyCarEmu/train/section_00_source_train_normal_0345_car_C1_spd_2_mic_2_mic_1.wav,in_support,amplitude_modulation,0.9503660798072815
ToyCarEmu/train/section_00_source_train_normal_0346_car_C1_spd_2_mic_2_mic_1.wav,in_support,amplitude_modulation,0.9898985028266907
ToyCarEmu/train/section_00_source_train_normal_0347_car_C1_spd_2_mic_2_mic_1.wav,in_support,amplitude_modulation,0.9868845343589783
ToyCarEmu/train/section_00_source_train_normal_0348_car_C1_spd_2_mic_2_mic_1.wav,in_support,periodic_resonance,0.9943534135818481
ToyCarEmu/train/section_00_source_train_normal_0349_car_C1_spd_2_mic_2_mic_1.wav,in_support,amplitude_modulation,0.9486129879951477
ToyCarEmu/train/section_00_source_train_normal_0350_car_C1_spd_2_mic_2_mic_1.wav,in_support,amplitude_modulation,0.9914769530296326
ToyCarEmu/train/section_00_source_train_normal_0351_car_C1_spd_2_mic_2_mic_1.wav,in_support,amplitude_modulation,0.9938642382621765
ToyCarEmu/train/section_00_source_train_normal_0352_car_C1_spd_2_mic_2_mic_1.wav,in_support,amplitude_modulation,0.925921618938446
ToyCarEmu/train/section_00_source_train_normal_0353_car_C2_spd_2_mic_2_mic_1.wav,in_support,amplitude_modulation,0.9828183650970459
ToyCarEmu/train/section_00_source_train_normal_0354_car_C2_spd_2_mic_2_mic_1.wav,in_support,frequency_modulation,0.7140924334526062
ToyCarEmu/train/section_00_source_train_normal_0355_car_C2_spd_2_mic_2_mic_1.wav,in_support,periodic_resonance,0.933594286441803
ToyCarEmu/train/section_00_source_train_normal_0356_car_C2_spd_2_mic_2_mic_1.wav,in_support,amplitude_modulation,0.9888436794281006
ToyCarEmu/train/section_00_source_train_normal_0357_car_C2_spd_2_mic_2_mic_1.wav,in_support,amplitude_modulation,0.9752230048179626
ToyCarEmu/train/section_00_source_train_normal_0358_car_C2_spd_2_mic_2_mic_1.wav,in_support,frequency_modulation,0.8520280718803406
ToyCarEmu/train/section_00_source_train_normal_0359_car_C2_spd_2_mic_2_mic_1.wav,in_support,frequency_modulation,0.9918263554573059
ToyCarEmu/train/section_00_source_train_normal_0360_car_C2_spd_2_mic_2_mic_1.wav,in_support,amplitude_modulation,0.7576363682746887
ToyCarEmu/train/section_00_source_train_normal_0361_car_C2_spd_2_mic_2_mic_1.wav,in_support,periodic_resonance,0.9865785837173462
ToyCarEmu/train/section_00_source_train_normal_0362_car_C2_spd_2_mic_2_mic_1.wav,in_support,frequency_modulation,0.9729184508323669
ToyCarEmu/train/section_00_source_train_normal_0363_car_C2_spd_2_mic_2_mic_1.wav,in_support,periodic_resonance,0.9450861811637878
ToyCarEmu/train/section_00_source_train_normal_0364_car_C2_spd_2_mic_2_mic_1.wav,in_support,periodic_resonance,0.8761432766914368
ToyCarEmu/train/section_00_source_train_normal_0365_car_C2_spd_2_mic_2_mic_1.wav,in_support,periodic_resonance,0.943549633026123
ToyCarEmu/train/section_00_source_train_normal_0366_car_C2_spd_2_mic_2_mic_1.wav,in_support,amplitude_modulation,0.9126502275466919
ToyCarEmu/train/section_00_source_train_normal_0367_car_C2_spd_2_mic_2_mic_1.wav,in_support,frequency_modulation,0.9944911003112793
ToyCarEmu/train/section_00_source_train_normal_0368_car_C2_spd_2_mic_2_mic_1.wav,in_support,periodic_resonance,0.7149742245674133
ToyCarEmu/train/section_00_source_train_normal_0369_car_C2_spd_2_mic_2_mic_1.wav,in_support,frequency_modulation,0.9769002199172974
ToyCarEmu/train/section_00_source_train_normal_0370_car_C2_spd_2_mic_2_mic_1.wav,in_support,amplitude_modulation,0.9468958377838135
ToyCarEmu/train/section_00_source_train_normal_0371_car_C2_spd_2_mic_2_mic_1.wav,in_support,frequency_modulation,0.9764886498451233
ToyCarEmu/train/section_00_source_train_normal_0372_car_C2_spd_2_mic_2_mic_1.wav,in_support,frequency_modulation,0.9690642952919006
ToyCarEmu/train/section_00_source_train_normal_0373_car_C1_spd_2_mic_2_mic_1.wav,in_support,frequency_modulation,0.7761558294296265
ToyCarEmu/train/section_00_source_train_normal_0374_car_C1_spd_2_mic_2_mic_1.wav,in_support,frequency_modulation,0.9572272896766663
ToyCarEmu/train/section_00_source_train_normal_0375_car_C1_spd_2_mic_2_mic_1.wav,in_support,frequency_modulation,0.8952577710151672
ToyCarEmu/train/section_00_source_train_normal_0376_car_C1_spd_2_mic_2_mic_1.wav,in_support,periodic_resonance,0.994026780128479
ToyCarEmu/train/section_00_source_train_normal_0377_car_C1_spd_2_mic_2_mic_1.wav,in_support,periodic_resonance,0.9596274495124817
ToyCarEmu/train/section_00_source_train_normal_0378_car_C1_spd_2_mic_2_mic_1.wav,in_support,amplitude_modulation,0.9686249494552612
ToyCarEmu/train/section_00_source_train_normal_0379_car_C1_spd_2_mic_2_mic_1.wav,in_support,frequency_modulation,0.9019269347190857
ToyCarEmu/train/section_00_source_train_normal_0380_car_C1_spd_2_mic_2_mic_1.wav,in_support,periodic_resonance,0.8650853633880615
ToyCarEmu/train/section_00_source_train_normal_0381_car_C1_spd_2_mic_2_mic_1.wav,in_support,amplitude_modulation,0.9717708230018616
ToyCarEmu/train/section_00_source_train_normal_0382_car_C1_spd_2_mic_2_mic_1.wav,in_support,periodic_resonance,0.8634913563728333
ToyCarEmu/train/section_00_source_train_normal_0383_car_C1_spd_2_mic_2_mic_1.wav,in_support,frequency_modulation,0.8687533140182495
ToyCarEmu/train/section_00_source_train_normal_0384_car_C1_spd_2_mic_2_mic_1.wav,in_support,periodic_resonance,0.9573227763175964
ToyCarEmu/train/section_00_source_train_normal_0385_car_C1_spd_2_mic_2_mic_1.wav,in_support,amplitude_modulation,0.9619925022125244
ToyCarEmu/train/section_00_source_train_normal_0386_car_C1_spd_2_mic_2_mic_1.wav,in_support,amplitude_modulation,0.9496140480041504
ToyCarEmu/train/section_00_source_train_normal_0387_car_C1_spd_2_mic_2_mic_1.wav,in_support,frequency_modulation,0.9149909615516663
ToyCarEmu/train/section_00_source_train_normal_0388_car_C1_spd_2_mic_2_mic_1.wav,in_support,frequency_modulation,0.9818713068962097
ToyCarEmu/train/section_00_source_train_normal_0389_car_C1_spd_2_mic_2_mic_1.wav,in_support,frequency_modulation,0.9876292943954468
ToyCarEmu/train/section_00_source_train_normal_0390_car_C1_spd_2_mic_2_mic_1.wav,in_support,amplitude_modulation,0.9845224618911743
ToyCarEmu/train/section_00_source_train_normal_0391_car_C1_spd_2_mic_2_mic_1.wav,in_support,frequency_modulation,0.9919920563697815
ToyCarEmu/train/section_00_source_train_normal_0392_car_C1_spd_2_mic_2_mic_1.wav,in_support,amplitude_modulation,0.9453741908073425
ToyCarEmu/train/section_00_source_train_normal_0393_car_C1_spd_2_mic_2_mic_1.wav,in_support,periodic_resonance,0.8997177481651306
ToyCarEmu/train/section_00_source_train_normal_0394_car_C1_spd_2_mic_2_mic_1.wav,in_support,frequency_modulation,0.872451663017273
ToyCarEmu/train/section_00_source_train_normal_0395_car_C1_spd_2_mic_2_mic_1.wav,in_support,amplitude_modulation,0.9590771198272705
ToyCarEmu/train/section_00_source_train_normal_0396_car_C1_spd_2_mic_2_mic_1.wav,in_support,amplitude_modulation,0.9499994516372681
ToyCarEmu/train/section_00_source_train_normal_0397_car_C1_spd_2_mic_2_mic_1.wav,in_support,frequency_modulation,0.9740954637527466
ToyCarEmu/train/section_00_source_train_normal_0398_car_C1_spd_2_mic_2_mic_1.wav,in_support,periodic_resonance,0.7986115217208862
ToyCarEmu/train/section_00_source_train_normal_0399_car_C1_spd_2_mic_2_mic_1.wav,in_support,frequency_modulation,0.7258379459381104
ToyCarEmu/train/section_00_source_train_normal_0400_car_C1_spd_2_mic_2_mic_1.wav,in_support,periodic_resonance,0.8909898996353149
ToyCarEmu/train/section_00_source_train_normal_0401_car_C1_spd_2_mic_2_mic_1.wav,in_support,amplitude_modulation,0.9818658232688904
ToyCarEmu/train/section_00_source_train_normal_0402_car_C1_spd_2_mic_2_mic_1.wav,in_support,amplitude_modulation,0.8407495021820068
ToyCarEmu/train/section_00_source_train_normal_0403_car_C1_spd_2_mic_2_mic_1.wav,in_support,frequency_modulation,0.9539088606834412
ToyCarEmu/train/section_00_source_train_normal_0404_car_C1_spd_2_mic_2_mic_1.wav,in_support,amplitude_modulation,0.9490422010421753
ToyCarEmu/train/section_00_source_train_normal_0405_car_C1_spd_2_mic_2_mic_1.wav,in_support,amplitude_modulation,0.9030556082725525
ToyCarEmu/train/section_00_source_train_normal_0406_car_C1_spd_2_mic_2_mic_1.wav,in_support,periodic_resonance,0.9594786763191223
ToyCarEmu/train/section_00_source_train_normal_0407_car_C1_spd_2_mic_2_mic_1.wav,in_support,frequency_modulation,0.9973195195198059
ToyCarEmu/train/section_00_source_train_normal_0408_car_C1_spd_2_mic_2_mic_1.wav,in_support,amplitude_modulation,0.9615501165390015
ToyCarEmu/train/section_00_source_train_normal_0409_car_C1_spd_2_mic_2_mic_1.wav,in_support,frequency_modulation,0.9975712895393372
ToyCarEmu/train/section_00_source_train_normal_0410_car_C1_spd_2_mic_2_mic_1.wav,in_support,amplitude_modulation,0.9682036638259888
ToyCarEmu/train/section_00_source_train_normal_0411_car_C1_spd_2_mic_2_mic_1.wav,in_support,periodic_resonance,0.9988735318183899
ToyCarEmu/train/section_00_source_train_normal_0412_car_C1_spd_2_mic_2_mic_1.wav,in_support,periodic_resonance,0.9660669565200806
ToyCarEmu/train/section_00_source_train_normal_0413_car_C1_spd_2_mic_2_mic_1.wav,in_support,amplitude_modulation,0.9846265912055969
ToyCarEmu/train/section_00_source_train_normal_0414_car_C1_spd_2_mic_2_mic_1.wav,in_support,frequency_modulation,0.7866281270980835
ToyCarEmu/train/section_00_source_train_normal_0415_car_C1_spd_2_mic_2_mic_1.wav,in_support,amplitude_modulation,0.9518924951553345
ToyCarEmu/train/section_00_source_train_normal_0416_car_C1_spd_2_mic_2_mic_1.wav,in_support,periodic_resonance,0.9676860570907593
ToyCarEmu/train/section_00_source_train_normal_0417_car_C1_spd_2_mic_2_mic_1.wav,in_support,periodic_resonance,0.9895893335342407
ToyCarEmu/train/section_00_source_train_normal_0418_car_C1_spd_2_mic_2_mic_1.wav,in_support,amplitude_modulation,0.9313726425170898
ToyCarEmu/train/section_00_source_train_normal_0419_car_C1_spd_2_mic_2_mic_1.wav,in_support,periodic_resonance,0.9817942380905151
ToyCarEmu/train/section_00_source_train_normal_0420_car_C1_spd_2_mic_2_mic_1.wav,in_support,frequency_modulation,0.9755139350891113
ToyCarEmu/train/section_00_source_train_normal_0421_car_C1_spd_2_mic_2_mic_1.wav,in_support,frequency_modulation,0.9839259386062622
ToyCarEmu/train/section_00_source_train_normal_0422_car_C1_spd_2_mic_2_mic_1.wav,in_support,frequency_modulation,0.8949781060218811
ToyCarEmu/train/section_00_source_train_normal_0423_car_C2_spd_2_mic_2_mic_1.wav,in_support,amplitude_modulation,0.9479122757911682
ToyCarEmu/train/section_00_source_train_normal_0424_car_C2_spd_2_mic_2_mic_1.wav,in_support,amplitude_modulation,0.8300007581710815
ToyCarEmu/train/section_00_source_train_normal_0425_car_C2_spd_2_mic_2_mic_1.wav,in_support,amplitude_modulation,0.9612770676612854
ToyCarEmu/train/section_00_source_train_normal_0426_car_C2_spd_2_mic_2_mic_1.wav,in_support,amplitude_modulation,0.8584666848182678
ToyCarEmu/train/section_00_source_train_normal_0427_car_C2_spd_2_mic_2_mic_1.wav,in_support,periodic_resonance,0.9828043580055237
ToyCarEmu/train/section_00_source_train_normal_0428_car_C2_spd_2_mic_2_mic_1.wav,in_support,periodic_resonance,0.9217445850372314
ToyCarEmu/train/section_00_source_train_normal_0429_car_C2_spd_2_mic_2_mic_1.wav,in_support,frequency_modulation,0.9474906325340271
ToyCarEmu/train/section_00_source_train_normal_0430_car_C2_spd_2_mic_2_mic_1.wav,in_support,amplitude_modulation,0.9799931645393372
ToyCarEmu/train/section_00_source_train_normal_0431_car_C2_spd_2_mic_2_mic_1.wav,in_support,frequency_modulation,0.977715015411377
ToyCarEmu/train/section_00_source_train_normal_0432_car_C2_spd_2_mic_2_mic_1.wav,in_support,amplitude_modulation,0.8798145651817322
ToyCarEmu/train/section_00_source_train_normal_0433_car_C2_spd_2_mic_2_mic_1.wav,in_support,frequency_modulation,0.5287143588066101
ToyCarEmu/train/section_00_source_train_normal_0434_car_C2_spd_2_mic_2_mic_1.wav,in_support,amplitude_modulation,0.7491694092750549
ToyCarEmu/train/section_00_source_train_normal_0435_car_C2_spd_2_mic_2_mic_1.wav,in_support,amplitude_modulation,0.9747398495674133
ToyCarEmu/train/section_00_source_train_normal_0436_car_C2_spd_2_mic_2_mic_1.wav,in_support,periodic_resonance,0.9803480505943298
ToyCarEmu/train/section_00_source_train_normal_0437_car_C2_spd_2_mic_2_mic_1.wav,in_support,amplitude_modulation,0.8576198220252991
ToyCarEmu/train/section_00_source_train_normal_0438_car_C2_spd_2_mic_2_mic_1.wav,in_support,frequency_modulation,0.9496968984603882
ToyCarEmu/train/section_00_source_train_normal_0439_car_C2_spd_2_mic_2_mic_1.wav,in_support,periodic_resonance,0.948936939239502
ToyCarEmu/train/section_00_source_train_normal_0440_car_C2_spd_2_mic_2_mic_1.wav,in_support,amplitude_modulation,0.9198420643806458
ToyCarEmu/train/section_00_source_train_normal_0441_car_C2_spd_2_mic_2_mic_1.wav,in_support,periodic_resonance,0.9918705821037292
ToyCarEmu/train/section_00_source_train_normal_0442_car_C2_spd_2_mic_2_mic_1.wav,in_support,amplitude_modulation,0.9906721711158752
ToyCarEmu/train/section_00_source_train_normal_0443_car_C2_spd_2_mic_2_mic_1.wav,in_support,periodic_resonance,0.8599169254302979
ToyCarEmu/train/section_00_source_train_normal_0444_car_C2_spd_2_mic_2_mic_1.wav,in_support,periodic_resonance,0.8502954244613647
ToyCarEmu/train/section_00_source_train_normal_0445_car_C2_spd_2_mic_2_mic_1.wav,in_support,periodic_resonance,0.9682334065437317
ToyCarEmu/train/section_00_source_train_normal_0446_car_C2_spd_2_mic_2_mic_1.wav,in_support,amplitude_modulation,0.906518280506134
ToyCarEmu/train/section_00_source_train_normal_0447_car_C2_spd_2_mic_2_mic_1.wav,in_support,periodic_resonance,0.8953160643577576
ToyCarEmu/train/section_00_source_train_normal_0448_car_C1_spd_3_mic_2_mic_1.wav,in_support,amplitude_modulation,0.8836079239845276
ToyCarEmu/train/section_00_source_train_normal_0449_car_C1_spd_3_mic_2_mic_1.wav,in_support,frequency_modulation,0.9613967537879944
ToyCarEmu/train/section_00_source_train_normal_0450_car_C1_spd_3_mic_2_mic_1.wav,in_support,amplitude_modulation,0.9969769716262817
ToyCarEmu/train/section_00_source_train_normal_0451_car_C1_spd_3_mic_2_mic_1.wav,in_support,frequency_modulation,0.9691380262374878
ToyCarEmu/train/section_00_source_train_normal_0452_car_C1_spd_3_mic_2_mic_1.wav,in_support,periodic_resonance,0.9731771349906921
ToyCarEmu/train/section_00_source_train_normal_0453_car_C1_spd_3_mic_2_mic_1.wav,in_support,amplitude_modulation,0.9688603281974792
ToyCarEmu/train/section_00_source_train_normal_0454_car_C1_spd_3_mic_2_mic_1.wav,in_support,frequency_modulation,0.9581365585327148
ToyCarEmu/train/section_00_source_train_normal_0455_car_C1_spd_3_mic_2_mic_1.wav,in_support,frequency_modulation,0.9940641522407532
ToyCarEmu/train/section_00_source_train_normal_0456_car_C1_spd_3_mic_2_mic_1.wav,in_support,periodic_resonance,0.9684227108955383
ToyCarEmu/train/section_00_source_train_normal_0457_car_C1_spd_3_mic_2_mic_1.wav,in_support,frequency_modulation,0.896012544631958
ToyCarEmu/train/section_00_source_train_normal_0458_car_C1_spd_3_mic_2_mic_1.wav,in_support,frequency_modulation,0.9342954158782959
ToyCarEmu/train/section_00_source_train_normal_0459_car_C1_spd_3_mic_2_mic_1.wav,in_support,amplitude_modulation,0.9363198280334473
ToyCarEmu/train/section_00_source_train_normal_0460_car_C1_spd_3_mic_2_mic_1.wav,in_support,frequency_modulation,0.9514489769935608
ToyCarEmu/train/section_00_source_train_normal_0461_car_C1_spd_3_mic_2_mic_1.wav,in_support,periodic_resonance,0.9656473398208618
ToyCarEmu/train/section_00_source_train_normal_0462_car_C1_spd_3_mic_2_mic_1.wav,in_support,periodic_resonance,0.9384486079216003
ToyCarEmu/train/section_00_source_train_normal_0463_car_C1_spd_3_mic_2_mic_1.wav,in_support,periodic_resonance,0.9745129942893982
ToyCarEmu/train/section_00_source_train_normal_0464_car_C1_spd_3_mic_2_mic_1.wav,in_support,frequency_modulation,0.9663740396499634
ToyCarEmu/train/section_00_source_train_normal_0465_car_C1_spd_3_mic_2_mic_1.wav,in_support,frequency_modulation,0.9699543118476868
ToyCarEmu/train/section_00_source_train_normal_0466_car_C1_spd_3_mic_2_mic_1.wav,in_support,frequency_modulation,0.978401243686676
ToyCarEmu/train/section_00_source_train_normal_0467_car_C1_spd_3_mic_2_mic_1.wav,in_support,amplitude_modulation,0.865229606628418
ToyCarEmu/train/section_00_source_train_normal_0468_car_C1_spd_3_mic_2_mic_1.wav,in_support,periodic_resonance,0.9331471920013428
ToyCarEmu/train/section_00_source_train_normal_0469_car_C1_spd_3_mic_2_mic_1.wav,in_support,frequency_modulation,0.7801834940910339
ToyCarEmu/train/section_00_source_train_normal_0470_car_C1_spd_3_mic_2_mic_1.wav,in_support,periodic_resonance,0.9234078526496887
ToyCarEmu/train/section_00_source_train_normal_0471_car_C1_spd_3_mic_2_mic_1.wav,in_support,frequency_modulation,0.9254422783851624
ToyCarEmu/train/section_00_source_train_normal_0472_car_C1_spd_3_mic_2_mic_1.wav,in_support,frequency_modulation,0.5016397833824158
ToyCarEmu/train/section_00_source_train_normal_0473_car_C1_spd_3_mic_2_mic_1.wav,in_support,frequency_modulation,0.8224310278892517
ToyCarEmu/train/section_00_source_train_normal_0474_car_C1_spd_3_mic_2_mic_1.wav,in_support,periodic_resonance,0.9135181307792664
ToyCarEmu/train/section_00_source_train_normal_0475_car_C1_spd_3_mic_2_mic_1.wav,in_support,frequency_modulation,0.9806345105171204
ToyCarEmu/train/section_00_source_train_normal_0476_car_C1_spd_3_mic_2_mic_1.wav,in_support,amplitude_modulation,0.9623381495475769
ToyCarEmu/train/section_00_source_train_normal_0477_car_C1_spd_3_mic_2_mic_1.wav,in_support,frequency_modulation,0.8780434727668762
ToyCarEmu/train/section_00_source_train_normal_0478_car_C1_spd_3_mic_2_mic_1.wav,in_support,amplitude_modulation,0.790389358997345
ToyCarEmu/train/section_00_source_train_normal_0479_car_C1_spd_3_mic_2_mic_1.wav,in_support,amplitude_modulation,0.9985257983207703
ToyCarEmu/train/section_00_source_train_normal_0480_car_C1_spd_3_mic_2_mic_1.wav,in_support,amplitude_modulation,0.9937816262245178
ToyCarEmu/train/section_00_source_train_normal_0481_car_C1_spd_3_mic_2_mic_1.wav,in_support,frequency_modulation,0.8732282519340515
ToyCarEmu/train/section_00_source_train_normal_0482_car_C1_spd_3_mic_2_mic_1.wav,in_support,frequency_modulation,0.921541154384613
ToyCarEmu/train/section_00_source_train_normal_0483_car_C1_spd_3_mic_2_mic_1.wav,in_support,frequency_modulation,0.6826152801513672
ToyCarEmu/train/section_00_source_train_normal_0484_car_C1_spd_3_mic_2_mic_1.wav,in_support,periodic_resonance,0.5896959900856018
ToyCarEmu/train/section_00_source_train_normal_0485_car_C1_spd_3_mic_2_mic_1.wav,in_support,amplitude_modulation,0.7801406979560852
ToyCarEmu/train/section_00_source_train_normal_0486_car_C1_spd_3_mic_2_mic_1.wav,in_support,amplitude_modulation,0.7882754802703857
ToyCarEmu/train/section_00_source_train_normal_0487_car_C1_spd_3_mic_2_mic_1.wav,in_support,periodic_resonance,0.9749875664710999
ToyCarEmu/train/section_00_source_train_normal_0488_car_C1_spd_3_mic_2_mic_1.wav,in_support,amplitude_modulation,0.7522351145744324
ToyCarEmu/train/section_00_source_train_normal_0489_car_C1_spd_3_mic_2_mic_1.wav,in_support,periodic_resonance,0.994502067565918
ToyCarEmu/train/section_00_source_train_normal_0490_car_C1_spd_3_mic_2_mic_1.wav,in_support,frequency_modulation,0.5657177567481995
ToyCarEmu/train/section_00_source_train_normal_0491_car_C1_spd_3_mic_2_mic_1.wav,in_support,frequency_modulation,0.9272685050964355
ToyCarEmu/train/section_00_source_train_normal_0492_car_C1_spd_3_mic_2_mic_1.wav,in_support,amplitude_modulation,0.7940447330474854
ToyCarEmu/train/section_00_source_train_normal_0493_car_C1_spd_3_mic_2_mic_1.wav,in_support,amplitude_modulation,0.9366880059242249
ToyCarEmu/train/section_00_source_train_normal_0494_car_C2_spd_3_mic_2_mic_1.wav,in_support,periodic_resonance,0.9374582171440125
ToyCarEmu/train/section_00_source_train_normal_0495_car_C2_spd_3_mic_2_mic_1.wav,in_support,periodic_resonance,0.9098032116889954
ToyCarEmu/train/section_00_source_train_normal_0496_car_C2_spd_3_mic_2_mic_1.wav,in_support,amplitude_modulation,0.852025032043457
ToyCarEmu/train/section_00_source_train_normal_0497_car_C2_spd_3_mic_2_mic_1.wav,in_support,periodic_resonance,0.950885534286499
ToyCarEmu/train/section_00_source_train_normal_0498_car_C2_spd_3_mic_2_mic_1.wav,in_support,amplitude_modulation,0.7895045876502991
ToyCarEmu/train/section_00_source_train_normal_0499_car_C2_spd_3_mic_2_mic_1.wav,in_support,periodic_resonance,0.7172088623046875
ToyCarEmu/train/section_00_source_train_normal_0500_car_C2_spd_3_mic_2_mic_1.wav,in_support,frequency_modulation,0.9195340871810913
ToyCarEmu/train/section_00_source_train_normal_0501_car_C2_spd_3_mic_2_mic_1.wav,in_support,periodic_resonance,0.9909104108810425
ToyCarEmu/train/section_00_source_train_normal_0502_car_C2_spd_3_mic_2_mic_1.wav,in_support,periodic_resonance,0.8029605746269226
ToyCarEmu/train/section_00_source_train_normal_0503_car_C2_spd_3_mic_2_mic_1.wav,in_support,periodic_resonance,0.9885510802268982
ToyCarEmu/train/section_00_source_train_normal_0504_car_C2_spd_3_mic_2_mic_1.wav,in_support,periodic_resonance,0.9811897277832031
ToyCarEmu/train/section_00_source_train_normal_0505_car_C2_spd_3_mic_2_mic_1.wav,in_support,amplitude_modulation,0.9766761660575867
ToyCarEmu/train/section_00_source_train_normal_0506_car_C2_spd_3_mic_2_mic_1.wav,in_support,periodic_resonance,0.9681647419929504
ToyCarEmu/train/section_00_source_train_normal_0507_car_C2_spd_3_mic_2_mic_1.wav,in_support,periodic_resonance,0.9531682729721069
ToyCarEmu/train/section_00_source_train_normal_0508_car_C2_spd_3_mic_2_mic_1.wav,in_support,periodic_resonance,0.912060558795929
ToyCarEmu/train/section_00_source_train_normal_0509_car_C2_spd_3_mic_2_mic_1.wav,in_support,frequency_modulation,0.9907553791999817
ToyCarEmu/train/section_00_source_train_normal_0510_car_C2_spd_3_mic_2_mic_1.wav,in_support,frequency_modulation,0.8901764750480652
ToyCarEmu/train/section_00_source_train_normal_0511_car_C2_spd_3_mic_2_mic_1.wav,in_support,periodic_resonance,0.9754526615142822
ToyCarEmu/train/section_00_source_train_normal_0512_car_C2_spd_3_mic_2_mic_1.wav,in_support,periodic_resonance,0.9497051239013672
ToyCarEmu/train/section_00_source_train_normal_0513_car_C2_spd_3_mic_2_mic_1.wav,in_support,amplitude_modulation,0.7697296738624573
ToyCarEmu/train/section_00_source_train_normal_0514_car_C2_spd_3_mic_2_mic_1.wav,in_support,amplitude_modulation,0.9664760231971741
ToyCarEmu/train/section_00_source_train_normal_0515_car_C2_spd_3_mic_2_mic_1.wav,in_support,periodic_resonance,0.7582137584686279
ToyCarEmu/train/section_00_source_train_normal_0516_car_C2_spd_3_mic_2_mic_1.wav,in_support,frequency_modulation,0.835991382598877
ToyCarEmu/train/section_00_source_train_normal_0517_car_C2_spd_3_mic_2_mic_1.wav,in_support,periodic_resonance,0.9441356062889099
ToyCarEmu/train/section_00_source_train_normal_0518_car_C2_spd_3_mic_2_mic_1.wav,in_support,frequency_modulation,0.9343220591545105
ToyCarEmu/train/section_00_source_train_normal_0519_car_C1_spd_3_mic_2_mic_1.wav,in_support,frequency_modulation,0.9485856294631958
ToyCarEmu/train/section_00_source_train_normal_0520_car_C1_spd_3_mic_2_mic_1.wav,in_support,amplitude_modulation,0.6477685570716858
ToyCarEmu/train/section_00_source_train_normal_0521_car_C1_spd_3_mic_2_mic_1.wav,in_support,frequency_modulation,0.9359163641929626
ToyCarEmu/train/section_00_source_train_normal_0522_car_C1_spd_3_mic_2_mic_1.wav,in_support,frequency_modulation,0.9826478958129883
ToyCarEmu/train/section_00_source_train_normal_0523_car_C1_spd_3_mic_2_mic_1.wav,in_support,amplitude_modulation,0.8614301085472107
ToyCarEmu/train/section_00_source_train_normal_0524_car_C1_spd_3_mic_2_mic_1.wav,in_support,frequency_modulation,0.8737648725509644
ToyCarEmu/train/section_00_source_train_normal_0525_car_C1_spd_3_mic_2_mic_1.wav,in_support,amplitude_modulation,0.9743549823760986
ToyCarEmu/train/section_00_source_train_normal_0526_car_C1_spd_3_mic_2_mic_1.wav,in_support,periodic_resonance,0.8333197236061096
ToyCarEmu/train/section_00_source_train_normal_0527_car_C1_spd_3_mic_2_mic_1.wav,in_support,amplitude_modulation,0.8343332409858704
ToyCarEmu/train/section_00_source_train_normal_0528_car_C1_spd_3_mic_2_mic_1.wav,in_support,amplitude_modulation,0.9535284638404846
ToyCarEmu/train/section_00_source_train_normal_0529_car_C1_spd_3_mic_2_mic_1.wav,in_support,amplitude_modulation,0.9039032459259033
ToyCarEmu/train/section_00_source_train_normal_0530_car_C1_spd_3_mic_2_mic_1.wav,in_support,periodic_resonance,0.9863914847373962
ToyCarEmu/train/section_00_source_train_normal_0531_car_C1_spd_3_mic_2_mic_1.wav,in_support,frequency_modulation,0.9100013971328735
ToyCarEmu/train/section_00_source_train_normal_0532_car_C1_spd_3_mic_2_mic_1.wav,in_support,amplitude_modulation,0.8894903063774109
ToyCarEmu/train/section_00_source_train_normal_0533_car_C1_spd_3_mic_2_mic_1.wav,in_support,frequency_modulation,0.9464054703712463
ToyCarEmu/train/section_00_source_train_normal_0534_car_C1_spd_3_mic_2_mic_1.wav,in_support,amplitude_modulation,0.9967498779296875
ToyCarEmu/train/section_00_source_train_normal_0535_car_C1_spd_3_mic_2_mic_1.wav,in_support,periodic_resonance,0.8546362519264221
ToyCarEmu/train/section_00_source_train_normal_0536_car_C1_spd_3_mic_2_mic_1.wav,in_support,periodic_resonance,0.998956561088562
ToyCarEmu/train/section_00_source_train_normal_0537_car_C1_spd_3_mic_2_mic_1.wav,in_support,periodic_resonance,0.9745274186134338
ToyCarEmu/train/section_00_source_train_normal_0538_car_C1_spd_3_mic_2_mic_1.wav,in_support,periodic_resonance,0.9922955632209778
ToyCarEmu/train/section_00_source_train_normal_0539_car_C1_spd_3_mic_2_mic_1.wav,in_support,amplitude_modulation,0.9397584795951843
ToyCarEmu/train/section_00_source_train_normal_0540_car_C1_spd_3_mic_2_mic_1.wav,in_support,frequency_modulation,0.9042361974716187
ToyCarEmu/train/section_00_source_train_normal_0541_car_C1_spd_3_mic_2_mic_1.wav,in_support,frequency_modulation,0.9929344058036804
ToyCarEmu/train/section_00_source_train_normal_0542_car_C1_spd_3_mic_2_mic_1.wav,in_support,frequency_modulation,0.9600942730903625
ToyCarEmu/train/section_00_source_train_normal_0543_car_C1_spd_3_mic_2_mic_1.wav,in_support,frequency_modulation,0.9448043704032898
ToyCarEmu/train/section_00_source_train_normal_0544_car_C1_spd_5_mic_2_mic_1.wav,in_support,amplitude_modulation,0.9191779494285583
ToyCarEmu/train/section_00_source_train_normal_0545_car_C1_spd_5_mic_2_mic_1.wav,in_support,periodic_resonance,0.9906138181686401
ToyCarEmu/train/section_00_source_train_normal_0546_car_C1_spd_5_mic_2_mic_1.wav,in_support,periodic_resonance,0.9819816946983337
ToyCarEmu/train/section_00_source_train_normal_0547_car_C1_spd_5_mic_2_mic_1.wav,in_support,frequency_modulation,0.9663286209106445
ToyCarEmu/train/section_00_source_train_normal_0548_car_C1_spd_5_mic_2_mic_1.wav,in_support,amplitude_modulation,0.9368614554405212
ToyCarEmu/train/section_00_source_train_normal_0549_car_C1_spd_5_mic_2_mic_1.wav,in_support,frequency_modulation,0.9981970191001892
ToyCarEmu/train/section_00_source_train_normal_0550_car_C1_spd_5_mic_2_mic_1.wav,in_support,periodic_resonance,0.9184005856513977
ToyCarEmu/train/section_00_source_train_normal_0551_car_C1_spd_5_mic_2_mic_1.wav,in_support,frequency_modulation,0.9336879253387451
ToyCarEmu/train/section_00_source_train_normal_0552_car_C1_spd_5_mic_2_mic_1.wav,in_support,periodic_resonance,0.97416090965271
ToyCarEmu/train/section_00_source_train_normal_0553_car_C1_spd_5_mic_2_mic_1.wav,in_support,periodic_resonance,0.936554491519928
ToyCarEmu/train/section_00_source_train_normal_0554_car_C1_spd_5_mic_2_mic_1.wav,in_support,frequency_modulation,0.9134045839309692
ToyCarEmu/train/section_00_source_train_normal_0555_car_C1_spd_5_mic_2_mic_1.wav,in_support,periodic_resonance,0.9934483170509338
ToyCarEmu/train/section_00_source_train_normal_0556_car_C1_spd_5_mic_2_mic_1.wav,in_support,periodic_resonance,0.9650145769119263
ToyCarEmu/train/section_00_source_train_normal_0557_car_C1_spd_5_mic_2_mic_1.wav,in_support,periodic_resonance,0.9191319942474365
ToyCarEmu/train/section_00_source_train_normal_0558_car_C1_spd_5_mic_2_mic_1.wav,in_support,frequency_modulation,0.9702066779136658
ToyCarEmu/train/section_00_source_train_normal_0559_car_C1_spd_5_mic_2_mic_1.wav,in_support,frequency_modulation,0.9972060918807983
ToyCarEmu/train/section_00_source_train_normal_0560_car_C1_spd_5_mic_2_mic_1.wav,in_support,amplitude_modulation,0.7883133888244629
ToyCarEmu/train/section_00_source_train_normal_0561_car_C1_spd_5_mic_2_mic_1.wav,in_support,frequency_modulation,0.959396243095398
ToyCarEmu/train/section_00_source_train_normal_0562_car_C1_spd_5_mic_2_mic_1.wav,in_support,amplitude_modulation,0.9592118859291077
ToyCarEmu/train/section_00_source_train_normal_0563_car_C1_spd_5_mic_2_mic_1.wav,in_support,frequency_modulation,0.962020993232727
ToyCarEmu/train/section_00_source_train_normal_0564_car_C1_spd_5_mic_2_mic_1.wav,in_support,amplitude_modulation,0.9852113723754883
ToyCarEmu/train/section_00_source_train_normal_0565_car_C1_spd_5_mic_2_mic_1.wav,in_support,periodic_resonance,0.9833393096923828
ToyCarEmu/train/section_00_source_train_normal_0566_car_C2_spd_5_mic_2_mic_1.wav,in_support,frequency_modulation,0.9929251074790955
ToyCarEmu/train/section_00_source_train_normal_0567_car_C2_spd_5_mic_2_mic_1.wav,in_support,frequency_modulation,0.8530842661857605
ToyCarEmu/train/section_00_source_train_normal_0568_car_C2_spd_5_mic_2_mic_1.wav,in_support,frequency_modulation,0.9817062616348267
ToyCarEmu/train/section_00_source_train_normal_0569_car_C2_spd_5_mic_2_mic_1.wav,in_support,amplitude_modulation,0.9570804834365845
ToyCarEmu/train/section_00_source_train_normal_0570_car_C2_spd_5_mic_2_mic_1.wav,in_support,frequency_modulation,0.8885384202003479
ToyCarEmu/train/section_00_source_train_normal_0571_car_C2_spd_5_mic_2_mic_1.wav,in_support,frequency_modulation,0.9785826206207275
ToyCarEmu/train/section_00_source_train_normal_0572_car_C2_spd_5_mic_2_mic_1.wav,in_support,periodic_resonance,0.8678291440010071
ToyCarEmu/train/section_00_source_train_normal_0573_car_C2_spd_5_mic_2_mic_1.wav,in_support,frequency_modulation,0.9927886724472046
ToyCarEmu/train/section_00_source_train_normal_0574_car_C2_spd_5_mic_2_mic_1.wav,in_support,periodic_resonance,0.9983473420143127
ToyCarEmu/train/section_00_source_train_normal_0575_car_C2_spd_5_mic_2_mic_1.wav,in_support,frequency_modulation,0.9871379733085632
ToyCarEmu/train/section_00_source_train_normal_0576_car_C2_spd_5_mic_2_mic_1.wav,in_support,amplitude_modulation,0.987780749797821
ToyCarEmu/train/section_00_source_train_normal_0577_car_C2_spd_5_mic_2_mic_1.wav,in_support,periodic_resonance,0.9799621105194092
ToyCarEmu/train/section_00_source_train_normal_0578_car_C2_spd_5_mic_2_mic_1.wav,in_support,amplitude_modulation,0.9440663456916809
ToyCarEmu/train/section_00_source_train_normal_0579_car_C2_spd_5_mic_2_mic_1.wav,in_support,frequency_modulation,0.9658809304237366
ToyCarEmu/train/section_00_source_train_normal_0580_car_C2_spd_5_mic_2_mic_1.wav,in_support,periodic_resonance,0.9107152223587036
ToyCarEmu/train/section_00_source_train_normal_0581_car_C2_spd_5_mic_2_mic_1.wav,in_support,frequency_modulation,0.9828616976737976
ToyCarEmu/train/section_00_source_train_normal_0582_car_C2_spd_5_mic_2_mic_1.wav,in_support,periodic_resonance,0.841484546661377
ToyCarEmu/train/section_00_source_train_normal_0583_car_C2_spd_5_mic_2_mic_1.wav,in_support,periodic_resonance,0.9906523823738098
ToyCarEmu/train/section_00_source_train_normal_0584_car_C2_spd_5_mic_2_mic_1.wav,in_support,periodic_resonance,0.9431847333908081
ToyCarEmu/train/section_00_source_train_normal_0585_car_C2_spd_5_mic_2_mic_1.wav,in_support,frequency_modulation,0.9908531308174133
ToyCarEmu/train/section_00_source_train_normal_0586_car_C1_spd_5_mic_2_mic_1.wav,in_support,amplitude_modulation,0.9344931244850159
ToyCarEmu/train/section_00_source_train_normal_0587_car_C1_spd_5_mic_2_mic_1.wav,in_support,frequency_modulation,0.8673502802848816
ToyCarEmu/train/section_00_source_train_normal_0588_car_C1_spd_5_mic_2_mic_1.wav,in_support,frequency_modulation,0.9973721504211426
ToyCarEmu/train/section_00_source_train_normal_0589_car_C1_spd_5_mic_2_mic_1.wav,in_support,frequency_modulation,0.9965165853500366
ToyCarEmu/train/section_00_source_train_normal_0590_car_C1_spd_5_mic_2_mic_1.wav,in_support,amplitude_modulation,0.9775440692901611
ToyCarEmu/train/section_00_source_train_normal_0591_car_C1_spd_5_mic_2_mic_1.wav,in_support,frequency_modulation,0.9899023175239563
ToyCarEmu/train/section_00_source_train_normal_0592_car_C1_spd_5_mic_2_mic_1.wav,in_support,frequency_modulation,0.9922202229499817
ToyCarEmu/train/section_00_source_train_normal_0593_car_C1_spd_5_mic_2_mic_1.wav,in_support,amplitude_modulation,0.8857011795043945
ToyCarEmu/train/section_00_source_train_normal_0594_car_C1_spd_5_mic_2_mic_1.wav,in_support,amplitude_modulation,0.9432231783866882
ToyCarEmu/train/section_00_source_train_normal_0595_car_C1_spd_5_mic_2_mic_1.wav,in_support,frequency_modulation,0.9928152561187744
ToyCarEmu/train/section_00_source_train_normal_0596_car_C1_spd_5_mic_2_mic_1.wav,in_support,frequency_modulation,0.9931975603103638
ToyCarEmu/train/section_00_source_train_normal_0597_car_C1_spd_5_mic_2_mic_1.wav,in_support,frequency_modulation,0.9267438054084778
ToyCarEmu/train/section_00_source_train_normal_0598_car_C1_spd_5_mic_2_mic_1.wav,in_support,frequency_modulation,0.6425372958183289
ToyCarEmu/train/section_00_source_train_normal_0599_car_C1_spd_5_mic_2_mic_1.wav,in_support,amplitude_modulation,0.7978889346122742
ToyCarEmu/train/section_00_source_train_normal_0600_car_C1_spd_5_mic_2_mic_1.wav,in_support,amplitude_modulation,0.887091338634491
ToyCarEmu/train/section_00_source_train_normal_0601_car_C1_spd_5_mic_2_mic_1.wav,in_support,amplitude_modulation,0.9685789942741394
ToyCarEmu/train/section_00_source_train_normal_0602_car_C1_spd_5_mic_2_mic_1.wav,in_support,periodic_resonance,0.8328761458396912
ToyCarEmu/train/section_00_source_train_normal_0603_car_C1_spd_5_mic_2_mic_1.wav,in_support,amplitude_modulation,0.793158233165741
ToyCarEmu/train/section_00_source_train_normal_0604_car_C1_spd_5_mic_2_mic_1.wav,in_support,frequency_modulation,0.7759888172149658
ToyCarEmu/train/section_00_source_train_normal_0605_car_C1_spd_5_mic_2_mic_1.wav,in_support,amplitude_modulation,0.9613462686538696
ToyCarEmu/train/section_00_source_train_normal_0606_car_C1_spd_5_mic_2_mic_1.wav,in_support,periodic_resonance,0.9801737666130066
ToyCarEmu/train/section_00_source_train_normal_0607_car_C1_spd_5_mic_2_mic_1.wav,in_support,frequency_modulation,0.9674327969551086
ToyCarEmu/train/section_00_source_train_normal_0608_car_C1_spd_5_mic_2_mic_1.wav,in_support,frequency_modulation,0.9683233499526978
ToyCarEmu/train/section_00_source_train_normal_0609_car_C1_spd_5_mic_2_mic_1.wav,in_support,frequency_modulation,0.8635413646697998
ToyCarEmu/train/section_00_source_train_normal_0610_car_C1_spd_5_mic_2_mic_1.wav,in_support,frequency_modulation,0.8851624131202698
ToyCarEmu/train/section_00_source_train_normal_0611_car_C1_spd_5_mic_2_mic_1.wav,in_support,periodic_resonance,0.9477041363716125
ToyCarEmu/train/section_00_source_train_normal_0612_car_C1_spd_5_mic_2_mic_1.wav,in_support,periodic_resonance,0.9893903136253357
ToyCarEmu/train/section_00_source_train_normal_0613_car_C1_spd_5_mic_2_mic_1.wav,in_support,periodic_resonance,0.9932655096054077
ToyCarEmu/train/section_00_source_train_normal_0614_car_C1_spd_5_mic_2_mic_1.wav,in_support,amplitude_modulation,0.9963553547859192
ToyCarEmu/train/section_00_source_train_normal_0615_car_C1_spd_5_mic_2_mic_1.wav,in_support,amplitude_modulation,0.924686074256897
ToyCarEmu/train/section_00_source_train_normal_0616_car_C1_spd_5_mic_2_mic_1.wav,in_support,periodic_resonance,0.9795645475387573
ToyCarEmu/train/section_00_source_train_normal_0617_car_C1_spd_5_mic_2_mic_1.wav,in_support,frequency_modulation,0.6667354702949524
ToyCarEmu/train/section_00_source_train_normal_0618_car_C1_spd_5_mic_2_mic_1.wav,in_support,frequency_modulation,0.9063881039619446
ToyCarEmu/train/section_00_source_train_normal_0619_car_C1_spd_5_mic_2_mic_1.wav,in_support,amplitude_modulation,0.9838988780975342
ToyCarEmu/train/section_00_source_train_normal_0620_car_C1_spd_5_mic_2_mic_1.wav,in_support,frequency_modulation,0.5995047092437744
ToyCarEmu/train/section_00_source_train_normal_0621_car_C1_spd_5_mic_2_mic_1.wav,in_support,periodic_resonance,0.8630833625793457
ToyCarEmu/train/section_00_source_train_normal_0622_car_C1_spd_5_mic_2_mic_1.wav,in_support,periodic_resonance,0.829424262046814
ToyCarEmu/train/section_00_source_train_normal_0623_car_C1_spd_5_mic_2_mic_1.wav,in_support,periodic_resonance,0.9430364370346069
ToyCarEmu/train/section_00_source_train_normal_0624_car_C1_spd_5_mic_2_mic_1.wav,in_support,amplitude_modulation,0.7708797454833984
ToyCarEmu/train/section_00_source_train_normal_0625_car_C1_spd_5_mic_2_mic_1.wav,in_support,periodic_resonance,0.9751264452934265
ToyCarEmu/train/section_00_source_train_normal_0626_car_C1_spd_5_mic_2_mic_1.wav,in_support,amplitude_modulation,0.8298472166061401
ToyCarEmu/train/section_00_source_train_normal_0627_car_C1_spd_5_mic_2_mic_1.wav,in_support,frequency_modulation,0.9541012644767761
ToyCarEmu/train/section_00_source_train_normal_0628_car_C1_spd_5_mic_2_mic_1.wav,in_support,frequency_modulation,0.9817532300949097
ToyCarEmu/train/section_00_source_train_normal_0629_car_C1_spd_5_mic_2_mic_1.wav,in_support,periodic_resonance,0.9946796298027039
ToyCarEmu/train/section_00_source_train_normal_0630_car_C1_spd_5_mic_2_mic_1.wav,in_support,periodic_resonance,0.8837451934814453
ToyCarEmu/train/section_00_source_train_normal_0631_car_C1_spd_5_mic_2_mic_1.wav,in_support,amplitude_modulation,0.9921170473098755
ToyCarEmu/train/section_00_source_train_normal_0632_car_C1_spd_5_mic_2_mic_1.wav,in_support,frequency_modulation,0.9349768161773682
ToyCarEmu/train/section_00_source_train_normal_0633_car_C1_spd_5_mic_2_mic_1.wav,in_support,periodic_resonance,0.9999643564224243
ToyCarEmu/train/section_00_source_train_normal_0634_car_C1_spd_5_mic_2_mic_1.wav,in_support,amplitude_modulation,0.9478940963745117
ToyCarEmu/train/section_00_source_train_normal_0635_car_C1_spd_5_mic_2_mic_1.wav,in_support,amplitude_modulation,0.6500275135040283
ToyCarEmu/train/section_00_source_train_normal_0636_car_C2_spd_5_mic_2_mic_1.wav,in_support,frequency_modulation,0.7436038851737976
ToyCarEmu/train/section_00_source_train_normal_0637_car_C2_spd_5_mic_2_mic_1.wav,in_support,amplitude_modulation,0.8958241939544678
ToyCarEmu/train/section_00_source_train_normal_0638_car_C2_spd_5_mic_2_mic_1.wav,in_support,periodic_resonance,0.9620634317398071
ToyCarEmu/train/section_00_source_train_normal_0639_car_C2_spd_5_mic_2_mic_1.wav,in_support,amplitude_modulation,0.8340706825256348
ToyCarEmu/train/section_00_source_train_normal_0640_car_C2_spd_5_mic_2_mic_1.wav,in_support,periodic_resonance,0.9792704582214355
ToyCarEmu/train/section_00_source_train_normal_0641_car_C2_spd_5_mic_2_mic_1.wav,in_support,periodic_resonance,0.9531962275505066
ToyCarEmu/train/section_00_source_train_normal_0642_car_C2_spd_5_mic_2_mic_1.wav,in_support,frequency_modulation,0.9866592288017273
ToyCarEmu/train/section_00_source_train_normal_0643_car_C2_spd_5_mic_2_mic_1.wav,in_support,periodic_resonance,0.9922980666160583
ToyCarEmu/train/section_00_source_train_normal_0644_car_C2_spd_5_mic_2_mic_1.wav,in_support,periodic_resonance,0.7913618087768555
ToyCarEmu/train/section_00_source_train_normal_0645_car_C2_spd_5_mic_2_mic_1.wav,in_support,amplitude_modulation,0.763401210308075
ToyCarEmu/train/section_00_source_train_normal_0646_car_C2_spd_5_mic_2_mic_1.wav,in_support,periodic_resonance,0.9680666327476501
ToyCarEmu/train/section_00_source_train_normal_0647_car_C2_spd_5_mic_2_mic_1.wav,in_support,periodic_resonance,0.962178647518158
ToyCarEmu/train/section_00_source_train_normal_0648_car_C2_spd_5_mic_2_mic_1.wav,in_support,frequency_modulation,0.993157684803009
ToyCarEmu/train/section_00_source_train_normal_0649_car_C2_spd_5_mic_2_mic_1.wav,in_support,frequency_modulation,0.9928311109542847
ToyCarEmu/train/section_00_source_train_normal_0650_car_C2_spd_5_mic_2_mic_1.wav,in_support,frequency_modulation,0.9878629446029663
ToyCarEmu/train/section_00_source_train_normal_0651_car_C2_spd_5_mic_2_mic_1.wav,in_support,amplitude_modulation,0.8786665797233582
ToyCarEmu/train/section_00_source_train_normal_0652_car_C2_spd_5_mic_2_mic_1.wav,in_support,amplitude_modulation,0.9287082552909851
ToyCarEmu/train/section_00_source_train_normal_0653_car_C2_spd_5_mic_2_mic_1.wav,in_support,frequency_modulation,0.9443385601043701
ToyCarEmu/train/section_00_source_train_normal_0654_car_C2_spd_5_mic_2_mic_1.wav,in_support,periodic_resonance,0.9840792417526245
ToyCarEmu/train/section_00_source_train_normal_0655_car_C2_spd_5_mic_2_mic_1.wav,in_support,periodic_resonance,0.9262796640396118
ToyCarEmu/train/section_00_source_train_normal_0656_car_C2_spd_5_mic_2_mic_1.wav,in_support,periodic_resonance,0.6618635058403015
ToyCarEmu/train/section_00_source_train_normal_0657_car_C2_spd_5_mic_2_mic_1.wav,in_support,periodic_resonance,0.9898441433906555
ToyCarEmu/train/section_00_source_train_normal_0658_car_C2_spd_5_mic_2_mic_1.wav,in_support,frequency_modulation,0.9830289483070374
ToyCarEmu/train/section_00_source_train_normal_0659_car_C2_spd_5_mic_2_mic_1.wav,in_support,frequency_modulation,0.9689030051231384
ToyCarEmu/train/section_00_source_train_normal_0660_car_C2_spd_5_mic_2_mic_1.wav,in_support,frequency_modulation,0.8807340264320374
ToyCarEmu/train/section_00_source_train_normal_0661_car_D1_spd_2_mic_2_mic_1.wav,in_support,frequency_modulation,0.87070631980896
ToyCarEmu/train/section_00_source_train_normal_0662_car_D1_spd_2_mic_2_mic_1.wav,in_support,periodic_resonance,0.9923239946365356
ToyCarEmu/train/section_00_source_train_normal_0663_car_D1_spd_2_mic_2_mic_1.wav,in_support,periodic_resonance,0.9903182983398438
ToyCarEmu/train/section_00_source_train_normal_0664_car_D1_spd_2_mic_2_mic_1.wav,in_support,periodic_resonance,0.967627227306366
ToyCarEmu/train/section_00_source_train_normal_0665_car_D1_spd_2_mic_2_mic_1.wav,in_support,amplitude_modulation,0.8694387674331665
ToyCarEmu/train/section_00_source_train_normal_0666_car_D1_spd_2_mic_2_mic_1.wav,in_support,periodic_resonance,0.9744992256164551
ToyCarEmu/train/section_00_source_train_normal_0667_car_D1_spd_2_mic_2_mic_1.wav,in_support,periodic_resonance,0.9890254139900208
ToyCarEmu/train/section_00_source_train_normal_0668_car_D1_spd_2_mic_2_mic_1.wav,in_support,amplitude_modulation,0.5470610857009888
ToyCarEmu/train/section_00_source_train_normal_0669_car_D1_spd_2_mic_2_mic_1.wav,in_support,periodic_resonance,0.7219221591949463
ToyCarEmu/train/section_00_source_train_normal_0670_car_D1_spd_2_mic_2_mic_1.wav,in_support,amplitude_modulation,0.8982558846473694
ToyCarEmu/train/section_00_source_train_normal_0671_car_D1_spd_2_mic_2_mic_1.wav,in_support,periodic_resonance,0.9570077657699585
ToyCarEmu/train/section_00_source_train_normal_0672_car_D1_spd_2_mic_2_mic_1.wav,in_support,amplitude_modulation,0.9689438343048096
ToyCarEmu/train/section_00_source_train_normal_0673_car_D1_spd_2_mic_2_mic_1.wav,in_support,amplitude_modulation,0.9422578811645508
ToyCarEmu/train/section_00_source_train_normal_0674_car_D1_spd_2_mic_2_mic_1.wav,in_support,frequency_modulation,0.8881099820137024
ToyCarEmu/train/section_00_source_train_normal_0675_car_D1_spd_2_mic_2_mic_1.wav,in_support,periodic_resonance,0.9836143851280212
ToyCarEmu/train/section_00_source_train_normal_0676_car_D1_spd_2_mic_2_mic_1.wav,in_support,periodic_resonance,0.8927397727966309
ToyCarEmu/train/section_00_source_train_normal_0677_car_D1_spd_2_mic_2_mic_1.wav,in_support,frequency_modulation,0.9749910831451416
ToyCarEmu/train/section_00_source_train_normal_0678_car_D1_spd_2_mic_2_mic_1.wav,in_support,amplitude_modulation,0.9969439506530762
ToyCarEmu/train/section_00_source_train_normal_0679_car_D1_spd_2_mic_2_mic_1.wav,in_support,amplitude_modulation,0.9850219488143921
ToyCarEmu/train/section_00_source_train_normal_0680_car_D1_spd_2_mic_2_mic_1.wav,in_support,amplitude_modulation,0.8662534952163696
ToyCarEmu/train/section_00_source_train_normal_0681_car_D1_spd_2_mic_2_mic_1.wav,in_support,amplitude_modulation,0.977749764919281
ToyCarEmu/train/section_00_source_train_normal_0682_car_D1_spd_2_mic_2_mic_1.wav,in_support,periodic_resonance,0.9699525237083435
ToyCarEmu/train/section_00_source_train_normal_0683_car_D2_spd_2_mic_2_mic_1.wav,in_support,frequency_modulation,0.9460980296134949
ToyCarEmu/train/section_00_source_train_normal_0684_car_D2_spd_2_mic_2_mic_1.wav,in_support,periodic_resonance,0.9595690965652466
ToyCarEmu/train/section_00_source_train_normal_0685_car_D2_spd_2_mic_2_mic_1.wav,in_support,periodic_resonance,0.9612010717391968
ToyCarEmu/train/section_00_source_train_normal_0686_car_D2_spd_2_mic_2_mic_1.wav,in_support,frequency_modulation,0.8399580121040344
ToyCarEmu/train/section_00_source_train_normal_0687_car_D2_spd_2_mic_2_mic_1.wav,in_support,periodic_resonance,0.987343430519104
ToyCarEmu/train/section_00_source_train_normal_0688_car_D2_spd_2_mic_2_mic_1.wav,in_support,periodic_resonance,0.9582993388175964
ToyCarEmu/train/section_00_source_train_normal_0689_car_D2_spd_2_mic_2_mic_1.wav,in_support,periodic_resonance,0.5111520886421204
ToyCarEmu/train/section_00_source_train_normal_0690_car_D2_spd_2_mic_2_mic_1.wav,in_support,frequency_modulation,0.982530415058136
ToyCarEmu/train/section_00_source_train_normal_0691_car_D2_spd_2_mic_2_mic_1.wav,in_support,periodic_resonance,0.9547910094261169
ToyCarEmu/train/section_00_source_train_normal_0692_car_D2_spd_2_mic_2_mic_1.wav,in_support,frequency_modulation,0.7560632228851318
ToyCarEmu/train/section_00_source_train_normal_0693_car_D2_spd_2_mic_2_mic_1.wav,in_support,frequency_modulation,0.9501375555992126
ToyCarEmu/train/section_00_source_train_normal_0694_car_D2_spd_2_mic_2_mic_1.wav,in_support,periodic_resonance,0.9152573943138123
ToyCarEmu/train/section_00_source_train_normal_0695_car_D2_spd_2_mic_2_mic_1.wav,in_support,periodic_resonance,0.9543768167495728
ToyCarEmu/train/section_00_source_train_normal_0696_car_D2_spd_2_mic_2_mic_1.wav,in_support,frequency_modulation,0.8707032203674316
ToyCarEmu/train/section_00_source_train_normal_0697_car_D2_spd_2_mic_2_mic_1.wav,in_support,frequency_modulation,0.9305233955383301
ToyCarEmu/train/section_00_source_train_normal_0698_car_D2_spd_2_mic_2_mic_1.wav,in_support,periodic_resonance,0.9720684289932251
ToyCarEmu/train/section_00_source_train_normal_0699_car_D2_spd_2_mic_2_mic_1.wav,in_support,periodic_resonance,0.9926905035972595
ToyCarEmu/train/section_00_source_train_normal_0700_car_D2_spd_2_mic_2_mic_1.wav,in_support,periodic_resonance,0.985034167766571
ToyCarEmu/train/section_00_source_train_normal_0701_car_D2_spd_2_mic_2_mic_1.wav,in_support,frequency_modulation,0.9176303744316101
ToyCarEmu/train/section_00_source_train_normal_0702_car_D2_spd_2_mic_2_mic_1.wav,in_support,periodic_resonance,0.96614009141922
ToyCarEmu/train/section_00_source_train_normal_0703_car_D1_spd_2_mic_2_mic_1.wav,in_support,amplitude_modulation,0.9831758737564087
ToyCarEmu/train/section_00_source_train_normal_0704_car_D1_spd_2_mic_2_mic_1.wav,in_support,periodic_resonance,0.9894664883613586
ToyCarEmu/train/section_00_source_train_normal_0705_car_D1_spd_2_mic_2_mic_1.wav,in_support,amplitude_modulation,0.9980319142341614
ToyCarEmu/train/section_00_source_train_normal_0706_car_D1_spd_2_mic_2_mic_1.wav,in_support,frequency_modulation,0.9751495718955994
ToyCarEmu/train/section_00_source_train_normal_0707_car_D1_spd_2_mic_2_mic_1.wav,in_support,frequency_modulation,0.9812009930610657
ToyCarEmu/train/section_00_source_train_normal_0708_car_D1_spd_2_mic_2_mic_1.wav,in_support,amplitude_modulation,0.7958883047103882
ToyCarEmu/train/section_00_source_train_normal_0709_car_D1_spd_2_mic_2_mic_1.wav,in_support,amplitude_modulation,0.9745383262634277
ToyCarEmu/train/section_00_source_train_normal_0710_car_D1_spd_2_mic_2_mic_1.wav,in_support,amplitude_modulation,0.9955410361289978
ToyCarEmu/train/section_00_source_train_normal_0711_car_D1_spd_2_mic_2_mic_1.wav,in_support,frequency_modulation,0.9473133087158203
ToyCarEmu/train/section_00_source_train_normal_0712_car_D1_spd_2_mic_2_mic_1.wav,in_support,frequency_modulation,0.947529137134552
ToyCarEmu/train/section_00_source_train_normal_0713_car_D1_spd_2_mic_2_mic_1.wav,in_support,amplitude_modulation,0.9745467901229858
ToyCarEmu/train/section_00_source_train_normal_0714_car_D1_spd_2_mic_2_mic_1.wav,in_support,amplitude_modulation,0.9094770550727844
ToyCarEmu/train/section_00_source_train_normal_0715_car_D1_spd_2_mic_2_mic_1.wav,in_support,amplitude_modulation,0.9870469570159912
ToyCarEmu/train/section_00_source_train_normal_0716_car_D1_spd_2_mic_2_mic_1.wav,in_support,frequency_modulation,0.9768857359886169
ToyCarEmu/train/section_00_source_train_normal_0717_car_D1_spd_2_mic_2_mic_1.wav,in_support,frequency_modulation,0.8676741719245911
ToyCarEmu/train/section_00_source_train_normal_0718_car_D1_spd_2_mic_2_mic_1.wav,in_support,amplitude_modulation,0.9553583860397339
ToyCarEmu/train/section_00_source_train_normal_0719_car_D1_spd_2_mic_2_mic_1.wav,in_support,amplitude_modulation,0.8765384554862976
ToyCarEmu/train/section_00_source_train_normal_0720_car_D1_spd_2_mic_2_mic_1.wav,in_support,amplitude_modulation,0.9885671734809875
ToyCarEmu/train/section_00_source_train_normal_0721_car_D1_spd_2_mic_2_mic_1.wav,in_support,periodic_resonance,0.9780957698822021
ToyCarEmu/train/section_00_source_train_normal_0722_car_D1_spd_2_mic_2_mic_1.wav,in_support,periodic_resonance,0.3280486464500427
ToyCarEmu/train/section_00_source_train_normal_0723_car_D1_spd_2_mic_2_mic_1.wav,in_support,amplitude_modulation,0.8024966716766357
ToyCarEmu/train/section_00_source_train_normal_0724_car_D1_spd_2_mic_2_mic_1.wav,in_support,periodic_resonance,0.9348660707473755
ToyCarEmu/train/section_00_source_train_normal_0725_car_D1_spd_2_mic_2_mic_1.wav,in_support,periodic_resonance,0.9364224076271057
ToyCarEmu/train/section_00_source_train_normal_0726_car_D1_spd_2_mic_2_mic_1.wav,in_support,amplitude_modulation,0.5753246545791626
ToyCarEmu/train/section_00_source_train_normal_0727_car_D1_spd_2_mic_2_mic_1.wav,in_support,frequency_modulation,0.9985507726669312
ToyCarEmu/train/section_00_source_train_normal_0728_car_D1_spd_2_mic_2_mic_1.wav,in_support,amplitude_modulation,0.9510558843612671
ToyCarEmu/train/section_00_source_train_normal_0729_car_D1_spd_2_mic_2_mic_1.wav,in_support,periodic_resonance,0.9997060298919678
ToyCarEmu/train/section_00_source_train_normal_0730_car_D1_spd_2_mic_2_mic_1.wav,in_support,periodic_resonance,0.9722490310668945
ToyCarEmu/train/section_00_source_train_normal_0731_car_D1_spd_2_mic_2_mic_1.wav,in_support,amplitude_modulation,0.9569104909896851
ToyCarEmu/train/section_00_source_train_normal_0732_car_D1_spd_2_mic_2_mic_1.wav,in_support,frequency_modulation,0.9992669820785522
ToyCarEmu/train/section_00_source_train_normal_0733_car_D1_spd_2_mic_2_mic_1.wav,in_support,frequency_modulation,0.967214822769165
ToyCarEmu/train/section_00_source_train_normal_0734_car_D1_spd_2_mic_2_mic_1.wav,in_support,frequency_modulation,0.9821478128433228
ToyCarEmu/train/section_00_source_train_normal_0735_car_D1_spd_2_mic_2_mic_1.wav,in_support,amplitude_modulation,0.7599193453788757
ToyCarEmu/train/section_00_source_train_normal_0736_car_D1_spd_2_mic_2_mic_1.wav,in_support,amplitude_modulation,0.9521650075912476
ToyCarEmu/train/section_00_source_train_normal_0737_car_D1_spd_2_mic_2_mic_1.wav,in_support,frequency_modulation,0.6763849258422852
ToyCarEmu/train/section_00_source_train_normal_0738_car_D1_spd_2_mic_2_mic_1.wav,in_support,amplitude_modulation,0.9711453318595886
ToyCarEmu/train/section_00_source_train_normal_0739_car_D1_spd_2_mic_2_mic_1.wav,in_support,periodic_resonance,0.46565157175064087
ToyCarEmu/train/section_00_source_train_normal_0740_car_D1_spd_2_mic_2_mic_1.wav,in_support,amplitude_modulation,0.4961136281490326
ToyCarEmu/train/section_00_source_train_normal_0741_car_D1_spd_2_mic_2_mic_1.wav,in_support,frequency_modulation,0.9843905568122864
ToyCarEmu/train/section_00_source_train_normal_0742_car_D1_spd_2_mic_2_mic_1.wav,in_support,periodic_resonance,0.9573559165000916
ToyCarEmu/train/section_00_source_train_normal_0743_car_D1_spd_2_mic_2_mic_1.wav,in_support,frequency_modulation,0.9194340705871582
ToyCarEmu/train/section_00_source_train_normal_0744_car_D1_spd_2_mic_2_mic_1.wav,in_support,frequency_modulation,0.9273495078086853
ToyCarEmu/train/section_00_source_train_normal_0745_car_D1_spd_2_mic_2_mic_1.wav,in_support,periodic_resonance,0.8782356381416321
ToyCarEmu/train/section_00_source_train_normal_0746_car_D1_spd_2_mic_2_mic_1.wav,in_support,amplitude_modulation,0.957754373550415
ToyCarEmu/train/section_00_source_train_normal_0747_car_D1_spd_2_mic_2_mic_1.wav,in_support,amplitude_modulation,0.6516392230987549
ToyCarEmu/train/section_00_source_train_normal_0748_car_D1_spd_2_mic_2_mic_1.wav,in_support,frequency_modulation,0.9933655858039856
ToyCarEmu/train/section_00_source_train_normal_0749_car_D1_spd_2_mic_2_mic_1.wav,in_support,frequency_modulation,0.9641782641410828
ToyCarEmu/train/section_00_source_train_normal_0750_car_D1_spd_2_mic_2_mic_1.wav,in_support,periodic_resonance,0.9773849248886108
ToyCarEmu/train/section_00_source_train_normal_0751_car_D1_spd_2_mic_2_mic_1.wav,in_support,periodic_resonance,0.6275762915611267
ToyCarEmu/train/section_00_source_train_normal_0752_car_D1_spd_2_mic_2_mic_1.wav,in_support,amplitude_modulation,0.9095748662948608
ToyCarEmu/train/section_00_source_train_normal_0753_car_D2_spd_2_mic_2_mic_1.wav,in_support,frequency_modulation,0.9945999383926392
ToyCarEmu/train/section_00_source_train_normal_0754_car_D2_spd_2_mic_2_mic_1.wav,in_support,periodic_resonance,0.9900104403495789
ToyCarEmu/train/section_00_source_train_normal_0755_car_D2_spd_2_mic_2_mic_1.wav,in_support,frequency_modulation,0.8081756234169006
ToyCarEmu/train/section_00_source_train_normal_0756_car_D2_spd_2_mic_2_mic_1.wav,in_support,amplitude_modulation,0.924583375453949
ToyCarEmu/train/section_00_source_train_normal_0757_car_D2_spd_2_mic_2_mic_1.wav,in_support,amplitude_modulation,0.8385442495346069
ToyCarEmu/train/section_00_source_train_normal_0758_car_D2_spd_2_mic_2_mic_1.wav,in_support,amplitude_modulation,0.9520865082740784
ToyCarEmu/train/section_00_source_train_normal_0759_car_D2_spd_2_mic_2_mic_1.wav,in_support,frequency_modulation,0.9807133078575134
ToyCarEmu/train/section_00_source_train_normal_0760_car_D2_spd_2_mic_2_mic_1.wav,in_support,frequency_modulation,0.9670950174331665
ToyCarEmu/train/section_00_source_train_normal_0761_car_D2_spd_2_mic_2_mic_1.wav,in_support,periodic_resonance,0.9823550581932068
ToyCarEmu/train/section_00_source_train_normal_0762_car_D2_spd_2_mic_2_mic_1.wav,in_support,periodic_resonance,0.9326339960098267
ToyCarEmu/train/section_00_source_train_normal_0763_car_D2_spd_2_mic_2_mic_1.wav,in_support,frequency_modulation,0.8791830539703369
ToyCarEmu/train/section_00_source_train_normal_0764_car_D2_spd_2_mic_2_mic_1.wav,in_support,frequency_modulation,0.9450857043266296
ToyCarEmu/train/section_00_source_train_normal_0765_car_D2_spd_2_mic_2_mic_1.wav,in_support,frequency_modulation,0.8015579581260681
ToyCarEmu/train/section_00_source_train_normal_0766_car_D2_spd_2_mic_2_mic_1.wav,in_support,frequency_modulation,0.9768666625022888
ToyCarEmu/train/section_00_source_train_normal_0767_car_D2_spd_2_mic_2_mic_1.wav,in_support,periodic_resonance,0.9138927459716797
ToyCarEmu/train/section_00_source_train_normal_0768_car_D2_spd_2_mic_2_mic_1.wav,in_support,amplitude_modulation,0.9236871600151062
ToyCarEmu/train/section_00_source_train_normal_0769_car_D2_spd_2_mic_2_mic_1.wav,in_support,amplitude_modulation,0.9935908317565918
ToyCarEmu/train/section_00_source_train_normal_0770_car_D2_spd_2_mic_2_mic_1.wav,in_support,periodic_resonance,0.9760579466819763
ToyCarEmu/train/section_00_source_train_normal_0771_car_D2_spd_2_mic_2_mic_1.wav,in_support,frequency_modulation,0.9630400538444519
ToyCarEmu/train/section_00_source_train_normal_0772_car_D2_spd_2_mic_2_mic_1.wav,in_support,frequency_modulation,0.9949127435684204
ToyCarEmu/train/section_00_source_train_normal_0773_car_D2_spd_2_mic_2_mic_1.wav,in_support,frequency_modulation,0.9706693291664124
ToyCarEmu/train/section_00_source_train_normal_0774_car_D2_spd_2_mic_2_mic_1.wav,in_support,periodic_resonance,0.9796358942985535
ToyCarEmu/train/section_00_source_train_normal_0775_car_D2_spd_2_mic_2_mic_1.wav,in_support,periodic_resonance,0.997729480266571
ToyCarEmu/train/section_00_source_train_normal_0776_car_D2_spd_2_mic_2_mic_1.wav,in_support,amplitude_modulation,0.8410658836364746
ToyCarEmu/train/section_00_source_train_normal_0777_car_D2_spd_2_mic_2_mic_1.wav,in_support,amplitude_modulation,0.9573971033096313
ToyCarEmu/train/section_00_source_train_normal_0778_car_D1_spd_3_mic_2_mic_1.wav,in_support,frequency_modulation,0.9897848963737488
ToyCarEmu/train/section_00_source_train_normal_0779_car_D1_spd_3_mic_2_mic_1.wav,in_support,frequency_modulation,0.8899972438812256
ToyCarEmu/train/section_00_source_train_normal_0780_car_D1_spd_3_mic_2_mic_1.wav,in_support,amplitude_modulation,0.9199509620666504
ToyCarEmu/train/section_00_source_train_normal_0781_car_D1_spd_3_mic_2_mic_1.wav,in_support,periodic_resonance,0.9849891066551208
ToyCarEmu/train/section_00_source_train_normal_0782_car_D1_spd_3_mic_2_mic_1.wav,in_support,periodic_resonance,0.9538691639900208
ToyCarEmu/train/section_00_source_train_normal_0783_car_D1_spd_3_mic_2_mic_1.wav,in_support,frequency_modulation,0.9075762033462524
ToyCarEmu/train/section_00_source_train_normal_0784_car_D1_spd_3_mic_2_mic_1.wav,in_support,periodic_resonance,0.9790866374969482
ToyCarEmu/train/section_00_source_train_normal_0785_car_D1_spd_3_mic_2_mic_1.wav,in_support,amplitude_modulation,0.9142181277275085
ToyCarEmu/train/section_00_source_train_normal_0786_car_D1_spd_3_mic_2_mic_1.wav,in_support,amplitude_modulation,0.8738022446632385
ToyCarEmu/train/section_00_source_train_normal_0787_car_D1_spd_3_mic_2_mic_1.wav,in_support,periodic_resonance,0.8129116296768188
ToyCarEmu/train/section_00_source_train_normal_0788_car_D1_spd_3_mic_2_mic_1.wav,in_support,periodic_resonance,0.4577194154262543
ToyCarEmu/train/section_00_source_train_normal_0789_car_D1_spd_3_mic_2_mic_1.wav,in_support,periodic_resonance,0.9869354367256165
ToyCarEmu/train/section_00_source_train_normal_0790_car_D1_spd_3_mic_2_mic_1.wav,in_support,frequency_modulation,0.9688578844070435
ToyCarEmu/train/section_00_source_train_normal_0791_car_D1_spd_3_mic_2_mic_1.wav,in_support,amplitude_modulation,0.9699805974960327
ToyCarEmu/train/section_00_source_train_normal_0792_car_D1_spd_3_mic_2_mic_1.wav,in_support,periodic_resonance,0.9297450184822083
ToyCarEmu/train/section_00_source_train_normal_0793_car_D1_spd_3_mic_2_mic_1.wav,in_support,amplitude_modulation,0.8622835278511047
ToyCarEmu/train/section_00_source_train_normal_0794_car_D1_spd_3_mic_2_mic_1.wav,in_support,periodic_resonance,0.9722972512245178
ToyCarEmu/train/section_00_source_train_normal_0795_car_D1_spd_3_mic_2_mic_1.wav,in_support,periodic_resonance,0.9934004545211792
ToyCarEmu/train/section_00_source_train_normal_0796_car_D1_spd_3_mic_2_mic_1.wav,in_support,amplitude_modulation,0.7928065657615662
ToyCarEmu/train/section_00_source_train_normal_0797_car_D1_spd_3_mic_2_mic_1.wav,in_support,periodic_resonance,0.9259763360023499
ToyCarEmu/train/section_00_source_train_normal_0798_car_D1_spd_3_mic_2_mic_1.wav,in_support,frequency_modulation,0.9072158336639404
ToyCarEmu/train/section_00_source_train_normal_0799_car_D1_spd_3_mic_2_mic_1.wav,in_support,frequency_modulation,0.9258037805557251
ToyCarEmu/train/section_00_source_train_normal_0800_car_D1_spd_3_mic_2_mic_1.wav,in_support,periodic_resonance,0.9348852038383484
ToyCarEmu/train/section_00_source_train_normal_0801_car_D1_spd_3_mic_2_mic_1.wav,in_support,amplitude_modulation,0.8071004152297974
ToyCarEmu/train/section_00_source_train_normal_0802_car_D1_spd_3_mic_2_mic_1.wav,in_support,periodic_resonance,0.9802379608154297
ToyCarEmu/train/section_00_source_train_normal_0803_car_D1_spd_3_mic_2_mic_1.wav,in_support,periodic_resonance,0.9973520636558533
ToyCarEmu/train/section_00_source_train_normal_0804_car_D1_spd_3_mic_2_mic_1.wav,in_support,amplitude_modulation,0.9739832282066345
ToyCarEmu/train/section_00_source_train_normal_0805_car_D1_spd_3_mic_2_mic_1.wav,in_support,amplitude_modulation,0.7192468643188477
ToyCarEmu/train/section_00_source_train_normal_0806_car_D1_spd_3_mic_2_mic_1.wav,in_support,amplitude_modulation,0.7936416268348694
ToyCarEmu/train/section_00_source_train_normal_0807_car_D1_spd_3_mic_2_mic_1.wav,in_support,periodic_resonance,0.9656960964202881
ToyCarEmu/train/section_00_source_train_normal_0808_car_D1_spd_3_mic_2_mic_1.wav,in_support,frequency_modulation,0.49649572372436523
ToyCarEmu/train/section_00_source_train_normal_0809_car_D1_spd_3_mic_2_mic_1.wav,in_support,amplitude_modulation,0.999631404876709
ToyCarEmu/train/section_00_source_train_normal_0810_car_D1_spd_3_mic_2_mic_1.wav,in_support,amplitude_modulation,0.9979641437530518
ToyCarEmu/train/section_00_source_train_normal_0811_car_D1_spd_3_mic_2_mic_1.wav,in_support,periodic_resonance,0.9697790145874023
ToyCarEmu/train/section_00_source_train_normal_0812_car_D1_spd_3_mic_2_mic_1.wav,in_support,amplitude_modulation,0.9345735907554626
ToyCarEmu/train/section_00_source_train_normal_0813_car_D1_spd_3_mic_2_mic_1.wav,in_support,frequency_modulation,0.9690872430801392
ToyCarEmu/train/section_00_source_train_normal_0814_car_D1_spd_3_mic_2_mic_1.wav,in_support,periodic_resonance,0.9630779027938843
ToyCarEmu/train/section_00_source_train_normal_0815_car_D1_spd_3_mic_2_mic_1.wav,in_support,frequency_modulation,0.9626892805099487
ToyCarEmu/train/section_00_source_train_normal_0816_car_D1_spd_3_mic_2_mic_1.wav,in_support,periodic_resonance,0.8434216380119324
ToyCarEmu/train/section_00_source_train_normal_0817_car_D1_spd_3_mic_2_mic_1.wav,in_support,frequency_modulation,0.988295316696167
ToyCarEmu/train/section_00_source_train_normal_0818_car_D1_spd_3_mic_2_mic_1.wav,in_support,periodic_resonance,0.8913941979408264
ToyCarEmu/train/section_00_source_train_normal_0819_car_D1_spd_3_mic_2_mic_1.wav,in_support,periodic_resonance,0.8454998135566711
ToyCarEmu/train/section_00_source_train_normal_0820_car_D1_spd_3_mic_2_mic_1.wav,in_support,periodic_resonance,0.9765251874923706
ToyCarEmu/train/section_00_source_train_normal_0821_car_D1_spd_3_mic_2_mic_1.wav,in_support,frequency_modulation,0.5436882972717285
ToyCarEmu/train/section_00_source_train_normal_0822_car_D1_spd_3_mic_2_mic_1.wav,in_support,amplitude_modulation,0.7689762115478516
ToyCarEmu/train/section_00_source_train_normal_0823_car_D1_spd_3_mic_2_mic_1.wav,in_support,frequency_modulation,0.9478879570960999
ToyCarEmu/train/section_00_source_train_normal_0824_car_D1_spd_3_mic_2_mic_1.wav,in_support,frequency_modulation,0.8755934834480286
ToyCarEmu/train/section_00_source_train_normal_0825_car_D2_spd_3_mic_2_mic_1.wav,in_support,frequency_modulation,0.5490776300430298
ToyCarEmu/train/section_00_source_train_normal_0826_car_D2_spd_3_mic_2_mic_1.wav,in_support,frequency_modulation,0.9871459007263184
ToyCarEmu/train/section_00_source_train_normal_0827_car_D2_spd_3_mic_2_mic_1.wav,in_support,periodic_resonance,0.9812594652175903
ToyCarEmu/train/section_00_source_train_normal_0828_car_D2_spd_3_mic_2_mic_1.wav,in_support,amplitude_modulation,0.9393602609634399
ToyCarEmu/train/section_00_source_train_normal_0829_car_D2_spd_3_mic_2_mic_1.wav,in_support,amplitude_modulation,0.6680599451065063
ToyCarEmu/train/section_00_source_train_normal_0830_car_D2_spd_3_mic_2_mic_1.wav,in_support,frequency_modulation,0.9080745577812195
ToyCarEmu/train/section_00_source_train_normal_0831_car_D2_spd_3_mic_2_mic_1.wav,in_support,periodic_resonance,0.9810458421707153
ToyCarEmu/train/section_00_source_train_normal_0832_car_D2_spd_3_mic_2_mic_1.wav,in_support,periodic_resonance,0.7246765494346619
ToyCarEmu/train/section_00_source_train_normal_0833_car_D2_spd_3_mic_2_mic_1.wav,in_support,frequency_modulation,0.9723210334777832
ToyCarEmu/train/section_00_source_train_normal_0834_car_D2_spd_3_mic_2_mic_1.wav,in_support,amplitude_modulation,0.5622047185897827
ToyCarEmu/train/section_00_source_train_normal_0835_car_D2_spd_3_mic_2_mic_1.wav,in_support,frequency_modulation,0.9072943329811096
ToyCarEmu/train/section_00_source_train_normal_0836_car_D2_spd_3_mic_2_mic_1.wav,in_support,frequency_modulation,0.906085193157196
ToyCarEmu/train/section_00_source_train_normal_0837_car_D2_spd_3_mic_2_mic_1.wav,in_support,periodic_resonance,0.9991203546524048
ToyCarEmu/train/section_00_source_train_normal_0838_car_D2_spd_3_mic_2_mic_1.wav,in_support,frequency_modulation,0.9770499467849731
ToyCarEmu/train/section_00_source_train_normal_0839_car_D2_spd_3_mic_2_mic_1.wav,in_support,amplitude_modulation,0.8994491100311279
ToyCarEmu/train/section_00_source_train_normal_0840_car_D2_spd_3_mic_2_mic_1.wav,in_support,amplitude_modulation,0.8153187036514282
ToyCarEmu/train/section_00_source_train_normal_0841_car_D2_spd_3_mic_2_mic_1.wav,in_support,amplitude_modulation,0.675845742225647
ToyCarEmu/train/section_00_source_train_normal_0842_car_D2_spd_3_mic_2_mic_1.wav,in_support,frequency_modulation,0.9924597144126892
ToyCarEmu/train/section_00_source_train_normal_0843_car_D2_spd_3_mic_2_mic_1.wav,in_support,amplitude_modulation,0.9303441643714905
ToyCarEmu/train/section_00_source_train_normal_0844_car_D2_spd_3_mic_2_mic_1.wav,in_support,periodic_resonance,0.9822577834129333
ToyCarEmu/train/section_00_source_train_normal_0845_car_D2_spd_3_mic_2_mic_1.wav,in_support,frequency_modulation,0.9694005846977234
ToyCarEmu/train/section_00_source_train_normal_0846_car_D2_spd_3_mic_2_mic_1.wav,in_support,periodic_resonance,0.38002943992614746
ToyCarEmu/train/section_00_source_train_normal_0847_car_D2_spd_3_mic_2_mic_1.wav,in_support,periodic_resonance,0.9573389887809753
ToyCarEmu/train/section_00_source_train_normal_0848_car_D2_spd_3_mic_2_mic_1.wav,in_support,periodic_resonance,0.5048660039901733
ToyCarEmu/train/section_00_source_train_normal_0849_car_D2_spd_3_mic_2_mic_1.wav,in_support,periodic_resonance,0.9651151895523071
ToyCarEmu/train/section_00_source_train_normal_0850_car_D1_spd_3_mic_2_mic_1.wav,in_support,amplitude_modulation,0.9871165156364441
ToyCarEmu/train/section_00_source_train_normal_0851_car_D1_spd_3_mic_2_mic_1.wav,in_support,periodic_resonance,0.9563499093055725
ToyCarEmu/train/section_00_source_train_normal_0852_car_D1_spd_3_mic_2_mic_1.wav,in_support,periodic_resonance,0.9821396470069885
ToyCarEmu/train/section_00_source_train_normal_0853_car_D1_spd_3_mic_2_mic_1.wav,in_support,frequency_modulation,0.9685195088386536
ToyCarEmu/train/section_00_source_train_normal_0854_car_D1_spd_3_mic_2_mic_1.wav,in_support,periodic_resonance,0.9875342845916748
ToyCarEmu/train/section_00_source_train_normal_0855_car_D1_spd_3_mic_2_mic_1.wav,in_support,amplitude_modulation,0.6711468696594238
ToyCarEmu/train/section_00_source_train_normal_0856_car_D1_spd_3_mic_2_mic_1.wav,in_support,amplitude_modulation,0.8125317096710205
ToyCarEmu/train/section_00_source_train_normal_0857_car_D1_spd_3_mic_2_mic_1.wav,in_support,amplitude_modulation,0.9872403144836426
ToyCarEmu/train/section_00_source_train_normal_0858_car_D1_spd_3_mic_2_mic_1.wav,in_support,amplitude_modulation,0.8277762532234192
ToyCarEmu/train/section_00_source_train_normal_0859_car_D1_spd_3_mic_2_mic_1.wav,in_support,frequency_modulation,0.9815782308578491
ToyCarEmu/train/section_00_source_train_normal_0860_car_D1_spd_3_mic_2_mic_1.wav,in_support,periodic_resonance,0.992465615272522
ToyCarEmu/train/section_00_source_train_normal_0861_car_D1_spd_3_mic_2_mic_1.wav,in_support,periodic_resonance,0.977205216884613
ToyCarEmu/train/section_00_source_train_normal_0862_car_D1_spd_3_mic_2_mic_1.wav,in_support,periodic_resonance,0.9948694705963135
ToyCarEmu/train/section_00_source_train_normal_0863_car_D1_spd_3_mic_2_mic_1.wav,in_support,amplitude_modulation,0.9264186024665833
ToyCarEmu/train/section_00_source_train_normal_0864_car_D1_spd_3_mic_2_mic_1.wav,in_support,frequency_modulation,0.7955382466316223
ToyCarEmu/train/section_00_source_train_normal_0865_car_D1_spd_3_mic_2_mic_1.wav,in_support,amplitude_modulation,0.8396420478820801
ToyCarEmu/train/section_00_source_train_normal_0866_car_D1_spd_3_mic_2_mic_1.wav,in_support,frequency_modulation,0.9616867899894714
ToyCarEmu/train/section_00_source_train_normal_0867_car_D1_spd_3_mic_2_mic_1.wav,in_support,periodic_resonance,0.996000349521637
ToyCarEmu/train/section_00_source_train_normal_0868_car_D1_spd_3_mic_2_mic_1.wav,in_support,amplitude_modulation,0.9631540179252625
ToyCarEmu/train/section_00_source_train_normal_0869_car_D1_spd_3_mic_2_mic_1.wav,in_support,periodic_resonance,0.9535754323005676
ToyCarEmu/train/section_00_source_train_normal_0870_car_D1_spd_3_mic_2_mic_1.wav,in_support,amplitude_modulation,0.9837433099746704
ToyCarEmu/train/section_00_source_train_normal_0871_car_D1_spd_3_mic_2_mic_1.wav,in_support,frequency_modulation,0.9843698740005493
ToyCarEmu/train/section_00_source_train_normal_0872_car_D1_spd_3_mic_2_mic_1.wav,in_support,amplitude_modulation,0.9805101752281189
ToyCarEmu/train/section_00_source_train_normal_0873_car_D1_spd_3_mic_2_mic_1.wav,in_support,frequency_modulation,0.9264865517616272
ToyCarEmu/train/section_00_source_train_normal_0874_car_D1_spd_3_mic_2_mic_1.wav,in_support,amplitude_modulation,0.9744072556495667
ToyCarEmu/train/section_00_source_train_normal_0875_car_D1_spd_5_mic_2_mic_1.wav,in_support,amplitude_modulation,0.8723955750465393
ToyCarEmu/train/section_00_source_train_normal_0876_car_D1_spd_5_mic_2_mic_1.wav,in_support,frequency_modulation,0.9992181062698364
ToyCarEmu/train/section_00_source_train_normal_0877_car_D1_spd_5_mic_2_mic_1.wav,in_support,frequency_modulation,0.9651514291763306
ToyCarEmu/train/section_00_source_train_normal_0878_car_D1_spd_5_mic_2_mic_1.wav,in_support,frequency_modulation,0.995498776435852
ToyCarEmu/train/section_00_source_train_normal_0879_car_D1_spd_5_mic_2_mic_1.wav,in_support,amplitude_modulation,0.8627133369445801
ToyCarEmu/train/section_00_source_train_normal_0880_car_D1_spd_5_mic_2_mic_1.wav,in_support,periodic_resonance,0.9414348602294922
ToyCarEmu/train/section_00_source_train_normal_0881_car_D1_spd_5_mic_2_mic_1.wav,in_support,frequency_modulation,0.9344566464424133
ToyCarEmu/train/section_00_source_train_normal_0882_car_D1_spd_5_mic_2_mic_1.wav,in_support,frequency_modulation,0.9223219156265259
ToyCarEmu/train/section_00_source_train_normal_0883_car_D1_spd_5_mic_2_mic_1.wav,in_support,frequency_modulation,0.9105648994445801
ToyCarEmu/train/section_00_source_train_normal_0884_car_D1_spd_5_mic_2_mic_1.wav,in_support,frequency_modulation,0.9093260765075684
ToyCarEmu/train/section_00_source_train_normal_0885_car_D1_spd_5_mic_2_mic_1.wav,in_support,periodic_resonance,0.9774807691574097
ToyCarEmu/train/section_00_source_train_normal_0886_car_D1_spd_5_mic_2_mic_1.wav,in_support,frequency_modulation,0.9471585154533386
ToyCarEmu/train/section_00_source_train_normal_0887_car_D1_spd_5_mic_2_mic_1.wav,in_support,amplitude_modulation,0.9818376302719116
ToyCarEmu/train/section_00_source_train_normal_0888_car_D1_spd_5_mic_2_mic_1.wav,in_support,periodic_resonance,0.982451319694519
ToyCarEmu/train/section_00_source_train_normal_0889_car_D1_spd_5_mic_2_mic_1.wav,in_support,amplitude_modulation,0.7532250285148621
ToyCarEmu/train/section_00_source_train_normal_0890_car_D1_spd_5_mic_2_mic_1.wav,in_support,periodic_resonance,0.5561977624893188
ToyCarEmu/train/section_00_source_train_normal_0891_car_D1_spd_5_mic_2_mic_1.wav,in_support,amplitude_modulation,0.9309301972389221
ToyCarEmu/train/section_00_source_train_normal_0892_car_D1_spd_5_mic_2_mic_1.wav,in_support,amplitude_modulation,0.9727134108543396
ToyCarEmu/train/section_00_source_train_normal_0893_car_D1_spd_5_mic_2_mic_1.wav,in_support,frequency_modulation,0.9785374402999878
ToyCarEmu/train/section_00_source_train_normal_0894_car_D1_spd_5_mic_2_mic_1.wav,in_support,amplitude_modulation,0.9643182158470154
ToyCarEmu/train/section_00_source_train_normal_0895_car_D2_spd_5_mic_2_mic_1.wav,in_support,periodic_resonance,0.9781345725059509
ToyCarEmu/train/section_00_source_train_normal_0896_car_D2_spd_5_mic_2_mic_1.wav,in_support,amplitude_modulation,0.8129149675369263
ToyCarEmu/train/section_00_source_train_normal_0897_car_D2_spd_5_mic_2_mic_1.wav,in_support,periodic_resonance,0.9761986136436462
ToyCarEmu/train/section_00_source_train_normal_0898_car_D2_spd_5_mic_2_mic_1.wav,in_support,frequency_modulation,0.9890318512916565
ToyCarEmu/train/section_00_source_train_normal_0899_car_D2_spd_5_mic_2_mic_1.wav,in_support,amplitude_modulation,0.9377049803733826
ToyCarEmu/train/section_00_source_train_normal_0900_car_D2_spd_5_mic_2_mic_1.wav,in_support,periodic_resonance,0.8786016702651978
ToyCarEmu/train/section_00_source_train_normal_0901_car_D2_spd_5_mic_2_mic_1.wav,in_support,periodic_resonance,0.9911561012268066
ToyCarEmu/train/section_00_source_train_normal_0902_car_D2_spd_5_mic_2_mic_1.wav,in_support,amplitude_modulation,0.9686789512634277
ToyCarEmu/train/section_00_source_train_normal_0903_car_D2_spd_5_mic_2_mic_1.wav,in_support,periodic_resonance,0.8883744478225708
ToyCarEmu/train/section_00_source_train_normal_0904_car_D2_spd_5_mic_2_mic_1.wav,in_support,frequency_modulation,0.9415370225906372
ToyCarEmu/train/section_00_source_train_normal_0905_car_D2_spd_5_mic_2_mic_1.wav,in_support,amplitude_modulation,0.9704709649085999
ToyCarEmu/train/section_00_source_train_normal_0906_car_D2_spd_5_mic_2_mic_1.wav,in_support,frequency_modulation,0.985113263130188
ToyCarEmu/train/section_00_source_train_normal_0907_car_D2_spd_5_mic_2_mic_1.wav,in_support,amplitude_modulation,0.8151891827583313
ToyCarEmu/train/section_00_source_train_normal_0908_car_D2_spd_5_mic_2_mic_1.wav,in_support,periodic_resonance,0.9727197885513306
ToyCarEmu/train/section_00_source_train_normal_0909_car_D2_spd_5_mic_2_mic_1.wav,in_support,periodic_resonance,0.9811276197433472
ToyCarEmu/train/section_00_source_train_normal_0910_car_D2_spd_5_mic_2_mic_1.wav,in_support,frequency_modulation,0.9810636043548584
ToyCarEmu/train/section_00_source_train_normal_0911_car_D2_spd_5_mic_2_mic_1.wav,in_support,amplitude_modulation,0.9358459115028381
ToyCarEmu/train/section_00_source_train_normal_0912_car_D2_spd_5_mic_2_mic_1.wav,in_support,frequency_modulation,0.9465300440788269
ToyCarEmu/train/section_00_source_train_normal_0913_car_D2_spd_5_mic_2_mic_1.wav,in_support,frequency_modulation,0.9880293011665344
ToyCarEmu/train/section_00_source_train_normal_0914_car_D2_spd_5_mic_2_mic_1.wav,in_support,periodic_resonance,0.9942357540130615
ToyCarEmu/train/section_00_source_train_normal_0915_car_D2_spd_5_mic_2_mic_1.wav,in_support,amplitude_modulation,0.975629448890686
ToyCarEmu/train/section_00_source_train_normal_0916_car_D1_spd_5_mic_2_mic_1.wav,in_support,periodic_resonance,0.487436980009079
ToyCarEmu/train/section_00_source_train_normal_0917_car_D1_spd_5_mic_2_mic_1.wav,in_support,amplitude_modulation,0.9499133229255676
ToyCarEmu/train/section_00_source_train_normal_0918_car_D1_spd_5_mic_2_mic_1.wav,in_support,frequency_modulation,0.9776349067687988
ToyCarEmu/train/section_00_source_train_normal_0919_car_D1_spd_5_mic_2_mic_1.wav,in_support,amplitude_modulation,0.9578461647033691
ToyCarEmu/train/section_00_source_train_normal_0920_car_D1_spd_5_mic_2_mic_1.wav,in_support,frequency_modulation,0.8561791777610779
ToyCarEmu/train/section_00_source_train_normal_0921_car_D1_spd_5_mic_2_mic_1.wav,in_support,periodic_resonance,0.899986743927002
ToyCarEmu/train/section_00_source_train_normal_0922_car_D1_spd_5_mic_2_mic_1.wav,in_support,periodic_resonance,0.9708172082901001
ToyCarEmu/train/section_00_source_train_normal_0923_car_D1_spd_5_mic_2_mic_1.wav,in_support,amplitude_modulation,0.9838917255401611
ToyCarEmu/train/section_00_source_train_normal_0924_car_D1_spd_5_mic_2_mic_1.wav,in_support,frequency_modulation,0.9721910357475281
ToyCarEmu/train/section_00_source_train_normal_0925_car_D1_spd_5_mic_2_mic_1.wav,in_support,amplitude_modulation,0.9594094753265381
ToyCarEmu/train/section_00_source_train_normal_0926_car_D1_spd_5_mic_2_mic_1.wav,in_support,periodic_resonance,0.9561755061149597
ToyCarEmu/train/section_00_source_train_normal_0927_car_D1_spd_5_mic_2_mic_1.wav,in_support,periodic_resonance,0.9655193090438843
ToyCarEmu/train/section_00_source_train_normal_0928_car_D1_spd_5_mic_2_mic_1.wav,in_support,periodic_resonance,0.9696730375289917
ToyCarEmu/train/section_00_source_train_normal_0929_car_D1_spd_5_mic_2_mic_1.wav,in_support,amplitude_modulation,0.9652562141418457
ToyCarEmu/train/section_00_source_train_normal_0930_car_D1_spd_5_mic_2_mic_1.wav,in_support,frequency_modulation,0.9503030776977539
ToyCarEmu/train/section_00_source_train_normal_0931_car_D1_spd_5_mic_2_mic_1.wav,in_support,periodic_resonance,0.9288008809089661
ToyCarEmu/train/section_00_source_train_normal_0932_car_D1_spd_5_mic_2_mic_1.wav,in_support,periodic_resonance,0.9877175688743591
ToyCarEmu/train/section_00_source_train_normal_0933_car_D1_spd_5_mic_2_mic_1.wav,in_support,amplitude_modulation,0.9624720215797424
ToyCarEmu/train/section_00_source_train_normal_0934_car_D1_spd_5_mic_2_mic_1.wav,in_support,frequency_modulation,0.9870124459266663
ToyCarEmu/train/section_00_source_train_normal_0935_car_D1_spd_5_mic_2_mic_1.wav,in_support,periodic_resonance,0.9850137233734131
ToyCarEmu/train/section_00_source_train_normal_0936_car_D1_spd_5_mic_2_mic_1.wav,in_support,periodic_resonance,0.9080894589424133
ToyCarEmu/train/section_00_source_train_normal_0937_car_D1_spd_5_mic_2_mic_1.wav,in_support,frequency_modulation,0.6731672286987305
ToyCarEmu/train/section_00_source_train_normal_0938_car_D1_spd_5_mic_2_mic_1.wav,in_support,amplitude_modulation,0.9716383218765259
ToyCarEmu/train/section_00_source_train_normal_0939_car_D1_spd_5_mic_2_mic_1.wav,in_support,periodic_resonance,0.927389919757843
ToyCarEmu/train/section_00_source_train_normal_0940_car_D1_spd_5_mic_2_mic_1.wav,in_support,frequency_modulation,0.6299492120742798
ToyCarEmu/train/section_00_source_train_normal_0941_car_D1_spd_5_mic_2_mic_1.wav,in_support,periodic_resonance,0.9233658313751221
ToyCarEmu/train/section_00_source_train_normal_0942_car_D1_spd_5_mic_2_mic_1.wav,in_support,frequency_modulation,0.9056193232536316
ToyCarEmu/train/section_00_source_train_normal_0943_car_D1_spd_5_mic_2_mic_1.wav,in_support,amplitude_modulation,0.94717937707901
ToyCarEmu/train/section_00_source_train_normal_0944_car_D1_spd_5_mic_2_mic_1.wav,in_support,amplitude_modulation,0.9021869897842407
ToyCarEmu/train/section_00_source_train_normal_0945_car_D1_spd_5_mic_2_mic_1.wav,in_support,amplitude_modulation,0.9964401721954346
ToyCarEmu/train/section_00_source_train_normal_0946_car_D1_spd_5_mic_2_mic_1.wav,in_support,periodic_resonance,0.971613883972168
ToyCarEmu/train/section_00_source_train_normal_0947_car_D1_spd_5_mic_2_mic_1.wav,in_support,periodic_resonance,0.9478258490562439
ToyCarEmu/train/section_00_source_train_normal_0948_car_D1_spd_5_mic_2_mic_1.wav,in_support,frequency_modulation,0.9720665216445923
ToyCarEmu/train/section_00_source_train_normal_0949_car_D1_spd_5_mic_2_mic_1.wav,in_support,frequency_modulation,0.9793821573257446
ToyCarEmu/train/section_00_source_train_normal_0950_car_D1_spd_5_mic_2_mic_1.wav,in_support,frequency_modulation,0.9772156476974487
ToyCarEmu/train/section_00_source_train_normal_0951_car_D1_spd_5_mic_2_mic_1.wav,in_support,amplitude_modulation,0.960831344127655
ToyCarEmu/train/section_00_source_train_normal_0952_car_D1_spd_5_mic_2_mic_1.wav,in_support,amplitude_modulation,0.8670714497566223
ToyCarEmu/train/section_00_source_train_normal_0953_car_D1_spd_5_mic_2_mic_1.wav,in_support,frequency_modulation,0.9589466452598572
ToyCarEmu/train/section_00_source_train_normal_0954_car_D1_spd_5_mic_2_mic_1.wav,in_support,frequency_modulation,0.9997938871383667
ToyCarEmu/train/section_00_source_train_normal_0955_car_D1_spd_5_mic_2_mic_1.wav,in_support,periodic_resonance,0.9797820448875427
ToyCarEmu/train/section_00_source_train_normal_0956_car_D1_spd_5_mic_2_mic_1.wav,in_support,frequency_modulation,0.9714158773422241
ToyCarEmu/train/section_00_source_train_normal_0957_car_D1_spd_5_mic_2_mic_1.wav,in_support,frequency_modulation,0.7768470644950867
ToyCarEmu/train/section_00_source_train_normal_0958_car_D1_spd_5_mic_2_mic_1.wav,in_support,periodic_resonance,0.9747037887573242
ToyCarEmu/train/section_00_source_train_normal_0959_car_D1_spd_5_mic_2_mic_1.wav,in_support,amplitude_modulation,0.9634061455726624
ToyCarEmu/train/section_00_source_train_normal_0960_car_D1_spd_5_mic_2_mic_1.wav,in_support,periodic_resonance,0.9796687960624695
ToyCarEmu/train/section_00_source_train_normal_0961_car_D1_spd_5_mic_2_mic_1.wav,in_support,periodic_resonance,0.977057933807373
ToyCarEmu/train/section_00_source_train_normal_0962_car_D1_spd_5_mic_2_mic_1.wav,in_support,amplitude_modulation,0.9319051504135132
ToyCarEmu/train/section_00_source_train_normal_0963_car_D1_spd_5_mic_2_mic_1.wav,in_support,frequency_modulation,0.9901575446128845
ToyCarEmu/train/section_00_source_train_normal_0964_car_D1_spd_5_mic_2_mic_1.wav,in_support,frequency_modulation,0.9688156247138977
ToyCarEmu/train/section_00_source_train_normal_0965_car_D1_spd_5_mic_2_mic_1.wav,in_support,periodic_resonance,0.9252187013626099
ToyCarEmu/train/section_00_source_train_normal_0966_car_D2_spd_5_mic_2_mic_1.wav,in_support,amplitude_modulation,0.9782639145851135
ToyCarEmu/train/section_00_source_train_normal_0967_car_D2_spd_5_mic_2_mic_1.wav,in_support,periodic_resonance,0.9553681015968323
ToyCarEmu/train/section_00_source_train_normal_0968_car_D2_spd_5_mic_2_mic_1.wav,in_support,periodic_resonance,0.9834937453269958
ToyCarEmu/train/section_00_source_train_normal_0969_car_D2_spd_5_mic_2_mic_1.wav,in_support,amplitude_modulation,0.9812898635864258
ToyCarEmu/train/section_00_source_train_normal_0970_car_D2_spd_5_mic_2_mic_1.wav,in_support,frequency_modulation,0.946861207485199
ToyCarEmu/train/section_00_source_train_normal_0971_car_D2_spd_5_mic_2_mic_1.wav,in_support,periodic_resonance,0.972186267375946
ToyCarEmu/train/section_00_source_train_normal_0972_car_D2_spd_5_mic_2_mic_1.wav,in_support,amplitude_modulation,0.9905163645744324
ToyCarEmu/train/section_00_source_train_normal_0973_car_D2_spd_5_mic_2_mic_1.wav,in_support,amplitude_modulation,0.9613574743270874
ToyCarEmu/train/section_00_source_train_normal_0974_car_D2_spd_5_mic_2_mic_1.wav,in_support,frequency_modulation,0.9495636224746704
ToyCarEmu/train/section_00_source_train_normal_0975_car_D2_spd_5_mic_2_mic_1.wav,in_support,frequency_modulation,0.9931784868240356
ToyCarEmu/train/section_00_source_train_normal_0976_car_D2_spd_5_mic_2_mic_1.wav,in_support,frequency_modulation,0.9799496531486511
ToyCarEmu/train/section_00_source_train_normal_0977_car_D2_spd_5_mic_2_mic_1.wav,in_support,periodic_resonance,0.9800665378570557
ToyCarEmu/train/section_00_source_train_normal_0978_car_D2_spd_5_mic_2_mic_1.wav,in_support,periodic_resonance,0.9807981252670288
ToyCarEmu/train/section_00_source_train_normal_0979_car_D2_spd_5_mic_2_mic_1.wav,in_support,amplitude_modulation,0.910757303237915
ToyCarEmu/train/section_00_source_train_normal_0980_car_D2_spd_5_mic_2_mic_1.wav,in_support,frequency_modulation,0.9948577880859375
ToyCarEmu/train/section_00_source_train_normal_0981_car_D2_spd_5_mic_2_mic_1.wav,in_support,periodic_resonance,0.8882299065589905
ToyCarEmu/train/section_00_source_train_normal_0982_car_D2_spd_5_mic_2_mic_1.wav,in_support,periodic_resonance,0.9805066585540771
ToyCarEmu/train/section_00_source_train_normal_0983_car_D2_spd_5_mic_2_mic_1.wav,in_support,frequency_modulation,0.8634611964225769
ToyCarEmu/train/section_00_source_train_normal_0984_car_D2_spd_5_mic_2_mic_1.wav,in_support,amplitude_modulation,0.9903556704521179
ToyCarEmu/train/section_00_source_train_normal_0985_car_D2_spd_5_mic_2_mic_1.wav,in_support,amplitude_modulation,0.9388849139213562
ToyCarEmu/train/section_00_source_train_normal_0986_car_D2_spd_5_mic_2_mic_1.wav,in_support,amplitude_modulation,0.9727998971939087
ToyCarEmu/train/section_00_source_train_normal_0987_car_D2_spd_5_mic_2_mic_1.wav,in_support,periodic_resonance,0.9931337237358093
ToyCarEmu/train/section_00_source_train_normal_0988_car_D2_spd_5_mic_2_mic_1.wav,in_support,amplitude_modulation,0.9607335329055786
ToyCarEmu/train/section_00_source_train_normal_0989_car_D2_spd_5_mic_2_mic_1.wav,in_support,periodic_resonance,0.9529133439064026
ToyCarEmu/train/section_00_target_train_normal_0000_car_A1_spd_4_mic_2_mic_1.wav,in_support,frequency_modulation,0.997172474861145
ToyCarEmu/train/section_00_target_train_normal_0001_car_A1_spd_1_mic_2_mic_1.wav,in_support,frequency_modulation,0.987488865852356
ToyCarEmu/train/section_00_target_train_normal_0002_car_A1_spd_1_mic_2_mic_1.wav,in_support,periodic_resonance,0.7913979291915894
ToyCarEmu/train/section_00_target_train_normal_0003_car_A2_spd_1_mic_2_mic_1.wav,in_support,amplitude_modulation,0.6965687274932861
ToyCarEmu/train/section_00_target_train_normal_0004_car_A2_spd_1_mic_2_mic_1.wav,in_support,amplitude_modulation,0.9787474274635315
ToyCarEmu/train/section_00_target_train_normal_0005_car_A1_spd_1_mic_2_mic_1.wav,in_support,frequency_modulation,0.9617469906806946
ToyCarEmu/train/section_00_target_train_normal_0006_car_A2_spd_1_mic_2_mic_1.wav,in_support,periodic_resonance,0.9950047135353088
ToyCarEmu/train/section_00_target_train_normal_0007_car_A2_spd_4_mic_2_mic_1.wav,in_support,frequency_modulation,0.9794889092445374
ToyCarEmu/train/section_00_target_train_normal_0008_car_A1_spd_4_mic_2_mic_1.wav,in_support,periodic_resonance,0.9689700603485107
ToyCarEmu/train/section_00_target_train_normal_0009_car_A2_spd_4_mic_2_mic_1.wav,in_support,amplitude_modulation,0.8936878442764282
bearingEmu/train/section_00_source_train_normal_0000_noAttribute.wav,in_support,frequency_modulation,0.8725990653038025
bearingEmu/train/section_00_source_train_normal_0001_noAttribute.wav,in_support,frequency_modulation,0.8826826810836792
bearingEmu/train/section_00_source_train_normal_0002_noAttribute.wav,in_support,frequency_modulation,0.902795135974884
bearingEmu/train/section_00_source_train_normal_0003_noAttribute.wav,in_support,frequency_modulation,0.5037282109260559
bearingEmu/train/section_00_source_train_normal_0004_noAttribute.wav,in_support,frequency_modulation,0.6284694671630859
bearingEmu/train/section_00_source_train_normal_0005_noAttribute.wav,in_support,frequency_modulation,0.9588030576705933
bearingEmu/train/section_00_source_train_normal_0006_noAttribute.wav,in_support,periodic_resonance,0.9735561013221741
bearingEmu/train/section_00_source_train_normal_0007_noAttribute.wav,in_support,amplitude_modulation,0.8921064138412476
bearingEmu/train/section_00_source_train_normal_0008_noAttribute.wav,in_support,frequency_modulation,0.9733591079711914
bearingEmu/train/section_00_source_train_normal_0009_noAttribute.wav,in_support,frequency_modulation,0.8338969945907593
bearingEmu/train/section_00_source_train_normal_0010_noAttribute.wav,in_support,frequency_modulation,0.9834706783294678
bearingEmu/train/section_00_source_train_normal_0011_noAttribute.wav,in_support,periodic_resonance,0.9961494207382202
bearingEmu/train/section_00_source_train_normal_0012_noAttribute.wav,in_support,periodic_resonance,0.990441620349884
bearingEmu/train/section_00_source_train_normal_0013_noAttribute.wav,in_support,frequency_modulation,0.9987586140632629
bearingEmu/train/section_00_source_train_normal_0014_noAttribute.wav,in_support,frequency_modulation,0.9445525407791138
bearingEmu/train/section_00_source_train_normal_0015_noAttribute.wav,in_support,periodic_resonance,0.9670759439468384
bearingEmu/train/section_00_source_train_normal_0016_noAttribute.wav,in_support,frequency_modulation,0.946199357509613
bearingEmu/train/section_00_source_train_normal_0017_noAttribute.wav,in_support,periodic_resonance,0.964630663394928
bearingEmu/train/section_00_source_train_normal_0018_noAttribute.wav,in_support,amplitude_modulation,0.9107798933982849
bearingEmu/train/section_00_source_train_normal_0019_noAttribute.wav,in_support,periodic_resonance,0.9897967576980591
bearingEmu/train/section_00_source_train_normal_0020_noAttribute.wav,in_support,amplitude_modulation,0.9877340793609619
bearingEmu/train/section_00_source_train_normal_0021_noAttribute.wav,in_support,frequency_modulation,0.3854109048843384
bearingEmu/train/section_00_source_train_normal_0022_noAttribute.wav,in_support,amplitude_modulation,0.9939118027687073
bearingEmu/train/section_00_source_train_normal_0023_noAttribute.wav,in_support,amplitude_modulation,0.9773324131965637
bearingEmu/train/section_00_source_train_normal_0024_noAttribute.wav,in_support,periodic_resonance,0.8855254650115967
bearingEmu/train/section_00_source_train_normal_0025_noAttribute.wav,in_support,frequency_modulation,0.9848914742469788
bearingEmu/train/section_00_source_train_normal_0026_noAttribute.wav,in_support,amplitude_modulation,0.9362027049064636
bearingEmu/train/section_00_source_train_normal_0027_noAttribute.wav,in_support,frequency_modulation,0.9233608245849609
bearingEmu/train/section_00_source_train_normal_0028_noAttribute.wav,in_support,amplitude_modulation,0.9986653327941895
bearingEmu/train/section_00_source_train_normal_0029_noAttribute.wav,in_support,frequency_modulation,0.9630410075187683
bearingEmu/train/section_00_source_train_normal_0030_noAttribute.wav,in_support,periodic_resonance,0.5047082901000977
bearingEmu/train/section_00_source_train_normal_0031_noAttribute.wav,in_support,frequency_modulation,0.9607502818107605
bearingEmu/train/section_00_source_train_normal_0032_noAttribute.wav,in_support,periodic_resonance,0.33315446972846985
bearingEmu/train/section_00_source_train_normal_0033_noAttribute.wav,in_support,frequency_modulation,0.9872556924819946
bearingEmu/train/section_00_source_train_normal_0034_noAttribute.wav,in_support,periodic_resonance,0.5748130679130554
bearingEmu/train/section_00_source_train_normal_0035_noAttribute.wav,in_support,amplitude_modulation,0.8936919569969177
bearingEmu/train/section_00_source_train_normal_0036_noAttribute.wav,in_support,frequency_modulation,0.9749714136123657
bearingEmu/train/section_00_source_train_normal_0037_noAttribute.wav,in_support,amplitude_modulation,0.9556554555892944
bearingEmu/train/section_00_source_train_normal_0038_noAttribute.wav,in_support,amplitude_modulation,0.9457423686981201
bearingEmu/train/section_00_source_train_normal_0039_noAttribute.wav,in_support,frequency_modulation,0.8805447220802307
bearingEmu/train/section_00_source_train_normal_0040_noAttribute.wav,in_support,periodic_resonance,0.8668853044509888
bearingEmu/train/section_00_source_train_normal_0041_noAttribute.wav,in_support,frequency_modulation,0.9124131798744202
bearingEmu/train/section_00_source_train_normal_0042_noAttribute.wav,in_support,periodic_resonance,0.5380337238311768
bearingEmu/train/section_00_source_train_normal_0043_noAttribute.wav,in_support,frequency_modulation,0.9272847175598145
bearingEmu/train/section_00_source_train_normal_0044_noAttribute.wav,in_support,frequency_modulation,0.7183785438537598
bearingEmu/train/section_00_source_train_normal_0045_noAttribute.wav,in_support,periodic_resonance,0.9497759342193604
bearingEmu/train/section_00_source_train_normal_0046_noAttribute.wav,in_support,amplitude_modulation,0.5308336615562439
bearingEmu/train/section_00_source_train_normal_0047_noAttribute.wav,in_support,amplitude_modulation,0.9251939654350281
bearingEmu/train/section_00_source_train_normal_0048_noAttribute.wav,in_support,frequency_modulation,0.7535332441329956
bearingEmu/train/section_00_source_train_normal_0049_noAttribute.wav,in_support,amplitude_modulation,0.27967482805252075
bearingEmu/train/section_00_source_train_normal_0050_noAttribute.wav,in_support,periodic_resonance,0.8465262055397034
bearingEmu/train/section_00_source_train_normal_0051_noAttribute.wav,in_support,amplitude_modulation,0.9635027050971985
bearingEmu/train/section_00_source_train_normal_0052_noAttribute.wav,in_support,periodic_resonance,0.4457852840423584
bearingEmu/train/section_00_source_train_normal_0053_noAttribute.wav,in_support,frequency_modulation,0.7621130347251892
bearingEmu/train/section_00_source_train_normal_0054_noAttribute.wav,in_support,amplitude_modulation,0.9624961614608765
bearingEmu/train/section_00_source_train_normal_0055_noAttribute.wav,in_support,frequency_modulation,0.7971041202545166
bearingEmu/train/section_00_source_train_normal_0056_noAttribute.wav,in_support,periodic_resonance,0.5208117961883545
bearingEmu/train/section_00_source_train_normal_0057_noAttribute.wav,in_support,frequency_modulation,0.8170352578163147
bearingEmu/train/section_00_source_train_normal_0058_noAttribute.wav,in_support,periodic_resonance,0.7855783104896545
bearingEmu/train/section_00_source_train_normal_0059_noAttribute.wav,in_support,periodic_resonance,0.9506624937057495
bearingEmu/train/section_00_source_train_normal_0060_noAttribute.wav,in_support,amplitude_modulation,0.6840574741363525
bearingEmu/train/section_00_source_train_normal_0061_noAttribute.wav,in_support,amplitude_modulation,0.8768925070762634
bearingEmu/train/section_00_source_train_normal_0062_noAttribute.wav,in_support,periodic_resonance,0.925518274307251
bearingEmu/train/section_00_source_train_normal_0063_noAttribute.wav,in_support,periodic_resonance,0.8200781941413879
bearingEmu/train/section_00_source_train_normal_0064_noAttribute.wav,in_support,frequency_modulation,0.9729893207550049
bearingEmu/train/section_00_source_train_normal_0065_noAttribute.wav,in_support,amplitude_modulation,0.9874811172485352
bearingEmu/train/section_00_source_train_normal_0066_noAttribute.wav,in_support,periodic_resonance,0.9125028848648071
bearingEmu/train/section_00_source_train_normal_0067_noAttribute.wav,in_support,frequency_modulation,0.9960870742797852
bearingEmu/train/section_00_source_train_normal_0068_noAttribute.wav,in_support,amplitude_modulation,0.9621724486351013
bearingEmu/train/section_00_source_train_normal_0069_noAttribute.wav,in_support,amplitude_modulation,0.5530200600624084
bearingEmu/train/section_00_source_train_normal_0070_noAttribute.wav,in_support,periodic_resonance,0.4854154586791992
bearingEmu/train/section_00_source_train_normal_0071_noAttribute.wav,in_support,frequency_modulation,0.9896626472473145
bearingEmu/train/section_00_source_train_normal_0072_noAttribute.wav,in_support,amplitude_modulation,0.9725725054740906
bearingEmu/train/section_00_source_train_normal_0073_noAttribute.wav,in_support,amplitude_modulation,0.6140860915184021
bearingEmu/train/section_00_source_train_normal_0074_noAttribute.wav,in_support,frequency_modulation,0.2148364633321762
bearingEmu/train/section_00_source_train_normal_0075_noAttribute.wav,in_support,frequency_modulation,0.9771038293838501
bearingEmu/train/section_00_source_train_normal_0076_noAttribute.wav,in_support,amplitude_modulation,0.986677885055542
bearingEmu/train/section_00_source_train_normal_0077_noAttribute.wav,in_support,amplitude_modulation,0.3953738808631897
bearingEmu/train/section_00_source_train_normal_0078_noAttribute.wav,in_support,amplitude_modulation,0.9940270185470581
bearingEmu/train/section_00_source_train_normal_0079_noAttribute.wav,in_support,periodic_resonance,0.9478057622909546
bearingEmu/train/section_00_source_train_normal_0080_noAttribute.wav,in_support,frequency_modulation,0.9755313396453857
bearingEmu/train/section_00_source_train_normal_0081_noAttribute.wav,in_support,periodic_resonance,0.9877579212188721
bearingEmu/train/section_00_source_train_normal_0082_noAttribute.wav,in_support,frequency_modulation,0.8974193930625916
bearingEmu/train/section_00_source_train_normal_0083_noAttribute.wav,in_support,periodic_resonance,0.786148190498352
bearingEmu/train/section_00_source_train_normal_0084_noAttribute.wav,in_support,frequency_modulation,0.9244820475578308
bearingEmu/train/section_00_source_train_normal_0085_noAttribute.wav,in_support,amplitude_modulation,0.9716001152992249
bearingEmu/train/section_00_source_train_normal_0086_noAttribute.wav,in_support,amplitude_modulation,0.9890886545181274
bearingEmu/train/section_00_source_train_normal_0087_noAttribute.wav,in_support,amplitude_modulation,0.9092431664466858
bearingEmu/train/section_00_source_train_normal_0088_noAttribute.wav,in_support,frequency_modulation,0.9680525660514832
bearingEmu/train/section_00_source_train_normal_0089_noAttribute.wav,in_support,amplitude_modulation,0.8240419626235962
bearingEmu/train/section_00_source_train_normal_0090_noAttribute.wav,in_support,amplitude_modulation,0.9712919592857361
bearingEmu/train/section_00_source_train_normal_0091_noAttribute.wav,in_support,frequency_modulation,0.9028513431549072
bearingEmu/train/section_00_source_train_normal_0092_noAttribute.wav,in_support,frequency_modulation,0.9865545034408569
bearingEmu/train/section_00_source_train_normal_0093_noAttribute.wav,in_support,amplitude_modulation,0.9974861145019531
bearingEmu/train/section_00_source_train_normal_0094_noAttribute.wav,in_support,amplitude_modulation,0.9465018510818481
bearingEmu/train/section_00_source_train_normal_0095_noAttribute.wav,in_support,periodic_resonance,0.9845590591430664
bearingEmu/train/section_00_source_train_normal_0096_noAttribute.wav,in_support,periodic_resonance,0.8621244430541992
bearingEmu/train/section_00_source_train_normal_0097_noAttribute.wav,in_support,periodic_resonance,0.9840953350067139
bearingEmu/train/section_00_source_train_normal_0098_noAttribute.wav,in_support,amplitude_modulation,0.9616827368736267
bearingEmu/train/section_00_source_train_normal_0099_noAttribute.wav,in_support,frequency_modulation,0.9451166987419128
bearingEmu/train/section_00_source_train_normal_0100_noAttribute.wav,in_support,periodic_resonance,0.8926051259040833
bearingEmu/train/section_00_source_train_normal_0101_noAttribute.wav,in_support,frequency_modulation,0.9739300012588501
bearingEmu/train/section_00_source_train_normal_0102_noAttribute.wav,in_support,frequency_modulation,0.4041368365287781
bearingEmu/train/section_00_source_train_normal_0103_noAttribute.wav,in_support,amplitude_modulation,0.984561026096344
bearingEmu/train/section_00_source_train_normal_0104_noAttribute.wav,in_support,amplitude_modulation,0.9905587434768677
bearingEmu/train/section_00_source_train_normal_0105_noAttribute.wav,in_support,amplitude_modulation,0.9637424945831299
bearingEmu/train/section_00_source_train_normal_0106_noAttribute.wav,in_support,amplitude_modulation,0.631772518157959
bearingEmu/train/section_00_source_train_normal_0107_noAttribute.wav,in_support,periodic_resonance,0.5088911056518555
bearingEmu/train/section_00_source_train_normal_0108_noAttribute.wav,in_support,amplitude_modulation,0.9041352272033691
bearingEmu/train/section_00_source_train_normal_0109_noAttribute.wav,in_support,amplitude_modulation,0.9861654043197632
bearingEmu/train/section_00_source_train_normal_0110_noAttribute.wav,in_support,periodic_resonance,0.6352921724319458
bearingEmu/train/section_00_source_train_normal_0111_noAttribute.wav,in_support,amplitude_modulation,0.9811819791793823
bearingEmu/train/section_00_source_train_normal_0112_noAttribute.wav,in_support,frequency_modulation,0.9803230166435242
bearingEmu/train/section_00_source_train_normal_0113_noAttribute.wav,in_support,frequency_modulation,0.9463088512420654
bearingEmu/train/section_00_source_train_normal_0114_noAttribute.wav,in_support,frequency_modulation,0.9992178678512573
bearingEmu/train/section_00_source_train_normal_0115_noAttribute.wav,in_support,periodic_resonance,0.7586553692817688
bearingEmu/train/section_00_source_train_normal_0116_noAttribute.wav,in_support,amplitude_modulation,0.9885969758033752
bearingEmu/train/section_00_source_train_normal_0117_noAttribute.wav,in_support,periodic_resonance,0.47828641533851624
bearingEmu/train/section_00_source_train_normal_0118_noAttribute.wav,in_support,amplitude_modulation,0.9199473857879639
bearingEmu/train/section_00_source_train_normal_0119_noAttribute.wav,in_support,frequency_modulation,0.6956539154052734
bearingEmu/train/section_00_source_train_normal_0120_noAttribute.wav,in_support,amplitude_modulation,0.9851288795471191
bearingEmu/train/section_00_source_train_normal_0121_noAttribute.wav,in_support,frequency_modulation,0.8476956486701965
bearingEmu/train/section_00_source_train_normal_0122_noAttribute.wav,in_support,amplitude_modulation,0.9507261514663696
bearingEmu/train/section_00_source_train_normal_0123_noAttribute.wav,in_support,periodic_resonance,0.7544305324554443
bearingEmu/train/section_00_source_train_normal_0124_noAttribute.wav,in_support,amplitude_modulation,0.9255258440971375
bearingEmu/train/section_00_source_train_normal_0125_noAttribute.wav,in_support,periodic_resonance,0.20346271991729736
bearingEmu/train/section_00_source_train_normal_0126_noAttribute.wav,in_support,frequency_modulation,0.9899309873580933
bearingEmu/train/section_00_source_train_normal_0127_noAttribute.wav,in_support,periodic_resonance,0.4857175350189209
bearingEmu/train/section_00_source_train_normal_0128_noAttribute.wav,in_support,amplitude_modulation,0.8803865313529968
bearingEmu/train/section_00_source_train_normal_0129_noAttribute.wav,in_support,periodic_resonance,0.8240453600883484
bearingEmu/train/section_00_source_train_normal_0130_noAttribute.wav,in_support,amplitude_modulation,0.9776401519775391
bearingEmu/train/section_00_source_train_normal_0131_noAttribute.wav,in_support,amplitude_modulation,0.8789646625518799
bearingEmu/train/section_00_source_train_normal_0132_noAttribute.wav,in_support,periodic_resonance,0.9406328797340393
bearingEmu/train/section_00_source_train_normal_0133_noAttribute.wav,in_support,frequency_modulation,0.9894015192985535
bearingEmu/train/section_00_source_train_normal_0134_noAttribute.wav,in_support,amplitude_modulation,0.9223150014877319
bearingEmu/train/section_00_source_train_normal_0135_noAttribute.wav,in_support,frequency_modulation,0.9167127013206482
bearingEmu/train/section_00_source_train_normal_0136_noAttribute.wav,in_support,amplitude_modulation,0.9737522602081299
bearingEmu/train/section_00_source_train_normal_0137_noAttribute.wav,in_support,periodic_resonance,0.9839017987251282
bearingEmu/train/section_00_source_train_normal_0138_noAttribute.wav,in_support,periodic_resonance,0.835939884185791
bearingEmu/train/section_00_source_train_normal_0139_noAttribute.wav,in_support,frequency_modulation,0.9872180819511414
bearingEmu/train/section_00_source_train_normal_0140_noAttribute.wav,in_support,frequency_modulation,0.8696107864379883
bearingEmu/train/section_00_source_train_normal_0141_noAttribute.wav,in_support,frequency_modulation,0.9073547124862671
bearingEmu/train/section_00_source_train_normal_0142_noAttribute.wav,in_support,periodic_resonance,0.4154762327671051
bearingEmu/train/section_00_source_train_normal_0143_noAttribute.wav,in_support,frequency_modulation,0.9611700773239136
bearingEmu/train/section_00_source_train_normal_0144_noAttribute.wav,in_support,amplitude_modulation,0.9342847466468811
bearingEmu/train/section_00_source_train_normal_0145_noAttribute.wav,in_support,frequency_modulation,0.9425179362297058
bearingEmu/train/section_00_source_train_normal_0146_noAttribute.wav,in_support,amplitude_modulation,0.9993859529495239
bearingEmu/train/section_00_source_train_normal_0147_noAttribute.wav,in_support,periodic_resonance,0.43023136258125305
bearingEmu/train/section_00_source_train_normal_0148_noAttribute.wav,in_support,frequency_modulation,0.9264010787010193
bearingEmu/train/section_00_source_train_normal_0149_noAttribute.wav,in_support,amplitude_modulation,0.9896608591079712
bearingEmu/train/section_00_source_train_normal_0150_noAttribute.wav,in_support,frequency_modulation,0.9123337268829346
bearingEmu/train/section_00_source_train_normal_0151_noAttribute.wav,in_support,amplitude_modulation,0.29002365469932556
bearingEmu/train/section_00_source_train_normal_0152_noAttribute.wav,in_support,periodic_resonance,0.9051635265350342
bearingEmu/train/section_00_source_train_normal_0153_noAttribute.wav,in_support,frequency_modulation,0.9654479026794434
bearingEmu/train/section_00_source_train_normal_0154_noAttribute.wav,in_support,amplitude_modulation,0.6899697184562683
bearingEmu/train/section_00_source_train_normal_0155_noAttribute.wav,in_support,amplitude_modulation,0.883650541305542
bearingEmu/train/section_00_source_train_normal_0156_noAttribute.wav,in_support,amplitude_modulation,0.9866981506347656
bearingEmu/train/section_00_source_train_normal_0157_noAttribute.wav,in_support,amplitude_modulation,0.9893012642860413
bearingEmu/train/section_00_source_train_normal_0158_noAttribute.wav,in_support,frequency_modulation,0.997550368309021
bearingEmu/train/section_00_source_train_normal_0159_noAttribute.wav,in_support,periodic_resonance,0.8131328821182251
bearingEmu/train/section_00_source_train_normal_0160_noAttribute.wav,in_support,amplitude_modulation,0.978416919708252
bearingEmu/train/section_00_source_train_normal_0161_noAttribute.wav,in_support,periodic_resonance,0.4755086302757263
bearingEmu/train/section_00_source_train_normal_0162_noAttribute.wav,in_support,frequency_modulation,0.9178813695907593
bearingEmu/train/section_00_source_train_normal_0163_noAttribute.wav,in_support,frequency_modulation,0.6368564367294312
bearingEmu/train/section_00_source_train_normal_0164_noAttribute.wav,in_support,periodic_resonance,0.978256106376648
bearingEmu/train/section_00_source_train_normal_0165_noAttribute.wav,in_support,amplitude_modulation,0.9635288119316101
bearingEmu/train/section_00_source_train_normal_0166_noAttribute.wav,in_support,amplitude_modulation,0.9732184410095215
bearingEmu/train/section_00_source_train_normal_0167_noAttribute.wav,in_support,frequency_modulation,0.9876056909561157
bearingEmu/train/section_00_source_train_normal_0168_noAttribute.wav,in_support,amplitude_modulation,0.9484755992889404
bearingEmu/train/section_00_source_train_normal_0169_noAttribute.wav,in_support,amplitude_modulation,0.9559938907623291
bearingEmu/train/section_00_source_train_normal_0170_noAttribute.wav,in_support,periodic_resonance,0.982373833656311
bearingEmu/train/section_00_source_train_normal_0171_noAttribute.wav,in_support,amplitude_modulation,0.5612985491752625
bearingEmu/train/section_00_source_train_normal_0172_noAttribute.wav,in_support,frequency_modulation,0.9494323134422302
bearingEmu/train/section_00_source_train_normal_0173_noAttribute.wav,in_support,periodic_resonance,0.9611048102378845
bearingEmu/train/section_00_source_train_normal_0174_noAttribute.wav,in_support,periodic_resonance,0.5870057940483093
bearingEmu/train/section_00_source_train_normal_0175_noAttribute.wav,in_support,frequency_modulation,0.8281238079071045
bearingEmu/train/section_00_source_train_normal_0176_noAttribute.wav,in_support,periodic_resonance,0.7194575667381287
bearingEmu/train/section_00_source_train_normal_0177_noAttribute.wav,in_support,amplitude_modulation,0.6132626533508301
bearingEmu/train/section_00_source_train_normal_0178_noAttribute.wav,in_support,periodic_resonance,0.3035968244075775
bearingEmu/train/section_00_source_train_normal_0179_noAttribute.wav,in_support,periodic_resonance,0.9087318181991577
bearingEmu/train/section_00_source_train_normal_0180_noAttribute.wav,in_support,amplitude_modulation,0.9339391589164734
bearingEmu/train/section_00_source_train_normal_0181_noAttribute.wav,in_support,frequency_modulation,0.7184906005859375
bearingEmu/train/section_00_source_train_normal_0182_noAttribute.wav,in_support,amplitude_modulation,0.977378785610199
bearingEmu/train/section_00_source_train_normal_0183_noAttribute.wav,in_support,frequency_modulation,0.9138093590736389
bearingEmu/train/section_00_source_train_normal_0184_noAttribute.wav,in_support,amplitude_modulation,0.7941775918006897
bearingEmu/train/section_00_source_train_normal_0185_noAttribute.wav,in_support,periodic_resonance,0.9410535097122192
bearingEmu/train/section_00_source_train_normal_0186_noAttribute.wav,in_support,periodic_resonance,0.5214284062385559
bearingEmu/train/section_00_source_train_normal_0187_noAttribute.wav,in_support,amplitude_modulation,0.41039201617240906
bearingEmu/train/section_00_source_train_normal_0188_noAttribute.wav,in_support,periodic_resonance,0.9179438948631287
bearingEmu/train/section_00_source_train_normal_0189_noAttribute.wav,in_support,frequency_modulation,0.9212902784347534
bearingEmu/train/section_00_source_train_normal_0190_noAttribute.wav,in_support,amplitude_modulation,0.8685645461082458
bearingEmu/train/section_00_source_train_normal_0191_noAttribute.wav,in_support,periodic_resonance,0.5434364080429077
bearingEmu/train/section_00_source_train_normal_0192_noAttribute.wav,in_support,amplitude_modulation,0.9477618932723999
bearingEmu/train/section_00_source_train_normal_0193_noAttribute.wav,in_support,amplitude_modulation,0.9383308291435242
bearingEmu/train/section_00_source_train_normal_0194_noAttribute.wav,in_support,amplitude_modulation,0.9111008644104004
bearingEmu/train/section_00_source_train_normal_0195_noAttribute.wav,in_support,periodic_resonance,0.805564284324646
bearingEmu/train/section_00_source_train_normal_0196_noAttribute.wav,in_support,periodic_resonance,0.8330829739570618
bearingEmu/train/section_00_source_train_normal_0197_noAttribute.wav,in_support,frequency_modulation,0.8970624804496765
bearingEmu/train/section_00_source_train_normal_0198_noAttribute.wav,in_support,frequency_modulation,0.8800687789916992
bearingEmu/train/section_00_source_train_normal_0199_noAttribute.wav,in_support,amplitude_modulation,0.6401269435882568
bearingEmu/train/section_00_source_train_normal_0200_noAttribute.wav,in_support,periodic_resonance,0.958573579788208
bearingEmu/train/section_00_source_train_normal_0201_noAttribute.wav,in_support,amplitude_modulation,0.9782385230064392
bearingEmu/train/section_00_source_train_normal_0202_noAttribute.wav,in_support,frequency_modulation,0.900672435760498
bearingEmu/train/section_00_source_train_normal_0203_noAttribute.wav,in_support,periodic_resonance,0.879673182964325
bearingEmu/train/section_00_source_train_normal_0204_noAttribute.wav,in_support,periodic_resonance,0.9327487945556641
bearingEmu/train/section_00_source_train_normal_0205_noAttribute.wav,in_support,frequency_modulation,0.8246297240257263
bearingEmu/train/section_00_source_train_normal_0206_noAttribute.wav,in_support,amplitude_modulation,0.8885964751243591
bearingEmu/train/section_00_source_train_normal_0207_noAttribute.wav,in_support,periodic_resonance,0.8718904256820679
bearingEmu/train/section_00_source_train_normal_0208_noAttribute.wav,in_support,amplitude_modulation,0.7823074460029602
bearingEmu/train/section_00_source_train_normal_0209_noAttribute.wav,in_support,frequency_modulation,0.91124027967453
bearingEmu/train/section_00_source_train_normal_0210_noAttribute.wav,in_support,frequency_modulation,0.994477391242981
bearingEmu/train/section_00_source_train_normal_0211_noAttribute.wav,in_support,periodic_resonance,0.9374982118606567
bearingEmu/train/section_00_source_train_normal_0212_noAttribute.wav,in_support,frequency_modulation,0.930661141872406
bearingEmu/train/section_00_source_train_normal_0213_noAttribute.wav,in_support,frequency_modulation,0.9899309277534485
bearingEmu/train/section_00_source_train_normal_0214_noAttribute.wav,in_support,periodic_resonance,0.9775975942611694
bearingEmu/train/section_00_source_train_normal_0215_noAttribute.wav,in_support,frequency_modulation,0.4712645709514618
bearingEmu/train/section_00_source_train_normal_0216_noAttribute.wav,in_support,periodic_resonance,0.8815354704856873
bearingEmu/train/section_00_source_train_normal_0217_noAttribute.wav,in_support,periodic_resonance,0.9927122592926025
bearingEmu/train/section_00_source_train_normal_0218_noAttribute.wav,in_support,periodic_resonance,0.9763638377189636
bearingEmu/train/section_00_source_train_normal_0219_noAttribute.wav,in_support,periodic_resonance,0.9387542009353638
bearingEmu/train/section_00_source_train_normal_0220_noAttribute.wav,in_support,frequency_modulation,0.6638233661651611
bearingEmu/train/section_00_source_train_normal_0221_noAttribute.wav,in_support,amplitude_modulation,0.9764816164970398
bearingEmu/train/section_00_source_train_normal_0222_noAttribute.wav,in_support,amplitude_modulation,0.9955154061317444
bearingEmu/train/section_00_source_train_normal_0223_noAttribute.wav,in_support,frequency_modulation,0.712017297744751
bearingEmu/train/section_00_source_train_normal_0224_noAttribute.wav,in_support,periodic_resonance,0.7879454493522644
bearingEmu/train/section_00_source_train_normal_0225_noAttribute.wav,in_support,amplitude_modulation,0.6440542340278625
bearingEmu/train/section_00_source_train_normal_0226_noAttribute.wav,in_support,amplitude_modulation,0.9067789912223816
bearingEmu/train/section_00_source_train_normal_0227_noAttribute.wav,in_support,frequency_modulation,0.9532746076583862
bearingEmu/train/section_00_source_train_normal_0228_noAttribute.wav,in_support,frequency_modulation,0.929625391960144
bearingEmu/train/section_00_source_train_normal_0229_noAttribute.wav,in_support,amplitude_modulation,0.9925562143325806
bearingEmu/train/section_00_source_train_normal_0230_noAttribute.wav,in_support,periodic_resonance,0.9773372411727905
bearingEmu/train/section_00_source_train_normal_0231_noAttribute.wav,in_support,amplitude_modulation,0.9708203673362732
bearingEmu/train/section_00_source_train_normal_0232_noAttribute.wav,in_support,amplitude_modulation,0.9968711733818054
bearingEmu/train/section_00_source_train_normal_0233_noAttribute.wav,in_support,frequency_modulation,0.8960369825363159
bearingEmu/train/section_00_source_train_normal_0234_noAttribute.wav,in_support,amplitude_modulation,0.3307614326477051
bearingEmu/train/section_00_source_train_normal_0235_noAttribute.wav,in_support,frequency_modulation,0.9826783537864685
bearingEmu/train/section_00_source_train_normal_0236_noAttribute.wav,in_support,periodic_resonance,0.7892543077468872
bearingEmu/train/section_00_source_train_normal_0237_noAttribute.wav,in_support,amplitude_modulation,0.9957273006439209
bearingEmu/train/section_00_source_train_normal_0238_noAttribute.wav,in_support,periodic_resonance,0.6573183536529541
bearingEmu/train/section_00_source_train_normal_0239_noAttribute.wav,in_support,periodic_resonance,0.9594995379447937
bearingEmu/train/section_00_source_train_normal_0240_noAttribute.wav,in_support,periodic_resonance,0.5137604475021362
bearingEmu/train/section_00_source_train_normal_0241_noAttribute.wav,in_support,periodic_resonance,0.9074269533157349
bearingEmu/train/section_00_source_train_normal_0242_noAttribute.wav,in_support,amplitude_modulation,0.985978364944458
bearingEmu/train/section_00_source_train_normal_0243_noAttribute.wav,in_support,periodic_resonance,0.4377713203430176
bearingEmu/train/section_00_source_train_normal_0244_noAttribute.wav,in_support,periodic_resonance,0.9775186777114868
bearingEmu/train/section_00_source_train_normal_0245_noAttribute.wav,in_support,frequency_modulation,0.9541968703269958
bearingEmu/train/section_00_source_train_normal_0246_noAttribute.wav,in_support,periodic_resonance,0.7196691632270813
bearingEmu/train/section_00_source_train_normal_0247_noAttribute.wav,in_support,frequency_modulation,0.9983496069908142
bearingEmu/train/section_00_source_train_normal_0248_noAttribute.wav,in_support,amplitude_modulation,0.5986380577087402
bearingEmu/train/section_00_source_train_normal_0249_noAttribute.wav,in_support,frequency_modulation,0.9888619780540466
bearingEmu/train/section_00_source_train_normal_0250_noAttribute.wav,in_support,amplitude_modulation,0.5178092122077942
bearingEmu/train/section_00_source_train_normal_0251_noAttribute.wav,in_support,frequency_modulation,0.6425396800041199
bearingEmu/train/section_00_source_train_normal_0252_noAttribute.wav,in_support,amplitude_modulation,0.9610663652420044
bearingEmu/train/section_00_source_train_normal_0253_noAttribute.wav,in_support,amplitude_modulation,0.9709938168525696
bearingEmu/train/section_00_source_train_normal_0254_noAttribute.wav,in_support,periodic_resonance,0.8347800970077515
bearingEmu/train/section_00_source_train_normal_0255_noAttribute.wav,in_support,amplitude_modulation,0.8636520504951477
bearingEmu/train/section_00_source_train_normal_0256_noAttribute.wav,in_support,amplitude_modulation,0.9622570872306824
bearingEmu/train/section_00_source_train_normal_0257_noAttribute.wav,in_support,amplitude_modulation,0.9860804677009583
bearingEmu/train/section_00_source_train_normal_0258_noAttribute.wav,in_support,periodic_resonance,0.9602397084236145
bearingEmu/train/section_00_source_train_normal_0259_noAttribute.wav,in_support,frequency_modulation,0.8240161538124084
bearingEmu/train/section_00_source_train_normal_0260_noAttribute.wav,in_support,periodic_resonance,0.7678866982460022
bearingEmu/train/section_00_source_train_normal_0261_noAttribute.wav,in_support,periodic_resonance,0.3962143659591675
bearingEmu/train/section_00_source_train_normal_0262_noAttribute.wav,in_support,periodic_resonance,0.9985150694847107
bearingEmu/train/section_00_source_train_normal_0263_noAttribute.wav,in_support,amplitude_modulation,0.8988957405090332
bearingEmu/train/section_00_source_train_normal_0264_noAttribute.wav,in_support,frequency_modulation,0.9720505475997925
bearingEmu/train/section_00_source_train_normal_0265_noAttribute.wav,in_support,amplitude_modulation,0.5580281019210815
bearingEmu/train/section_00_source_train_normal_0266_noAttribute.wav,in_support,amplitude_modulation,0.8657367825508118
bearingEmu/train/section_00_source_train_normal_0267_noAttribute.wav,in_support,amplitude_modulation,0.9878448247909546
bearingEmu/train/section_00_source_train_normal_0268_noAttribute.wav,in_support,amplitude_modulation,0.5730618834495544
bearingEmu/train/section_00_source_train_normal_0269_noAttribute.wav,in_support,frequency_modulation,0.8493140935897827
bearingEmu/train/section_00_source_train_normal_0270_noAttribute.wav,in_support,amplitude_modulation,0.9470089673995972
bearingEmu/train/section_00_source_train_normal_0271_noAttribute.wav,in_support,periodic_resonance,0.8289812207221985
bearingEmu/train/section_00_source_train_normal_0272_noAttribute.wav,in_support,amplitude_modulation,0.5324183702468872
bearingEmu/train/section_00_source_train_normal_0273_noAttribute.wav,in_support,frequency_modulation,0.8151736855506897
bearingEmu/train/section_00_source_train_normal_0274_noAttribute.wav,in_support,frequency_modulation,0.5558757781982422
bearingEmu/train/section_00_source_train_normal_0275_noAttribute.wav,in_support,amplitude_modulation,0.9551063179969788
bearingEmu/train/section_00_source_train_normal_0276_noAttribute.wav,in_support,frequency_modulation,0.9878573417663574
bearingEmu/train/section_00_source_train_normal_0277_noAttribute.wav,in_support,frequency_modulation,0.9775256514549255
bearingEmu/train/section_00_source_train_normal_0278_noAttribute.wav,in_support,amplitude_modulation,0.9150322675704956
bearingEmu/train/section_00_source_train_normal_0279_noAttribute.wav,in_support,periodic_resonance,0.9867468476295471
bearingEmu/train/section_00_source_train_normal_0280_noAttribute.wav,in_support,frequency_modulation,0.9800131320953369
bearingEmu/train/section_00_source_train_normal_0281_noAttribute.wav,in_support,periodic_resonance,0.9883230328559875
bearingEmu/train/section_00_source_train_normal_0282_noAttribute.wav,in_support,amplitude_modulation,0.9588717818260193
bearingEmu/train/section_00_source_train_normal_0283_noAttribute.wav,in_support,amplitude_modulation,0.9689111709594727
bearingEmu/train/section_00_source_train_normal_0284_noAttribute.wav,in_support,frequency_modulation,0.9068901538848877
bearingEmu/train/section_00_source_train_normal_0285_noAttribute.wav,in_support,frequency_modulation,0.8912478685379028
bearingEmu/train/section_00_source_train_normal_0286_noAttribute.wav,in_support,amplitude_modulation,0.9982917308807373
bearingEmu/train/section_00_source_train_normal_0287_noAttribute.wav,in_support,periodic_resonance,0.9901049733161926
bearingEmu/train/section_00_source_train_normal_0288_noAttribute.wav,in_support,periodic_resonance,0.9884631037712097
bearingEmu/train/section_00_source_train_normal_0289_noAttribute.wav,in_support,frequency_modulation,0.8820404410362244
bearingEmu/train/section_00_source_train_normal_0290_noAttribute.wav,in_support,amplitude_modulation,0.9844479560852051
bearingEmu/train/section_00_source_train_normal_0291_noAttribute.wav,in_support,periodic_resonance,0.9364436268806458
bearingEmu/train/section_00_source_train_normal_0292_noAttribute.wav,in_support,periodic_resonance,0.54810631275177
bearingEmu/train/section_00_source_train_normal_0293_noAttribute.wav,in_support,frequency_modulation,0.9971951246261597
bearingEmu/train/section_00_source_train_normal_0294_noAttribute.wav,in_support,frequency_modulation,0.9580046534538269
bearingEmu/train/section_00_source_train_normal_0295_noAttribute.wav,in_support,amplitude_modulation,0.6412532925605774
bearingEmu/train/section_00_source_train_normal_0296_noAttribute.wav,in_support,periodic_resonance,0.8565548658370972
bearingEmu/train/section_00_source_train_normal_0297_noAttribute.wav,in_support,amplitude_modulation,0.6924862265586853
bearingEmu/train/section_00_source_train_normal_0298_noAttribute.wav,in_support,amplitude_modulation,0.9929149746894836
bearingEmu/train/section_00_source_train_normal_0299_noAttribute.wav,in_support,periodic_resonance,0.3096955120563507
bearingEmu/train/section_00_source_train_normal_0300_noAttribute.wav,in_support,periodic_resonance,0.4310939311981201
bearingEmu/train/section_00_source_train_normal_0301_noAttribute.wav,in_support,periodic_resonance,0.9434314966201782
bearingEmu/train/section_00_source_train_normal_0302_noAttribute.wav,in_support,periodic_resonance,0.9994153380393982
bearingEmu/train/section_00_source_train_normal_0303_noAttribute.wav,in_support,frequency_modulation,0.9261603355407715
bearingEmu/train/section_00_source_train_normal_0304_noAttribute.wav,in_support,amplitude_modulation,0.9515048861503601
bearingEmu/train/section_00_source_train_normal_0305_noAttribute.wav,in_support,periodic_resonance,0.8213890790939331
bearingEmu/train/section_00_source_train_normal_0306_noAttribute.wav,in_support,frequency_modulation,0.8780413269996643
bearingEmu/train/section_00_source_train_normal_0307_noAttribute.wav,in_support,periodic_resonance,0.9820204377174377
bearingEmu/train/section_00_source_train_normal_0308_noAttribute.wav,in_support,periodic_resonance,0.6547953486442566
bearingEmu/train/section_00_source_train_normal_0309_noAttribute.wav,in_support,frequency_modulation,0.9733628034591675
bearingEmu/train/section_00_source_train_normal_0310_noAttribute.wav,in_support,periodic_resonance,0.3849051892757416
bearingEmu/train/section_00_source_train_normal_0311_noAttribute.wav,in_support,periodic_resonance,0.9445698261260986
bearingEmu/train/section_00_source_train_normal_0312_noAttribute.wav,in_support,amplitude_modulation,0.9943482279777527
bearingEmu/train/section_00_source_train_normal_0313_noAttribute.wav,in_support,amplitude_modulation,0.9936524629592896
bearingEmu/train/section_00_source_train_normal_0314_noAttribute.wav,in_support,periodic_resonance,0.9316064715385437
bearingEmu/train/section_00_source_train_normal_0315_noAttribute.wav,in_support,amplitude_modulation,0.9578808546066284
bearingEmu/train/section_00_source_train_normal_0316_noAttribute.wav,in_support,periodic_resonance,0.9812554717063904
bearingEmu/train/section_00_source_train_normal_0317_noAttribute.wav,in_support,amplitude_modulation,0.9798720479011536
bearingEmu/train/section_00_source_train_normal_0318_noAttribute.wav,in_support,periodic_resonance,0.8086138367652893
bearingEmu/train/section_00_source_train_normal_0319_noAttribute.wav,in_support,periodic_resonance,0.9327296018600464
bearingEmu/train/section_00_source_train_normal_0320_noAttribute.wav,in_support,frequency_modulation,0.9818963408470154
bearingEmu/train/section_00_source_train_normal_0321_noAttribute.wav,in_support,frequency_modulation,0.9696748852729797
bearingEmu/train/section_00_source_train_normal_0322_noAttribute.wav,in_support,amplitude_modulation,0.9690819978713989
bearingEmu/train/section_00_source_train_normal_0323_noAttribute.wav,in_support,amplitude_modulation,0.9195957183837891
bearingEmu/train/section_00_source_train_normal_0324_noAttribute.wav,in_support,periodic_resonance,0.8203737139701843
bearingEmu/train/section_00_source_train_normal_0325_noAttribute.wav,in_support,frequency_modulation,0.5843749642372131
bearingEmu/train/section_00_source_train_normal_0326_noAttribute.wav,in_support,frequency_modulation,0.9960824251174927
bearingEmu/train/section_00_source_train_normal_0327_noAttribute.wav,in_support,periodic_resonance,0.9718406200408936
bearingEmu/train/section_00_source_train_normal_0328_noAttribute.wav,in_support,amplitude_modulation,0.9607270956039429
bearingEmu/train/section_00_source_train_normal_0329_noAttribute.wav,in_support,periodic_resonance,0.9220187067985535
bearingEmu/train/section_00_source_train_normal_0330_noAttribute.wav,in_support,amplitude_modulation,0.9909485578536987
bearingEmu/train/section_00_source_train_normal_0331_noAttribute.wav,in_support,frequency_modulation,0.99212247133255
bearingEmu/train/section_00_source_train_normal_0332_noAttribute.wav,in_support,amplitude_modulation,0.9665055871009827
bearingEmu/train/section_00_source_train_normal_0333_noAttribute.wav,in_support,frequency_modulation,0.8840818405151367
bearingEmu/train/section_00_source_train_normal_0334_noAttribute.wav,in_support,amplitude_modulation,0.9063361883163452
bearingEmu/train/section_00_source_train_normal_0335_noAttribute.wav,in_support,amplitude_modulation,0.9586723446846008
bearingEmu/train/section_00_source_train_normal_0336_noAttribute.wav,in_support,periodic_resonance,0.942010223865509
bearingEmu/train/section_00_source_train_normal_0337_noAttribute.wav,in_support,periodic_resonance,0.8067330121994019
bearingEmu/train/section_00_source_train_normal_0338_noAttribute.wav,in_support,amplitude_modulation,0.9347259998321533
bearingEmu/train/section_00_source_train_normal_0339_noAttribute.wav,in_support,amplitude_modulation,0.9907659888267517
bearingEmu/train/section_00_source_train_normal_0340_noAttribute.wav,in_support,frequency_modulation,0.869796097278595
bearingEmu/train/section_00_source_train_normal_0341_noAttribute.wav,in_support,frequency_modulation,0.36373668909072876
bearingEmu/train/section_00_source_train_normal_0342_noAttribute.wav,in_support,periodic_resonance,0.999194324016571
bearingEmu/train/section_00_source_train_normal_0343_noAttribute.wav,in_support,frequency_modulation,0.9940261840820312
bearingEmu/train/section_00_source_train_normal_0344_noAttribute.wav,in_support,periodic_resonance,0.3266485333442688
bearingEmu/train/section_00_source_train_normal_0345_noAttribute.wav,in_support,frequency_modulation,0.9598314166069031
bearingEmu/train/section_00_source_train_normal_0346_noAttribute.wav,in_support,amplitude_modulation,0.9652368426322937
bearingEmu/train/section_00_source_train_normal_0347_noAttribute.wav,in_support,periodic_resonance,0.8267497420310974
bearingEmu/train/section_00_source_train_normal_0348_noAttribute.wav,in_support,amplitude_modulation,0.9884029030799866
bearingEmu/train/section_00_source_train_normal_0349_noAttribute.wav,in_support,frequency_modulation,0.954100489616394
bearingEmu/train/section_00_source_train_normal_0350_noAttribute.wav,in_support,frequency_modulation,0.9913468360900879
bearingEmu/train/section_00_source_train_normal_0351_noAttribute.wav,in_support,frequency_modulation,0.916904866695404
bearingEmu/train/section_00_source_train_normal_0352_noAttribute.wav,in_support,amplitude_modulation,0.9888207912445068
bearingEmu/train/section_00_source_train_normal_0353_noAttribute.wav,in_support,amplitude_modulation,0.9972412586212158
bearingEmu/train/section_00_source_train_normal_0354_noAttribute.wav,in_support,periodic_resonance,0.23725204169750214
bearingEmu/train/section_00_source_train_normal_0355_noAttribute.wav,in_support,amplitude_modulation,0.998103678226471
bearingEmu/train/section_00_source_train_normal_0356_noAttribute.wav,in_support,periodic_resonance,0.8979625701904297
bearingEmu/train/section_00_source_train_normal_0357_noAttribute.wav,in_support,amplitude_modulation,0.9200770258903503
bearingEmu/train/section_00_source_train_normal_0358_noAttribute.wav,in_support,frequency_modulation,0.9903729557991028
bearingEmu/train/section_00_source_train_normal_0359_noAttribute.wav,in_support,periodic_resonance,0.9653872847557068
bearingEmu/train/section_00_source_train_normal_0360_noAttribute.wav,in_support,amplitude_modulation,0.9727590084075928
bearingEmu/train/section_00_source_train_normal_0361_noAttribute.wav,in_support,frequency_modulation,0.9949390292167664
bearingEmu/train/section_00_source_train_normal_0362_noAttribute.wav,in_support,amplitude_modulation,0.9925937056541443
bearingEmu/train/section_00_source_train_normal_0363_noAttribute.wav,in_support,amplitude_modulation,0.9472219347953796
bearingEmu/train/section_00_source_train_normal_0364_noAttribute.wav,in_support,periodic_resonance,0.9740171432495117
bearingEmu/train/section_00_source_train_normal_0365_noAttribute.wav,in_support,periodic_resonance,0.6298596858978271
bearingEmu/train/section_00_source_train_normal_0366_noAttribute.wav,in_support,frequency_modulation,0.9737808704376221
bearingEmu/train/section_00_source_train_normal_0367_noAttribute.wav,in_support,periodic_resonance,0.8801895380020142
bearingEmu/train/section_00_source_train_normal_0368_noAttribute.wav,in_support,periodic_resonance,0.9792662858963013
bearingEmu/train/section_00_source_train_normal_0369_noAttribute.wav,in_support,frequency_modulation,0.95147305727005
bearingEmu/train/section_00_source_train_normal_0370_noAttribute.wav,in_support,amplitude_modulation,0.9939641356468201
bearingEmu/train/section_00_source_train_normal_0371_noAttribute.wav,in_support,amplitude_modulation,0.9741953015327454
bearingEmu/train/section_00_source_train_normal_0372_noAttribute.wav,in_support,amplitude_modulation,0.892393171787262
bearingEmu/train/section_00_source_train_normal_0373_noAttribute.wav,in_support,frequency_modulation,0.9733869433403015
bearingEmu/train/section_00_source_train_normal_0374_noAttribute.wav,in_support,frequency_modulation,0.9668338298797607
bearingEmu/train/section_00_source_train_normal_0375_noAttribute.wav,in_support,frequency_modulation,0.4326416850090027
bearingEmu/train/section_00_source_train_normal_0376_noAttribute.wav,in_support,amplitude_modulation,0.38707318902015686
bearingEmu/train/section_00_source_train_normal_0377_noAttribute.wav,in_support,periodic_resonance,0.7122452259063721
bearingEmu/train/section_00_source_train_normal_0378_noAttribute.wav,in_support,periodic_resonance,0.9103390574455261
bearingEmu/train/section_00_source_train_normal_0379_noAttribute.wav,in_support,frequency_modulation,0.8702332377433777
bearingEmu/train/section_00_source_train_normal_0380_noAttribute.wav,in_support,frequency_modulation,0.9639033675193787
bearingEmu/train/section_00_source_train_normal_0381_noAttribute.wav,in_support,periodic_resonance,0.5401877760887146
bearingEmu/train/section_00_source_train_normal_0382_noAttribute.wav,in_support,periodic_resonance,0.9840294718742371
bearingEmu/train/section_00_source_train_normal_0383_noAttribute.wav,in_support,frequency_modulation,0.9858747124671936
bearingEmu/train/section_00_source_train_normal_0384_noAttribute.wav,in_support,amplitude_modulation,0.29711589217185974
bearingEmu/train/section_00_source_train_normal_0385_noAttribute.wav,in_support,periodic_resonance,0.9069029688835144
bearingEmu/train/section_00_source_train_normal_0386_noAttribute.wav,in_support,frequency_modulation,0.9871900677680969
bearingEmu/train/section_00_source_train_normal_0387_noAttribute.wav,in_support,periodic_resonance,0.61271071434021
bearingEmu/train/section_00_source_train_normal_0388_noAttribute.wav,in_support,amplitude_modulation,0.9421209096908569
bearingEmu/train/section_00_source_train_normal_0389_noAttribute.wav,in_support,amplitude_modulation,0.28889715671539307
bearingEmu/train/section_00_source_train_normal_0390_noAttribute.wav,in_support,periodic_resonance,0.48844456672668457
bearingEmu/train/section_00_source_train_normal_0391_noAttribute.wav,in_support,periodic_resonance,0.9580867886543274
bearingEmu/train/section_00_source_train_normal_0392_noAttribute.wav,in_support,periodic_resonance,0.9940817952156067
bearingEmu/train/section_00_source_train_normal_0393_noAttribute.wav,in_support,frequency_modulation,0.8802709579467773
bearingEmu/train/section_00_source_train_normal_0394_noAttribute.wav,in_support,periodic_resonance,0.9058285355567932
bearingEmu/train/section_00_source_train_normal_0395_noAttribute.wav,in_support,periodic_resonance,0.9167578220367432
bearingEmu/train/section_00_source_train_normal_0396_noAttribute.wav,in_support,periodic_resonance,0.8978530764579773
bearingEmu/train/section_00_source_train_normal_0397_noAttribute.wav,in_support,frequency_modulation,0.9576301574707031
bearingEmu/train/section_00_source_train_normal_0398_noAttribute.wav,in_support,frequency_modulation,0.9851165413856506
bearingEmu/train/section_00_source_train_normal_0399_noAttribute.wav,in_support,amplitude_modulation,0.9746130704879761
bearingEmu/train/section_00_source_train_normal_0400_noAttribute.wav,in_support,amplitude_modulation,0.9906699657440186
bearingEmu/train/section_00_source_train_normal_0401_noAttribute.wav,in_support,amplitude_modulation,0.8768853545188904
bearingEmu/train/section_00_source_train_normal_0402_noAttribute.wav,in_support,frequency_modulation,0.891040563583374
bearingEmu/train/section_00_source_train_normal_0403_noAttribute.wav,in_support,periodic_resonance,0.9666246175765991
bearingEmu/train/section_00_source_train_normal_0404_noAttribute.wav,in_support,frequency_modulation,0.9160116314888
bearingEmu/train/section_00_source_train_normal_0405_noAttribute.wav,in_support,periodic_resonance,0.7485970854759216
bearingEmu/train/section_00_source_train_normal_0406_noAttribute.wav,in_support,amplitude_modulation,0.9690495729446411
bearingEmu/train/section_00_source_train_normal_0407_noAttribute.wav,in_support,amplitude_modulation,0.9943529367446899
bearingEmu/train/section_00_source_train_normal_0408_noAttribute.wav,in_support,amplitude_modulation,0.9987859725952148
bearingEmu/train/section_00_source_train_normal_0409_noAttribute.wav,in_support,periodic_resonance,0.913410484790802
bearingEmu/train/section_00_source_train_normal_0410_noAttribute.wav,in_support,amplitude_modulation,0.5738405585289001
bearingEmu/train/section_00_source_train_normal_0411_noAttribute.wav,in_support,amplitude_modulation,0.9518872499465942
bearingEmu/train/section_00_source_train_normal_0412_noAttribute.wav,in_support,periodic_resonance,0.9704946279525757
bearingEmu/train/section_00_source_train_normal_0413_noAttribute.wav,in_support,frequency_modulation,0.9962119460105896
bearingEmu/train/section_00_source_train_normal_0414_noAttribute.wav,in_support,frequency_modulation,0.9694929718971252
bearingEmu/train/section_00_source_train_normal_0415_noAttribute.wav,in_support,periodic_resonance,0.9022555351257324
bearingEmu/train/section_00_source_train_normal_0416_noAttribute.wav,in_support,frequency_modulation,0.911669135093689
bearingEmu/train/section_00_source_train_normal_0417_noAttribute.wav,in_support,frequency_modulation,0.9623587727546692
bearingEmu/train/section_00_source_train_normal_0418_noAttribute.wav,in_support,amplitude_modulation,0.9462058544158936
bearingEmu/train/section_00_source_train_normal_0419_noAttribute.wav,in_support,periodic_resonance,0.42415904998779297
bearingEmu/train/section_00_source_train_normal_0420_noAttribute.wav,in_support,periodic_resonance,0.9792640805244446
bearingEmu/train/section_00_source_train_normal_0421_noAttribute.wav,in_support,frequency_modulation,0.9699031710624695
bearingEmu/train/section_00_source_train_normal_0422_noAttribute.wav,in_support,frequency_modulation,0.7862491011619568
bearingEmu/train/section_00_source_train_normal_0423_noAttribute.wav,in_support,frequency_modulation,0.560655951499939
bearingEmu/train/section_00_source_train_normal_0424_noAttribute.wav,in_support,periodic_resonance,0.7488258481025696
bearingEmu/train/section_00_source_train_normal_0425_noAttribute.wav,in_support,periodic_resonance,0.7641006708145142
bearingEmu/train/section_00_source_train_normal_0426_noAttribute.wav,in_support,amplitude_modulation,0.854031503200531
bearingEmu/train/section_00_source_train_normal_0427_noAttribute.wav,in_support,frequency_modulation,0.9811690449714661
bearingEmu/train/section_00_source_train_normal_0428_noAttribute.wav,in_support,frequency_modulation,0.6035417318344116
bearingEmu/train/section_00_source_train_normal_0429_noAttribute.wav,in_support,frequency_modulation,0.8996637463569641
bearingEmu/train/section_00_source_train_normal_0430_noAttribute.wav,in_support,periodic_resonance,0.9762612581253052
bearingEmu/train/section_00_source_train_normal_0431_noAttribute.wav,in_support,periodic_resonance,0.8106673955917358
bearingEmu/train/section_00_source_train_normal_0432_noAttribute.wav,in_support,periodic_resonance,0.9964012503623962
bearingEmu/train/section_00_source_train_normal_0433_noAttribute.wav,in_support,amplitude_modulation,0.9874024391174316
bearingEmu/train/section_00_source_train_normal_0434_noAttribute.wav,in_support,frequency_modulation,0.611685574054718
bearingEmu/train/section_00_source_train_normal_0435_noAttribute.wav,in_support,periodic_resonance,0.991675615310669
bearingEmu/train/section_00_source_train_normal_0436_noAttribute.wav,in_support,frequency_modulation,0.9462993741035461
bearingEmu/train/section_00_source_train_normal_0437_noAttribute.wav,in_support,amplitude_modulation,0.8838945627212524
bearingEmu/train/section_00_source_train_normal_0438_noAttribute.wav,in_support,periodic_resonance,0.9972265958786011
bearingEmu/train/section_00_source_train_normal_0439_noAttribute.wav,in_support,periodic_resonance,0.9967714548110962
bearingEmu/train/section_00_source_train_normal_0440_noAttribute.wav,in_support,periodic_resonance,0.7015558481216431
bearingEmu/train/section_00_source_train_normal_0441_noAttribute.wav,in_support,frequency_modulation,0.9996780157089233
bearingEmu/train/section_00_source_train_normal_0442_noAttribute.wav,in_support,frequency_modulation,0.4184674322605133
bearingEmu/train/section_00_source_train_normal_0443_noAttribute.wav,in_support,amplitude_modulation,0.9293613433837891
bearingEmu/train/section_00_source_train_normal_0444_noAttribute.wav,in_support,periodic_resonance,0.990360677242279
bearingEmu/train/section_00_source_train_normal_0445_noAttribute.wav,in_support,amplitude_modulation,0.5073294639587402
bearingEmu/train/section_00_source_train_normal_0446_noAttribute.wav,in_support,frequency_modulation,0.962209165096283
bearingEmu/train/section_00_source_train_normal_0447_noAttribute.wav,in_support,periodic_resonance,0.8284898400306702
bearingEmu/train/section_00_source_train_normal_0448_noAttribute.wav,in_support,amplitude_modulation,0.9220866560935974
bearingEmu/train/section_00_source_train_normal_0449_noAttribute.wav,in_support,amplitude_modulation,0.9855893850326538
bearingEmu/train/section_00_source_train_normal_0450_noAttribute.wav,in_support,amplitude_modulation,0.8096888065338135
bearingEmu/train/section_00_source_train_normal_0451_noAttribute.wav,in_support,amplitude_modulation,0.9324213862419128
bearingEmu/train/section_00_source_train_normal_0452_noAttribute.wav,in_support,periodic_resonance,0.9505203366279602
bearingEmu/train/section_00_source_train_normal_0453_noAttribute.wav,in_support,frequency_modulation,0.9882804155349731
bearingEmu/train/section_00_source_train_normal_0454_noAttribute.wav,in_support,frequency_modulation,0.9454300403594971
bearingEmu/train/section_00_source_train_normal_0455_noAttribute.wav,in_support,periodic_resonance,0.9755359888076782
bearingEmu/train/section_00_source_train_normal_0456_noAttribute.wav,in_support,frequency_modulation,0.9733296036720276
bearingEmu/train/section_00_source_train_normal_0457_noAttribute.wav,in_support,amplitude_modulation,0.9685589671134949
bearingEmu/train/section_00_source_train_normal_0458_noAttribute.wav,in_support,frequency_modulation,0.552408754825592
bearingEmu/train/section_00_source_train_normal_0459_noAttribute.wav,in_support,frequency_modulation,0.9242770075798035
bearingEmu/train/section_00_source_train_normal_0460_noAttribute.wav,in_support,amplitude_modulation,0.9856708645820618
bearingEmu/train/section_00_source_train_normal_0461_noAttribute.wav,in_support,frequency_modulation,0.9722363948822021
bearingEmu/train/section_00_source_train_normal_0462_noAttribute.wav,in_support,frequency_modulation,0.5687081813812256
bearingEmu/train/section_00_source_train_normal_0463_noAttribute.wav,in_support,amplitude_modulation,0.9115233421325684
bearingEmu/train/section_00_source_train_normal_0464_noAttribute.wav,in_support,periodic_resonance,0.5967952013015747
bearingEmu/train/section_00_source_train_normal_0465_noAttribute.wav,in_support,frequency_modulation,0.8429439663887024
bearingEmu/train/section_00_source_train_normal_0466_noAttribute.wav,in_support,periodic_resonance,0.8647458553314209
bearingEmu/train/section_00_source_train_normal_0467_noAttribute.wav,in_support,periodic_resonance,0.9908660650253296
bearingEmu/train/section_00_source_train_normal_0468_noAttribute.wav,in_support,periodic_resonance,0.5875374674797058
bearingEmu/train/section_00_source_train_normal_0469_noAttribute.wav,in_support,periodic_resonance,0.9666184186935425
bearingEmu/train/section_00_source_train_normal_0470_noAttribute.wav,in_support,periodic_resonance,0.9581064581871033
bearingEmu/train/section_00_source_train_normal_0471_noAttribute.wav,in_support,frequency_modulation,0.9932848811149597
bearingEmu/train/section_00_source_train_normal_0472_noAttribute.wav,in_support,amplitude_modulation,0.9677739143371582
bearingEmu/train/section_00_source_train_normal_0473_noAttribute.wav,in_support,frequency_modulation,0.9550355672836304
bearingEmu/train/section_00_source_train_normal_0474_noAttribute.wav,in_support,frequency_modulation,0.9950715899467468
bearingEmu/train/section_00_source_train_normal_0475_noAttribute.wav,in_support,amplitude_modulation,0.3549967110157013
bearingEmu/train/section_00_source_train_normal_0476_noAttribute.wav,in_support,frequency_modulation,0.9065036773681641
bearingEmu/train/section_00_source_train_normal_0477_noAttribute.wav,in_support,amplitude_modulation,0.9835008978843689
bearingEmu/train/section_00_source_train_normal_0478_noAttribute.wav,in_support,amplitude_modulation,0.9530775547027588
bearingEmu/train/section_00_source_train_normal_0479_noAttribute.wav,in_support,frequency_modulation,0.9753455519676208
bearingEmu/train/section_00_source_train_normal_0480_noAttribute.wav,in_support,frequency_modulation,0.8431624174118042
bearingEmu/train/section_00_source_train_normal_0481_noAttribute.wav,in_support,amplitude_modulation,0.9851760864257812
bearingEmu/train/section_00_source_train_normal_0482_noAttribute.wav,in_support,periodic_resonance,0.9789456725120544
bearingEmu/train/section_00_source_train_normal_0483_noAttribute.wav,in_support,periodic_resonance,0.9215288758277893
bearingEmu/train/section_00_source_train_normal_0484_noAttribute.wav,in_support,periodic_resonance,0.9937980771064758
bearingEmu/train/section_00_source_train_normal_0485_noAttribute.wav,in_support,periodic_resonance,0.9658715128898621
bearingEmu/train/section_00_source_train_normal_0486_noAttribute.wav,in_support,amplitude_modulation,0.9873613119125366
bearingEmu/train/section_00_source_train_normal_0487_noAttribute.wav,in_support,periodic_resonance,0.8818005323410034
bearingEmu/train/section_00_source_train_normal_0488_noAttribute.wav,in_support,periodic_resonance,0.17889337241649628
bearingEmu/train/section_00_source_train_normal_0489_noAttribute.wav,in_support,amplitude_modulation,0.8057997822761536
bearingEmu/train/section_00_source_train_normal_0490_noAttribute.wav,in_support,amplitude_modulation,0.9973902702331543
bearingEmu/train/section_00_source_train_normal_0491_noAttribute.wav,in_support,frequency_modulation,0.7000533938407898
bearingEmu/train/section_00_source_train_normal_0492_noAttribute.wav,in_support,frequency_modulation,0.9427711367607117
bearingEmu/train/section_00_source_train_normal_0493_noAttribute.wav,in_support,amplitude_modulation,0.9504903554916382
bearingEmu/train/section_00_source_train_normal_0494_noAttribute.wav,in_support,amplitude_modulation,0.3154621422290802
bearingEmu/train/section_00_source_train_normal_0495_noAttribute.wav,in_support,frequency_modulation,0.9066518545150757
bearingEmu/train/section_00_source_train_normal_0496_noAttribute.wav,in_support,periodic_resonance,0.4192458987236023
bearingEmu/train/section_00_source_train_normal_0497_noAttribute.wav,in_support,amplitude_modulation,0.7247166037559509
bearingEmu/train/section_00_source_train_normal_0498_noAttribute.wav,in_support,amplitude_modulation,0.9638463854789734
bearingEmu/train/section_00_source_train_normal_0499_noAttribute.wav,in_support,frequency_modulation,0.9845690727233887
bearingEmu/train/section_00_source_train_normal_0500_noAttribute.wav,in_support,amplitude_modulation,0.9133427143096924
bearingEmu/train/section_00_source_train_normal_0501_noAttribute.wav,in_support,amplitude_modulation,0.9936163425445557
bearingEmu/train/section_00_source_train_normal_0502_noAttribute.wav,in_support,amplitude_modulation,0.40218573808670044
bearingEmu/train/section_00_source_train_normal_0503_noAttribute.wav,in_support,periodic_resonance,0.9096602201461792
bearingEmu/train/section_00_source_train_normal_0504_noAttribute.wav,in_support,amplitude_modulation,0.9656186103820801
bearingEmu/train/section_00_source_train_normal_0505_noAttribute.wav,in_support,frequency_modulation,0.9985323548316956
bearingEmu/train/section_00_source_train_normal_0506_noAttribute.wav,in_support,periodic_resonance,0.5698944926261902
bearingEmu/train/section_00_source_train_normal_0507_noAttribute.wav,in_support,periodic_resonance,0.6632877588272095
bearingEmu/train/section_00_source_train_normal_0508_noAttribute.wav,in_support,periodic_resonance,0.6272261738777161
bearingEmu/train/section_00_source_train_normal_0509_noAttribute.wav,in_support,periodic_resonance,0.2432740330696106
bearingEmu/train/section_00_source_train_normal_0510_noAttribute.wav,in_support,amplitude_modulation,0.9560759663581848
bearingEmu/train/section_00_source_train_normal_0511_noAttribute.wav,in_support,amplitude_modulation,0.8933891654014587
bearingEmu/train/section_00_source_train_normal_0512_noAttribute.wav,in_support,frequency_modulation,0.8097516894340515
bearingEmu/train/section_00_source_train_normal_0513_noAttribute.wav,in_support,frequency_modulation,0.9858499765396118
bearingEmu/train/section_00_source_train_normal_0514_noAttribute.wav,in_support,frequency_modulation,0.8735692501068115
bearingEmu/train/section_00_source_train_normal_0515_noAttribute.wav,in_support,frequency_modulation,0.7561021447181702
bearingEmu/train/section_00_source_train_normal_0516_noAttribute.wav,in_support,amplitude_modulation,0.9098817706108093
bearingEmu/train/section_00_source_train_normal_0517_noAttribute.wav,in_support,frequency_modulation,0.9031006693840027
bearingEmu/train/section_00_source_train_normal_0518_noAttribute.wav,in_support,amplitude_modulation,0.5893210172653198
bearingEmu/train/section_00_source_train_normal_0519_noAttribute.wav,in_support,amplitude_modulation,0.9653246402740479
bearingEmu/train/section_00_source_train_normal_0520_noAttribute.wav,in_support,amplitude_modulation,0.6778354644775391
bearingEmu/train/section_00_source_train_normal_0521_noAttribute.wav,in_support,periodic_resonance,0.9146579504013062
bearingEmu/train/section_00_source_train_normal_0522_noAttribute.wav,in_support,amplitude_modulation,0.8533509373664856
bearingEmu/train/section_00_source_train_normal_0523_noAttribute.wav,in_support,frequency_modulation,0.8843374252319336
bearingEmu/train/section_00_source_train_normal_0524_noAttribute.wav,in_support,periodic_resonance,0.3905430734157562
bearingEmu/train/section_00_source_train_normal_0525_noAttribute.wav,in_support,amplitude_modulation,0.9648769497871399
bearingEmu/train/section_00_source_train_normal_0526_noAttribute.wav,in_support,periodic_resonance,0.9956628680229187
bearingEmu/train/section_00_source_train_normal_0527_noAttribute.wav,in_support,frequency_modulation,0.9456233382225037
bearingEmu/train/section_00_source_train_normal_0528_noAttribute.wav,in_support,amplitude_modulation,0.7043228149414062
bearingEmu/train/section_00_source_train_normal_0529_noAttribute.wav,in_support,periodic_resonance,0.948890745639801
bearingEmu/train/section_00_source_train_normal_0530_noAttribute.wav,in_support,amplitude_modulation,0.9307436347007751
bearingEmu/train/section_00_source_train_normal_0531_noAttribute.wav,in_support,periodic_resonance,0.878585696220398
bearingEmu/train/section_00_source_train_normal_0532_noAttribute.wav,in_support,periodic_resonance,0.8141592741012573
bearingEmu/train/section_00_source_train_normal_0533_noAttribute.wav,in_support,amplitude_modulation,0.9984205961227417
bearingEmu/train/section_00_source_train_normal_0534_noAttribute.wav,in_support,amplitude_modulation,0.9956936836242676
bearingEmu/train/section_00_source_train_normal_0535_noAttribute.wav,in_support,periodic_resonance,0.6191965341567993
bearingEmu/train/section_00_source_train_normal_0536_noAttribute.wav,in_support,frequency_modulation,0.890487015247345
bearingEmu/train/section_00_source_train_normal_0537_noAttribute.wav,in_support,amplitude_modulation,0.9521726369857788
bearingEmu/train/section_00_source_train_normal_0538_noAttribute.wav,in_support,periodic_resonance,0.47591960430145264
bearingEmu/train/section_00_source_train_normal_0539_noAttribute.wav,in_support,amplitude_modulation,0.48925289511680603
bearingEmu/train/section_00_source_train_normal_0540_noAttribute.wav,in_support,periodic_resonance,0.98241126537323
bearingEmu/train/section_00_source_train_normal_0541_noAttribute.wav,in_support,frequency_modulation,0.958263635635376
bearingEmu/train/section_00_source_train_normal_0542_noAttribute.wav,in_support,periodic_resonance,0.702322781085968
bearingEmu/train/section_00_source_train_normal_0543_noAttribute.wav,in_support,frequency_modulation,0.9006093740463257
bearingEmu/train/section_00_source_train_normal_0544_noAttribute.wav,in_support,frequency_modulation,0.98880934715271
bearingEmu/train/section_00_source_train_normal_0545_noAttribute.wav,in_support,amplitude_modulation,0.9354928731918335
bearingEmu/train/section_00_source_train_normal_0546_noAttribute.wav,in_support,periodic_resonance,0.9978252649307251
bearingEmu/train/section_00_source_train_normal_0547_noAttribute.wav,in_support,amplitude_modulation,0.9230062961578369
bearingEmu/train/section_00_source_train_normal_0548_noAttribute.wav,in_support,frequency_modulation,0.9399991631507874
bearingEmu/train/section_00_source_train_normal_0549_noAttribute.wav,in_support,periodic_resonance,0.9497038125991821
bearingEmu/train/section_00_source_train_normal_0550_noAttribute.wav,in_support,periodic_resonance,0.9952131509780884
bearingEmu/train/section_00_source_train_normal_0551_noAttribute.wav,in_support,periodic_resonance,0.9948852062225342
bearingEmu/train/section_00_source_train_normal_0552_noAttribute.wav,in_support,frequency_modulation,0.8835891485214233
bearingEmu/train/section_00_source_train_normal_0553_noAttribute.wav,in_support,frequency_modulation,0.8774527907371521
bearingEmu/train/section_00_source_train_normal_0554_noAttribute.wav,in_support,periodic_resonance,0.9649106860160828
bearingEmu/train/section_00_source_train_normal_0555_noAttribute.wav,in_support,periodic_resonance,0.9905467629432678
bearingEmu/train/section_00_source_train_normal_0556_noAttribute.wav,in_support,periodic_resonance,0.5119051933288574
bearingEmu/train/section_00_source_train_normal_0557_noAttribute.wav,in_support,periodic_resonance,0.9989142417907715
bearingEmu/train/section_00_source_train_normal_0558_noAttribute.wav,in_support,amplitude_modulation,0.9579932689666748
bearingEmu/train/section_00_source_train_normal_0559_noAttribute.wav,in_support,amplitude_modulation,0.9749749898910522
bearingEmu/train/section_00_source_train_normal_0560_noAttribute.wav,in_support,periodic_resonance,0.9303936958312988
bearingEmu/train/section_00_source_train_normal_0561_noAttribute.wav,in_support,periodic_resonance,0.24210117757320404
bearingEmu/train/section_00_source_train_normal_0562_noAttribute.wav,in_support,amplitude_modulation,0.7493579983711243
bearingEmu/train/section_00_source_train_normal_0563_noAttribute.wav,in_support,periodic_resonance,0.8533570766448975
bearingEmu/train/section_00_source_train_normal_0564_noAttribute.wav,in_support,amplitude_modulation,0.32001155614852905
bearingEmu/train/section_00_source_train_normal_0565_noAttribute.wav,in_support,amplitude_modulation,0.8250324726104736
bearingEmu/train/section_00_source_train_normal_0566_noAttribute.wav,in_support,frequency_modulation,0.7668912410736084
bearingEmu/train/section_00_source_train_normal_0567_noAttribute.wav,in_support,periodic_resonance,0.8172750473022461
bearingEmu/train/section_00_source_train_normal_0568_noAttribute.wav,in_support,periodic_resonance,0.36646658182144165
bearingEmu/train/section_00_source_train_normal_0569_noAttribute.wav,in_support,periodic_resonance,0.8439414501190186
bearingEmu/train/section_00_source_train_normal_0570_noAttribute.wav,in_support,amplitude_modulation,0.9228387475013733
bearingEmu/train/section_00_source_train_normal_0571_noAttribute.wav,in_support,frequency_modulation,0.5959009528160095
bearingEmu/train/section_00_source_train_normal_0572_noAttribute.wav,in_support,frequency_modulation,0.8310707807540894
bearingEmu/train/section_00_source_train_normal_0573_noAttribute.wav,in_support,frequency_modulation,0.9623422622680664
bearingEmu/train/section_00_source_train_normal_0574_noAttribute.wav,in_support,frequency_modulation,0.9114018082618713
bearingEmu/train/section_00_source_train_normal_0575_noAttribute.wav,in_support,amplitude_modulation,0.9691739082336426
bearingEmu/train/section_00_source_train_normal_0576_noAttribute.wav,in_support,amplitude_modulation,0.9794305562973022
bearingEmu/train/section_00_source_train_normal_0577_noAttribute.wav,in_support,amplitude_modulation,0.8578850030899048
bearingEmu/train/section_00_source_train_normal_0578_noAttribute.wav,in_support,periodic_resonance,0.23912973701953888
bearingEmu/train/section_00_source_train_normal_0579_noAttribute.wav,in_support,frequency_modulation,0.9662259221076965
bearingEmu/train/section_00_source_train_normal_0580_noAttribute.wav,in_support,amplitude_modulation,0.9609546065330505
bearingEmu/train/section_00_source_train_normal_0581_noAttribute.wav,in_support,amplitude_modulation,0.24876733124256134
bearingEmu/train/section_00_source_train_normal_0582_noAttribute.wav,in_support,amplitude_modulation,0.9985003471374512
bearingEmu/train/section_00_source_train_normal_0583_noAttribute.wav,in_support,frequency_modulation,0.8844572901725769
bearingEmu/train/section_00_source_train_normal_0584_noAttribute.wav,in_support,frequency_modulation,0.8220220804214478
bearingEmu/train/section_00_source_train_normal_0585_noAttribute.wav,in_support,frequency_modulation,0.9997274875640869
bearingEmu/train/section_00_source_train_normal_0586_noAttribute.wav,in_support,periodic_resonance,0.9703686833381653
bearingEmu/train/section_00_source_train_normal_0587_noAttribute.wav,in_support,frequency_modulation,0.98180091381073
bearingEmu/train/section_00_source_train_normal_0588_noAttribute.wav,in_support,amplitude_modulation,0.9463289976119995
bearingEmu/train/section_00_source_train_normal_0589_noAttribute.wav,in_support,amplitude_modulation,0.9884543418884277
bearingEmu/train/section_00_source_train_normal_0590_noAttribute.wav,in_support,frequency_modulation,0.9202426075935364
bearingEmu/train/section_00_source_train_normal_0591_noAttribute.wav,in_support,periodic_resonance,0.9256085753440857
bearingEmu/train/section_00_source_train_normal_0592_noAttribute.wav,in_support,periodic_resonance,0.8882647752761841
bearingEmu/train/section_00_source_train_normal_0593_noAttribute.wav,in_support,amplitude_modulation,0.9742971062660217
bearingEmu/train/section_00_source_train_normal_0594_noAttribute.wav,in_support,periodic_resonance,0.7263210415840149
bearingEmu/train/section_00_source_train_normal_0595_noAttribute.wav,in_support,frequency_modulation,0.6765729188919067
bearingEmu/train/section_00_source_train_normal_0596_noAttribute.wav,in_support,amplitude_modulation,0.9926006197929382
bearingEmu/train/section_00_source_train_normal_0597_noAttribute.wav,in_support,amplitude_modulation,0.1327582746744156
bearingEmu/train/section_00_source_train_normal_0598_noAttribute.wav,in_support,frequency_modulation,0.4572744369506836
bearingEmu/train/section_00_source_train_normal_0599_noAttribute.wav,in_support,frequency_modulation,0.9906424880027771
bearingEmu/train/section_00_source_train_normal_0600_noAttribute.wav,in_support,periodic_resonance,0.5783178806304932
bearingEmu/train/section_00_source_train_normal_0601_noAttribute.wav,in_support,frequency_modulation,0.8664835095405579
bearingEmu/train/section_00_source_train_normal_0602_noAttribute.wav,in_support,amplitude_modulation,0.9755632877349854
bearingEmu/train/section_00_source_train_normal_0603_noAttribute.wav,in_support,amplitude_modulation,0.8819907903671265
bearingEmu/train/section_00_source_train_normal_0604_noAttribute.wav,in_support,amplitude_modulation,0.9350163340568542
bearingEmu/train/section_00_source_train_normal_0605_noAttribute.wav,in_support,periodic_resonance,0.5550931096076965
bearingEmu/train/section_00_source_train_normal_0606_noAttribute.wav,in_support,frequency_modulation,0.9129704236984253
bearingEmu/train/section_00_source_train_normal_0607_noAttribute.wav,in_support,periodic_resonance,0.8490882515907288
bearingEmu/train/section_00_source_train_normal_0608_noAttribute.wav,in_support,amplitude_modulation,0.966734766960144
bearingEmu/train/section_00_source_train_normal_0609_noAttribute.wav,in_support,periodic_resonance,0.6265875697135925
bearingEmu/train/section_00_source_train_normal_0610_noAttribute.wav,in_support,periodic_resonance,0.6830654144287109
bearingEmu/train/section_00_source_train_normal_0611_noAttribute.wav,in_support,amplitude_modulation,0.9923644065856934
bearingEmu/train/section_00_source_train_normal_0612_noAttribute.wav,in_support,frequency_modulation,0.9347783327102661
bearingEmu/train/section_00_source_train_normal_0613_noAttribute.wav,in_support,frequency_modulation,0.7380771040916443
bearingEmu/train/section_00_source_train_normal_0614_noAttribute.wav,in_support,amplitude_modulation,0.9991980791091919
bearingEmu/train/section_00_source_train_normal_0615_noAttribute.wav,in_support,frequency_modulation,0.972807765007019
bearingEmu/train/section_00_source_train_normal_0616_noAttribute.wav,in_support,periodic_resonance,0.9831750988960266
bearingEmu/train/section_00_source_train_normal_0617_noAttribute.wav,in_support,amplitude_modulation,0.6884213089942932
bearingEmu/train/section_00_source_train_normal_0618_noAttribute.wav,in_support,amplitude_modulation,0.9930220246315002
bearingEmu/train/section_00_source_train_normal_0619_noAttribute.wav,in_support,frequency_modulation,0.9834744930267334
bearingEmu/train/section_00_source_train_normal_0620_noAttribute.wav,in_support,amplitude_modulation,0.989217221736908
bearingEmu/train/section_00_source_train_normal_0621_noAttribute.wav,in_support,periodic_resonance,0.9885653257369995
bearingEmu/train/section_00_source_train_normal_0622_noAttribute.wav,in_support,frequency_modulation,0.9970366954803467
bearingEmu/train/section_00_source_train_normal_0623_noAttribute.wav,in_support,periodic_resonance,0.9956284761428833
bearingEmu/train/section_00_source_train_normal_0624_noAttribute.wav,in_support,frequency_modulation,0.9581050276756287
bearingEmu/train/section_00_source_train_normal_0625_noAttribute.wav,in_support,periodic_resonance,0.8653983473777771
bearingEmu/train/section_00_source_train_normal_0626_noAttribute.wav,in_support,periodic_resonance,0.6507366299629211
bearingEmu/train/section_00_source_train_normal_0627_noAttribute.wav,in_support,frequency_modulation,0.39621883630752563
bearingEmu/train/section_00_source_train_normal_0628_noAttribute.wav,in_support,amplitude_modulation,0.9047257900238037
bearingEmu/train/section_00_source_train_normal_0629_noAttribute.wav,in_support,frequency_modulation,0.9832340478897095
bearingEmu/train/section_00_source_train_normal_0630_noAttribute.wav,in_support,periodic_resonance,0.8139733076095581
bearingEmu/train/section_00_source_train_normal_0631_noAttribute.wav,in_support,frequency_modulation,0.7195096611976624
bearingEmu/train/section_00_source_train_normal_0632_noAttribute.wav,in_support,frequency_modulation,0.9697020053863525
bearingEmu/train/section_00_source_train_normal_0633_noAttribute.wav,in_support,frequency_modulation,0.9721638560295105
bearingEmu/train/section_00_source_train_normal_0634_noAttribute.wav,in_support,amplitude_modulation,0.19345179200172424
bearingEmu/train/section_00_source_train_normal_0635_noAttribute.wav,in_support,amplitude_modulation,0.9867082834243774
bearingEmu/train/section_00_source_train_normal_0636_noAttribute.wav,in_support,periodic_resonance,0.9967474341392517
bearingEmu/train/section_00_source_train_normal_0637_noAttribute.wav,in_support,amplitude_modulation,0.9270771741867065
bearingEmu/train/section_00_source_train_normal_0638_noAttribute.wav,in_support,amplitude_modulation,0.9570384621620178
bearingEmu/train/section_00_source_train_normal_0639_noAttribute.wav,in_support,frequency_modulation,0.9118227362632751
bearingEmu/train/section_00_source_train_normal_0640_noAttribute.wav,in_support,frequency_modulation,0.9387457966804504
bearingEmu/train/section_00_source_train_normal_0641_noAttribute.wav,in_support,amplitude_modulation,0.9167300462722778
bearingEmu/train/section_00_source_train_normal_0642_noAttribute.wav,in_support,frequency_modulation,0.9060450196266174
bearingEmu/train/section_00_source_train_normal_0643_noAttribute.wav,in_support,periodic_resonance,0.9840182065963745
bearingEmu/train/section_00_source_train_normal_0644_noAttribute.wav,in_support,periodic_resonance,0.9356454014778137
bearingEmu/train/section_00_source_train_normal_0645_noAttribute.wav,in_support,frequency_modulation,0.9978386163711548
bearingEmu/train/section_00_source_train_normal_0646_noAttribute.wav,in_support,frequency_modulation,0.9919766187667847
bearingEmu/train/section_00_source_train_normal_0647_noAttribute.wav,in_support,frequency_modulation,0.988753080368042
bearingEmu/train/section_00_source_train_normal_0648_noAttribute.wav,in_support,amplitude_modulation,0.980636477470398
bearingEmu/train/section_00_source_train_normal_0649_noAttribute.wav,in_support,frequency_modulation,0.9477845430374146
bearingEmu/train/section_00_source_train_normal_0650_noAttribute.wav,in_support,amplitude_modulation,0.994440495967865
bearingEmu/train/section_00_source_train_normal_0651_noAttribute.wav,in_support,frequency_modulation,0.4930775761604309
bearingEmu/train/section_00_source_train_normal_0652_noAttribute.wav,in_support,frequency_modulation,0.935910165309906
bearingEmu/train/section_00_source_train_normal_0653_noAttribute.wav,in_support,frequency_modulation,0.994658350944519
bearingEmu/train/section_00_source_train_normal_0654_noAttribute.wav,in_support,periodic_resonance,0.988088071346283
bearingEmu/train/section_00_source_train_normal_0655_noAttribute.wav,in_support,periodic_resonance,0.9276686310768127
bearingEmu/train/section_00_source_train_normal_0656_noAttribute.wav,in_support,periodic_resonance,0.9595518708229065
bearingEmu/train/section_00_source_train_normal_0657_noAttribute.wav,in_support,amplitude_modulation,0.9378109574317932
bearingEmu/train/section_00_source_train_normal_0658_noAttribute.wav,in_support,frequency_modulation,0.9720780849456787
bearingEmu/train/section_00_source_train_normal_0659_noAttribute.wav,in_support,frequency_modulation,0.9460803866386414
bearingEmu/train/section_00_source_train_normal_0660_noAttribute.wav,in_support,frequency_modulation,0.9310802817344666
bearingEmu/train/section_00_source_train_normal_0661_noAttribute.wav,in_support,amplitude_modulation,0.8763954043388367
bearingEmu/train/section_00_source_train_normal_0662_noAttribute.wav,in_support,amplitude_modulation,0.8792357444763184
bearingEmu/train/section_00_source_train_normal_0663_noAttribute.wav,in_support,periodic_resonance,0.9762110710144043
bearingEmu/train/section_00_source_train_normal_0664_noAttribute.wav,in_support,periodic_resonance,0.9954410791397095
bearingEmu/train/section_00_source_train_normal_0665_noAttribute.wav,in_support,periodic_resonance,0.6512969732284546
bearingEmu/train/section_00_source_train_normal_0666_noAttribute.wav,in_support,frequency_modulation,0.9617155194282532
bearingEmu/train/section_00_source_train_normal_0667_noAttribute.wav,in_support,frequency_modulation,0.9640918970108032
bearingEmu/train/section_00_source_train_normal_0668_noAttribute.wav,in_support,frequency_modulation,0.9863301515579224
bearingEmu/train/section_00_source_train_normal_0669_noAttribute.wav,in_support,amplitude_modulation,0.9082025289535522
bearingEmu/train/section_00_source_train_normal_0670_noAttribute.wav,in_support,amplitude_modulation,0.8548593521118164
bearingEmu/train/section_00_source_train_normal_0671_noAttribute.wav,in_support,periodic_resonance,0.4328187108039856
bearingEmu/train/section_00_source_train_normal_0672_noAttribute.wav,in_support,periodic_resonance,0.9768222570419312
bearingEmu/train/section_00_source_train_normal_0673_noAttribute.wav,in_support,frequency_modulation,0.3834869861602783
bearingEmu/train/section_00_source_train_normal_0674_noAttribute.wav,in_support,frequency_modulation,0.9732891321182251
bearingEmu/train/section_00_source_train_normal_0675_noAttribute.wav,in_support,periodic_resonance,0.9800905585289001
bearingEmu/train/section_00_source_train_normal_0676_noAttribute.wav,in_support,amplitude_modulation,0.9732715487480164
bearingEmu/train/section_00_source_train_normal_0677_noAttribute.wav,in_support,amplitude_modulation,0.9937283396720886
bearingEmu/train/section_00_source_train_normal_0678_noAttribute.wav,in_support,periodic_resonance,0.9928845167160034
bearingEmu/train/section_00_source_train_normal_0679_noAttribute.wav,in_support,frequency_modulation,0.9961313009262085
bearingEmu/train/section_00_source_train_normal_0680_noAttribute.wav,in_support,periodic_resonance,0.9386498928070068
bearingEmu/train/section_00_source_train_normal_0681_noAttribute.wav,in_support,frequency_modulation,0.8995726704597473
bearingEmu/train/section_00_source_train_normal_0682_noAttribute.wav,in_support,periodic_resonance,0.9312623739242554
bearingEmu/train/section_00_source_train_normal_0683_noAttribute.wav,in_support,amplitude_modulation,0.6582209467887878
bearingEmu/train/section_00_source_train_normal_0684_noAttribute.wav,in_support,frequency_modulation,0.9269605875015259
bearingEmu/train/section_00_source_train_normal_0685_noAttribute.wav,in_support,frequency_modulation,0.9365236759185791
bearingEmu/train/section_00_source_train_normal_0686_noAttribute.wav,in_support,frequency_modulation,0.9553086161613464
bearingEmu/train/section_00_source_train_normal_0687_noAttribute.wav,in_support,frequency_modulation,0.9936110377311707
bearingEmu/train/section_00_source_train_normal_0688_noAttribute.wav,in_support,amplitude_modulation,0.9824243783950806
bearingEmu/train/section_00_source_train_normal_0689_noAttribute.wav,in_support,periodic_resonance,0.9144946336746216
bearingEmu/train/section_00_source_train_normal_0690_noAttribute.wav,in_support,frequency_modulation,0.8510616421699524
bearingEmu/train/section_00_source_train_normal_0691_noAttribute.wav,in_support,frequency_modulation,0.9485852718353271
bearingEmu/train/section_00_source_train_normal_0692_noAttribute.wav,in_support,amplitude_modulation,0.874208927154541
bearingEmu/train/section_00_source_train_normal_0693_noAttribute.wav,in_support,periodic_resonance,0.8248932361602783
bearingEmu/train/section_00_source_train_normal_0694_noAttribute.wav,in_support,amplitude_modulation,0.4794149100780487
bearingEmu/train/section_00_source_train_normal_0695_noAttribute.wav,in_support,frequency_modulation,0.9766625761985779
bearingEmu/train/section_00_source_train_normal_0696_noAttribute.wav,in_support,frequency_modulation,0.8877045512199402
bearingEmu/train/section_00_source_train_normal_0697_noAttribute.wav,in_support,frequency_modulation,0.6030398607254028
bearingEmu/train/section_00_source_train_normal_0698_noAttribute.wav,in_support,periodic_resonance,0.9718234539031982
bearingEmu/train/section_00_source_train_normal_0699_noAttribute.wav,in_support,amplitude_modulation,0.4357271194458008
bearingEmu/train/section_00_source_train_normal_0700_noAttribute.wav,in_support,amplitude_modulation,0.908279538154602
bearingEmu/train/section_00_source_train_normal_0701_noAttribute.wav,in_support,periodic_resonance,0.9712435007095337
bearingEmu/train/section_00_source_train_normal_0702_noAttribute.wav,in_support,amplitude_modulation,0.9909288287162781
bearingEmu/train/section_00_source_train_normal_0703_noAttribute.wav,in_support,periodic_resonance,0.8801558613777161
bearingEmu/train/section_00_source_train_normal_0704_noAttribute.wav,in_support,frequency_modulation,0.9179391264915466
bearingEmu/train/section_00_source_train_normal_0705_noAttribute.wav,in_support,frequency_modulation,0.9625135660171509
bearingEmu/train/section_00_source_train_normal_0706_noAttribute.wav,in_support,periodic_resonance,0.9001145362854004
bearingEmu/train/section_00_source_train_normal_0707_noAttribute.wav,in_support,periodic_resonance,0.9547731280326843
bearingEmu/train/section_00_source_train_normal_0708_noAttribute.wav,in_support,frequency_modulation,0.9821670055389404
bearingEmu/train/section_00_source_train_normal_0709_noAttribute.wav,in_support,frequency_modulation,0.8914723992347717
bearingEmu/train/section_00_source_train_normal_0710_noAttribute.wav,in_support,periodic_resonance,0.9959723353385925
bearingEmu/train/section_00_source_train_normal_0711_noAttribute.wav,in_support,amplitude_modulation,0.9480424523353577
bearingEmu/train/section_00_source_train_normal_0712_noAttribute.wav,in_support,frequency_modulation,0.7405621409416199
bearingEmu/train/section_00_source_train_normal_0713_noAttribute.wav,in_support,amplitude_modulation,0.9412028193473816
bearingEmu/train/section_00_source_train_normal_0714_noAttribute.wav,in_support,frequency_modulation,0.9260456562042236
bearingEmu/train/section_00_source_train_normal_0715_noAttribute.wav,in_support,frequency_modulation,0.9769638776779175
bearingEmu/train/section_00_source_train_normal_0716_noAttribute.wav,in_support,amplitude_modulation,0.9427172541618347
bearingEmu/train/section_00_source_train_normal_0717_noAttribute.wav,in_support,amplitude_modulation,0.9798339009284973
bearingEmu/train/section_00_source_train_normal_0718_noAttribute.wav,in_support,periodic_resonance,0.8769131898880005
bearingEmu/train/section_00_source_train_normal_0719_noAttribute.wav,in_support,frequency_modulation,0.8413987755775452
bearingEmu/train/section_00_source_train_normal_0720_noAttribute.wav,in_support,frequency_modulation,0.9718429446220398
bearingEmu/train/section_00_source_train_normal_0721_noAttribute.wav,in_support,frequency_modulation,0.9156849384307861
bearingEmu/train/section_00_source_train_normal_0722_noAttribute.wav,in_support,periodic_resonance,0.7923019528388977
bearingEmu/train/section_00_source_train_normal_0723_noAttribute.wav,in_support,frequency_modulation,0.887208878993988
bearingEmu/train/section_00_source_train_normal_0724_noAttribute.wav,in_support,amplitude_modulation,0.9917036294937134
bearingEmu/train/section_00_source_train_normal_0725_noAttribute.wav,in_support,frequency_modulation,0.6058440804481506
bearingEmu/train/section_00_source_train_normal_0726_noAttribute.wav,in_support,periodic_resonance,0.9898389577865601
bearingEmu/train/section_00_source_train_normal_0727_noAttribute.wav,in_support,amplitude_modulation,0.8573269844055176
bearingEmu/train/section_00_source_train_normal_0728_noAttribute.wav,in_support,periodic_resonance,0.9969770908355713
bearingEmu/train/section_00_source_train_normal_0729_noAttribute.wav,in_support,frequency_modulation,0.8847419023513794
bearingEmu/train/section_00_source_train_normal_0730_noAttribute.wav,in_support,periodic_resonance,0.9359201788902283
bearingEmu/train/section_00_source_train_normal_0731_noAttribute.wav,in_support,amplitude_modulation,0.23056147992610931
bearingEmu/train/section_00_source_train_normal_0732_noAttribute.wav,in_support,periodic_resonance,0.352536678314209
bearingEmu/train/section_00_source_train_normal_0733_noAttribute.wav,in_support,amplitude_modulation,0.9107769727706909
bearingEmu/train/section_00_source_train_normal_0734_noAttribute.wav,in_support,amplitude_modulation,0.9875811338424683
bearingEmu/train/section_00_source_train_normal_0735_noAttribute.wav,in_support,amplitude_modulation,0.883791983127594
bearingEmu/train/section_00_source_train_normal_0736_noAttribute.wav,in_support,periodic_resonance,0.43514907360076904
bearingEmu/train/section_00_source_train_normal_0737_noAttribute.wav,in_support,periodic_resonance,0.7541608214378357
bearingEmu/train/section_00_source_train_normal_0738_noAttribute.wav,in_support,frequency_modulation,0.7784918546676636
bearingEmu/train/section_00_source_train_normal_0739_noAttribute.wav,in_support,frequency_modulation,0.9662811756134033
bearingEmu/train/section_00_source_train_normal_0740_noAttribute.wav,in_support,periodic_resonance,0.9681321382522583
bearingEmu/train/section_00_source_train_normal_0741_noAttribute.wav,in_support,amplitude_modulation,0.9882421493530273
bearingEmu/train/section_00_source_train_normal_0742_noAttribute.wav,in_support,amplitude_modulation,0.9876710772514343
bearingEmu/train/section_00_source_train_normal_0743_noAttribute.wav,in_support,amplitude_modulation,0.3335135281085968
bearingEmu/train/section_00_source_train_normal_0744_noAttribute.wav,in_support,amplitude_modulation,0.7165104746818542
bearingEmu/train/section_00_source_train_normal_0745_noAttribute.wav,in_support,amplitude_modulation,0.9842458963394165
bearingEmu/train/section_00_source_train_normal_0746_noAttribute.wav,in_support,amplitude_modulation,0.9756882786750793
bearingEmu/train/section_00_source_train_normal_0747_noAttribute.wav,in_support,frequency_modulation,0.8968559503555298
bearingEmu/train/section_00_source_train_normal_0748_noAttribute.wav,in_support,frequency_modulation,0.9401357173919678
bearingEmu/train/section_00_source_train_normal_0749_noAttribute.wav,in_support,periodic_resonance,0.9548833966255188
bearingEmu/train/section_00_source_train_normal_0750_noAttribute.wav,in_support,amplitude_modulation,0.8861445188522339
bearingEmu/train/section_00_source_train_normal_0751_noAttribute.wav,in_support,frequency_modulation,0.979530394077301
bearingEmu/train/section_00_source_train_normal_0752_noAttribute.wav,in_support,frequency_modulation,0.960201621055603
bearingEmu/train/section_00_source_train_normal_0753_noAttribute.wav,in_support,periodic_resonance,0.7023798227310181
bearingEmu/train/section_00_source_train_normal_0754_noAttribute.wav,in_support,frequency_modulation,0.7851747870445251
bearingEmu/train/section_00_source_train_normal_0755_noAttribute.wav,in_support,amplitude_modulation,0.8460953235626221
bearingEmu/train/section_00_source_train_normal_0756_noAttribute.wav,in_support,periodic_resonance,0.43959885835647583
bearingEmu/train/section_00_source_train_normal_0757_noAttribute.wav,in_support,frequency_modulation,0.9537299275398254
bearingEmu/train/section_00_source_train_normal_0758_noAttribute.wav,in_support,periodic_resonance,0.4154030680656433
bearingEmu/train/section_00_source_train_normal_0759_noAttribute.wav,in_support,frequency_modulation,0.9175999760627747
bearingEmu/train/section_00_source_train_normal_0760_noAttribute.wav,in_support,periodic_resonance,0.7504249215126038
bearingEmu/train/section_00_source_train_normal_0761_noAttribute.wav,in_support,amplitude_modulation,0.9850559830665588
bearingEmu/train/section_00_source_train_normal_0762_noAttribute.wav,in_support,frequency_modulation,0.8711867928504944
bearingEmu/train/section_00_source_train_normal_0763_noAttribute.wav,in_support,frequency_modulation,0.9993228912353516
bearingEmu/train/section_00_source_train_normal_0764_noAttribute.wav,in_support,frequency_modulation,0.9525680541992188
bearingEmu/train/section_00_source_train_normal_0765_noAttribute.wav,in_support,periodic_resonance,0.9586041569709778
bearingEmu/train/section_00_source_train_normal_0766_noAttribute.wav,in_support,periodic_resonance,0.9818140268325806
bearingEmu/train/section_00_source_train_normal_0767_noAttribute.wav,in_support,frequency_modulation,0.9297124743461609
bearingEmu/train/section_00_source_train_normal_0768_noAttribute.wav,in_support,frequency_modulation,0.8524534702301025
bearingEmu/train/section_00_source_train_normal_0769_noAttribute.wav,in_support,amplitude_modulation,0.9144003391265869
bearingEmu/train/section_00_source_train_normal_0770_noAttribute.wav,in_support,frequency_modulation,0.9704400300979614
bearingEmu/train/section_00_source_train_normal_0771_noAttribute.wav,in_support,periodic_resonance,0.823157787322998
bearingEmu/train/section_00_source_train_normal_0772_noAttribute.wav,in_support,frequency_modulation,0.9659745693206787
bearingEmu/train/section_00_source_train_normal_0773_noAttribute.wav,in_support,periodic_resonance,0.5813510417938232
bearingEmu/train/section_00_source_train_normal_0774_noAttribute.wav,in_support,periodic_resonance,0.8770101070404053
bearingEmu/train/section_00_source_train_normal_0775_noAttribute.wav,in_support,periodic_resonance,0.9965408444404602
bearingEmu/train/section_00_source_train_normal_0776_noAttribute.wav,in_support,amplitude_modulation,0.9389193654060364
bearingEmu/train/section_00_source_train_normal_0777_noAttribute.wav,in_support,periodic_resonance,0.42060303688049316
bearingEmu/train/section_00_source_train_normal_0778_noAttribute.wav,in_support,amplitude_modulation,0.9833711981773376
bearingEmu/train/section_00_source_train_normal_0779_noAttribute.wav,in_support,periodic_resonance,0.9951367974281311
bearingEmu/train/section_00_source_train_normal_0780_noAttribute.wav,in_support,periodic_resonance,0.4398793578147888
bearingEmu/train/section_00_source_train_normal_0781_noAttribute.wav,in_support,periodic_resonance,0.9266406893730164
bearingEmu/train/section_00_source_train_normal_0782_noAttribute.wav,in_support,amplitude_modulation,0.8545002341270447
bearingEmu/train/section_00_source_train_normal_0783_noAttribute.wav,in_support,frequency_modulation,0.6438747048377991
bearingEmu/train/section_00_source_train_normal_0784_noAttribute.wav,in_support,amplitude_modulation,0.5052306652069092
bearingEmu/train/section_00_source_train_normal_0785_noAttribute.wav,in_support,amplitude_modulation,0.960152268409729
bearingEmu/train/section_00_source_train_normal_0786_noAttribute.wav,in_support,amplitude_modulation,0.7060897350311279
bearingEmu/train/section_00_source_train_normal_0787_noAttribute.wav,in_support,periodic_resonance,0.5061385035514832
bearingEmu/train/section_00_source_train_normal_0788_noAttribute.wav,in_support,frequency_modulation,0.9735721945762634
bearingEmu/train/section_00_source_train_normal_0789_noAttribute.wav,in_support,amplitude_modulation,0.9189931750297546
bearingEmu/train/section_00_source_train_normal_0790_noAttribute.wav,in_support,amplitude_modulation,0.958106517791748
bearingEmu/train/section_00_source_train_normal_0791_noAttribute.wav,in_support,amplitude_modulation,0.9826045632362366
bearingEmu/train/section_00_source_train_normal_0792_noAttribute.wav,in_support,frequency_modulation,0.9351729154586792
bearingEmu/train/section_00_source_train_normal_0793_noAttribute.wav,in_support,amplitude_modulation,0.9770082831382751
bearingEmu/train/section_00_source_train_normal_0794_noAttribute.wav,in_support,periodic_resonance,0.7286501526832581
bearingEmu/train/section_00_source_train_normal_0795_noAttribute.wav,in_support,amplitude_modulation,0.9962167143821716
bearingEmu/train/section_00_source_train_normal_0796_noAttribute.wav,in_support,frequency_modulation,0.9214204549789429
bearingEmu/train/section_00_source_train_normal_0797_noAttribute.wav,in_support,periodic_resonance,0.3321351706981659
bearingEmu/train/section_00_source_train_normal_0798_noAttribute.wav,in_support,amplitude_modulation,0.9912328124046326
bearingEmu/train/section_00_source_train_normal_0799_noAttribute.wav,in_support,frequency_modulation,0.9956530332565308
bearingEmu/train/section_00_source_train_normal_0800_noAttribute.wav,in_support,frequency_modulation,0.9776557087898254
bearingEmu/train/section_00_source_train_normal_0801_noAttribute.wav,in_support,frequency_modulation,0.9737589955329895
bearingEmu/train/section_00_source_train_normal_0802_noAttribute.wav,in_support,amplitude_modulation,0.9855808615684509
bearingEmu/train/section_00_source_train_normal_0803_noAttribute.wav,in_support,periodic_resonance,0.9555975198745728
bearingEmu/train/section_00_source_train_normal_0804_noAttribute.wav,in_support,periodic_resonance,0.8240457773208618
bearingEmu/train/section_00_source_train_normal_0805_noAttribute.wav,in_support,frequency_modulation,0.968580424785614
bearingEmu/train/section_00_source_train_normal_0806_noAttribute.wav,in_support,periodic_resonance,0.9314407706260681
bearingEmu/train/section_00_source_train_normal_0807_noAttribute.wav,in_support,periodic_resonance,0.9942576885223389
bearingEmu/train/section_00_source_train_normal_0808_noAttribute.wav,in_support,amplitude_modulation,0.9748951196670532
bearingEmu/train/section_00_source_train_normal_0809_noAttribute.wav,in_support,amplitude_modulation,0.9622456431388855
bearingEmu/train/section_00_source_train_normal_0810_noAttribute.wav,in_support,amplitude_modulation,0.9860717058181763
bearingEmu/train/section_00_source_train_normal_0811_noAttribute.wav,in_support,amplitude_modulation,0.971383810043335
bearingEmu/train/section_00_source_train_normal_0812_noAttribute.wav,in_support,frequency_modulation,0.9319565892219543
bearingEmu/train/section_00_source_train_normal_0813_noAttribute.wav,in_support,frequency_modulation,0.8634771108627319
bearingEmu/train/section_00_source_train_normal_0814_noAttribute.wav,in_support,frequency_modulation,0.7183988094329834
bearingEmu/train/section_00_source_train_normal_0815_noAttribute.wav,in_support,amplitude_modulation,0.8826305270195007
bearingEmu/train/section_00_source_train_normal_0816_noAttribute.wav,in_support,frequency_modulation,0.9044060707092285
bearingEmu/train/section_00_source_train_normal_0817_noAttribute.wav,in_support,amplitude_modulation,0.8972678184509277
bearingEmu/train/section_00_source_train_normal_0818_noAttribute.wav,in_support,frequency_modulation,0.860889732837677
bearingEmu/train/section_00_source_train_normal_0819_noAttribute.wav,in_support,periodic_resonance,0.979544997215271
bearingEmu/train/section_00_source_train_normal_0820_noAttribute.wav,in_support,frequency_modulation,0.6966851353645325
bearingEmu/train/section_00_source_train_normal_0821_noAttribute.wav,in_support,frequency_modulation,0.6801796555519104
bearingEmu/train/section_00_source_train_normal_0822_noAttribute.wav,in_support,periodic_resonance,0.8996293544769287
bearingEmu/train/section_00_source_train_normal_0823_noAttribute.wav,in_support,frequency_modulation,0.9701141119003296
bearingEmu/train/section_00_source_train_normal_0824_noAttribute.wav,in_support,periodic_resonance,0.9318016767501831
bearingEmu/train/section_00_source_train_normal_0825_noAttribute.wav,in_support,frequency_modulation,0.9768179655075073
bearingEmu/train/section_00_source_train_normal_0826_noAttribute.wav,in_support,periodic_resonance,0.8664934635162354
bearingEmu/train/section_00_source_train_normal_0827_noAttribute.wav,in_support,frequency_modulation,0.9054979085922241
bearingEmu/train/section_00_source_train_normal_0828_noAttribute.wav,in_support,periodic_resonance,0.8622096180915833
bearingEmu/train/section_00_source_train_normal_0829_noAttribute.wav,in_support,amplitude_modulation,0.9945960640907288
bearingEmu/train/section_00_source_train_normal_0830_noAttribute.wav,in_support,periodic_resonance,0.7970678806304932
bearingEmu/train/section_00_source_train_normal_0831_noAttribute.wav,in_support,periodic_resonance,0.8014796376228333
bearingEmu/train/section_00_source_train_normal_0832_noAttribute.wav,in_support,periodic_resonance,0.4314230978488922
bearingEmu/train/section_00_source_train_normal_0833_noAttribute.wav,in_support,frequency_modulation,0.6274702548980713
bearingEmu/train/section_00_source_train_normal_0834_noAttribute.wav,in_support,amplitude_modulation,0.8330296277999878
bearingEmu/train/section_00_source_train_normal_0835_noAttribute.wav,in_support,amplitude_modulation,0.9678866863250732
bearingEmu/train/section_00_source_train_normal_0836_noAttribute.wav,in_support,frequency_modulation,0.9574100375175476
bearingEmu/train/section_00_source_train_normal_0837_noAttribute.wav,in_support,periodic_resonance,0.9169905781745911
bearingEmu/train/section_00_source_train_normal_0838_noAttribute.wav,in_support,frequency_modulation,0.866318941116333
bearingEmu/train/section_00_source_train_normal_0839_noAttribute.wav,in_support,amplitude_modulation,0.940682053565979
bearingEmu/train/section_00_source_train_normal_0840_noAttribute.wav,in_support,frequency_modulation,0.9829334020614624
bearingEmu/train/section_00_source_train_normal_0841_noAttribute.wav,in_support,amplitude_modulation,0.9696689248085022
bearingEmu/train/section_00_source_train_normal_0842_noAttribute.wav,in_support,frequency_modulation,0.8947346806526184
bearingEmu/train/section_00_source_train_normal_0843_noAttribute.wav,in_support,frequency_modulation,0.6818469762802124
bearingEmu/train/section_00_source_train_normal_0844_noAttribute.wav,in_support,frequency_modulation,0.9728752970695496
bearingEmu/train/section_00_source_train_normal_0845_noAttribute.wav,in_support,amplitude_modulation,0.9425460696220398
bearingEmu/train/section_00_source_train_normal_0846_noAttribute.wav,in_support,amplitude_modulation,0.3358975648880005
bearingEmu/train/section_00_source_train_normal_0847_noAttribute.wav,in_support,periodic_resonance,0.9815242886543274
bearingEmu/train/section_00_source_train_normal_0848_noAttribute.wav,in_support,periodic_resonance,0.32919663190841675
bearingEmu/train/section_00_source_train_normal_0849_noAttribute.wav,in_support,amplitude_modulation,0.9572488069534302
bearingEmu/train/section_00_source_train_normal_0850_noAttribute.wav,in_support,frequency_modulation,0.8966116309165955
bearingEmu/train/section_00_source_train_normal_0851_noAttribute.wav,in_support,periodic_resonance,0.8999922275543213
bearingEmu/train/section_00_source_train_normal_0852_noAttribute.wav,in_support,amplitude_modulation,0.9153761863708496
bearingEmu/train/section_00_source_train_normal_0853_noAttribute.wav,in_support,frequency_modulation,0.9941878914833069
bearingEmu/train/section_00_source_train_normal_0854_noAttribute.wav,in_support,amplitude_modulation,0.9827643632888794
bearingEmu/train/section_00_source_train_normal_0855_noAttribute.wav,in_support,periodic_resonance,0.9645631313323975
bearingEmu/train/section_00_source_train_normal_0856_noAttribute.wav,in_support,periodic_resonance,0.3713117837905884
bearingEmu/train/section_00_source_train_normal_0857_noAttribute.wav,in_support,periodic_resonance,0.5285082459449768
bearingEmu/train/section_00_source_train_normal_0858_noAttribute.wav,in_support,amplitude_modulation,0.8239560723304749
bearingEmu/train/section_00_source_train_normal_0859_noAttribute.wav,in_support,periodic_resonance,0.9876695275306702
bearingEmu/train/section_00_source_train_normal_0860_noAttribute.wav,in_support,periodic_resonance,0.42360925674438477
bearingEmu/train/section_00_source_train_normal_0861_noAttribute.wav,in_support,frequency_modulation,0.9276257157325745
bearingEmu/train/section_00_source_train_normal_0862_noAttribute.wav,in_support,frequency_modulation,0.983561635017395
bearingEmu/train/section_00_source_train_normal_0863_noAttribute.wav,in_support,periodic_resonance,0.7828859090805054
bearingEmu/train/section_00_source_train_normal_0864_noAttribute.wav,in_support,periodic_resonance,0.8214358687400818
bearingEmu/train/section_00_source_train_normal_0865_noAttribute.wav,in_support,amplitude_modulation,0.9497405886650085
bearingEmu/train/section_00_source_train_normal_0866_noAttribute.wav,in_support,periodic_resonance,0.9711793661117554
bearingEmu/train/section_00_source_train_normal_0867_noAttribute.wav,in_support,frequency_modulation,0.9685884714126587
bearingEmu/train/section_00_source_train_normal_0868_noAttribute.wav,in_support,periodic_resonance,0.9930043816566467
bearingEmu/train/section_00_source_train_normal_0869_noAttribute.wav,in_support,periodic_resonance,0.8666658401489258
bearingEmu/train/section_00_source_train_normal_0870_noAttribute.wav,in_support,periodic_resonance,0.8864017724990845
bearingEmu/train/section_00_source_train_normal_0871_noAttribute.wav,in_support,periodic_resonance,0.9699337482452393
bearingEmu/train/section_00_source_train_normal_0872_noAttribute.wav,in_support,amplitude_modulation,0.9664589166641235
bearingEmu/train/section_00_source_train_normal_0873_noAttribute.wav,in_support,amplitude_modulation,0.5901869535446167
bearingEmu/train/section_00_source_train_normal_0874_noAttribute.wav,in_support,periodic_resonance,0.5002446174621582
bearingEmu/train/section_00_source_train_normal_0875_noAttribute.wav,in_support,amplitude_modulation,0.9797439575195312
bearingEmu/train/section_00_source_train_normal_0876_noAttribute.wav,in_support,periodic_resonance,0.976508617401123
bearingEmu/train/section_00_source_train_normal_0877_noAttribute.wav,in_support,amplitude_modulation,0.9381691217422485
bearingEmu/train/section_00_source_train_normal_0878_noAttribute.wav,in_support,amplitude_modulation,0.9951878190040588
bearingEmu/train/section_00_source_train_normal_0879_noAttribute.wav,in_support,periodic_resonance,0.5857239961624146
bearingEmu/train/section_00_source_train_normal_0880_noAttribute.wav,in_support,amplitude_modulation,0.794457733631134
bearingEmu/train/section_00_source_train_normal_0881_noAttribute.wav,in_support,periodic_resonance,0.9533265829086304
bearingEmu/train/section_00_source_train_normal_0882_noAttribute.wav,in_support,amplitude_modulation,0.9947937726974487
bearingEmu/train/section_00_source_train_normal_0883_noAttribute.wav,in_support,frequency_modulation,0.549374520778656
bearingEmu/train/section_00_source_train_normal_0884_noAttribute.wav,in_support,frequency_modulation,0.9996504783630371
bearingEmu/train/section_00_source_train_normal_0885_noAttribute.wav,in_support,frequency_modulation,0.8958925008773804
bearingEmu/train/section_00_source_train_normal_0886_noAttribute.wav,in_support,amplitude_modulation,0.9979913234710693
bearingEmu/train/section_00_source_train_normal_0887_noAttribute.wav,in_support,amplitude_modulation,0.7234943509101868
bearingEmu/train/section_00_source_train_normal_0888_noAttribute.wav,in_support,frequency_modulation,0.9514650106430054
bearingEmu/train/section_00_source_train_normal_0889_noAttribute.wav,in_support,amplitude_modulation,0.3071570098400116
bearingEmu/train/section_00_source_train_normal_0890_noAttribute.wav,in_support,frequency_modulation,0.8851047158241272
bearingEmu/train/section_00_source_train_normal_0891_noAttribute.wav,in_support,periodic_resonance,0.9530411958694458
bearingEmu/train/section_00_source_train_normal_0892_noAttribute.wav,in_support,amplitude_modulation,0.3294244706630707
bearingEmu/train/section_00_source_train_normal_0893_noAttribute.wav,in_support,amplitude_modulation,0.9850239157676697
bearingEmu/train/section_00_source_train_normal_0894_noAttribute.wav,in_support,frequency_modulation,0.9276983737945557
bearingEmu/train/section_00_source_train_normal_0895_noAttribute.wav,in_support,periodic_resonance,0.7193900942802429
bearingEmu/train/section_00_source_train_normal_0896_noAttribute.wav,in_support,amplitude_modulation,0.9668148159980774
bearingEmu/train/section_00_source_train_normal_0897_noAttribute.wav,in_support,periodic_resonance,0.36537450551986694
bearingEmu/train/section_00_source_train_normal_0898_noAttribute.wav,in_support,periodic_resonance,0.9878120422363281
bearingEmu/train/section_00_source_train_normal_0899_noAttribute.wav,in_support,periodic_resonance,0.9649227857589722
bearingEmu/train/section_00_source_train_normal_0900_noAttribute.wav,in_support,periodic_resonance,0.8622552752494812
bearingEmu/train/section_00_source_train_normal_0901_noAttribute.wav,in_support,periodic_resonance,0.9006856679916382
bearingEmu/train/section_00_source_train_normal_0902_noAttribute.wav,in_support,frequency_modulation,0.8234868049621582
bearingEmu/train/section_00_source_train_normal_0903_noAttribute.wav,in_support,frequency_modulation,0.9502111077308655
bearingEmu/train/section_00_source_train_normal_0904_noAttribute.wav,in_support,periodic_resonance,0.9310601949691772
bearingEmu/train/section_00_source_train_normal_0905_noAttribute.wav,in_support,periodic_resonance,0.9909789562225342
bearingEmu/train/section_00_source_train_normal_0906_noAttribute.wav,in_support,frequency_modulation,0.9306527376174927
bearingEmu/train/section_00_source_train_normal_0907_noAttribute.wav,in_support,periodic_resonance,0.4842439293861389
bearingEmu/train/section_00_source_train_normal_0908_noAttribute.wav,in_support,frequency_modulation,0.6280233860015869
bearingEmu/train/section_00_source_train_normal_0909_noAttribute.wav,in_support,frequency_modulation,0.8638708591461182
bearingEmu/train/section_00_source_train_normal_0910_noAttribute.wav,in_support,amplitude_modulation,0.9591310620307922
bearingEmu/train/section_00_source_train_normal_0911_noAttribute.wav,in_support,amplitude_modulation,0.9466339945793152
bearingEmu/train/section_00_source_train_normal_0912_noAttribute.wav,in_support,periodic_resonance,0.8728163242340088
bearingEmu/train/section_00_source_train_normal_0913_noAttribute.wav,in_support,frequency_modulation,0.9473848938941956
bearingEmu/train/section_00_source_train_normal_0914_noAttribute.wav,in_support,amplitude_modulation,0.9411709308624268
bearingEmu/train/section_00_source_train_normal_0915_noAttribute.wav,in_support,periodic_resonance,0.8326433897018433
bearingEmu/train/section_00_source_train_normal_0916_noAttribute.wav,in_support,amplitude_modulation,0.9524641633033752
bearingEmu/train/section_00_source_train_normal_0917_noAttribute.wav,in_support,periodic_resonance,0.9816762804985046
bearingEmu/train/section_00_source_train_normal_0918_noAttribute.wav,in_support,amplitude_modulation,0.9805785417556763
bearingEmu/train/section_00_source_train_normal_0919_noAttribute.wav,in_support,frequency_modulation,0.9300835132598877
bearingEmu/train/section_00_source_train_normal_0920_noAttribute.wav,in_support,periodic_resonance,0.22869130969047546
bearingEmu/train/section_00_source_train_normal_0921_noAttribute.wav,in_support,periodic_resonance,0.2149438112974167
bearingEmu/train/section_00_source_train_normal_0922_noAttribute.wav,in_support,frequency_modulation,0.920304000377655
bearingEmu/train/section_00_source_train_normal_0923_noAttribute.wav,in_support,frequency_modulation,0.8926076292991638
bearingEmu/train/section_00_source_train_normal_0924_noAttribute.wav,in_support,frequency_modulation,0.8387093544006348
bearingEmu/train/section_00_source_train_normal_0925_noAttribute.wav,in_support,frequency_modulation,0.54740971326828
bearingEmu/train/section_00_source_train_normal_0926_noAttribute.wav,in_support,frequency_modulation,0.9627155065536499
bearingEmu/train/section_00_source_train_normal_0927_noAttribute.wav,in_support,frequency_modulation,0.911443293094635
bearingEmu/train/section_00_source_train_normal_0928_noAttribute.wav,in_support,periodic_resonance,0.9997212290763855
bearingEmu/train/section_00_source_train_normal_0929_noAttribute.wav,in_support,frequency_modulation,0.9706809520721436
bearingEmu/train/section_00_source_train_normal_0930_noAttribute.wav,in_support,periodic_resonance,0.938212513923645
bearingEmu/train/section_00_source_train_normal_0931_noAttribute.wav,in_support,amplitude_modulation,0.9830379486083984
bearingEmu/train/section_00_source_train_normal_0932_noAttribute.wav,in_support,periodic_resonance,0.48642611503601074
bearingEmu/train/section_00_source_train_normal_0933_noAttribute.wav,in_support,amplitude_modulation,0.9949280023574829
bearingEmu/train/section_00_source_train_normal_0934_noAttribute.wav,in_support,frequency_modulation,0.9980099201202393
bearingEmu/train/section_00_source_train_normal_0935_noAttribute.wav,in_support,frequency_modulation,0.9610159993171692
bearingEmu/train/section_00_source_train_normal_0936_noAttribute.wav,in_support,periodic_resonance,0.9886894226074219
bearingEmu/train/section_00_source_train_normal_0937_noAttribute.wav,in_support,periodic_resonance,0.9762994050979614
bearingEmu/train/section_00_source_train_normal_0938_noAttribute.wav,in_support,periodic_resonance,0.7397540807723999
bearingEmu/train/section_00_source_train_normal_0939_noAttribute.wav,in_support,amplitude_modulation,0.9746941924095154
bearingEmu/train/section_00_source_train_normal_0940_noAttribute.wav,in_support,periodic_resonance,0.7939207553863525
bearingEmu/train/section_00_source_train_normal_0941_noAttribute.wav,in_support,periodic_resonance,0.8996601104736328
bearingEmu/train/section_00_source_train_normal_0942_noAttribute.wav,in_support,frequency_modulation,0.9903231263160706
bearingEmu/train/section_00_source_train_normal_0943_noAttribute.wav,in_support,periodic_resonance,0.5893034338951111
bearingEmu/train/section_00_source_train_normal_0944_noAttribute.wav,in_support,periodic_resonance,0.5669780969619751
bearingEmu/train/section_00_source_train_normal_0945_noAttribute.wav,in_support,amplitude_modulation,0.43280085921287537
bearingEmu/train/section_00_source_train_normal_0946_noAttribute.wav,in_support,amplitude_modulation,0.9354234337806702
bearingEmu/train/section_00_source_train_normal_0947_noAttribute.wav,in_support,periodic_resonance,0.8806767463684082
bearingEmu/train/section_00_source_train_normal_0948_noAttribute.wav,in_support,amplitude_modulation,0.9711200594902039
bearingEmu/train/section_00_source_train_normal_0949_noAttribute.wav,in_support,frequency_modulation,0.9401339292526245
bearingEmu/train/section_00_source_train_normal_0950_noAttribute.wav,in_support,frequency_modulation,0.8974844813346863
bearingEmu/train/section_00_source_train_normal_0951_noAttribute.wav,in_support,amplitude_modulation,0.21437005698680878
bearingEmu/train/section_00_source_train_normal_0952_noAttribute.wav,in_support,amplitude_modulation,0.9112509489059448
bearingEmu/train/section_00_source_train_normal_0953_noAttribute.wav,in_support,amplitude_modulation,0.9101333022117615
bearingEmu/train/section_00_source_train_normal_0954_noAttribute.wav,in_support,frequency_modulation,0.846861720085144
bearingEmu/train/section_00_source_train_normal_0955_noAttribute.wav,in_support,frequency_modulation,0.9995466470718384
bearingEmu/train/section_00_source_train_normal_0956_noAttribute.wav,in_support,periodic_resonance,0.7696179151535034
bearingEmu/train/section_00_source_train_normal_0957_noAttribute.wav,in_support,frequency_modulation,0.9782120585441589
bearingEmu/train/section_00_source_train_normal_0958_noAttribute.wav,in_support,amplitude_modulation,0.9838656783103943
bearingEmu/train/section_00_source_train_normal_0959_noAttribute.wav,in_support,periodic_resonance,0.9846096634864807
bearingEmu/train/section_00_source_train_normal_0960_noAttribute.wav,in_support,frequency_modulation,0.442851722240448
bearingEmu/train/section_00_source_train_normal_0961_noAttribute.wav,in_support,periodic_resonance,0.9737573266029358
bearingEmu/train/section_00_source_train_normal_0962_noAttribute.wav,in_support,periodic_resonance,0.9428008198738098
bearingEmu/train/section_00_source_train_normal_0963_noAttribute.wav,in_support,periodic_resonance,0.9918367266654968
bearingEmu/train/section_00_source_train_normal_0964_noAttribute.wav,in_support,periodic_resonance,0.9566646814346313
bearingEmu/train/section_00_source_train_normal_0965_noAttribute.wav,in_support,amplitude_modulation,0.9114581346511841
bearingEmu/train/section_00_source_train_normal_0966_noAttribute.wav,in_support,periodic_resonance,0.795762300491333
bearingEmu/train/section_00_source_train_normal_0967_noAttribute.wav,in_support,periodic_resonance,0.3168395161628723
bearingEmu/train/section_00_source_train_normal_0968_noAttribute.wav,in_support,frequency_modulation,0.9630215167999268
bearingEmu/train/section_00_source_train_normal_0969_noAttribute.wav,in_support,frequency_modulation,0.9195179343223572
bearingEmu/train/section_00_source_train_normal_0970_noAttribute.wav,in_support,amplitude_modulation,0.943286657333374
bearingEmu/train/section_00_source_train_normal_0971_noAttribute.wav,in_support,periodic_resonance,0.9555776119232178
bearingEmu/train/section_00_source_train_normal_0972_noAttribute.wav,in_support,amplitude_modulation,0.5710269808769226
bearingEmu/train/section_00_source_train_normal_0973_noAttribute.wav,in_support,frequency_modulation,0.9966808557510376
bearingEmu/train/section_00_source_train_normal_0974_noAttribute.wav,in_support,periodic_resonance,0.9712034463882446
bearingEmu/train/section_00_source_train_normal_0975_noAttribute.wav,in_support,frequency_modulation,0.9699089527130127
bearingEmu/train/section_00_source_train_normal_0976_noAttribute.wav,in_support,periodic_resonance,0.5645622611045837
bearingEmu/train/section_00_source_train_normal_0977_noAttribute.wav,in_support,amplitude_modulation,0.9410156011581421
bearingEmu/train/section_00_source_train_normal_0978_noAttribute.wav,in_support,frequency_modulation,0.980640172958374
bearingEmu/train/section_00_source_train_normal_0979_noAttribute.wav,in_support,frequency_modulation,0.9899570941925049
bearingEmu/train/section_00_source_train_normal_0980_noAttribute.wav,in_support,periodic_resonance,0.7171753644943237
bearingEmu/train/section_00_source_train_normal_0981_noAttribute.wav,in_support,periodic_resonance,0.9590370655059814
bearingEmu/train/section_00_source_train_normal_0982_noAttribute.wav,in_support,frequency_modulation,0.8632652759552002
bearingEmu/train/section_00_source_train_normal_0983_noAttribute.wav,in_support,amplitude_modulation,0.8315035104751587
bearingEmu/train/section_00_source_train_normal_0984_noAttribute.wav,in_support,amplitude_modulation,0.564990758895874
bearingEmu/train/section_00_source_train_normal_0985_noAttribute.wav,in_support,frequency_modulation,0.9837697744369507
bearingEmu/train/section_00_source_train_normal_0986_noAttribute.wav,in_support,frequency_modulation,0.9741082191467285
bearingEmu/train/section_00_source_train_normal_0987_noAttribute.wav,in_support,frequency_modulation,0.9347628355026245
bearingEmu/train/section_00_source_train_normal_0988_noAttribute.wav,in_support,periodic_resonance,0.775719165802002
bearingEmu/train/section_00_source_train_normal_0989_noAttribute.wav,in_support,periodic_resonance,0.9516558647155762
bearingEmu/train/section_00_target_train_normal_0000_noAttribute.wav,in_support,frequency_modulation,0.5659403800964355
bearingEmu/train/section_00_target_train_normal_0001_noAttribute.wav,in_support,periodic_resonance,0.9523400664329529
bearingEmu/train/section_00_target_train_normal_0002_noAttribute.wav,in_support,amplitude_modulation,0.26453423500061035
bearingEmu/train/section_00_target_train_normal_0003_noAttribute.wav,in_support,amplitude_modulation,0.8438928723335266
bearingEmu/train/section_00_target_train_normal_0004_noAttribute.wav,in_support,amplitude_modulation,0.9053719639778137
bearingEmu/train/section_00_target_train_normal_0005_noAttribute.wav,in_support,amplitude_modulation,0.9796072840690613
bearingEmu/train/section_00_target_train_normal_0006_noAttribute.wav,in_support,frequency_modulation,0.8880785703659058
bearingEmu/train/section_00_target_train_normal_0007_noAttribute.wav,in_support,amplitude_modulation,0.9989855289459229
bearingEmu/train/section_00_target_train_normal_0008_noAttribute.wav,in_support,periodic_resonance,0.8269844651222229
bearingEmu/train/section_00_target_train_normal_0009_noAttribute.wav,in_support,frequency_modulation,0.9742052555084229
fan/train/section_00_source_train_normal_0000_spd_1.wav,in_support,amplitude_modulation,0.963525652885437
fan/train/section_00_source_train_normal_0001_spd_3.wav,in_support,periodic_resonance,0.9956984519958496
fan/train/section_00_source_train_normal_0002_spd_2.wav,in_support,frequency_modulation,0.9622431993484497
fan/train/section_00_source_train_normal_0003_spd_3.wav,in_support,amplitude_modulation,0.9737074971199036
fan/train/section_00_source_train_normal_0004_spd_1.wav,in_support,periodic_resonance,0.9773368239402771
fan/train/section_00_source_train_normal_0005_spd_2.wav,in_support,amplitude_modulation,0.9860215187072754
fan/train/section_00_source_train_normal_0006_spd_3.wav,in_support,periodic_resonance,0.9188652038574219
fan/train/section_00_source_train_normal_0007_spd_3.wav,in_support,frequency_modulation,0.9658004641532898
fan/train/section_00_source_train_normal_0008_spd_2.wav,in_support,periodic_resonance,0.9904543161392212
fan/train/section_00_source_train_normal_0009_spd_3.wav,in_support,frequency_modulation,0.9353140592575073
fan/train/section_00_source_train_normal_0010_spd_1.wav,in_support,periodic_resonance,0.9582118988037109
fan/train/section_00_source_train_normal_0011_spd_3.wav,in_support,frequency_modulation,0.9266946911811829
fan/train/section_00_source_train_normal_0012_spd_1.wav,in_support,periodic_resonance,0.9963159561157227
fan/train/section_00_source_train_normal_0013_spd_1.wav,in_support,frequency_modulation,0.8458164930343628
fan/train/section_00_source_train_normal_0014_spd_1.wav,in_support,frequency_modulation,0.6686476469039917
fan/train/section_00_source_train_normal_0015_spd_3.wav,in_support,periodic_resonance,0.9471067190170288
fan/train/section_00_source_train_normal_0016_spd_1.wav,in_support,periodic_resonance,0.9895716309547424
fan/train/section_00_source_train_normal_0017_spd_3.wav,in_support,frequency_modulation,0.7384262084960938
fan/train/section_00_source_train_normal_0018_spd_2.wav,in_support,amplitude_modulation,0.9930709004402161
fan/train/section_00_source_train_normal_0019_spd_1.wav,in_support,amplitude_modulation,0.3974195122718811
fan/train/section_00_source_train_normal_0020_spd_2.wav,in_support,periodic_resonance,0.97881680727005
fan/train/section_00_source_train_normal_0021_spd_3.wav,in_support,periodic_resonance,0.995159924030304
fan/train/section_00_source_train_normal_0022_spd_2.wav,in_support,periodic_resonance,0.9709426760673523
fan/train/section_00_source_train_normal_0023_spd_1.wav,in_support,periodic_resonance,0.9739474654197693
fan/train/section_00_source_train_normal_0024_spd_1.wav,in_support,periodic_resonance,0.9738573431968689
fan/train/section_00_source_train_normal_0025_spd_2.wav,in_support,frequency_modulation,0.9763985872268677
fan/train/section_00_source_train_normal_0026_spd_2.wav,in_support,amplitude_modulation,0.98371821641922
fan/train/section_00_source_train_normal_0027_spd_2.wav,in_support,frequency_modulation,0.968437910079956
fan/train/section_00_source_train_normal_0028_spd_2.wav,in_support,amplitude_modulation,0.6619967222213745
fan/train/section_00_source_train_normal_0029_spd_2.wav,in_support,frequency_modulation,0.8745937347412109
fan/train/section_00_source_train_normal_0030_spd_3.wav,in_support,frequency_modulation,0.8132315874099731
fan/train/section_00_source_train_normal_0031_spd_3.wav,in_support,frequency_modulation,0.9580434560775757
fan/train/section_00_source_train_normal_0032_spd_2.wav,in_support,frequency_modulation,0.8842208385467529
fan/train/section_00_source_train_normal_0033_spd_1.wav,in_support,frequency_modulation,0.9953520894050598
fan/train/section_00_source_train_normal_0034_spd_3.wav,in_support,periodic_resonance,0.9892785549163818
fan/train/section_00_source_train_normal_0035_spd_2.wav,in_support,periodic_resonance,0.9724900126457214
fan/train/section_00_source_train_normal_0036_spd_2.wav,in_support,amplitude_modulation,0.9753405451774597
fan/train/section_00_source_train_normal_0037_spd_1.wav,in_support,frequency_modulation,0.9229821562767029
fan/train/section_00_source_train_normal_0038_spd_1.wav,in_support,frequency_modulation,0.8267257213592529
fan/train/section_00_source_train_normal_0039_spd_1.wav,in_support,amplitude_modulation,0.9722626805305481
fan/train/section_00_source_train_normal_0040_spd_3.wav,in_support,periodic_resonance,0.9993526935577393
fan/train/section_00_source_train_normal_0041_spd_1.wav,in_support,amplitude_modulation,0.9095165729522705
fan/train/section_00_source_train_normal_0042_spd_3.wav,in_support,amplitude_modulation,0.8775439858436584
fan/train/section_00_source_train_normal_0043_spd_3.wav,in_support,periodic_resonance,0.9858280420303345
fan/train/section_00_source_train_normal_0044_spd_3.wav,in_support,amplitude_modulation,0.9773334860801697
fan/train/section_00_source_train_normal_0045_spd_3.wav,in_support,frequency_modulation,0.9437677264213562
fan/train/section_00_source_train_normal_0046_spd_2.wav,in_support,amplitude_modulation,0.4655590355396271
fan/train/section_00_source_train_normal_0047_spd_3.wav,in_support,amplitude_modulation,0.9806817173957825
fan/train/section_00_source_train_normal_0048_spd_3.wav,in_support,amplitude_modulation,0.9662988185882568
fan/train/section_00_source_train_normal_0049_spd_1.wav,in_support,periodic_resonance,0.9499391913414001
fan/train/section_00_source_train_normal_0050_spd_2.wav,in_support,amplitude_modulation,0.9159298539161682
fan/train/section_00_source_train_normal_0051_spd_2.wav,in_support,frequency_modulation,0.9632416367530823
fan/train/section_00_source_train_normal_0052_spd_3.wav,in_support,periodic_resonance,0.9803805947303772
fan/train/section_00_source_train_normal_0053_spd_1.wav,in_support,periodic_resonance,0.9584203362464905
fan/train/section_00_source_train_normal_0054_spd_1.wav,in_support,frequency_modulation,0.9913868308067322
fan/train/section_00_source_train_normal_0055_spd_2.wav,in_support,amplitude_modulation,0.9051480293273926
fan/train/section_00_source_train_normal_0056_spd_2.wav,in_support,frequency_modulation,0.9987396597862244
fan/train/section_00_source_train_normal_0057_spd_3.wav,in_support,periodic_resonance,0.9384591579437256
fan/train/section_00_source_train_normal_0058_spd_1.wav,in_support,amplitude_modulation,0.7440803050994873
fan/train/section_00_source_train_normal_0059_spd_1.wav,in_support,frequency_modulation,0.934596061706543
fan/train/section_00_source_train_normal_0060_spd_3.wav,in_support,frequency_modulation,0.9584506750106812
fan/train/section_00_source_train_normal_0061_spd_2.wav,in_support,amplitude_modulation,0.9213554263114929
fan/train/section_00_source_train_normal_0062_spd_3.wav,in_support,frequency_modulation,0.9733266234397888
fan/train/section_00_source_train_normal_0063_spd_2.wav,in_support,amplitude_modulation,0.952722430229187
fan/train/section_00_source_train_normal_0064_spd_2.wav,in_support,amplitude_modulation,0.9974528551101685
fan/train/section_00_source_train_normal_0065_spd_3.wav,in_support,frequency_modulation,0.9807217121124268
fan/train/section_00_source_train_normal_0066_spd_3.wav,in_support,frequency_modulation,0.9300791025161743
fan/train/section_00_source_train_normal_0067_spd_2.wav,in_support,frequency_modulation,0.9574163556098938
fan/train/section_00_source_train_normal_0068_spd_3.wav,in_support,periodic_resonance,0.9528867602348328
fan/train/section_00_source_train_normal_0069_spd_2.wav,in_support,periodic_resonance,0.9994420409202576
fan/train/section_00_source_train_normal_0070_spd_2.wav,in_support,amplitude_modulation,0.9644966721534729
fan/train/section_00_source_train_normal_0071_spd_2.wav,in_support,periodic_resonance,0.9927593469619751
fan/train/section_00_source_train_normal_0072_spd_3.wav,in_support,frequency_modulation,0.9505258202552795
fan/train/section_00_source_train_normal_0073_spd_1.wav,in_support,amplitude_modulation,0.9625126123428345
fan/train/section_00_source_train_normal_0074_spd_3.wav,in_support,amplitude_modulation,0.9975407123565674
fan/train/section_00_source_train_normal_0075_spd_2.wav,in_support,periodic_resonance,0.9734879732131958
fan/train/section_00_source_train_normal_0076_spd_3.wav,in_support,amplitude_modulation,0.9893513321876526
fan/train/section_00_source_train_normal_0077_spd_2.wav,in_support,amplitude_modulation,0.5033007264137268
fan/train/section_00_source_train_normal_0078_spd_3.wav,in_support,frequency_modulation,0.9974061250686646
fan/train/section_00_source_train_normal_0079_spd_3.wav,in_support,amplitude_modulation,0.9929019212722778
fan/train/section_00_source_train_normal_0080_spd_1.wav,in_support,frequency_modulation,0.9179678559303284
fan/train/section_00_source_train_normal_0081_spd_2.wav,in_support,frequency_modulation,0.9743703007698059
fan/train/section_00_source_train_normal_0082_spd_2.wav,in_support,frequency_modulation,0.9847494959831238
fan/train/section_00_source_train_normal_0083_spd_2.wav,in_support,frequency_modulation,0.6266078352928162
fan/train/section_00_source_train_normal_0084_spd_2.wav,in_support,amplitude_modulation,0.9815201163291931
fan/train/section_00_source_train_normal_0085_spd_3.wav,in_support,frequency_modulation,0.9138208627700806
fan/train/section_00_source_train_normal_0086_spd_1.wav,in_support,periodic_resonance,0.9818931818008423
fan/train/section_00_source_train_normal_0087_spd_2.wav,in_support,frequency_modulation,0.9864150285720825
fan/train/section_00_source_train_normal_0088_spd_3.wav,in_support,amplitude_modulation,0.903256893157959
fan/train/section_00_source_train_normal_0089_spd_1.wav,in_support,amplitude_modulation,0.9308886528015137
fan/train/section_00_source_train_normal_0090_spd_3.wav,in_support,periodic_resonance,0.9781997203826904
fan/train/section_00_source_train_normal_0091_spd_1.wav,in_support,amplitude_modulation,0.48265722393989563
fan/train/section_00_source_train_normal_0092_spd_3.wav,in_support,frequency_modulation,0.9249364137649536
fan/train/section_00_source_train_normal_0093_spd_3.wav,in_support,periodic_resonance,0.8570166826248169
fan/train/section_00_source_train_normal_0094_spd_2.wav,in_support,periodic_resonance,0.991813063621521
fan/train/section_00_source_train_normal_0095_spd_1.wav,in_support,periodic_resonance,0.9747114181518555
fan/train/section_00_source_train_normal_0096_spd_1.wav,in_support,periodic_resonance,0.9941582679748535
fan/train/section_00_source_train_normal_0097_spd_3.wav,in_support,amplitude_modulation,0.9960055947303772
fan/train/section_00_source_train_normal_0098_spd_2.wav,in_support,amplitude_modulation,0.9607776403427124
fan/train/section_00_source_train_normal_0099_spd_2.wav,in_support,amplitude_modulation,0.9955724477767944
fan/train/section_00_source_train_normal_0100_spd_3.wav,in_support,amplitude_modulation,0.9666619300842285
fan/train/section_00_source_train_normal_0101_spd_2.wav,in_support,frequency_modulation,0.9474632740020752
fan/train/section_00_source_train_normal_0102_spd_3.wav,in_support,amplitude_modulation,0.9754953980445862
fan/train/section_00_source_train_normal_0103_spd_2.wav,in_support,frequency_modulation,0.9254271388053894
fan/train/section_00_source_train_normal_0104_spd_3.wav,in_support,amplitude_modulation,0.5815489292144775
fan/train/section_00_source_train_normal_0105_spd_2.wav,in_support,frequency_modulation,0.9221120476722717
fan/train/section_00_source_train_normal_0106_spd_3.wav,in_support,periodic_resonance,0.9947190284729004
fan/train/section_00_source_train_normal_0107_spd_1.wav,in_support,frequency_modulation,0.9560585618019104
fan/train/section_00_source_train_normal_0108_spd_1.wav,in_support,periodic_resonance,0.9600570797920227
fan/train/section_00_source_train_normal_0109_spd_3.wav,in_support,amplitude_modulation,0.9817325472831726
fan/train/section_00_source_train_normal_0110_spd_1.wav,in_support,amplitude_modulation,0.9639627933502197
fan/train/section_00_source_train_normal_0111_spd_1.wav,in_support,frequency_modulation,0.899201512336731
fan/train/section_00_source_train_normal_0112_spd_1.wav,in_support,amplitude_modulation,0.9815942049026489
fan/train/section_00_source_train_normal_0113_spd_3.wav,in_support,amplitude_modulation,0.9809654355049133
fan/train/section_00_source_train_normal_0114_spd_3.wav,in_support,frequency_modulation,0.9656984210014343
fan/train/section_00_source_train_normal_0115_spd_1.wav,in_support,amplitude_modulation,0.655287504196167
fan/train/section_00_source_train_normal_0116_spd_3.wav,in_support,periodic_resonance,0.9693538546562195
fan/train/section_00_source_train_normal_0117_spd_1.wav,in_support,periodic_resonance,0.9791500568389893
fan/train/section_00_source_train_normal_0118_spd_1.wav,in_support,periodic_resonance,0.9889745712280273
fan/train/section_00_source_train_normal_0119_spd_3.wav,in_support,amplitude_modulation,0.9976625442504883
fan/train/section_00_source_train_normal_0120_spd_3.wav,in_support,amplitude_modulation,0.9869861006736755
fan/train/section_00_source_train_normal_0121_spd_2.wav,in_support,periodic_resonance,0.9839455485343933
fan/train/section_00_source_train_normal_0122_spd_1.wav,in_support,amplitude_modulation,0.9421595335006714
fan/train/section_00_source_train_normal_0123_spd_1.wav,in_support,amplitude_modulation,0.9857791066169739
fan/train/section_00_source_train_normal_0124_spd_2.wav,in_support,periodic_resonance,0.9850954413414001
fan/train/section_00_source_train_normal_0125_spd_2.wav,in_support,periodic_resonance,0.9927479028701782
fan/train/section_00_source_train_normal_0126_spd_2.wav,in_support,periodic_resonance,0.9720988869667053
fan/train/section_00_source_train_normal_0127_spd_2.wav,in_support,amplitude_modulation,0.7795097827911377
fan/train/section_00_source_train_normal_0128_spd_2.wav,in_support,amplitude_modulation,0.953120768070221
fan/train/section_00_source_train_normal_0129_spd_3.wav,in_support,periodic_resonance,0.993126630783081
fan/train/section_00_source_train_normal_0130_spd_1.wav,in_support,frequency_modulation,0.9802717566490173
fan/train/section_00_source_train_normal_0131_spd_3.wav,in_support,frequency_modulation,0.7041624188423157
fan/train/section_00_source_train_normal_0132_spd_3.wav,in_support,frequency_modulation,0.912954568862915
fan/train/section_00_source_train_normal_0133_spd_3.wav,in_support,amplitude_modulation,0.9839189052581787
fan/train/section_00_source_train_normal_0134_spd_2.wav,in_support,amplitude_modulation,0.6389265060424805
fan/train/section_00_source_train_normal_0135_spd_1.wav,in_support,frequency_modulation,0.9324902892112732
fan/train/section_00_source_train_normal_0136_spd_2.wav,in_support,amplitude_modulation,0.7832661271095276
fan/train/section_00_source_train_normal_0137_spd_2.wav,in_support,frequency_modulation,0.999772846698761
fan/train/section_00_source_train_normal_0138_spd_3.wav,in_support,amplitude_modulation,0.9721868634223938
fan/train/section_00_source_train_normal_0139_spd_3.wav,in_support,amplitude_modulation,0.8802398443222046
fan/train/section_00_source_train_normal_0140_spd_3.wav,in_support,frequency_modulation,0.9697225093841553
fan/train/section_00_source_train_normal_0141_spd_2.wav,in_support,amplitude_modulation,0.9534263610839844
fan/train/section_00_source_train_normal_0142_spd_3.wav,in_support,frequency_modulation,0.9529306888580322
fan/train/section_00_source_train_normal_0143_spd_1.wav,in_support,frequency_modulation,0.9802880883216858
fan/train/section_00_source_train_normal_0144_spd_3.wav,in_support,amplitude_modulation,0.9723996520042419
fan/train/section_00_source_train_normal_0145_spd_3.wav,in_support,periodic_resonance,0.9638270735740662
fan/train/section_00_source_train_normal_0146_spd_2.wav,in_support,amplitude_modulation,0.7492886781692505
fan/train/section_00_source_train_normal_0147_spd_2.wav,in_support,periodic_resonance,0.9894304275512695
fan/train/section_00_source_train_normal_0148_spd_2.wav,in_support,amplitude_modulation,0.9796122908592224
fan/train/section_00_source_train_normal_0149_spd_2.wav,in_support,periodic_resonance,0.9928109049797058
fan/train/section_00_source_train_normal_0150_spd_3.wav,in_support,frequency_modulation,0.8032104969024658
fan/train/section_00_source_train_normal_0151_spd_3.wav,in_support,periodic_resonance,0.9814023375511169
fan/train/section_00_source_train_normal_0152_spd_3.wav,in_support,frequency_modulation,0.8660157918930054
fan/train/section_00_source_train_normal_0153_spd_3.wav,in_support,periodic_resonance,0.9510483741760254
fan/train/section_00_source_train_normal_0154_spd_3.wav,in_support,amplitude_modulation,0.8915179967880249
fan/train/section_00_source_train_normal_0155_spd_1.wav,in_support,periodic_resonance,0.9972675442695618
fan/train/section_00_source_train_normal_0156_spd_2.wav,in_support,frequency_modulation,0.9956610202789307
fan/train/section_00_source_train_normal_0157_spd_3.wav,in_support,amplitude_modulation,0.8400930166244507
fan/train/section_00_source_train_normal_0158_spd_1.wav,in_support,amplitude_modulation,0.9693894386291504
fan/train/section_00_source_train_normal_0159_spd_2.wav,in_support,frequency_modulation,0.9763307571411133
fan/train/section_00_source_train_normal_0160_spd_1.wav,in_support,amplitude_modulation,0.9973891973495483
fan/train/section_00_source_train_normal_0161_spd_2.wav,in_support,amplitude_modulation,0.9987465739250183
fan/train/section_00_source_train_normal_0162_spd_3.wav,in_support,periodic_resonance,0.9827485680580139
fan/train/section_00_source_train_normal_0163_spd_3.wav,in_support,amplitude_modulation,0.9917972087860107
fan/train/section_00_source_train_normal_0164_spd_3.wav,in_support,amplitude_modulation,0.6967853307723999
fan/train/section_00_source_train_normal_0165_spd_2.wav,in_support,amplitude_modulation,0.9812036156654358
fan/train/section_00_source_train_normal_0166_spd_2.wav,in_support,frequency_modulation,0.9793347716331482
fan/train/section_00_source_train_normal_0167_spd_2.wav,in_support,frequency_modulation,0.9795650243759155
fan/train/section_00_source_train_normal_0168_spd_1.wav,in_support,periodic_resonance,0.9856938123703003
fan/train/section_00_source_train_normal_0169_spd_3.wav,in_support,periodic_resonance,0.9900249242782593
fan/train/section_00_source_train_normal_0170_spd_3.wav,in_support,periodic_resonance,0.9621250629425049
fan/train/section_00_source_train_normal_0171_spd_2.wav,in_support,amplitude_modulation,0.9897252321243286
fan/train/section_00_source_train_normal_0172_spd_2.wav,in_support,amplitude_modulation,0.6804814338684082
fan/train/section_00_source_train_normal_0173_spd_1.wav,in_support,periodic_resonance,0.9986142516136169
fan/train/section_00_source_train_normal_0174_spd_3.wav,in_support,amplitude_modulation,0.9909294247627258
fan/train/section_00_source_train_normal_0175_spd_2.wav,in_support,frequency_modulation,0.8597409725189209
fan/train/section_00_source_train_normal_0176_spd_3.wav,in_support,frequency_modulation,0.6354738473892212
fan/train/section_00_source_train_normal_0177_spd_1.wav,in_support,frequency_modulation,0.9688076972961426
fan/train/section_00_source_train_normal_0178_spd_1.wav,in_support,periodic_resonance,0.9776101112365723
fan/train/section_00_source_train_normal_0179_spd_1.wav,in_support,periodic_resonance,0.9401694536209106
fan/train/section_00_source_train_normal_0180_spd_1.wav,in_support,frequency_modulation,0.8776623606681824
fan/train/section_00_source_train_normal_0181_spd_3.wav,in_support,frequency_modulation,0.8181828260421753
fan/train/section_00_source_train_normal_0182_spd_1.wav,in_support,amplitude_modulation,0.969742476940155
fan/train/section_00_source_train_normal_0183_spd_1.wav,in_support,frequency_modulation,0.9259548187255859
fan/train/section_00_source_train_normal_0184_spd_2.wav,in_support,frequency_modulation,0.9982081055641174
fan/train/section_00_source_train_normal_0185_spd_1.wav,in_support,amplitude_modulation,0.9973962306976318
fan/train/section_00_source_train_normal_0186_spd_2.wav,in_support,amplitude_modulation,0.9046579599380493
fan/train/section_00_source_train_normal_0187_spd_2.wav,in_support,amplitude_modulation,0.979629397392273
fan/train/section_00_source_train_normal_0188_spd_2.wav,in_support,periodic_resonance,0.9597617983818054
fan/train/section_00_source_train_normal_0189_spd_1.wav,in_support,frequency_modulation,0.9793145060539246
fan/train/section_00_source_train_normal_0190_spd_3.wav,in_support,frequency_modulation,0.8703863024711609
fan/train/section_00_source_train_normal_0191_spd_1.wav,in_support,amplitude_modulation,0.9317655563354492
fan/train/section_00_source_train_normal_0192_spd_2.wav,in_support,frequency_modulation,0.8940156698226929
fan/train/section_00_source_train_normal_0193_spd_3.wav,in_support,frequency_modulation,0.9701288938522339
fan/train/section_00_source_train_normal_0194_spd_3.wav,in_support,frequency_modulation,0.9551559686660767
fan/train/section_00_source_train_normal_0195_spd_1.wav,in_support,frequency_modulation,0.9901661276817322
fan/train/section_00_source_train_normal_0196_spd_1.wav,in_support,amplitude_modulation,0.9475922584533691
fan/train/section_00_source_train_normal_0197_spd_1.wav,in_support,amplitude_modulation,0.9945397973060608
fan/train/section_00_source_train_normal_0198_spd_3.wav,in_support,amplitude_modulation,0.9038228392601013
fan/train/section_00_source_train_normal_0199_spd_1.wav,in_support,frequency_modulation,0.9827417731285095
fan/train/section_00_source_train_normal_0200_spd_3.wav,in_support,frequency_modulation,0.9339993000030518
fan/train/section_00_source_train_normal_0201_spd_1.wav,in_support,frequency_modulation,0.9619443416595459
fan/train/section_00_source_train_normal_0202_spd_3.wav,in_support,frequency_modulation,0.882156252861023
fan/train/section_00_source_train_normal_0203_spd_2.wav,in_support,frequency_modulation,0.8920063972473145
fan/train/section_00_source_train_normal_0204_spd_2.wav,in_support,frequency_modulation,0.890658438205719
fan/train/section_00_source_train_normal_0205_spd_3.wav,in_support,amplitude_modulation,0.992716908454895
fan/train/section_00_source_train_normal_0206_spd_1.wav,in_support,amplitude_modulation,0.9615679979324341
fan/train/section_00_source_train_normal_0207_spd_3.wav,in_support,amplitude_modulation,0.9108784198760986
fan/train/section_00_source_train_normal_0208_spd_2.wav,in_support,amplitude_modulation,0.9710015654563904
fan/train/section_00_source_train_normal_0209_spd_3.wav,in_support,periodic_resonance,0.905517578125
fan/train/section_00_source_train_normal_0210_spd_2.wav,in_support,periodic_resonance,0.9538105726242065
fan/train/section_00_source_train_normal_0211_spd_2.wav,in_support,frequency_modulation,0.9400753378868103
fan/train/section_00_source_train_normal_0212_spd_3.wav,in_support,amplitude_modulation,0.9721152782440186
fan/train/section_00_source_train_normal_0213_spd_3.wav,in_support,amplitude_modulation,0.993887186050415
fan/train/section_00_source_train_normal_0214_spd_2.wav,in_support,amplitude_modulation,0.9530462026596069
fan/train/section_00_source_train_normal_0215_spd_1.wav,in_support,amplitude_modulation,0.9780250787734985
fan/train/section_00_source_train_normal_0216_spd_2.wav,in_support,periodic_resonance,0.9745745062828064
fan/train/section_00_source_train_normal_0217_spd_3.wav,in_support,periodic_resonance,0.9982140064239502
fan/train/section_00_source_train_normal_0218_spd_3.wav,in_support,amplitude_modulation,0.744236409664154
fan/train/section_00_source_train_normal_0219_spd_1.wav,in_support,frequency_modulation,0.9634363055229187
fan/train/section_00_source_train_normal_0220_spd_1.wav,in_support,amplitude_modulation,0.9523845314979553
fan/train/section_00_source_train_normal_0221_spd_1.wav,in_support,frequency_modulation,0.9939706325531006
fan/train/section_00_source_train_normal_0222_spd_2.wav,in_support,frequency_modulation,0.8880739212036133
fan/train/section_00_source_train_normal_0223_spd_2.wav,in_support,amplitude_modulation,0.922170877456665
fan/train/section_00_source_train_normal_0224_spd_3.wav,in_support,periodic_resonance,0.9758464097976685
fan/train/section_00_source_train_normal_0225_spd_1.wav,in_support,frequency_modulation,0.9351863861083984
fan/train/section_00_source_train_normal_0226_spd_3.wav,in_support,amplitude_modulation,0.9625569581985474
fan/train/section_00_source_train_normal_0227_spd_1.wav,in_support,periodic_resonance,0.9025406241416931
fan/train/section_00_source_train_normal_0228_spd_1.wav,in_support,frequency_modulation,0.9043980240821838
fan/train/section_00_source_train_normal_0229_spd_2.wav,in_support,amplitude_modulation,0.301270455121994
fan/train/section_00_source_train_normal_0230_spd_1.wav,in_support,frequency_modulation,0.8985670804977417
fan/train/section_00_source_train_normal_0231_spd_3.wav,in_support,amplitude_modulation,0.9270375370979309
fan/train/section_00_source_train_normal_0232_spd_1.wav,in_support,frequency_modulation,0.775233805179596
fan/train/section_00_source_train_normal_0233_spd_2.wav,in_support,amplitude_modulation,0.9615420699119568
fan/train/section_00_source_train_normal_0234_spd_1.wav,in_support,periodic_resonance,0.9836386442184448
fan/train/section_00_source_train_normal_0235_spd_3.wav,in_support,amplitude_modulation,0.9315923452377319
fan/train/section_00_source_train_normal_0236_spd_1.wav,in_support,frequency_modulation,0.9880394339561462
fan/train/section_00_source_train_normal_0237_spd_1.wav,in_support,amplitude_modulation,0.9201604127883911
fan/train/section_00_source_train_normal_0238_spd_3.wav,in_support,amplitude_modulation,0.39292994141578674
fan/train/section_00_source_train_normal_0239_spd_3.wav,in_support,periodic_resonance,0.9537817239761353
fan/train/section_00_source_train_normal_0240_spd_3.wav,in_support,frequency_modulation,0.8594704270362854
fan/train/section_00_source_train_normal_0241_spd_2.wav,in_support,periodic_resonance,0.9998120665550232
fan/train/section_00_source_train_normal_0242_spd_2.wav,in_support,periodic_resonance,0.9849078059196472
fan/train/section_00_source_train_normal_0243_spd_3.wav,in_support,amplitude_modulation,0.9774152040481567
fan/train/section_00_source_train_normal_0244_spd_2.wav,in_support,amplitude_modulation,0.9677582383155823
fan/train/section_00_source_train_normal_0245_spd_2.wav,in_support,periodic_resonance,0.9518752098083496
fan/train/section_00_source_train_normal_0246_spd_1.wav,in_support,amplitude_modulation,0.7596763968467712
fan/train/section_00_source_train_normal_0247_spd_3.wav,in_support,frequency_modulation,0.9500965476036072
fan/train/section_00_source_train_normal_0248_spd_3.wav,in_support,amplitude_modulation,0.9817327857017517
fan/train/section_00_source_train_normal_0249_spd_3.wav,in_support,frequency_modulation,0.9823036193847656
fan/train/section_00_source_train_normal_0250_spd_1.wav,in_support,amplitude_modulation,0.9938005208969116
fan/train/section_00_source_train_normal_0251_spd_1.wav,in_support,amplitude_modulation,0.9773657917976379
fan/train/section_00_source_train_normal_0252_spd_2.wav,in_support,periodic_resonance,0.9966437816619873
fan/train/section_00_source_train_normal_0253_spd_3.wav,in_support,periodic_resonance,0.9970367550849915
fan/train/section_00_source_train_normal_0254_spd_1.wav,in_support,amplitude_modulation,0.9968269467353821
fan/train/section_00_source_train_normal_0255_spd_1.wav,in_support,amplitude_modulation,0.8071343898773193
fan/train/section_00_source_train_normal_0256_spd_2.wav,in_support,frequency_modulation,0.7649227976799011
fan/train/section_00_source_train_normal_0257_spd_3.wav,in_support,periodic_resonance,0.9760364890098572
fan/train/section_00_source_train_normal_0258_spd_2.wav,in_support,amplitude_modulation,0.9797186255455017
fan/train/section_00_source_train_normal_0259_spd_3.wav,in_support,periodic_resonance,0.9501022696495056
fan/train/section_00_source_train_normal_0260_spd_2.wav,in_support,frequency_modulation,0.9601929783821106
fan/train/section_00_source_train_normal_0261_spd_3.wav,in_support,frequency_modulation,0.5695136785507202
fan/train/section_00_source_train_normal_0262_spd_2.wav,in_support,frequency_modulation,0.9295508861541748
fan/train/section_00_source_train_normal_0263_spd_3.wav,in_support,amplitude_modulation,0.9777940511703491
fan/train/section_00_source_train_normal_0264_spd_3.wav,in_support,frequency_modulation,0.771236777305603
fan/train/section_00_source_train_normal_0265_spd_1.wav,in_support,frequency_modulation,0.9649950265884399
fan/train/section_00_source_train_normal_0266_spd_2.wav,in_support,frequency_modulation,0.5526779890060425
fan/train/section_00_source_train_normal_0267_spd_1.wav,in_support,frequency_modulation,0.9867234230041504
fan/train/section_00_source_train_normal_0268_spd_1.wav,in_support,frequency_modulation,0.957730770111084
fan/train/section_00_source_train_normal_0269_spd_3.wav,in_support,amplitude_modulation,0.9942983388900757
fan/train/section_00_source_train_normal_0270_spd_1.wav,in_support,amplitude_modulation,0.2591107189655304
fan/train/section_00_source_train_normal_0271_spd_2.wav,in_support,amplitude_modulation,0.9753448963165283
fan/train/section_00_source_train_normal_0272_spd_2.wav,in_support,periodic_resonance,0.9646167159080505
fan/train/section_00_source_train_normal_0273_spd_1.wav,in_support,periodic_resonance,0.9834986329078674
fan/train/section_00_source_train_normal_0274_spd_1.wav,in_support,periodic_resonance,0.999186635017395
fan/train/section_00_source_train_normal_0275_spd_2.wav,in_support,frequency_modulation,0.9510918855667114
fan/train/section_00_source_train_normal_0276_spd_2.wav,in_support,periodic_resonance,0.9870724081993103
fan/train/section_00_source_train_normal_0277_spd_2.wav,in_support,frequency_modulation,0.9751566052436829
fan/train/section_00_source_train_normal_0278_spd_3.wav,in_support,frequency_modulation,0.9723799824714661
fan/train/section_00_source_train_normal_0279_spd_3.wav,in_support,amplitude_modulation,0.44697752594947815
fan/train/section_00_source_train_normal_0280_spd_1.wav,in_support,periodic_resonance,0.956070065498352
fan/train/section_00_source_train_normal_0281_spd_2.wav,in_support,amplitude_modulation,0.9814289212226868
fan/train/section_00_source_train_normal_0282_spd_2.wav,in_support,periodic_resonance,0.9821574687957764
fan/train/section_00_source_train_normal_0283_spd_2.wav,in_support,periodic_resonance,0.9839538931846619
fan/train/section_00_source_train_normal_0284_spd_3.wav,in_support,amplitude_modulation,0.9814954996109009
fan/train/section_00_source_train_normal_0285_spd_2.wav,in_support,amplitude_modulation,0.9260221123695374
fan/train/section_00_source_train_normal_0286_spd_2.wav,in_support,amplitude_modulation,0.5614455342292786
fan/train/section_00_source_train_normal_0287_spd_2.wav,in_support,amplitude_modulation,0.8608958721160889
fan/train/section_00_source_train_normal_0288_spd_1.wav,in_support,periodic_resonance,0.9839323163032532
fan/train/section_00_source_train_normal_0289_spd_1.wav,in_support,frequency_modulation,0.9918161630630493
fan/train/section_00_source_train_normal_0290_spd_2.wav,in_support,frequency_modulation,0.9020308256149292
fan/train/section_00_source_train_normal_0291_spd_1.wav,in_support,frequency_modulation,0.6873671412467957
fan/train/section_00_source_train_normal_0292_spd_1.wav,in_support,frequency_modulation,0.9908148050308228
fan/train/section_00_source_train_normal_0293_spd_1.wav,in_support,periodic_resonance,0.9738917946815491
fan/train/section_00_source_train_normal_0294_spd_2.wav,in_support,frequency_modulation,0.7613248229026794
fan/train/section_00_source_train_normal_0295_spd_3.wav,in_support,amplitude_modulation,0.9887402653694153
fan/train/section_00_source_train_normal_0296_spd_3.wav,in_support,amplitude_modulation,0.9901483654975891
fan/train/section_00_source_train_normal_0297_spd_1.wav,in_support,amplitude_modulation,0.898953378200531
fan/train/section_00_source_train_normal_0298_spd_2.wav,in_support,periodic_resonance,0.9864009618759155
fan/train/section_00_source_train_normal_0299_spd_2.wav,in_support,periodic_resonance,0.9932578206062317
fan/train/section_00_source_train_normal_0300_spd_1.wav,in_support,amplitude_modulation,0.9801878333091736
fan/train/section_00_source_train_normal_0301_spd_2.wav,in_support,periodic_resonance,0.9671905040740967
fan/train/section_00_source_train_normal_0302_spd_3.wav,in_support,periodic_resonance,0.9938185811042786
fan/train/section_00_source_train_normal_0303_spd_3.wav,in_support,frequency_modulation,0.9788784384727478
fan/train/section_00_source_train_normal_0304_spd_1.wav,in_support,frequency_modulation,0.99458909034729
fan/train/section_00_source_train_normal_0305_spd_2.wav,in_support,frequency_modulation,0.9258150458335876
fan/train/section_00_source_train_normal_0306_spd_2.wav,in_support,frequency_modulation,0.9939584732055664
fan/train/section_00_source_train_normal_0307_spd_2.wav,in_support,amplitude_modulation,0.9150311946868896
fan/train/section_00_source_train_normal_0308_spd_3.wav,in_support,amplitude_modulation,0.40248292684555054
fan/train/section_00_source_train_normal_0309_spd_2.wav,in_support,periodic_resonance,0.9765694737434387
fan/train/section_00_source_train_normal_0310_spd_3.wav,in_support,amplitude_modulation,0.6219171285629272
fan/train/section_00_source_train_normal_0311_spd_2.wav,in_support,frequency_modulation,0.9083497524261475
fan/train/section_00_source_train_normal_0312_spd_3.wav,in_support,periodic_resonance,0.963783323764801
fan/train/section_00_source_train_normal_0313_spd_2.wav,in_support,amplitude_modulation,0.26298561692237854
fan/train/section_00_source_train_normal_0314_spd_3.wav,in_support,amplitude_modulation,0.9947977662086487
fan/train/section_00_source_train_normal_0315_spd_2.wav,in_support,periodic_resonance,0.9931190013885498
fan/train/section_00_source_train_normal_0316_spd_2.wav,in_support,frequency_modulation,0.9658179879188538
fan/train/section_00_source_train_normal_0317_spd_1.wav,in_support,periodic_resonance,0.9899479150772095
fan/train/section_00_source_train_normal_0318_spd_3.wav,in_support,periodic_resonance,0.968230128288269
fan/train/section_00_source_train_normal_0319_spd_1.wav,in_support,amplitude_modulation,0.9735832810401917
fan/train/section_00_source_train_normal_0320_spd_1.wav,in_support,periodic_resonance,0.9965998530387878
fan/train/section_00_source_train_normal_0321_spd_3.wav,in_support,frequency_modulation,0.8836286664009094
fan/train/section_00_source_train_normal_0322_spd_3.wav,in_support,frequency_modulation,0.9994731545448303
fan/train/section_00_source_train_normal_0323_spd_2.wav,in_support,frequency_modulation,0.9344720840454102
fan/train/section_00_source_train_normal_0324_spd_3.wav,in_support,periodic_resonance,0.9977834224700928
fan/train/section_00_source_train_normal_0325_spd_2.wav,in_support,amplitude_modulation,0.9914090037345886
fan/train/section_00_source_train_normal_0326_spd_1.wav,in_support,periodic_resonance,0.9763332605361938
fan/train/section_00_source_train_normal_0327_spd_1.wav,in_support,frequency_modulation,0.9923242330551147
fan/train/section_00_source_train_normal_0328_spd_3.wav,in_support,periodic_resonance,0.9589493870735168
fan/train/section_00_source_train_normal_0329_spd_2.wav,in_support,frequency_modulation,0.8191285729408264
fan/train/section_00_source_train_normal_0330_spd_1.wav,in_support,frequency_modulation,0.9461371898651123
fan/train/section_00_source_train_normal_0331_spd_1.wav,in_support,frequency_modulation,0.9336130023002625
fan/train/section_00_source_train_normal_0332_spd_1.wav,in_support,periodic_resonance,0.944624662399292
fan/train/section_00_source_train_normal_0333_spd_1.wav,in_support,frequency_modulation,0.9985448122024536
fan/train/section_00_source_train_normal_0334_spd_3.wav,in_support,frequency_modulation,0.9085713028907776
fan/train/section_00_source_train_normal_0335_spd_2.wav,in_support,amplitude_modulation,0.9828814268112183
fan/train/section_00_source_train_normal_0336_spd_1.wav,in_support,amplitude_modulation,0.7014706134796143
fan/train/section_00_source_train_normal_0337_spd_1.wav,in_support,periodic_resonance,0.9773237705230713
fan/train/section_00_source_train_normal_0338_spd_2.wav,in_support,amplitude_modulation,0.9720780849456787
fan/train/section_00_source_train_normal_0339_spd_1.wav,in_support,periodic_resonance,0.9413496255874634
fan/train/section_00_source_train_normal_0340_spd_3.wav,in_support,amplitude_modulation,0.8479549884796143
fan/train/section_00_source_train_normal_0341_spd_3.wav,in_support,periodic_resonance,0.9544247984886169
fan/train/section_00_source_train_normal_0342_spd_2.wav,in_support,periodic_resonance,0.9252225160598755
fan/train/section_00_source_train_normal_0343_spd_1.wav,in_support,amplitude_modulation,0.7838093042373657
fan/train/section_00_source_train_normal_0344_spd_2.wav,in_support,periodic_resonance,0.8338838219642639
fan/train/section_00_source_train_normal_0345_spd_3.wav,in_support,frequency_modulation,0.9938374161720276
fan/train/section_00_source_train_normal_0346_spd_2.wav,in_support,frequency_modulation,0.8634635806083679
fan/train/section_00_source_train_normal_0347_spd_2.wav,in_support,periodic_resonance,0.9545129537582397
fan/train/section_00_source_train_normal_0348_spd_3.wav,in_support,amplitude_modulation,0.9940474629402161
fan/train/section_00_source_train_normal_0349_spd_3.wav,in_support,amplitude_modulation,0.5547165870666504
fan/train/section_00_source_train_normal_0350_spd_2.wav,in_support,amplitude_modulation,0.9721186757087708
fan/train/section_00_source_train_normal_0351_spd_2.wav,in_support,frequency_modulation,0.989057183265686
fan/train/section_00_source_train_normal_0352_spd_2.wav,in_support,amplitude_modulation,0.9457128047943115
fan/train/section_00_source_train_normal_0353_spd_1.wav,in_support,frequency_modulation,0.7234134674072266
fan/train/section_00_source_train_normal_0354_spd_3.wav,in_support,frequency_modulation,0.9537537097930908
fan/train/section_00_source_train_normal_0355_spd_1.wav,in_support,frequency_modulation,0.9710086584091187
fan/train/section_00_source_train_normal_0356_spd_2.wav,in_support,periodic_resonance,0.9794300198554993
fan/train/section_00_source_train_normal_0357_spd_2.wav,in_support,amplitude_modulation,0.9231300950050354
fan/train/section_00_source_train_normal_0358_spd_1.wav,in_support,frequency_modulation,0.9618341326713562
fan/train/section_00_source_train_normal_0359_spd_1.wav,in_support,frequency_modulation,0.9938020706176758
fan/train/section_00_source_train_normal_0360_spd_2.wav,in_support,amplitude_modulation,0.9499382376670837
fan/train/section_00_source_train_normal_0361_spd_3.wav,in_support,amplitude_modulation,0.9648547768592834
fan/train/section_00_source_train_normal_0362_spd_2.wav,in_support,frequency_modulation,0.9036925435066223
fan/train/section_00_source_train_normal_0363_spd_2.wav,in_support,amplitude_modulation,0.9481101036071777
fan/train/section_00_source_train_normal_0364_spd_1.wav,in_support,periodic_resonance,0.969372034072876
fan/train/section_00_source_train_normal_0365_spd_1.wav,in_support,periodic_resonance,0.9721157550811768
fan/train/section_00_source_train_normal_0366_spd_2.wav,in_support,frequency_modulation,0.9970372915267944
fan/train/section_00_source_train_normal_0367_spd_1.wav,in_support,frequency_modulation,0.9670945405960083
fan/train/section_00_source_train_normal_0368_spd_2.wav,in_support,amplitude_modulation,0.9629696011543274
fan/train/section_00_source_train_normal_0369_spd_2.wav,in_support,frequency_modulation,0.7040194272994995
fan/train/section_00_source_train_normal_0370_spd_2.wav,in_support,frequency_modulation,0.9972043037414551
fan/train/section_00_source_train_normal_0371_spd_1.wav,in_support,amplitude_modulation,0.9898340702056885
fan/train/section_00_source_train_normal_0372_spd_2.wav,in_support,periodic_resonance,0.9848700165748596
fan/train/section_00_source_train_normal_0373_spd_3.wav,in_support,periodic_resonance,0.7543718218803406
fan/train/section_00_source_train_normal_0374_spd_1.wav,in_support,amplitude_modulation,0.9386496543884277
fan/train/section_00_source_train_normal_0375_spd_3.wav,in_support,amplitude_modulation,0.993192732334137
fan/train/section_00_source_train_normal_0376_spd_1.wav,in_support,amplitude_modulation,0.9802579879760742
fan/train/section_00_source_train_normal_0377_spd_3.wav,in_support,amplitude_modulation,0.9872187376022339
fan/train/section_00_source_train_normal_0378_spd_1.wav,in_support,periodic_resonance,0.9726683497428894
fan/train/section_00_source_train_normal_0379_spd_2.wav,in_support,frequency_modulation,0.7506654262542725
fan/train/section_00_source_train_normal_0380_spd_2.wav,in_support,periodic_resonance,0.9667627215385437
fan/train/section_00_source_train_normal_0381_spd_1.wav,in_support,amplitude_modulation,0.9698380827903748
fan/train/section_00_source_train_normal_0382_spd_2.wav,in_support,periodic_resonance,0.9959763884544373
fan/train/section_00_source_train_normal_0383_spd_3.wav,in_support,periodic_resonance,0.9997808337211609
fan/train/section_00_source_train_normal_0384_spd_1.wav,in_support,frequency_modulation,0.6042664051055908
fan/train/section_00_source_train_normal_0385_spd_2.wav,in_support,periodic_resonance,0.5564889311790466
fan/train/section_00_source_train_normal_0386_spd_3.wav,in_support,frequency_modulation,0.9965403079986572
fan/train/section_00_source_train_normal_0387_spd_1.wav,in_support,amplitude_modulation,0.8504782915115356
fan/train/section_00_source_train_normal_0388_spd_2.wav,in_support,frequency_modulation,0.9587432742118835
fan/train/section_00_source_train_normal_0389_spd_2.wav,in_support,amplitude_modulation,0.9895999431610107
fan/train/section_00_source_train_normal_0390_spd_1.wav,in_support,amplitude_modulation,0.9985095262527466
fan/train/section_00_source_train_normal_0391_spd_3.wav,in_support,periodic_resonance,0.956095814704895
fan/train/section_00_source_train_normal_0392_spd_3.wav,in_support,amplitude_modulation,0.988324761390686
fan/train/section_00_source_train_normal_0393_spd_1.wav,in_support,periodic_resonance,0.9876767992973328
fan/train/section_00_source_train_normal_0394_spd_1.wav,in_support,frequency_modulation,0.9153500199317932
fan/train/section_00_source_train_normal_0395_spd_1.wav,in_support,amplitude_modulation,0.9545444250106812
fan/train/section_00_source_train_normal_0396_spd_3.wav,in_support,periodic_resonance,0.9923056960105896
fan/train/section_00_source_train_normal_0397_spd_2.wav,in_support,frequency_modulation,0.8154699802398682
fan/train/section_00_source_train_normal_0398_spd_2.wav,in_support,frequency_modulation,0.9686870574951172
fan/train/section_00_source_train_normal_0399_spd_1.wav,in_support,frequency_modulation,0.9688254594802856
fan/train/section_00_source_train_normal_0400_spd_3.wav,in_support,frequency_modulation,0.693170964717865
fan/train/section_00_source_train_normal_0401_spd_3.wav,in_support,amplitude_modulation,0.9956302046775818
fan/train/section_00_source_train_normal_0402_spd_1.wav,in_support,amplitude_modulation,0.9643703699111938
fan/train/section_00_source_train_normal_0403_spd_3.wav,in_support,amplitude_modulation,0.49637094140052795
fan/train/section_00_source_train_normal_0404_spd_2.wav,in_support,frequency_modulation,0.910269558429718
fan/train/section_00_source_train_normal_0405_spd_2.wav,in_support,periodic_resonance,0.9872550964355469
fan/train/section_00_source_train_normal_0406_spd_3.wav,in_support,frequency_modulation,0.9951360821723938
fan/train/section_00_source_train_normal_0407_spd_3.wav,in_support,amplitude_modulation,0.9006242156028748
fan/train/section_00_source_train_normal_0408_spd_3.wav,in_support,periodic_resonance,0.9937024712562561
fan/train/section_00_source_train_normal_0409_spd_1.wav,in_support,periodic_resonance,0.9983744621276855
fan/train/section_00_source_train_normal_0410_spd_2.wav,in_support,amplitude_modulation,0.8483452796936035
fan/train/section_00_source_train_normal_0411_spd_3.wav,in_support,periodic_resonance,0.9782233834266663
fan/train/section_00_source_train_normal_0412_spd_1.wav,in_support,amplitude_modulation,0.7443796992301941
fan/train/section_00_source_train_normal_0413_spd_1.wav,in_support,periodic_resonance,0.7674084901809692
fan/train/section_00_source_train_normal_0414_spd_2.wav,in_support,periodic_resonance,0.7610489130020142
fan/train/section_00_source_train_normal_0415_spd_3.wav,in_support,amplitude_modulation,0.7412652969360352
fan/train/section_00_source_train_normal_0416_spd_1.wav,in_support,amplitude_modulation,0.3165164887905121
fan/train/section_00_source_train_normal_0417_spd_3.wav,in_support,periodic_resonance,0.9961028099060059
fan/train/section_00_source_train_normal_0418_spd_2.wav,in_support,frequency_modulation,0.9781727194786072
fan/train/section_00_source_train_normal_0419_spd_1.wav,in_support,amplitude_modulation,0.9918267726898193
fan/train/section_00_source_train_normal_0420_spd_2.wav,in_support,frequency_modulation,0.9861848950386047
fan/train/section_00_source_train_normal_0421_spd_1.wav,in_support,amplitude_modulation,0.9456809759140015
fan/train/section_00_source_train_normal_0422_spd_1.wav,in_support,amplitude_modulation,0.40922003984451294
fan/train/section_00_source_train_normal_0423_spd_1.wav,in_support,amplitude_modulation,0.83112633228302
fan/train/section_00_source_train_normal_0424_spd_1.wav,in_support,periodic_resonance,0.9851970076560974
fan/train/section_00_source_train_normal_0425_spd_1.wav,in_support,frequency_modulation,0.8146737813949585
fan/train/section_00_source_train_normal_0426_spd_1.wav,in_support,periodic_resonance,0.9881623983383179
fan/train/section_00_source_train_normal_0427_spd_3.wav,in_support,frequency_modulation,0.9715037941932678
fan/train/section_00_source_train_normal_0428_spd_3.wav,in_support,periodic_resonance,0.9231368899345398
fan/train/section_00_source_train_normal_0429_spd_1.wav,in_support,amplitude_modulation,0.9994345903396606
fan/train/section_00_source_train_normal_0430_spd_1.wav,in_support,frequency_modulation,0.9620441198348999
fan/train/section_00_source_train_normal_0431_spd_2.wav,in_support,amplitude_modulation,0.9998993277549744
fan/train/section_00_source_train_normal_0432_spd_2.wav,in_support,frequency_modulation,0.888791561126709
fan/train/section_00_source_train_normal_0433_spd_2.wav,in_support,amplitude_modulation,0.9437234401702881
fan/train/section_00_source_train_normal_0434_spd_2.wav,in_support,periodic_resonance,0.9594209790229797
fan/train/section_00_source_train_normal_0435_spd_2.wav,in_support,amplitude_modulation,0.9702515006065369
fan/train/section_00_source_train_normal_0436_spd_1.wav,in_support,amplitude_modulation,0.9546185731887817
fan/train/section_00_source_train_normal_0437_spd_1.wav,in_support,periodic_resonance,0.9153023958206177
fan/train/section_00_source_train_normal_0438_spd_2.wav,in_support,frequency_modulation,0.9830809235572815
fan/train/section_00_source_train_normal_0439_spd_1.wav,in_support,amplitude_modulation,0.9861804842948914
fan/train/section_00_source_train_normal_0440_spd_1.wav,in_support,amplitude_modulation,0.9304105639457703
fan/train/section_00_source_train_normal_0441_spd_2.wav,in_support,amplitude_modulation,0.9575706124305725
fan/train/section_00_source_train_normal_0442_spd_2.wav,in_support,amplitude_modulation,0.9845696091651917
fan/train/section_00_source_train_normal_0443_spd_3.wav,in_support,frequency_modulation,0.9369440078735352
fan/train/section_00_source_train_normal_0444_spd_3.wav,in_support,frequency_modulation,0.9936628937721252
fan/train/section_00_source_train_normal_0445_spd_1.wav,in_support,amplitude_modulation,0.9629473686218262
fan/train/section_00_source_train_normal_0446_spd_2.wav,in_support,frequency_modulation,0.9499474763870239
fan/train/section_00_source_train_normal_0447_spd_1.wav,in_support,periodic_resonance,0.942183256149292
fan/train/section_00_source_train_normal_0448_spd_3.wav,in_support,amplitude_modulation,0.9995381832122803
fan/train/section_00_source_train_normal_0449_spd_1.wav,in_support,frequency_modulation,0.989775538444519
fan/train/section_00_source_train_normal_0450_spd_2.wav,in_support,amplitude_modulation,0.9783009886741638
fan/train/section_00_source_train_normal_0451_spd_2.wav,in_support,periodic_resonance,0.9844558238983154
fan/train/section_00_source_train_normal_0452_spd_2.wav,in_support,periodic_resonance,0.9986898303031921
fan/train/section_00_source_train_normal_0453_spd_3.wav,in_support,frequency_modulation,0.7908146381378174
fan/train/section_00_source_train_normal_0454_spd_3.wav,in_support,periodic_resonance,0.9852991700172424
fan/train/section_00_source_train_normal_0455_spd_2.wav,in_support,frequency_modulation,0.8855125308036804
fan/train/section_00_source_train_normal_0456_spd_2.wav,in_support,frequency_modulation,0.8909340500831604
fan/train/section_00_source_train_normal_0457_spd_3.wav,in_support,amplitude_modulation,0.9868663549423218
fan/train/section_00_source_train_normal_0458_spd_1.wav,in_support,amplitude_modulation,0.5660775303840637
fan/train/section_00_source_train_normal_0459_spd_1.wav,in_support,amplitude_modulation,0.9905015230178833
fan/train/section_00_source_train_normal_0460_spd_3.wav,in_support,periodic_resonance,0.9648273587226868
fan/train/section_00_source_train_normal_0461_spd_1.wav,in_support,frequency_modulation,0.6985775232315063
fan/train/section_00_source_train_normal_0462_spd_1.wav,in_support,amplitude_modulation,0.9980812668800354
fan/train/section_00_source_train_normal_0463_spd_3.wav,in_support,periodic_resonance,0.9940749406814575
fan/train/section_00_source_train_normal_0464_spd_3.wav,in_support,amplitude_modulation,0.9559314250946045
fan/train/section_00_source_train_normal_0465_spd_1.wav,in_support,amplitude_modulation,0.9566699862480164
fan/train/section_00_source_train_normal_0466_spd_3.wav,in_support,periodic_resonance,0.9855917096138
fan/train/section_00_source_train_normal_0467_spd_3.wav,in_support,amplitude_modulation,0.9447436928749084
fan/train/section_00_source_train_normal_0468_spd_2.wav,in_support,periodic_resonance,0.9189383387565613
fan/train/section_00_source_train_normal_0469_spd_1.wav,in_support,periodic_resonance,0.99192214012146
fan/train/section_00_source_train_normal_0470_spd_2.wav,in_support,periodic_resonance,0.9844659566879272
fan/train/section_00_source_train_normal_0471_spd_1.wav,in_support,frequency_modulation,0.9172679781913757
fan/train/section_00_source_train_normal_0472_spd_1.wav,in_support,periodic_resonance,0.9609586596488953
fan/train/section_00_source_train_normal_0473_spd_2.wav,in_support,periodic_resonance,0.9813589453697205
fan/train/section_00_source_train_normal_0474_spd_3.wav,in_support,frequency_modulation,0.937393844127655
fan/train/section_00_source_train_normal_0475_spd_1.wav,in_support,periodic_resonance,0.9740391373634338
fan/train/section_00_source_train_normal_0476_spd_1.wav,in_support,amplitude_modulation,0.9681623578071594
fan/train/section_00_source_train_normal_0477_spd_3.wav,in_support,frequency_modulation,0.9556761384010315
fan/train/section_00_source_train_normal_0478_spd_2.wav,in_support,periodic_resonance,0.9426721334457397
fan/train/section_00_source_train_normal_0479_spd_1.wav,in_support,periodic_resonance,0.9813165664672852
fan/train/section_00_source_train_normal_0480_spd_2.wav,in_support,frequency_modulation,0.8352117538452148
fan/train/section_00_source_train_normal_0481_spd_1.wav,in_support,periodic_resonance,0.8985074758529663
fan/train/section_00_source_train_normal_0482_spd_2.wav,in_support,amplitude_modulation,0.9403082132339478
fan/train/section_00_source_train_normal_0483_spd_2.wav,in_support,amplitude_modulation,0.9892707467079163
fan/train/section_00_source_train_normal_0484_spd_1.wav,in_support,amplitude_modulation,0.9765205979347229
fan/train/section_00_source_train_normal_0485_spd_2.wav,in_support,frequency_modulation,0.8656589388847351
fan/train/section_00_source_train_normal_0486_spd_2.wav,in_support,amplitude_modulation,0.6130925416946411
fan/train/section_00_source_train_normal_0487_spd_2.wav,in_support,frequency_modulation,0.9558449387550354
fan/train/section_00_source_train_normal_0488_spd_1.wav,in_support,frequency_modulation,0.9147635698318481
fan/train/section_00_source_train_normal_0489_spd_2.wav,in_support,frequency_modulation,0.9930186867713928
fan/train/section_00_source_train_normal_0490_spd_2.wav,in_support,periodic_resonance,0.9798274040222168
fan/train/section_00_source_train_normal_0491_spd_1.wav,in_support,periodic_resonance,0.9933176040649414
fan/train/section_00_source_train_normal_0492_spd_2.wav,in_support,periodic_resonance,0.9682713150978088
fan/train/section_00_source_train_normal_0493_spd_2.wav,in_support,amplitude_modulation,0.9760593771934509
fan/train/section_00_source_train_normal_0494_spd_2.wav,in_support,frequency_modulation,0.6718032956123352
fan/train/section_00_source_train_normal_0495_spd_3.wav,in_support,amplitude_modulation,0.33751314878463745
fan/train/section_00_source_train_normal_0496_spd_1.wav,in_support,amplitude_modulation,0.9717141389846802
fan/train/section_00_source_train_normal_0497_spd_2.wav,in_support,periodic_resonance,0.7756451964378357
fan/train/section_00_source_train_normal_0498_spd_2.wav,in_support,periodic_resonance,0.9744240641593933
fan/train/section_00_source_train_normal_0499_spd_1.wav,in_support,periodic_resonance,0.9746502041816711
fan/train/section_00_source_train_normal_0500_spd_3.wav,in_support,frequency_modulation,0.9743198156356812
fan/train/section_00_source_train_normal_0501_spd_2.wav,in_support,amplitude_modulation,0.9009091854095459
fan/train/section_00_source_train_normal_0502_spd_3.wav,in_support,frequency_modulation,0.8819820284843445
fan/train/section_00_source_train_normal_0503_spd_2.wav,in_support,frequency_modulation,0.910916805267334
fan/train/section_00_source_train_normal_0504_spd_3.wav,in_support,frequency_modulation,0.9785546660423279
fan/train/section_00_source_train_normal_0505_spd_3.wav,in_support,periodic_resonance,0.970005214214325
fan/train/section_00_source_train_normal_0506_spd_2.wav,in_support,amplitude_modulation,0.5443145632743835
fan/train/section_00_source_train_normal_0507_spd_1.wav,in_support,periodic_resonance,0.9951823949813843
fan/train/section_00_source_train_normal_0508_spd_3.wav,in_support,frequency_modulation,0.9206000566482544
fan/train/section_00_source_train_normal_0509_spd_2.wav,in_support,periodic_resonance,0.9919142723083496
fan/train/section_00_source_train_normal_0510_spd_2.wav,in_support,periodic_resonance,0.930414617061615
fan/train/section_00_source_train_normal_0511_spd_3.wav,in_support,amplitude_modulation,0.9761451482772827
fan/train/section_00_source_train_normal_0512_spd_2.wav,in_support,frequency_modulation,0.9742000102996826
fan/train/section_00_source_train_normal_0513_spd_1.wav,in_support,frequency_modulation,0.7994225025177002
fan/train/section_00_source_train_normal_0514_spd_2.wav,in_support,periodic_resonance,0.9969439506530762
fan/train/section_00_source_train_normal_0515_spd_1.wav,in_support,frequency_modulation,0.9701550602912903
fan/train/section_00_source_train_normal_0516_spd_1.wav,in_support,amplitude_modulation,0.9839361906051636
fan/train/section_00_source_train_normal_0517_spd_1.wav,in_support,amplitude_modulation,0.9817220568656921
fan/train/section_00_source_train_normal_0518_spd_2.wav,in_support,frequency_modulation,0.8795983195304871
fan/train/section_00_source_train_normal_0519_spd_2.wav,in_support,amplitude_modulation,0.8074231147766113
fan/train/section_00_source_train_normal_0520_spd_3.wav,in_support,periodic_resonance,0.9759576916694641
fan/train/section_00_source_train_normal_0521_spd_3.wav,in_support,periodic_resonance,0.9309196472167969
fan/train/section_00_source_train_normal_0522_spd_3.wav,in_support,amplitude_modulation,0.9196509122848511
fan/train/section_00_source_train_normal_0523_spd_2.wav,in_support,frequency_modulation,0.9050776362419128
fan/train/section_00_source_train_normal_0524_spd_3.wav,in_support,periodic_resonance,0.9811792969703674
fan/train/section_00_source_train_normal_0525_spd_3.wav,in_support,amplitude_modulation,0.4266784191131592
fan/train/section_00_source_train_normal_0526_spd_3.wav,in_support,periodic_resonance,0.9242883324623108
fan/train/section_00_source_train_normal_0527_spd_2.wav,in_support,frequency_modulation,0.8944816589355469
fan/train/section_00_source_train_normal_0528_spd_1.wav,in_support,frequency_modulation,0.952118456363678
fan/train/section_00_source_train_normal_0529_spd_3.wav,in_support,frequency_modulation,0.9370961785316467
fan/train/section_00_source_train_normal_0530_spd_1.wav,in_support,amplitude_modulation,0.7917419075965881
fan/train/section_00_source_train_normal_0531_spd_1.wav,in_support,frequency_modulation,0.7323391437530518
fan/train/section_00_source_train_normal_0532_spd_3.wav,in_support,amplitude_modulation,0.9173759818077087
fan/train/section_00_source_train_normal_0533_spd_1.wav,in_support,frequency_modulation,0.9523341655731201
fan/train/section_00_source_train_normal_0534_spd_1.wav,in_support,periodic_resonance,0.9560137391090393
fan/train/section_00_source_train_normal_0535_spd_3.wav,in_support,frequency_modulation,0.9974364042282104
fan/train/section_00_source_train_normal_0536_spd_3.wav,in_support,frequency_modulation,0.8855819702148438
fan/train/section_00_source_train_normal_0537_spd_2.wav,in_support,frequency_modulation,0.9790564775466919
fan/train/section_00_source_train_normal_0538_spd_2.wav,in_support,amplitude_modulation,0.9916939735412598
fan/train/section_00_source_train_normal_0539_spd_3.wav,in_support,amplitude_modulation,0.9810394048690796
fan/train/section_00_source_train_normal_0540_spd_3.wav,in_support,frequency_modulation,0.6280301809310913
fan/train/section_00_source_train_normal_0541_spd_1.wav,in_support,amplitude_modulation,0.9851057529449463
fan/train/section_00_source_train_normal_0542_spd_1.wav,in_support,frequency_modulation,0.9785222411155701
fan/train/section_00_source_train_normal_0543_spd_1.wav,in_support,frequency_modulation,0.9122167229652405
fan/train/section_00_source_train_normal_0544_spd_1.wav,in_support,frequency_modulation,0.8628280162811279
fan/train/section_00_source_train_normal_0545_spd_3.wav,in_support,frequency_modulation,0.7042756080627441
fan/train/section_00_source_train_normal_0546_spd_3.wav,in_support,amplitude_modulation,0.9899260401725769
fan/train/section_00_source_train_normal_0547_spd_2.wav,in_support,frequency_modulation,0.948509156703949
fan/train/section_00_source_train_normal_0548_spd_1.wav,in_support,periodic_resonance,0.9432956576347351
fan/train/section_00_source_train_normal_0549_spd_3.wav,in_support,periodic_resonance,0.9921254515647888
fan/train/section_00_source_train_normal_0550_spd_3.wav,in_support,periodic_resonance,0.9457215666770935
fan/train/section_00_source_train_normal_0551_spd_2.wav,in_support,frequency_modulation,0.9173529148101807
fan/train/section_00_source_train_normal_0552_spd_1.wav,in_support,amplitude_modulation,0.9936502575874329
fan/train/section_00_source_train_normal_0553_spd_2.wav,in_support,periodic_resonance,0.9776556491851807
fan/train/section_00_source_train_normal_0554_spd_3.wav,in_support,amplitude_modulation,0.9589473605155945
fan/train/section_00_source_train_normal_0555_spd_1.wav,in_support,amplitude_modulation,0.9731016755104065
fan/train/section_00_source_train_normal_0556_spd_1.wav,in_support,periodic_resonance,0.9851565957069397
fan/train/section_00_source_train_normal_0557_spd_3.wav,in_support,amplitude_modulation,0.9927310943603516
fan/train/section_00_source_train_normal_0558_spd_3.wav,in_support,amplitude_modulation,0.938261866569519
fan/train/section_00_source_train_normal_0559_spd_2.wav,in_support,periodic_resonance,0.9638882279396057
fan/train/section_00_source_train_normal_0560_spd_3.wav,in_support,frequency_modulation,0.994043231010437
fan/train/section_00_source_train_normal_0561_spd_1.wav,in_support,frequency_modulation,0.9441786408424377
fan/train/section_00_source_train_normal_0562_spd_3.wav,in_support,amplitude_modulation,0.9306936860084534
fan/train/section_00_source_train_normal_0563_spd_3.wav,in_support,frequency_modulation,0.999346911907196
fan/train/section_00_source_train_normal_0564_spd_3.wav,in_support,frequency_modulation,0.9877961874008179
fan/train/section_00_source_train_normal_0565_spd_2.wav,in_support,amplitude_modulation,0.9948502779006958
fan/train/section_00_source_train_normal_0566_spd_1.wav,in_support,frequency_modulation,0.8938848972320557
fan/train/section_00_source_train_normal_0567_spd_3.wav,in_support,frequency_modulation,0.9908087253570557
fan/train/section_00_source_train_normal_0568_spd_2.wav,in_support,periodic_resonance,0.993398129940033
fan/train/section_00_source_train_normal_0569_spd_2.wav,in_support,frequency_modulation,0.9821820855140686
fan/train/section_00_source_train_normal_0570_spd_1.wav,in_support,frequency_modulation,0.9758219718933105
fan/train/section_00_source_train_normal_0571_spd_3.wav,in_support,amplitude_modulation,0.9497376680374146
fan/train/section_00_source_train_normal_0572_spd_1.wav,in_support,frequency_modulation,0.8603329062461853
fan/train/section_00_source_train_normal_0573_spd_1.wav,in_support,amplitude_modulation,0.9967464804649353
fan/train/section_00_source_train_normal_0574_spd_3.wav,in_support,amplitude_modulation,0.9628626108169556
fan/train/section_00_source_train_normal_0575_spd_3.wav,in_support,amplitude_modulation,0.7799327969551086
fan/train/section_00_source_train_normal_0576_spd_3.wav,in_support,amplitude_modulation,0.3364337086677551
fan/train/section_00_source_train_normal_0577_spd_1.wav,in_support,periodic_resonance,0.9990339279174805
fan/train/section_00_source_train_normal_0578_spd_1.wav,in_support,amplitude_modulation,0.9679362773895264
fan/train/section_00_source_train_normal_0579_spd_2.wav,in_support,amplitude_modulation,0.9729344844818115
fan/train/section_00_source_train_normal_0580_spd_2.wav,in_support,periodic_resonance,0.9460495114326477
fan/train/section_00_source_train_normal_0581_spd_1.wav,in_support,frequency_modulation,0.7190813422203064
fan/train/section_00_source_train_normal_0582_spd_2.wav,in_support,frequency_modulation,0.8999682068824768
fan/train/section_00_source_train_normal_0583_spd_3.wav,in_support,frequency_modulation,0.943706750869751
fan/train/section_00_source_train_normal_0584_spd_2.wav,in_support,frequency_modulation,0.9869632720947266
fan/train/section_00_source_train_normal_0585_spd_1.wav,in_support,amplitude_modulation,0.942625880241394
fan/train/section_00_source_train_normal_0586_spd_3.wav,in_support,periodic_resonance,0.5755414962768555
fan/train/section_00_source_train_normal_0587_spd_2.wav,in_support,amplitude_modulation,0.9719380736351013
fan/train/section_00_source_train_normal_0588_spd_3.wav,in_support,frequency_modulation,0.6973704099655151
fan/train/section_00_source_train_normal_0589_spd_3.wav,in_support,amplitude_modulation,0.9662470817565918
fan/train/section_00_source_train_normal_0590_spd_1.wav,in_support,periodic_resonance,0.9907923936843872
fan/train/section_00_source_train_normal_0591_spd_1.wav,in_support,amplitude_modulation,0.896632969379425
fan/train/section_00_source_train_normal_0592_spd_2.wav,in_support,amplitude_modulation,0.99454265832901
fan/train/section_00_source_train_normal_0593_spd_2.wav,in_support,amplitude_modulation,0.5188825130462646
fan/train/section_00_source_train_normal_0594_spd_1.wav,in_support,frequency_modulation,0.7944356799125671
fan/train/section_00_source_train_normal_0595_spd_2.wav,in_support,amplitude_modulation,0.8499572277069092
fan/train/section_00_source_train_normal_0596_spd_1.wav,in_support,frequency_modulation,0.9698932766914368
fan/train/section_00_source_train_normal_0597_spd_3.wav,in_support,frequency_modulation,0.8192904591560364
fan/train/section_00_source_train_normal_0598_spd_2.wav,in_support,frequency_modulation,0.9784276485443115
fan/train/section_00_source_train_normal_0599_spd_1.wav,in_support,periodic_resonance,0.9977102875709534
fan/train/section_00_source_train_normal_0600_spd_3.wav,in_support,frequency_modulation,0.8443806171417236
fan/train/section_00_source_train_normal_0601_spd_2.wav,in_support,frequency_modulation,0.9930978417396545
fan/train/section_00_source_train_normal_0602_spd_2.wav,in_support,amplitude_modulation,0.9796341061592102
fan/train/section_00_source_train_normal_0603_spd_2.wav,in_support,periodic_resonance,0.9829354882240295
fan/train/section_00_source_train_normal_0604_spd_2.wav,in_support,periodic_resonance,0.9531010389328003
fan/train/section_00_source_train_normal_0605_spd_3.wav,in_support,amplitude_modulation,0.5471307635307312
fan/train/section_00_source_train_normal_0606_spd_2.wav,in_support,amplitude_modulation,0.42037782073020935
fan/train/section_00_source_train_normal_0607_spd_3.wav,in_support,periodic_resonance,0.9700120091438293
fan/train/section_00_source_train_normal_0608_spd_1.wav,in_support,amplitude_modulation,0.9067782163619995
fan/train/section_00_source_train_normal_0609_spd_1.wav,in_support,frequency_modulation,0.9781494140625
fan/train/section_00_source_train_normal_0610_spd_2.wav,in_support,amplitude_modulation,0.9697365760803223
fan/train/section_00_source_train_normal_0611_spd_1.wav,in_support,frequency_modulation,0.9764883518218994
fan/train/section_00_source_train_normal_0612_spd_1.wav,in_support,frequency_modulation,0.9525660276412964
fan/train/section_00_source_train_normal_0613_spd_1.wav,in_support,amplitude_modulation,0.9716005325317383
fan/train/section_00_source_train_normal_0614_spd_3.wav,in_support,amplitude_modulation,0.9268482327461243
fan/train/section_00_source_train_normal_0615_spd_1.wav,in_support,periodic_resonance,0.49367043375968933
fan/train/section_00_source_train_normal_0616_spd_1.wav,in_support,periodic_resonance,0.9814429879188538
fan/train/section_00_source_train_normal_0617_spd_1.wav,in_support,frequency_modulation,0.9901070594787598
fan/train/section_00_source_train_normal_0618_spd_3.wav,in_support,periodic_resonance,0.9508872032165527
fan/train/section_00_source_train_normal_0619_spd_2.wav,in_support,amplitude_modulation,0.8018085360527039
fan/train/section_00_source_train_normal_0620_spd_2.wav,in_support,periodic_resonance,0.7462481260299683
fan/train/section_00_source_train_normal_0621_spd_3.wav,in_support,frequency_modulation,0.6871212124824524
fan/train/section_00_source_train_normal_0622_spd_2.wav,in_support,frequency_modulation,0.8363234996795654
fan/train/section_00_source_train_normal_0623_spd_3.wav,in_support,periodic_resonance,0.9662830233573914
fan/train/section_00_source_train_normal_0624_spd_1.wav,in_support,amplitude_modulation,0.744304895401001
fan/train/section_00_source_train_normal_0625_spd_2.wav,in_support,amplitude_modulation,0.9914200305938721
fan/train/section_00_source_train_normal_0626_spd_3.wav,in_support,periodic_resonance,0.9903621673583984
fan/train/section_00_source_train_normal_0627_spd_1.wav,in_support,periodic_resonance,0.8714805245399475
fan/train/section_00_source_train_normal_0628_spd_1.wav,in_support,periodic_resonance,0.8035662174224854
fan/train/section_00_source_train_normal_0629_spd_2.wav,in_support,periodic_resonance,0.988888680934906
fan/train/section_00_source_train_normal_0630_spd_3.wav,in_support,amplitude_modulation,0.4951753616333008
fan/train/section_00_source_train_normal_0631_spd_2.wav,in_support,periodic_resonance,0.9930686950683594
fan/train/section_00_source_train_normal_0632_spd_2.wav,in_support,frequency_modulation,0.9756869077682495
fan/train/section_00_source_train_normal_0633_spd_1.wav,in_support,frequency_modulation,0.9704872369766235
fan/train/section_00_source_train_normal_0634_spd_3.wav,in_support,amplitude_modulation,0.9896718263626099
fan/train/section_00_source_train_normal_0635_spd_2.wav,in_support,periodic_resonance,0.9937157034873962
fan/train/section_00_source_train_normal_0636_spd_3.wav,in_support,amplitude_modulation,0.9506472945213318
fan/train/section_00_source_train_normal_0637_spd_1.wav,in_support,periodic_resonance,0.984150767326355
fan/train/section_00_source_train_normal_0638_spd_3.wav,in_support,amplitude_modulation,0.8972036242485046
fan/train/section_00_source_train_normal_0639_spd_3.wav,in_support,periodic_resonance,0.9731882214546204
fan/train/section_00_source_train_normal_0640_spd_3.wav,in_support,frequency_modulation,0.9855548143386841
fan/train/section_00_source_train_normal_0641_spd_2.wav,in_support,amplitude_modulation,0.9361588954925537
fan/train/section_00_source_train_normal_0642_spd_1.wav,in_support,amplitude_modulation,0.3855818808078766
fan/train/section_00_source_train_normal_0643_spd_1.wav,in_support,frequency_modulation,0.9867395162582397
fan/train/section_00_source_train_normal_0644_spd_3.wav,in_support,frequency_modulation,0.968734622001648
fan/train/section_00_source_train_normal_0645_spd_1.wav,in_support,frequency_modulation,0.5637340545654297
fan/train/section_00_source_train_normal_0646_spd_3.wav,in_support,periodic_resonance,0.9160800576210022
fan/train/section_00_source_train_normal_0647_spd_1.wav,in_support,frequency_modulation,0.9675023555755615
fan/train/section_00_source_train_normal_0648_spd_3.wav,in_support,amplitude_modulation,0.45467522740364075
fan/train/section_00_source_train_normal_0649_spd_2.wav,in_support,amplitude_modulation,0.6128135323524475
fan/train/section_00_source_train_normal_0650_spd_1.wav,in_support,amplitude_modulation,0.997957706451416
fan/train/section_00_source_train_normal_0651_spd_3.wav,in_support,frequency_modulation,0.8577263951301575
fan/train/section_00_source_train_normal_0652_spd_2.wav,in_support,periodic_resonance,0.9873980283737183
fan/train/section_00_source_train_normal_0653_spd_2.wav,in_support,amplitude_modulation,0.5036294460296631
fan/train/section_00_source_train_normal_0654_spd_1.wav,in_support,frequency_modulation,0.9646787047386169
fan/train/section_00_source_train_normal_0655_spd_2.wav,in_support,periodic_resonance,0.988210141658783
fan/train/section_00_source_train_normal_0656_spd_2.wav,in_support,frequency_modulation,0.996112585067749
fan/train/section_00_source_train_normal_0657_spd_3.wav,in_support,periodic_resonance,0.930596649646759
fan/train/section_00_source_train_normal_0658_spd_2.wav,in_support,periodic_resonance,0.9709139466285706
fan/train/section_00_source_train_normal_0659_spd_1.wav,in_support,frequency_modulation,0.9835764169692993
fan/train/section_00_source_train_normal_0660_spd_1.wav,in_support,periodic_resonance,0.9910510182380676
fan/train/section_00_source_train_normal_0661_spd_1.wav,in_support,frequency_modulation,0.833185076713562
fan/train/section_00_source_train_normal_0662_spd_3.wav,in_support,periodic_resonance,0.963969349861145
fan/train/section_00_source_train_normal_0663_spd_3.wav,in_support,amplitude_modulation,0.9770538210868835
fan/train/section_00_source_train_normal_0664_spd_2.wav,in_support,frequency_modulation,0.7103242874145508
fan/train/section_00_source_train_normal_0665_spd_1.wav,in_support,periodic_resonance,0.9499527215957642
fan/train/section_00_source_train_normal_0666_spd_2.wav,in_support,periodic_resonance,0.9788318276405334
fan/train/section_00_source_train_normal_0667_spd_3.wav,in_support,periodic_resonance,0.995169460773468
fan/train/section_00_source_train_normal_0668_spd_2.wav,in_support,periodic_resonance,0.9875251650810242
fan/train/section_00_source_train_normal_0669_spd_3.wav,in_support,periodic_resonance,0.9438367486000061
fan/train/section_00_source_train_normal_0670_spd_3.wav,in_support,frequency_modulation,0.6817999482154846
fan/train/section_00_source_train_normal_0671_spd_3.wav,in_support,amplitude_modulation,0.9835491180419922
fan/train/section_00_source_train_normal_0672_spd_3.wav,in_support,periodic_resonance,0.9862720370292664
fan/train/section_00_source_train_normal_0673_spd_3.wav,in_support,amplitude_modulation,0.9994666576385498
fan/train/section_00_source_train_normal_0674_spd_1.wav,in_support,periodic_resonance,0.9554518461227417
fan/train/section_00_source_train_normal_0675_spd_3.wav,in_support,periodic_resonance,0.9996060729026794
fan/train/section_00_source_train_normal_0676_spd_1.wav,in_support,periodic_resonance,0.9774990081787109
fan/train/section_00_source_train_normal_0677_spd_1.wav,in_support,amplitude_modulation,0.9661391377449036
fan/train/section_00_source_train_normal_0678_spd_3.wav,in_support,frequency_modulation,0.9270407557487488
fan/train/section_00_source_train_normal_0679_spd_2.wav,in_support,periodic_resonance,0.9787826538085938
fan/train/section_00_source_train_normal_0680_spd_3.wav,in_support,periodic_resonance,0.9309219717979431
fan/train/section_00_source_train_normal_0681_spd_2.wav,in_support,frequency_modulation,0.883737325668335
fan/train/section_00_source_train_normal_0682_spd_2.wav,in_support,amplitude_modulation,0.5214219689369202
fan/train/section_00_source_train_normal_0683_spd_2.wav,in_support,amplitude_modulation,0.9364773631095886
fan/train/section_00_source_train_normal_0684_spd_3.wav,in_support,amplitude_modulation,0.9005487561225891
fan/train/section_00_source_train_normal_0685_spd_1.wav,in_support,frequency_modulation,0.9327949285507202
fan/train/section_00_source_train_normal_0686_spd_3.wav,in_support,frequency_modulation,0.971060037612915
fan/train/section_00_source_train_normal_0687_spd_3.wav,in_support,frequency_modulation,0.963284432888031
fan/train/section_00_source_train_normal_0688_spd_2.wav,in_support,frequency_modulation,0.9364546537399292
fan/train/section_00_source_train_normal_0689_spd_2.wav,in_support,periodic_resonance,0.9928255081176758
fan/train/section_00_source_train_normal_0690_spd_2.wav,in_support,periodic_resonance,0.7314918041229248
fan/train/section_00_source_train_normal_0691_spd_3.wav,in_support,periodic_resonance,0.974269688129425
fan/train/section_00_source_train_normal_0692_spd_2.wav,in_support,periodic_resonance,0.9805657267570496
fan/train/section_00_source_train_normal_0693_spd_1.wav,in_support,periodic_resonance,0.9813864231109619
fan/train/section_00_source_train_normal_0694_spd_3.wav,in_support,frequency_modulation,0.5757176280021667
fan/train/section_00_source_train_normal_0695_spd_1.wav,in_support,amplitude_modulation,0.9953596591949463
fan/train/section_00_source_train_normal_0696_spd_1.wav,in_support,frequency_modulation,0.957132875919342
fan/train/section_00_source_train_normal_0697_spd_2.wav,in_support,periodic_resonance,0.7172638177871704
fan/train/section_00_source_train_normal_0698_spd_1.wav,in_support,periodic_resonance,0.9921733736991882
fan/train/section_00_source_train_normal_0699_spd_1.wav,in_support,amplitude_modulation,0.8257796168327332
fan/train/section_00_source_train_normal_0700_spd_2.wav,in_support,frequency_modulation,0.5776674151420593
fan/train/section_00_source_train_normal_0701_spd_3.wav,in_support,frequency_modulation,0.985321044921875
fan/train/section_00_source_train_normal_0702_spd_3.wav,in_support,amplitude_modulation,0.9384181499481201
fan/train/section_00_source_train_normal_0703_spd_3.wav,in_support,amplitude_modulation,0.9420199394226074
fan/train/section_00_source_train_normal_0704_spd_1.wav,in_support,periodic_resonance,0.9853576421737671
fan/train/section_00_source_train_normal_0705_spd_1.wav,in_support,frequency_modulation,0.9660922288894653
fan/train/section_00_source_train_normal_0706_spd_1.wav,in_support,frequency_modulation,0.9549375176429749
fan/train/section_00_source_train_normal_0707_spd_3.wav,in_support,periodic_resonance,0.9375222325325012
fan/train/section_00_source_train_normal_0708_spd_2.wav,in_support,periodic_resonance,0.974860429763794
fan/train/section_00_source_train_normal_0709_spd_2.wav,in_support,periodic_resonance,0.958685040473938
fan/train/section_00_source_train_normal_0710_spd_2.wav,in_support,frequency_modulation,0.8288416862487793
fan/train/section_00_source_train_normal_0711_spd_3.wav,in_support,amplitude_modulation,0.9218713641166687
fan/train/section_00_source_train_normal_0712_spd_1.wav,in_support,frequency_modulation,0.9488462805747986
fan/train/section_00_source_train_normal_0713_spd_3.wav,in_support,periodic_resonance,0.9710398316383362
fan/train/section_00_source_train_normal_0714_spd_1.wav,in_support,periodic_resonance,0.9700837135314941
fan/train/section_00_source_train_normal_0715_spd_1.wav,in_support,periodic_resonance,0.960605800151825
fan/train/section_00_source_train_normal_0716_spd_2.wav,in_support,amplitude_modulation,0.8029472231864929
fan/train/section_00_source_train_normal_0717_spd_3.wav,in_support,frequency_modulation,0.7528497576713562
fan/train/section_00_source_train_normal_0718_spd_3.wav,in_support,periodic_resonance,0.97702556848526
fan/train/section_00_source_train_normal_0719_spd_2.wav,in_support,frequency_modulation,0.9300166964530945
fan/train/section_00_source_train_normal_0720_spd_2.wav,in_support,periodic_resonance,0.9812968969345093
fan/train/section_00_source_train_normal_0721_spd_2.wav,in_support,amplitude_modulation,0.9022924304008484
fan/train/section_00_source_train_normal_0722_spd_2.wav,in_support,frequency_modulation,0.9915804862976074
fan/train/section_00_source_train_normal_0723_spd_1.wav,in_support,periodic_resonance,0.9381933212280273
fan/train/section_00_source_train_normal_0724_spd_2.wav,in_support,periodic_resonance,0.9791921973228455
fan/train/section_00_source_train_normal_0725_spd_1.wav,in_support,amplitude_modulation,0.844648540019989
fan/train/section_00_source_train_normal_0726_spd_1.wav,in_support,amplitude_modulation,0.9612864255905151
fan/train/section_00_source_train_normal_0727_spd_3.wav,in_support,frequency_modulation,0.5192293524742126
fan/train/section_00_source_train_normal_0728_spd_2.wav,in_support,periodic_resonance,0.5682820677757263
fan/train/section_00_source_train_normal_0729_spd_3.wav,in_support,amplitude_modulation,0.9625685811042786
fan/train/section_00_source_train_normal_0730_spd_2.wav,in_support,amplitude_modulation,0.6596300005912781
fan/train/section_00_source_train_normal_0731_spd_1.wav,in_support,amplitude_modulation,0.9144187569618225
fan/train/section_00_source_train_normal_0732_spd_1.wav,in_support,periodic_resonance,0.9820904731750488
fan/train/section_00_source_train_normal_0733_spd_1.wav,in_support,amplitude_modulation,0.8720480799674988
fan/train/section_00_source_train_normal_0734_spd_2.wav,in_support,frequency_modulation,0.9400109052658081
fan/train/section_00_source_train_normal_0735_spd_1.wav,in_support,amplitude_modulation,0.9950481653213501
fan/train/section_00_source_train_normal_0736_spd_3.wav,in_support,periodic_resonance,0.9896349310874939
fan/train/section_00_source_train_normal_0737_spd_2.wav,in_support,frequency_modulation,0.9533111453056335
fan/train/section_00_source_train_normal_0738_spd_1.wav,in_support,frequency_modulation,0.9957931637763977
fan/train/section_00_source_train_normal_0739_spd_1.wav,in_support,amplitude_modulation,0.9849026799201965
fan/train/section_00_source_train_normal_0740_spd_1.wav,in_support,periodic_resonance,0.9987391829490662
fan/train/section_00_source_train_normal_0741_spd_2.wav,in_support,frequency_modulation,0.6496826410293579
fan/train/section_00_source_train_normal_0742_spd_2.wav,in_support,amplitude_modulation,0.966058611869812
fan/train/section_00_source_train_normal_0743_spd_1.wav,in_support,amplitude_modulation,0.9778683185577393
fan/train/section_00_source_train_normal_0744_spd_3.wav,in_support,amplitude_modulation,0.9994836449623108
fan/train/section_00_source_train_normal_0745_spd_2.wav,in_support,periodic_resonance,0.9749484062194824
fan/train/section_00_source_train_normal_0746_spd_3.wav,in_support,amplitude_modulation,0.930185079574585
fan/train/section_00_source_train_normal_0747_spd_2.wav,in_support,amplitude_modulation,0.9615578055381775
fan/train/section_00_source_train_normal_0748_spd_3.wav,in_support,periodic_resonance,0.9930324554443359
fan/train/section_00_source_train_normal_0749_spd_1.wav,in_support,amplitude_modulation,0.9572852849960327
fan/train/section_00_source_train_normal_0750_spd_3.wav,in_support,amplitude_modulation,0.8754521012306213
fan/train/section_00_source_train_normal_0751_spd_3.wav,in_support,amplitude_modulation,0.9380987286567688
fan/train/section_00_source_train_normal_0752_spd_1.wav,in_support,periodic_resonance,0.9540790319442749
fan/train/section_00_source_train_normal_0753_spd_2.wav,in_support,frequency_modulation,0.9200356006622314
fan/train/section_00_source_train_normal_0754_spd_3.wav,in_support,amplitude_modulation,0.8404804468154907
fan/train/section_00_source_train_normal_0755_spd_2.wav,in_support,frequency_modulation,0.9975870251655579
fan/train/section_00_source_train_normal_0756_spd_3.wav,in_support,frequency_modulation,0.6446980237960815
fan/train/section_00_source_train_normal_0757_spd_1.wav,in_support,periodic_resonance,0.9945217967033386
fan/train/section_00_source_train_normal_0758_spd_1.wav,in_support,frequency_modulation,0.5771900415420532
fan/train/section_00_source_train_normal_0759_spd_3.wav,in_support,frequency_modulation,0.6983785033226013
fan/train/section_00_source_train_normal_0760_spd_1.wav,in_support,periodic_resonance,0.9399757981300354
fan/train/section_00_source_train_normal_0761_spd_3.wav,in_support,frequency_modulation,0.9881601333618164
fan/train/section_00_source_train_normal_0762_spd_2.wav,in_support,amplitude_modulation,0.8130106925964355
fan/train/section_00_source_train_normal_0763_spd_2.wav,in_support,amplitude_modulation,0.9633194804191589
fan/train/section_00_source_train_normal_0764_spd_1.wav,in_support,amplitude_modulation,0.9644371867179871
fan/train/section_00_source_train_normal_0765_spd_2.wav,in_support,amplitude_modulation,0.9929150938987732
fan/train/section_00_source_train_normal_0766_spd_1.wav,in_support,periodic_resonance,0.9833677411079407
fan/train/section_00_source_train_normal_0767_spd_1.wav,in_support,frequency_modulation,0.8868935108184814
fan/train/section_00_source_train_normal_0768_spd_3.wav,in_support,frequency_modulation,0.9555919170379639
fan/train/section_00_source_train_normal_0769_spd_3.wav,in_support,frequency_modulation,0.6258598566055298
fan/train/section_00_source_train_normal_0770_spd_2.wav,in_support,periodic_resonance,0.9777569770812988
fan/train/section_00_source_train_normal_0771_spd_2.wav,in_support,frequency_modulation,0.7593929171562195
fan/train/section_00_source_train_normal_0772_spd_1.wav,in_support,periodic_resonance,0.9724745154380798
fan/train/section_00_source_train_normal_0773_spd_3.wav,in_support,frequency_modulation,0.9751597046852112
fan/train/section_00_source_train_normal_0774_spd_3.wav,in_support,amplitude_modulation,0.4704781174659729
fan/train/section_00_source_train_normal_0775_spd_1.wav,in_support,frequency_modulation,0.9947897791862488
fan/train/section_00_source_train_normal_0776_spd_1.wav,in_support,frequency_modulation,0.9959367513656616
fan/train/section_00_source_train_normal_0777_spd_3.wav,in_support,amplitude_modulation,0.9657179117202759
fan/train/section_00_source_train_normal_0778_spd_1.wav,in_support,amplitude_modulation,0.9633551239967346
fan/train/section_00_source_train_normal_0779_spd_1.wav,in_support,frequency_modulation,0.9718018174171448
fan/train/section_00_source_train_normal_0780_spd_3.wav,in_support,amplitude_modulation,0.9521536827087402
fan/train/section_00_source_train_normal_0781_spd_3.wav,in_support,amplitude_modulation,0.926624596118927
fan/train/section_00_source_train_normal_0782_spd_1.wav,in_support,amplitude_modulation,0.797657310962677
fan/train/section_00_source_train_normal_0783_spd_3.wav,in_support,amplitude_modulation,0.9418564438819885
fan/train/section_00_source_train_normal_0784_spd_3.wav,in_support,frequency_modulation,0.9917520880699158
fan/train/section_00_source_train_normal_0785_spd_2.wav,in_support,amplitude_modulation,0.9277684688568115
fan/train/section_00_source_train_normal_0786_spd_3.wav,in_support,periodic_resonance,0.9515781998634338
fan/train/section_00_source_train_normal_0787_spd_3.wav,in_support,frequency_modulation,0.8178438544273376
fan/train/section_00_source_train_normal_0788_spd_3.wav,in_support,frequency_modulation,0.9343169331550598
fan/train/section_00_source_train_normal_0789_spd_3.wav,in_support,periodic_resonance,0.9876254200935364
fan/train/section_00_source_train_normal_0790_spd_1.wav,in_support,periodic_resonance,0.9833863377571106
fan/train/section_00_source_train_normal_0791_spd_1.wav,in_support,amplitude_modulation,0.9695168137550354
fan/train/section_00_source_train_normal_0792_spd_1.wav,in_support,periodic_resonance,0.9762075543403625
fan/train/section_00_source_train_normal_0793_spd_1.wav,in_support,periodic_resonance,0.990019679069519
fan/train/section_00_source_train_normal_0794_spd_3.wav,in_support,periodic_resonance,0.9649505615234375
fan/train/section_00_source_train_normal_0795_spd_1.wav,in_support,frequency_modulation,0.8560311198234558
fan/train/section_00_source_train_normal_0796_spd_2.wav,in_support,periodic_resonance,0.9600887894630432
fan/train/section_00_source_train_normal_0797_spd_1.wav,in_support,periodic_resonance,0.9967027902603149
fan/train/section_00_source_train_normal_0798_spd_2.wav,in_support,frequency_modulation,0.9498465657234192
fan/train/section_00_source_train_normal_0799_spd_3.wav,in_support,periodic_resonance,0.969672441482544
fan/train/section_00_source_train_normal_0800_spd_2.wav,in_support,frequency_modulation,0.6510882377624512
fan/train/section_00_source_train_normal_0801_spd_1.wav,in_support,periodic_resonance,0.9485920071601868
fan/train/section_00_source_train_normal_0802_spd_2.wav,in_support,amplitude_modulation,0.8447942137718201
fan/train/section_00_source_train_normal_0803_spd_3.wav,in_support,frequency_modulation,0.912086009979248
fan/train/section_00_source_train_normal_0804_spd_3.wav,in_support,periodic_resonance,0.9975366592407227
fan/train/section_00_source_train_normal_0805_spd_1.wav,in_support,frequency_modulation,0.9097560048103333
fan/train/section_00_source_train_normal_0806_spd_2.wav,in_support,frequency_modulation,0.9800844788551331
fan/train/section_00_source_train_normal_0807_spd_2.wav,in_support,periodic_resonance,0.9735267162322998
fan/train/section_00_source_train_normal_0808_spd_1.wav,in_support,frequency_modulation,0.9759312272071838
fan/train/section_00_source_train_normal_0809_spd_3.wav,in_support,amplitude_modulation,0.99236661195755
fan/train/section_00_source_train_normal_0810_spd_1.wav,in_support,amplitude_modulation,0.9907708168029785
fan/train/section_00_source_train_normal_0811_spd_2.wav,in_support,amplitude_modulation,0.9213562607765198
fan/train/section_00_source_train_normal_0812_spd_2.wav,in_support,frequency_modulation,0.9867730736732483
fan/train/section_00_source_train_normal_0813_spd_1.wav,in_support,amplitude_modulation,0.6444665789604187
fan/train/section_00_source_train_normal_0814_spd_2.wav,in_support,periodic_resonance,0.9581717848777771
fan/train/section_00_source_train_normal_0815_spd_2.wav,in_support,periodic_resonance,0.9874166250228882
fan/train/section_00_source_train_normal_0816_spd_2.wav,in_support,amplitude_modulation,0.9734086394309998
fan/train/section_00_source_train_normal_0817_spd_2.wav,in_support,amplitude_modulation,0.9744338989257812
fan/train/section_00_source_train_normal_0818_spd_1.wav,in_support,periodic_resonance,0.9897026419639587
fan/train/section_00_source_train_normal_0819_spd_2.wav,in_support,amplitude_modulation,0.9867523312568665
fan/train/section_00_source_train_normal_0820_spd_2.wav,in_support,amplitude_modulation,0.9790666699409485
fan/train/section_00_source_train_normal_0821_spd_2.wav,in_support,amplitude_modulation,0.3162064850330353
fan/train/section_00_source_train_normal_0822_spd_1.wav,in_support,frequency_modulation,0.9822077751159668
fan/train/section_00_source_train_normal_0823_spd_1.wav,in_support,amplitude_modulation,0.9949986934661865
fan/train/section_00_source_train_normal_0824_spd_3.wav,in_support,periodic_resonance,0.9923218488693237
fan/train/section_00_source_train_normal_0825_spd_1.wav,in_support,amplitude_modulation,0.9683353900909424
fan/train/section_00_source_train_normal_0826_spd_3.wav,in_support,periodic_resonance,0.9979164004325867
fan/train/section_00_source_train_normal_0827_spd_1.wav,in_support,frequency_modulation,0.9313477873802185
fan/train/section_00_source_train_normal_0828_spd_3.wav,in_support,frequency_modulation,0.9753764867782593
fan/train/section_00_source_train_normal_0829_spd_2.wav,in_support,periodic_resonance,0.9909235835075378
fan/train/section_00_source_train_normal_0830_spd_1.wav,in_support,periodic_resonance,0.9931929707527161
fan/train/section_00_source_train_normal_0831_spd_1.wav,in_support,frequency_modulation,0.8197344541549683
fan/train/section_00_source_train_normal_0832_spd_1.wav,in_support,amplitude_modulation,0.8501875996589661
fan/train/section_00_source_train_normal_0833_spd_1.wav,in_support,amplitude_modulation,0.6601699590682983
fan/train/section_00_source_train_normal_0834_spd_3.wav,in_support,amplitude_modulation,0.8479758501052856
fan/train/section_00_source_train_normal_0835_spd_3.wav,in_support,frequency_modulation,0.9748803377151489
fan/train/section_00_source_train_normal_0836_spd_3.wav,in_support,frequency_modulation,0.7653204202651978
fan/train/section_00_source_train_normal_0837_spd_1.wav,in_support,frequency_modulation,0.9908844828605652
fan/train/section_00_source_train_normal_0838_spd_3.wav,in_support,frequency_modulation,0.8625215888023376
fan/train/section_00_source_train_normal_0839_spd_1.wav,in_support,periodic_resonance,0.9864827990531921
fan/train/section_00_source_train_normal_0840_spd_2.wav,in_support,amplitude_modulation,0.9499490261077881
fan/train/section_00_source_train_normal_0841_spd_1.wav,in_support,frequency_modulation,0.933508574962616
fan/train/section_00_source_train_normal_0842_spd_2.wav,in_support,periodic_resonance,0.959811806678772
fan/train/section_00_source_train_normal_0843_spd_2.wav,in_support,periodic_resonance,0.5930906534194946
fan/train/section_00_source_train_normal_0844_spd_3.wav,in_support,amplitude_modulation,0.9960377812385559
fan/train/section_00_source_train_normal_0845_spd_3.wav,in_support,periodic_resonance,0.9363592863082886
fan/train/section_00_source_train_normal_0846_spd_2.wav,in_support,frequency_modulation,0.839188277721405
fan/train/section_00_source_train_normal_0847_spd_2.wav,in_support,amplitude_modulation,0.9615317583084106
fan/train/section_00_source_train_normal_0848_spd_3.wav,in_support,frequency_modulation,0.8976693153381348
fan/train/section_00_source_train_normal_0849_spd_3.wav,in_support,periodic_resonance,0.9792313575744629
fan/train/section_00_source_train_normal_0850_spd_3.wav,in_support,amplitude_modulation,0.7442652583122253
fan/train/section_00_source_train_normal_0851_spd_1.wav,in_support,frequency_modulation,0.8935153484344482
fan/train/section_00_source_train_normal_0852_spd_3.wav,in_support,periodic_resonance,0.9984713196754456
fan/train/section_00_source_train_normal_0853_spd_3.wav,in_support,frequency_modulation,0.9450095295906067
fan/train/section_00_source_train_normal_0854_spd_1.wav,in_support,periodic_resonance,0.9962010383605957
fan/train/section_00_source_train_normal_0855_spd_1.wav,in_support,amplitude_modulation,0.9317374229431152
fan/train/section_00_source_train_normal_0856_spd_1.wav,in_support,frequency_modulation,0.9902530312538147
fan/train/section_00_source_train_normal_0857_spd_3.wav,in_support,periodic_resonance,0.9781793355941772
fan/train/section_00_source_train_normal_0858_spd_2.wav,in_support,amplitude_modulation,0.3407731056213379
fan/train/section_00_source_train_normal_0859_spd_2.wav,in_support,frequency_modulation,0.9690766334533691
fan/train/section_00_source_train_normal_0860_spd_2.wav,in_support,periodic_resonance,0.9631203413009644
fan/train/section_00_source_train_normal_0861_spd_1.wav,in_support,periodic_resonance,0.9821979403495789
fan/train/section_00_source_train_normal_0862_spd_3.wav,in_support,amplitude_modulation,0.980972945690155
fan/train/section_00_source_train_normal_0863_spd_1.wav,in_support,amplitude_modulation,0.5159372687339783
fan/train/section_00_source_train_normal_0864_spd_2.wav,in_support,amplitude_modulation,0.9195867776870728
fan/train/section_00_source_train_normal_0865_spd_3.wav,in_support,amplitude_modulation,0.6304537057876587
fan/train/section_00_source_train_normal_0866_spd_1.wav,in_support,periodic_resonance,0.9936987161636353
fan/train/section_00_source_train_normal_0867_spd_3.wav,in_support,frequency_modulation,0.9846738576889038
fan/train/section_00_source_train_normal_0868_spd_3.wav,in_support,amplitude_modulation,0.49456787109375
fan/train/section_00_source_train_normal_0869_spd_3.wav,in_support,frequency_modulation,0.988593339920044
fan/train/section_00_source_train_normal_0870_spd_3.wav,in_support,periodic_resonance,0.982311487197876
fan/train/section_00_source_train_normal_0871_spd_3.wav,in_support,frequency_modulation,0.9238815307617188
fan/train/section_00_source_train_normal_0872_spd_3.wav,in_support,frequency_modulation,0.9420003294944763
fan/train/section_00_source_train_normal_0873_spd_3.wav,in_support,periodic_resonance,0.948772132396698
fan/train/section_00_source_train_normal_0874_spd_1.wav,in_support,periodic_resonance,0.987555205821991
fan/train/section_00_source_train_normal_0875_spd_3.wav,in_support,periodic_resonance,0.9866533279418945
fan/train/section_00_source_train_normal_0876_spd_1.wav,in_support,amplitude_modulation,0.9797654747962952
fan/train/section_00_source_train_normal_0877_spd_2.wav,in_support,frequency_modulation,0.9722092151641846
fan/train/section_00_source_train_normal_0878_spd_2.wav,in_support,frequency_modulation,0.9793798923492432
fan/train/section_00_source_train_normal_0879_spd_1.wav,in_support,amplitude_modulation,0.48472660779953003
fan/train/section_00_source_train_normal_0880_spd_2.wav,in_support,periodic_resonance,0.9902201294898987
fan/train/section_00_source_train_normal_0881_spd_1.wav,in_support,amplitude_modulation,0.7960904836654663
fan/train/section_00_source_train_normal_0882_spd_1.wav,in_support,amplitude_modulation,0.89334636926651
fan/train/section_00_source_train_normal_0883_spd_3.wav,in_support,periodic_resonance,0.9666470885276794
fan/train/section_00_source_train_normal_0884_spd_3.wav,in_support,frequency_modulation,0.9965526461601257
fan/train/section_00_source_train_normal_0885_spd_1.wav,in_support,frequency_modulation,0.9838986992835999
fan/train/section_00_source_train_normal_0886_spd_3.wav,in_support,frequency_modulation,0.967311441898346
fan/train/section_00_source_train_normal_0887_spd_1.wav,in_support,periodic_resonance,0.9757764935493469
fan/train/section_00_source_train_normal_0888_spd_3.wav,in_support,periodic_resonance,0.9892956614494324
fan/train/section_00_source_train_normal_0889_spd_2.wav,in_support,periodic_resonance,0.9936267137527466
fan/train/section_00_source_train_normal_0890_spd_2.wav,in_support,frequency_modulation,0.9523500204086304
fan/train/section_00_source_train_normal_0891_spd_1.wav,in_support,periodic_resonance,0.9678683876991272
fan/train/section_00_source_train_normal_0892_spd_2.wav,in_support,amplitude_modulation,0.9605584740638733
fan/train/section_00_source_train_normal_0893_spd_3.wav,in_support,periodic_resonance,0.9876618981361389
fan/train/section_00_source_train_normal_0894_spd_2.wav,in_support,frequency_modulation,0.8638052344322205
fan/train/section_00_source_train_normal_0895_spd_1.wav,in_support,amplitude_modulation,0.9940428733825684
fan/train/section_00_source_train_normal_0896_spd_3.wav,in_support,periodic_resonance,0.9346325397491455
fan/train/section_00_source_train_normal_0897_spd_3.wav,in_support,amplitude_modulation,0.9859278202056885
fan/train/section_00_source_train_normal_0898_spd_3.wav,in_support,amplitude_modulation,0.9954716563224792
fan/train/section_00_source_train_normal_0899_spd_2.wav,in_support,periodic_resonance,0.9698296189308167
fan/train/section_00_source_train_normal_0900_spd_2.wav,in_support,frequency_modulation,0.9720190763473511
fan/train/section_00_source_train_normal_0901_spd_3.wav,in_support,frequency_modulation,0.9615328907966614
fan/train/section_00_source_train_normal_0902_spd_1.wav,in_support,amplitude_modulation,0.8831015229225159
fan/train/section_00_source_train_normal_0903_spd_2.wav,in_support,amplitude_modulation,0.9984010457992554
fan/train/section_00_source_train_normal_0904_spd_1.wav,in_support,periodic_resonance,0.967478334903717
fan/train/section_00_source_train_normal_0905_spd_1.wav,in_support,amplitude_modulation,0.8704469799995422
fan/train/section_00_source_train_normal_0906_spd_3.wav,in_support,frequency_modulation,0.9979641437530518
fan/train/section_00_source_train_normal_0907_spd_1.wav,in_support,frequency_modulation,0.8351072669029236
fan/train/section_00_source_train_normal_0908_spd_2.wav,in_support,frequency_modulation,0.9657332301139832
fan/train/section_00_source_train_normal_0909_spd_1.wav,in_support,amplitude_modulation,0.9429152011871338
fan/train/section_00_source_train_normal_0910_spd_3.wav,in_support,frequency_modulation,0.9701495170593262
fan/train/section_00_source_train_normal_0911_spd_3.wav,in_support,periodic_resonance,0.9659588932991028
fan/train/section_00_source_train_normal_0912_spd_1.wav,in_support,frequency_modulation,0.9843408465385437
fan/train/section_00_source_train_normal_0913_spd_2.wav,in_support,amplitude_modulation,0.9704514145851135
fan/train/section_00_source_train_normal_0914_spd_3.wav,in_support,frequency_modulation,0.9112654328346252
fan/train/section_00_source_train_normal_0915_spd_1.wav,in_support,frequency_modulation,0.9824807047843933
fan/train/section_00_source_train_normal_0916_spd_2.wav,in_support,frequency_modulation,0.9697336554527283
fan/train/section_00_source_train_normal_0917_spd_1.wav,in_support,frequency_modulation,0.9437971711158752
fan/train/section_00_source_train_normal_0918_spd_1.wav,in_support,periodic_resonance,0.9739881753921509
fan/train/section_00_source_train_normal_0919_spd_1.wav,in_support,frequency_modulation,0.9734509587287903
fan/train/section_00_source_train_normal_0920_spd_2.wav,in_support,amplitude_modulation,0.9907605051994324
fan/train/section_00_source_train_normal_0921_spd_3.wav,in_support,frequency_modulation,0.9416800737380981
fan/train/section_00_source_train_normal_0922_spd_1.wav,in_support,periodic_resonance,0.9963398575782776
fan/train/section_00_source_train_normal_0923_spd_3.wav,in_support,amplitude_modulation,0.998407781124115
fan/train/section_00_source_train_normal_0924_spd_2.wav,in_support,frequency_modulation,0.985215961933136
fan/train/section_00_source_train_normal_0925_spd_2.wav,in_support,frequency_modulation,0.9948105812072754
fan/train/section_00_source_train_normal_0926_spd_2.wav,in_support,frequency_modulation,0.9400742650032043
fan/train/section_00_source_train_normal_0927_spd_3.wav,in_support,frequency_modulation,0.9128188490867615
fan/train/section_00_source_train_normal_0928_spd_1.wav,in_support,periodic_resonance,0.9454815983772278
fan/train/section_00_source_train_normal_0929_spd_2.wav,in_support,periodic_resonance,0.9865803122520447
fan/train/section_00_source_train_normal_0930_spd_2.wav,in_support,frequency_modulation,0.9853897094726562
fan/train/section_00_source_train_normal_0931_spd_2.wav,in_support,amplitude_modulation,0.9956833124160767
fan/train/section_00_source_train_normal_0932_spd_3.wav,in_support,frequency_modulation,0.9907904863357544
fan/train/section_00_source_train_normal_0933_spd_1.wav,in_support,amplitude_modulation,0.9944443702697754
fan/train/section_00_source_train_normal_0934_spd_1.wav,in_support,amplitude_modulation,0.6047487258911133
fan/train/section_00_source_train_normal_0935_spd_1.wav,in_support,periodic_resonance,0.9860535264015198
fan/train/section_00_source_train_normal_0936_spd_1.wav,in_support,periodic_resonance,0.9961429834365845
fan/train/section_00_source_train_normal_0937_spd_3.wav,in_support,periodic_resonance,0.9622386693954468
fan/train/section_00_source_train_normal_0938_spd_1.wav,in_support,periodic_resonance,0.9901913404464722
fan/train/section_00_source_train_normal_0939_spd_2.wav,in_support,frequency_modulation,0.973633885383606
fan/train/section_00_source_train_normal_0940_spd_1.wav,in_support,periodic_resonance,0.8705936074256897
fan/train/section_00_source_train_normal_0941_spd_3.wav,in_support,amplitude_modulation,0.9702415466308594
fan/train/section_00_source_train_normal_0942_spd_3.wav,in_support,frequency_modulation,0.8686864376068115
fan/train/section_00_source_train_normal_0943_spd_2.wav,in_support,periodic_resonance,0.9402590990066528
fan/train/section_00_source_train_normal_0944_spd_1.wav,in_support,frequency_modulation,0.9239749908447266
fan/train/section_00_source_train_normal_0945_spd_3.wav,in_support,amplitude_modulation,0.985323965549469
fan/train/section_00_source_train_normal_0946_spd_2.wav,in_support,periodic_resonance,0.9422078728675842
fan/train/section_00_source_train_normal_0947_spd_1.wav,in_support,amplitude_modulation,0.9930882453918457
fan/train/section_00_source_train_normal_0948_spd_2.wav,in_support,frequency_modulation,0.8390775918960571
fan/train/section_00_source_train_normal_0949_spd_1.wav,in_support,periodic_resonance,0.8895858526229858
fan/train/section_00_source_train_normal_0950_spd_1.wav,in_support,frequency_modulation,0.6385184526443481
fan/train/section_00_source_train_normal_0951_spd_1.wav,in_support,frequency_modulation,0.9535556435585022
fan/train/section_00_source_train_normal_0952_spd_2.wav,in_support,periodic_resonance,0.9851726293563843
fan/train/section_00_source_train_normal_0953_spd_1.wav,in_support,periodic_resonance,0.9881197214126587
fan/train/section_00_source_train_normal_0954_spd_2.wav,in_support,amplitude_modulation,0.7677245736122131
fan/train/section_00_source_train_normal_0955_spd_1.wav,in_support,amplitude_modulation,0.9190511107444763
fan/train/section_00_source_train_normal_0956_spd_2.wav,in_support,frequency_modulation,0.9511095881462097
fan/train/section_00_source_train_normal_0957_spd_2.wav,in_support,frequency_modulation,0.9610396027565002
fan/train/section_00_source_train_normal_0958_spd_1.wav,in_support,frequency_modulation,0.6751195788383484
fan/train/section_00_source_train_normal_0959_spd_3.wav,in_support,periodic_resonance,0.974726140499115
fan/train/section_00_source_train_normal_0960_spd_3.wav,in_support,amplitude_modulation,0.9800030589103699
fan/train/section_00_source_train_normal_0961_spd_2.wav,in_support,frequency_modulation,0.8748366832733154
fan/train/section_00_source_train_normal_0962_spd_3.wav,in_support,amplitude_modulation,0.3789614140987396
fan/train/section_00_source_train_normal_0963_spd_3.wav,in_support,periodic_resonance,0.9969926476478577
fan/train/section_00_source_train_normal_0964_spd_1.wav,in_support,amplitude_modulation,0.9599118232727051
fan/train/section_00_source_train_normal_0965_spd_2.wav,in_support,periodic_resonance,0.9690118432044983
fan/train/section_00_source_train_normal_0966_spd_3.wav,in_support,periodic_resonance,0.8997138142585754
fan/train/section_00_source_train_normal_0967_spd_1.wav,in_support,frequency_modulation,0.9740802645683289
fan/train/section_00_source_train_normal_0968_spd_2.wav,in_support,amplitude_modulation,0.8027498722076416
fan/train/section_00_source_train_normal_0969_spd_3.wav,in_support,periodic_resonance,0.9723991751670837
fan/train/section_00_source_train_normal_0970_spd_3.wav,in_support,periodic_resonance,0.9811694025993347
fan/train/section_00_source_train_normal_0971_spd_1.wav,in_support,amplitude_modulation,0.9371278285980225
fan/train/section_00_source_train_normal_0972_spd_1.wav,in_support,frequency_modulation,0.6932745575904846
fan/train/section_00_source_train_normal_0973_spd_2.wav,in_support,amplitude_modulation,0.9109477400779724
fan/train/section_00_source_train_normal_0974_spd_3.wav,in_support,periodic_resonance,0.9883793592453003
fan/train/section_00_source_train_normal_0975_spd_1.wav,in_support,amplitude_modulation,0.8760960102081299
fan/train/section_00_source_train_normal_0976_spd_2.wav,in_support,frequency_modulation,0.9648813605308533
fan/train/section_00_source_train_normal_0977_spd_3.wav,in_support,amplitude_modulation,0.9738482236862183
fan/train/section_00_source_train_normal_0978_spd_3.wav,in_support,periodic_resonance,0.9904330968856812
fan/train/section_00_source_train_normal_0979_spd_2.wav,in_support,periodic_resonance,0.97245854139328
fan/train/section_00_source_train_normal_0980_spd_2.wav,in_support,frequency_modulation,0.9791988730430603
fan/train/section_00_source_train_normal_0981_spd_2.wav,in_support,periodic_resonance,0.9931283593177795
fan/train/section_00_source_train_normal_0982_spd_3.wav,in_support,frequency_modulation,0.8351194858551025
fan/train/section_00_source_train_normal_0983_spd_1.wav,in_support,amplitude_modulation,0.9834259748458862
fan/train/section_00_source_train_normal_0984_spd_3.wav,in_support,periodic_resonance,0.9765532612800598
fan/train/section_00_source_train_normal_0985_spd_1.wav,in_support,periodic_resonance,0.9740680456161499
fan/train/section_00_source_train_normal_0986_spd_2.wav,in_support,frequency_modulation,0.9968758821487427
fan/train/section_00_source_train_normal_0987_spd_2.wav,in_support,periodic_resonance,0.9979890584945679
fan/train/section_00_source_train_normal_0988_spd_1.wav,in_support,frequency_modulation,0.8519251942634583
fan/train/section_00_source_train_normal_0989_spd_3.wav,in_support,periodic_resonance,0.944372296333313
fan/train/section_00_target_train_normal_0000_spd_3.wav,in_support,amplitude_modulation,0.9677878618240356
fan/train/section_00_target_train_normal_0001_spd_2.wav,in_support,frequency_modulation,0.998055636882782
fan/train/section_00_target_train_normal_0002_spd_1.wav,in_support,amplitude_modulation,0.9589741230010986
fan/train/section_00_target_train_normal_0003_spd_3.wav,in_support,frequency_modulation,0.9774866104125977
fan/train/section_00_target_train_normal_0004_spd_2.wav,in_support,periodic_resonance,0.6317211389541626
fan/train/section_00_target_train_normal_0005_spd_1.wav,in_support,periodic_resonance,0.9923357963562012
fan/train/section_00_target_train_normal_0006_spd_1.wav,in_support,frequency_modulation,0.9941243529319763
fan/train/section_00_target_train_normal_0007_spd_1.wav,in_support,periodic_resonance,0.9526722431182861
fan/train/section_00_target_train_normal_0008_spd_3.wav,in_support,amplitude_modulation,0.9927197098731995
fan/train/section_00_target_train_normal_0009_spd_2.wav,in_support,frequency_modulation,0.7533556222915649
gearboxEmu/train/section_00_source_train_normal_0000_pro_A.wav,in_support,amplitude_modulation,0.9209554195404053
gearboxEmu/train/section_00_source_train_normal_0001_pro_F.wav,in_support,periodic_resonance,0.8811213970184326
gearboxEmu/train/section_00_source_train_normal_0002_pro_C.wav,in_support,frequency_modulation,0.969426691532135
gearboxEmu/train/section_00_source_train_normal_0003_pro_E.wav,in_support,amplitude_modulation,0.9219683408737183
gearboxEmu/train/section_00_source_train_normal_0004_pro_A.wav,in_support,amplitude_modulation,0.18781182169914246
gearboxEmu/train/section_00_source_train_normal_0005_pro_D.wav,in_support,periodic_resonance,0.9928607940673828
gearboxEmu/train/section_00_source_train_normal_0006_pro_F.wav,in_support,frequency_modulation,0.6437581181526184
gearboxEmu/train/section_00_source_train_normal_0007_pro_E.wav,in_support,periodic_resonance,0.986004650592804
gearboxEmu/train/section_00_source_train_normal_0008_pro_D.wav,in_support,amplitude_modulation,0.18187138438224792
gearboxEmu/train/section_00_source_train_normal_0009_pro_E.wav,in_support,amplitude_modulation,0.8182379603385925
gearboxEmu/train/section_00_source_train_normal_0010_pro_A.wav,in_support,frequency_modulation,0.9581722617149353
gearboxEmu/train/section_00_source_train_normal_0011_pro_E.wav,in_support,periodic_resonance,0.9185431599617004
gearboxEmu/train/section_00_source_train_normal_0012_pro_A.wav,in_support,frequency_modulation,0.994078516960144
gearboxEmu/train/section_00_source_train_normal_0013_pro_A.wav,in_support,periodic_resonance,0.9780858159065247
gearboxEmu/train/section_00_source_train_normal_0014_pro_A.wav,in_support,amplitude_modulation,0.990515947341919
gearboxEmu/train/section_00_source_train_normal_0015_pro_E.wav,in_support,frequency_modulation,0.9669631719589233
gearboxEmu/train/section_00_source_train_normal_0016_pro_B.wav,in_support,frequency_modulation,0.9201573729515076
gearboxEmu/train/section_00_source_train_normal_0017_pro_E.wav,in_support,frequency_modulation,0.8978237509727478
gearboxEmu/train/section_00_source_train_normal_0018_pro_C.wav,in_support,amplitude_modulation,0.953016996383667
gearboxEmu/train/section_00_source_train_normal_0019_pro_A.wav,in_support,amplitude_modulation,0.6570508480072021
gearboxEmu/train/section_00_source_train_normal_0020_pro_C.wav,in_support,amplitude_modulation,0.9843724966049194
gearboxEmu/train/section_00_source_train_normal_0021_pro_F.wav,in_support,periodic_resonance,0.8605576753616333
gearboxEmu/train/section_00_source_train_normal_0022_pro_D.wav,in_support,amplitude_modulation,0.9902247190475464
gearboxEmu/train/section_00_source_train_normal_0023_pro_A.wav,in_support,frequency_modulation,0.9787967205047607
gearboxEmu/train/section_00_source_train_normal_0024_pro_B.wav,in_support,amplitude_modulation,0.9866240620613098
gearboxEmu/train/section_00_source_train_normal_0025_pro_C.wav,in_support,periodic_resonance,0.9781398773193359
gearboxEmu/train/section_00_source_train_normal_0026_pro_C.wav,in_support,amplitude_modulation,0.9635688662528992
gearboxEmu/train/section_00_source_train_normal_0027_pro_D.wav,in_support,frequency_modulation,0.965052604675293
gearboxEmu/train/section_00_source_train_normal_0028_pro_C.wav,in_support,amplitude_modulation,0.2377583235502243
gearboxEmu/train/section_00_source_train_normal_0029_pro_D.wav,in_support,frequency_modulation,0.9952472448348999
gearboxEmu/train/section_00_source_train_normal_0030_pro_F.wav,in_support,amplitude_modulation,0.46471723914146423
gearboxEmu/train/section_00_source_train_normal_0031_pro_E.wav,in_support,frequency_modulation,0.8314326405525208
gearboxEmu/train/section_00_source_train_normal_0032_pro_C.wav,in_support,amplitude_modulation,0.7850342988967896
gearboxEmu/train/section_00_source_train_normal_0033_pro_B.wav,in_support,periodic_resonance,0.9664057493209839
gearboxEmu/train/section_00_source_train_normal_0034_pro_F.wav,in_support,frequency_modulation,0.9718272686004639
gearboxEmu/train/section_00_source_train_normal_0035_pro_D.wav,in_support,frequency_modulation,0.8142287135124207
gearboxEmu/train/section_00_source_train_normal_0036_pro_C.wav,in_support,periodic_resonance,0.9587868452072144
gearboxEmu/train/section_00_source_train_normal_0037_pro_A.wav,in_support,frequency_modulation,0.5894246101379395
gearboxEmu/train/section_00_source_train_normal_0038_pro_A.wav,in_support,frequency_modulation,0.9974507689476013
gearboxEmu/train/section_00_source_train_normal_0039_pro_B.wav,in_support,periodic_resonance,0.8618410229682922
gearboxEmu/train/section_00_source_train_normal_0040_pro_E.wav,in_support,periodic_resonance,0.9932171702384949
gearboxEmu/train/section_00_source_train_normal_0041_pro_B.wav,in_support,frequency_modulation,0.927870512008667
gearboxEmu/train/section_00_source_train_normal_0042_pro_E.wav,in_support,frequency_modulation,0.5206528902053833
gearboxEmu/train/section_00_source_train_normal_0043_pro_E.wav,in_support,amplitude_modulation,0.9507580399513245
gearboxEmu/train/section_00_source_train_normal_0044_pro_F.wav,in_support,frequency_modulation,0.9695630073547363
gearboxEmu/train/section_00_source_train_normal_0045_pro_F.wav,in_support,periodic_resonance,0.9530326724052429
gearboxEmu/train/section_00_source_train_normal_0046_pro_C.wav,in_support,amplitude_modulation,0.9877244234085083
gearboxEmu/train/section_00_source_train_normal_0047_pro_E.wav,in_support,amplitude_modulation,0.9667761921882629
gearboxEmu/train/section_00_source_train_normal_0048_pro_F.wav,in_support,periodic_resonance,0.9557380676269531
gearboxEmu/train/section_00_source_train_normal_0049_pro_A.wav,in_support,amplitude_modulation,0.8991796970367432
gearboxEmu/train/section_00_source_train_normal_0050_pro_D.wav,in_support,frequency_modulation,0.8895091414451599
gearboxEmu/train/section_00_source_train_normal_0051_pro_C.wav,in_support,frequency_modulation,0.6857602000236511
gearboxEmu/train/section_00_source_train_normal_0052_pro_F.wav,in_support,amplitude_modulation,0.20476801693439484
gearboxEmu/train/section_00_source_train_normal_0053_pro_B.wav,in_support,frequency_modulation,0.9977470636367798
gearboxEmu/train/section_00_source_train_normal_0054_pro_A.wav,in_support,periodic_resonance,0.23559866845607758
gearboxEmu/train/section_00_source_train_normal_0055_pro_D.wav,in_support,frequency_modulation,0.9961071014404297
gearboxEmu/train/section_00_source_train_normal_0056_pro_C.wav,in_support,frequency_modulation,0.5582219362258911
gearboxEmu/train/section_00_source_train_normal_0057_pro_E.wav,in_support,periodic_resonance,0.974249541759491
gearboxEmu/train/section_00_source_train_normal_0058_pro_A.wav,in_support,amplitude_modulation,0.9983968138694763
gearboxEmu/train/section_00_source_train_normal_0059_pro_B.wav,in_support,amplitude_modulation,0.03744056448340416
gearboxEmu/train/section_00_source_train_normal_0060_pro_F.wav,in_support,amplitude_modulation,0.31242021918296814
gearboxEmu/train/section_00_source_train_normal_0061_pro_D.wav,in_support,frequency_modulation,0.9846385717391968
gearboxEmu/train/section_00_source_train_normal_0062_pro_F.wav,in_support,periodic_resonance,0.9767128825187683
gearboxEmu/train/section_00_source_train_normal_0063_pro_D.wav,in_support,frequency_modulation,0.23193462193012238
gearboxEmu/train/section_00_source_train_normal_0064_pro_D.wav,in_support,amplitude_modulation,0.6752004623413086
gearboxEmu/train/section_00_source_train_normal_0065_pro_F.wav,in_support,amplitude_modulation,0.9645125269889832
gearboxEmu/train/section_00_source_train_normal_0066_pro_F.wav,in_support,frequency_modulation,0.7922104597091675
gearboxEmu/train/section_00_source_train_normal_0067_pro_C.wav,in_support,frequency_modulation,0.8319889307022095
gearboxEmu/train/section_00_source_train_normal_0068_pro_E.wav,in_support,frequency_modulation,0.9277679324150085
gearboxEmu/train/section_00_source_train_normal_0069_pro_C.wav,in_support,amplitude_modulation,0.9770254492759705
gearboxEmu/train/section_00_source_train_normal_0070_pro_D.wav,in_support,periodic_resonance,0.7816246747970581
gearboxEmu/train/section_00_source_train_normal_0071_pro_C.wav,in_support,amplitude_modulation,0.7111113667488098
gearboxEmu/train/section_00_source_train_normal_0072_pro_E.wav,in_support,periodic_resonance,0.950641393661499
gearboxEmu/train/section_00_source_train_normal_0073_pro_B.wav,in_support,periodic_resonance,0.9923967123031616
gearboxEmu/train/section_00_source_train_normal_0074_pro_E.wav,in_support,amplitude_modulation,0.9990119338035583
gearboxEmu/train/section_00_source_train_normal_0075_pro_D.wav,in_support,periodic_resonance,0.4368284046649933
gearboxEmu/train/section_00_source_train_normal_0076_pro_E.wav,in_support,periodic_resonance,0.9628255367279053
gearboxEmu/train/section_00_source_train_normal_0077_pro_D.wav,in_support,frequency_modulation,0.9087784290313721
gearboxEmu/train/section_00_source_train_normal_0078_pro_F.wav,in_support,periodic_resonance,0.9920204877853394
gearboxEmu/train/section_00_source_train_normal_0079_pro_E.wav,in_support,frequency_modulation,0.8071619868278503
gearboxEmu/train/section_00_source_train_normal_0080_pro_B.wav,in_support,frequency_modulation,0.9859851002693176
gearboxEmu/train/section_00_source_train_normal_0081_pro_D.wav,in_support,periodic_resonance,0.5631380677223206
gearboxEmu/train/section_00_source_train_normal_0082_pro_D.wav,in_support,amplitude_modulation,0.9867038130760193
gearboxEmu/train/section_00_source_train_normal_0083_pro_C.wav,in_support,amplitude_modulation,0.20271404087543488
gearboxEmu/train/section_00_source_train_normal_0084_pro_C.wav,in_support,amplitude_modulation,0.960822582244873
gearboxEmu/train/section_00_source_train_normal_0085_pro_F.wav,in_support,frequency_modulation,0.9327571988105774
gearboxEmu/train/section_00_source_train_normal_0086_pro_A.wav,in_support,periodic_resonance,0.9512937664985657
gearboxEmu/train/section_00_source_train_normal_0087_pro_D.wav,in_support,periodic_resonance,0.9490181803703308
gearboxEmu/train/section_00_source_train_normal_0088_pro_F.wav,in_support,amplitude_modulation,0.14726774394512177
gearboxEmu/train/section_00_source_train_normal_0089_pro_B.wav,in_support,frequency_modulation,0.9683418869972229
gearboxEmu/train/section_00_source_train_normal_0090_pro_F.wav,in_support,frequency_modulation,0.9396931529045105
gearboxEmu/train/section_00_source_train_normal_0091_pro_A.wav,in_support,frequency_modulation,0.9248740077018738
gearboxEmu/train/section_00_source_train_normal_0092_pro_E.wav,in_support,amplitude_modulation,0.9504945874214172
gearboxEmu/train/section_00_source_train_normal_0093_pro_F.wav,in_support,frequency_modulation,0.5582756400108337
gearboxEmu/train/section_00_source_train_normal_0094_pro_D.wav,in_support,frequency_modulation,0.793624997138977
gearboxEmu/train/section_00_source_train_normal_0095_pro_A.wav,in_support,amplitude_modulation,0.9786294102668762
gearboxEmu/train/section_00_source_train_normal_0096_pro_B.wav,in_support,frequency_modulation,0.9801961779594421
gearboxEmu/train/section_00_source_train_normal_0097_pro_E.wav,in_support,frequency_modulation,0.9738245010375977
gearboxEmu/train/section_00_source_train_normal_0098_pro_D.wav,in_support,frequency_modulation,0.9482206106185913
gearboxEmu/train/section_00_source_train_normal_0099_pro_C.wav,in_support,amplitude_modulation,0.6927598118782043
gearboxEmu/train/section_00_source_train_normal_0100_pro_E.wav,in_support,frequency_modulation,0.975095808506012
gearboxEmu/train/section_00_source_train_normal_0101_pro_C.wav,in_support,amplitude_modulation,0.8545153737068176
gearboxEmu/train/section_00_source_train_normal_0102_pro_F.wav,in_support,frequency_modulation,0.9391305446624756
gearboxEmu/train/section_00_source_train_normal_0103_pro_C.wav,in_support,periodic_resonance,0.8631603121757507
gearboxEmu/train/section_00_source_train_normal_0104_pro_F.wav,in_support,amplitude_modulation,0.9705833792686462
gearboxEmu/train/section_00_source_train_normal_0105_pro_C.wav,in_support,frequency_modulation,0.9654367566108704
gearboxEmu/train/section_00_source_train_normal_0106_pro_E.wav,in_support,amplitude_modulation,0.7493416666984558
gearboxEmu/train/section_00_source_train_normal_0107_pro_A.wav,in_support,frequency_modulation,0.8688758611679077
gearboxEmu/train/section_00_source_train_normal_0108_pro_A.wav,in_support,periodic_resonance,0.9905478358268738
gearboxEmu/train/section_00_source_train_normal_0109_pro_F.wav,in_support,amplitude_modulation,0.9073242545127869
gearboxEmu/train/section_00_source_train_normal_0110_pro_A.wav,in_support,amplitude_modulation,0.9751802086830139
gearboxEmu/train/section_00_source_train_normal_0111_pro_A.wav,in_support,amplitude_modulation,0.9724090099334717
gearboxEmu/train/section_00_source_train_normal_0112_pro_A.wav,in_support,frequency_modulation,0.35838213562965393
gearboxEmu/train/section_00_source_train_normal_0113_pro_E.wav,in_support,frequency_modulation,0.9713759422302246
gearboxEmu/train/section_00_source_train_normal_0114_pro_F.wav,in_support,amplitude_modulation,0.9589870572090149
gearboxEmu/train/section_00_source_train_normal_0115_pro_B.wav,in_support,frequency_modulation,0.9871211647987366
gearboxEmu/train/section_00_source_train_normal_0116_pro_E.wav,in_support,periodic_resonance,0.9795694947242737
gearboxEmu/train/section_00_source_train_normal_0117_pro_B.wav,in_support,frequency_modulation,0.8956104516983032
gearboxEmu/train/section_00_source_train_normal_0118_pro_B.wav,in_support,periodic_resonance,0.9346945881843567
gearboxEmu/train/section_00_source_train_normal_0119_pro_F.wav,in_support,periodic_resonance,0.8269127607345581
gearboxEmu/train/section_00_source_train_normal_0120_pro_F.wav,in_support,amplitude_modulation,0.10099759697914124
gearboxEmu/train/section_00_source_train_normal_0121_pro_D.wav,in_support,periodic_resonance,0.9356821179389954
gearboxEmu/train/section_00_source_train_normal_0122_pro_A.wav,in_support,frequency_modulation,0.9818593859672546
gearboxEmu/train/section_00_source_train_normal_0123_pro_B.wav,in_support,frequency_modulation,0.8771570920944214
gearboxEmu/train/section_00_source_train_normal_0124_pro_C.wav,in_support,frequency_modulation,0.8947082757949829
gearboxEmu/train/section_00_source_train_normal_0125_pro_D.wav,in_support,periodic_resonance,0.9989227056503296
gearboxEmu/train/section_00_source_train_normal_0126_pro_C.wav,in_support,periodic_resonance,0.36757200956344604
gearboxEmu/train/section_00_source_train_normal_0127_pro_D.wav,in_support,periodic_resonance,0.9601772427558899
gearboxEmu/train/section_00_source_train_normal_0128_pro_C.wav,in_support,frequency_modulation,0.9832140207290649
gearboxEmu/train/section_00_source_train_normal_0129_pro_F.wav,in_support,amplitude_modulation,0.6611708998680115
gearboxEmu/train/section_00_source_train_normal_0130_pro_A.wav,in_support,periodic_resonance,0.9294883608818054
gearboxEmu/train/section_00_source_train_normal_0131_pro_E.wav,in_support,frequency_modulation,0.9622677564620972
gearboxEmu/train/section_00_source_train_normal_0132_pro_E.wav,in_support,amplitude_modulation,0.10141336917877197
gearboxEmu/train/section_00_source_train_normal_0133_pro_E.wav,in_support,periodic_resonance,0.9760058522224426
gearboxEmu/train/section_00_source_train_normal_0134_pro_C.wav,in_support,amplitude_modulation,0.9980323910713196
gearboxEmu/train/section_00_source_train_normal_0135_pro_B.wav,in_support,frequency_modulation,0.9678695201873779
gearboxEmu/train/section_00_source_train_normal_0136_pro_D.wav,in_support,frequency_modulation,0.977066695690155
gearboxEmu/train/section_00_source_train_normal_0137_pro_D.wav,in_support,frequency_modulation,0.12553182244300842
gearboxEmu/train/section_00_source_train_normal_0138_pro_E.wav,in_support,periodic_resonance,0.998006284236908
gearboxEmu/train/section_00_source_train_normal_0139_pro_F.wav,in_support,amplitude_modulation,0.1831597089767456
gearboxEmu/train/section_00_source_train_normal_0140_pro_F.wav,in_support,frequency_modulation,0.9586151838302612
gearboxEmu/train/section_00_source_train_normal_0141_pro_D.wav,in_support,amplitude_modulation,0.5205836296081543
gearboxEmu/train/section_00_source_train_normal_0142_pro_F.wav,in_support,frequency_modulation,0.9424379467964172
gearboxEmu/train/section_00_source_train_normal_0143_pro_B.wav,in_support,amplitude_modulation,0.9667389392852783
gearboxEmu/train/section_00_source_train_normal_0144_pro_E.wav,in_support,frequency_modulation,0.958974301815033
gearboxEmu/train/section_00_source_train_normal_0145_pro_F.wav,in_support,frequency_modulation,0.7888844609260559
gearboxEmu/train/section_00_source_train_normal_0146_pro_C.wav,in_support,periodic_resonance,0.932523787021637
gearboxEmu/train/section_00_source_train_normal_0147_pro_D.wav,in_support,frequency_modulation,0.9685946702957153
gearboxEmu/train/section_00_source_train_normal_0148_pro_D.wav,in_support,amplitude_modulation,0.6944804787635803
gearboxEmu/train/section_00_source_train_normal_0149_pro_D.wav,in_support,amplitude_modulation,0.9927840232849121
gearboxEmu/train/section_00_source_train_normal_0150_pro_F.wav,in_support,amplitude_modulation,0.9790940880775452
gearboxEmu/train/section_00_source_train_normal_0151_pro_F.wav,in_support,amplitude_modulation,0.8067927360534668
gearboxEmu/train/section_00_source_train_normal_0152_pro_F.wav,in_support,frequency_modulation,0.5560856461524963
gearboxEmu/train/section_00_source_train_normal_0153_pro_F.wav,in_support,periodic_resonance,0.9619593024253845
gearboxEmu/train/section_00_source_train_normal_0154_pro_E.wav,in_support,periodic_resonance,0.9841762781143188
gearboxEmu/train/section_00_source_train_normal_0155_pro_B.wav,in_support,frequency_modulation,0.9765098690986633
gearboxEmu/train/section_00_source_train_normal_0156_pro_D.wav,in_support,periodic_resonance,0.9081718325614929
gearboxEmu/train/section_00_source_train_normal_0157_pro_F.wav,in_support,periodic_resonance,0.9584882855415344
gearboxEmu/train/section_00_source_train_normal_0158_pro_A.wav,in_support,amplitude_modulation,0.995686411857605
gearboxEmu/train/section_00_source_train_normal_0159_pro_C.wav,in_support,amplitude_modulation,0.9583078026771545
gearboxEmu/train/section_00_source_train_normal_0160_pro_B.wav,in_support,periodic_resonance,0.9965908527374268
gearboxEmu/train/section_00_source_train_normal_0161_pro_C.wav,in_support,frequency_modulation,0.8515910506248474
gearboxEmu/train/section_00_source_train_normal_0162_pro_E.wav,in_support,frequency_modulation,0.8897576928138733
gearboxEmu/train/section_00_source_train_normal_0163_pro_E.wav,in_support,frequency_modulation,0.9098756909370422
gearboxEmu/train/section_00_source_train_normal_0164_pro_E.wav,in_support,amplitude_modulation,0.9730432629585266
gearboxEmu/train/section_00_source_train_normal_0165_pro_C.wav,in_support,periodic_resonance,0.866057276725769
gearboxEmu/train/section_00_source_train_normal_0166_pro_D.wav,in_support,amplitude_modulation,0.32909342646598816
gearboxEmu/train/section_00_source_train_normal_0167_pro_D.wav,in_support,amplitude_modulation,0.9905195236206055
gearboxEmu/train/section_00_source_train_normal_0168_pro_B.wav,in_support,periodic_resonance,0.9671465754508972
gearboxEmu/train/section_00_source_train_normal_0169_pro_E.wav,in_support,amplitude_modulation,0.993880033493042
gearboxEmu/train/section_00_source_train_normal_0170_pro_E.wav,in_support,periodic_resonance,0.8229095935821533
gearboxEmu/train/section_00_source_train_normal_0171_pro_D.wav,in_support,periodic_resonance,0.993190586566925
gearboxEmu/train/section_00_source_train_normal_0172_pro_D.wav,in_support,periodic_resonance,0.9818791151046753
gearboxEmu/train/section_00_source_train_normal_0173_pro_B.wav,in_support,amplitude_modulation,0.9646233320236206
gearboxEmu/train/section_00_source_train_normal_0174_pro_F.wav,in_support,amplitude_modulation,0.9736301302909851
gearboxEmu/train/section_00_source_train_normal_0175_pro_C.wav,in_support,amplitude_modulation,0.9971069693565369
gearboxEmu/train/section_00_source_train_normal_0176_pro_F.wav,in_support,periodic_resonance,0.7291406393051147
gearboxEmu/train/section_00_source_train_normal_0177_pro_B.wav,in_support,amplitude_modulation,0.033894430845975876
gearboxEmu/train/section_00_source_train_normal_0178_pro_A.wav,in_support,periodic_resonance,0.955303966999054
gearboxEmu/train/section_00_source_train_normal_0179_pro_A.wav,in_support,frequency_modulation,0.9715085625648499
gearboxEmu/train/section_00_source_train_normal_0180_pro_A.wav,in_support,amplitude_modulation,0.9408876895904541
gearboxEmu/train/section_00_source_train_normal_0181_pro_F.wav,in_support,periodic_resonance,0.9602301716804504
gearboxEmu/train/section_00_source_train_normal_0182_pro_A.wav,in_support,frequency_modulation,0.9398772716522217
gearboxEmu/train/section_00_source_train_normal_0183_pro_B.wav,in_support,periodic_resonance,0.9347804188728333
gearboxEmu/train/section_00_source_train_normal_0184_pro_D.wav,in_support,frequency_modulation,0.9606181979179382
gearboxEmu/train/section_00_source_train_normal_0185_pro_A.wav,in_support,periodic_resonance,0.9372155070304871
gearboxEmu/train/section_00_source_train_normal_0186_pro_D.wav,in_support,periodic_resonance,0.859031081199646
gearboxEmu/train/section_00_source_train_normal_0187_pro_C.wav,in_support,amplitude_modulation,0.9465309381484985
gearboxEmu/train/section_00_source_train_normal_0188_pro_D.wav,in_support,periodic_resonance,0.9422686100006104
gearboxEmu/train/section_00_source_train_normal_0189_pro_A.wav,in_support,frequency_modulation,0.8999281525611877
gearboxEmu/train/section_00_source_train_normal_0190_pro_E.wav,in_support,periodic_resonance,0.5734642744064331
gearboxEmu/train/section_00_source_train_normal_0191_pro_B.wav,in_support,frequency_modulation,0.9452138543128967
gearboxEmu/train/section_00_source_train_normal_0192_pro_C.wav,in_support,amplitude_modulation,0.9693317413330078
gearboxEmu/train/section_00_source_train_normal_0193_pro_E.wav,in_support,periodic_resonance,0.977931559085846
gearboxEmu/train/section_00_source_train_normal_0194_pro_E.wav,in_support,frequency_modulation,0.8262903690338135
gearboxEmu/train/section_00_source_train_normal_0195_pro_A.wav,in_support,amplitude_modulation,0.5183351635932922
gearboxEmu/train/section_00_source_train_normal_0196_pro_B.wav,in_support,frequency_modulation,0.9286496639251709
gearboxEmu/train/section_00_source_train_normal_0197_pro_A.wav,in_support,frequency_modulation,0.9784740209579468
gearboxEmu/train/section_00_source_train_normal_0198_pro_F.wav,in_support,amplitude_modulation,0.8708890080451965
gearboxEmu/train/section_00_source_train_normal_0199_pro_B.wav,in_support,amplitude_modulation,0.9903110265731812
gearboxEmu/train/section_00_source_train_normal_0200_pro_F.wav,in_support,periodic_resonance,0.9612768888473511
gearboxEmu/train/section_00_source_train_normal_0201_pro_A.wav,in_support,frequency_modulation,0.7013193964958191
gearboxEmu/train/section_00_source_train_normal_0202_pro_F.wav,in_support,amplitude_modulation,0.9256263971328735
gearboxEmu/train/section_00_source_train_normal_0203_pro_D.wav,in_support,periodic_resonance,0.548440158367157
gearboxEmu/train/section_00_source_train_normal_0204_pro_C.wav,in_support,periodic_resonance,0.9459300637245178
gearboxEmu/train/section_00_source_train_normal_0205_pro_F.wav,in_support,periodic_resonance,0.9746847748756409
gearboxEmu/train/section_00_source_train_normal_0206_pro_B.wav,in_support,amplitude_modulation,0.9964589476585388
gearboxEmu/train/section_00_source_train_normal_0207_pro_F.wav,in_support,amplitude_modulation,0.25604820251464844
gearboxEmu/train/section_00_source_train_normal_0208_pro_D.wav,in_support,periodic_resonance,0.9176586866378784
gearboxEmu/train/section_00_source_train_normal_0209_pro_E.wav,in_support,periodic_resonance,0.9735857248306274
gearboxEmu/train/section_00_source_train_normal_0210_pro_D.wav,in_support,frequency_modulation,0.7840566039085388
gearboxEmu/train/section_00_source_train_normal_0211_pro_D.wav,in_support,periodic_resonance,0.9966185092926025
gearboxEmu/train/section_00_source_train_normal_0212_pro_E.wav,in_support,periodic_resonance,0.5827951431274414
gearboxEmu/train/section_00_source_train_normal_0213_pro_E.wav,in_support,frequency_modulation,0.8862154483795166
gearboxEmu/train/section_00_source_train_normal_0214_pro_C.wav,in_support,frequency_modulation,0.9644052386283875
gearboxEmu/train/section_00_source_train_normal_0215_pro_B.wav,in_support,amplitude_modulation,0.4571620523929596
gearboxEmu/train/section_00_source_train_normal_0216_pro_D.wav,in_support,amplitude_modulation,0.21626847982406616
gearboxEmu/train/section_00_source_train_normal_0217_pro_E.wav,in_support,frequency_modulation,0.9937959909439087
gearboxEmu/train/section_00_source_train_normal_0218_pro_F.wav,in_support,periodic_resonance,0.7344719767570496
gearboxEmu/train/section_00_source_train_normal_0219_pro_A.wav,in_support,periodic_resonance,0.9696379899978638
gearboxEmu/train/section_00_source_train_normal_0220_pro_A.wav,in_support,amplitude_modulation,0.9942442774772644
gearboxEmu/train/section_00_source_train_normal_0221_pro_A.wav,in_support,periodic_resonance,0.9827582836151123
gearboxEmu/train/section_00_source_train_normal_0222_pro_D.wav,in_support,frequency_modulation,0.28771141171455383
gearboxEmu/train/section_00_source_train_normal_0223_pro_C.wav,in_support,amplitude_modulation,0.9340195059776306
gearboxEmu/train/section_00_source_train_normal_0224_pro_F.wav,in_support,frequency_modulation,0.9722930788993835
gearboxEmu/train/section_00_source_train_normal_0225_pro_B.wav,in_support,frequency_modulation,0.8325057625770569
gearboxEmu/train/section_00_source_train_normal_0226_pro_E.wav,in_support,frequency_modulation,0.9953179955482483
gearboxEmu/train/section_00_source_train_normal_0227_pro_B.wav,in_support,periodic_resonance,0.6751740574836731
gearboxEmu/train/section_00_source_train_normal_0228_pro_A.wav,in_support,periodic_resonance,0.9754709005355835
gearboxEmu/train/section_00_source_train_normal_0229_pro_C.wav,in_support,periodic_resonance,0.8583184480667114
gearboxEmu/train/section_00_source_train_normal_0230_pro_A.wav,in_support,periodic_resonance,0.980918824672699
gearboxEmu/train/section_00_source_train_normal_0231_pro_F.wav,in_support,frequency_modulation,0.9377073645591736
gearboxEmu/train/section_00_source_train_normal_0232_pro_A.wav,in_support,amplitude_modulation,0.2826181948184967
gearboxEmu/train/section_00_source_train_normal_0233_pro_C.wav,in_support,frequency_modulation,0.9766210317611694
gearboxEmu/train/section_00_source_train_normal_0234_pro_A.wav,in_support,frequency_modulation,0.8901069760322571
gearboxEmu/train/section_00_source_train_normal_0235_pro_F.wav,in_support,periodic_resonance,0.46592220664024353
gearboxEmu/train/section_00_source_train_normal_0236_pro_B.wav,in_support,periodic_resonance,0.9863234162330627
gearboxEmu/train/section_00_source_train_normal_0237_pro_A.wav,in_support,amplitude_modulation,0.9827533960342407
gearboxEmu/train/section_00_source_train_normal_0238_pro_F.wav,in_support,amplitude_modulation,0.9265393018722534
gearboxEmu/train/section_00_source_train_normal_0239_pro_F.wav,in_support,frequency_modulation,0.969048023223877
gearboxEmu/train/section_00_source_train_normal_0240_pro_F.wav,in_support,amplitude_modulation,0.6689504981040955
gearboxEmu/train/section_00_source_train_normal_0241_pro_D.wav,in_support,periodic_resonance,0.919775128364563
gearboxEmu/train/section_00_source_train_normal_0242_pro_C.wav,in_support,amplitude_modulation,0.9903988242149353
gearboxEmu/train/section_00_source_train_normal_0243_pro_E.wav,in_support,frequency_modulation,0.9944302439689636
gearboxEmu/train/section_00_source_train_normal_0244_pro_C.wav,in_support,frequency_modulation,0.8426293134689331
gearboxEmu/train/section_00_source_train_normal_0245_pro_C.wav,in_support,amplitude_modulation,0.6459945440292358
gearboxEmu/train/section_00_source_train_normal_0246_pro_B.wav,in_support,frequency_modulation,0.9286902546882629
gearboxEmu/train/section_00_source_train_normal_0247_pro_F.wav,in_support,amplitude_modulation,0.9927090406417847
gearboxEmu/train/section_00_source_train_normal_0248_pro_E.wav,in_support,periodic_resonance,0.9801509380340576
gearboxEmu/train/section_00_source_train_normal_0249_pro_E.wav,in_support,periodic_resonance,0.4638129472732544
gearboxEmu/train/section_00_source_train_normal_0250_pro_A.wav,in_support,periodic_resonance,0.997565507888794
gearboxEmu/train/section_00_source_train_normal_0251_pro_A.wav,in_support,periodic_resonance,0.9041413068771362
gearboxEmu/train/section_00_source_train_normal_0252_pro_D.wav,in_support,amplitude_modulation,0.35366493463516235
gearboxEmu/train/section_00_source_train_normal_0253_pro_F.wav,in_support,amplitude_modulation,0.9912869930267334
gearboxEmu/train/section_00_source_train_normal_0254_pro_A.wav,in_support,periodic_resonance,0.9154165387153625
gearboxEmu/train/section_00_source_train_normal_0255_pro_B.wav,in_support,periodic_resonance,0.9823354482650757
gearboxEmu/train/section_00_source_train_normal_0256_pro_C.wav,in_support,frequency_modulation,0.3360215127468109
gearboxEmu/train/section_00_source_train_normal_0257_pro_E.wav,in_support,amplitude_modulation,0.9945478439331055
gearboxEmu/train/section_00_source_train_normal_0258_pro_D.wav,in_support,frequency_modulation,0.9892982840538025
gearboxEmu/train/section_00_source_train_normal_0259_pro_F.wav,in_support,frequency_modulation,0.9293107390403748
gearboxEmu/train/section_00_source_train_normal_0260_pro_C.wav,in_support,amplitude_modulation,0.7298994064331055
gearboxEmu/train/section_00_source_train_normal_0261_pro_F.wav,in_support,frequency_modulation,0.9845813512802124
gearboxEmu/train/section_00_source_train_normal_0262_pro_C.wav,in_support,frequency_modulation,0.8035978078842163
gearboxEmu/train/section_00_source_train_normal_0263_pro_E.wav,in_support,periodic_resonance,0.9926313757896423
gearboxEmu/train/section_00_source_train_normal_0264_pro_E.wav,in_support,amplitude_modulation,0.9942611455917358
gearboxEmu/train/section_00_source_train_normal_0265_pro_B.wav,in_support,frequency_modulation,0.9963641166687012
gearboxEmu/train/section_00_source_train_normal_0266_pro_D.wav,in_support,amplitude_modulation,0.9892995953559875
gearboxEmu/train/section_00_source_train_normal_0267_pro_A.wav,in_support,amplitude_modulation,0.15498672425746918
gearboxEmu/train/section_00_source_train_normal_0268_pro_A.wav,in_support,frequency_modulation,0.8178765177726746
gearboxEmu/train/section_00_source_train_normal_0269_pro_E.wav,in_support,frequency_modulation,0.8926443457603455
gearboxEmu/train/section_00_source_train_normal_0270_pro_B.wav,in_support,amplitude_modulation,0.605980634689331
gearboxEmu/train/section_00_source_train_normal_0271_pro_D.wav,in_support,frequency_modulation,0.9786468744277954
gearboxEmu/train/section_00_source_train_normal_0272_pro_C.wav,in_support,frequency_modulation,0.8770227432250977
gearboxEmu/train/section_00_source_train_normal_0273_pro_B.wav,in_support,periodic_resonance,0.9542689919471741
gearboxEmu/train/section_00_source_train_normal_0274_pro_A.wav,in_support,frequency_modulation,0.7833930253982544
gearboxEmu/train/section_00_source_train_normal_0275_pro_D.wav,in_support,amplitude_modulation,0.9948875308036804
gearboxEmu/train/section_00_source_train_normal_0276_pro_C.wav,in_support,frequency_modulation,0.31216758489608765
gearboxEmu/train/section_00_source_train_normal_0277_pro_D.wav,in_support,frequency_modulation,0.9287911057472229
gearboxEmu/train/section_00_source_train_normal_0278_pro_E.wav,in_support,amplitude_modulation,0.9246652126312256
gearboxEmu/train/section_00_source_train_normal_0279_pro_F.wav,in_support,amplitude_modulation,0.8264861702919006
gearboxEmu/train/section_00_source_train_normal_0280_pro_A.wav,in_support,frequency_modulation,0.9801724553108215
gearboxEmu/train/section_00_source_train_normal_0281_pro_D.wav,in_support,periodic_resonance,0.8856859803199768
gearboxEmu/train/section_00_source_train_normal_0282_pro_D.wav,in_support,amplitude_modulation,0.15278981626033783
gearboxEmu/train/section_00_source_train_normal_0283_pro_C.wav,in_support,amplitude_modulation,0.9448848366737366
gearboxEmu/train/section_00_source_train_normal_0284_pro_F.wav,in_support,frequency_modulation,0.9827466607093811
gearboxEmu/train/section_00_source_train_normal_0285_pro_D.wav,in_support,frequency_modulation,0.8848766088485718
gearboxEmu/train/section_00_source_train_normal_0286_pro_D.wav,in_support,periodic_resonance,0.2936670780181885
gearboxEmu/train/section_00_source_train_normal_0287_pro_D.wav,in_support,frequency_modulation,0.8323420286178589
gearboxEmu/train/section_00_source_train_normal_0288_pro_A.wav,in_support,periodic_resonance,0.9912192225456238
gearboxEmu/train/section_00_source_train_normal_0289_pro_B.wav,in_support,periodic_resonance,0.9834375977516174
gearboxEmu/train/section_00_source_train_normal_0290_pro_C.wav,in_support,frequency_modulation,0.9418577551841736
gearboxEmu/train/section_00_source_train_normal_0291_pro_B.wav,in_support,amplitude_modulation,0.9960096478462219
gearboxEmu/train/section_00_source_train_normal_0292_pro_A.wav,in_support,periodic_resonance,0.8584412932395935
gearboxEmu/train/section_00_source_train_normal_0293_pro_B.wav,in_support,periodic_resonance,0.9837632775306702
gearboxEmu/train/section_00_source_train_normal_0294_pro_D.wav,in_support,amplitude_modulation,0.1920095980167389
gearboxEmu/train/section_00_source_train_normal_0295_pro_F.wav,in_support,amplitude_modulation,0.6737250089645386
gearboxEmu/train/section_00_source_train_normal_0296_pro_F.wav,in_support,frequency_modulation,0.9628972411155701
gearboxEmu/train/section_00_source_train_normal_0297_pro_B.wav,in_support,amplitude_modulation,0.7733516693115234
gearboxEmu/train/section_00_source_train_normal_0298_pro_C.wav,in_support,periodic_resonance,0.8462851047515869
gearboxEmu/train/section_00_source_train_normal_0299_pro_D.wav,in_support,periodic_resonance,0.9015132188796997
gearboxEmu/train/section_00_source_train_normal_0300_pro_B.wav,in_support,amplitude_modulation,0.2294090837240219
gearboxEmu/train/section_00_source_train_normal_0301_pro_D.wav,in_support,periodic_resonance,0.4901013970375061
gearboxEmu/train/section_00_source_train_normal_0302_pro_F.wav,in_support,amplitude_modulation,0.9675742387771606
gearboxEmu/train/section_00_source_train_normal_0303_pro_F.wav,in_support,periodic_resonance,0.9805812835693359
gearboxEmu/train/section_00_source_train_normal_0304_pro_B.wav,in_support,frequency_modulation,0.9961153268814087
gearboxEmu/train/section_00_source_train_normal_0305_pro_C.wav,in_support,frequency_modulation,0.9624915719032288
gearboxEmu/train/section_00_source_train_normal_0306_pro_D.wav,in_support,frequency_modulation,0.9796963334083557
gearboxEmu/train/section_00_source_train_normal_0307_pro_C.wav,in_support,frequency_modulation,0.9553501009941101
gearboxEmu/train/section_00_source_train_normal_0308_pro_E.wav,in_support,amplitude_modulation,0.6987541913986206
gearboxEmu/train/section_00_source_train_normal_0309_pro_C.wav,in_support,amplitude_modulation,0.9070790410041809
gearboxEmu/train/section_00_source_train_normal_0310_pro_E.wav,in_support,frequency_modulation,0.9414907097816467
gearboxEmu/train/section_00_source_train_normal_0311_pro_D.wav,in_support,periodic_resonance,0.933728814125061
gearboxEmu/train/section_00_source_train_normal_0312_pro_E.wav,in_support,amplitude_modulation,0.9776681065559387
gearboxEmu/train/section_00_source_train_normal_0313_pro_C.wav,in_support,amplitude_modulation,0.9693954586982727
gearboxEmu/train/section_00_source_train_normal_0314_pro_E.wav,in_support,frequency_modulation,0.8923720121383667
gearboxEmu/train/section_00_source_train_normal_0315_pro_D.wav,in_support,frequency_modulation,0.9913483262062073
gearboxEmu/train/section_00_source_train_normal_0316_pro_C.wav,in_support,periodic_resonance,0.9720924496650696
gearboxEmu/train/section_00_source_train_normal_0317_pro_A.wav,in_support,periodic_resonance,0.4127672016620636
gearboxEmu/train/section_00_source_train_normal_0318_pro_E.wav,in_support,periodic_resonance,0.8750850558280945
gearboxEmu/train/section_00_source_train_normal_0319_pro_A.wav,in_support,periodic_resonance,0.9970450401306152
gearboxEmu/train/section_00_source_train_normal_0320_pro_A.wav,in_support,frequency_modulation,0.7367021441459656
gearboxEmu/train/section_00_source_train_normal_0321_pro_F.wav,in_support,frequency_modulation,0.9163897633552551
gearboxEmu/train/section_00_source_train_normal_0322_pro_F.wav,in_support,frequency_modulation,0.9627348184585571
gearboxEmu/train/section_00_source_train_normal_0323_pro_D.wav,in_support,amplitude_modulation,0.21252478659152985
gearboxEmu/train/section_00_source_train_normal_0324_pro_F.wav,in_support,amplitude_modulation,0.9902048707008362
gearboxEmu/train/section_00_source_train_normal_0325_pro_C.wav,in_support,frequency_modulation,0.7373091578483582
gearboxEmu/train/section_00_source_train_normal_0326_pro_B.wav,in_support,frequency_modulation,0.9952452778816223
gearboxEmu/train/section_00_source_train_normal_0327_pro_B.wav,in_support,frequency_modulation,0.22951234877109528
gearboxEmu/train/section_00_source_train_normal_0328_pro_F.wav,in_support,periodic_resonance,0.9930146932601929
gearboxEmu/train/section_00_source_train_normal_0329_pro_D.wav,in_support,frequency_modulation,0.9556350708007812
gearboxEmu/train/section_00_source_train_normal_0330_pro_A.wav,in_support,periodic_resonance,0.9858429431915283
gearboxEmu/train/section_00_source_train_normal_0331_pro_A.wav,in_support,amplitude_modulation,0.9858558177947998
gearboxEmu/train/section_00_source_train_normal_0332_pro_A.wav,in_support,frequency_modulation,0.6755014061927795
gearboxEmu/train/section_00_source_train_normal_0333_pro_A.wav,in_support,periodic_resonance,0.991349995136261
gearboxEmu/train/section_00_source_train_normal_0334_pro_F.wav,in_support,periodic_resonance,0.682101845741272
gearboxEmu/train/section_00_source_train_normal_0335_pro_D.wav,in_support,amplitude_modulation,0.9629396796226501
gearboxEmu/train/section_00_source_train_normal_0336_pro_A.wav,in_support,periodic_resonance,0.9427396655082703
gearboxEmu/train/section_00_source_train_normal_0337_pro_A.wav,in_support,frequency_modulation,0.9501720070838928
gearboxEmu/train/section_00_source_train_normal_0338_pro_D.wav,in_support,amplitude_modulation,0.9881991147994995
gearboxEmu/train/section_00_source_train_normal_0339_pro_A.wav,in_support,periodic_resonance,0.9142018556594849
gearboxEmu/train/section_00_source_train_normal_0340_pro_E.wav,in_support,frequency_modulation,0.9554473161697388
gearboxEmu/train/section_00_source_train_normal_0341_pro_F.wav,in_support,periodic_resonance,0.9819687008857727
gearboxEmu/train/section_00_source_train_normal_0342_pro_C.wav,in_support,amplitude_modulation,0.8572209477424622
gearboxEmu/train/section_00_source_train_normal_0343_pro_A.wav,in_support,periodic_resonance,0.9930943250656128
gearboxEmu/train/section_00_source_train_normal_0344_pro_C.wav,in_support,frequency_modulation,0.9360888004302979
gearboxEmu/train/section_00_source_train_normal_0345_pro_E.wav,in_support,periodic_resonance,0.9761497378349304
gearboxEmu/train/section_00_source_train_normal_0346_pro_D.wav,in_support,amplitude_modulation,0.9881824254989624
gearboxEmu/train/section_00_source_train_normal_0347_pro_C.wav,in_support,frequency_modulation,0.9715547561645508
gearboxEmu/train/section_00_source_train_normal_0348_pro_F.wav,in_support,periodic_resonance,0.9924604296684265
gearboxEmu/train/section_00_source_train_normal_0349_pro_E.wav,in_support,periodic_resonance,0.9775196313858032
gearboxEmu/train/section_00_source_train_normal_0350_pro_C.wav,in_support,frequency_modulation,0.6270243525505066
gearboxEmu/train/section_00_source_train_normal_0351_pro_C.wav,in_support,amplitude_modulation,0.7003786563873291
gearboxEmu/train/section_00_source_train_normal_0352_pro_C.wav,in_support,frequency_modulation,0.9576193690299988
gearboxEmu/train/section_00_source_train_normal_0353_pro_B.wav,in_support,frequency_modulation,0.8807889819145203
gearboxEmu/train/section_00_source_train_normal_0354_pro_F.wav,in_support,amplitude_modulation,0.9748702645301819
gearboxEmu/train/section_00_source_train_normal_0355_pro_A.wav,in_support,frequency_modulation,0.891748309135437
gearboxEmu/train/section_00_source_train_normal_0356_pro_D.wav,in_support,frequency_modulation,0.9404060244560242
gearboxEmu/train/section_00_source_train_normal_0357_pro_D.wav,in_support,periodic_resonance,0.9466211795806885
gearboxEmu/train/section_00_source_train_normal_0358_pro_A.wav,in_support,periodic_resonance,0.7783273458480835
gearboxEmu/train/section_00_source_train_normal_0359_pro_A.wav,in_support,periodic_resonance,0.9748294353485107
gearboxEmu/train/section_00_source_train_normal_0360_pro_C.wav,in_support,amplitude_modulation,0.9574001431465149
gearboxEmu/train/section_00_source_train_normal_0361_pro_E.wav,in_support,amplitude_modulation,0.9430973529815674
gearboxEmu/train/section_00_source_train_normal_0362_pro_C.wav,in_support,periodic_resonance,0.9592105150222778
gearboxEmu/train/section_00_source_train_normal_0363_pro_D.wav,in_support,frequency_modulation,0.9863325953483582
gearboxEmu/train/section_00_source_train_normal_0364_pro_A.wav,in_support,periodic_resonance,0.9994593858718872
gearboxEmu/train/section_00_source_train_normal_0365_pro_B.wav,in_support,frequency_modulation,0.46150830388069153
gearboxEmu/train/section_00_source_train_normal_0366_pro_D.wav,in_support,amplitude_modulation,0.9836750626564026
gearboxEmu/train/section_00_source_train_normal_0367_pro_A.wav,in_support,frequency_modulation,0.7796209454536438
gearboxEmu/train/section_00_source_train_normal_0368_pro_D.wav,in_support,frequency_modulation,0.9352317452430725
gearboxEmu/train/section_00_source_train_normal_0369_pro_C.wav,in_support,periodic_resonance,0.8204103708267212
gearboxEmu/train/section_00_source_train_normal_0370_pro_C.wav,in_support,amplitude_modulation,0.9462133646011353
gearboxEmu/train/section_00_source_train_normal_0371_pro_B.wav,in_support,amplitude_modulation,0.5788447260856628
gearboxEmu/train/section_00_source_train_normal_0372_pro_C.wav,in_support,amplitude_modulation,0.33369630575180054
gearboxEmu/train/section_00_source_train_normal_0373_pro_F.wav,in_support,frequency_modulation,0.9843882322311401
gearboxEmu/train/section_00_source_train_normal_0374_pro_B.wav,in_support,amplitude_modulation,0.9537785649299622
gearboxEmu/train/section_00_source_train_normal_0375_pro_E.wav,in_support,frequency_modulation,0.9552252888679504
gearboxEmu/train/section_00_source_train_normal_0376_pro_B.wav,in_support,periodic_resonance,0.4436250627040863
gearboxEmu/train/section_00_source_train_normal_0377_pro_E.wav,in_support,amplitude_modulation,0.9918258190155029
gearboxEmu/train/section_00_source_train_normal_0378_pro_B.wav,in_support,periodic_resonance,0.9878860712051392
gearboxEmu/train/section_00_source_train_normal_0379_pro_D.wav,in_support,amplitude_modulation,0.9986604452133179
gearboxEmu/train/section_00_source_train_normal_0380_pro_C.wav,in_support,amplitude_modulation,0.568965494632721
gearboxEmu/train/section_00_source_train_normal_0381_pro_A.wav,in_support,frequency_modulation,0.9368206858634949
gearboxEmu/train/section_00_source_train_normal_0382_pro_D.wav,in_support,frequency_modulation,0.853050708770752
gearboxEmu/train/section_00_source_train_normal_0383_pro_E.wav,in_support,amplitude_modulation,0.9377357959747314
gearboxEmu/train/section_00_source_train_normal_0384_pro_A.wav,in_support,periodic_resonance,0.9963326454162598
gearboxEmu/train/section_00_source_train_normal_0385_pro_D.wav,in_support,periodic_resonance,0.8247383832931519
gearboxEmu/train/section_00_source_train_normal_0386_pro_F.wav,in_support,frequency_modulation,0.9267791509628296
gearboxEmu/train/section_00_source_train_normal_0387_pro_A.wav,in_support,periodic_resonance,0.9798839092254639
gearboxEmu/train/section_00_source_train_normal_0388_pro_D.wav,in_support,periodic_resonance,0.9962084293365479
gearboxEmu/train/section_00_source_train_normal_0389_pro_D.wav,in_support,amplitude_modulation,0.9838255643844604
gearboxEmu/train/section_00_source_train_normal_0390_pro_A.wav,in_support,amplitude_modulation,0.9797699451446533
gearboxEmu/train/section_00_source_train_normal_0391_pro_F.wav,in_support,frequency_modulation,0.8408300280570984
gearboxEmu/train/section_00_source_train_normal_0392_pro_E.wav,in_support,frequency_modulation,0.9237619042396545
gearboxEmu/train/section_00_source_train_normal_0393_pro_B.wav,in_support,frequency_modulation,0.9526711702346802
gearboxEmu/train/section_00_source_train_normal_0394_pro_A.wav,in_support,frequency_modulation,0.8986750245094299
gearboxEmu/train/section_00_source_train_normal_0395_pro_B.wav,in_support,frequency_modulation,0.20138350129127502
gearboxEmu/train/section_00_source_train_normal_0396_pro_F.wav,in_support,amplitude_modulation,0.4597027897834778
gearboxEmu/train/section_00_source_train_normal_0397_pro_D.wav,in_support,frequency_modulation,0.9984173774719238
gearboxEmu/train/section_00_source_train_normal_0398_pro_D.wav,in_support,frequency_modulation,0.999980092048645
gearboxEmu/train/section_00_source_train_normal_0399_pro_B.wav,in_support,frequency_modulation,0.38367000222206116
gearboxEmu/train/section_00_source_train_normal_0400_pro_E.wav,in_support,amplitude_modulation,0.1141609251499176
gearboxEmu/train/section_00_source_train_normal_0401_pro_F.wav,in_support,amplitude_modulation,0.9827219843864441
gearboxEmu/train/section_00_source_train_normal_0402_pro_A.wav,in_support,periodic_resonance,0.6839330792427063
gearboxEmu/train/section_00_source_train_normal_0403_pro_E.wav,in_support,frequency_modulation,0.32140547037124634
gearboxEmu/train/section_00_source_train_normal_0404_pro_C.wav,in_support,amplitude_modulation,0.947956383228302
gearboxEmu/train/section_00_source_train_normal_0405_pro_D.wav,in_support,frequency_modulation,0.8706495761871338
gearboxEmu/train/section_00_source_train_normal_0406_pro_E.wav,in_support,amplitude_modulation,0.9635266065597534
gearboxEmu/train/section_00_source_train_normal_0407_pro_F.wav,in_support,periodic_resonance,0.9921298623085022
gearboxEmu/train/section_00_source_train_normal_0408_pro_F.wav,in_support,periodic_resonance,0.8629434704780579
gearboxEmu/train/section_00_source_train_normal_0409_pro_A.wav,in_support,periodic_resonance,0.9522640109062195
gearboxEmu/train/section_00_source_train_normal_0410_pro_D.wav,in_support,periodic_resonance,0.9972122311592102
gearboxEmu/train/section_00_source_train_normal_0411_pro_E.wav,in_support,frequency_modulation,0.9957355260848999
gearboxEmu/train/section_00_source_train_normal_0412_pro_B.wav,in_support,periodic_resonance,0.9538071155548096
gearboxEmu/train/section_00_source_train_normal_0413_pro_B.wav,in_support,amplitude_modulation,0.1251748502254486
gearboxEmu/train/section_00_source_train_normal_0414_pro_C.wav,in_support,amplitude_modulation,0.960708498954773
gearboxEmu/train/section_00_source_train_normal_0415_pro_E.wav,in_support,frequency_modulation,0.996968150138855
gearboxEmu/train/section_00_source_train_normal_0416_pro_B.wav,in_support,amplitude_modulation,0.4844892621040344
gearboxEmu/train/section_00_source_train_normal_0417_pro_F.wav,in_support,amplitude_modulation,0.5655634999275208
gearboxEmu/train/section_00_source_train_normal_0418_pro_C.wav,in_support,frequency_modulation,0.8831278085708618
gearboxEmu/train/section_00_source_train_normal_0419_pro_B.wav,in_support,frequency_modulation,0.9089323282241821
gearboxEmu/train/section_00_source_train_normal_0420_pro_C.wav,in_support,periodic_resonance,0.8649728298187256
gearboxEmu/train/section_00_source_train_normal_0421_pro_A.wav,in_support,frequency_modulation,0.9752786159515381
gearboxEmu/train/section_00_source_train_normal_0422_pro_A.wav,in_support,frequency_modulation,0.3992738127708435
gearboxEmu/train/section_00_source_train_normal_0423_pro_A.wav,in_support,periodic_resonance,0.9906682372093201
gearboxEmu/train/section_00_source_train_normal_0424_pro_B.wav,in_support,frequency_modulation,0.9281511902809143
gearboxEmu/train/section_00_source_train_normal_0425_pro_A.wav,in_support,periodic_resonance,0.9441085457801819
gearboxEmu/train/section_00_source_train_normal_0426_pro_A.wav,in_support,periodic_resonance,0.957297682762146
gearboxEmu/train/section_00_source_train_normal_0427_pro_E.wav,in_support,amplitude_modulation,0.9094939231872559
gearboxEmu/train/section_00_source_train_normal_0428_pro_E.wav,in_support,amplitude_modulation,0.8944101929664612
gearboxEmu/train/section_00_source_train_normal_0429_pro_A.wav,in_support,periodic_resonance,0.9824396371841431
gearboxEmu/train/section_00_source_train_normal_0430_pro_B.wav,in_support,frequency_modulation,0.8528279662132263
gearboxEmu/train/section_00_source_train_normal_0431_pro_D.wav,in_support,amplitude_modulation,0.07726278901100159
gearboxEmu/train/section_00_source_train_normal_0432_pro_C.wav,in_support,periodic_resonance,0.8297751545906067
gearboxEmu/train/section_00_source_train_normal_0433_pro_C.wav,in_support,periodic_resonance,0.9564687609672546
gearboxEmu/train/section_00_source_train_normal_0434_pro_D.wav,in_support,periodic_resonance,0.136078879237175
gearboxEmu/train/section_00_source_train_normal_0435_pro_C.wav,in_support,periodic_resonance,0.9275485277175903
gearboxEmu/train/section_00_source_train_normal_0436_pro_B.wav,in_support,periodic_resonance,0.9819909930229187
gearboxEmu/train/section_00_source_train_normal_0437_pro_B.wav,in_support,amplitude_modulation,0.06360235810279846
gearboxEmu/train/section_00_source_train_normal_0438_pro_C.wav,in_support,periodic_resonance,0.9457119703292847
gearboxEmu/train/section_00_source_train_normal_0439_pro_A.wav,in_support,amplitude_modulation,0.25704604387283325
gearboxEmu/train/section_00_source_train_normal_0440_pro_B.wav,in_support,amplitude_modulation,0.9756656289100647
gearboxEmu/train/section_00_source_train_normal_0441_pro_C.wav,in_support,frequency_modulation,0.6647223830223083
gearboxEmu/train/section_00_source_train_normal_0442_pro_C.wav,in_support,amplitude_modulation,0.8440276384353638
gearboxEmu/train/section_00_source_train_normal_0443_pro_F.wav,in_support,periodic_resonance,0.9140616655349731
gearboxEmu/train/section_00_source_train_normal_0444_pro_E.wav,in_support,amplitude_modulation,0.44915688037872314
gearboxEmu/train/section_00_source_train_normal_0445_pro_A.wav,in_support,frequency_modulation,0.9856400489807129
gearboxEmu/train/section_00_source_train_normal_0446_pro_C.wav,in_support,periodic_resonance,0.9795434474945068
gearboxEmu/train/section_00_source_train_normal_0447_pro_A.wav,in_support,frequency_modulation,0.8960356116294861
gearboxEmu/train/section_00_source_train_normal_0448_pro_F.wav,in_support,amplitude_modulation,0.2669326066970825
gearboxEmu/train/section_00_source_train_normal_0449_pro_A.wav,in_support,frequency_modulation,0.8830065131187439
gearboxEmu/train/section_00_source_train_normal_0450_pro_D.wav,in_support,periodic_resonance,0.9899872541427612
gearboxEmu/train/section_00_source_train_normal_0451_pro_D.wav,in_support,frequency_modulation,0.9543324708938599
gearboxEmu/train/section_00_source_train_normal_0452_pro_D.wav,in_support,frequency_modulation,0.9054312109947205
gearboxEmu/train/section_00_source_train_normal_0453_pro_E.wav,in_support,amplitude_modulation,0.06570464372634888
gearboxEmu/train/section_00_source_train_normal_0454_pro_E.wav,in_support,frequency_modulation,0.9499727487564087
gearboxEmu/train/section_00_source_train_normal_0455_pro_C.wav,in_support,frequency_modulation,0.8934655785560608
gearboxEmu/train/section_00_source_train_normal_0456_pro_C.wav,in_support,periodic_resonance,0.42722463607788086
gearboxEmu/train/section_00_source_train_normal_0457_pro_F.wav,in_support,amplitude_modulation,0.9269955158233643
gearboxEmu/train/section_00_source_train_normal_0458_pro_B.wav,in_support,periodic_resonance,0.8198941946029663
gearboxEmu/train/section_00_source_train_normal_0459_pro_A.wav,in_support,amplitude_modulation,0.9597267508506775
gearboxEmu/train/section_00_source_train_normal_0460_pro_F.wav,in_support,frequency_modulation,0.9453369379043579
gearboxEmu/train/section_00_source_train_normal_0461_pro_B.wav,in_support,frequency_modulation,0.9853454232215881
gearboxEmu/train/section_00_source_train_normal_0462_pro_A.wav,in_support,amplitude_modulation,0.0449141226708889
gearboxEmu/train/section_00_source_train_normal_0463_pro_F.wav,in_support,periodic_resonance,0.8429366946220398
gearboxEmu/train/section_00_source_train_normal_0464_pro_F.wav,in_support,frequency_modulation,0.9923296570777893
gearboxEmu/train/section_00_source_train_normal_0465_pro_B.wav,in_support,periodic_resonance,0.8261017203330994
gearboxEmu/train/section_00_source_train_normal_0466_pro_F.wav,in_support,amplitude_modulation,0.9767817258834839
gearboxEmu/train/section_00_source_train_normal_0467_pro_E.wav,in_support,frequency_modulation,0.9908458590507507
gearboxEmu/train/section_00_source_train_normal_0468_pro_D.wav,in_support,periodic_resonance,0.9490008354187012
gearboxEmu/train/section_00_source_train_normal_0469_pro_B.wav,in_support,amplitude_modulation,0.056897278875112534
gearboxEmu/train/section_00_source_train_normal_0470_pro_D.wav,in_support,amplitude_modulation,0.9709081053733826
gearboxEmu/train/section_00_source_train_normal_0471_pro_B.wav,in_support,frequency_modulation,0.9965692162513733
gearboxEmu/train/section_00_source_train_normal_0472_pro_A.wav,in_support,periodic_resonance,0.9976071119308472
gearboxEmu/train/section_00_source_train_normal_0473_pro_C.wav,in_support,frequency_modulation,0.8916671276092529
gearboxEmu/train/section_00_source_train_normal_0474_pro_F.wav,in_support,frequency_modulation,0.9426162242889404
gearboxEmu/train/section_00_source_train_normal_0475_pro_B.wav,in_support,frequency_modulation,0.39851394295692444
gearboxEmu/train/section_00_source_train_normal_0476_pro_B.wav,in_support,periodic_resonance,0.9905166625976562
gearboxEmu/train/section_00_source_train_normal_0477_pro_E.wav,in_support,amplitude_modulation,0.10411941260099411
gearboxEmu/train/section_00_source_train_normal_0478_pro_D.wav,in_support,periodic_resonance,0.979309618473053
gearboxEmu/train/section_00_source_train_normal_0479_pro_B.wav,in_support,amplitude_modulation,0.9050203561782837
gearboxEmu/train/section_00_source_train_normal_0480_pro_C.wav,in_support,periodic_resonance,0.9266347289085388
gearboxEmu/train/section_00_source_train_normal_0481_pro_A.wav,in_support,frequency_modulation,0.9709208011627197
gearboxEmu/train/section_00_source_train_normal_0482_pro_C.wav,in_support,amplitude_modulation,0.832138180732727
gearboxEmu/train/section_00_source_train_normal_0483_pro_C.wav,in_support,frequency_modulation,0.8378986716270447
gearboxEmu/train/section_00_source_train_normal_0484_pro_B.wav,in_support,frequency_modulation,0.8666983246803284
gearboxEmu/train/section_00_source_train_normal_0485_pro_D.wav,in_support,amplitude_modulation,0.9486695528030396
gearboxEmu/train/section_00_source_train_normal_0486_pro_D.wav,in_support,periodic_resonance,0.9377233982086182
gearboxEmu/train/section_00_source_train_normal_0487_pro_D.wav,in_support,periodic_resonance,0.924843430519104
gearboxEmu/train/section_00_source_train_normal_0488_pro_B.wav,in_support,periodic_resonance,0.9930533766746521
gearboxEmu/train/section_00_source_train_normal_0489_pro_C.wav,in_support,frequency_modulation,0.7291603684425354
gearboxEmu/train/section_00_source_train_normal_0490_pro_D.wav,in_support,periodic_resonance,0.9943180680274963
gearboxEmu/train/section_00_source_train_normal_0491_pro_B.wav,in_support,frequency_modulation,0.8607577681541443
gearboxEmu/train/section_00_source_train_normal_0492_pro_C.wav,in_support,periodic_resonance,0.9310901761054993
gearboxEmu/train/section_00_source_train_normal_0493_pro_D.wav,in_support,amplitude_modulation,0.9388403296470642
gearboxEmu/train/section_00_source_train_normal_0494_pro_C.wav,in_support,amplitude_modulation,0.9995448589324951
gearboxEmu/train/section_00_source_train_normal_0495_pro_E.wav,in_support,amplitude_modulation,0.9667309522628784
gearboxEmu/train/section_00_source_train_normal_0496_pro_B.wav,in_support,amplitude_modulation,0.07377075403928757
gearboxEmu/train/section_00_source_train_normal_0497_pro_C.wav,in_support,amplitude_modulation,0.9498704671859741
gearboxEmu/train/section_00_source_train_normal_0498_pro_C.wav,in_support,amplitude_modulation,0.8087418079376221
gearboxEmu/train/section_00_source_train_normal_0499_pro_B.wav,in_support,frequency_modulation,0.9763302206993103
gearboxEmu/train/section_00_source_train_normal_0500_pro_E.wav,in_support,amplitude_modulation,0.9914387464523315
gearboxEmu/train/section_00_source_train_normal_0501_pro_C.wav,in_support,frequency_modulation,0.3640260696411133
gearboxEmu/train/section_00_source_train_normal_0502_pro_E.wav,in_support,amplitude_modulation,0.9818484783172607
gearboxEmu/train/section_00_source_train_normal_0503_pro_D.wav,in_support,amplitude_modulation,0.04806387424468994
gearboxEmu/train/section_00_source_train_normal_0504_pro_E.wav,in_support,frequency_modulation,0.9091620445251465
gearboxEmu/train/section_00_source_train_normal_0505_pro_F.wav,in_support,amplitude_modulation,0.7105301022529602
gearboxEmu/train/section_00_source_train_normal_0506_pro_D.wav,in_support,frequency_modulation,0.9999449849128723
gearboxEmu/train/section_00_source_train_normal_0507_pro_A.wav,in_support,periodic_resonance,0.8756206631660461
gearboxEmu/train/section_00_source_train_normal_0508_pro_E.wav,in_support,frequency_modulation,0.18981391191482544
gearboxEmu/train/section_00_source_train_normal_0509_pro_C.wav,in_support,amplitude_modulation,0.9644323587417603
gearboxEmu/train/section_00_source_train_normal_0510_pro_D.wav,in_support,periodic_resonance,0.9041154980659485
gearboxEmu/train/section_00_source_train_normal_0511_pro_F.wav,in_support,periodic_resonance,0.9641068577766418
gearboxEmu/train/section_00_source_train_normal_0512_pro_C.wav,in_support,amplitude_modulation,0.8421950936317444
gearboxEmu/train/section_00_source_train_normal_0513_pro_B.wav,in_support,frequency_modulation,0.34654876589775085
gearboxEmu/train/section_00_source_train_normal_0514_pro_C.wav,in_support,periodic_resonance,0.9408848881721497
gearboxEmu/train/section_00_source_train_normal_0515_pro_A.wav,in_support,amplitude_modulation,0.5307345986366272
gearboxEmu/train/section_00_source_train_normal_0516_pro_A.wav,in_support,amplitude_modulation,0.9907163381576538
gearboxEmu/train/section_00_source_train_normal_0517_pro_B.wav,in_support,frequency_modulation,0.9674948453903198
gearboxEmu/train/section_00_source_train_normal_0518_pro_D.wav,in_support,amplitude_modulation,0.6348981857299805
gearboxEmu/train/section_00_source_train_normal_0519_pro_C.wav,in_support,frequency_modulation,0.8100417852401733
gearboxEmu/train/section_00_source_train_normal_0520_pro_F.wav,in_support,periodic_resonance,0.998524010181427
gearboxEmu/train/section_00_source_train_normal_0521_pro_F.wav,in_support,amplitude_modulation,0.08007075637578964
gearboxEmu/train/section_00_source_train_normal_0522_pro_F.wav,in_support,frequency_modulation,0.6080770492553711
gearboxEmu/train/section_00_source_train_normal_0523_pro_D.wav,in_support,amplitude_modulation,0.9015633463859558
gearboxEmu/train/section_00_source_train_normal_0524_pro_F.wav,in_support,amplitude_modulation,0.7004321217536926
gearboxEmu/train/section_00_source_train_normal_0525_pro_E.wav,in_support,frequency_modulation,0.9675948619842529
gearboxEmu/train/section_00_source_train_normal_0526_pro_F.wav,in_support,periodic_resonance,0.9367484450340271
gearboxEmu/train/section_00_source_train_normal_0527_pro_D.wav,in_support,periodic_resonance,0.9924390316009521
gearboxEmu/train/section_00_source_train_normal_0528_pro_B.wav,in_support,frequency_modulation,0.9666213393211365
gearboxEmu/train/section_00_source_train_normal_0529_pro_E.wav,in_support,amplitude_modulation,0.038067787885665894
gearboxEmu/train/section_00_source_train_normal_0530_pro_B.wav,in_support,frequency_modulation,0.9743360877037048
gearboxEmu/train/section_00_source_train_normal_0531_pro_A.wav,in_support,frequency_modulation,0.9201751947402954
gearboxEmu/train/section_00_source_train_normal_0532_pro_F.wav,in_support,frequency_modulation,0.9551175236701965
gearboxEmu/train/section_00_source_train_normal_0533_pro_B.wav,in_support,periodic_resonance,0.40744853019714355
gearboxEmu/train/section_00_source_train_normal_0534_pro_A.wav,in_support,amplitude_modulation,0.9778034090995789
gearboxEmu/train/section_00_source_train_normal_0535_pro_F.wav,in_support,periodic_resonance,0.9367668628692627
gearboxEmu/train/section_00_source_train_normal_0536_pro_F.wav,in_support,frequency_modulation,0.935200572013855
gearboxEmu/train/section_00_source_train_normal_0537_pro_D.wav,in_support,periodic_resonance,0.33076754212379456
gearboxEmu/train/section_00_source_train_normal_0538_pro_D.wav,in_support,frequency_modulation,0.9908166527748108
gearboxEmu/train/section_00_source_train_normal_0539_pro_E.wav,in_support,amplitude_modulation,0.933473527431488
gearboxEmu/train/section_00_source_train_normal_0540_pro_E.wav,in_support,periodic_resonance,0.8130330443382263
gearboxEmu/train/section_00_source_train_normal_0541_pro_B.wav,in_support,frequency_modulation,0.9595872163772583
gearboxEmu/train/section_00_source_train_normal_0542_pro_A.wav,in_support,frequency_modulation,0.7819067239761353
gearboxEmu/train/section_00_source_train_normal_0543_pro_B.wav,in_support,periodic_resonance,0.9410051703453064
gearboxEmu/train/section_00_source_train_normal_0544_pro_B.wav,in_support,frequency_modulation,0.9486749172210693
gearboxEmu/train/section_00_source_train_normal_0545_pro_E.wav,in_support,amplitude_modulation,0.9903692007064819
gearboxEmu/train/section_00_source_train_normal_0546_pro_F.wav,in_support,frequency_modulation,0.9806458950042725
gearboxEmu/train/section_00_source_train_normal_0547_pro_C.wav,in_support,frequency_modulation,0.9636180400848389
gearboxEmu/train/section_00_source_train_normal_0548_pro_A.wav,in_support,periodic_resonance,0.9666675925254822
gearboxEmu/train/section_00_source_train_normal_0549_pro_F.wav,in_support,frequency_modulation,0.9101961255073547
gearboxEmu/train/section_00_source_train_normal_0550_pro_E.wav,in_support,frequency_modulation,0.9846609234809875
gearboxEmu/train/section_00_source_train_normal_0551_pro_D.wav,in_support,frequency_modulation,0.9990922808647156
gearboxEmu/train/section_00_source_train_normal_0552_pro_B.wav,in_support,amplitude_modulation,0.09533588588237762
gearboxEmu/train/section_00_source_train_normal_0553_pro_C.wav,in_support,frequency_modulation,0.9246443510055542
gearboxEmu/train/section_00_source_train_normal_0554_pro_F.wav,in_support,periodic_resonance,0.847109317779541
gearboxEmu/train/section_00_source_train_normal_0555_pro_A.wav,in_support,periodic_resonance,0.6677606701850891
gearboxEmu/train/section_00_source_train_normal_0556_pro_A.wav,in_support,amplitude_modulation,0.16092756390571594
gearboxEmu/train/section_00_source_train_normal_0557_pro_E.wav,in_support,frequency_modulation,0.9710680246353149
gearboxEmu/train/section_00_source_train_normal_0558_pro_F.wav,in_support,periodic_resonance,0.9814767241477966
gearboxEmu/train/section_00_source_train_normal_0559_pro_D.wav,in_support,amplitude_modulation,0.9926831126213074
gearboxEmu/train/section_00_source_train_normal_0560_pro_F.wav,in_support,amplitude_modulation,0.7796424627304077
gearboxEmu/train/section_00_source_train_normal_0561_pro_B.wav,in_support,amplitude_modulation,0.9373788237571716
gearboxEmu/train/section_00_source_train_normal_0562_pro_E.wav,in_support,frequency_modulation,0.8083093166351318
gearboxEmu/train/section_00_source_train_normal_0563_pro_E.wav,in_support,periodic_resonance,0.9857475161552429
gearboxEmu/train/section_00_source_train_normal_0564_pro_E.wav,in_support,amplitude_modulation,0.0615718699991703
gearboxEmu/train/section_00_source_train_normal_0565_pro_C.wav,in_support,frequency_modulation,0.7823540568351746
gearboxEmu/train/section_00_source_train_normal_0566_pro_A.wav,in_support,periodic_resonance,0.8888728022575378
gearboxEmu/train/section_00_source_train_normal_0567_pro_E.wav,in_support,periodic_resonance,0.994843065738678
gearboxEmu/train/section_00_source_train_normal_0568_pro_C.wav,in_support,periodic_resonance,0.8358835577964783
gearboxEmu/train/section_00_source_train_normal_0569_pro_C.wav,in_support,frequency_modulation,0.5175915360450745
gearboxEmu/train/section_00_source_train_normal_0570_pro_A.wav,in_support,amplitude_modulation,0.8417996764183044
gearboxEmu/train/section_00_source_train_normal_0571_pro_F.wav,in_support,frequency_modulation,0.44445571303367615
gearboxEmu/train/section_00_source_train_normal_0572_pro_B.wav,in_support,amplitude_modulation,0.9870015382766724
gearboxEmu/train/section_00_source_train_normal_0573_pro_A.wav,in_support,amplitude_modulation,0.996086597442627
gearboxEmu/train/section_00_source_train_normal_0574_pro_F.wav,in_support,periodic_resonance,0.9603215456008911
gearboxEmu/train/section_00_source_train_normal_0575_pro_E.wav,in_support,amplitude_modulation,0.9842509627342224
gearboxEmu/train/section_00_source_train_normal_0576_pro_E.wav,in_support,frequency_modulation,0.33713498711586
gearboxEmu/train/section_00_source_train_normal_0577_pro_A.wav,in_support,frequency_modulation,0.971974790096283
gearboxEmu/train/section_00_source_train_normal_0578_pro_A.wav,in_support,amplitude_modulation,0.9837083220481873
gearboxEmu/train/section_00_source_train_normal_0579_pro_C.wav,in_support,frequency_modulation,0.6413240432739258
gearboxEmu/train/section_00_source_train_normal_0580_pro_C.wav,in_support,periodic_resonance,0.974727988243103
gearboxEmu/train/section_00_source_train_normal_0581_pro_B.wav,in_support,frequency_modulation,0.7110053300857544
gearboxEmu/train/section_00_source_train_normal_0582_pro_D.wav,in_support,amplitude_modulation,0.30510464310646057
gearboxEmu/train/section_00_source_train_normal_0583_pro_E.wav,in_support,periodic_resonance,0.9968429803848267
gearboxEmu/train/section_00_source_train_normal_0584_pro_D.wav,in_support,frequency_modulation,0.9449846148490906
gearboxEmu/train/section_00_source_train_normal_0585_pro_B.wav,in_support,frequency_modulation,0.8456499576568604
gearboxEmu/train/section_00_source_train_normal_0586_pro_E.wav,in_support,periodic_resonance,0.9726715087890625
gearboxEmu/train/section_00_source_train_normal_0587_pro_C.wav,in_support,frequency_modulation,0.9643970727920532
gearboxEmu/train/section_00_source_train_normal_0588_pro_E.wav,in_support,periodic_resonance,0.9400164484977722
gearboxEmu/train/section_00_source_train_normal_0589_pro_F.wav,in_support,amplitude_modulation,0.9841365218162537
gearboxEmu/train/section_00_source_train_normal_0590_pro_B.wav,in_support,frequency_modulation,0.9414021372795105
gearboxEmu/train/section_00_source_train_normal_0591_pro_A.wav,in_support,frequency_modulation,0.5035253763198853
gearboxEmu/train/section_00_source_train_normal_0592_pro_D.wav,in_support,frequency_modulation,0.893963634967804
gearboxEmu/train/section_00_source_train_normal_0593_pro_D.wav,in_support,periodic_resonance,0.9706041812896729
gearboxEmu/train/section_00_source_train_normal_0594_pro_A.wav,in_support,frequency_modulation,0.9463227987289429
gearboxEmu/train/section_00_source_train_normal_0595_pro_C.wav,in_support,frequency_modulation,0.9364688396453857
gearboxEmu/train/section_00_source_train_normal_0596_pro_B.wav,in_support,periodic_resonance,0.9836845397949219
gearboxEmu/train/section_00_source_train_normal_0597_pro_F.wav,in_support,amplitude_modulation,0.9337582588195801
gearboxEmu/train/section_00_source_train_normal_0598_pro_C.wav,in_support,amplitude_modulation,0.4102456569671631
gearboxEmu/train/section_00_source_train_normal_0599_pro_B.wav,in_support,frequency_modulation,0.9802531003952026
gearboxEmu/train/section_00_source_train_normal_0600_pro_F.wav,in_support,frequency_modulation,0.8913310170173645
gearboxEmu/train/section_00_source_train_normal_0601_pro_C.wav,in_support,amplitude_modulation,0.9482542276382446
gearboxEmu/train/section_00_source_train_normal_0602_pro_C.wav,in_support,periodic_resonance,0.923530638217926
gearboxEmu/train/section_00_source_train_normal_0603_pro_C.wav,in_support,amplitude_modulation,0.9674726724624634
gearboxEmu/train/section_00_source_train_normal_0604_pro_C.wav,in_support,frequency_modulation,0.9752516150474548
gearboxEmu/train/section_00_source_train_normal_0605_pro_E.wav,in_support,amplitude_modulation,0.1089932844042778
gearboxEmu/train/section_00_source_train_normal_0606_pro_C.wav,in_support,frequency_modulation,0.7742325067520142
gearboxEmu/train/section_00_source_train_normal_0607_pro_E.wav,in_support,frequency_modulation,0.6015567183494568
gearboxEmu/train/section_00_source_train_normal_0608_pro_A.wav,in_support,frequency_modulation,0.9520018696784973
gearboxEmu/train/section_00_source_train_normal_0609_pro_A.wav,in_support,frequency_modulation,0.9986690282821655
gearboxEmu/train/section_00_source_train_normal_0610_pro_C.wav,in_support,amplitude_modulation,0.9438954591751099
gearboxEmu/train/section_00_source_train_normal_0611_pro_B.wav,in_support,amplitude_modulation,0.37300166487693787
gearboxEmu/train/section_00_source_train_normal_0612_pro_B.wav,in_support,amplitude_modulation,0.8008586764335632
gearboxEmu/train/section_00_source_train_normal_0613_pro_B.wav,in_support,periodic_resonance,0.635066568851471
gearboxEmu/train/section_00_source_train_normal_0614_pro_E.wav,in_support,frequency_modulation,0.9145483374595642
gearboxEmu/train/section_00_source_train_normal_0615_pro_A.wav,in_support,frequency_modulation,0.9753953814506531
gearboxEmu/train/section_00_source_train_normal_0616_pro_A.wav,in_support,frequency_modulation,0.8739721179008484
gearboxEmu/train/section_00_source_train_normal_0617_pro_B.wav,in_support,amplitude_modulation,0.9923582673072815
gearboxEmu/train/section_00_source_train_normal_0618_pro_F.wav,in_support,periodic_resonance,0.8989646434783936
gearboxEmu/train/section_00_source_train_normal_0619_pro_D.wav,in_support,periodic_resonance,0.8450021147727966
gearboxEmu/train/section_00_source_train_normal_0620_pro_C.wav,in_support,amplitude_modulation,0.8940855860710144
gearboxEmu/train/section_00_source_train_normal_0621_pro_F.wav,in_support,frequency_modulation,0.9879592061042786
gearboxEmu/train/section_00_source_train_normal_0622_pro_C.wav,in_support,amplitude_modulation,0.9643399715423584
gearboxEmu/train/section_00_source_train_normal_0623_pro_F.wav,in_support,periodic_resonance,0.932000994682312
gearboxEmu/train/section_00_source_train_normal_0624_pro_B.wav,in_support,periodic_resonance,0.9901660084724426
gearboxEmu/train/section_00_source_train_normal_0625_pro_D.wav,in_support,amplitude_modulation,0.39860260486602783
gearboxEmu/train/section_00_source_train_normal_0626_pro_E.wav,in_support,frequency_modulation,0.9703838229179382
gearboxEmu/train/section_00_source_train_normal_0627_pro_B.wav,in_support,periodic_resonance,0.6469193696975708
gearboxEmu/train/section_00_source_train_normal_0628_pro_A.wav,in_support,periodic_resonance,0.3567327558994293
gearboxEmu/train/section_00_source_train_normal_0629_pro_D.wav,in_support,periodic_resonance,0.6786739826202393
gearboxEmu/train/section_00_source_train_normal_0630_pro_E.wav,in_support,amplitude_modulation,0.053321097046136856
gearboxEmu/train/section_00_source_train_normal_0631_pro_D.wav,in_support,amplitude_modulation,0.12118218094110489
gearboxEmu/train/section_00_source_train_normal_0632_pro_C.wav,in_support,amplitude_modulation,0.9449906349182129
gearboxEmu/train/section_00_source_train_normal_0633_pro_B.wav,in_support,frequency_modulation,0.944724977016449
gearboxEmu/train/section_00_source_train_normal_0634_pro_E.wav,in_support,amplitude_modulation,0.9942341446876526
gearboxEmu/train/section_00_source_train_normal_0635_pro_D.wav,in_support,periodic_resonance,0.7708274126052856
gearboxEmu/train/section_00_source_train_normal_0636_pro_F.wav,in_support,frequency_modulation,0.9623199701309204
gearboxEmu/train/section_00_source_train_normal_0637_pro_B.wav,in_support,periodic_resonance,0.998654842376709
gearboxEmu/train/section_00_source_train_normal_0638_pro_F.wav,in_support,amplitude_modulation,0.5813347697257996
gearboxEmu/train/section_00_source_train_normal_0639_pro_E.wav,in_support,periodic_resonance,0.8880345821380615
gearboxEmu/train/section_00_source_train_normal_0640_pro_F.wav,in_support,frequency_modulation,0.9380753040313721
gearboxEmu/train/section_00_source_train_normal_0641_pro_D.wav,in_support,periodic_resonance,0.9403072595596313
gearboxEmu/train/section_00_source_train_normal_0642_pro_B.wav,in_support,frequency_modulation,0.30239248275756836
gearboxEmu/train/section_00_source_train_normal_0643_pro_A.wav,in_support,periodic_resonance,0.6649390459060669
gearboxEmu/train/section_00_source_train_normal_0644_pro_F.wav,in_support,amplitude_modulation,0.959466814994812
gearboxEmu/train/section_00_source_train_normal_0645_pro_A.wav,in_support,frequency_modulation,0.9771714210510254
gearboxEmu/train/section_00_source_train_normal_0646_pro_F.wav,in_support,amplitude_modulation,0.9816442131996155
gearboxEmu/train/section_00_source_train_normal_0647_pro_A.wav,in_support,amplitude_modulation,0.9591357707977295
gearboxEmu/train/section_00_source_train_normal_0648_pro_E.wav,in_support,frequency_modulation,0.9477850198745728
gearboxEmu/train/section_00_source_train_normal_0649_pro_C.wav,in_support,amplitude_modulation,0.6049984693527222
gearboxEmu/train/section_00_source_train_normal_0650_pro_A.wav,in_support,frequency_modulation,0.9743971824645996
gearboxEmu/train/section_00_source_train_normal_0651_pro_F.wav,in_support,periodic_resonance,0.9409264922142029
gearboxEmu/train/section_00_source_train_normal_0652_pro_C.wav,in_support,amplitude_modulation,0.8443670868873596
gearboxEmu/train/section_00_source_train_normal_0653_pro_D.wav,in_support,frequency_modulation,0.994936466217041
gearboxEmu/train/section_00_source_train_normal_0654_pro_A.wav,in_support,amplitude_modulation,0.23560604453086853
gearboxEmu/train/section_00_source_train_normal_0655_pro_D.wav,in_support,periodic_resonance,0.9429857134819031
gearboxEmu/train/section_00_source_train_normal_0656_pro_C.wav,in_support,periodic_resonance,0.528136670589447
gearboxEmu/train/section_00_source_train_normal_0657_pro_E.wav,in_support,frequency_modulation,0.9850500822067261
gearboxEmu/train/section_00_source_train_normal_0658_pro_D.wav,in_support,amplitude_modulation,0.03411116823554039
gearboxEmu/train/section_00_source_train_normal_0659_pro_A.wav,in_support,periodic_resonance,0.9055982828140259
gearboxEmu/train/section_00_source_train_normal_0660_pro_A.wav,in_support,amplitude_modulation,0.8165478110313416
gearboxEmu/train/section_00_source_train_normal_0661_pro_A.wav,in_support,frequency_modulation,0.988743782043457
gearboxEmu/train/section_00_source_train_normal_0662_pro_E.wav,in_support,periodic_resonance,0.8977137207984924
gearboxEmu/train/section_00_source_train_normal_0663_pro_F.wav,in_support,amplitude_modulation,0.07862892001867294
gearboxEmu/train/section_00_source_train_normal_0664_pro_C.wav,in_support,amplitude_modulation,0.8263633847236633
gearboxEmu/train/section_00_source_train_normal_0665_pro_B.wav,in_support,frequency_modulation,0.9877303242683411
gearboxEmu/train/section_00_source_train_normal_0666_pro_D.wav,in_support,periodic_resonance,0.9860243797302246
gearboxEmu/train/section_00_source_train_normal_0667_pro_E.wav,in_support,frequency_modulation,0.3749590814113617
gearboxEmu/train/section_00_source_train_normal_0668_pro_C.wav,in_support,periodic_resonance,0.9286110401153564
gearboxEmu/train/section_00_source_train_normal_0669_pro_E.wav,in_support,amplitude_modulation,0.9357461333274841
gearboxEmu/train/section_00_source_train_normal_0670_pro_F.wav,in_support,periodic_resonance,0.5551924109458923
gearboxEmu/train/section_00_source_train_normal_0671_pro_E.wav,in_support,amplitude_modulation,0.7871686816215515
gearboxEmu/train/section_00_source_train_normal_0672_pro_F.wav,in_support,frequency_modulation,0.8668618202209473
gearboxEmu/train/section_00_source_train_normal_0673_pro_E.wav,in_support,frequency_modulation,0.5180553793907166
gearboxEmu/train/section_00_source_train_normal_0674_pro_A.wav,in_support,amplitude_modulation,0.07414897531270981
gearboxEmu/train/section_00_source_train_normal_0675_pro_F.wav,in_support,frequency_modulation,0.8912306427955627
gearboxEmu/train/section_00_source_train_normal_0676_pro_B.wav,in_support,amplitude_modulation,0.8781635761260986
gearboxEmu/train/section_00_source_train_normal_0677_pro_A.wav,in_support,periodic_resonance,0.9656222462654114
gearboxEmu/train/section_00_source_train_normal_0678_pro_F.wav,in_support,periodic_resonance,0.9536277055740356
gearboxEmu/train/section_00_source_train_normal_0679_pro_D.wav,in_support,amplitude_modulation,0.9195604920387268
gearboxEmu/train/section_00_source_train_normal_0680_pro_E.wav,in_support,periodic_resonance,0.9208069443702698
gearboxEmu/train/section_00_source_train_normal_0681_pro_C.wav,in_support,frequency_modulation,0.9146613478660583
gearboxEmu/train/section_00_source_train_normal_0682_pro_D.wav,in_support,amplitude_modulation,0.9536612629890442
gearboxEmu/train/section_00_source_train_normal_0683_pro_D.wav,in_support,periodic_resonance,0.9400742053985596
gearboxEmu/train/section_00_source_train_normal_0684_pro_E.wav,in_support,frequency_modulation,0.88571697473526
gearboxEmu/train/section_00_source_train_normal_0685_pro_A.wav,in_support,amplitude_modulation,0.9636162519454956
gearboxEmu/train/section_00_source_train_normal_0686_pro_E.wav,in_support,frequency_modulation,0.9544876217842102
gearboxEmu/train/section_00_source_train_normal_0687_pro_F.wav,in_support,frequency_modulation,0.9985554814338684
gearboxEmu/train/section_00_source_train_normal_0688_pro_C.wav,in_support,periodic_resonance,0.9797523021697998
gearboxEmu/train/section_00_source_train_normal_0689_pro_D.wav,in_support,frequency_modulation,0.9839505553245544
gearboxEmu/train/section_00_source_train_normal_0690_pro_D.wav,in_support,periodic_resonance,0.976417601108551
gearboxEmu/train/section_00_source_train_normal_0691_pro_E.wav,in_support,amplitude_modulation,0.07610760629177094
gearboxEmu/train/section_00_source_train_normal_0692_pro_D.wav,in_support,frequency_modulation,0.9927025437355042
gearboxEmu/train/section_00_source_train_normal_0693_pro_A.wav,in_support,periodic_resonance,0.9485186338424683
gearboxEmu/train/section_00_source_train_normal_0694_pro_E.wav,in_support,amplitude_modulation,0.07266241312026978
gearboxEmu/train/section_00_source_train_normal_0695_pro_B.wav,in_support,frequency_modulation,0.9801874160766602
gearboxEmu/train/section_00_source_train_normal_0696_pro_A.wav,in_support,amplitude_modulation,0.9125534296035767
gearboxEmu/train/section_00_source_train_normal_0697_pro_C.wav,in_support,amplitude_modulation,0.7521746158599854
gearboxEmu/train/section_00_source_train_normal_0698_pro_A.wav,in_support,periodic_resonance,0.18500417470932007
gearboxEmu/train/section_00_source_train_normal_0699_pro_A.wav,in_support,frequency_modulation,0.9504446983337402
gearboxEmu/train/section_00_source_train_normal_0700_pro_D.wav,in_support,amplitude_modulation,0.9490012526512146
gearboxEmu/train/section_00_source_train_normal_0701_pro_E.wav,in_support,amplitude_modulation,0.9859412908554077
gearboxEmu/train/section_00_source_train_normal_0702_pro_F.wav,in_support,frequency_modulation,0.5985445380210876
gearboxEmu/train/section_00_source_train_normal_0703_pro_E.wav,in_support,frequency_modulation,0.7597969174385071
gearboxEmu/train/section_00_source_train_normal_0704_pro_B.wav,in_support,amplitude_modulation,0.9871765375137329
gearboxEmu/train/section_00_source_train_normal_0705_pro_B.wav,in_support,periodic_resonance,0.8705299496650696
gearboxEmu/train/section_00_source_train_normal_0706_pro_B.wav,in_support,frequency_modulation,0.9530782699584961
gearboxEmu/train/section_00_source_train_normal_0707_pro_E.wav,in_support,amplitude_modulation,0.958306610584259
gearboxEmu/train/section_00_source_train_normal_0708_pro_C.wav,in_support,amplitude_modulation,0.9634701013565063
gearboxEmu/train/section_00_source_train_normal_0709_pro_C.wav,in_support,amplitude_modulation,0.6569611430168152
gearboxEmu/train/section_00_source_train_normal_0710_pro_C.wav,in_support,amplitude_modulation,0.9675888419151306
gearboxEmu/train/section_00_source_train_normal_0711_pro_E.wav,in_support,amplitude_modulation,0.19463202357292175
gearboxEmu/train/section_00_source_train_normal_0712_pro_B.wav,in_support,amplitude_modulation,0.7627071738243103
gearboxEmu/train/section_00_source_train_normal_0713_pro_E.wav,in_support,frequency_modulation,0.9864940643310547
gearboxEmu/train/section_00_source_train_normal_0714_pro_A.wav,in_support,frequency_modulation,0.9788107872009277
gearboxEmu/train/section_00_source_train_normal_0715_pro_A.wav,in_support,periodic_resonance,0.9897315502166748
gearboxEmu/train/section_00_source_train_normal_0716_pro_D.wav,in_support,periodic_resonance,0.9643533229827881
gearboxEmu/train/section_00_source_train_normal_0717_pro_F.wav,in_support,amplitude_modulation,0.3974631726741791
gearboxEmu/train/section_00_source_train_normal_0718_pro_E.wav,in_support,periodic_resonance,0.8433133363723755
gearboxEmu/train/section_00_source_train_normal_0719_pro_C.wav,in_support,amplitude_modulation,0.21143792569637299
gearboxEmu/train/section_00_source_train_normal_0720_pro_D.wav,in_support,frequency_modulation,0.9690669178962708
gearboxEmu/train/section_00_source_train_normal_0721_pro_D.wav,in_support,frequency_modulation,0.789058268070221
gearboxEmu/train/section_00_source_train_normal_0722_pro_D.wav,in_support,amplitude_modulation,0.4259927570819855
gearboxEmu/train/section_00_source_train_normal_0723_pro_B.wav,in_support,amplitude_modulation,0.1811298280954361
gearboxEmu/train/section_00_source_train_normal_0724_pro_C.wav,in_support,periodic_resonance,0.9784599542617798
gearboxEmu/train/section_00_source_train_normal_0725_pro_A.wav,in_support,periodic_resonance,0.7994623780250549
gearboxEmu/train/section_00_source_train_normal_0726_pro_B.wav,in_support,periodic_resonance,0.9576470851898193
gearboxEmu/train/section_00_source_train_normal_0727_pro_F.wav,in_support,frequency_modulation,0.9963703751564026
gearboxEmu/train/section_00_source_train_normal_0728_pro_D.wav,in_support,amplitude_modulation,0.8539356589317322
gearboxEmu/train/section_00_source_train_normal_0729_pro_F.wav,in_support,periodic_resonance,0.7368060350418091
gearboxEmu/train/section_00_source_train_normal_0730_pro_C.wav,in_support,amplitude_modulation,0.9773746728897095
gearboxEmu/train/section_00_source_train_normal_0731_pro_A.wav,in_support,frequency_modulation,0.9824028015136719
gearboxEmu/train/section_00_source_train_normal_0732_pro_A.wav,in_support,periodic_resonance,0.9911655783653259
gearboxEmu/train/section_00_source_train_normal_0733_pro_A.wav,in_support,amplitude_modulation,0.9919191002845764
gearboxEmu/train/section_00_source_train_normal_0734_pro_C.wav,in_support,periodic_resonance,0.880304753780365
gearboxEmu/train/section_00_source_train_normal_0735_pro_B.wav,in_support,periodic_resonance,0.9688428044319153
gearboxEmu/train/section_00_source_train_normal_0736_pro_E.wav,in_support,frequency_modulation,0.9989035129547119
gearboxEmu/train/section_00_source_train_normal_0737_pro_D.wav,in_support,periodic_resonance,0.8919074535369873
gearboxEmu/train/section_00_source_train_normal_0738_pro_B.wav,in_support,frequency_modulation,0.6405836343765259
gearboxEmu/train/section_00_source_train_normal_0739_pro_A.wav,in_support,periodic_resonance,0.7187016010284424
gearboxEmu/train/section_00_source_train_normal_0740_pro_A.wav,in_support,frequency_modulation,0.7233892679214478
gearboxEmu/train/section_00_source_train_normal_0741_pro_C.wav,in_support,frequency_modulation,0.9799555540084839
gearboxEmu/train/section_00_source_train_normal_0742_pro_D.wav,in_support,frequency_modulation,0.6626508235931396
gearboxEmu/train/section_00_source_train_normal_0743_pro_B.wav,in_support,periodic_resonance,0.4229331910610199
gearboxEmu/train/section_00_source_train_normal_0744_pro_E.wav,in_support,periodic_resonance,0.9594178795814514
gearboxEmu/train/section_00_source_train_normal_0745_pro_D.wav,in_support,amplitude_modulation,0.966119647026062
gearboxEmu/train/section_00_source_train_normal_0746_pro_F.wav,in_support,amplitude_modulation,0.6998164653778076
gearboxEmu/train/section_00_source_train_normal_0747_pro_C.wav,in_support,amplitude_modulation,0.7578057646751404
gearboxEmu/train/section_00_source_train_normal_0748_pro_F.wav,in_support,amplitude_modulation,0.5947874188423157
gearboxEmu/train/section_00_source_train_normal_0749_pro_B.wav,in_support,frequency_modulation,0.7696077823638916
gearboxEmu/train/section_00_source_train_normal_0750_pro_F.wav,in_support,amplitude_modulation,0.9993994235992432
gearboxEmu/train/section_00_source_train_normal_0751_pro_F.wav,in_support,frequency_modulation,0.3939518332481384
gearboxEmu/train/section_00_source_train_normal_0752_pro_B.wav,in_support,amplitude_modulation,0.18790091574192047
gearboxEmu/train/section_00_source_train_normal_0753_pro_C.wav,in_support,frequency_modulation,0.32249715924263
gearboxEmu/train/section_00_source_train_normal_0754_pro_F.wav,in_support,frequency_modulation,0.9815725088119507
gearboxEmu/train/section_00_source_train_normal_0755_pro_C.wav,in_support,frequency_modulation,0.9712599515914917
gearboxEmu/train/section_00_source_train_normal_0756_pro_E.wav,in_support,amplitude_modulation,0.9674099087715149
gearboxEmu/train/section_00_source_train_normal_0757_pro_A.wav,in_support,periodic_resonance,0.9889921545982361
gearboxEmu/train/section_00_source_train_normal_0758_pro_B.wav,in_support,periodic_resonance,0.6645756959915161
gearboxEmu/train/section_00_source_train_normal_0759_pro_E.wav,in_support,frequency_modulation,0.9374582171440125
gearboxEmu/train/section_00_source_train_normal_0760_pro_B.wav,in_support,frequency_modulation,0.9874362349510193
gearboxEmu/train/section_00_source_train_normal_0761_pro_E.wav,in_support,periodic_resonance,0.9510693550109863
gearboxEmu/train/section_00_source_train_normal_0762_pro_D.wav,in_support,amplitude_modulation,0.9448485374450684
gearboxEmu/train/section_00_source_train_normal_0763_pro_D.wav,in_support,periodic_resonance,0.987525224685669
gearboxEmu/train/section_00_source_train_normal_0764_pro_A.wav,in_support,frequency_modulation,0.9997925162315369
gearboxEmu/train/section_00_source_train_normal_0765_pro_C.wav,in_support,amplitude_modulation,0.9616013765335083
gearboxEmu/train/section_00_source_train_normal_0766_pro_A.wav,in_support,amplitude_modulation,0.1491570919752121
gearboxEmu/train/section_00_source_train_normal_0767_pro_A.wav,in_support,frequency_modulation,0.9271538257598877
gearboxEmu/train/section_00_source_train_normal_0768_pro_E.wav,in_support,amplitude_modulation,0.9938172101974487
gearboxEmu/train/section_00_source_train_normal_0769_pro_F.wav,in_support,amplitude_modulation,0.055744051933288574
gearboxEmu/train/section_00_source_train_normal_0770_pro_D.wav,in_support,periodic_resonance,0.9512317180633545
gearboxEmu/train/section_00_source_train_normal_0771_pro_C.wav,in_support,frequency_modulation,0.9954227805137634
gearboxEmu/train/section_00_source_train_normal_0772_pro_B.wav,in_support,periodic_resonance,0.9659047722816467
gearboxEmu/train/section_00_source_train_normal_0773_pro_F.wav,in_support,frequency_modulation,0.9558505415916443
gearboxEmu/train/section_00_source_train_normal_0774_pro_F.wav,in_support,amplitude_modulation,0.9687061309814453
gearboxEmu/train/section_00_source_train_normal_0775_pro_B.wav,in_support,amplitude_modulation,0.10955683887004852
gearboxEmu/train/section_00_source_train_normal_0776_pro_B.wav,in_support,periodic_resonance,0.9460175633430481
gearboxEmu/train/section_00_source_train_normal_0777_pro_F.wav,in_support,periodic_resonance,0.30412226915359497
gearboxEmu/train/section_00_source_train_normal_0778_pro_B.wav,in_support,frequency_modulation,0.8801125288009644
gearboxEmu/train/section_00_source_train_normal_0779_pro_A.wav,in_support,frequency_modulation,0.5576440691947937
gearboxEmu/train/section_00_source_train_normal_0780_pro_E.wav,in_support,amplitude_modulation,0.9919913411140442
gearboxEmu/train/section_00_source_train_normal_0781_pro_E.wav,in_support,amplitude_modulation,0.9832233190536499
gearboxEmu/train/section_00_source_train_normal_0782_pro_A.wav,in_support,periodic_resonance,0.3775375783443451
gearboxEmu/train/section_00_source_train_normal_0783_pro_F.wav,in_support,frequency_modulation,0.9196383953094482
gearboxEmu/train/section_00_source_train_normal_0784_pro_E.wav,in_support,periodic_resonance,0.8461276292800903
gearboxEmu/train/section_00_source_train_normal_0785_pro_D.wav,in_support,periodic_resonance,0.9954754710197449
gearboxEmu/train/section_00_source_train_normal_0786_pro_E.wav,in_support,amplitude_modulation,0.8062602281570435
gearboxEmu/train/section_00_source_train_normal_0787_pro_F.wav,in_support,periodic_resonance,0.9887182116508484
gearboxEmu/train/section_00_source_train_normal_0788_pro_F.wav,in_support,periodic_resonance,0.4798334538936615
gearboxEmu/train/section_00_source_train_normal_0789_pro_E.wav,in_support,frequency_modulation,0.9485159516334534
gearboxEmu/train/section_00_source_train_normal_0790_pro_B.wav,in_support,periodic_resonance,0.9605627655982971
gearboxEmu/train/section_00_source_train_normal_0791_pro_A.wav,in_support,frequency_modulation,0.9630733132362366
gearboxEmu/train/section_00_source_train_normal_0792_pro_B.wav,in_support,amplitude_modulation,0.023481378331780434
gearboxEmu/train/section_00_source_train_normal_0793_pro_B.wav,in_support,amplitude_modulation,0.9934379458427429
gearboxEmu/train/section_00_source_train_normal_0794_pro_E.wav,in_support,frequency_modulation,0.9102379679679871
gearboxEmu/train/section_00_source_train_normal_0795_pro_B.wav,in_support,amplitude_modulation,0.9616515040397644
gearboxEmu/train/section_00_source_train_normal_0796_pro_D.wav,in_support,amplitude_modulation,0.9909580945968628
gearboxEmu/train/section_00_source_train_normal_0797_pro_A.wav,in_support,amplitude_modulation,0.12666691839694977
gearboxEmu/train/section_00_source_train_normal_0798_pro_C.wav,in_support,periodic_resonance,0.9121400117874146
gearboxEmu/train/section_00_source_train_normal_0799_pro_F.wav,in_support,periodic_resonance,0.9557028412818909
gearboxEmu/train/section_00_source_train_normal_0800_pro_D.wav,in_support,periodic_resonance,0.9830650687217712
gearboxEmu/train/section_00_source_train_normal_0801_pro_B.wav,in_support,periodic_resonance,0.9801201224327087
gearboxEmu/train/section_00_source_train_normal_0802_pro_D.wav,in_support,amplitude_modulation,0.3745538294315338
gearboxEmu/train/section_00_source_train_normal_0803_pro_F.wav,in_support,frequency_modulation,0.9626681804656982
gearboxEmu/train/section_00_source_train_normal_0804_pro_E.wav,in_support,periodic_resonance,0.9434277415275574
gearboxEmu/train/section_00_source_train_normal_0805_pro_B.wav,in_support,periodic_resonance,0.98683762550354
gearboxEmu/train/section_00_source_train_normal_0806_pro_C.wav,in_support,amplitude_modulation,0.9201603531837463
gearboxEmu/train/section_00_source_train_normal_0807_pro_D.wav,in_support,amplitude_modulation,0.22121785581111908
gearboxEmu/train/section_00_source_train_normal_0808_pro_B.wav,in_support,amplitude_modulation,0.9561800360679626
gearboxEmu/train/section_00_source_train_normal_0809_pro_E.wav,in_support,amplitude_modulation,0.06049047037959099
gearboxEmu/train/section_00_source_train_normal_0810_pro_B.wav,in_support,amplitude_modulation,0.15460091829299927
gearboxEmu/train/section_00_source_train_normal_0811_pro_D.wav,in_support,amplitude_modulation,0.9870357513427734
gearboxEmu/train/section_00_source_train_normal_0812_pro_C.wav,in_support,frequency_modulation,0.8221455812454224
gearboxEmu/train/section_00_source_train_normal_0813_pro_B.wav,in_support,amplitude_modulation,0.9910233616828918
gearboxEmu/train/section_00_source_train_normal_0814_pro_C.wav,in_support,frequency_modulation,0.9558154344558716
gearboxEmu/train/section_00_source_train_normal_0815_pro_C.wav,in_support,amplitude_modulation,0.9888011813163757
gearboxEmu/train/section_00_source_train_normal_0816_pro_C.wav,in_support,periodic_resonance,0.9478437304496765
gearboxEmu/train/section_00_source_train_normal_0817_pro_D.wav,in_support,amplitude_modulation,0.9345115423202515
gearboxEmu/train/section_00_source_train_normal_0818_pro_B.wav,in_support,frequency_modulation,0.1951211839914322
gearboxEmu/train/section_00_source_train_normal_0819_pro_C.wav,in_support,periodic_resonance,0.9339669346809387
gearboxEmu/train/section_00_source_train_normal_0820_pro_C.wav,in_support,periodic_resonance,0.29636791348457336
gearboxEmu/train/section_00_source_train_normal_0821_pro_C.wav,in_support,frequency_modulation,0.9867634177207947
gearboxEmu/train/section_00_source_train_normal_0822_pro_B.wav,in_support,amplitude_modulation,0.9161816239356995
gearboxEmu/train/section_00_source_train_normal_0823_pro_B.wav,in_support,periodic_resonance,0.9959326982498169
gearboxEmu/train/section_00_source_train_normal_0824_pro_E.wav,in_support,periodic_resonance,0.9610020518302917
gearboxEmu/train/section_00_source_train_normal_0825_pro_B.wav,in_support,frequency_modulation,0.9964469075202942
gearboxEmu/train/section_00_source_train_normal_0826_pro_E.wav,in_support,periodic_resonance,0.9610667824745178
gearboxEmu/train/section_00_source_train_normal_0827_pro_B.wav,in_support,periodic_resonance,0.4269893169403076
gearboxEmu/train/section_00_source_train_normal_0828_pro_F.wav,in_support,frequency_modulation,0.9717255234718323
gearboxEmu/train/section_00_source_train_normal_0829_pro_C.wav,in_support,frequency_modulation,0.9250591993331909
gearboxEmu/train/section_00_source_train_normal_0830_pro_A.wav,in_support,frequency_modulation,0.45827555656433105
gearboxEmu/train/section_00_source_train_normal_0831_pro_A.wav,in_support,frequency_modulation,0.9701032042503357
gearboxEmu/train/section_00_source_train_normal_0832_pro_A.wav,in_support,amplitude_modulation,0.998096227645874
gearboxEmu/train/section_00_source_train_normal_0833_pro_A.wav,in_support,amplitude_modulation,0.935695230960846
gearboxEmu/train/section_00_source_train_normal_0834_pro_E.wav,in_support,periodic_resonance,0.9918093681335449
gearboxEmu/train/section_00_source_train_normal_0835_pro_F.wav,in_support,frequency_modulation,0.8011803030967712
gearboxEmu/train/section_00_source_train_normal_0836_pro_F.wav,in_support,periodic_resonance,0.4757665991783142
gearboxEmu/train/section_00_source_train_normal_0837_pro_B.wav,in_support,amplitude_modulation,0.869655966758728
gearboxEmu/train/section_00_source_train_normal_0838_pro_F.wav,in_support,amplitude_modulation,0.9662327170372009
gearboxEmu/train/section_00_source_train_normal_0839_pro_A.wav,in_support,frequency_modulation,0.27082523703575134
gearboxEmu/train/section_00_source_train_normal_0840_pro_D.wav,in_support,amplitude_modulation,0.8805315494537354
gearboxEmu/train/section_00_source_train_normal_0841_pro_B.wav,in_support,periodic_resonance,0.9695191383361816
gearboxEmu/train/section_00_source_train_normal_0842_pro_C.wav,in_support,amplitude_modulation,0.9643507599830627
gearboxEmu/train/section_00_source_train_normal_0843_pro_C.wav,in_support,amplitude_modulation,0.9553158283233643
gearboxEmu/train/section_00_source_train_normal_0844_pro_E.wav,in_support,amplitude_modulation,0.9305901527404785
gearboxEmu/train/section_00_source_train_normal_0845_pro_E.wav,in_support,amplitude_modulation,0.09955749660730362
gearboxEmu/train/section_00_source_train_normal_0846_pro_C.wav,in_support,frequency_modulation,0.9368764162063599
gearboxEmu/train/section_00_source_train_normal_0847_pro_D.wav,in_support,periodic_resonance,0.9621589779853821
gearboxEmu/train/section_00_source_train_normal_0848_pro_E.wav,in_support,periodic_resonance,0.9754164814949036
gearboxEmu/train/section_00_source_train_normal_0849_pro_F.wav,in_support,frequency_modulation,0.18323977291584015
gearboxEmu/train/section_00_source_train_normal_0850_pro_E.wav,in_support,periodic_resonance,0.9061447978019714
gearboxEmu/train/section_00_source_train_normal_0851_pro_A.wav,in_support,amplitude_modulation,0.9311716556549072
gearboxEmu/train/section_00_source_train_normal_0852_pro_E.wav,in_support,periodic_resonance,0.973639965057373
gearboxEmu/train/section_00_source_train_normal_0853_pro_E.wav,in_support,amplitude_modulation,0.43018847703933716
gearboxEmu/train/section_00_source_train_normal_0854_pro_B.wav,in_support,frequency_modulation,0.9547910094261169
gearboxEmu/train/section_00_source_train_normal_0855_pro_B.wav,in_support,amplitude_modulation,0.2488929182291031
gearboxEmu/train/section_00_source_train_normal_0856_pro_B.wav,in_support,frequency_modulation,0.8779858946800232
gearboxEmu/train/section_00_source_train_normal_0857_pro_F.wav,in_support,frequency_modulation,0.7124919891357422
gearboxEmu/train/section_00_source_train_normal_0858_pro_C.wav,in_support,amplitude_modulation,0.8801831007003784
gearboxEmu/train/section_00_source_train_normal_0859_pro_D.wav,in_support,frequency_modulation,0.9933586716651917
gearboxEmu/train/section_00_source_train_normal_0860_pro_D.wav,in_support,amplitude_modulation,0.18850694596767426
gearboxEmu/train/section_00_source_train_normal_0861_pro_B.wav,in_support,amplitude_modulation,0.18216446042060852
gearboxEmu/train/section_00_source_train_normal_0862_pro_F.wav,in_support,periodic_resonance,0.998865008354187
gearboxEmu/train/section_00_source_train_normal_0863_pro_B.wav,in_support,frequency_modulation,0.9641303420066833
gearboxEmu/train/section_00_source_train_normal_0864_pro_C.wav,in_support,frequency_modulation,0.8727952241897583
gearboxEmu/train/section_00_source_train_normal_0865_pro_E.wav,in_support,periodic_resonance,0.9671176671981812
gearboxEmu/train/section_00_source_train_normal_0866_pro_A.wav,in_support,frequency_modulation,0.9169495701789856
gearboxEmu/train/section_00_source_train_normal_0867_pro_F.wav,in_support,frequency_modulation,0.9867324233055115
gearboxEmu/train/section_00_source_train_normal_0868_pro_F.wav,in_support,frequency_modulation,0.9592441916465759
gearboxEmu/train/section_00_source_train_normal_0869_pro_F.wav,in_support,frequency_modulation,0.9671099781990051
gearboxEmu/train/section_00_source_train_normal_0870_pro_E.wav,in_support,frequency_modulation,0.9896554946899414
gearboxEmu/train/section_00_source_train_normal_0871_pro_F.wav,in_support,amplitude_modulation,0.900558352470398
gearboxEmu/train/section_00_source_train_normal_0872_pro_E.wav,in_support,periodic_resonance,0.9951313138008118
gearboxEmu/train/section_00_source_train_normal_0873_pro_F.wav,in_support,periodic_resonance,0.8690391778945923
gearboxEmu/train/section_00_source_train_normal_0874_pro_B.wav,in_support,frequency_modulation,0.949427604675293
gearboxEmu/train/section_00_source_train_normal_0875_pro_E.wav,in_support,periodic_resonance,0.9938479065895081
gearboxEmu/train/section_00_source_train_normal_0876_pro_A.wav,in_support,amplitude_modulation,0.9537627696990967
gearboxEmu/train/section_00_source_train_normal_0877_pro_C.wav,in_support,frequency_modulation,0.3880961537361145
gearboxEmu/train/section_00_source_train_normal_0878_pro_D.wav,in_support,frequency_modulation,0.9877848029136658
gearboxEmu/train/section_00_source_train_normal_0879_pro_A.wav,in_support,frequency_modulation,0.942903995513916
gearboxEmu/train/section_00_source_train_normal_0880_pro_C.wav,in_support,amplitude_modulation,0.9823276996612549
gearboxEmu/train/section_00_source_train_normal_0881_pro_B.wav,in_support,amplitude_modulation,0.9221775531768799
gearboxEmu/train/section_00_source_train_normal_0882_pro_B.wav,in_support,periodic_resonance,0.5552329421043396
gearboxEmu/train/section_00_source_train_normal_0883_pro_E.wav,in_support,amplitude_modulation,0.4552336633205414
gearboxEmu/train/section_00_source_train_normal_0884_pro_F.wav,in_support,frequency_modulation,0.9634831547737122
gearboxEmu/train/section_00_source_train_normal_0885_pro_B.wav,in_support,amplitude_modulation,0.9003542065620422
gearboxEmu/train/section_00_source_train_normal_0886_pro_E.wav,in_support,periodic_resonance,0.9722676873207092
gearboxEmu/train/section_00_source_train_normal_0887_pro_B.wav,in_support,frequency_modulation,0.9796882271766663
gearboxEmu/train/section_00_source_train_normal_0888_pro_E.wav,in_support,frequency_modulation,0.8835195899009705
gearboxEmu/train/section_00_source_train_normal_0889_pro_D.wav,in_support,amplitude_modulation,0.9974004030227661
gearboxEmu/train/section_00_source_train_normal_0890_pro_C.wav,in_support,periodic_resonance,0.9300229549407959
gearboxEmu/train/section_00_source_train_normal_0891_pro_B.wav,in_support,amplitude_modulation,0.9480551481246948
gearboxEmu/train/section_00_source_train_normal_0892_pro_C.wav,in_support,amplitude_modulation,0.6379476189613342
gearboxEmu/train/section_00_source_train_normal_0893_pro_F.wav,in_support,amplitude_modulation,0.11429676413536072
gearboxEmu/train/section_00_source_train_normal_0894_pro_D.wav,in_support,amplitude_modulation,0.20136216282844543
gearboxEmu/train/section_00_source_train_normal_0895_pro_B.wav,in_support,amplitude_modulation,0.9732460379600525
gearboxEmu/train/section_00_source_train_normal_0896_pro_E.wav,in_support,amplitude_modulation,0.7421051859855652
gearboxEmu/train/section_00_source_train_normal_0897_pro_F.wav,in_support,amplitude_modulation,0.14135268330574036
gearboxEmu/train/section_00_source_train_normal_0898_pro_E.wav,in_support,periodic_resonance,0.9745084643363953
gearboxEmu/train/section_00_source_train_normal_0899_pro_C.wav,in_support,amplitude_modulation,0.9511013627052307
gearboxEmu/train/section_00_source_train_normal_0900_pro_D.wav,in_support,frequency_modulation,0.9126774072647095
gearboxEmu/train/section_00_source_train_normal_0901_pro_F.wav,in_support,frequency_modulation,0.381792813539505
gearboxEmu/train/section_00_source_train_normal_0902_pro_B.wav,in_support,frequency_modulation,0.9080864787101746
gearboxEmu/train/section_00_source_train_normal_0903_pro_C.wav,in_support,amplitude_modulation,0.9625145196914673
gearboxEmu/train/section_00_source_train_normal_0904_pro_A.wav,in_support,frequency_modulation,0.7967790961265564
gearboxEmu/train/section_00_source_train_normal_0905_pro_B.wav,in_support,amplitude_modulation,0.20381338894367218
gearboxEmu/train/section_00_source_train_normal_0906_pro_E.wav,in_support,frequency_modulation,0.973504364490509
gearboxEmu/train/section_00_source_train_normal_0907_pro_B.wav,in_support,periodic_resonance,0.7108041048049927
gearboxEmu/train/section_00_source_train_normal_0908_pro_D.wav,in_support,frequency_modulation,0.9908902645111084
gearboxEmu/train/section_00_source_train_normal_0909_pro_B.wav,in_support,amplitude_modulation,0.9704296588897705
gearboxEmu/train/section_00_source_train_normal_0910_pro_E.wav,in_support,frequency_modulation,0.9016358256340027
gearboxEmu/train/section_00_source_train_normal_0911_pro_E.wav,in_support,frequency_modulation,0.997071385383606
gearboxEmu/train/section_00_source_train_normal_0912_pro_B.wav,in_support,periodic_resonance,0.9091907739639282
gearboxEmu/train/section_00_source_train_normal_0913_pro_C.wav,in_support,frequency_modulation,0.9826914072036743
gearboxEmu/train/section_00_source_train_normal_0914_pro_F.wav,in_support,amplitude_modulation,0.05315849557518959
gearboxEmu/train/section_00_source_train_normal_0915_pro_A.wav,in_support,frequency_modulation,0.9044393301010132
gearboxEmu/train/section_00_source_train_normal_0916_pro_C.wav,in_support,amplitude_modulation,0.9034620523452759
gearboxEmu/train/section_00_source_train_normal_0917_pro_A.wav,in_support,amplitude_modulation,0.21724146604537964
gearboxEmu/train/section_00_source_train_normal_0918_pro_A.wav,in_support,frequency_modulation,0.8185765743255615
gearboxEmu/train/section_00_source_train_normal_0919_pro_B.wav,in_support,amplitude_modulation,0.9994543194770813
gearboxEmu/train/section_00_source_train_normal_0920_pro_D.wav,in_support,periodic_resonance,0.9859402775764465
gearboxEmu/train/section_00_source_train_normal_0921_pro_F.wav,in_support,periodic_resonance,0.46316125988960266
gearboxEmu/train/section_00_source_train_normal_0922_pro_A.wav,in_support,frequency_modulation,0.5560312867164612
gearboxEmu/train/section_00_source_train_normal_0923_pro_E.wav,in_support,amplitude_modulation,0.9542654752731323
gearboxEmu/train/section_00_source_train_normal_0924_pro_C.wav,in_support,frequency_modulation,0.13979564607143402
gearboxEmu/train/section_00_source_train_normal_0925_pro_D.wav,in_support,amplitude_modulation,0.9849042296409607
gearboxEmu/train/section_00_source_train_normal_0926_pro_D.wav,in_support,periodic_resonance,0.9392813444137573
gearboxEmu/train/section_00_source_train_normal_0927_pro_F.wav,in_support,amplitude_modulation,0.9865003228187561
gearboxEmu/train/section_00_source_train_normal_0928_pro_B.wav,in_support,amplitude_modulation,0.9636159539222717
gearboxEmu/train/section_00_source_train_normal_0929_pro_D.wav,in_support,frequency_modulation,0.9623334407806396
gearboxEmu/train/section_00_source_train_normal_0930_pro_C.wav,in_support,frequency_modulation,0.9139134883880615
gearboxEmu/train/section_00_source_train_normal_0931_pro_D.wav,in_support,amplitude_modulation,0.16216109693050385
gearboxEmu/train/section_00_source_train_normal_0932_pro_F.wav,in_support,frequency_modulation,0.9999912977218628
gearboxEmu/train/section_00_source_train_normal_0933_pro_B.wav,in_support,periodic_resonance,0.9641047120094299
gearboxEmu/train/section_00_source_train_normal_0934_pro_B.wav,in_support,periodic_resonance,0.24807095527648926
gearboxEmu/train/section_00_source_train_normal_0935_pro_A.wav,in_support,periodic_resonance,0.8727139830589294
gearboxEmu/train/section_00_source_train_normal_0936_pro_A.wav,in_support,frequency_modulation,0.9749736189842224
gearboxEmu/train/section_00_source_train_normal_0937_pro_E.wav,in_support,amplitude_modulation,0.6810988187789917
gearboxEmu/train/section_00_source_train_normal_0938_pro_B.wav,in_support,frequency_modulation,0.96426922082901
gearboxEmu/train/section_00_source_train_normal_0939_pro_C.wav,in_support,periodic_resonance,0.9142191410064697
gearboxEmu/train/section_00_source_train_normal_0940_pro_B.wav,in_support,periodic_resonance,0.32624122500419617
gearboxEmu/train/section_00_source_train_normal_0941_pro_F.wav,in_support,periodic_resonance,0.9992322325706482
gearboxEmu/train/section_00_source_train_normal_0942_pro_F.wav,in_support,frequency_modulation,0.9396712183952332
gearboxEmu/train/section_00_source_train_normal_0943_pro_D.wav,in_support,frequency_modulation,0.34150731563568115
gearboxEmu/train/section_00_source_train_normal_0944_pro_B.wav,in_support,frequency_modulation,0.9780968427658081
gearboxEmu/train/section_00_source_train_normal_0945_pro_F.wav,in_support,periodic_resonance,0.9946136474609375
gearboxEmu/train/section_00_source_train_normal_0946_pro_C.wav,in_support,periodic_resonance,0.9752017855644226
gearboxEmu/train/section_00_source_train_normal_0947_pro_A.wav,in_support,amplitude_modulation,0.9715178608894348
gearboxEmu/train/section_00_source_train_normal_0948_pro_C.wav,in_support,frequency_modulation,0.9551422595977783
gearboxEmu/train/section_00_source_train_normal_0949_pro_A.wav,in_support,periodic_resonance,0.7675734758377075
gearboxEmu/train/section_00_source_train_normal_0950_pro_B.wav,in_support,frequency_modulation,0.5304971933364868
gearboxEmu/train/section_00_source_train_normal_0951_pro_A.wav,in_support,frequency_modulation,0.9632433652877808
gearboxEmu/train/section_00_source_train_normal_0952_pro_D.wav,in_support,periodic_resonance,0.9241098165512085
gearboxEmu/train/section_00_source_train_normal_0953_pro_B.wav,in_support,amplitude_modulation,0.9093456268310547
gearboxEmu/train/section_00_source_train_normal_0954_pro_C.wav,in_support,frequency_modulation,0.7949456572532654
gearboxEmu/train/section_00_source_train_normal_0955_pro_A.wav,in_support,frequency_modulation,0.9333488941192627
gearboxEmu/train/section_00_source_train_normal_0956_pro_D.wav,in_support,periodic_resonance,0.945716142654419
gearboxEmu/train/section_00_source_train_normal_0957_pro_C.wav,in_support,amplitude_modulation,0.10603805631399155
gearboxEmu/train/section_00_source_train_normal_0958_pro_B.wav,in_support,amplitude_modulation,0.9996941089630127
gearboxEmu/train/section_00_source_train_normal_0959_pro_F.wav,in_support,frequency_modulation,0.9068787693977356
gearboxEmu/train/section_00_source_train_normal_0960_pro_E.wav,in_support,periodic_resonance,0.48789849877357483
gearboxEmu/train/section_00_source_train_normal_0961_pro_C.wav,in_support,amplitude_modulation,0.9753130674362183
gearboxEmu/train/section_00_source_train_normal_0962_pro_F.wav,in_support,amplitude_modulation,0.13449040055274963
gearboxEmu/train/section_00_source_train_normal_0963_pro_E.wav,in_support,periodic_resonance,0.7923117280006409
gearboxEmu/train/section_00_source_train_normal_0964_pro_A.wav,in_support,frequency_modulation,0.6987527012825012
gearboxEmu/train/section_00_source_train_normal_0965_pro_D.wav,in_support,periodic_resonance,0.9766986966133118
gearboxEmu/train/section_00_source_train_normal_0966_pro_F.wav,in_support,frequency_modulation,0.9190632104873657
gearboxEmu/train/section_00_source_train_normal_0967_pro_A.wav,in_support,amplitude_modulation,0.9826945662498474
gearboxEmu/train/section_00_source_train_normal_0968_pro_C.wav,in_support,periodic_resonance,0.9559177160263062
gearboxEmu/train/section_00_source_train_normal_0969_pro_F.wav,in_support,amplitude_modulation,0.8913785219192505
gearboxEmu/train/section_00_source_train_normal_0970_pro_F.wav,in_support,amplitude_modulation,0.07307030260562897
gearboxEmu/train/section_00_source_train_normal_0971_pro_A.wav,in_support,periodic_resonance,0.9998311400413513
gearboxEmu/train/section_00_source_train_normal_0972_pro_A.wav,in_support,amplitude_modulation,0.467366099357605
gearboxEmu/train/section_00_source_train_normal_0973_pro_C.wav,in_support,periodic_resonance,0.9282615780830383
gearboxEmu/train/section_00_source_train_normal_0974_pro_E.wav,in_support,amplitude_modulation,0.34989482164382935
gearboxEmu/train/section_00_source_train_normal_0975_pro_A.wav,in_support,amplitude_modulation,0.9769135117530823
gearboxEmu/train/section_00_source_train_normal_0976_pro_D.wav,in_support,periodic_resonance,0.9882535934448242
gearboxEmu/train/section_00_source_train_normal_0977_pro_F.wav,in_support,periodic_resonance,0.5877048969268799
gearboxEmu/train/section_00_source_train_normal_0978_pro_E.wav,in_support,frequency_modulation,0.9819595813751221
gearboxEmu/train/section_00_source_train_normal_0979_pro_D.wav,in_support,amplitude_modulation,0.9742222428321838
gearboxEmu/train/section_00_source_train_normal_0980_pro_D.wav,in_support,periodic_resonance,0.3198460340499878
gearboxEmu/train/section_00_source_train_normal_0981_pro_D.wav,in_support,periodic_resonance,0.9053271412849426
gearboxEmu/train/section_00_source_train_normal_0982_pro_E.wav,in_support,periodic_resonance,0.9632075428962708
gearboxEmu/train/section_00_source_train_normal_0983_pro_B.wav,in_support,frequency_modulation,0.9563690423965454
gearboxEmu/train/section_00_source_train_normal_0984_pro_E.wav,in_support,amplitude_modulation,0.13140815496444702
gearboxEmu/train/section_00_source_train_normal_0985_pro_B.wav,in_support,frequency_modulation,0.9077490568161011
gearboxEmu/train/section_00_source_train_normal_0986_pro_D.wav,in_support,periodic_resonance,0.9981220364570618
gearboxEmu/train/section_00_source_train_normal_0987_pro_D.wav,in_support,frequency_modulation,0.7859060168266296
gearboxEmu/train/section_00_source_train_normal_0988_pro_A.wav,in_support,frequency_modulation,0.9403643012046814
gearboxEmu/train/section_00_source_train_normal_0989_pro_E.wav,in_support,amplitude_modulation,0.33690565824508667
gearboxEmu/train/section_00_target_train_normal_0000_pro_X.wav,in_support,amplitude_modulation,0.9267284870147705
gearboxEmu/train/section_00_target_train_normal_0001_pro_Z.wav,in_support,periodic_resonance,0.6023752093315125
gearboxEmu/train/section_00_target_train_normal_0002_pro_Y.wav,in_support,frequency_modulation,0.49780064821243286
gearboxEmu/train/section_00_target_train_normal_0003_pro_Y.wav,in_support,frequency_modulation,0.6724051237106323
gearboxEmu/train/section_00_target_train_normal_0004_pro_Y.wav,in_support,amplitude_modulation,0.869590163230896
gearboxEmu/train/section_00_target_train_normal_0005_pro_Z.wav,in_support,periodic_resonance,0.7909366488456726
gearboxEmu/train/section_00_target_train_normal_0006_pro_X.wav,in_support,amplitude_modulation,0.9850677847862244
gearboxEmu/train/section_00_target_train_normal_0007_pro_X.wav,in_support,amplitude_modulation,0.9875682592391968
gearboxEmu/train/section_00_target_train_normal_0008_pro_Z.wav,in_support,frequency_modulation,0.9915270805358887
gearboxEmu/train/section_00_target_train_normal_0009_pro_Z.wav,in_support,frequency_modulation,0.9543794393539429
sliderEmu/train/section_00_source_train_normal_0000_noAttribute.wav,in_support,periodic_resonance,0.9354186058044434
sliderEmu/train/section_00_source_train_normal_0001_noAttribute.wav,in_support,amplitude_modulation,0.4107625484466553
sliderEmu/train/section_00_source_train_normal_0002_noAttribute.wav,in_support,frequency_modulation,0.9736695289611816
sliderEmu/train/section_00_source_train_normal_0003_noAttribute.wav,in_support,amplitude_modulation,0.9852585196495056
sliderEmu/train/section_00_source_train_normal_0004_noAttribute.wav,in_support,frequency_modulation,0.9259188771247864
sliderEmu/train/section_00_source_train_normal_0005_noAttribute.wav,in_support,periodic_resonance,0.947968602180481
sliderEmu/train/section_00_source_train_normal_0006_noAttribute.wav,in_support,periodic_resonance,0.9348839521408081
sliderEmu/train/section_00_source_train_normal_0007_noAttribute.wav,in_support,amplitude_modulation,0.3517550528049469
sliderEmu/train/section_00_source_train_normal_0008_noAttribute.wav,in_support,periodic_resonance,0.9481884241104126
sliderEmu/train/section_00_source_train_normal_0009_noAttribute.wav,in_support,frequency_modulation,0.9366636872291565
sliderEmu/train/section_00_source_train_normal_0010_noAttribute.wav,in_support,periodic_resonance,0.9393593668937683
sliderEmu/train/section_00_source_train_normal_0011_noAttribute.wav,in_support,periodic_resonance,0.9743484854698181
sliderEmu/train/section_00_source_train_normal_0012_noAttribute.wav,in_support,amplitude_modulation,0.9976535439491272
sliderEmu/train/section_00_source_train_normal_0013_noAttribute.wav,in_support,frequency_modulation,0.9264647960662842
sliderEmu/train/section_00_source_train_normal_0014_noAttribute.wav,in_support,frequency_modulation,0.9305798411369324
sliderEmu/train/section_00_source_train_normal_0015_noAttribute.wav,in_support,amplitude_modulation,0.7572050094604492
sliderEmu/train/section_00_source_train_normal_0016_noAttribute.wav,in_support,amplitude_modulation,0.957988977432251
sliderEmu/train/section_00_source_train_normal_0017_noAttribute.wav,in_support,amplitude_modulation,0.8467485904693604
sliderEmu/train/section_00_source_train_normal_0018_noAttribute.wav,in_support,amplitude_modulation,0.9386194944381714
sliderEmu/train/section_00_source_train_normal_0019_noAttribute.wav,in_support,amplitude_modulation,0.9646921753883362
sliderEmu/train/section_00_source_train_normal_0020_noAttribute.wav,in_support,frequency_modulation,0.9741287231445312
sliderEmu/train/section_00_source_train_normal_0021_noAttribute.wav,in_support,periodic_resonance,0.9777138829231262
sliderEmu/train/section_00_source_train_normal_0022_noAttribute.wav,in_support,amplitude_modulation,0.8409700393676758
sliderEmu/train/section_00_source_train_normal_0023_noAttribute.wav,in_support,amplitude_modulation,0.5107768177986145
sliderEmu/train/section_00_source_train_normal_0024_noAttribute.wav,in_support,amplitude_modulation,0.9799240231513977
sliderEmu/train/section_00_source_train_normal_0025_noAttribute.wav,in_support,amplitude_modulation,0.3627745807170868
sliderEmu/train/section_00_source_train_normal_0026_noAttribute.wav,in_support,amplitude_modulation,0.6905693411827087
sliderEmu/train/section_00_source_train_normal_0027_noAttribute.wav,in_support,periodic_resonance,0.9799902439117432
sliderEmu/train/section_00_source_train_normal_0028_noAttribute.wav,in_support,amplitude_modulation,0.9227116703987122
sliderEmu/train/section_00_source_train_normal_0029_noAttribute.wav,in_support,frequency_modulation,0.9184356927871704
sliderEmu/train/section_00_source_train_normal_0030_noAttribute.wav,in_support,frequency_modulation,0.9345977902412415
sliderEmu/train/section_00_source_train_normal_0031_noAttribute.wav,in_support,frequency_modulation,0.9650095701217651
sliderEmu/train/section_00_source_train_normal_0032_noAttribute.wav,in_support,frequency_modulation,0.9180879592895508
sliderEmu/train/section_00_source_train_normal_0033_noAttribute.wav,in_support,amplitude_modulation,0.6797112226486206
sliderEmu/train/section_00_source_train_normal_0034_noAttribute.wav,in_support,frequency_modulation,0.9693898558616638
sliderEmu/train/section_00_source_train_normal_0035_noAttribute.wav,in_support,amplitude_modulation,0.9705939888954163
sliderEmu/train/section_00_source_train_normal_0036_noAttribute.wav,in_support,frequency_modulation,0.9251494407653809
sliderEmu/train/section_00_source_train_normal_0037_noAttribute.wav,in_support,amplitude_modulation,0.9991639852523804
sliderEmu/train/section_00_source_train_normal_0038_noAttribute.wav,in_support,amplitude_modulation,0.9858624339103699
sliderEmu/train/section_00_source_train_normal_0039_noAttribute.wav,in_support,periodic_resonance,0.9847637414932251
sliderEmu/train/section_00_source_train_normal_0040_noAttribute.wav,in_support,frequency_modulation,0.6346200108528137
sliderEmu/train/section_00_source_train_normal_0041_noAttribute.wav,in_support,frequency_modulation,0.940750777721405
sliderEmu/train/section_00_source_train_normal_0042_noAttribute.wav,in_support,frequency_modulation,0.9788801074028015
sliderEmu/train/section_00_source_train_normal_0043_noAttribute.wav,in_support,frequency_modulation,0.8374459743499756
sliderEmu/train/section_00_source_train_normal_0044_noAttribute.wav,in_support,frequency_modulation,0.9598717093467712
sliderEmu/train/section_00_source_train_normal_0045_noAttribute.wav,in_support,periodic_resonance,0.9646148681640625
sliderEmu/train/section_00_source_train_normal_0046_noAttribute.wav,in_support,frequency_modulation,0.9720297455787659
sliderEmu/train/section_00_source_train_normal_0047_noAttribute.wav,in_support,periodic_resonance,0.9426052570343018
sliderEmu/train/section_00_source_train_normal_0048_noAttribute.wav,in_support,periodic_resonance,0.9420008659362793
sliderEmu/train/section_00_source_train_normal_0049_noAttribute.wav,in_support,periodic_resonance,0.9912634491920471
sliderEmu/train/section_00_source_train_normal_0050_noAttribute.wav,in_support,periodic_resonance,0.9902184009552002
sliderEmu/train/section_00_source_train_normal_0051_noAttribute.wav,in_support,amplitude_modulation,0.9400509595870972
sliderEmu/train/section_00_source_train_normal_0052_noAttribute.wav,in_support,periodic_resonance,0.9898500442504883
sliderEmu/train/section_00_source_train_normal_0053_noAttribute.wav,in_support,amplitude_modulation,0.9849289059638977
sliderEmu/train/section_00_source_train_normal_0054_noAttribute.wav,in_support,frequency_modulation,0.8369529247283936
sliderEmu/train/section_00_source_train_normal_0055_noAttribute.wav,in_support,periodic_resonance,0.9999877214431763
sliderEmu/train/section_00_source_train_normal_0056_noAttribute.wav,in_support,amplitude_modulation,0.9929310083389282
sliderEmu/train/section_00_source_train_normal_0057_noAttribute.wav,in_support,amplitude_modulation,0.9390078783035278
sliderEmu/train/section_00_source_train_normal_0058_noAttribute.wav,in_support,periodic_resonance,0.9956274032592773
sliderEmu/train/section_00_source_train_normal_0059_noAttribute.wav,in_support,periodic_resonance,0.9367889165878296
sliderEmu/train/section_00_source_train_normal_0060_noAttribute.wav,in_support,amplitude_modulation,0.9014654755592346
sliderEmu/train/section_00_source_train_normal_0061_noAttribute.wav,in_support,periodic_resonance,0.9967904090881348
sliderEmu/train/section_00_source_train_normal_0062_noAttribute.wav,in_support,frequency_modulation,0.9847947955131531
sliderEmu/train/section_00_source_train_normal_0063_noAttribute.wav,in_support,periodic_resonance,0.971402645111084
sliderEmu/train/section_00_source_train_normal_0064_noAttribute.wav,in_support,frequency_modulation,0.9851797819137573
sliderEmu/train/section_00_source_train_normal_0065_noAttribute.wav,in_support,frequency_modulation,0.9815934896469116
sliderEmu/train/section_00_source_train_normal_0066_noAttribute.wav,in_support,frequency_modulation,0.9544944763183594
sliderEmu/train/section_00_source_train_normal_0067_noAttribute.wav,in_support,frequency_modulation,0.9706812500953674
sliderEmu/train/section_00_source_train_normal_0068_noAttribute.wav,in_support,amplitude_modulation,0.9620558023452759
sliderEmu/train/section_00_source_train_normal_0069_noAttribute.wav,in_support,periodic_resonance,0.9468182921409607
sliderEmu/train/section_00_source_train_normal_0070_noAttribute.wav,in_support,frequency_modulation,0.9752601981163025
sliderEmu/train/section_00_source_train_normal_0071_noAttribute.wav,in_support,periodic_resonance,0.9940279126167297
sliderEmu/train/section_00_source_train_normal_0072_noAttribute.wav,in_support,frequency_modulation,0.9900305271148682
sliderEmu/train/section_00_source_train_normal_0073_noAttribute.wav,in_support,frequency_modulation,0.9549939036369324
sliderEmu/train/section_00_source_train_normal_0074_noAttribute.wav,in_support,frequency_modulation,0.9875178933143616
sliderEmu/train/section_00_source_train_normal_0075_noAttribute.wav,in_support,frequency_modulation,0.9022651314735413
sliderEmu/train/section_00_source_train_normal_0076_noAttribute.wav,in_support,periodic_resonance,0.9478679299354553
sliderEmu/train/section_00_source_train_normal_0077_noAttribute.wav,in_support,periodic_resonance,0.9477592706680298
sliderEmu/train/section_00_source_train_normal_0078_noAttribute.wav,in_support,periodic_resonance,0.9891837239265442
sliderEmu/train/section_00_source_train_normal_0079_noAttribute.wav,in_support,frequency_modulation,0.9820197224617004
sliderEmu/train/section_00_source_train_normal_0080_noAttribute.wav,in_support,frequency_modulation,0.9622663855552673
sliderEmu/train/section_00_source_train_normal_0081_noAttribute.wav,in_support,frequency_modulation,0.9841095209121704
sliderEmu/train/section_00_source_train_normal_0082_noAttribute.wav,in_support,periodic_resonance,0.9160870909690857
sliderEmu/train/section_00_source_train_normal_0083_noAttribute.wav,in_support,frequency_modulation,0.9424461126327515
sliderEmu/train/section_00_source_train_normal_0084_noAttribute.wav,in_support,periodic_resonance,0.988791286945343
sliderEmu/train/section_00_source_train_normal_0085_noAttribute.wav,in_support,periodic_resonance,0.9718919396400452
sliderEmu/train/section_00_source_train_normal_0086_noAttribute.wav,in_support,frequency_modulation,0.9948223233222961
sliderEmu/train/section_00_source_train_normal_0087_noAttribute.wav,in_support,amplitude_modulation,0.9299936294555664
sliderEmu/train/section_00_source_train_normal_0088_noAttribute.wav,in_support,frequency_modulation,0.9862037897109985
sliderEmu/train/section_00_source_train_normal_0089_noAttribute.wav,in_support,frequency_modulation,0.8425382375717163
sliderEmu/train/section_00_source_train_normal_0090_noAttribute.wav,in_support,periodic_resonance,0.9889988899230957
sliderEmu/train/section_00_source_train_normal_0091_noAttribute.wav,in_support,periodic_resonance,0.5588259100914001
sliderEmu/train/section_00_source_train_normal_0092_noAttribute.wav,in_support,periodic_resonance,0.9203866720199585
sliderEmu/train/section_00_source_train_normal_0093_noAttribute.wav,in_support,periodic_resonance,0.9538531303405762
sliderEmu/train/section_00_source_train_normal_0094_noAttribute.wav,in_support,periodic_resonance,0.9848552346229553
sliderEmu/train/section_00_source_train_normal_0095_noAttribute.wav,in_support,frequency_modulation,0.9536935091018677
sliderEmu/train/section_00_source_train_normal_0096_noAttribute.wav,in_support,frequency_modulation,0.9942877888679504
sliderEmu/train/section_00_source_train_normal_0097_noAttribute.wav,in_support,frequency_modulation,0.7781405448913574
sliderEmu/train/section_00_source_train_normal_0098_noAttribute.wav,in_support,periodic_resonance,0.9455578923225403
sliderEmu/train/section_00_source_train_normal_0099_noAttribute.wav,in_support,periodic_resonance,0.9380927085876465
sliderEmu/train/section_00_source_train_normal_0100_noAttribute.wav,in_support,frequency_modulation,0.9859265089035034
sliderEmu/train/section_00_source_train_normal_0101_noAttribute.wav,in_support,frequency_modulation,0.892720103263855
sliderEmu/train/section_00_source_train_normal_0102_noAttribute.wav,in_support,amplitude_modulation,0.9150872230529785
sliderEmu/train/section_00_source_train_normal_0103_noAttribute.wav,in_support,periodic_resonance,0.954327404499054
sliderEmu/train/section_00_source_train_normal_0104_noAttribute.wav,in_support,amplitude_modulation,0.955562949180603
sliderEmu/train/section_00_source_train_normal_0105_noAttribute.wav,in_support,periodic_resonance,0.9459031224250793
sliderEmu/train/section_00_source_train_normal_0106_noAttribute.wav,in_support,frequency_modulation,0.8687447905540466
sliderEmu/train/section_00_source_train_normal_0107_noAttribute.wav,in_support,amplitude_modulation,0.9589414596557617
sliderEmu/train/section_00_source_train_normal_0108_noAttribute.wav,in_support,amplitude_modulation,0.38992950320243835
sliderEmu/train/section_00_source_train_normal_0109_noAttribute.wav,in_support,frequency_modulation,0.9381866455078125
sliderEmu/train/section_00_source_train_normal_0110_noAttribute.wav,in_support,frequency_modulation,0.9619547724723816
sliderEmu/train/section_00_source_train_normal_0111_noAttribute.wav,in_support,amplitude_modulation,0.9821811318397522
sliderEmu/train/section_00_source_train_normal_0112_noAttribute.wav,in_support,frequency_modulation,0.944786787033081
sliderEmu/train/section_00_source_train_normal_0113_noAttribute.wav,in_support,frequency_modulation,0.9628428220748901
sliderEmu/train/section_00_source_train_normal_0114_noAttribute.wav,in_support,periodic_resonance,0.9909553527832031
sliderEmu/train/section_00_source_train_normal_0115_noAttribute.wav,in_support,frequency_modulation,0.5417630076408386
sliderEmu/train/section_00_source_train_normal_0116_noAttribute.wav,in_support,amplitude_modulation,0.9878779649734497
sliderEmu/train/section_00_source_train_normal_0117_noAttribute.wav,in_support,amplitude_modulation,0.7312824726104736
sliderEmu/train/section_00_source_train_normal_0118_noAttribute.wav,in_support,frequency_modulation,0.9733279347419739
sliderEmu/train/section_00_source_train_normal_0119_noAttribute.wav,in_support,periodic_resonance,0.9642694592475891
sliderEmu/train/section_00_source_train_normal_0120_noAttribute.wav,in_support,amplitude_modulation,0.9703813195228577
sliderEmu/train/section_00_source_train_normal_0121_noAttribute.wav,in_support,periodic_resonance,0.8412395715713501
sliderEmu/train/section_00_source_train_normal_0122_noAttribute.wav,in_support,amplitude_modulation,0.948887288570404
sliderEmu/train/section_00_source_train_normal_0123_noAttribute.wav,in_support,amplitude_modulation,0.96745365858078
sliderEmu/train/section_00_source_train_normal_0124_noAttribute.wav,in_support,periodic_resonance,0.6348809003829956
sliderEmu/train/section_00_source_train_normal_0125_noAttribute.wav,in_support,amplitude_modulation,0.9513463377952576
sliderEmu/train/section_00_source_train_normal_0126_noAttribute.wav,in_support,amplitude_modulation,0.1903350055217743
sliderEmu/train/section_00_source_train_normal_0127_noAttribute.wav,in_support,amplitude_modulation,0.27729150652885437
sliderEmu/train/section_00_source_train_normal_0128_noAttribute.wav,in_support,amplitude_modulation,0.9984210729598999
sliderEmu/train/section_00_source_train_normal_0129_noAttribute.wav,in_support,frequency_modulation,0.9862062335014343
sliderEmu/train/section_00_source_train_normal_0130_noAttribute.wav,in_support,periodic_resonance,0.9352875351905823
sliderEmu/train/section_00_source_train_normal_0131_noAttribute.wav,in_support,amplitude_modulation,0.9581660032272339
sliderEmu/train/section_00_source_train_normal_0132_noAttribute.wav,in_support,periodic_resonance,0.7589479684829712
sliderEmu/train/section_00_source_train_normal_0133_noAttribute.wav,in_support,frequency_modulation,0.9608991146087646
sliderEmu/train/section_00_source_train_normal_0134_noAttribute.wav,in_support,periodic_resonance,0.9823276996612549
sliderEmu/train/section_00_source_train_normal_0135_noAttribute.wav,in_support,frequency_modulation,0.9882221817970276
sliderEmu/train/section_00_source_train_normal_0136_noAttribute.wav,in_support,frequency_modulation,0.9628742337226868
sliderEmu/train/section_00_source_train_normal_0137_noAttribute.wav,in_support,frequency_modulation,0.7742491960525513
sliderEmu/train/section_00_source_train_normal_0138_noAttribute.wav,in_support,frequency_modulation,0.8628402352333069
sliderEmu/train/section_00_source_train_normal_0139_noAttribute.wav,in_support,frequency_modulation,0.859566330909729
sliderEmu/train/section_00_source_train_normal_0140_noAttribute.wav,in_support,amplitude_modulation,0.8463006019592285
sliderEmu/train/section_00_source_train_normal_0141_noAttribute.wav,in_support,periodic_resonance,0.9070509672164917
sliderEmu/train/section_00_source_train_normal_0142_noAttribute.wav,in_support,periodic_resonance,0.9928985238075256
sliderEmu/train/section_00_source_train_normal_0143_noAttribute.wav,in_support,amplitude_modulation,0.9170919060707092
sliderEmu/train/section_00_source_train_normal_0144_noAttribute.wav,in_support,frequency_modulation,0.9981409311294556
sliderEmu/train/section_00_source_train_normal_0145_noAttribute.wav,in_support,frequency_modulation,0.9692828059196472
sliderEmu/train/section_00_source_train_normal_0146_noAttribute.wav,in_support,amplitude_modulation,0.5208361148834229
sliderEmu/train/section_00_source_train_normal_0147_noAttribute.wav,in_support,periodic_resonance,0.9515028595924377
sliderEmu/train/section_00_source_train_normal_0148_noAttribute.wav,in_support,periodic_resonance,0.9807742238044739
sliderEmu/train/section_00_source_train_normal_0149_noAttribute.wav,in_support,periodic_resonance,0.9175386428833008
sliderEmu/train/section_00_source_train_normal_0150_noAttribute.wav,in_support,frequency_modulation,0.9910735487937927
sliderEmu/train/section_00_source_train_normal_0151_noAttribute.wav,in_support,periodic_resonance,0.9694637656211853
sliderEmu/train/section_00_source_train_normal_0152_noAttribute.wav,in_support,periodic_resonance,0.9839909076690674
sliderEmu/train/section_00_source_train_normal_0153_noAttribute.wav,in_support,frequency_modulation,0.9894664883613586
sliderEmu/train/section_00_source_train_normal_0154_noAttribute.wav,in_support,frequency_modulation,0.820034921169281
sliderEmu/train/section_00_source_train_normal_0155_noAttribute.wav,in_support,amplitude_modulation,0.9612685441970825
sliderEmu/train/section_00_source_train_normal_0156_noAttribute.wav,in_support,amplitude_modulation,0.962415337562561
sliderEmu/train/section_00_source_train_normal_0157_noAttribute.wav,in_support,amplitude_modulation,0.5666296482086182
sliderEmu/train/section_00_source_train_normal_0158_noAttribute.wav,in_support,periodic_resonance,0.959610641002655
sliderEmu/train/section_00_source_train_normal_0159_noAttribute.wav,in_support,amplitude_modulation,0.9816277027130127
sliderEmu/train/section_00_source_train_normal_0160_noAttribute.wav,in_support,frequency_modulation,0.8758445382118225
sliderEmu/train/section_00_source_train_normal_0161_noAttribute.wav,in_support,frequency_modulation,0.9399817585945129
sliderEmu/train/section_00_source_train_normal_0162_noAttribute.wav,in_support,periodic_resonance,0.9699015021324158
sliderEmu/train/section_00_source_train_normal_0163_noAttribute.wav,in_support,frequency_modulation,0.9710589647293091
sliderEmu/train/section_00_source_train_normal_0164_noAttribute.wav,in_support,frequency_modulation,0.9753604531288147
sliderEmu/train/section_00_source_train_normal_0165_noAttribute.wav,in_support,periodic_resonance,0.9812164902687073
sliderEmu/train/section_00_source_train_normal_0166_noAttribute.wav,in_support,periodic_resonance,0.5273686647415161
sliderEmu/train/section_00_source_train_normal_0167_noAttribute.wav,in_support,amplitude_modulation,0.9854808449745178
sliderEmu/train/section_00_source_train_normal_0168_noAttribute.wav,in_support,periodic_resonance,0.8428717255592346
sliderEmu/train/section_00_source_train_normal_0169_noAttribute.wav,in_support,amplitude_modulation,0.156973734498024
sliderEmu/train/section_00_source_train_normal_0170_noAttribute.wav,in_support,periodic_resonance,0.8520013689994812
sliderEmu/train/section_00_source_train_normal_0171_noAttribute.wav,in_support,amplitude_modulation,0.9217045307159424
sliderEmu/train/section_00_source_train_normal_0172_noAttribute.wav,in_support,amplitude_modulation,0.0541016086935997
sliderEmu/train/section_00_source_train_normal_0173_noAttribute.wav,in_support,periodic_resonance,0.980742871761322
sliderEmu/train/section_00_source_train_normal_0174_noAttribute.wav,in_support,amplitude_modulation,0.9770949482917786
sliderEmu/train/section_00_source_train_normal_0175_noAttribute.wav,in_support,frequency_modulation,0.9850378632545471
sliderEmu/train/section_00_source_train_normal_0176_noAttribute.wav,in_support,periodic_resonance,0.9856026768684387
sliderEmu/train/section_00_source_train_normal_0177_noAttribute.wav,in_support,periodic_resonance,0.9387256503105164
sliderEmu/train/section_00_source_train_normal_0178_noAttribute.wav,in_support,periodic_resonance,0.9620880484580994
sliderEmu/train/section_00_source_train_normal_0179_noAttribute.wav,in_support,frequency_modulation,0.9616805911064148
sliderEmu/train/section_00_source_train_normal_0180_noAttribute.wav,in_support,periodic_resonance,0.5984722375869751
sliderEmu/train/section_00_source_train_normal_0181_noAttribute.wav,in_support,amplitude_modulation,0.9245768785476685
sliderEmu/train/section_00_source_train_normal_0182_noAttribute.wav,in_support,frequency_modulation,0.6201302409172058
sliderEmu/train/section_00_source_train_normal_0183_noAttribute.wav,in_support,periodic_resonance,0.9959654808044434
sliderEmu/train/section_00_source_train_normal_0184_noAttribute.wav,in_support,periodic_resonance,0.988023579120636
sliderEmu/train/section_00_source_train_normal_0185_noAttribute.wav,in_support,frequency_modulation,0.9097324013710022
sliderEmu/train/section_00_source_train_normal_0186_noAttribute.wav,in_support,periodic_resonance,0.9789534211158752
sliderEmu/train/section_00_source_train_normal_0187_noAttribute.wav,in_support,frequency_modulation,0.4666011929512024
sliderEmu/train/section_00_source_train_normal_0188_noAttribute.wav,in_support,amplitude_modulation,0.8849006295204163
sliderEmu/train/section_00_source_train_normal_0189_noAttribute.wav,in_support,amplitude_modulation,0.9067533612251282
sliderEmu/train/section_00_source_train_normal_0190_noAttribute.wav,in_support,amplitude_modulation,0.9976190328598022
sliderEmu/train/section_00_source_train_normal_0191_noAttribute.wav,in_support,amplitude_modulation,0.974188506603241
sliderEmu/train/section_00_source_train_normal_0192_noAttribute.wav,in_support,frequency_modulation,0.9359899163246155
sliderEmu/train/section_00_source_train_normal_0193_noAttribute.wav,in_support,frequency_modulation,0.9670334458351135
sliderEmu/train/section_00_source_train_normal_0194_noAttribute.wav,in_support,frequency_modulation,0.9758461117744446
sliderEmu/train/section_00_source_train_normal_0195_noAttribute.wav,in_support,frequency_modulation,0.922119140625
sliderEmu/train/section_00_source_train_normal_0196_noAttribute.wav,in_support,amplitude_modulation,0.904303252696991
sliderEmu/train/section_00_source_train_normal_0197_noAttribute.wav,in_support,amplitude_modulation,0.9827316999435425
sliderEmu/train/section_00_source_train_normal_0198_noAttribute.wav,in_support,amplitude_modulation,0.9686104655265808
sliderEmu/train/section_00_source_train_normal_0199_noAttribute.wav,in_support,amplitude_modulation,0.9868049621582031
sliderEmu/train/section_00_source_train_normal_0200_noAttribute.wav,in_support,amplitude_modulation,0.93364018201828
sliderEmu/train/section_00_source_train_normal_0201_noAttribute.wav,in_support,frequency_modulation,0.7456626296043396
sliderEmu/train/section_00_source_train_normal_0202_noAttribute.wav,in_support,frequency_modulation,0.906821608543396
sliderEmu/train/section_00_source_train_normal_0203_noAttribute.wav,in_support,amplitude_modulation,0.959557294845581
sliderEmu/train/section_00_source_train_normal_0204_noAttribute.wav,in_support,amplitude_modulation,0.936682939529419
sliderEmu/train/section_00_source_train_normal_0205_noAttribute.wav,in_support,frequency_modulation,0.2792781889438629
sliderEmu/train/section_00_source_train_normal_0206_noAttribute.wav,in_support,amplitude_modulation,0.9861700534820557
sliderEmu/train/section_00_source_train_normal_0207_noAttribute.wav,in_support,frequency_modulation,0.9225857853889465
sliderEmu/train/section_00_source_train_normal_0208_noAttribute.wav,in_support,frequency_modulation,0.978445291519165
sliderEmu/train/section_00_source_train_normal_0209_noAttribute.wav,in_support,amplitude_modulation,0.9384291768074036
sliderEmu/train/section_00_source_train_normal_0210_noAttribute.wav,in_support,amplitude_modulation,0.945851743221283
sliderEmu/train/section_00_source_train_normal_0211_noAttribute.wav,in_support,amplitude_modulation,0.9887598752975464
sliderEmu/train/section_00_source_train_normal_0212_noAttribute.wav,in_support,amplitude_modulation,0.9883862137794495
sliderEmu/train/section_00_source_train_normal_0213_noAttribute.wav,in_support,periodic_resonance,0.9880438446998596
sliderEmu/train/section_00_source_train_normal_0214_noAttribute.wav,in_support,frequency_modulation,0.9527206420898438
sliderEmu/train/section_00_source_train_normal_0215_noAttribute.wav,in_support,periodic_resonance,0.9900833964347839
sliderEmu/train/section_00_source_train_normal_0216_noAttribute.wav,in_support,periodic_resonance,0.9489561319351196
sliderEmu/train/section_00_source_train_normal_0217_noAttribute.wav,in_support,amplitude_modulation,0.18497321009635925
sliderEmu/train/section_00_source_train_normal_0218_noAttribute.wav,in_support,amplitude_modulation,0.9473385810852051
sliderEmu/train/section_00_source_train_normal_0219_noAttribute.wav,in_support,amplitude_modulation,0.19148527085781097
sliderEmu/train/section_00_source_train_normal_0220_noAttribute.wav,in_support,amplitude_modulation,0.9325525164604187
sliderEmu/train/section_00_source_train_normal_0221_noAttribute.wav,in_support,frequency_modulation,0.957789421081543
sliderEmu/train/section_00_source_train_normal_0222_noAttribute.wav,in_support,periodic_resonance,0.9826996922492981
sliderEmu/train/section_00_source_train_normal_0223_noAttribute.wav,in_support,periodic_resonance,0.9905562996864319
sliderEmu/train/section_00_source_train_normal_0224_noAttribute.wav,in_support,periodic_resonance,0.9734448790550232
sliderEmu/train/section_00_source_train_normal_0225_noAttribute.wav,in_support,frequency_modulation,0.9597819447517395
sliderEmu/train/section_00_source_train_normal_0226_noAttribute.wav,in_support,amplitude_modulation,0.9082576632499695
sliderEmu/train/section_00_source_train_normal_0227_noAttribute.wav,in_support,amplitude_modulation,0.3369157314300537
sliderEmu/train/section_00_source_train_normal_0228_noAttribute.wav,in_support,frequency_modulation,0.9957005977630615
sliderEmu/train/section_00_source_train_normal_0229_noAttribute.wav,in_support,amplitude_modulation,0.6197871565818787
sliderEmu/train/section_00_source_train_normal_0230_noAttribute.wav,in_support,periodic_resonance,0.9815195202827454
sliderEmu/train/section_00_source_train_normal_0231_noAttribute.wav,in_support,amplitude_modulation,0.9974114894866943
sliderEmu/train/section_00_source_train_normal_0232_noAttribute.wav,in_support,amplitude_modulation,0.8156717419624329
sliderEmu/train/section_00_source_train_normal_0233_noAttribute.wav,in_support,amplitude_modulation,0.8468039035797119
sliderEmu/train/section_00_source_train_normal_0234_noAttribute.wav,in_support,amplitude_modulation,0.9962464570999146
sliderEmu/train/section_00_source_train_normal_0235_noAttribute.wav,in_support,amplitude_modulation,0.6966466307640076
sliderEmu/train/section_00_source_train_normal_0236_noAttribute.wav,in_support,periodic_resonance,0.9892891645431519
sliderEmu/train/section_00_source_train_normal_0237_noAttribute.wav,in_support,periodic_resonance,0.9875463843345642
sliderEmu/train/section_00_source_train_normal_0238_noAttribute.wav,in_support,frequency_modulation,0.9774808287620544
sliderEmu/train/section_00_source_train_normal_0239_noAttribute.wav,in_support,amplitude_modulation,0.6586318016052246
sliderEmu/train/section_00_source_train_normal_0240_noAttribute.wav,in_support,amplitude_modulation,0.20573994517326355
sliderEmu/train/section_00_source_train_normal_0241_noAttribute.wav,in_support,periodic_resonance,0.9908785223960876
sliderEmu/train/section_00_source_train_normal_0242_noAttribute.wav,in_support,amplitude_modulation,0.8338257670402527
sliderEmu/train/section_00_source_train_normal_0243_noAttribute.wav,in_support,frequency_modulation,0.45016953349113464
sliderEmu/train/section_00_source_train_normal_0244_noAttribute.wav,in_support,periodic_resonance,0.9711921215057373
sliderEmu/train/section_00_source_train_normal_0245_noAttribute.wav,in_support,frequency_modulation,0.9029999375343323
sliderEmu/train/section_00_source_train_normal_0246_noAttribute.wav,in_support,periodic_resonance,0.9961720108985901
sliderEmu/train/section_00_source_train_normal_0247_noAttribute.wav,in_support,amplitude_modulation,0.09899421781301498
sliderEmu/train/section_00_source_train_normal_0248_noAttribute.wav,in_support,frequency_modulation,0.7109144926071167
sliderEmu/train/section_00_source_train_normal_0249_noAttribute.wav,in_support,amplitude_modulation,0.7257713675498962
sliderEmu/train/section_00_source_train_normal_0250_noAttribute.wav,in_support,frequency_modulation,0.9975650906562805
sliderEmu/train/section_00_source_train_normal_0251_noAttribute.wav,in_support,frequency_modulation,0.9644417762756348
sliderEmu/train/section_00_source_train_normal_0252_noAttribute.wav,in_support,periodic_resonance,0.9839634299278259
sliderEmu/train/section_00_source_train_normal_0253_noAttribute.wav,in_support,periodic_resonance,0.9151895642280579
sliderEmu/train/section_00_source_train_normal_0254_noAttribute.wav,in_support,frequency_modulation,0.9693444967269897
sliderEmu/train/section_00_source_train_normal_0255_noAttribute.wav,in_support,periodic_resonance,0.9747672080993652
sliderEmu/train/section_00_source_train_normal_0256_noAttribute.wav,in_support,periodic_resonance,0.9491674304008484
sliderEmu/train/section_00_source_train_normal_0257_noAttribute.wav,in_support,frequency_modulation,0.7860484719276428
sliderEmu/train/section_00_source_train_normal_0258_noAttribute.wav,in_support,frequency_modulation,0.21759061515331268
sliderEmu/train/section_00_source_train_normal_0259_noAttribute.wav,in_support,frequency_modulation,0.9793558120727539
sliderEmu/train/section_00_source_train_normal_0260_noAttribute.wav,in_support,amplitude_modulation,0.6453550457954407
sliderEmu/train/section_00_source_train_normal_0261_noAttribute.wav,in_support,amplitude_modulation,0.996638298034668
sliderEmu/train/section_00_source_train_normal_0262_noAttribute.wav,in_support,periodic_resonance,0.9523993134498596
sliderEmu/train/section_00_source_train_normal_0263_noAttribute.wav,in_support,periodic_resonance,0.9567192196846008
sliderEmu/train/section_00_source_train_normal_0264_noAttribute.wav,in_support,periodic_resonance,0.9650036692619324
sliderEmu/train/section_00_source_train_normal_0265_noAttribute.wav,in_support,frequency_modulation,0.9596006274223328
sliderEmu/train/section_00_source_train_normal_0266_noAttribute.wav,in_support,periodic_resonance,0.8747102618217468
sliderEmu/train/section_00_source_train_normal_0267_noAttribute.wav,in_support,periodic_resonance,0.8926352858543396
sliderEmu/train/section_00_source_train_normal_0268_noAttribute.wav,in_support,periodic_resonance,0.7846894264221191
sliderEmu/train/section_00_source_train_normal_0269_noAttribute.wav,in_support,periodic_resonance,0.9891456961631775
sliderEmu/train/section_00_source_train_normal_0270_noAttribute.wav,in_support,frequency_modulation,0.9367408752441406
sliderEmu/train/section_00_source_train_normal_0271_noAttribute.wav,in_support,amplitude_modulation,0.8684196472167969
sliderEmu/train/section_00_source_train_normal_0272_noAttribute.wav,in_support,frequency_modulation,0.8788847327232361
sliderEmu/train/section_00_source_train_normal_0273_noAttribute.wav,in_support,periodic_resonance,0.2689983546733856
sliderEmu/train/section_00_source_train_normal_0274_noAttribute.wav,in_support,frequency_modulation,0.9204933047294617
sliderEmu/train/section_00_source_train_normal_0275_noAttribute.wav,in_support,frequency_modulation,0.5673986077308655
sliderEmu/train/section_00_source_train_normal_0276_noAttribute.wav,in_support,amplitude_modulation,0.9801569581031799
sliderEmu/train/section_00_source_train_normal_0277_noAttribute.wav,in_support,periodic_resonance,0.2226048707962036
sliderEmu/train/section_00_source_train_normal_0278_noAttribute.wav,in_support,amplitude_modulation,0.9837465882301331
sliderEmu/train/section_00_source_train_normal_0279_noAttribute.wav,in_support,amplitude_modulation,0.9415887594223022
sliderEmu/train/section_00_source_train_normal_0280_noAttribute.wav,in_support,frequency_modulation,0.9926149845123291
sliderEmu/train/section_00_source_train_normal_0281_noAttribute.wav,in_support,frequency_modulation,0.9400501847267151
sliderEmu/train/section_00_source_train_normal_0282_noAttribute.wav,in_support,amplitude_modulation,0.6951448917388916
sliderEmu/train/section_00_source_train_normal_0283_noAttribute.wav,in_support,frequency_modulation,0.9335830807685852
sliderEmu/train/section_00_source_train_normal_0284_noAttribute.wav,in_support,amplitude_modulation,0.9960381984710693
sliderEmu/train/section_00_source_train_normal_0285_noAttribute.wav,in_support,amplitude_modulation,0.9742621779441833
sliderEmu/train/section_00_source_train_normal_0286_noAttribute.wav,in_support,periodic_resonance,0.9545289874076843
sliderEmu/train/section_00_source_train_normal_0287_noAttribute.wav,in_support,frequency_modulation,0.838091254234314
sliderEmu/train/section_00_source_train_normal_0288_noAttribute.wav,in_support,amplitude_modulation,0.3600696325302124
sliderEmu/train/section_00_source_train_normal_0289_noAttribute.wav,in_support,amplitude_modulation,0.8625106811523438
sliderEmu/train/section_00_source_train_normal_0290_noAttribute.wav,in_support,periodic_resonance,0.96335768699646
sliderEmu/train/section_00_source_train_normal_0291_noAttribute.wav,in_support,periodic_resonance,0.9618397355079651
sliderEmu/train/section_00_source_train_normal_0292_noAttribute.wav,in_support,frequency_modulation,0.9135603308677673
sliderEmu/train/section_00_source_train_normal_0293_noAttribute.wav,in_support,periodic_resonance,0.883419930934906
sliderEmu/train/section_00_source_train_normal_0294_noAttribute.wav,in_support,periodic_resonance,0.7958584427833557
sliderEmu/train/section_00_source_train_normal_0295_noAttribute.wav,in_support,amplitude_modulation,0.9312570691108704
sliderEmu/train/section_00_source_train_normal_0296_noAttribute.wav,in_support,amplitude_modulation,0.9983387589454651
sliderEmu/train/section_00_source_train_normal_0297_noAttribute.wav,in_support,amplitude_modulation,0.5067859888076782
sliderEmu/train/section_00_source_train_normal_0298_noAttribute.wav,in_support,amplitude_modulation,0.216659814119339
sliderEmu/train/section_00_source_train_normal_0299_noAttribute.wav,in_support,amplitude_modulation,0.9909698963165283
sliderEmu/train/section_00_source_train_normal_0300_noAttribute.wav,in_support,periodic_resonance,0.9155455827713013
sliderEmu/train/section_00_source_train_normal_0301_noAttribute.wav,in_support,periodic_resonance,0.7826164960861206
sliderEmu/train/section_00_source_train_normal_0302_noAttribute.wav,in_support,periodic_resonance,0.970313310623169
sliderEmu/train/section_00_source_train_normal_0303_noAttribute.wav,in_support,frequency_modulation,0.766411304473877
sliderEmu/train/section_00_source_train_normal_0304_noAttribute.wav,in_support,frequency_modulation,0.9619049429893494
sliderEmu/train/section_00_source_train_normal_0305_noAttribute.wav,in_support,amplitude_modulation,0.9504280090332031
sliderEmu/train/section_00_source_train_normal_0306_noAttribute.wav,in_support,frequency_modulation,0.866243302822113
sliderEmu/train/section_00_source_train_normal_0307_noAttribute.wav,in_support,amplitude_modulation,0.6197748780250549
sliderEmu/train/section_00_source_train_normal_0308_noAttribute.wav,in_support,amplitude_modulation,0.9638112187385559
sliderEmu/train/section_00_source_train_normal_0309_noAttribute.wav,in_support,amplitude_modulation,0.1536199450492859
sliderEmu/train/section_00_source_train_normal_0310_noAttribute.wav,in_support,amplitude_modulation,0.9949148297309875
sliderEmu/train/section_00_source_train_normal_0311_noAttribute.wav,in_support,periodic_resonance,0.9959346652030945
sliderEmu/train/section_00_source_train_normal_0312_noAttribute.wav,in_support,amplitude_modulation,0.9006197452545166
sliderEmu/train/section_00_source_train_normal_0313_noAttribute.wav,in_support,frequency_modulation,0.7571374177932739
sliderEmu/train/section_00_source_train_normal_0314_noAttribute.wav,in_support,amplitude_modulation,0.07260668277740479
sliderEmu/train/section_00_source_train_normal_0315_noAttribute.wav,in_support,frequency_modulation,0.969931423664093
sliderEmu/train/section_00_source_train_normal_0316_noAttribute.wav,in_support,amplitude_modulation,0.9558011889457703
sliderEmu/train/section_00_source_train_normal_0317_noAttribute.wav,in_support,amplitude_modulation,0.9896063208580017
sliderEmu/train/section_00_source_train_normal_0318_noAttribute.wav,in_support,frequency_modulation,0.4691244959831238
sliderEmu/train/section_00_source_train_normal_0319_noAttribute.wav,in_support,frequency_modulation,0.999812126159668
sliderEmu/train/section_00_source_train_normal_0320_noAttribute.wav,in_support,amplitude_modulation,0.9675005674362183
sliderEmu/train/section_00_source_train_normal_0321_noAttribute.wav,in_support,frequency_modulation,0.490780770778656
sliderEmu/train/section_00_source_train_normal_0322_noAttribute.wav,in_support,frequency_modulation,0.9609631299972534
sliderEmu/train/section_00_source_train_normal_0323_noAttribute.wav,in_support,amplitude_modulation,0.9830358624458313
sliderEmu/train/section_00_source_train_normal_0324_noAttribute.wav,in_support,amplitude_modulation,0.7184655666351318
sliderEmu/train/section_00_source_train_normal_0325_noAttribute.wav,in_support,frequency_modulation,0.8653804659843445
sliderEmu/train/section_00_source_train_normal_0326_noAttribute.wav,in_support,amplitude_modulation,0.9750704765319824
sliderEmu/train/section_00_source_train_normal_0327_noAttribute.wav,in_support,amplitude_modulation,0.9208654761314392
sliderEmu/train/section_00_source_train_normal_0328_noAttribute.wav,in_support,frequency_modulation,0.7258954048156738
sliderEmu/train/section_00_source_train_normal_0329_noAttribute.wav,in_support,periodic_resonance,0.9386612772941589
sliderEmu/train/section_00_source_train_normal_0330_noAttribute.wav,in_support,amplitude_modulation,0.9953900575637817
sliderEmu/train/section_00_source_train_normal_0331_noAttribute.wav,in_support,periodic_resonance,0.8612589836120605
sliderEmu/train/section_00_source_train_normal_0332_noAttribute.wav,in_support,periodic_resonance,0.9721515774726868
sliderEmu/train/section_00_source_train_normal_0333_noAttribute.wav,in_support,periodic_resonance,0.9852988719940186
sliderEmu/train/section_00_source_train_normal_0334_noAttribute.wav,in_support,amplitude_modulation,0.9188864231109619
sliderEmu/train/section_00_source_train_normal_0335_noAttribute.wav,in_support,amplitude_modulation,0.9935284852981567
sliderEmu/train/section_00_source_train_normal_0336_noAttribute.wav,in_support,frequency_modulation,0.98139488697052
sliderEmu/train/section_00_source_train_normal_0337_noAttribute.wav,in_support,amplitude_modulation,0.9896987080574036
sliderEmu/train/section_00_source_train_normal_0338_noAttribute.wav,in_support,amplitude_modulation,0.8854413628578186
sliderEmu/train/section_00_source_train_normal_0339_noAttribute.wav,in_support,amplitude_modulation,0.43548187613487244
sliderEmu/train/section_00_source_train_normal_0340_noAttribute.wav,in_support,periodic_resonance,0.725750744342804
sliderEmu/train/section_00_source_train_normal_0341_noAttribute.wav,in_support,amplitude_modulation,0.7011252045631409
sliderEmu/train/section_00_source_train_normal_0342_noAttribute.wav,in_support,frequency_modulation,0.9655134081840515
sliderEmu/train/section_00_source_train_normal_0343_noAttribute.wav,in_support,frequency_modulation,0.9513887763023376
sliderEmu/train/section_00_source_train_normal_0344_noAttribute.wav,in_support,amplitude_modulation,0.9701895713806152
sliderEmu/train/section_00_source_train_normal_0345_noAttribute.wav,in_support,frequency_modulation,0.9728690385818481
sliderEmu/train/section_00_source_train_normal_0346_noAttribute.wav,in_support,amplitude_modulation,0.9742200970649719
sliderEmu/train/section_00_source_train_normal_0347_noAttribute.wav,in_support,amplitude_modulation,0.9956374764442444
sliderEmu/train/section_00_source_train_normal_0348_noAttribute.wav,in_support,amplitude_modulation,0.9955254793167114
sliderEmu/train/section_00_source_train_normal_0349_noAttribute.wav,in_support,frequency_modulation,0.9785881042480469
sliderEmu/train/section_00_source_train_normal_0350_noAttribute.wav,in_support,frequency_modulation,0.854475200176239
sliderEmu/train/section_00_source_train_normal_0351_noAttribute.wav,in_support,amplitude_modulation,0.9842728972434998
sliderEmu/train/section_00_source_train_normal_0352_noAttribute.wav,in_support,periodic_resonance,0.9557334184646606
sliderEmu/train/section_00_source_train_normal_0353_noAttribute.wav,in_support,amplitude_modulation,0.4198351800441742
sliderEmu/train/section_00_source_train_normal_0354_noAttribute.wav,in_support,amplitude_modulation,0.9668900370597839
sliderEmu/train/section_00_source_train_normal_0355_noAttribute.wav,in_support,periodic_resonance,0.98835688829422
sliderEmu/train/section_00_source_train_normal_0356_noAttribute.wav,in_support,frequency_modulation,0.992485761642456
sliderEmu/train/section_00_source_train_normal_0357_noAttribute.wav,in_support,amplitude_modulation,0.26603829860687256
sliderEmu/train/section_00_source_train_normal_0358_noAttribute.wav,in_support,amplitude_modulation,0.9969564080238342
sliderEmu/train/section_00_source_train_normal_0359_noAttribute.wav,in_support,frequency_modulation,0.8963789343833923
sliderEmu/train/section_00_source_train_normal_0360_noAttribute.wav,in_support,frequency_modulation,0.6202741265296936
sliderEmu/train/section_00_source_train_normal_0361_noAttribute.wav,in_support,frequency_modulation,0.9691407680511475
sliderEmu/train/section_00_source_train_normal_0362_noAttribute.wav,in_support,periodic_resonance,0.9862515926361084
sliderEmu/train/section_00_source_train_normal_0363_noAttribute.wav,in_support,amplitude_modulation,0.8331018686294556
sliderEmu/train/section_00_source_train_normal_0364_noAttribute.wav,in_support,frequency_modulation,0.884377658367157
sliderEmu/train/section_00_source_train_normal_0365_noAttribute.wav,in_support,periodic_resonance,0.9823225140571594
sliderEmu/train/section_00_source_train_normal_0366_noAttribute.wav,in_support,frequency_modulation,0.8861439228057861
sliderEmu/train/section_00_source_train_normal_0367_noAttribute.wav,in_support,amplitude_modulation,0.8822861909866333
sliderEmu/train/section_00_source_train_normal_0368_noAttribute.wav,in_support,frequency_modulation,0.9942734837532043
sliderEmu/train/section_00_source_train_normal_0369_noAttribute.wav,in_support,amplitude_modulation,0.3522401750087738
sliderEmu/train/section_00_source_train_normal_0370_noAttribute.wav,in_support,frequency_modulation,0.9426261782646179
sliderEmu/train/section_00_source_train_normal_0371_noAttribute.wav,in_support,frequency_modulation,0.7147120237350464
sliderEmu/train/section_00_source_train_normal_0372_noAttribute.wav,in_support,amplitude_modulation,0.714662492275238
sliderEmu/train/section_00_source_train_normal_0373_noAttribute.wav,in_support,amplitude_modulation,0.9964995384216309
sliderEmu/train/section_00_source_train_normal_0374_noAttribute.wav,in_support,periodic_resonance,0.9489680528640747
sliderEmu/train/section_00_source_train_normal_0375_noAttribute.wav,in_support,periodic_resonance,0.9679872989654541
sliderEmu/train/section_00_source_train_normal_0376_noAttribute.wav,in_support,frequency_modulation,0.9935669302940369
sliderEmu/train/section_00_source_train_normal_0377_noAttribute.wav,in_support,frequency_modulation,0.9411437511444092
sliderEmu/train/section_00_source_train_normal_0378_noAttribute.wav,in_support,amplitude_modulation,0.9908058047294617
sliderEmu/train/section_00_source_train_normal_0379_noAttribute.wav,in_support,periodic_resonance,0.9877871870994568
sliderEmu/train/section_00_source_train_normal_0380_noAttribute.wav,in_support,periodic_resonance,0.9525944590568542
sliderEmu/train/section_00_source_train_normal_0381_noAttribute.wav,in_support,amplitude_modulation,0.9406159520149231
sliderEmu/train/section_00_source_train_normal_0382_noAttribute.wav,in_support,frequency_modulation,0.8957006931304932
sliderEmu/train/section_00_source_train_normal_0383_noAttribute.wav,in_support,periodic_resonance,0.8086563944816589
sliderEmu/train/section_00_source_train_normal_0384_noAttribute.wav,in_support,frequency_modulation,0.958631694316864
sliderEmu/train/section_00_source_train_normal_0385_noAttribute.wav,in_support,periodic_resonance,0.9760645627975464
sliderEmu/train/section_00_source_train_normal_0386_noAttribute.wav,in_support,amplitude_modulation,0.3822214901447296
sliderEmu/train/section_00_source_train_normal_0387_noAttribute.wav,in_support,frequency_modulation,0.9961135983467102
sliderEmu/train/section_00_source_train_normal_0388_noAttribute.wav,in_support,periodic_resonance,0.9984399080276489
sliderEmu/train/section_00_source_train_normal_0389_noAttribute.wav,in_support,amplitude_modulation,0.9060537815093994
sliderEmu/train/section_00_source_train_normal_0390_noAttribute.wav,in_support,amplitude_modulation,0.9810168743133545
sliderEmu/train/section_00_source_train_normal_0391_noAttribute.wav,in_support,periodic_resonance,0.9804807305335999
sliderEmu/train/section_00_source_train_normal_0392_noAttribute.wav,in_support,frequency_modulation,0.9383895993232727
sliderEmu/train/section_00_source_train_normal_0393_noAttribute.wav,in_support,periodic_resonance,0.9932428598403931
sliderEmu/train/section_00_source_train_normal_0394_noAttribute.wav,in_support,amplitude_modulation,0.9087280035018921
sliderEmu/train/section_00_source_train_normal_0395_noAttribute.wav,in_support,frequency_modulation,0.7594724297523499
sliderEmu/train/section_00_source_train_normal_0396_noAttribute.wav,in_support,amplitude_modulation,0.9842416048049927
sliderEmu/train/section_00_source_train_normal_0397_noAttribute.wav,in_support,periodic_resonance,0.976912796497345
sliderEmu/train/section_00_source_train_normal_0398_noAttribute.wav,in_support,amplitude_modulation,0.751468300819397
sliderEmu/train/section_00_source_train_normal_0399_noAttribute.wav,in_support,frequency_modulation,0.8911360502243042
sliderEmu/train/section_00_source_train_normal_0400_noAttribute.wav,in_support,amplitude_modulation,0.9859037399291992
sliderEmu/train/section_00_source_train_normal_0401_noAttribute.wav,in_support,amplitude_modulation,0.5282725095748901
sliderEmu/train/section_00_source_train_normal_0402_noAttribute.wav,in_support,periodic_resonance,0.8911421298980713
sliderEmu/train/section_00_source_train_normal_0403_noAttribute.wav,in_support,amplitude_modulation,0.9559224247932434
sliderEmu/train/section_00_source_train_normal_0404_noAttribute.wav,in_support,periodic_resonance,0.921459972858429
sliderEmu/train/section_00_source_train_normal_0405_noAttribute.wav,in_support,amplitude_modulation,0.9579024314880371
sliderEmu/train/section_00_source_train_normal_0406_noAttribute.wav,in_support,frequency_modulation,0.9897271990776062
sliderEmu/train/section_00_source_train_normal_0407_noAttribute.wav,in_support,frequency_modulation,0.8122996091842651
sliderEmu/train/section_00_source_train_normal_0408_noAttribute.wav,in_support,frequency_modulation,0.9635998010635376
sliderEmu/train/section_00_source_train_normal_0409_noAttribute.wav,in_support,periodic_resonance,0.9923501014709473
sliderEmu/train/section_00_source_train_normal_0410_noAttribute.wav,in_support,amplitude_modulation,0.7854389548301697
sliderEmu/train/section_00_source_train_normal_0411_noAttribute.wav,in_support,periodic_resonance,0.9279220104217529
sliderEmu/train/section_00_source_train_normal_0412_noAttribute.wav,in_support,amplitude_modulation,0.9626936316490173
sliderEmu/train/section_00_source_train_normal_0413_noAttribute.wav,in_support,frequency_modulation,0.9486845135688782
sliderEmu/train/section_00_source_train_normal_0414_noAttribute.wav,in_support,periodic_resonance,0.7609575986862183
sliderEmu/train/section_00_source_train_normal_0415_noAttribute.wav,in_support,periodic_resonance,0.9598017334938049
sliderEmu/train/section_00_source_train_normal_0416_noAttribute.wav,in_support,amplitude_modulation,0.93477863073349
sliderEmu/train/section_00_source_train_normal_0417_noAttribute.wav,in_support,amplitude_modulation,0.9574316143989563
sliderEmu/train/section_00_source_train_normal_0418_noAttribute.wav,in_support,frequency_modulation,0.857469916343689
sliderEmu/train/section_00_source_train_normal_0419_noAttribute.wav,in_support,amplitude_modulation,0.9759938716888428
sliderEmu/train/section_00_source_train_normal_0420_noAttribute.wav,in_support,periodic_resonance,0.9846901297569275
sliderEmu/train/section_00_source_train_normal_0421_noAttribute.wav,in_support,periodic_resonance,0.590144157409668
sliderEmu/train/section_00_source_train_normal_0422_noAttribute.wav,in_support,amplitude_modulation,0.9734973311424255
sliderEmu/train/section_00_source_train_normal_0423_noAttribute.wav,in_support,amplitude_modulation,0.9810922741889954
sliderEmu/train/section_00_source_train_normal_0424_noAttribute.wav,in_support,frequency_modulation,0.999859631061554
sliderEmu/train/section_00_source_train_normal_0425_noAttribute.wav,in_support,periodic_resonance,0.9145854711532593
sliderEmu/train/section_00_source_train_normal_0426_noAttribute.wav,in_support,amplitude_modulation,0.2280597984790802
sliderEmu/train/section_00_source_train_normal_0427_noAttribute.wav,in_support,frequency_modulation,0.9933679103851318
sliderEmu/train/section_00_source_train_normal_0428_noAttribute.wav,in_support,frequency_modulation,0.9683995842933655
sliderEmu/train/section_00_source_train_normal_0429_noAttribute.wav,in_support,amplitude_modulation,0.9361154437065125
sliderEmu/train/section_00_source_train_normal_0430_noAttribute.wav,in_support,periodic_resonance,0.9375095963478088
sliderEmu/train/section_00_source_train_normal_0431_noAttribute.wav,in_support,amplitude_modulation,0.9676619172096252
sliderEmu/train/section_00_source_train_normal_0432_noAttribute.wav,in_support,amplitude_modulation,0.9070042371749878
sliderEmu/train/section_00_source_train_normal_0433_noAttribute.wav,in_support,periodic_resonance,0.996996283531189
sliderEmu/train/section_00_source_train_normal_0434_noAttribute.wav,in_support,amplitude_modulation,0.4859182834625244
sliderEmu/train/section_00_source_train_normal_0435_noAttribute.wav,in_support,periodic_resonance,0.8698965907096863
sliderEmu/train/section_00_source_train_normal_0436_noAttribute.wav,in_support,amplitude_modulation,0.9478468298912048
sliderEmu/train/section_00_source_train_normal_0437_noAttribute.wav,in_support,frequency_modulation,0.7830526232719421
sliderEmu/train/section_00_source_train_normal_0438_noAttribute.wav,in_support,frequency_modulation,0.9933695197105408
sliderEmu/train/section_00_source_train_normal_0439_noAttribute.wav,in_support,periodic_resonance,0.9938079714775085
sliderEmu/train/section_00_source_train_normal_0440_noAttribute.wav,in_support,amplitude_modulation,0.6465526819229126
sliderEmu/train/section_00_source_train_normal_0441_noAttribute.wav,in_support,frequency_modulation,0.8721600770950317
sliderEmu/train/section_00_source_train_normal_0442_noAttribute.wav,in_support,periodic_resonance,0.9655860662460327
sliderEmu/train/section_00_source_train_normal_0443_noAttribute.wav,in_support,amplitude_modulation,0.5258384346961975
sliderEmu/train/section_00_source_train_normal_0444_noAttribute.wav,in_support,periodic_resonance,0.9956805109977722
sliderEmu/train/section_00_source_train_normal_0445_noAttribute.wav,in_support,amplitude_modulation,0.945499837398529
sliderEmu/train/section_00_source_train_normal_0446_noAttribute.wav,in_support,periodic_resonance,0.9432469606399536
sliderEmu/train/section_00_source_train_normal_0447_noAttribute.wav,in_support,frequency_modulation,0.978148877620697
sliderEmu/train/section_00_source_train_normal_0448_noAttribute.wav,in_support,frequency_modulation,0.6086861491203308
sliderEmu/train/section_00_source_train_normal_0449_noAttribute.wav,in_support,frequency_modulation,0.9322655200958252
sliderEmu/train/section_00_source_train_normal_0450_noAttribute.wav,in_support,frequency_modulation,0.9432433247566223
sliderEmu/train/section_00_source_train_normal_0451_noAttribute.wav,in_support,periodic_resonance,0.9924384951591492
sliderEmu/train/section_00_source_train_normal_0452_noAttribute.wav,in_support,frequency_modulation,0.9696664214134216
sliderEmu/train/section_00_source_train_normal_0453_noAttribute.wav,in_support,periodic_resonance,0.9820759892463684
sliderEmu/train/section_00_source_train_normal_0454_noAttribute.wav,in_support,amplitude_modulation,0.9592748880386353
sliderEmu/train/section_00_source_train_normal_0455_noAttribute.wav,in_support,amplitude_modulation,0.35670435428619385
sliderEmu/train/section_00_source_train_normal_0456_noAttribute.wav,in_support,amplitude_modulation,0.1330568939447403
sliderEmu/train/section_00_source_train_normal_0457_noAttribute.wav,in_support,frequency_modulation,0.4889724850654602
sliderEmu/train/section_00_source_train_normal_0458_noAttribute.wav,in_support,frequency_modulation,0.8806136846542358
sliderEmu/train/section_00_source_train_normal_0459_noAttribute.wav,in_support,periodic_resonance,0.9894914627075195
sliderEmu/train/section_00_source_train_normal_0460_noAttribute.wav,in_support,periodic_resonance,0.9942243695259094
sliderEmu/train/section_00_source_train_normal_0461_noAttribute.wav,in_support,periodic_resonance,0.9816558957099915
sliderEmu/train/section_00_source_train_normal_0462_noAttribute.wav,in_support,periodic_resonance,0.9802098870277405
sliderEmu/train/section_00_source_train_normal_0463_noAttribute.wav,in_support,amplitude_modulation,0.9865251183509827
sliderEmu/train/section_00_source_train_normal_0464_noAttribute.wav,in_support,frequency_modulation,0.8389765024185181
sliderEmu/train/section_00_source_train_normal_0465_noAttribute.wav,in_support,frequency_modulation,0.8250590562820435
sliderEmu/train/section_00_source_train_normal_0466_noAttribute.wav,in_support,periodic_resonance,0.9823046922683716
sliderEmu/train/section_00_source_train_normal_0467_noAttribute.wav,in_support,periodic_resonance,0.9946273565292358
sliderEmu/train/section_00_source_train_normal_0468_noAttribute.wav,in_support,frequency_modulation,0.9986134171485901
sliderEmu/train/section_00_source_train_normal_0469_noAttribute.wav,in_support,frequency_modulation,0.9557395577430725
sliderEmu/train/section_00_source_train_normal_0470_noAttribute.wav,in_support,frequency_modulation,0.9363351464271545
sliderEmu/train/section_00_source_train_normal_0471_noAttribute.wav,in_support,periodic_resonance,0.9979591965675354
sliderEmu/train/section_00_source_train_normal_0472_noAttribute.wav,in_support,frequency_modulation,0.9816607236862183
sliderEmu/train/section_00_source_train_normal_0473_noAttribute.wav,in_support,amplitude_modulation,0.9762395620346069
sliderEmu/train/section_00_source_train_normal_0474_noAttribute.wav,in_support,frequency_modulation,0.9959104657173157
sliderEmu/train/section_00_source_train_normal_0475_noAttribute.wav,in_support,amplitude_modulation,0.7097849249839783
sliderEmu/train/section_00_source_train_normal_0476_noAttribute.wav,in_support,periodic_resonance,0.8718411922454834
sliderEmu/train/section_00_source_train_normal_0477_noAttribute.wav,in_support,amplitude_modulation,0.9983615279197693
sliderEmu/train/section_00_source_train_normal_0478_noAttribute.wav,in_support,frequency_modulation,0.9280614256858826
sliderEmu/train/section_00_source_train_normal_0479_noAttribute.wav,in_support,periodic_resonance,0.9587859511375427
sliderEmu/train/section_00_source_train_normal_0480_noAttribute.wav,in_support,amplitude_modulation,0.9643389582633972
sliderEmu/train/section_00_source_train_normal_0481_noAttribute.wav,in_support,periodic_resonance,0.9560806155204773
sliderEmu/train/section_00_source_train_normal_0482_noAttribute.wav,in_support,amplitude_modulation,0.9241469502449036
sliderEmu/train/section_00_source_train_normal_0483_noAttribute.wav,in_support,amplitude_modulation,0.9958324432373047
sliderEmu/train/section_00_source_train_normal_0484_noAttribute.wav,in_support,frequency_modulation,0.9208406209945679
sliderEmu/train/section_00_source_train_normal_0485_noAttribute.wav,in_support,periodic_resonance,0.9672579765319824
sliderEmu/train/section_00_source_train_normal_0486_noAttribute.wav,in_support,amplitude_modulation,0.958408772945404
sliderEmu/train/section_00_source_train_normal_0487_noAttribute.wav,in_support,periodic_resonance,0.8603962063789368
sliderEmu/train/section_00_source_train_normal_0488_noAttribute.wav,in_support,frequency_modulation,0.993281364440918
sliderEmu/train/section_00_source_train_normal_0489_noAttribute.wav,in_support,periodic_resonance,0.6936988830566406
sliderEmu/train/section_00_source_train_normal_0490_noAttribute.wav,in_support,periodic_resonance,0.9460467100143433
sliderEmu/train/section_00_source_train_normal_0491_noAttribute.wav,in_support,periodic_resonance,0.9530022144317627
sliderEmu/train/section_00_source_train_normal_0492_noAttribute.wav,in_support,amplitude_modulation,0.8939651250839233
sliderEmu/train/section_00_source_train_normal_0493_noAttribute.wav,in_support,periodic_resonance,0.9520531296730042
sliderEmu/train/section_00_source_train_normal_0494_noAttribute.wav,in_support,periodic_resonance,0.9472943544387817
sliderEmu/train/section_00_source_train_normal_0495_noAttribute.wav,in_support,frequency_modulation,0.9173372983932495
sliderEmu/train/section_00_source_train_normal_0496_noAttribute.wav,in_support,amplitude_modulation,0.981938898563385
sliderEmu/train/section_00_source_train_normal_0497_noAttribute.wav,in_support,periodic_resonance,0.9168917536735535
sliderEmu/train/section_00_source_train_normal_0498_noAttribute.wav,in_support,frequency_modulation,0.9744354486465454
sliderEmu/train/section_00_source_train_normal_0499_noAttribute.wav,in_support,amplitude_modulation,0.5507617592811584
sliderEmu/train/section_00_source_train_normal_0500_noAttribute.wav,in_support,frequency_modulation,0.9602622389793396
sliderEmu/train/section_00_source_train_normal_0501_noAttribute.wav,in_support,frequency_modulation,0.9547887444496155
sliderEmu/train/section_00_source_train_normal_0502_noAttribute.wav,in_support,periodic_resonance,0.9750815033912659
sliderEmu/train/section_00_source_train_normal_0503_noAttribute.wav,in_support,periodic_resonance,0.7819616794586182
sliderEmu/train/section_00_source_train_normal_0504_noAttribute.wav,in_support,periodic_resonance,0.40900132060050964
sliderEmu/train/section_00_source_train_normal_0505_noAttribute.wav,in_support,periodic_resonance,0.9866028428077698
sliderEmu/train/section_00_source_train_normal_0506_noAttribute.wav,in_support,amplitude_modulation,0.904604434967041
sliderEmu/train/section_00_source_train_normal_0507_noAttribute.wav,in_support,amplitude_modulation,0.9789963364601135
sliderEmu/train/section_00_source_train_normal_0508_noAttribute.wav,in_support,amplitude_modulation,0.9768120050430298
sliderEmu/train/section_00_source_train_normal_0509_noAttribute.wav,in_support,frequency_modulation,0.9730371236801147
sliderEmu/train/section_00_source_train_normal_0510_noAttribute.wav,in_support,frequency_modulation,0.9656711220741272
sliderEmu/train/section_00_source_train_normal_0511_noAttribute.wav,in_support,amplitude_modulation,0.5293129682540894
sliderEmu/train/section_00_source_train_normal_0512_noAttribute.wav,in_support,amplitude_modulation,0.9409470558166504
sliderEmu/train/section_00_source_train_normal_0513_noAttribute.wav,in_support,amplitude_modulation,0.12800759077072144
sliderEmu/train/section_00_source_train_normal_0514_noAttribute.wav,in_support,periodic_resonance,0.8027143478393555
sliderEmu/train/section_00_source_train_normal_0515_noAttribute.wav,in_support,frequency_modulation,0.9707865715026855
sliderEmu/train/section_00_source_train_normal_0516_noAttribute.wav,in_support,periodic_resonance,0.9053947925567627
sliderEmu/train/section_00_source_train_normal_0517_noAttribute.wav,in_support,amplitude_modulation,0.54020756483078
sliderEmu/train/section_00_source_train_normal_0518_noAttribute.wav,in_support,amplitude_modulation,0.9739178419113159
sliderEmu/train/section_00_source_train_normal_0519_noAttribute.wav,in_support,amplitude_modulation,0.9698375463485718
sliderEmu/train/section_00_source_train_normal_0520_noAttribute.wav,in_support,frequency_modulation,0.8716524839401245
sliderEmu/train/section_00_source_train_normal_0521_noAttribute.wav,in_support,periodic_resonance,0.9946042895317078
sliderEmu/train/section_00_source_train_normal_0522_noAttribute.wav,in_support,periodic_resonance,0.9955576062202454
sliderEmu/train/section_00_source_train_normal_0523_noAttribute.wav,in_support,periodic_resonance,0.8539110422134399
sliderEmu/train/section_00_source_train_normal_0524_noAttribute.wav,in_support,periodic_resonance,0.7324086427688599
sliderEmu/train/section_00_source_train_normal_0525_noAttribute.wav,in_support,frequency_modulation,0.7743205428123474
sliderEmu/train/section_00_source_train_normal_0526_noAttribute.wav,in_support,periodic_resonance,0.9735654592514038
sliderEmu/train/section_00_source_train_normal_0527_noAttribute.wav,in_support,periodic_resonance,0.9418402910232544
sliderEmu/train/section_00_source_train_normal_0528_noAttribute.wav,in_support,frequency_modulation,0.914515495300293
sliderEmu/train/section_00_source_train_normal_0529_noAttribute.wav,in_support,amplitude_modulation,0.507882297039032
sliderEmu/train/section_00_source_train_normal_0530_noAttribute.wav,in_support,frequency_modulation,0.8809542655944824
sliderEmu/train/section_00_source_train_normal_0531_noAttribute.wav,in_support,amplitude_modulation,0.9717569947242737
sliderEmu/train/section_00_source_train_normal_0532_noAttribute.wav,in_support,amplitude_modulation,0.333011656999588
sliderEmu/train/section_00_source_train_normal_0533_noAttribute.wav,in_support,frequency_modulation,0.8835055232048035
sliderEmu/train/section_00_source_train_normal_0534_noAttribute.wav,in_support,periodic_resonance,0.9731240272521973
sliderEmu/train/section_00_source_train_normal_0535_noAttribute.wav,in_support,periodic_resonance,0.9898645281791687
sliderEmu/train/section_00_source_train_normal_0536_noAttribute.wav,in_support,amplitude_modulation,0.14351573586463928
sliderEmu/train/section_00_source_train_normal_0537_noAttribute.wav,in_support,amplitude_modulation,0.9406546950340271
sliderEmu/train/section_00_source_train_normal_0538_noAttribute.wav,in_support,frequency_modulation,0.38316571712493896
sliderEmu/train/section_00_source_train_normal_0539_noAttribute.wav,in_support,amplitude_modulation,0.7085607647895813
sliderEmu/train/section_00_source_train_normal_0540_noAttribute.wav,in_support,amplitude_modulation,0.9821415543556213
sliderEmu/train/section_00_source_train_normal_0541_noAttribute.wav,in_support,amplitude_modulation,0.9666706323623657
sliderEmu/train/section_00_source_train_normal_0542_noAttribute.wav,in_support,periodic_resonance,0.8904776573181152
sliderEmu/train/section_00_source_train_normal_0543_noAttribute.wav,in_support,amplitude_modulation,0.6063082218170166
sliderEmu/train/section_00_source_train_normal_0544_noAttribute.wav,in_support,periodic_resonance,0.9974376559257507
sliderEmu/train/section_00_source_train_normal_0545_noAttribute.wav,in_support,periodic_resonance,0.9331095814704895
sliderEmu/train/section_00_source_train_normal_0546_noAttribute.wav,in_support,frequency_modulation,0.5908719301223755
sliderEmu/train/section_00_source_train_normal_0547_noAttribute.wav,in_support,amplitude_modulation,0.8970919847488403
sliderEmu/train/section_00_source_train_normal_0548_noAttribute.wav,in_support,amplitude_modulation,0.2862620949745178
sliderEmu/train/section_00_source_train_normal_0549_noAttribute.wav,in_support,amplitude_modulation,0.9847121834754944
sliderEmu/train/section_00_source_train_normal_0550_noAttribute.wav,in_support,amplitude_modulation,0.9625921249389648
sliderEmu/train/section_00_source_train_normal_0551_noAttribute.wav,in_support,amplitude_modulation,0.9925753474235535
sliderEmu/train/section_00_source_train_normal_0552_noAttribute.wav,in_support,amplitude_modulation,0.9416456818580627
sliderEmu/train/section_00_source_train_normal_0553_noAttribute.wav,in_support,frequency_modulation,0.37083700299263
sliderEmu/train/section_00_source_train_normal_0554_noAttribute.wav,in_support,periodic_resonance,0.5598019957542419
sliderEmu/train/section_00_source_train_normal_0555_noAttribute.wav,in_support,periodic_resonance,0.9901767373085022
sliderEmu/train/section_00_source_train_normal_0556_noAttribute.wav,in_support,periodic_resonance,0.9818196296691895
sliderEmu/train/section_00_source_train_normal_0557_noAttribute.wav,in_support,periodic_resonance,0.9948546290397644
sliderEmu/train/section_00_source_train_normal_0558_noAttribute.wav,in_support,frequency_modulation,0.943114697933197
sliderEmu/train/section_00_source_train_normal_0559_noAttribute.wav,in_support,periodic_resonance,0.9569675922393799
sliderEmu/train/section_00_source_train_normal_0560_noAttribute.wav,in_support,amplitude_modulation,0.9826883673667908
sliderEmu/train/section_00_source_train_normal_0561_noAttribute.wav,in_support,amplitude_modulation,0.3641738295555115
sliderEmu/train/section_00_source_train_normal_0562_noAttribute.wav,in_support,amplitude_modulation,0.9705958962440491
sliderEmu/train/section_00_source_train_normal_0563_noAttribute.wav,in_support,periodic_resonance,0.9980705976486206
sliderEmu/train/section_00_source_train_normal_0564_noAttribute.wav,in_support,amplitude_modulation,0.9368064999580383
sliderEmu/train/section_00_source_train_normal_0565_noAttribute.wav,in_support,frequency_modulation,0.9860422015190125
sliderEmu/train/section_00_source_train_normal_0566_noAttribute.wav,in_support,periodic_resonance,0.9535731077194214
sliderEmu/train/section_00_source_train_normal_0567_noAttribute.wav,in_support,amplitude_modulation,0.9990755915641785
sliderEmu/train/section_00_source_train_normal_0568_noAttribute.wav,in_support,periodic_resonance,0.9129323959350586
sliderEmu/train/section_00_source_train_normal_0569_noAttribute.wav,in_support,amplitude_modulation,0.973820149898529
sliderEmu/train/section_00_source_train_normal_0570_noAttribute.wav,in_support,frequency_modulation,0.8153455257415771
sliderEmu/train/section_00_source_train_normal_0571_noAttribute.wav,in_support,frequency_modulation,0.6966668367385864
sliderEmu/train/section_00_source_train_normal_0572_noAttribute.wav,in_support,frequency_modulation,0.9722243547439575
sliderEmu/train/section_00_source_train_normal_0573_noAttribute.wav,in_support,amplitude_modulation,0.9323898553848267
sliderEmu/train/section_00_source_train_normal_0574_noAttribute.wav,in_support,frequency_modulation,0.9619874358177185
sliderEmu/train/section_00_source_train_normal_0575_noAttribute.wav,in_support,frequency_modulation,0.9221631288528442
sliderEmu/train/section_00_source_train_normal_0576_noAttribute.wav,in_support,periodic_resonance,0.8732468485832214
sliderEmu/train/section_00_source_train_normal_0577_noAttribute.wav,in_support,periodic_resonance,0.9801325798034668
sliderEmu/train/section_00_source_train_normal_0578_noAttribute.wav,in_support,frequency_modulation,0.9320605993270874
sliderEmu/train/section_00_source_train_normal_0579_noAttribute.wav,in_support,amplitude_modulation,0.9547322392463684
sliderEmu/train/section_00_source_train_normal_0580_noAttribute.wav,in_support,amplitude_modulation,0.9089108109474182
sliderEmu/train/section_00_source_train_normal_0581_noAttribute.wav,in_support,amplitude_modulation,0.9613078236579895
sliderEmu/train/section_00_source_train_normal_0582_noAttribute.wav,in_support,frequency_modulation,0.8151220083236694
sliderEmu/train/section_00_source_train_normal_0583_noAttribute.wav,in_support,frequency_modulation,0.9563549757003784
sliderEmu/train/section_00_source_train_normal_0584_noAttribute.wav,in_support,amplitude_modulation,0.629500687122345
sliderEmu/train/section_00_source_train_normal_0585_noAttribute.wav,in_support,amplitude_modulation,0.9780363440513611
sliderEmu/train/section_00_source_train_normal_0586_noAttribute.wav,in_support,periodic_resonance,0.9010482430458069
sliderEmu/train/section_00_source_train_normal_0587_noAttribute.wav,in_support,periodic_resonance,0.9656645655632019
sliderEmu/train/section_00_source_train_normal_0588_noAttribute.wav,in_support,amplitude_modulation,0.9682310223579407
sliderEmu/train/section_00_source_train_normal_0589_noAttribute.wav,in_support,amplitude_modulation,0.8867647647857666
sliderEmu/train/section_00_source_train_normal_0590_noAttribute.wav,in_support,amplitude_modulation,0.31351807713508606
sliderEmu/train/section_00_source_train_normal_0591_noAttribute.wav,in_support,frequency_modulation,0.9926662445068359
sliderEmu/train/section_00_source_train_normal_0592_noAttribute.wav,in_support,amplitude_modulation,0.9733017086982727
sliderEmu/train/section_00_source_train_normal_0593_noAttribute.wav,in_support,periodic_resonance,0.9912343621253967
sliderEmu/train/section_00_source_train_normal_0594_noAttribute.wav,in_support,frequency_modulation,0.9587965607643127
sliderEmu/train/section_00_source_train_normal_0595_noAttribute.wav,in_support,frequency_modulation,0.9342909455299377
sliderEmu/train/section_00_source_train_normal_0596_noAttribute.wav,in_support,amplitude_modulation,0.9639633893966675
sliderEmu/train/section_00_source_train_normal_0597_noAttribute.wav,in_support,frequency_modulation,0.9714767932891846
sliderEmu/train/section_00_source_train_normal_0598_noAttribute.wav,in_support,amplitude_modulation,0.3922007083892822
sliderEmu/train/section_00_source_train_normal_0599_noAttribute.wav,in_support,frequency_modulation,0.9695317149162292
sliderEmu/train/section_00_source_train_normal_0600_noAttribute.wav,in_support,periodic_resonance,0.8744707703590393
sliderEmu/train/section_00_source_train_normal_0601_noAttribute.wav,in_support,frequency_modulation,0.9856730699539185
sliderEmu/train/section_00_source_train_normal_0602_noAttribute.wav,in_support,amplitude_modulation,0.9463527798652649
sliderEmu/train/section_00_source_train_normal_0603_noAttribute.wav,in_support,amplitude_modulation,0.9412423968315125
sliderEmu/train/section_00_source_train_normal_0604_noAttribute.wav,in_support,amplitude_modulation,0.9335163831710815
sliderEmu/train/section_00_source_train_normal_0605_noAttribute.wav,in_support,periodic_resonance,0.9801552891731262
sliderEmu/train/section_00_source_train_normal_0606_noAttribute.wav,in_support,amplitude_modulation,0.9499945044517517
sliderEmu/train/section_00_source_train_normal_0607_noAttribute.wav,in_support,amplitude_modulation,0.9227893352508545
sliderEmu/train/section_00_source_train_normal_0608_noAttribute.wav,in_support,amplitude_modulation,0.24792899191379547
sliderEmu/train/section_00_source_train_normal_0609_noAttribute.wav,in_support,periodic_resonance,0.9708768129348755
sliderEmu/train/section_00_source_train_normal_0610_noAttribute.wav,in_support,periodic_resonance,0.8776710033416748
sliderEmu/train/section_00_source_train_normal_0611_noAttribute.wav,in_support,frequency_modulation,0.9435754418373108
sliderEmu/train/section_00_source_train_normal_0612_noAttribute.wav,in_support,amplitude_modulation,0.9488241076469421
sliderEmu/train/section_00_source_train_normal_0613_noAttribute.wav,in_support,amplitude_modulation,0.12511123716831207
sliderEmu/train/section_00_source_train_normal_0614_noAttribute.wav,in_support,amplitude_modulation,0.5759751200675964
sliderEmu/train/section_00_source_train_normal_0615_noAttribute.wav,in_support,frequency_modulation,0.9839939475059509
sliderEmu/train/section_00_source_train_normal_0616_noAttribute.wav,in_support,amplitude_modulation,0.8029821515083313
sliderEmu/train/section_00_source_train_normal_0617_noAttribute.wav,in_support,frequency_modulation,0.9025176167488098
sliderEmu/train/section_00_source_train_normal_0618_noAttribute.wav,in_support,periodic_resonance,0.9521337747573853
sliderEmu/train/section_00_source_train_normal_0619_noAttribute.wav,in_support,periodic_resonance,0.9582346081733704
sliderEmu/train/section_00_source_train_normal_0620_noAttribute.wav,in_support,periodic_resonance,0.9874192476272583
sliderEmu/train/section_00_source_train_normal_0621_noAttribute.wav,in_support,periodic_resonance,0.9462076425552368
sliderEmu/train/section_00_source_train_normal_0622_noAttribute.wav,in_support,frequency_modulation,0.9793853163719177
sliderEmu/train/section_00_source_train_normal_0623_noAttribute.wav,in_support,frequency_modulation,0.5674448609352112
sliderEmu/train/section_00_source_train_normal_0624_noAttribute.wav,in_support,amplitude_modulation,0.9611889123916626
sliderEmu/train/section_00_source_train_normal_0625_noAttribute.wav,in_support,frequency_modulation,0.8954644799232483
sliderEmu/train/section_00_source_train_normal_0626_noAttribute.wav,in_support,amplitude_modulation,0.7946917414665222
sliderEmu/train/section_00_source_train_normal_0627_noAttribute.wav,in_support,frequency_modulation,0.8054831027984619
sliderEmu/train/section_00_source_train_normal_0628_noAttribute.wav,in_support,amplitude_modulation,0.7184106707572937
sliderEmu/train/section_00_source_train_normal_0629_noAttribute.wav,in_support,amplitude_modulation,0.46099191904067993
sliderEmu/train/section_00_source_train_normal_0630_noAttribute.wav,in_support,amplitude_modulation,0.9623570442199707
sliderEmu/train/section_00_source_train_normal_0631_noAttribute.wav,in_support,periodic_resonance,0.9491907358169556
sliderEmu/train/section_00_source_train_normal_0632_noAttribute.wav,in_support,periodic_resonance,0.9479509592056274
sliderEmu/train/section_00_source_train_normal_0633_noAttribute.wav,in_support,periodic_resonance,0.9300726652145386
sliderEmu/train/section_00_source_train_normal_0634_noAttribute.wav,in_support,periodic_resonance,0.9790173172950745
sliderEmu/train/section_00_source_train_normal_0635_noAttribute.wav,in_support,periodic_resonance,0.9757097959518433
sliderEmu/train/section_00_source_train_normal_0636_noAttribute.wav,in_support,periodic_resonance,0.9523463845252991
sliderEmu/train/section_00_source_train_normal_0637_noAttribute.wav,in_support,periodic_resonance,0.7798730731010437
sliderEmu/train/section_00_source_train_normal_0638_noAttribute.wav,in_support,amplitude_modulation,0.8385368585586548
sliderEmu/train/section_00_source_train_normal_0639_noAttribute.wav,in_support,amplitude_modulation,0.9621739387512207
sliderEmu/train/section_00_source_train_normal_0640_noAttribute.wav,in_support,frequency_modulation,0.8286356925964355
sliderEmu/train/section_00_source_train_normal_0641_noAttribute.wav,in_support,periodic_resonance,0.9783601760864258
sliderEmu/train/section_00_source_train_normal_0642_noAttribute.wav,in_support,frequency_modulation,0.9649826884269714
sliderEmu/train/section_00_source_train_normal_0643_noAttribute.wav,in_support,amplitude_modulation,0.976354718208313
sliderEmu/train/section_00_source_train_normal_0644_noAttribute.wav,in_support,periodic_resonance,0.9120403528213501
sliderEmu/train/section_00_source_train_normal_0645_noAttribute.wav,in_support,amplitude_modulation,0.21131554245948792
sliderEmu/train/section_00_source_train_normal_0646_noAttribute.wav,in_support,amplitude_modulation,0.9890222549438477
sliderEmu/train/section_00_source_train_normal_0647_noAttribute.wav,in_support,periodic_resonance,0.45686277747154236
sliderEmu/train/section_00_source_train_normal_0648_noAttribute.wav,in_support,periodic_resonance,0.9944422245025635
sliderEmu/train/section_00_source_train_normal_0649_noAttribute.wav,in_support,amplitude_modulation,0.7759860157966614
sliderEmu/train/section_00_source_train_normal_0650_noAttribute.wav,in_support,amplitude_modulation,0.9386731386184692
sliderEmu/train/section_00_source_train_normal_0651_noAttribute.wav,in_support,frequency_modulation,0.9966305494308472
sliderEmu/train/section_00_source_train_normal_0652_noAttribute.wav,in_support,periodic_resonance,0.9590501189231873
sliderEmu/train/section_00_source_train_normal_0653_noAttribute.wav,in_support,periodic_resonance,0.9579166769981384
sliderEmu/train/section_00_source_train_normal_0654_noAttribute.wav,in_support,frequency_modulation,0.9923126101493835
sliderEmu/train/section_00_source_train_normal_0655_noAttribute.wav,in_support,amplitude_modulation,0.8287427425384521
sliderEmu/train/section_00_source_train_normal_0656_noAttribute.wav,in_support,periodic_resonance,0.9758545756340027
sliderEmu/train/section_00_source_train_normal_0657_noAttribute.wav,in_support,amplitude_modulation,0.994664192199707
sliderEmu/train/section_00_source_train_normal_0658_noAttribute.wav,in_support,periodic_resonance,0.8967221975326538
sliderEmu/train/section_00_source_train_normal_0659_noAttribute.wav,in_support,amplitude_modulation,0.0794251337647438
sliderEmu/train/section_00_source_train_normal_0660_noAttribute.wav,in_support,periodic_resonance,0.9886397123336792
sliderEmu/train/section_00_source_train_normal_0661_noAttribute.wav,in_support,periodic_resonance,0.9944576621055603
sliderEmu/train/section_00_source_train_normal_0662_noAttribute.wav,in_support,amplitude_modulation,0.9611030220985413
sliderEmu/train/section_00_source_train_normal_0663_noAttribute.wav,in_support,amplitude_modulation,0.9836921691894531
sliderEmu/train/section_00_source_train_normal_0664_noAttribute.wav,in_support,periodic_resonance,0.9846813082695007
sliderEmu/train/section_00_source_train_normal_0665_noAttribute.wav,in_support,amplitude_modulation,0.9989919066429138
sliderEmu/train/section_00_source_train_normal_0666_noAttribute.wav,in_support,periodic_resonance,0.8599215149879456
sliderEmu/train/section_00_source_train_normal_0667_noAttribute.wav,in_support,periodic_resonance,0.9812585115432739
sliderEmu/train/section_00_source_train_normal_0668_noAttribute.wav,in_support,frequency_modulation,0.9187694787979126
sliderEmu/train/section_00_source_train_normal_0669_noAttribute.wav,in_support,amplitude_modulation,0.9753485321998596
sliderEmu/train/section_00_source_train_normal_0670_noAttribute.wav,in_support,frequency_modulation,0.7004701495170593
sliderEmu/train/section_00_source_train_normal_0671_noAttribute.wav,in_support,periodic_resonance,0.9911580681800842
sliderEmu/train/section_00_source_train_normal_0672_noAttribute.wav,in_support,frequency_modulation,0.9920043349266052
sliderEmu/train/section_00_source_train_normal_0673_noAttribute.wav,in_support,frequency_modulation,0.9660374522209167
sliderEmu/train/section_00_source_train_normal_0674_noAttribute.wav,in_support,frequency_modulation,0.920261800289154
sliderEmu/train/section_00_source_train_normal_0675_noAttribute.wav,in_support,frequency_modulation,0.7587288022041321
sliderEmu/train/section_00_source_train_normal_0676_noAttribute.wav,in_support,periodic_resonance,0.9568632245063782
sliderEmu/train/section_00_source_train_normal_0677_noAttribute.wav,in_support,frequency_modulation,0.9960731863975525
sliderEmu/train/section_00_source_train_normal_0678_noAttribute.wav,in_support,periodic_resonance,0.9773651361465454
sliderEmu/train/section_00_source_train_normal_0679_noAttribute.wav,in_support,amplitude_modulation,0.7729672789573669
sliderEmu/train/section_00_source_train_normal_0680_noAttribute.wav,in_support,periodic_resonance,0.9794493317604065
sliderEmu/train/section_00_source_train_normal_0681_noAttribute.wav,in_support,frequency_modulation,0.9801698327064514
sliderEmu/train/section_00_source_train_normal_0682_noAttribute.wav,in_support,frequency_modulation,0.779668927192688
sliderEmu/train/section_00_source_train_normal_0683_noAttribute.wav,in_support,amplitude_modulation,0.9856898784637451
sliderEmu/train/section_00_source_train_normal_0684_noAttribute.wav,in_support,frequency_modulation,0.953555166721344
sliderEmu/train/section_00_source_train_normal_0685_noAttribute.wav,in_support,periodic_resonance,0.953474223613739
sliderEmu/train/section_00_source_train_normal_0686_noAttribute.wav,in_support,periodic_resonance,0.9833709001541138
sliderEmu/train/section_00_source_train_normal_0687_noAttribute.wav,in_support,frequency_modulation,0.659903883934021
sliderEmu/train/section_00_source_train_normal_0688_noAttribute.wav,in_support,periodic_resonance,0.9849462509155273
sliderEmu/train/section_00_source_train_normal_0689_noAttribute.wav,in_support,frequency_modulation,0.958518385887146
sliderEmu/train/section_00_source_train_normal_0690_noAttribute.wav,in_support,frequency_modulation,0.7903367877006531
sliderEmu/train/section_00_source_train_normal_0691_noAttribute.wav,in_support,amplitude_modulation,0.952150821685791
sliderEmu/train/section_00_source_train_normal_0692_noAttribute.wav,in_support,periodic_resonance,0.920588493347168
sliderEmu/train/section_00_source_train_normal_0693_noAttribute.wav,in_support,periodic_resonance,0.9953098297119141
sliderEmu/train/section_00_source_train_normal_0694_noAttribute.wav,in_support,amplitude_modulation,0.3630189597606659
sliderEmu/train/section_00_source_train_normal_0695_noAttribute.wav,in_support,periodic_resonance,0.7817983627319336
sliderEmu/train/section_00_source_train_normal_0696_noAttribute.wav,in_support,periodic_resonance,0.9241341948509216
sliderEmu/train/section_00_source_train_normal_0697_noAttribute.wav,in_support,frequency_modulation,0.9477494955062866
sliderEmu/train/section_00_source_train_normal_0698_noAttribute.wav,in_support,amplitude_modulation,0.5536860823631287
sliderEmu/train/section_00_source_train_normal_0699_noAttribute.wav,in_support,amplitude_modulation,0.9874710440635681
sliderEmu/train/section_00_source_train_normal_0700_noAttribute.wav,in_support,amplitude_modulation,0.9980368614196777
sliderEmu/train/section_00_source_train_normal_0701_noAttribute.wav,in_support,frequency_modulation,0.9707091450691223
sliderEmu/train/section_00_source_train_normal_0702_noAttribute.wav,in_support,amplitude_modulation,0.5831020474433899
sliderEmu/train/section_00_source_train_normal_0703_noAttribute.wav,in_support,amplitude_modulation,0.9611626863479614
sliderEmu/train/section_00_source_train_normal_0704_noAttribute.wav,in_support,frequency_modulation,0.9511697292327881
sliderEmu/train/section_00_source_train_normal_0705_noAttribute.wav,in_support,periodic_resonance,0.9912078380584717
sliderEmu/train/section_00_source_train_normal_0706_noAttribute.wav,in_support,frequency_modulation,0.9811033010482788
sliderEmu/train/section_00_source_train_normal_0707_noAttribute.wav,in_support,periodic_resonance,0.9917172789573669
sliderEmu/train/section_00_source_train_normal_0708_noAttribute.wav,in_support,amplitude_modulation,0.9788435697555542
sliderEmu/train/section_00_source_train_normal_0709_noAttribute.wav,in_support,amplitude_modulation,0.28472840785980225
sliderEmu/train/section_00_source_train_normal_0710_noAttribute.wav,in_support,frequency_modulation,0.9955294728279114
sliderEmu/train/section_00_source_train_normal_0711_noAttribute.wav,in_support,periodic_resonance,0.8880193829536438
sliderEmu/train/section_00_source_train_normal_0712_noAttribute.wav,in_support,frequency_modulation,0.9565487504005432
sliderEmu/train/section_00_source_train_normal_0713_noAttribute.wav,in_support,periodic_resonance,0.965631902217865
sliderEmu/train/section_00_source_train_normal_0714_noAttribute.wav,in_support,frequency_modulation,0.9669637680053711
sliderEmu/train/section_00_source_train_normal_0715_noAttribute.wav,in_support,periodic_resonance,0.7308514714241028
sliderEmu/train/section_00_source_train_normal_0716_noAttribute.wav,in_support,frequency_modulation,0.96004319190979
sliderEmu/train/section_00_source_train_normal_0717_noAttribute.wav,in_support,frequency_modulation,0.9747651219367981
sliderEmu/train/section_00_source_train_normal_0718_noAttribute.wav,in_support,amplitude_modulation,0.9618776440620422
sliderEmu/train/section_00_source_train_normal_0719_noAttribute.wav,in_support,frequency_modulation,0.9540190100669861
sliderEmu/train/section_00_source_train_normal_0720_noAttribute.wav,in_support,amplitude_modulation,0.3655543029308319
sliderEmu/train/section_00_source_train_normal_0721_noAttribute.wav,in_support,periodic_resonance,0.966131865978241
sliderEmu/train/section_00_source_train_normal_0722_noAttribute.wav,in_support,frequency_modulation,0.9251854419708252
sliderEmu/train/section_00_source_train_normal_0723_noAttribute.wav,in_support,amplitude_modulation,0.9551247358322144
sliderEmu/train/section_00_source_train_normal_0724_noAttribute.wav,in_support,periodic_resonance,0.9927076697349548
sliderEmu/train/section_00_source_train_normal_0725_noAttribute.wav,in_support,frequency_modulation,0.9045867323875427
sliderEmu/train/section_00_source_train_normal_0726_noAttribute.wav,in_support,frequency_modulation,0.9985948204994202
sliderEmu/train/section_00_source_train_normal_0727_noAttribute.wav,in_support,frequency_modulation,0.9762240648269653
sliderEmu/train/section_00_source_train_normal_0728_noAttribute.wav,in_support,periodic_resonance,0.9381365776062012
sliderEmu/train/section_00_source_train_normal_0729_noAttribute.wav,in_support,amplitude_modulation,0.9808000922203064
sliderEmu/train/section_00_source_train_normal_0730_noAttribute.wav,in_support,frequency_modulation,0.6993345022201538
sliderEmu/train/section_00_source_train_normal_0731_noAttribute.wav,in_support,amplitude_modulation,0.2478349357843399
sliderEmu/train/section_00_source_train_normal_0732_noAttribute.wav,in_support,periodic_resonance,0.8984869718551636
sliderEmu/train/section_00_source_train_normal_0733_noAttribute.wav,in_support,frequency_modulation,0.9803635478019714
sliderEmu/train/section_00_source_train_normal_0734_noAttribute.wav,in_support,amplitude_modulation,0.9818350076675415
sliderEmu/train/section_00_source_train_normal_0735_noAttribute.wav,in_support,periodic_resonance,0.9345864653587341
sliderEmu/train/section_00_source_train_normal_0736_noAttribute.wav,in_support,periodic_resonance,0.984812319278717
sliderEmu/train/section_00_source_train_normal_0737_noAttribute.wav,in_support,amplitude_modulation,0.9787928462028503
sliderEmu/train/section_00_source_train_normal_0738_noAttribute.wav,in_support,periodic_resonance,0.9325988292694092
sliderEmu/train/section_00_source_train_normal_0739_noAttribute.wav,in_support,amplitude_modulation,0.9888582825660706
sliderEmu/train/section_00_source_train_normal_0740_noAttribute.wav,in_support,periodic_resonance,0.9792342782020569
sliderEmu/train/section_00_source_train_normal_0741_noAttribute.wav,in_support,amplitude_modulation,0.9186171293258667
sliderEmu/train/section_00_source_train_normal_0742_noAttribute.wav,in_support,periodic_resonance,0.945970892906189
sliderEmu/train/section_00_source_train_normal_0743_noAttribute.wav,in_support,amplitude_modulation,0.9858513474464417
sliderEmu/train/section_00_source_train_normal_0744_noAttribute.wav,in_support,periodic_resonance,0.9565668702125549
sliderEmu/train/section_00_source_train_normal_0745_noAttribute.wav,in_support,periodic_resonance,0.9802541136741638
sliderEmu/train/section_00_source_train_normal_0746_noAttribute.wav,in_support,amplitude_modulation,0.9766986966133118
sliderEmu/train/section_00_source_train_normal_0747_noAttribute.wav,in_support,periodic_resonance,0.9854138493537903
sliderEmu/train/section_00_source_train_normal_0748_noAttribute.wav,in_support,periodic_resonance,0.9377121925354004
sliderEmu/train/section_00_source_train_normal_0749_noAttribute.wav,in_support,frequency_modulation,0.9232809543609619
sliderEmu/train/section_00_source_train_normal_0750_noAttribute.wav,in_support,periodic_resonance,0.9824162721633911
sliderEmu/train/section_00_source_train_normal_0751_noAttribute.wav,in_support,frequency_modulation,0.9448321461677551
sliderEmu/train/section_00_source_train_normal_0752_noAttribute.wav,in_support,frequency_modulation,0.9190548062324524
sliderEmu/train/section_00_source_train_normal_0753_noAttribute.wav,in_support,frequency_modulation,0.587761402130127
sliderEmu/train/section_00_source_train_normal_0754_noAttribute.wav,in_support,amplitude_modulation,0.9780846834182739
sliderEmu/train/section_00_source_train_normal_0755_noAttribute.wav,in_support,periodic_resonance,0.9521313309669495
sliderEmu/train/section_00_source_train_normal_0756_noAttribute.wav,in_support,amplitude_modulation,0.1363217979669571
sliderEmu/train/section_00_source_train_normal_0757_noAttribute.wav,in_support,amplitude_modulation,0.9776838421821594
sliderEmu/train/section_00_source_train_normal_0758_noAttribute.wav,in_support,frequency_modulation,0.9500536322593689
sliderEmu/train/section_00_source_train_normal_0759_noAttribute.wav,in_support,amplitude_modulation,0.44368934631347656
sliderEmu/train/section_00_source_train_normal_0760_noAttribute.wav,in_support,frequency_modulation,0.9717522859573364
sliderEmu/train/section_00_source_train_normal_0761_noAttribute.wav,in_support,periodic_resonance,0.9791908264160156
sliderEmu/train/section_00_source_train_normal_0762_noAttribute.wav,in_support,periodic_resonance,0.9821435809135437
sliderEmu/train/section_00_source_train_normal_0763_noAttribute.wav,in_support,frequency_modulation,0.9339209198951721
sliderEmu/train/section_00_source_train_normal_0764_noAttribute.wav,in_support,amplitude_modulation,0.9761999845504761
sliderEmu/train/section_00_source_train_normal_0765_noAttribute.wav,in_support,periodic_resonance,0.977719783782959
sliderEmu/train/section_00_source_train_normal_0766_noAttribute.wav,in_support,amplitude_modulation,0.9655351042747498
sliderEmu/train/section_00_source_train_normal_0767_noAttribute.wav,in_support,amplitude_modulation,0.9965136647224426
sliderEmu/train/section_00_source_train_normal_0768_noAttribute.wav,in_support,frequency_modulation,0.9714158773422241
sliderEmu/train/section_00_source_train_normal_0769_noAttribute.wav,in_support,frequency_modulation,0.9650757312774658
sliderEmu/train/section_00_source_train_normal_0770_noAttribute.wav,in_support,periodic_resonance,0.9970110058784485
sliderEmu/train/section_00_source_train_normal_0771_noAttribute.wav,in_support,periodic_resonance,0.9752622246742249
sliderEmu/train/section_00_source_train_normal_0772_noAttribute.wav,in_support,periodic_resonance,0.9657205939292908
sliderEmu/train/section_00_source_train_normal_0773_noAttribute.wav,in_support,periodic_resonance,0.9988774061203003
sliderEmu/train/section_00_source_train_normal_0774_noAttribute.wav,in_support,frequency_modulation,0.9563329219818115
sliderEmu/train/section_00_source_train_normal_0775_noAttribute.wav,in_support,amplitude_modulation,0.6689356565475464
sliderEmu/train/section_00_source_train_normal_0776_noAttribute.wav,in_support,periodic_resonance,0.9992276430130005
sliderEmu/train/section_00_source_train_normal_0777_noAttribute.wav,in_support,amplitude_modulation,0.9741570353507996
sliderEmu/train/section_00_source_train_normal_0778_noAttribute.wav,in_support,periodic_resonance,0.9444357752799988
sliderEmu/train/section_00_source_train_normal_0779_noAttribute.wav,in_support,amplitude_modulation,0.9603365659713745
sliderEmu/train/section_00_source_train_normal_0780_noAttribute.wav,in_support,amplitude_modulation,0.45265936851501465
sliderEmu/train/section_00_source_train_normal_0781_noAttribute.wav,in_support,periodic_resonance,0.9512036442756653
sliderEmu/train/section_00_source_train_normal_0782_noAttribute.wav,in_support,frequency_modulation,0.916382372379303
sliderEmu/train/section_00_source_train_normal_0783_noAttribute.wav,in_support,frequency_modulation,0.7549934387207031
sliderEmu/train/section_00_source_train_normal_0784_noAttribute.wav,in_support,amplitude_modulation,0.9641284346580505
sliderEmu/train/section_00_source_train_normal_0785_noAttribute.wav,in_support,frequency_modulation,0.9465112090110779
sliderEmu/train/section_00_source_train_normal_0786_noAttribute.wav,in_support,periodic_resonance,0.9617566466331482
sliderEmu/train/section_00_source_train_normal_0787_noAttribute.wav,in_support,frequency_modulation,0.9436524510383606
sliderEmu/train/section_00_source_train_normal_0788_noAttribute.wav,in_support,periodic_resonance,0.9856441020965576
sliderEmu/train/section_00_source_train_normal_0789_noAttribute.wav,in_support,periodic_resonance,0.907711923122406
sliderEmu/train/section_00_source_train_normal_0790_noAttribute.wav,in_support,frequency_modulation,0.9292086958885193
sliderEmu/train/section_00_source_train_normal_0791_noAttribute.wav,in_support,frequency_modulation,0.8540000319480896
sliderEmu/train/section_00_source_train_normal_0792_noAttribute.wav,in_support,frequency_modulation,0.8317779302597046
sliderEmu/train/section_00_source_train_normal_0793_noAttribute.wav,in_support,amplitude_modulation,0.8867495656013489
sliderEmu/train/section_00_source_train_normal_0794_noAttribute.wav,in_support,amplitude_modulation,0.9328294992446899
sliderEmu/train/section_00_source_train_normal_0795_noAttribute.wav,in_support,periodic_resonance,0.9907126426696777
sliderEmu/train/section_00_source_train_normal_0796_noAttribute.wav,in_support,frequency_modulation,0.6989277601242065
sliderEmu/train/section_00_source_train_normal_0797_noAttribute.wav,in_support,amplitude_modulation,0.9584084153175354
sliderEmu/train/section_00_source_train_normal_0798_noAttribute.wav,in_support,amplitude_modulation,0.9228342771530151
sliderEmu/train/section_00_source_train_normal_0799_noAttribute.wav,in_support,frequency_modulation,0.9477148652076721
sliderEmu/train/section_00_source_train_normal_0800_noAttribute.wav,in_support,amplitude_modulation,0.9848141670227051
sliderEmu/train/section_00_source_train_normal_0801_noAttribute.wav,in_support,periodic_resonance,0.966102123260498
sliderEmu/train/section_00_source_train_normal_0802_noAttribute.wav,in_support,frequency_modulation,0.9401625394821167
sliderEmu/train/section_00_source_train_normal_0803_noAttribute.wav,in_support,frequency_modulation,0.815898060798645
sliderEmu/train/section_00_source_train_normal_0804_noAttribute.wav,in_support,amplitude_modulation,0.9352877736091614
sliderEmu/train/section_00_source_train_normal_0805_noAttribute.wav,in_support,frequency_modulation,0.9530819654464722
sliderEmu/train/section_00_source_train_normal_0806_noAttribute.wav,in_support,frequency_modulation,0.9006149172782898
sliderEmu/train/section_00_source_train_normal_0807_noAttribute.wav,in_support,periodic_resonance,0.8758302927017212
sliderEmu/train/section_00_source_train_normal_0808_noAttribute.wav,in_support,amplitude_modulation,0.9284908175468445
sliderEmu/train/section_00_source_train_normal_0809_noAttribute.wav,in_support,frequency_modulation,0.7129663228988647
sliderEmu/train/section_00_source_train_normal_0810_noAttribute.wav,in_support,periodic_resonance,0.9734454154968262
sliderEmu/train/section_00_source_train_normal_0811_noAttribute.wav,in_support,frequency_modulation,0.9310606718063354
sliderEmu/train/section_00_source_train_normal_0812_noAttribute.wav,in_support,frequency_modulation,0.9922623634338379
sliderEmu/train/section_00_source_train_normal_0813_noAttribute.wav,in_support,amplitude_modulation,0.9032578468322754
sliderEmu/train/section_00_source_train_normal_0814_noAttribute.wav,in_support,frequency_modulation,0.8360360264778137
sliderEmu/train/section_00_source_train_normal_0815_noAttribute.wav,in_support,frequency_modulation,0.8632193207740784
sliderEmu/train/section_00_source_train_normal_0816_noAttribute.wav,in_support,periodic_resonance,0.9586011171340942
sliderEmu/train/section_00_source_train_normal_0817_noAttribute.wav,in_support,periodic_resonance,0.9828640818595886
sliderEmu/train/section_00_source_train_normal_0818_noAttribute.wav,in_support,frequency_modulation,0.9682357907295227
sliderEmu/train/section_00_source_train_normal_0819_noAttribute.wav,in_support,periodic_resonance,0.9789553284645081
sliderEmu/train/section_00_source_train_normal_0820_noAttribute.wav,in_support,frequency_modulation,0.9559907913208008
sliderEmu/train/section_00_source_train_normal_0821_noAttribute.wav,in_support,amplitude_modulation,0.3265385925769806
sliderEmu/train/section_00_source_train_normal_0822_noAttribute.wav,in_support,periodic_resonance,0.9919031858444214
sliderEmu/train/section_00_source_train_normal_0823_noAttribute.wav,in_support,periodic_resonance,0.9849058985710144
sliderEmu/train/section_00_source_train_normal_0824_noAttribute.wav,in_support,periodic_resonance,0.8833699226379395
sliderEmu/train/section_00_source_train_normal_0825_noAttribute.wav,in_support,frequency_modulation,0.9633194208145142
sliderEmu/train/section_00_source_train_normal_0826_noAttribute.wav,in_support,frequency_modulation,0.9954063892364502
sliderEmu/train/section_00_source_train_normal_0827_noAttribute.wav,in_support,periodic_resonance,0.938520610332489
sliderEmu/train/section_00_source_train_normal_0828_noAttribute.wav,in_support,frequency_modulation,0.9872011542320251
sliderEmu/train/section_00_source_train_normal_0829_noAttribute.wav,in_support,periodic_resonance,0.8268106579780579
sliderEmu/train/section_00_source_train_normal_0830_noAttribute.wav,in_support,amplitude_modulation,0.06273379176855087
sliderEmu/train/section_00_source_train_normal_0831_noAttribute.wav,in_support,periodic_resonance,0.9273279905319214
sliderEmu/train/section_00_source_train_normal_0832_noAttribute.wav,in_support,periodic_resonance,0.9937535524368286
sliderEmu/train/section_00_source_train_normal_0833_noAttribute.wav,in_support,amplitude_modulation,0.9771122932434082
sliderEmu/train/section_00_source_train_normal_0834_noAttribute.wav,in_support,amplitude_modulation,0.9559580087661743
sliderEmu/train/section_00_source_train_normal_0835_noAttribute.wav,in_support,frequency_modulation,0.9841673374176025
sliderEmu/train/section_00_source_train_normal_0836_noAttribute.wav,in_support,frequency_modulation,0.9500188231468201
sliderEmu/train/section_00_source_train_normal_0837_noAttribute.wav,in_support,amplitude_modulation,0.2464277148246765
sliderEmu/train/section_00_source_train_normal_0838_noAttribute.wav,in_support,amplitude_modulation,0.9916655421257019
sliderEmu/train/section_00_source_train_normal_0839_noAttribute.wav,in_support,amplitude_modulation,0.9688352942466736
sliderEmu/train/section_00_source_train_normal_0840_noAttribute.wav,in_support,frequency_modulation,0.957933247089386
sliderEmu/train/section_00_source_train_normal_0841_noAttribute.wav,in_support,frequency_modulation,0.9966282248497009
sliderEmu/train/section_00_source_train_normal_0842_noAttribute.wav,in_support,amplitude_modulation,0.8959235548973083
sliderEmu/train/section_00_source_train_normal_0843_noAttribute.wav,in_support,amplitude_modulation,0.2950874865055084
sliderEmu/train/section_00_source_train_normal_0844_noAttribute.wav,in_support,frequency_modulation,0.994076669216156
sliderEmu/train/section_00_source_train_normal_0845_noAttribute.wav,in_support,frequency_modulation,0.9803171753883362
sliderEmu/train/section_00_source_train_normal_0846_noAttribute.wav,in_support,periodic_resonance,0.9882437586784363
sliderEmu/train/section_00_source_train_normal_0847_noAttribute.wav,in_support,amplitude_modulation,0.9503536820411682
sliderEmu/train/section_00_source_train_normal_0848_noAttribute.wav,in_support,frequency_modulation,0.9691681265830994
sliderEmu/train/section_00_source_train_normal_0849_noAttribute.wav,in_support,amplitude_modulation,0.5061284303665161
sliderEmu/train/section_00_source_train_normal_0850_noAttribute.wav,in_support,periodic_resonance,0.9910863041877747
sliderEmu/train/section_00_source_train_normal_0851_noAttribute.wav,in_support,frequency_modulation,0.605378270149231
sliderEmu/train/section_00_source_train_normal_0852_noAttribute.wav,in_support,frequency_modulation,0.9710105657577515
sliderEmu/train/section_00_source_train_normal_0853_noAttribute.wav,in_support,frequency_modulation,0.9594908952713013
sliderEmu/train/section_00_source_train_normal_0854_noAttribute.wav,in_support,frequency_modulation,0.9746994972229004
sliderEmu/train/section_00_source_train_normal_0855_noAttribute.wav,in_support,amplitude_modulation,0.9722885489463806
sliderEmu/train/section_00_source_train_normal_0856_noAttribute.wav,in_support,periodic_resonance,0.9131321310997009
sliderEmu/train/section_00_source_train_normal_0857_noAttribute.wav,in_support,periodic_resonance,0.9926948547363281
sliderEmu/train/section_00_source_train_normal_0858_noAttribute.wav,in_support,amplitude_modulation,0.8851395845413208
sliderEmu/train/section_00_source_train_normal_0859_noAttribute.wav,in_support,amplitude_modulation,0.9620286822319031
sliderEmu/train/section_00_source_train_normal_0860_noAttribute.wav,in_support,frequency_modulation,0.9274989366531372
sliderEmu/train/section_00_source_train_normal_0861_noAttribute.wav,in_support,amplitude_modulation,0.443462997674942
sliderEmu/train/section_00_source_train_normal_0862_noAttribute.wav,in_support,amplitude_modulation,0.9517974853515625
sliderEmu/train/section_00_source_train_normal_0863_noAttribute.wav,in_support,amplitude_modulation,0.9228241443634033
sliderEmu/train/section_00_source_train_normal_0864_noAttribute.wav,in_support,amplitude_modulation,0.9636071920394897
sliderEmu/train/section_00_source_train_normal_0865_noAttribute.wav,in_support,frequency_modulation,0.8825685977935791
sliderEmu/train/section_00_source_train_normal_0866_noAttribute.wav,in_support,periodic_resonance,0.9581072926521301
sliderEmu/train/section_00_source_train_normal_0867_noAttribute.wav,in_support,frequency_modulation,0.9254938364028931
sliderEmu/train/section_00_source_train_normal_0868_noAttribute.wav,in_support,frequency_modulation,0.9547471404075623
sliderEmu/train/section_00_source_train_normal_0869_noAttribute.wav,in_support,amplitude_modulation,0.973927915096283
sliderEmu/train/section_00_source_train_normal_0870_noAttribute.wav,in_support,frequency_modulation,0.9560356140136719
sliderEmu/train/section_00_source_train_normal_0871_noAttribute.wav,in_support,amplitude_modulation,0.9298763275146484
sliderEmu/train/section_00_source_train_normal_0872_noAttribute.wav,in_support,periodic_resonance,0.9866764545440674
sliderEmu/train/section_00_source_train_normal_0873_noAttribute.wav,in_support,frequency_modulation,0.9302294254302979
sliderEmu/train/section_00_source_train_normal_0874_noAttribute.wav,in_support,amplitude_modulation,0.9382545351982117
sliderEmu/train/section_00_source_train_normal_0875_noAttribute.wav,in_support,periodic_resonance,0.9692245125770569
sliderEmu/train/section_00_source_train_normal_0876_noAttribute.wav,in_support,periodic_resonance,0.9483075737953186
sliderEmu/train/section_00_source_train_normal_0877_noAttribute.wav,in_support,frequency_modulation,0.9156990051269531
sliderEmu/train/section_00_source_train_normal_0878_noAttribute.wav,in_support,frequency_modulation,0.9894886016845703
sliderEmu/train/section_00_source_train_normal_0879_noAttribute.wav,in_support,periodic_resonance,0.9717109799385071
sliderEmu/train/section_00_source_train_normal_0880_noAttribute.wav,in_support,frequency_modulation,0.9569703340530396
sliderEmu/train/section_00_source_train_normal_0881_noAttribute.wav,in_support,periodic_resonance,0.9689341187477112
sliderEmu/train/section_00_source_train_normal_0882_noAttribute.wav,in_support,frequency_modulation,0.9455037117004395
sliderEmu/train/section_00_source_train_normal_0883_noAttribute.wav,in_support,frequency_modulation,0.983839750289917
sliderEmu/train/section_00_source_train_normal_0884_noAttribute.wav,in_support,amplitude_modulation,0.9238298535346985
sliderEmu/train/section_00_source_train_normal_0885_noAttribute.wav,in_support,amplitude_modulation,0.9406814575195312
sliderEmu/train/section_00_source_train_normal_0886_noAttribute.wav,in_support,frequency_modulation,0.9923909306526184
sliderEmu/train/section_00_source_train_normal_0887_noAttribute.wav,in_support,periodic_resonance,0.9719417095184326
sliderEmu/train/section_00_source_train_normal_0888_noAttribute.wav,in_support,frequency_modulation,0.9858503937721252
sliderEmu/train/section_00_source_train_normal_0889_noAttribute.wav,in_support,periodic_resonance,0.9239749908447266
sliderEmu/train/section_00_source_train_normal_0890_noAttribute.wav,in_support,periodic_resonance,0.9987828135490417
sliderEmu/train/section_00_source_train_normal_0891_noAttribute.wav,in_support,frequency_modulation,0.8773210048675537
sliderEmu/train/section_00_source_train_normal_0892_noAttribute.wav,in_support,amplitude_modulation,0.9454250335693359
sliderEmu/train/section_00_source_train_normal_0893_noAttribute.wav,in_support,periodic_resonance,0.8800243139266968
sliderEmu/train/section_00_source_train_normal_0894_noAttribute.wav,in_support,frequency_modulation,0.7566576600074768
sliderEmu/train/section_00_source_train_normal_0895_noAttribute.wav,in_support,frequency_modulation,0.966982364654541
sliderEmu/train/section_00_source_train_normal_0896_noAttribute.wav,in_support,amplitude_modulation,0.9207345247268677
sliderEmu/train/section_00_source_train_normal_0897_noAttribute.wav,in_support,frequency_modulation,0.9878213405609131
sliderEmu/train/section_00_source_train_normal_0898_noAttribute.wav,in_support,amplitude_modulation,0.9315012693405151
sliderEmu/train/section_00_source_train_normal_0899_noAttribute.wav,in_support,periodic_resonance,0.9086812138557434
sliderEmu/train/section_00_source_train_normal_0900_noAttribute.wav,in_support,frequency_modulation,0.9471922516822815
sliderEmu/train/section_00_source_train_normal_0901_noAttribute.wav,in_support,frequency_modulation,0.6638480424880981
sliderEmu/train/section_00_source_train_normal_0902_noAttribute.wav,in_support,periodic_resonance,0.9781032204627991
sliderEmu/train/section_00_source_train_normal_0903_noAttribute.wav,in_support,periodic_resonance,0.8539183735847473
sliderEmu/train/section_00_source_train_normal_0904_noAttribute.wav,in_support,periodic_resonance,0.9584962129592896
sliderEmu/train/section_00_source_train_normal_0905_noAttribute.wav,in_support,frequency_modulation,0.7657110691070557
sliderEmu/train/section_00_source_train_normal_0906_noAttribute.wav,in_support,periodic_resonance,0.8983612656593323
sliderEmu/train/section_00_source_train_normal_0907_noAttribute.wav,in_support,frequency_modulation,0.5301223397254944
sliderEmu/train/section_00_source_train_normal_0908_noAttribute.wav,in_support,periodic_resonance,0.9507812261581421
sliderEmu/train/section_00_source_train_normal_0909_noAttribute.wav,in_support,amplitude_modulation,0.39041054248809814
sliderEmu/train/section_00_source_train_normal_0910_noAttribute.wav,in_support,amplitude_modulation,0.99235999584198
sliderEmu/train/section_00_source_train_normal_0911_noAttribute.wav,in_support,frequency_modulation,0.9725038409233093
sliderEmu/train/section_00_source_train_normal_0912_noAttribute.wav,in_support,periodic_resonance,0.9833627939224243
sliderEmu/train/section_00_source_train_normal_0913_noAttribute.wav,in_support,amplitude_modulation,0.9138067364692688
sliderEmu/train/section_00_source_train_normal_0914_noAttribute.wav,in_support,amplitude_modulation,0.912672758102417
sliderEmu/train/section_00_source_train_normal_0915_noAttribute.wav,in_support,frequency_modulation,0.8416454792022705
sliderEmu/train/section_00_source_train_normal_0916_noAttribute.wav,in_support,periodic_resonance,0.9962946176528931
sliderEmu/train/section_00_source_train_normal_0917_noAttribute.wav,in_support,frequency_modulation,0.7462276220321655
sliderEmu/train/section_00_source_train_normal_0918_noAttribute.wav,in_support,periodic_resonance,0.9760519862174988
sliderEmu/train/section_00_source_train_normal_0919_noAttribute.wav,in_support,periodic_resonance,0.9716357588768005
sliderEmu/train/section_00_source_train_normal_0920_noAttribute.wav,in_support,amplitude_modulation,0.9773610234260559
sliderEmu/train/section_00_source_train_normal_0921_noAttribute.wav,in_support,amplitude_modulation,0.9809799194335938
sliderEmu/train/section_00_source_train_normal_0922_noAttribute.wav,in_support,periodic_resonance,0.8975364565849304
sliderEmu/train/section_00_source_train_normal_0923_noAttribute.wav,in_support,periodic_resonance,0.9988731145858765
sliderEmu/train/section_00_source_train_normal_0924_noAttribute.wav,in_support,amplitude_modulation,0.9809685349464417
sliderEmu/train/section_00_source_train_normal_0925_noAttribute.wav,in_support,frequency_modulation,0.9906631112098694
sliderEmu/train/section_00_source_train_normal_0926_noAttribute.wav,in_support,amplitude_modulation,0.9178082346916199
sliderEmu/train/section_00_source_train_normal_0927_noAttribute.wav,in_support,periodic_resonance,0.968153178691864
sliderEmu/train/section_00_source_train_normal_0928_noAttribute.wav,in_support,periodic_resonance,0.9996087551116943
sliderEmu/train/section_00_source_train_normal_0929_noAttribute.wav,in_support,periodic_resonance,0.998904824256897
sliderEmu/train/section_00_source_train_normal_0930_noAttribute.wav,in_support,frequency_modulation,0.973216712474823
sliderEmu/train/section_00_source_train_normal_0931_noAttribute.wav,in_support,frequency_modulation,0.901542603969574
sliderEmu/train/section_00_source_train_normal_0932_noAttribute.wav,in_support,periodic_resonance,0.9745426774024963
sliderEmu/train/section_00_source_train_normal_0933_noAttribute.wav,in_support,amplitude_modulation,0.9755111932754517
sliderEmu/train/section_00_source_train_normal_0934_noAttribute.wav,in_support,amplitude_modulation,0.41957545280456543
sliderEmu/train/section_00_source_train_normal_0935_noAttribute.wav,in_support,frequency_modulation,0.9298698902130127
sliderEmu/train/section_00_source_train_normal_0936_noAttribute.wav,in_support,periodic_resonance,0.979299008846283
sliderEmu/train/section_00_source_train_normal_0937_noAttribute.wav,in_support,periodic_resonance,0.9949781894683838
sliderEmu/train/section_00_source_train_normal_0938_noAttribute.wav,in_support,amplitude_modulation,0.9459496140480042
sliderEmu/train/section_00_source_train_normal_0939_noAttribute.wav,in_support,amplitude_modulation,0.8928813934326172
sliderEmu/train/section_00_source_train_normal_0940_noAttribute.wav,in_support,amplitude_modulation,0.9875020384788513
sliderEmu/train/section_00_source_train_normal_0941_noAttribute.wav,in_support,amplitude_modulation,0.9886016845703125
sliderEmu/train/section_00_source_train_normal_0942_noAttribute.wav,in_support,amplitude_modulation,0.5852517485618591
sliderEmu/train/section_00_source_train_normal_0943_noAttribute.wav,in_support,frequency_modulation,0.954855740070343
sliderEmu/train/section_00_source_train_normal_0944_noAttribute.wav,in_support,amplitude_modulation,0.7533844113349915
sliderEmu/train/section_00_source_train_normal_0945_noAttribute.wav,in_support,periodic_resonance,0.6520516276359558
sliderEmu/train/section_00_source_train_normal_0946_noAttribute.wav,in_support,frequency_modulation,0.9544147849082947
sliderEmu/train/section_00_source_train_normal_0947_noAttribute.wav,in_support,frequency_modulation,0.9733662605285645
sliderEmu/train/section_00_source_train_normal_0948_noAttribute.wav,in_support,frequency_modulation,0.994161069393158
sliderEmu/train/section_00_source_train_normal_0949_noAttribute.wav,in_support,frequency_modulation,0.5030191540718079
sliderEmu/train/section_00_source_train_normal_0950_noAttribute.wav,in_support,amplitude_modulation,0.7962197065353394
sliderEmu/train/section_00_source_train_normal_0951_noAttribute.wav,in_support,amplitude_modulation,0.9996189475059509
sliderEmu/train/section_00_source_train_normal_0952_noAttribute.wav,in_support,periodic_resonance,0.9925873875617981
sliderEmu/train/section_00_source_train_normal_0953_noAttribute.wav,in_support,periodic_resonance,0.9553512334823608
sliderEmu/train/section_00_source_train_normal_0954_noAttribute.wav,in_support,periodic_resonance,0.9910160303115845
sliderEmu/train/section_00_source_train_normal_0955_noAttribute.wav,in_support,amplitude_modulation,0.7563495635986328
sliderEmu/train/section_00_source_train_normal_0956_noAttribute.wav,in_support,periodic_resonance,0.9449626803398132
sliderEmu/train/section_00_source_train_normal_0957_noAttribute.wav,in_support,periodic_resonance,0.5020734071731567
sliderEmu/train/section_00_source_train_normal_0958_noAttribute.wav,in_support,periodic_resonance,0.9545526504516602
sliderEmu/train/section_00_source_train_normal_0959_noAttribute.wav,in_support,periodic_resonance,0.9788578152656555
sliderEmu/train/section_00_source_train_normal_0960_noAttribute.wav,in_support,frequency_modulation,0.9877046346664429
sliderEmu/train/section_00_source_train_normal_0961_noAttribute.wav,in_support,frequency_modulation,0.9310079216957092
sliderEmu/train/section_00_source_train_normal_0962_noAttribute.wav,in_support,amplitude_modulation,0.9759573936462402
sliderEmu/train/section_00_source_train_normal_0963_noAttribute.wav,in_support,periodic_resonance,0.9872744083404541
sliderEmu/train/section_00_source_train_normal_0964_noAttribute.wav,in_support,periodic_resonance,0.8230646848678589
sliderEmu/train/section_00_source_train_normal_0965_noAttribute.wav,in_support,periodic_resonance,0.951665997505188
sliderEmu/train/section_00_source_train_normal_0966_noAttribute.wav,in_support,periodic_resonance,0.9611170291900635
sliderEmu/train/section_00_source_train_normal_0967_noAttribute.wav,in_support,frequency_modulation,0.9793732166290283
sliderEmu/train/section_00_source_train_normal_0968_noAttribute.wav,in_support,frequency_modulation,0.9915016293525696
sliderEmu/train/section_00_source_train_normal_0969_noAttribute.wav,in_support,periodic_resonance,0.9669971466064453
sliderEmu/train/section_00_source_train_normal_0970_noAttribute.wav,in_support,amplitude_modulation,0.9873067140579224
sliderEmu/train/section_00_source_train_normal_0971_noAttribute.wav,in_support,amplitude_modulation,0.7561542391777039
sliderEmu/train/section_00_source_train_normal_0972_noAttribute.wav,in_support,amplitude_modulation,0.908521294593811
sliderEmu/train/section_00_source_train_normal_0973_noAttribute.wav,in_support,periodic_resonance,0.9185948371887207
sliderEmu/train/section_00_source_train_normal_0974_noAttribute.wav,in_support,periodic_resonance,0.995765745639801
sliderEmu/train/section_00_source_train_normal_0975_noAttribute.wav,in_support,amplitude_modulation,0.9620991349220276
sliderEmu/train/section_00_source_train_normal_0976_noAttribute.wav,in_support,amplitude_modulation,0.9688963890075684
sliderEmu/train/section_00_source_train_normal_0977_noAttribute.wav,in_support,periodic_resonance,0.9675434231758118
sliderEmu/train/section_00_source_train_normal_0978_noAttribute.wav,in_support,frequency_modulation,0.9572043418884277
sliderEmu/train/section_00_source_train_normal_0979_noAttribute.wav,in_support,periodic_resonance,0.9923455715179443
sliderEmu/train/section_00_source_train_normal_0980_noAttribute.wav,in_support,frequency_modulation,0.9951711297035217
sliderEmu/train/section_00_source_train_normal_0981_noAttribute.wav,in_support,frequency_modulation,0.9319197535514832
sliderEmu/train/section_00_source_train_normal_0982_noAttribute.wav,in_support,periodic_resonance,0.9289741516113281
sliderEmu/train/section_00_source_train_normal_0983_noAttribute.wav,in_support,periodic_resonance,0.9691833257675171
sliderEmu/train/section_00_source_train_normal_0984_noAttribute.wav,in_support,frequency_modulation,0.8444363474845886
sliderEmu/train/section_00_source_train_normal_0985_noAttribute.wav,in_support,frequency_modulation,0.9557044506072998
sliderEmu/train/section_00_source_train_normal_0986_noAttribute.wav,in_support,periodic_resonance,0.8989344239234924
sliderEmu/train/section_00_source_train_normal_0987_noAttribute.wav,in_support,periodic_resonance,0.9634842872619629
sliderEmu/train/section_00_source_train_normal_0988_noAttribute.wav,in_support,periodic_resonance,0.9652125239372253
sliderEmu/train/section_00_source_train_normal_0989_noAttribute.wav,in_support,amplitude_modulation,0.9303964376449585
sliderEmu/train/section_00_target_train_normal_0000_noAttribute.wav,in_support,periodic_resonance,0.9964454174041748
sliderEmu/train/section_00_target_train_normal_0001_noAttribute.wav,in_support,frequency_modulation,0.954986572265625
sliderEmu/train/section_00_target_train_normal_0002_noAttribute.wav,in_support,amplitude_modulation,0.9455655217170715
sliderEmu/train/section_00_target_train_normal_0003_noAttribute.wav,in_support,amplitude_modulation,0.9432900547981262
sliderEmu/train/section_00_target_train_normal_0004_noAttribute.wav,in_support,periodic_resonance,0.9386768937110901
sliderEmu/train/section_00_target_train_normal_0005_noAttribute.wav,in_support,periodic_resonance,0.9437503814697266
sliderEmu/train/section_00_target_train_normal_0006_noAttribute.wav,in_support,frequency_modulation,0.9938669800758362
sliderEmu/train/section_00_target_train_normal_0007_noAttribute.wav,in_support,frequency_modulation,0.9783673882484436
sliderEmu/train/section_00_target_train_normal_0008_noAttribute.wav,in_support,frequency_modulation,0.984064519405365
sliderEmu/train/section_00_target_train_normal_0009_noAttribute.wav,in_support,frequency_modulation,0.9244759678840637
valveEmu/train/section_00_source_train_normal_0000_noAttribute.wav,in_support,frequency_modulation,0.9648787379264832
valveEmu/train/section_00_source_train_normal_0001_noAttribute.wav,in_support,frequency_modulation,0.9559894800186157
valveEmu/train/section_00_source_train_normal_0002_noAttribute.wav,in_support,frequency_modulation,0.989021360874176
valveEmu/train/section_00_source_train_normal_0003_noAttribute.wav,in_support,frequency_modulation,0.9781729578971863
valveEmu/train/section_00_source_train_normal_0004_noAttribute.wav,in_support,amplitude_modulation,0.48048731684684753
valveEmu/train/section_00_source_train_normal_0005_noAttribute.wav,in_support,periodic_resonance,0.8978885412216187
valveEmu/train/section_00_source_train_normal_0006_noAttribute.wav,in_support,periodic_resonance,0.599197268486023
valveEmu/train/section_00_source_train_normal_0007_noAttribute.wav,in_support,amplitude_modulation,0.9775786399841309
valveEmu/train/section_00_source_train_normal_0008_noAttribute.wav,in_support,amplitude_modulation,0.9327425956726074
valveEmu/train/section_00_source_train_normal_0009_noAttribute.wav,in_support,periodic_resonance,0.9958317875862122
valveEmu/train/section_00_source_train_normal_0010_noAttribute.wav,in_support,frequency_modulation,0.9729631543159485
valveEmu/train/section_00_source_train_normal_0011_noAttribute.wav,in_support,frequency_modulation,0.980736255645752
valveEmu/train/section_00_source_train_normal_0012_noAttribute.wav,in_support,frequency_modulation,0.9646318554878235
valveEmu/train/section_00_source_train_normal_0013_noAttribute.wav,in_support,amplitude_modulation,0.9385430216789246
valveEmu/train/section_00_source_train_normal_0014_noAttribute.wav,in_support,periodic_resonance,0.9954769015312195
valveEmu/train/section_00_source_train_normal_0015_noAttribute.wav,in_support,periodic_resonance,0.9914352297782898
valveEmu/train/section_00_source_train_normal_0016_noAttribute.wav,in_support,periodic_resonance,0.9664341807365417
valveEmu/train/section_00_source_train_normal_0017_noAttribute.wav,in_support,amplitude_modulation,0.2974185645580292
valveEmu/train/section_00_source_train_normal_0018_noAttribute.wav,in_support,frequency_modulation,0.9479548335075378
valveEmu/train/section_00_source_train_normal_0019_noAttribute.wav,in_support,frequency_modulation,0.7738385200500488
valveEmu/train/section_00_source_train_normal_0020_noAttribute.wav,in_support,frequency_modulation,0.9126733541488647
valveEmu/train/section_00_source_train_normal_0021_noAttribute.wav,in_support,periodic_resonance,0.9791077375411987
valveEmu/train/section_00_source_train_normal_0022_noAttribute.wav,in_support,periodic_resonance,0.9705439209938049
valveEmu/train/section_00_source_train_normal_0023_noAttribute.wav,in_support,frequency_modulation,0.9651122093200684
valveEmu/train/section_00_source_train_normal_0024_noAttribute.wav,in_support,amplitude_modulation,0.5258583426475525
valveEmu/train/section_00_source_train_normal_0025_noAttribute.wav,in_support,frequency_modulation,0.8859784603118896
valveEmu/train/section_00_source_train_normal_0026_noAttribute.wav,in_support,amplitude_modulation,0.9076381325721741
valveEmu/train/section_00_source_train_normal_0027_noAttribute.wav,in_support,periodic_resonance,0.9251497387886047
valveEmu/train/section_00_source_train_normal_0028_noAttribute.wav,in_support,amplitude_modulation,0.30506381392478943
valveEmu/train/section_00_source_train_normal_0029_noAttribute.wav,in_support,amplitude_modulation,0.9417378306388855
valveEmu/train/section_00_source_train_normal_0030_noAttribute.wav,in_support,periodic_resonance,0.9350563287734985
valveEmu/train/section_00_source_train_normal_0031_noAttribute.wav,in_support,frequency_modulation,0.8652501106262207
valveEmu/train/section_00_source_train_normal_0032_noAttribute.wav,in_support,frequency_modulation,0.9196311235427856
valveEmu/train/section_00_source_train_normal_0033_noAttribute.wav,in_support,frequency_modulation,0.9142778515815735
valveEmu/train/section_00_source_train_normal_0034_noAttribute.wav,in_support,periodic_resonance,0.9761422872543335
valveEmu/train/section_00_source_train_normal_0035_noAttribute.wav,in_support,frequency_modulation,0.9911456108093262
valveEmu/train/section_00_source_train_normal_0036_noAttribute.wav,in_support,frequency_modulation,0.8804901838302612
valveEmu/train/section_00_source_train_normal_0037_noAttribute.wav,in_support,amplitude_modulation,0.7416343688964844
valveEmu/train/section_00_source_train_normal_0038_noAttribute.wav,in_support,periodic_resonance,0.9722422361373901
valveEmu/train/section_00_source_train_normal_0039_noAttribute.wav,in_support,frequency_modulation,0.9749993681907654
valveEmu/train/section_00_source_train_normal_0040_noAttribute.wav,in_support,amplitude_modulation,0.3248060643672943
valveEmu/train/section_00_source_train_normal_0041_noAttribute.wav,in_support,frequency_modulation,0.9137042760848999
valveEmu/train/section_00_source_train_normal_0042_noAttribute.wav,in_support,frequency_modulation,0.8972734808921814
valveEmu/train/section_00_source_train_normal_0043_noAttribute.wav,in_support,periodic_resonance,0.9717247486114502
valveEmu/train/section_00_source_train_normal_0044_noAttribute.wav,in_support,periodic_resonance,0.979620099067688
valveEmu/train/section_00_source_train_normal_0045_noAttribute.wav,in_support,periodic_resonance,0.979610800743103
valveEmu/train/section_00_source_train_normal_0046_noAttribute.wav,in_support,periodic_resonance,0.9849558472633362
valveEmu/train/section_00_source_train_normal_0047_noAttribute.wav,in_support,periodic_resonance,0.9991634488105774
valveEmu/train/section_00_source_train_normal_0048_noAttribute.wav,in_support,frequency_modulation,0.8928350210189819
valveEmu/train/section_00_source_train_normal_0049_noAttribute.wav,in_support,amplitude_modulation,0.9445706605911255
valveEmu/train/section_00_source_train_normal_0050_noAttribute.wav,in_support,periodic_resonance,0.9847896099090576
valveEmu/train/section_00_source_train_normal_0051_noAttribute.wav,in_support,periodic_resonance,0.9740256071090698
valveEmu/train/section_00_source_train_normal_0052_noAttribute.wav,in_support,frequency_modulation,0.9316074848175049
valveEmu/train/section_00_source_train_normal_0053_noAttribute.wav,in_support,frequency_modulation,0.9933673739433289
valveEmu/train/section_00_source_train_normal_0054_noAttribute.wav,in_support,frequency_modulation,0.9328245520591736
valveEmu/train/section_00_source_train_normal_0055_noAttribute.wav,in_support,amplitude_modulation,0.9885988235473633
valveEmu/train/section_00_source_train_normal_0056_noAttribute.wav,in_support,periodic_resonance,0.9856411814689636
valveEmu/train/section_00_source_train_normal_0057_noAttribute.wav,in_support,frequency_modulation,0.9995067119598389
valveEmu/train/section_00_source_train_normal_0058_noAttribute.wav,in_support,periodic_resonance,0.975929319858551
valveEmu/train/section_00_source_train_normal_0059_noAttribute.wav,in_support,periodic_resonance,0.9367860555648804
valveEmu/train/section_00_source_train_normal_0060_noAttribute.wav,in_support,amplitude_modulation,0.9852190017700195
valveEmu/train/section_00_source_train_normal_0061_noAttribute.wav,in_support,frequency_modulation,0.9272047281265259
valveEmu/train/section_00_source_train_normal_0062_noAttribute.wav,in_support,periodic_resonance,0.9644726514816284
valveEmu/train/section_00_source_train_normal_0063_noAttribute.wav,in_support,amplitude_modulation,0.7884063720703125
valveEmu/train/section_00_source_train_normal_0064_noAttribute.wav,in_support,amplitude_modulation,0.28132399916648865
valveEmu/train/section_00_source_train_normal_0065_noAttribute.wav,in_support,frequency_modulation,0.9254503846168518
valveEmu/train/section_00_source_train_normal_0066_noAttribute.wav,in_support,amplitude_modulation,0.9531896114349365
valveEmu/train/section_00_source_train_normal_0067_noAttribute.wav,in_support,amplitude_modulation,0.9995231032371521
valveEmu/train/section_00_source_train_normal_0068_noAttribute.wav,in_support,frequency_modulation,0.9714192152023315
valveEmu/train/section_00_source_train_normal_0069_noAttribute.wav,in_support,amplitude_modulation,0.9917109608650208
valveEmu/train/section_00_source_train_normal_0070_noAttribute.wav,in_support,frequency_modulation,0.8611544370651245
valveEmu/train/section_00_source_train_normal_0071_noAttribute.wav,in_support,amplitude_modulation,0.9694485664367676
valveEmu/train/section_00_source_train_normal_0072_noAttribute.wav,in_support,amplitude_modulation,0.9512746930122375
valveEmu/train/section_00_source_train_normal_0073_noAttribute.wav,in_support,frequency_modulation,0.9826365113258362
valveEmu/train/section_00_source_train_normal_0074_noAttribute.wav,in_support,periodic_resonance,0.9780741333961487
valveEmu/train/section_00_source_train_normal_0075_noAttribute.wav,in_support,frequency_modulation,0.9818490743637085
valveEmu/train/section_00_source_train_normal_0076_noAttribute.wav,in_support,amplitude_modulation,0.9667156338691711
valveEmu/train/section_00_source_train_normal_0077_noAttribute.wav,in_support,frequency_modulation,0.7330096960067749
valveEmu/train/section_00_source_train_normal_0078_noAttribute.wav,in_support,frequency_modulation,0.9133580327033997
valveEmu/train/section_00_source_train_normal_0079_noAttribute.wav,in_support,amplitude_modulation,0.7817861437797546
valveEmu/train/section_00_source_train_normal_0080_noAttribute.wav,in_support,amplitude_modulation,0.9593077898025513
valveEmu/train/section_00_source_train_normal_0081_noAttribute.wav,in_support,periodic_resonance,0.9882572889328003
valveEmu/train/section_00_source_train_normal_0082_noAttribute.wav,in_support,periodic_resonance,0.8018666505813599
valveEmu/train/section_00_source_train_normal_0083_noAttribute.wav,in_support,periodic_resonance,0.989057719707489
valveEmu/train/section_00_source_train_normal_0084_noAttribute.wav,in_support,frequency_modulation,0.8035666346549988
valveEmu/train/section_00_source_train_normal_0085_noAttribute.wav,in_support,frequency_modulation,0.8736138343811035
valveEmu/train/section_00_source_train_normal_0086_noAttribute.wav,in_support,amplitude_modulation,0.9804878830909729
valveEmu/train/section_00_source_train_normal_0087_noAttribute.wav,in_support,periodic_resonance,0.9816422462463379
valveEmu/train/section_00_source_train_normal_0088_noAttribute.wav,in_support,amplitude_modulation,0.8948115706443787
valveEmu/train/section_00_source_train_normal_0089_noAttribute.wav,in_support,periodic_resonance,0.9892005920410156
valveEmu/train/section_00_source_train_normal_0090_noAttribute.wav,in_support,frequency_modulation,0.9253067374229431
valveEmu/train/section_00_source_train_normal_0091_noAttribute.wav,in_support,frequency_modulation,0.9684631824493408
valveEmu/train/section_00_source_train_normal_0092_noAttribute.wav,in_support,frequency_modulation,0.6187724471092224
valveEmu/train/section_00_source_train_normal_0093_noAttribute.wav,in_support,amplitude_modulation,0.5251880288124084
valveEmu/train/section_00_source_train_normal_0094_noAttribute.wav,in_support,amplitude_modulation,0.8754384517669678
valveEmu/train/section_00_source_train_normal_0095_noAttribute.wav,in_support,frequency_modulation,0.9764610528945923
valveEmu/train/section_00_source_train_normal_0096_noAttribute.wav,in_support,amplitude_modulation,0.4186014235019684
valveEmu/train/section_00_source_train_normal_0097_noAttribute.wav,in_support,frequency_modulation,0.9412497282028198
valveEmu/train/section_00_source_train_normal_0098_noAttribute.wav,in_support,amplitude_modulation,0.986619234085083
valveEmu/train/section_00_source_train_normal_0099_noAttribute.wav,in_support,frequency_modulation,0.949192464351654
valveEmu/train/section_00_source_train_normal_0100_noAttribute.wav,in_support,amplitude_modulation,0.8543814420700073
valveEmu/train/section_00_source_train_normal_0101_noAttribute.wav,in_support,frequency_modulation,0.8995069265365601
valveEmu/train/section_00_source_train_normal_0102_noAttribute.wav,in_support,frequency_modulation,0.9506963491439819
valveEmu/train/section_00_source_train_normal_0103_noAttribute.wav,in_support,periodic_resonance,0.9903529286384583
valveEmu/train/section_00_source_train_normal_0104_noAttribute.wav,in_support,periodic_resonance,0.8242475986480713
valveEmu/train/section_00_source_train_normal_0105_noAttribute.wav,in_support,periodic_resonance,0.9682397246360779
valveEmu/train/section_00_source_train_normal_0106_noAttribute.wav,in_support,amplitude_modulation,0.8857160806655884
valveEmu/train/section_00_source_train_normal_0107_noAttribute.wav,in_support,frequency_modulation,0.9194031357765198
valveEmu/train/section_00_source_train_normal_0108_noAttribute.wav,in_support,frequency_modulation,0.7459568977355957
valveEmu/train/section_00_source_train_normal_0109_noAttribute.wav,in_support,periodic_resonance,0.9884365200996399
valveEmu/train/section_00_source_train_normal_0110_noAttribute.wav,in_support,periodic_resonance,0.9979897141456604
valveEmu/train/section_00_source_train_normal_0111_noAttribute.wav,in_support,amplitude_modulation,0.26130980253219604
valveEmu/train/section_00_source_train_normal_0112_noAttribute.wav,in_support,frequency_modulation,0.9483286738395691
valveEmu/train/section_00_source_train_normal_0113_noAttribute.wav,in_support,amplitude_modulation,0.9907615184783936
valveEmu/train/section_00_source_train_normal_0114_noAttribute.wav,in_support,periodic_resonance,0.9665737152099609
valveEmu/train/section_00_source_train_normal_0115_noAttribute.wav,in_support,amplitude_modulation,0.9681887626647949
valveEmu/train/section_00_source_train_normal_0116_noAttribute.wav,in_support,amplitude_modulation,0.9844626784324646
valveEmu/train/section_00_source_train_normal_0117_noAttribute.wav,in_support,frequency_modulation,0.9373878240585327
valveEmu/train/section_00_source_train_normal_0118_noAttribute.wav,in_support,frequency_modulation,0.9979938268661499
valveEmu/train/section_00_source_train_normal_0119_noAttribute.wav,in_support,periodic_resonance,0.935670018196106
valveEmu/train/section_00_source_train_normal_0120_noAttribute.wav,in_support,frequency_modulation,0.8726531267166138
valveEmu/train/section_00_source_train_normal_0121_noAttribute.wav,in_support,frequency_modulation,0.900977611541748
valveEmu/train/section_00_source_train_normal_0122_noAttribute.wav,in_support,frequency_modulation,0.9449779391288757
valveEmu/train/section_00_source_train_normal_0123_noAttribute.wav,in_support,periodic_resonance,0.8764615058898926
valveEmu/train/section_00_source_train_normal_0124_noAttribute.wav,in_support,amplitude_modulation,0.9823991656303406
valveEmu/train/section_00_source_train_normal_0125_noAttribute.wav,in_support,periodic_resonance,0.4757040739059448
valveEmu/train/section_00_source_train_normal_0126_noAttribute.wav,in_support,amplitude_modulation,0.9717028737068176
valveEmu/train/section_00_source_train_normal_0127_noAttribute.wav,in_support,amplitude_modulation,0.8174269199371338
valveEmu/train/section_00_source_train_normal_0128_noAttribute.wav,in_support,frequency_modulation,0.9064215421676636
valveEmu/train/section_00_source_train_normal_0129_noAttribute.wav,in_support,periodic_resonance,0.9020706415176392
valveEmu/train/section_00_source_train_normal_0130_noAttribute.wav,in_support,frequency_modulation,0.5872845649719238
valveEmu/train/section_00_source_train_normal_0131_noAttribute.wav,in_support,amplitude_modulation,0.9436797499656677
valveEmu/train/section_00_source_train_normal_0132_noAttribute.wav,in_support,periodic_resonance,0.7230305671691895
valveEmu/train/section_00_source_train_normal_0133_noAttribute.wav,in_support,periodic_resonance,0.8826936483383179
valveEmu/train/section_00_source_train_normal_0134_noAttribute.wav,in_support,amplitude_modulation,0.8635348677635193
valveEmu/train/section_00_source_train_normal_0135_noAttribute.wav,in_support,periodic_resonance,0.9911999106407166
valveEmu/train/section_00_source_train_normal_0136_noAttribute.wav,in_support,periodic_resonance,0.9857075810432434
valveEmu/train/section_00_source_train_normal_0137_noAttribute.wav,in_support,periodic_resonance,0.9908124804496765
valveEmu/train/section_00_source_train_normal_0138_noAttribute.wav,in_support,periodic_resonance,0.98874431848526
valveEmu/train/section_00_source_train_normal_0139_noAttribute.wav,in_support,frequency_modulation,0.9935188293457031
valveEmu/train/section_00_source_train_normal_0140_noAttribute.wav,in_support,periodic_resonance,0.9975401163101196
valveEmu/train/section_00_source_train_normal_0141_noAttribute.wav,in_support,periodic_resonance,0.9881943464279175
valveEmu/train/section_00_source_train_normal_0142_noAttribute.wav,in_support,amplitude_modulation,0.9590012431144714
valveEmu/train/section_00_source_train_normal_0143_noAttribute.wav,in_support,periodic_resonance,0.9793965220451355
valveEmu/train/section_00_source_train_normal_0144_noAttribute.wav,in_support,amplitude_modulation,0.9636197090148926
valveEmu/train/section_00_source_train_normal_0145_noAttribute.wav,in_support,amplitude_modulation,0.6617376208305359
valveEmu/train/section_00_source_train_normal_0146_noAttribute.wav,in_support,amplitude_modulation,0.9911482334136963
valveEmu/train/section_00_source_train_normal_0147_noAttribute.wav,in_support,frequency_modulation,0.8250933289527893
valveEmu/train/section_00_source_train_normal_0148_noAttribute.wav,in_support,amplitude_modulation,0.9848731756210327
valveEmu/train/section_00_source_train_normal_0149_noAttribute.wav,in_support,frequency_modulation,0.9606183171272278
valveEmu/train/section_00_source_train_normal_0150_noAttribute.wav,in_support,frequency_modulation,0.9785742163658142
valveEmu/train/section_00_source_train_normal_0151_noAttribute.wav,in_support,frequency_modulation,0.9454761147499084
valveEmu/train/section_00_source_train_normal_0152_noAttribute.wav,in_support,frequency_modulation,0.9669908285140991
valveEmu/train/section_00_source_train_normal_0153_noAttribute.wav,in_support,amplitude_modulation,0.3249260485172272
valveEmu/train/section_00_source_train_normal_0154_noAttribute.wav,in_support,frequency_modulation,0.9333961606025696
valveEmu/train/section_00_source_train_normal_0155_noAttribute.wav,in_support,periodic_resonance,0.9913035035133362
valveEmu/train/section_00_source_train_normal_0156_noAttribute.wav,in_support,periodic_resonance,0.9819584488868713
valveEmu/train/section_00_source_train_normal_0157_noAttribute.wav,in_support,amplitude_modulation,0.25769463181495667
valveEmu/train/section_00_source_train_normal_0158_noAttribute.wav,in_support,frequency_modulation,0.9871145486831665
valveEmu/train/section_00_source_train_normal_0159_noAttribute.wav,in_support,periodic_resonance,0.9920276999473572
valveEmu/train/section_00_source_train_normal_0160_noAttribute.wav,in_support,periodic_resonance,0.8960392475128174
valveEmu/train/section_00_source_train_normal_0161_noAttribute.wav,in_support,frequency_modulation,0.9404593706130981
valveEmu/train/section_00_source_train_normal_0162_noAttribute.wav,in_support,periodic_resonance,0.9961121082305908
valveEmu/train/section_00_source_train_normal_0163_noAttribute.wav,in_support,periodic_resonance,0.971482515335083
valveEmu/train/section_00_source_train_normal_0164_noAttribute.wav,in_support,frequency_modulation,0.9798738956451416
valveEmu/train/section_00_source_train_normal_0165_noAttribute.wav,in_support,frequency_modulation,0.8747897744178772
valveEmu/train/section_00_source_train_normal_0166_noAttribute.wav,in_support,frequency_modulation,0.8475815653800964
valveEmu/train/section_00_source_train_normal_0167_noAttribute.wav,in_support,periodic_resonance,0.9853062629699707
valveEmu/train/section_00_source_train_normal_0168_noAttribute.wav,in_support,amplitude_modulation,0.9637487530708313
valveEmu/train/section_00_source_train_normal_0169_noAttribute.wav,in_support,periodic_resonance,0.9915096163749695
valveEmu/train/section_00_source_train_normal_0170_noAttribute.wav,in_support,periodic_resonance,0.9839410185813904
valveEmu/train/section_00_source_train_normal_0171_noAttribute.wav,in_support,periodic_resonance,0.9724833369255066
valveEmu/train/section_00_source_train_normal_0172_noAttribute.wav,in_support,periodic_resonance,0.968786358833313
valveEmu/train/section_00_source_train_normal_0173_noAttribute.wav,in_support,amplitude_modulation,0.9461537003517151
valveEmu/train/section_00_source_train_normal_0174_noAttribute.wav,in_support,frequency_modulation,0.9414985775947571
valveEmu/train/section_00_source_train_normal_0175_noAttribute.wav,in_support,periodic_resonance,0.9407532811164856
valveEmu/train/section_00_source_train_normal_0176_noAttribute.wav,in_support,periodic_resonance,0.9477601051330566
valveEmu/train/section_00_source_train_normal_0177_noAttribute.wav,in_support,amplitude_modulation,0.6421981453895569
valveEmu/train/section_00_source_train_normal_0178_noAttribute.wav,in_support,periodic_resonance,0.9593371748924255
valveEmu/train/section_00_source_train_normal_0179_noAttribute.wav,in_support,periodic_resonance,0.9714681506156921
valveEmu/train/section_00_source_train_normal_0180_noAttribute.wav,in_support,frequency_modulation,0.9627021551132202
valveEmu/train/section_00_source_train_normal_0181_noAttribute.wav,in_support,periodic_resonance,0.4031310975551605
valveEmu/train/section_00_source_train_normal_0182_noAttribute.wav,in_support,frequency_modulation,0.9485474228858948
valveEmu/train/section_00_source_train_normal_0183_noAttribute.wav,in_support,frequency_modulation,0.9466474652290344
valveEmu/train/section_00_source_train_normal_0184_noAttribute.wav,in_support,frequency_modulation,0.9766998291015625
valveEmu/train/section_00_source_train_normal_0185_noAttribute.wav,in_support,frequency_modulation,0.9789450764656067
valveEmu/train/section_00_source_train_normal_0186_noAttribute.wav,in_support,periodic_resonance,0.9952634572982788
valveEmu/train/section_00_source_train_normal_0187_noAttribute.wav,in_support,periodic_resonance,0.9896045327186584
valveEmu/train/section_00_source_train_normal_0188_noAttribute.wav,in_support,amplitude_modulation,0.8520751595497131
valveEmu/train/section_00_source_train_normal_0189_noAttribute.wav,in_support,periodic_resonance,0.994292676448822
valveEmu/train/section_00_source_train_normal_0190_noAttribute.wav,in_support,amplitude_modulation,0.5667607188224792
valveEmu/train/section_00_source_train_normal_0191_noAttribute.wav,in_support,periodic_resonance,0.9771170020103455
valveEmu/train/section_00_source_train_normal_0192_noAttribute.wav,in_support,periodic_resonance,0.9669458270072937
valveEmu/train/section_00_source_train_normal_0193_noAttribute.wav,in_support,amplitude_modulation,0.9715082049369812
valveEmu/train/section_00_source_train_normal_0194_noAttribute.wav,in_support,periodic_resonance,0.9678546190261841
valveEmu/train/section_00_source_train_normal_0195_noAttribute.wav,in_support,frequency_modulation,0.9558415412902832
valveEmu/train/section_00_source_train_normal_0196_noAttribute.wav,in_support,frequency_modulation,0.6003809571266174
valveEmu/train/section_00_source_train_normal_0197_noAttribute.wav,in_support,periodic_resonance,0.9480535387992859
valveEmu/train/section_00_source_train_normal_0198_noAttribute.wav,in_support,periodic_resonance,0.4036557376384735
valveEmu/train/section_00_source_train_normal_0199_noAttribute.wav,in_support,amplitude_modulation,0.34877344965934753
valveEmu/train/section_00_source_train_normal_0200_noAttribute.wav,in_support,periodic_resonance,0.9900158047676086
valveEmu/train/section_00_source_train_normal_0201_noAttribute.wav,in_support,amplitude_modulation,0.7851635813713074
valveEmu/train/section_00_source_train_normal_0202_noAttribute.wav,in_support,frequency_modulation,0.7432223558425903
valveEmu/train/section_00_source_train_normal_0203_noAttribute.wav,in_support,amplitude_modulation,0.8266131281852722
valveEmu/train/section_00_source_train_normal_0204_noAttribute.wav,in_support,frequency_modulation,0.9976164698600769
valveEmu/train/section_00_source_train_normal_0205_noAttribute.wav,in_support,frequency_modulation,0.979830265045166
valveEmu/train/section_00_source_train_normal_0206_noAttribute.wav,in_support,periodic_resonance,0.9872227311134338
valveEmu/train/section_00_source_train_normal_0207_noAttribute.wav,in_support,amplitude_modulation,0.29569801688194275
valveEmu/train/section_00_source_train_normal_0208_noAttribute.wav,in_support,frequency_modulation,0.9020028114318848
valveEmu/train/section_00_source_train_normal_0209_noAttribute.wav,in_support,amplitude_modulation,0.906328022480011
valveEmu/train/section_00_source_train_normal_0210_noAttribute.wav,in_support,frequency_modulation,0.984844982624054
valveEmu/train/section_00_source_train_normal_0211_noAttribute.wav,in_support,periodic_resonance,0.9625571370124817
valveEmu/train/section_00_source_train_normal_0212_noAttribute.wav,in_support,amplitude_modulation,0.9841164350509644
valveEmu/train/section_00_source_train_normal_0213_noAttribute.wav,in_support,amplitude_modulation,0.9129616022109985
valveEmu/train/section_00_source_train_normal_0214_noAttribute.wav,in_support,amplitude_modulation,0.9323101043701172
valveEmu/train/section_00_source_train_normal_0215_noAttribute.wav,in_support,periodic_resonance,0.9838352203369141
valveEmu/train/section_00_source_train_normal_0216_noAttribute.wav,in_support,amplitude_modulation,0.9770111441612244
valveEmu/train/section_00_source_train_normal_0217_noAttribute.wav,in_support,periodic_resonance,0.970346212387085
valveEmu/train/section_00_source_train_normal_0218_noAttribute.wav,in_support,frequency_modulation,0.644406259059906
valveEmu/train/section_00_source_train_normal_0219_noAttribute.wav,in_support,amplitude_modulation,0.911322832107544
valveEmu/train/section_00_source_train_normal_0220_noAttribute.wav,in_support,frequency_modulation,0.8622037768363953
valveEmu/train/section_00_source_train_normal_0221_noAttribute.wav,in_support,frequency_modulation,0.6985103487968445
valveEmu/train/section_00_source_train_normal_0222_noAttribute.wav,in_support,frequency_modulation,0.9692462086677551
valveEmu/train/section_00_source_train_normal_0223_noAttribute.wav,in_support,frequency_modulation,0.9849311709403992
valveEmu/train/section_00_source_train_normal_0224_noAttribute.wav,in_support,periodic_resonance,0.8786831498146057
valveEmu/train/section_00_source_train_normal_0225_noAttribute.wav,in_support,amplitude_modulation,0.9249671697616577
valveEmu/train/section_00_source_train_normal_0226_noAttribute.wav,in_support,periodic_resonance,0.9793552756309509
valveEmu/train/section_00_source_train_normal_0227_noAttribute.wav,in_support,amplitude_modulation,0.8297516107559204
valveEmu/train/section_00_source_train_normal_0228_noAttribute.wav,in_support,amplitude_modulation,0.9314334392547607
valveEmu/train/section_00_source_train_normal_0229_noAttribute.wav,in_support,amplitude_modulation,0.9122125506401062
valveEmu/train/section_00_source_train_normal_0230_noAttribute.wav,in_support,amplitude_modulation,0.9923248291015625
valveEmu/train/section_00_source_train_normal_0231_noAttribute.wav,in_support,periodic_resonance,0.6378731727600098
valveEmu/train/section_00_source_train_normal_0232_noAttribute.wav,in_support,frequency_modulation,0.966799259185791
valveEmu/train/section_00_source_train_normal_0233_noAttribute.wav,in_support,frequency_modulation,0.9488809704780579
valveEmu/train/section_00_source_train_normal_0234_noAttribute.wav,in_support,frequency_modulation,0.8847733736038208
valveEmu/train/section_00_source_train_normal_0235_noAttribute.wav,in_support,periodic_resonance,0.9925768971443176
valveEmu/train/section_00_source_train_normal_0236_noAttribute.wav,in_support,periodic_resonance,0.5905669927597046
valveEmu/train/section_00_source_train_normal_0237_noAttribute.wav,in_support,periodic_resonance,0.9843090176582336
valveEmu/train/section_00_source_train_normal_0238_noAttribute.wav,in_support,frequency_modulation,0.9551393389701843
valveEmu/train/section_00_source_train_normal_0239_noAttribute.wav,in_support,periodic_resonance,0.9576908946037292
valveEmu/train/section_00_source_train_normal_0240_noAttribute.wav,in_support,frequency_modulation,0.9339558482170105
valveEmu/train/section_00_source_train_normal_0241_noAttribute.wav,in_support,amplitude_modulation,0.8158583045005798
valveEmu/train/section_00_source_train_normal_0242_noAttribute.wav,in_support,amplitude_modulation,0.4708239734172821
valveEmu/train/section_00_source_train_normal_0243_noAttribute.wav,in_support,frequency_modulation,0.9421200752258301
valveEmu/train/section_00_source_train_normal_0244_noAttribute.wav,in_support,frequency_modulation,0.9906379580497742
valveEmu/train/section_00_source_train_normal_0245_noAttribute.wav,in_support,periodic_resonance,0.9881043434143066
valveEmu/train/section_00_source_train_normal_0246_noAttribute.wav,in_support,amplitude_modulation,0.9480010271072388
valveEmu/train/section_00_source_train_normal_0247_noAttribute.wav,in_support,periodic_resonance,0.974663496017456
valveEmu/train/section_00_source_train_normal_0248_noAttribute.wav,in_support,amplitude_modulation,0.5360340476036072
valveEmu/train/section_00_source_train_normal_0249_noAttribute.wav,in_support,periodic_resonance,0.9735428094863892
valveEmu/train/section_00_source_train_normal_0250_noAttribute.wav,in_support,frequency_modulation,0.9425510168075562
valveEmu/train/section_00_source_train_normal_0251_noAttribute.wav,in_support,frequency_modulation,0.9229862093925476
valveEmu/train/section_00_source_train_normal_0252_noAttribute.wav,in_support,amplitude_modulation,0.8359741568565369
valveEmu/train/section_00_source_train_normal_0253_noAttribute.wav,in_support,frequency_modulation,0.9991399049758911
valveEmu/train/section_00_source_train_normal_0254_noAttribute.wav,in_support,periodic_resonance,0.9627578258514404
valveEmu/train/section_00_source_train_normal_0255_noAttribute.wav,in_support,amplitude_modulation,0.8572060465812683
valveEmu/train/section_00_source_train_normal_0256_noAttribute.wav,in_support,periodic_resonance,0.9938064217567444
valveEmu/train/section_00_source_train_normal_0257_noAttribute.wav,in_support,amplitude_modulation,0.9684633612632751
valveEmu/train/section_00_source_train_normal_0258_noAttribute.wav,in_support,frequency_modulation,0.9216790199279785
valveEmu/train/section_00_source_train_normal_0259_noAttribute.wav,in_support,frequency_modulation,0.974537193775177
valveEmu/train/section_00_source_train_normal_0260_noAttribute.wav,in_support,frequency_modulation,0.9841712117195129
valveEmu/train/section_00_source_train_normal_0261_noAttribute.wav,in_support,frequency_modulation,0.9143797159194946
valveEmu/train/section_00_source_train_normal_0262_noAttribute.wav,in_support,amplitude_modulation,0.9888662099838257
valveEmu/train/section_00_source_train_normal_0263_noAttribute.wav,in_support,periodic_resonance,0.993536651134491
valveEmu/train/section_00_source_train_normal_0264_noAttribute.wav,in_support,frequency_modulation,0.9156985878944397
valveEmu/train/section_00_source_train_normal_0265_noAttribute.wav,in_support,amplitude_modulation,0.4878331124782562
valveEmu/train/section_00_source_train_normal_0266_noAttribute.wav,in_support,periodic_resonance,0.9909465312957764
valveEmu/train/section_00_source_train_normal_0267_noAttribute.wav,in_support,amplitude_modulation,0.5327967405319214
valveEmu/train/section_00_source_train_normal_0268_noAttribute.wav,in_support,periodic_resonance,0.9916130304336548
valveEmu/train/section_00_source_train_normal_0269_noAttribute.wav,in_support,amplitude_modulation,0.5008733868598938
valveEmu/train/section_00_source_train_normal_0270_noAttribute.wav,in_support,amplitude_modulation,0.9989476203918457
valveEmu/train/section_00_source_train_normal_0271_noAttribute.wav,in_support,periodic_resonance,0.9810395240783691
valveEmu/train/section_00_source_train_normal_0272_noAttribute.wav,in_support,periodic_resonance,0.9735793471336365
valveEmu/train/section_00_source_train_normal_0273_noAttribute.wav,in_support,periodic_resonance,0.971961498260498
valveEmu/train/section_00_source_train_normal_0274_noAttribute.wav,in_support,frequency_modulation,0.9183717966079712
valveEmu/train/section_00_source_train_normal_0275_noAttribute.wav,in_support,periodic_resonance,0.982708215713501
valveEmu/train/section_00_source_train_normal_0276_noAttribute.wav,in_support,amplitude_modulation,0.9414994120597839
valveEmu/train/section_00_source_train_normal_0277_noAttribute.wav,in_support,amplitude_modulation,0.9708375334739685
valveEmu/train/section_00_source_train_normal_0278_noAttribute.wav,in_support,amplitude_modulation,0.9686461687088013
valveEmu/train/section_00_source_train_normal_0279_noAttribute.wav,in_support,periodic_resonance,0.9661277532577515
valveEmu/train/section_00_source_train_normal_0280_noAttribute.wav,in_support,frequency_modulation,0.980091392993927
valveEmu/train/section_00_source_train_normal_0281_noAttribute.wav,in_support,periodic_resonance,0.9660966992378235
valveEmu/train/section_00_source_train_normal_0282_noAttribute.wav,in_support,frequency_modulation,0.9911872744560242
valveEmu/train/section_00_source_train_normal_0283_noAttribute.wav,in_support,periodic_resonance,0.9701380729675293
valveEmu/train/section_00_source_train_normal_0284_noAttribute.wav,in_support,periodic_resonance,0.9957486391067505
valveEmu/train/section_00_source_train_normal_0285_noAttribute.wav,in_support,amplitude_modulation,0.927291750907898
valveEmu/train/section_00_source_train_normal_0286_noAttribute.wav,in_support,amplitude_modulation,0.9238208532333374
valveEmu/train/section_00_source_train_normal_0287_noAttribute.wav,in_support,frequency_modulation,0.9654942750930786
valveEmu/train/section_00_source_train_normal_0288_noAttribute.wav,in_support,frequency_modulation,0.9862223267555237
valveEmu/train/section_00_source_train_normal_0289_noAttribute.wav,in_support,amplitude_modulation,0.4418448805809021
valveEmu/train/section_00_source_train_normal_0290_noAttribute.wav,in_support,frequency_modulation,0.9062950015068054
valveEmu/train/section_00_source_train_normal_0291_noAttribute.wav,in_support,periodic_resonance,0.9082671403884888
valveEmu/train/section_00_source_train_normal_0292_noAttribute.wav,in_support,frequency_modulation,0.9694847464561462
valveEmu/train/section_00_source_train_normal_0293_noAttribute.wav,in_support,frequency_modulation,0.9776889085769653
valveEmu/train/section_00_source_train_normal_0294_noAttribute.wav,in_support,frequency_modulation,0.7661117911338806
valveEmu/train/section_00_source_train_normal_0295_noAttribute.wav,in_support,periodic_resonance,0.9712520837783813
valveEmu/train/section_00_source_train_normal_0296_noAttribute.wav,in_support,amplitude_modulation,0.912488579750061
valveEmu/train/section_00_source_train_normal_0297_noAttribute.wav,in_support,amplitude_modulation,0.3759829103946686
valveEmu/train/section_00_source_train_normal_0298_noAttribute.wav,in_support,frequency_modulation,0.9531760811805725
valveEmu/train/section_00_source_train_normal_0299_noAttribute.wav,in_support,frequency_modulation,0.7809378504753113
valveEmu/train/section_00_source_train_normal_0300_noAttribute.wav,in_support,periodic_resonance,0.9367889165878296
valveEmu/train/section_00_source_train_normal_0301_noAttribute.wav,in_support,periodic_resonance,0.9474454522132874
valveEmu/train/section_00_source_train_normal_0302_noAttribute.wav,in_support,amplitude_modulation,0.5161467790603638
valveEmu/train/section_00_source_train_normal_0303_noAttribute.wav,in_support,amplitude_modulation,0.5522112250328064
valveEmu/train/section_00_source_train_normal_0304_noAttribute.wav,in_support,amplitude_modulation,0.17883196473121643
valveEmu/train/section_00_source_train_normal_0305_noAttribute.wav,in_support,amplitude_modulation,0.9001075029373169
valveEmu/train/section_00_source_train_normal_0306_noAttribute.wav,in_support,periodic_resonance,0.972964882850647
valveEmu/train/section_00_source_train_normal_0307_noAttribute.wav,in_support,amplitude_modulation,0.996364176273346
valveEmu/train/section_00_source_train_normal_0308_noAttribute.wav,in_support,periodic_resonance,0.9514979720115662
valveEmu/train/section_00_source_train_normal_0309_noAttribute.wav,in_support,frequency_modulation,0.8615047931671143
valveEmu/train/section_00_source_train_normal_0310_noAttribute.wav,in_support,frequency_modulation,0.8543676733970642
valveEmu/train/section_00_source_train_normal_0311_noAttribute.wav,in_support,periodic_resonance,0.9850400686264038
valveEmu/train/section_00_source_train_normal_0312_noAttribute.wav,in_support,amplitude_modulation,0.5871089696884155
valveEmu/train/section_00_source_train_normal_0313_noAttribute.wav,in_support,amplitude_modulation,0.9274114370346069
valveEmu/train/section_00_source_train_normal_0314_noAttribute.wav,in_support,frequency_modulation,0.9880099892616272
valveEmu/train/section_00_source_train_normal_0315_noAttribute.wav,in_support,frequency_modulation,0.951166570186615
valveEmu/train/section_00_source_train_normal_0316_noAttribute.wav,in_support,amplitude_modulation,0.9360663890838623
valveEmu/train/section_00_source_train_normal_0317_noAttribute.wav,in_support,amplitude_modulation,0.9680590033531189
valveEmu/train/section_00_source_train_normal_0318_noAttribute.wav,in_support,amplitude_modulation,0.8967193961143494
valveEmu/train/section_00_source_train_normal_0319_noAttribute.wav,in_support,periodic_resonance,0.989686131477356
valveEmu/train/section_00_source_train_normal_0320_noAttribute.wav,in_support,frequency_modulation,0.9788023829460144
valveEmu/train/section_00_source_train_normal_0321_noAttribute.wav,in_support,amplitude_modulation,0.9541608691215515
valveEmu/train/section_00_source_train_normal_0322_noAttribute.wav,in_support,amplitude_modulation,0.8672778010368347
valveEmu/train/section_00_source_train_normal_0323_noAttribute.wav,in_support,frequency_modulation,0.988838791847229
valveEmu/train/section_00_source_train_normal_0324_noAttribute.wav,in_support,periodic_resonance,0.9916476011276245
valveEmu/train/section_00_source_train_normal_0325_noAttribute.wav,in_support,periodic_resonance,0.8827511668205261
valveEmu/train/section_00_source_train_normal_0326_noAttribute.wav,in_support,amplitude_modulation,0.999371349811554
valveEmu/train/section_00_source_train_normal_0327_noAttribute.wav,in_support,frequency_modulation,0.6297742128372192
valveEmu/train/section_00_source_train_normal_0328_noAttribute.wav,in_support,frequency_modulation,0.9911348819732666
valveEmu/train/section_00_source_train_normal_0329_noAttribute.wav,in_support,frequency_modulation,0.9894814491271973
valveEmu/train/section_00_source_train_normal_0330_noAttribute.wav,in_support,periodic_resonance,0.9646196365356445
valveEmu/train/section_00_source_train_normal_0331_noAttribute.wav,in_support,periodic_resonance,0.9918535947799683
valveEmu/train/section_00_source_train_normal_0332_noAttribute.wav,in_support,periodic_resonance,0.9639536142349243
valveEmu/train/section_00_source_train_normal_0333_noAttribute.wav,in_support,periodic_resonance,0.9562667608261108
valveEmu/train/section_00_source_train_normal_0334_noAttribute.wav,in_support,amplitude_modulation,0.9290793538093567
valveEmu/train/section_00_source_train_normal_0335_noAttribute.wav,in_support,frequency_modulation,0.750885009765625
valveEmu/train/section_00_source_train_normal_0336_noAttribute.wav,in_support,amplitude_modulation,0.8981984853744507
valveEmu/train/section_00_source_train_normal_0337_noAttribute.wav,in_support,amplitude_modulation,0.9918758869171143
valveEmu/train/section_00_source_train_normal_0338_noAttribute.wav,in_support,frequency_modulation,0.9952983856201172
valveEmu/train/section_00_source_train_normal_0339_noAttribute.wav,in_support,periodic_resonance,0.9789246916770935
valveEmu/train/section_00_source_train_normal_0340_noAttribute.wav,in_support,periodic_resonance,0.9790209531784058
valveEmu/train/section_00_source_train_normal_0341_noAttribute.wav,in_support,periodic_resonance,0.9054344296455383
valveEmu/train/section_00_source_train_normal_0342_noAttribute.wav,in_support,periodic_resonance,0.986909031867981
valveEmu/train/section_00_source_train_normal_0343_noAttribute.wav,in_support,periodic_resonance,0.9685906171798706
valveEmu/train/section_00_source_train_normal_0344_noAttribute.wav,in_support,frequency_modulation,0.9556915760040283
valveEmu/train/section_00_source_train_normal_0345_noAttribute.wav,in_support,periodic_resonance,0.9848253130912781
valveEmu/train/section_00_source_train_normal_0346_noAttribute.wav,in_support,amplitude_modulation,0.8443801999092102
valveEmu/train/section_00_source_train_normal_0347_noAttribute.wav,in_support,periodic_resonance,0.9847506880760193
valveEmu/train/section_00_source_train_normal_0348_noAttribute.wav,in_support,frequency_modulation,0.9854372143745422
valveEmu/train/section_00_source_train_normal_0349_noAttribute.wav,in_support,periodic_resonance,0.9878289699554443
valveEmu/train/section_00_source_train_normal_0350_noAttribute.wav,in_support,periodic_resonance,0.938617467880249
valveEmu/train/section_00_source_train_normal_0351_noAttribute.wav,in_support,periodic_resonance,0.993845522403717
valveEmu/train/section_00_source_train_normal_0352_noAttribute.wav,in_support,amplitude_modulation,0.7236232161521912
valveEmu/train/section_00_source_train_normal_0353_noAttribute.wav,in_support,frequency_modulation,0.9508993625640869
valveEmu/train/section_00_source_train_normal_0354_noAttribute.wav,in_support,frequency_modulation,0.9960039854049683
valveEmu/train/section_00_source_train_normal_0355_noAttribute.wav,in_support,periodic_resonance,0.9542402029037476
valveEmu/train/section_00_source_train_normal_0356_noAttribute.wav,in_support,amplitude_modulation,0.94195157289505
valveEmu/train/section_00_source_train_normal_0357_noAttribute.wav,in_support,periodic_resonance,0.41668859124183655
valveEmu/train/section_00_source_train_normal_0358_noAttribute.wav,in_support,frequency_modulation,0.9368384480476379
valveEmu/train/section_00_source_train_normal_0359_noAttribute.wav,in_support,periodic_resonance,0.9961697459220886
valveEmu/train/section_00_source_train_normal_0360_noAttribute.wav,in_support,frequency_modulation,0.9564867615699768
valveEmu/train/section_00_source_train_normal_0361_noAttribute.wav,in_support,amplitude_modulation,0.38241690397262573
valveEmu/train/section_00_source_train_normal_0362_noAttribute.wav,in_support,amplitude_modulation,0.8173998594284058
valveEmu/train/section_00_source_train_normal_0363_noAttribute.wav,in_support,amplitude_modulation,0.9725995063781738
valveEmu/train/section_00_source_train_normal_0364_noAttribute.wav,in_support,periodic_resonance,0.9985178709030151
valveEmu/train/section_00_source_train_normal_0365_noAttribute.wav,in_support,periodic_resonance,0.9805158972740173
valveEmu/train/section_00_source_train_normal_0366_noAttribute.wav,in_support,periodic_resonance,0.9582515954971313
valveEmu/train/section_00_source_train_normal_0367_noAttribute.wav,in_support,frequency_modulation,0.9701229929924011
valveEmu/train/section_00_source_train_normal_0368_noAttribute.wav,in_support,amplitude_modulation,0.4652634859085083
valveEmu/train/section_00_source_train_normal_0369_noAttribute.wav,in_support,amplitude_modulation,0.6223147511482239
valveEmu/train/section_00_source_train_normal_0370_noAttribute.wav,in_support,frequency_modulation,0.9750762581825256
valveEmu/train/section_00_source_train_normal_0371_noAttribute.wav,in_support,frequency_modulation,0.9554499983787537
valveEmu/train/section_00_source_train_normal_0372_noAttribute.wav,in_support,periodic_resonance,0.9925361275672913
valveEmu/train/section_00_source_train_normal_0373_noAttribute.wav,in_support,amplitude_modulation,0.9896876811981201
valveEmu/train/section_00_source_train_normal_0374_noAttribute.wav,in_support,periodic_resonance,0.9942318797111511
valveEmu/train/section_00_source_train_normal_0375_noAttribute.wav,in_support,frequency_modulation,0.9546051025390625
valveEmu/train/section_00_source_train_normal_0376_noAttribute.wav,in_support,amplitude_modulation,0.7074376344680786
valveEmu/train/section_00_source_train_normal_0377_noAttribute.wav,in_support,frequency_modulation,0.9712976217269897
valveEmu/train/section_00_source_train_normal_0378_noAttribute.wav,in_support,frequency_modulation,0.9939740300178528
valveEmu/train/section_00_source_train_normal_0379_noAttribute.wav,in_support,amplitude_modulation,0.7588293552398682
valveEmu/train/section_00_source_train_normal_0380_noAttribute.wav,in_support,amplitude_modulation,0.9238106608390808
valveEmu/train/section_00_source_train_normal_0381_noAttribute.wav,in_support,frequency_modulation,0.9972307085990906
valveEmu/train/section_00_source_train_normal_0382_noAttribute.wav,in_support,amplitude_modulation,0.9624134302139282
valveEmu/train/section_00_source_train_normal_0383_noAttribute.wav,in_support,frequency_modulation,0.9966292977333069
valveEmu/train/section_00_source_train_normal_0384_noAttribute.wav,in_support,periodic_resonance,0.814703106880188
valveEmu/train/section_00_source_train_normal_0385_noAttribute.wav,in_support,frequency_modulation,0.993533194065094
valveEmu/train/section_00_source_train_normal_0386_noAttribute.wav,in_support,amplitude_modulation,0.9064252376556396
valveEmu/train/section_00_source_train_normal_0387_noAttribute.wav,in_support,amplitude_modulation,0.9769471883773804
valveEmu/train/section_00_source_train_normal_0388_noAttribute.wav,in_support,amplitude_modulation,0.9620786905288696
valveEmu/train/section_00_source_train_normal_0389_noAttribute.wav,in_support,frequency_modulation,0.994101881980896
valveEmu/train/section_00_source_train_normal_0390_noAttribute.wav,in_support,frequency_modulation,0.9788684248924255
valveEmu/train/section_00_source_train_normal_0391_noAttribute.wav,in_support,amplitude_modulation,0.6773912906646729
valveEmu/train/section_00_source_train_normal_0392_noAttribute.wav,in_support,amplitude_modulation,0.5309184193611145
valveEmu/train/section_00_source_train_normal_0393_noAttribute.wav,in_support,amplitude_modulation,0.967380166053772
valveEmu/train/section_00_source_train_normal_0394_noAttribute.wav,in_support,amplitude_modulation,0.9745497703552246
valveEmu/train/section_00_source_train_normal_0395_noAttribute.wav,in_support,periodic_resonance,0.6396104097366333
valveEmu/train/section_00_source_train_normal_0396_noAttribute.wav,in_support,frequency_modulation,0.9096282124519348
valveEmu/train/section_00_source_train_normal_0397_noAttribute.wav,in_support,frequency_modulation,0.9717687964439392
valveEmu/train/section_00_source_train_normal_0398_noAttribute.wav,in_support,frequency_modulation,0.9083064794540405
valveEmu/train/section_00_source_train_normal_0399_noAttribute.wav,in_support,amplitude_modulation,0.9789962768554688
valveEmu/train/section_00_source_train_normal_0400_noAttribute.wav,in_support,periodic_resonance,0.975498378276825
valveEmu/train/section_00_source_train_normal_0401_noAttribute.wav,in_support,amplitude_modulation,0.9534546136856079
valveEmu/train/section_00_source_train_normal_0402_noAttribute.wav,in_support,periodic_resonance,0.837868332862854
valveEmu/train/section_00_source_train_normal_0403_noAttribute.wav,in_support,frequency_modulation,0.9582629203796387
valveEmu/train/section_00_source_train_normal_0404_noAttribute.wav,in_support,amplitude_modulation,0.27617642283439636
valveEmu/train/section_00_source_train_normal_0405_noAttribute.wav,in_support,amplitude_modulation,0.9591804146766663
valveEmu/train/section_00_source_train_normal_0406_noAttribute.wav,in_support,frequency_modulation,0.9156008362770081
valveEmu/train/section_00_source_train_normal_0407_noAttribute.wav,in_support,amplitude_modulation,0.28846269845962524
valveEmu/train/section_00_source_train_normal_0408_noAttribute.wav,in_support,frequency_modulation,0.8588012456893921
valveEmu/train/section_00_source_train_normal_0409_noAttribute.wav,in_support,frequency_modulation,0.9939877390861511
valveEmu/train/section_00_source_train_normal_0410_noAttribute.wav,in_support,frequency_modulation,0.9221537113189697
valveEmu/train/section_00_source_train_normal_0411_noAttribute.wav,in_support,periodic_resonance,0.8586050271987915
valveEmu/train/section_00_source_train_normal_0412_noAttribute.wav,in_support,periodic_resonance,0.9835410714149475
valveEmu/train/section_00_source_train_normal_0413_noAttribute.wav,in_support,amplitude_modulation,0.6217480897903442
valveEmu/train/section_00_source_train_normal_0414_noAttribute.wav,in_support,amplitude_modulation,0.9269676208496094
valveEmu/train/section_00_source_train_normal_0415_noAttribute.wav,in_support,amplitude_modulation,0.6643285751342773
valveEmu/train/section_00_source_train_normal_0416_noAttribute.wav,in_support,periodic_resonance,0.9569490551948547
valveEmu/train/section_00_source_train_normal_0417_noAttribute.wav,in_support,amplitude_modulation,0.5397025942802429
valveEmu/train/section_00_source_train_normal_0418_noAttribute.wav,in_support,amplitude_modulation,0.9419633746147156
valveEmu/train/section_00_source_train_normal_0419_noAttribute.wav,in_support,amplitude_modulation,0.48445460200309753
valveEmu/train/section_00_source_train_normal_0420_noAttribute.wav,in_support,periodic_resonance,0.9518433809280396
valveEmu/train/section_00_source_train_normal_0421_noAttribute.wav,in_support,periodic_resonance,0.992883026599884
valveEmu/train/section_00_source_train_normal_0422_noAttribute.wav,in_support,periodic_resonance,0.9304948449134827
valveEmu/train/section_00_source_train_normal_0423_noAttribute.wav,in_support,amplitude_modulation,0.9627910852432251
valveEmu/train/section_00_source_train_normal_0424_noAttribute.wav,in_support,amplitude_modulation,0.7326465845108032
valveEmu/train/section_00_source_train_normal_0425_noAttribute.wav,in_support,periodic_resonance,0.8004314303398132
valveEmu/train/section_00_source_train_normal_0426_noAttribute.wav,in_support,frequency_modulation,0.936845600605011
valveEmu/train/section_00_source_train_normal_0427_noAttribute.wav,in_support,amplitude_modulation,0.2308199405670166
valveEmu/train/section_00_source_train_normal_0428_noAttribute.wav,in_support,frequency_modulation,0.9738028645515442
valveEmu/train/section_00_source_train_normal_0429_noAttribute.wav,in_support,amplitude_modulation,0.9448171854019165
valveEmu/train/section_00_source_train_normal_0430_noAttribute.wav,in_support,amplitude_modulation,0.6160812973976135
valveEmu/train/section_00_source_train_normal_0431_noAttribute.wav,in_support,periodic_resonance,0.9660035371780396
valveEmu/train/section_00_source_train_normal_0432_noAttribute.wav,in_support,periodic_resonance,0.9533423781394958
valveEmu/train/section_00_source_train_normal_0433_noAttribute.wav,in_support,frequency_modulation,0.8792726993560791
valveEmu/train/section_00_source_train_normal_0434_noAttribute.wav,in_support,amplitude_modulation,0.9520962238311768
valveEmu/train/section_00_source_train_normal_0435_noAttribute.wav,in_support,periodic_resonance,0.9769613146781921
valveEmu/train/section_00_source_train_normal_0436_noAttribute.wav,in_support,periodic_resonance,0.9979519248008728
valveEmu/train/section_00_source_train_normal_0437_noAttribute.wav,in_support,periodic_resonance,0.9909359812736511
valveEmu/train/section_00_source_train_normal_0438_noAttribute.wav,in_support,periodic_resonance,0.9576384425163269
valveEmu/train/section_00_source_train_normal_0439_noAttribute.wav,in_support,periodic_resonance,0.6994810700416565
valveEmu/train/section_00_source_train_normal_0440_noAttribute.wav,in_support,periodic_resonance,0.9784770607948303
valveEmu/train/section_00_source_train_normal_0441_noAttribute.wav,in_support,periodic_resonance,0.9484885334968567
valveEmu/train/section_00_source_train_normal_0442_noAttribute.wav,in_support,periodic_resonance,0.9931911826133728
valveEmu/train/section_00_source_train_normal_0443_noAttribute.wav,in_support,frequency_modulation,0.9253623485565186
valveEmu/train/section_00_source_train_normal_0444_noAttribute.wav,in_support,amplitude_modulation,0.5991674065589905
valveEmu/train/section_00_source_train_normal_0445_noAttribute.wav,in_support,frequency_modulation,0.9703935980796814
valveEmu/train/section_00_source_train_normal_0446_noAttribute.wav,in_support,periodic_resonance,0.9611984491348267
valveEmu/train/section_00_source_train_normal_0447_noAttribute.wav,in_support,frequency_modulation,0.8301140069961548
valveEmu/train/section_00_source_train_normal_0448_noAttribute.wav,in_support,amplitude_modulation,0.9891332983970642
valveEmu/train/section_00_source_train_normal_0449_noAttribute.wav,in_support,amplitude_modulation,0.8436707854270935
valveEmu/train/section_00_source_train_normal_0450_noAttribute.wav,in_support,frequency_modulation,0.9452139735221863
valveEmu/train/section_00_source_train_normal_0451_noAttribute.wav,in_support,periodic_resonance,0.9864513874053955
valveEmu/train/section_00_source_train_normal_0452_noAttribute.wav,in_support,amplitude_modulation,0.33305418491363525
valveEmu/train/section_00_source_train_normal_0453_noAttribute.wav,in_support,periodic_resonance,0.9706540703773499
valveEmu/train/section_00_source_train_normal_0454_noAttribute.wav,in_support,frequency_modulation,0.8733821511268616
valveEmu/train/section_00_source_train_normal_0455_noAttribute.wav,in_support,frequency_modulation,0.9319809675216675
valveEmu/train/section_00_source_train_normal_0456_noAttribute.wav,in_support,periodic_resonance,0.969886064529419
valveEmu/train/section_00_source_train_normal_0457_noAttribute.wav,in_support,periodic_resonance,0.9870049953460693
valveEmu/train/section_00_source_train_normal_0458_noAttribute.wav,in_support,periodic_resonance,0.9862316846847534
valveEmu/train/section_00_source_train_normal_0459_noAttribute.wav,in_support,frequency_modulation,0.9440394639968872
valveEmu/train/section_00_source_train_normal_0460_noAttribute.wav,in_support,frequency_modulation,0.9412550330162048
valveEmu/train/section_00_source_train_normal_0461_noAttribute.wav,in_support,frequency_modulation,0.9439582228660583
valveEmu/train/section_00_source_train_normal_0462_noAttribute.wav,in_support,frequency_modulation,0.9961496591567993
valveEmu/train/section_00_source_train_normal_0463_noAttribute.wav,in_support,periodic_resonance,0.9471332430839539
valveEmu/train/section_00_source_train_normal_0464_noAttribute.wav,in_support,frequency_modulation,0.965106189250946
valveEmu/train/section_00_source_train_normal_0465_noAttribute.wav,in_support,frequency_modulation,0.8828597664833069
valveEmu/train/section_00_source_train_normal_0466_noAttribute.wav,in_support,amplitude_modulation,0.9731854796409607
valveEmu/train/section_00_source_train_normal_0467_noAttribute.wav,in_support,frequency_modulation,0.6265833377838135
valveEmu/train/section_00_source_train_normal_0468_noAttribute.wav,in_support,amplitude_modulation,0.7888663411140442
valveEmu/train/section_00_source_train_normal_0469_noAttribute.wav,in_support,periodic_resonance,0.8639395236968994
valveEmu/train/section_00_source_train_normal_0470_noAttribute.wav,in_support,frequency_modulation,0.9819608926773071
valveEmu/train/section_00_source_train_normal_0471_noAttribute.wav,in_support,frequency_modulation,0.9967556595802307
valveEmu/train/section_00_source_train_normal_0472_noAttribute.wav,in_support,amplitude_modulation,0.6093641519546509
valveEmu/train/section_00_source_train_normal_0473_noAttribute.wav,in_support,amplitude_modulation,0.843720555305481
valveEmu/train/section_00_source_train_normal_0474_noAttribute.wav,in_support,amplitude_modulation,0.9223760962486267
valveEmu/train/section_00_source_train_normal_0475_noAttribute.wav,in_support,periodic_resonance,0.8187722563743591
valveEmu/train/section_00_source_train_normal_0476_noAttribute.wav,in_support,periodic_resonance,0.9727026224136353
valveEmu/train/section_00_source_train_normal_0477_noAttribute.wav,in_support,frequency_modulation,0.925893247127533
valveEmu/train/section_00_source_train_normal_0478_noAttribute.wav,in_support,frequency_modulation,0.9776601791381836
valveEmu/train/section_00_source_train_normal_0479_noAttribute.wav,in_support,periodic_resonance,0.9679058790206909
valveEmu/train/section_00_source_train_normal_0480_noAttribute.wav,in_support,periodic_resonance,0.9997802376747131
valveEmu/train/section_00_source_train_normal_0481_noAttribute.wav,in_support,amplitude_modulation,0.956637978553772
valveEmu/train/section_00_source_train_normal_0482_noAttribute.wav,in_support,periodic_resonance,0.9920623898506165
valveEmu/train/section_00_source_train_normal_0483_noAttribute.wav,in_support,periodic_resonance,0.9949722290039062
valveEmu/train/section_00_source_train_normal_0484_noAttribute.wav,in_support,frequency_modulation,0.9583266377449036
valveEmu/train/section_00_source_train_normal_0485_noAttribute.wav,in_support,periodic_resonance,0.9683682322502136
valveEmu/train/section_00_source_train_normal_0486_noAttribute.wav,in_support,amplitude_modulation,0.25938305258750916
valveEmu/train/section_00_source_train_normal_0487_noAttribute.wav,in_support,amplitude_modulation,0.44923797249794006
valveEmu/train/section_00_source_train_normal_0488_noAttribute.wav,in_support,periodic_resonance,0.9654608368873596
valveEmu/train/section_00_source_train_normal_0489_noAttribute.wav,in_support,frequency_modulation,0.9320103526115417
valveEmu/train/section_00_source_train_normal_0490_noAttribute.wav,in_support,periodic_resonance,0.9714866280555725
valveEmu/train/section_00_source_train_normal_0491_noAttribute.wav,in_support,amplitude_modulation,0.24157094955444336
valveEmu/train/section_00_source_train_normal_0492_noAttribute.wav,in_support,frequency_modulation,0.9379686117172241
valveEmu/train/section_00_source_train_normal_0493_noAttribute.wav,in_support,amplitude_modulation,0.9717861413955688
valveEmu/train/section_00_source_train_normal_0494_noAttribute.wav,in_support,periodic_resonance,0.9676467776298523
valveEmu/train/section_00_source_train_normal_0495_noAttribute.wav,in_support,amplitude_modulation,0.9617006778717041
valveEmu/train/section_00_source_train_normal_0496_noAttribute.wav,in_support,periodic_resonance,0.9996493458747864
valveEmu/train/section_00_source_train_normal_0497_noAttribute.wav,in_support,frequency_modulation,0.9775421023368835
valveEmu/train/section_00_source_train_normal_0498_noAttribute.wav,in_support,frequency_modulation,0.987679123878479
valveEmu/train/section_00_source_train_normal_0499_noAttribute.wav,in_support,amplitude_modulation,0.2617740333080292
valveEmu/train/section_00_source_train_normal_0500_noAttribute.wav,in_support,amplitude_modulation,0.3926609456539154
valveEmu/train/section_00_source_train_normal_0501_noAttribute.wav,in_support,periodic_resonance,0.9640061259269714
valveEmu/train/section_00_source_train_normal_0502_noAttribute.wav,in_support,periodic_resonance,0.9973592162132263
valveEmu/train/section_00_source_train_normal_0503_noAttribute.wav,in_support,frequency_modulation,0.9572857022285461
valveEmu/train/section_00_source_train_normal_0504_noAttribute.wav,in_support,frequency_modulation,0.9497997760772705
valveEmu/train/section_00_source_train_normal_0505_noAttribute.wav,in_support,periodic_resonance,0.9960805773735046
valveEmu/train/section_00_source_train_normal_0506_noAttribute.wav,in_support,amplitude_modulation,0.9385566711425781
valveEmu/train/section_00_source_train_normal_0507_noAttribute.wav,in_support,amplitude_modulation,0.9582981467247009
valveEmu/train/section_00_source_train_normal_0508_noAttribute.wav,in_support,frequency_modulation,0.9220641255378723
valveEmu/train/section_00_source_train_normal_0509_noAttribute.wav,in_support,amplitude_modulation,0.7756688594818115
valveEmu/train/section_00_source_train_normal_0510_noAttribute.wav,in_support,amplitude_modulation,0.8282992839813232
valveEmu/train/section_00_source_train_normal_0511_noAttribute.wav,in_support,amplitude_modulation,0.9921006560325623
valveEmu/train/section_00_source_train_normal_0512_noAttribute.wav,in_support,amplitude_modulation,0.8806899189949036
valveEmu/train/section_00_source_train_normal_0513_noAttribute.wav,in_support,amplitude_modulation,0.810714840888977
valveEmu/train/section_00_source_train_normal_0514_noAttribute.wav,in_support,frequency_modulation,0.9835867285728455
valveEmu/train/section_00_source_train_normal_0515_noAttribute.wav,in_support,amplitude_modulation,0.5067720413208008
valveEmu/train/section_00_source_train_normal_0516_noAttribute.wav,in_support,amplitude_modulation,0.9640436768531799
valveEmu/train/section_00_source_train_normal_0517_noAttribute.wav,in_support,frequency_modulation,0.9073726534843445
valveEmu/train/section_00_source_train_normal_0518_noAttribute.wav,in_support,periodic_resonance,0.9859221577644348
valveEmu/train/section_00_source_train_normal_0519_noAttribute.wav,in_support,frequency_modulation,0.988210141658783
valveEmu/train/section_00_source_train_normal_0520_noAttribute.wav,in_support,periodic_resonance,0.8932098150253296
valveEmu/train/section_00_source_train_normal_0521_noAttribute.wav,in_support,frequency_modulation,0.9440294504165649
valveEmu/train/section_00_source_train_normal_0522_noAttribute.wav,in_support,amplitude_modulation,0.9796972870826721
valveEmu/train/section_00_source_train_normal_0523_noAttribute.wav,in_support,frequency_modulation,0.9797956943511963
valveEmu/train/section_00_source_train_normal_0524_noAttribute.wav,in_support,frequency_modulation,0.6897965669631958
valveEmu/train/section_00_source_train_normal_0525_noAttribute.wav,in_support,periodic_resonance,0.9874845743179321
valveEmu/train/section_00_source_train_normal_0526_noAttribute.wav,in_support,amplitude_modulation,0.9708464741706848
valveEmu/train/section_00_source_train_normal_0527_noAttribute.wav,in_support,amplitude_modulation,0.7810959815979004
valveEmu/train/section_00_source_train_normal_0528_noAttribute.wav,in_support,frequency_modulation,0.91820228099823
valveEmu/train/section_00_source_train_normal_0529_noAttribute.wav,in_support,frequency_modulation,0.9402453303337097
valveEmu/train/section_00_source_train_normal_0530_noAttribute.wav,in_support,amplitude_modulation,0.9445663690567017
valveEmu/train/section_00_source_train_normal_0531_noAttribute.wav,in_support,frequency_modulation,0.977449893951416
valveEmu/train/section_00_source_train_normal_0532_noAttribute.wav,in_support,periodic_resonance,0.987917959690094
valveEmu/train/section_00_source_train_normal_0533_noAttribute.wav,in_support,periodic_resonance,0.9819551706314087
valveEmu/train/section_00_source_train_normal_0534_noAttribute.wav,in_support,amplitude_modulation,0.9035042524337769
valveEmu/train/section_00_source_train_normal_0535_noAttribute.wav,in_support,amplitude_modulation,0.9170612096786499
valveEmu/train/section_00_source_train_normal_0536_noAttribute.wav,in_support,frequency_modulation,0.9843536615371704
valveEmu/train/section_00_source_train_normal_0537_noAttribute.wav,in_support,frequency_modulation,0.9472808837890625
valveEmu/train/section_00_source_train_normal_0538_noAttribute.wav,in_support,periodic_resonance,0.9950394034385681
valveEmu/train/section_00_source_train_normal_0539_noAttribute.wav,in_support,frequency_modulation,0.8729684948921204
valveEmu/train/section_00_source_train_normal_0540_noAttribute.wav,in_support,frequency_modulation,0.9884735345840454
valveEmu/train/section_00_source_train_normal_0541_noAttribute.wav,in_support,periodic_resonance,0.9998977184295654
valveEmu/train/section_00_source_train_normal_0542_noAttribute.wav,in_support,frequency_modulation,0.9942298531532288
valveEmu/train/section_00_source_train_normal_0543_noAttribute.wav,in_support,frequency_modulation,0.8270166516304016
valveEmu/train/section_00_source_train_normal_0544_noAttribute.wav,in_support,amplitude_modulation,0.9601338505744934
valveEmu/train/section_00_source_train_normal_0545_noAttribute.wav,in_support,periodic_resonance,0.9796945452690125
valveEmu/train/section_00_source_train_normal_0546_noAttribute.wav,in_support,periodic_resonance,0.7664084434509277
valveEmu/train/section_00_source_train_normal_0547_noAttribute.wav,in_support,frequency_modulation,0.9771119952201843
valveEmu/train/section_00_source_train_normal_0548_noAttribute.wav,in_support,amplitude_modulation,0.696012556552887
valveEmu/train/section_00_source_train_normal_0549_noAttribute.wav,in_support,amplitude_modulation,0.9566992521286011
valveEmu/train/section_00_source_train_normal_0550_noAttribute.wav,in_support,periodic_resonance,0.9555061459541321
valveEmu/train/section_00_source_train_normal_0551_noAttribute.wav,in_support,amplitude_modulation,0.9535443782806396
valveEmu/train/section_00_source_train_normal_0552_noAttribute.wav,in_support,amplitude_modulation,0.9119302034378052
valveEmu/train/section_00_source_train_normal_0553_noAttribute.wav,in_support,frequency_modulation,0.9269468784332275
valveEmu/train/section_00_source_train_normal_0554_noAttribute.wav,in_support,periodic_resonance,0.9873659014701843
valveEmu/train/section_00_source_train_normal_0555_noAttribute.wav,in_support,frequency_modulation,0.9856929779052734
valveEmu/train/section_00_source_train_normal_0556_noAttribute.wav,in_support,periodic_resonance,0.9870284795761108
valveEmu/train/section_00_source_train_normal_0557_noAttribute.wav,in_support,periodic_resonance,0.9549688100814819
valveEmu/train/section_00_source_train_normal_0558_noAttribute.wav,in_support,periodic_resonance,0.9940550327301025
valveEmu/train/section_00_source_train_normal_0559_noAttribute.wav,in_support,amplitude_modulation,0.7233021855354309
valveEmu/train/section_00_source_train_normal_0560_noAttribute.wav,in_support,frequency_modulation,0.9805287718772888
valveEmu/train/section_00_source_train_normal_0561_noAttribute.wav,in_support,periodic_resonance,0.9829459190368652
valveEmu/train/section_00_source_train_normal_0562_noAttribute.wav,in_support,frequency_modulation,0.7417768239974976
valveEmu/train/section_00_source_train_normal_0563_noAttribute.wav,in_support,amplitude_modulation,0.9348875880241394
valveEmu/train/section_00_source_train_normal_0564_noAttribute.wav,in_support,periodic_resonance,0.9881803393363953
valveEmu/train/section_00_source_train_normal_0565_noAttribute.wav,in_support,frequency_modulation,0.9352825284004211
valveEmu/train/section_00_source_train_normal_0566_noAttribute.wav,in_support,frequency_modulation,0.8734151124954224
valveEmu/train/section_00_source_train_normal_0567_noAttribute.wav,in_support,periodic_resonance,0.9868574142456055
valveEmu/train/section_00_source_train_normal_0568_noAttribute.wav,in_support,periodic_resonance,0.9612347483634949
valveEmu/train/section_00_source_train_normal_0569_noAttribute.wav,in_support,periodic_resonance,0.9216879606246948
valveEmu/train/section_00_source_train_normal_0570_noAttribute.wav,in_support,amplitude_modulation,0.9622249007225037
valveEmu/train/section_00_source_train_normal_0571_noAttribute.wav,in_support,frequency_modulation,0.990395724773407
valveEmu/train/section_00_source_train_normal_0572_noAttribute.wav,in_support,frequency_modulation,0.9706889390945435
valveEmu/train/section_00_source_train_normal_0573_noAttribute.wav,in_support,periodic_resonance,0.9510977864265442
valveEmu/train/section_00_source_train_normal_0574_noAttribute.wav,in_support,amplitude_modulation,0.6593632102012634
valveEmu/train/section_00_source_train_normal_0575_noAttribute.wav,in_support,frequency_modulation,0.8992128968238831
valveEmu/train/section_00_source_train_normal_0576_noAttribute.wav,in_support,amplitude_modulation,0.7955219149589539
valveEmu/train/section_00_source_train_normal_0577_noAttribute.wav,in_support,amplitude_modulation,0.9237667918205261
valveEmu/train/section_00_source_train_normal_0578_noAttribute.wav,in_support,amplitude_modulation,0.9290664196014404
valveEmu/train/section_00_source_train_normal_0579_noAttribute.wav,in_support,periodic_resonance,0.9891528487205505
valveEmu/train/section_00_source_train_normal_0580_noAttribute.wav,in_support,amplitude_modulation,0.9644233584403992
valveEmu/train/section_00_source_train_normal_0581_noAttribute.wav,in_support,frequency_modulation,0.7952595353126526
valveEmu/train/section_00_source_train_normal_0582_noAttribute.wav,in_support,frequency_modulation,0.9738845229148865
valveEmu/train/section_00_source_train_normal_0583_noAttribute.wav,in_support,amplitude_modulation,0.9382562041282654
valveEmu/train/section_00_source_train_normal_0584_noAttribute.wav,in_support,frequency_modulation,0.9430625438690186
valveEmu/train/section_00_source_train_normal_0585_noAttribute.wav,in_support,frequency_modulation,0.6453690528869629
valveEmu/train/section_00_source_train_normal_0586_noAttribute.wav,in_support,amplitude_modulation,0.969565749168396
valveEmu/train/section_00_source_train_normal_0587_noAttribute.wav,in_support,frequency_modulation,0.9319713115692139
valveEmu/train/section_00_source_train_normal_0588_noAttribute.wav,in_support,frequency_modulation,0.9829902052879333
valveEmu/train/section_00_source_train_normal_0589_noAttribute.wav,in_support,amplitude_modulation,0.6796125769615173
valveEmu/train/section_00_source_train_normal_0590_noAttribute.wav,in_support,periodic_resonance,0.9952093362808228
valveEmu/train/section_00_source_train_normal_0591_noAttribute.wav,in_support,amplitude_modulation,0.47603267431259155
valveEmu/train/section_00_source_train_normal_0592_noAttribute.wav,in_support,amplitude_modulation,0.9891356825828552
valveEmu/train/section_00_source_train_normal_0593_noAttribute.wav,in_support,amplitude_modulation,0.6138414740562439
valveEmu/train/section_00_source_train_normal_0594_noAttribute.wav,in_support,amplitude_modulation,0.8315787315368652
valveEmu/train/section_00_source_train_normal_0595_noAttribute.wav,in_support,amplitude_modulation,0.922552227973938
valveEmu/train/section_00_source_train_normal_0596_noAttribute.wav,in_support,periodic_resonance,0.9429177045822144
valveEmu/train/section_00_source_train_normal_0597_noAttribute.wav,in_support,amplitude_modulation,0.9333794713020325
valveEmu/train/section_00_source_train_normal_0598_noAttribute.wav,in_support,periodic_resonance,0.9959374070167542
valveEmu/train/section_00_source_train_normal_0599_noAttribute.wav,in_support,amplitude_modulation,0.9641600251197815
valveEmu/train/section_00_source_train_normal_0600_noAttribute.wav,in_support,periodic_resonance,0.9441911578178406
valveEmu/train/section_00_source_train_normal_0601_noAttribute.wav,in_support,amplitude_modulation,0.7628522515296936
valveEmu/train/section_00_source_train_normal_0602_noAttribute.wav,in_support,amplitude_modulation,0.9718136191368103
valveEmu/train/section_00_source_train_normal_0603_noAttribute.wav,in_support,frequency_modulation,0.9906837940216064
valveEmu/train/section_00_source_train_normal_0604_noAttribute.wav,in_support,frequency_modulation,0.9350520372390747
valveEmu/train/section_00_source_train_normal_0605_noAttribute.wav,in_support,periodic_resonance,0.9640235304832458
valveEmu/train/section_00_source_train_normal_0606_noAttribute.wav,in_support,amplitude_modulation,0.9975136518478394
valveEmu/train/section_00_source_train_normal_0607_noAttribute.wav,in_support,amplitude_modulation,0.9102408289909363
valveEmu/train/section_00_source_train_normal_0608_noAttribute.wav,in_support,periodic_resonance,0.9696657061576843
valveEmu/train/section_00_source_train_normal_0609_noAttribute.wav,in_support,periodic_resonance,0.9881078004837036
valveEmu/train/section_00_source_train_normal_0610_noAttribute.wav,in_support,periodic_resonance,0.9191349744796753
valveEmu/train/section_00_source_train_normal_0611_noAttribute.wav,in_support,periodic_resonance,0.9670944213867188
valveEmu/train/section_00_source_train_normal_0612_noAttribute.wav,in_support,frequency_modulation,0.898935079574585
valveEmu/train/section_00_source_train_normal_0613_noAttribute.wav,in_support,amplitude_modulation,0.8462814688682556
valveEmu/train/section_00_source_train_normal_0614_noAttribute.wav,in_support,amplitude_modulation,0.45132145285606384
valveEmu/train/section_00_source_train_normal_0615_noAttribute.wav,in_support,frequency_modulation,0.8912357091903687
valveEmu/train/section_00_source_train_normal_0616_noAttribute.wav,in_support,amplitude_modulation,0.7036401629447937
valveEmu/train/section_00_source_train_normal_0617_noAttribute.wav,in_support,amplitude_modulation,0.9749970436096191
valveEmu/train/section_00_source_train_normal_0618_noAttribute.wav,in_support,frequency_modulation,0.8970337510108948
valveEmu/train/section_00_source_train_normal_0619_noAttribute.wav,in_support,periodic_resonance,0.9907562136650085
valveEmu/train/section_00_source_train_normal_0620_noAttribute.wav,in_support,periodic_resonance,0.990875244140625
valveEmu/train/section_00_source_train_normal_0621_noAttribute.wav,in_support,amplitude_modulation,0.9978009462356567
valveEmu/train/section_00_source_train_normal_0622_noAttribute.wav,in_support,frequency_modulation,0.920526921749115
valveEmu/train/section_00_source_train_normal_0623_noAttribute.wav,in_support,amplitude_modulation,0.5054746866226196
valveEmu/train/section_00_source_train_normal_0624_noAttribute.wav,in_support,frequency_modulation,0.9367685914039612
valveEmu/train/section_00_source_train_normal_0625_noAttribute.wav,in_support,frequency_modulation,0.9672926068305969
valveEmu/train/section_00_source_train_normal_0626_noAttribute.wav,in_support,amplitude_modulation,0.8544914126396179
valveEmu/train/section_00_source_train_normal_0627_noAttribute.wav,in_support,amplitude_modulation,0.47847846150398254
valveEmu/train/section_00_source_train_normal_0628_noAttribute.wav,in_support,periodic_resonance,0.945297360420227
valveEmu/train/section_00_source_train_normal_0629_noAttribute.wav,in_support,amplitude_modulation,0.8949503898620605
valveEmu/train/section_00_source_train_normal_0630_noAttribute.wav,in_support,periodic_resonance,0.8688458204269409
valveEmu/train/section_00_source_train_normal_0631_noAttribute.wav,in_support,amplitude_modulation,0.9653499126434326
valveEmu/train/section_00_source_train_normal_0632_noAttribute.wav,in_support,frequency_modulation,0.9585474133491516
valveEmu/train/section_00_source_train_normal_0633_noAttribute.wav,in_support,amplitude_modulation,0.9388338923454285
valveEmu/train/section_00_source_train_normal_0634_noAttribute.wav,in_support,periodic_resonance,0.7370736002922058
valveEmu/train/section_00_source_train_normal_0635_noAttribute.wav,in_support,frequency_modulation,0.9766675233840942
valveEmu/train/section_00_source_train_normal_0636_noAttribute.wav,in_support,amplitude_modulation,0.815671980381012
valveEmu/train/section_00_source_train_normal_0637_noAttribute.wav,in_support,periodic_resonance,0.9851181507110596
valveEmu/train/section_00_source_train_normal_0638_noAttribute.wav,in_support,amplitude_modulation,0.948392927646637
valveEmu/train/section_00_source_train_normal_0639_noAttribute.wav,in_support,frequency_modulation,0.9520483613014221
valveEmu/train/section_00_source_train_normal_0640_noAttribute.wav,in_support,periodic_resonance,0.9892793893814087
valveEmu/train/section_00_source_train_normal_0641_noAttribute.wav,in_support,amplitude_modulation,0.6690157651901245
valveEmu/train/section_00_source_train_normal_0642_noAttribute.wav,in_support,periodic_resonance,0.5850105285644531
valveEmu/train/section_00_source_train_normal_0643_noAttribute.wav,in_support,frequency_modulation,0.9899404644966125
valveEmu/train/section_00_source_train_normal_0644_noAttribute.wav,in_support,amplitude_modulation,0.9275938868522644
valveEmu/train/section_00_source_train_normal_0645_noAttribute.wav,in_support,frequency_modulation,0.9968069791793823
valveEmu/train/section_00_source_train_normal_0646_noAttribute.wav,in_support,periodic_resonance,0.9682437181472778
valveEmu/train/section_00_source_train_normal_0647_noAttribute.wav,in_support,amplitude_modulation,0.31473851203918457
valveEmu/train/section_00_source_train_normal_0648_noAttribute.wav,in_support,periodic_resonance,0.9976990818977356
valveEmu/train/section_00_source_train_normal_0649_noAttribute.wav,in_support,periodic_resonance,0.9741483330726624
valveEmu/train/section_00_source_train_normal_0650_noAttribute.wav,in_support,amplitude_modulation,0.9313757419586182
valveEmu/train/section_00_source_train_normal_0651_noAttribute.wav,in_support,frequency_modulation,0.9734049439430237
valveEmu/train/section_00_source_train_normal_0652_noAttribute.wav,in_support,periodic_resonance,0.9548114538192749
valveEmu/train/section_00_source_train_normal_0653_noAttribute.wav,in_support,frequency_modulation,0.9668352603912354
valveEmu/train/section_00_source_train_normal_0654_noAttribute.wav,in_support,periodic_resonance,0.9354057908058167
valveEmu/train/section_00_source_train_normal_0655_noAttribute.wav,in_support,amplitude_modulation,0.574638307094574
valveEmu/train/section_00_source_train_normal_0656_noAttribute.wav,in_support,amplitude_modulation,0.9527466893196106
valveEmu/train/section_00_source_train_normal_0657_noAttribute.wav,in_support,periodic_resonance,0.9794993996620178
valveEmu/train/section_00_source_train_normal_0658_noAttribute.wav,in_support,amplitude_modulation,0.943450391292572
valveEmu/train/section_00_source_train_normal_0659_noAttribute.wav,in_support,amplitude_modulation,0.8048872351646423
valveEmu/train/section_00_source_train_normal_0660_noAttribute.wav,in_support,amplitude_modulation,0.5578813552856445
valveEmu/train/section_00_source_train_normal_0661_noAttribute.wav,in_support,amplitude_modulation,0.9883645176887512
valveEmu/train/section_00_source_train_normal_0662_noAttribute.wav,in_support,frequency_modulation,0.9474404454231262
valveEmu/train/section_00_source_train_normal_0663_noAttribute.wav,in_support,amplitude_modulation,0.8881974816322327
valveEmu/train/section_00_source_train_normal_0664_noAttribute.wav,in_support,frequency_modulation,0.793716549873352
valveEmu/train/section_00_source_train_normal_0665_noAttribute.wav,in_support,frequency_modulation,0.9984781742095947
valveEmu/train/section_00_source_train_normal_0666_noAttribute.wav,in_support,frequency_modulation,0.7324841618537903
valveEmu/train/section_00_source_train_normal_0667_noAttribute.wav,in_support,periodic_resonance,0.9593256115913391
valveEmu/train/section_00_source_train_normal_0668_noAttribute.wav,in_support,frequency_modulation,0.8925315737724304
valveEmu/train/section_00_source_train_normal_0669_noAttribute.wav,in_support,frequency_modulation,0.9020050764083862
valveEmu/train/section_00_source_train_normal_0670_noAttribute.wav,in_support,frequency_modulation,0.9703032374382019
valveEmu/train/section_00_source_train_normal_0671_noAttribute.wav,in_support,frequency_modulation,0.949321448802948
valveEmu/train/section_00_source_train_normal_0672_noAttribute.wav,in_support,frequency_modulation,0.8643636107444763
valveEmu/train/section_00_source_train_normal_0673_noAttribute.wav,in_support,periodic_resonance,0.9886519908905029
valveEmu/train/section_00_source_train_normal_0674_noAttribute.wav,in_support,amplitude_modulation,0.886020839214325
valveEmu/train/section_00_source_train_normal_0675_noAttribute.wav,in_support,amplitude_modulation,0.8144627809524536
valveEmu/train/section_00_source_train_normal_0676_noAttribute.wav,in_support,frequency_modulation,0.9375820159912109
valveEmu/train/section_00_source_train_normal_0677_noAttribute.wav,in_support,amplitude_modulation,0.7158719301223755
valveEmu/train/section_00_source_train_normal_0678_noAttribute.wav,in_support,frequency_modulation,0.6941366195678711
valveEmu/train/section_00_source_train_normal_0679_noAttribute.wav,in_support,frequency_modulation,0.9616193175315857
valveEmu/train/section_00_source_train_normal_0680_noAttribute.wav,in_support,frequency_modulation,0.9577528834342957
valveEmu/train/section_00_source_train_normal_0681_noAttribute.wav,in_support,frequency_modulation,0.7988176345825195
valveEmu/train/section_00_source_train_normal_0682_noAttribute.wav,in_support,periodic_resonance,0.8921701312065125
valveEmu/train/section_00_source_train_normal_0683_noAttribute.wav,in_support,amplitude_modulation,0.9859552383422852
valveEmu/train/section_00_source_train_normal_0684_noAttribute.wav,in_support,periodic_resonance,0.9949331879615784
valveEmu/train/section_00_source_train_normal_0685_noAttribute.wav,in_support,amplitude_modulation,0.6801136136054993
valveEmu/train/section_00_source_train_normal_0686_noAttribute.wav,in_support,periodic_resonance,0.9803069233894348
valveEmu/train/section_00_source_train_normal_0687_noAttribute.wav,in_support,amplitude_modulation,0.9792457818984985
valveEmu/train/section_00_source_train_normal_0688_noAttribute.wav,in_support,periodic_resonance,0.983969509601593
valveEmu/train/section_00_source_train_normal_0689_noAttribute.wav,in_support,frequency_modulation,0.7979861497879028
valveEmu/train/section_00_source_train_normal_0690_noAttribute.wav,in_support,frequency_modulation,0.963905394077301
valveEmu/train/section_00_source_train_normal_0691_noAttribute.wav,in_support,amplitude_modulation,0.9796028733253479
valveEmu/train/section_00_source_train_normal_0692_noAttribute.wav,in_support,amplitude_modulation,0.9952289462089539
valveEmu/train/section_00_source_train_normal_0693_noAttribute.wav,in_support,frequency_modulation,0.9834951162338257
valveEmu/train/section_00_source_train_normal_0694_noAttribute.wav,in_support,frequency_modulation,0.9741079211235046
valveEmu/train/section_00_source_train_normal_0695_noAttribute.wav,in_support,amplitude_modulation,0.8339866995811462
valveEmu/train/section_00_source_train_normal_0696_noAttribute.wav,in_support,frequency_modulation,0.9562788605690002
valveEmu/train/section_00_source_train_normal_0697_noAttribute.wav,in_support,periodic_resonance,0.37083813548088074
valveEmu/train/section_00_source_train_normal_0698_noAttribute.wav,in_support,frequency_modulation,0.9308318495750427
valveEmu/train/section_00_source_train_normal_0699_noAttribute.wav,in_support,frequency_modulation,0.9566725492477417
valveEmu/train/section_00_source_train_normal_0700_noAttribute.wav,in_support,frequency_modulation,0.9582513570785522
valveEmu/train/section_00_source_train_normal_0701_noAttribute.wav,in_support,frequency_modulation,0.9076163172721863
valveEmu/train/section_00_source_train_normal_0702_noAttribute.wav,in_support,periodic_resonance,0.9541439414024353
valveEmu/train/section_00_source_train_normal_0703_noAttribute.wav,in_support,amplitude_modulation,0.9565591216087341
valveEmu/train/section_00_source_train_normal_0704_noAttribute.wav,in_support,amplitude_modulation,0.9906443357467651
valveEmu/train/section_00_source_train_normal_0705_noAttribute.wav,in_support,periodic_resonance,0.8117245435714722
valveEmu/train/section_00_source_train_normal_0706_noAttribute.wav,in_support,amplitude_modulation,0.9357392191886902
valveEmu/train/section_00_source_train_normal_0707_noAttribute.wav,in_support,periodic_resonance,0.9440230131149292
valveEmu/train/section_00_source_train_normal_0708_noAttribute.wav,in_support,amplitude_modulation,0.9799941778182983
valveEmu/train/section_00_source_train_normal_0709_noAttribute.wav,in_support,periodic_resonance,0.9582111835479736
valveEmu/train/section_00_source_train_normal_0710_noAttribute.wav,in_support,frequency_modulation,0.9592990875244141
valveEmu/train/section_00_source_train_normal_0711_noAttribute.wav,in_support,amplitude_modulation,0.3168061375617981
valveEmu/train/section_00_source_train_normal_0712_noAttribute.wav,in_support,amplitude_modulation,0.9695562124252319
valveEmu/train/section_00_source_train_normal_0713_noAttribute.wav,in_support,frequency_modulation,0.8672342300415039
valveEmu/train/section_00_source_train_normal_0714_noAttribute.wav,in_support,amplitude_modulation,0.7229501008987427
valveEmu/train/section_00_source_train_normal_0715_noAttribute.wav,in_support,frequency_modulation,0.9999565482139587
valveEmu/train/section_00_source_train_normal_0716_noAttribute.wav,in_support,periodic_resonance,0.9763078093528748
valveEmu/train/section_00_source_train_normal_0717_noAttribute.wav,in_support,frequency_modulation,0.9579055309295654
valveEmu/train/section_00_source_train_normal_0718_noAttribute.wav,in_support,frequency_modulation,0.927300214767456
valveEmu/train/section_00_source_train_normal_0719_noAttribute.wav,in_support,periodic_resonance,0.984341025352478
valveEmu/train/section_00_source_train_normal_0720_noAttribute.wav,in_support,periodic_resonance,0.9619952440261841
valveEmu/train/section_00_source_train_normal_0721_noAttribute.wav,in_support,periodic_resonance,0.9863439798355103
valveEmu/train/section_00_source_train_normal_0722_noAttribute.wav,in_support,amplitude_modulation,0.9067615270614624
valveEmu/train/section_00_source_train_normal_0723_noAttribute.wav,in_support,frequency_modulation,0.9543430805206299
valveEmu/train/section_00_source_train_normal_0724_noAttribute.wav,in_support,frequency_modulation,0.9859987497329712
valveEmu/train/section_00_source_train_normal_0725_noAttribute.wav,in_support,periodic_resonance,0.976402759552002
valveEmu/train/section_00_source_train_normal_0726_noAttribute.wav,in_support,amplitude_modulation,0.8987833261489868
valveEmu/train/section_00_source_train_normal_0727_noAttribute.wav,in_support,periodic_resonance,0.7369055151939392
valveEmu/train/section_00_source_train_normal_0728_noAttribute.wav,in_support,periodic_resonance,0.9824777245521545
valveEmu/train/section_00_source_train_normal_0729_noAttribute.wav,in_support,frequency_modulation,0.8941433429718018
valveEmu/train/section_00_source_train_normal_0730_noAttribute.wav,in_support,periodic_resonance,0.9942271113395691
valveEmu/train/section_00_source_train_normal_0731_noAttribute.wav,in_support,amplitude_modulation,0.4393564462661743
valveEmu/train/section_00_source_train_normal_0732_noAttribute.wav,in_support,amplitude_modulation,0.5234270095825195
valveEmu/train/section_00_source_train_normal_0733_noAttribute.wav,in_support,frequency_modulation,0.8738572001457214
valveEmu/train/section_00_source_train_normal_0734_noAttribute.wav,in_support,periodic_resonance,0.9979328513145447
valveEmu/train/section_00_source_train_normal_0735_noAttribute.wav,in_support,periodic_resonance,0.999412477016449
valveEmu/train/section_00_source_train_normal_0736_noAttribute.wav,in_support,periodic_resonance,0.7939801812171936
valveEmu/train/section_00_source_train_normal_0737_noAttribute.wav,in_support,frequency_modulation,0.6170652508735657
valveEmu/train/section_00_source_train_normal_0738_noAttribute.wav,in_support,frequency_modulation,0.9746116399765015
valveEmu/train/section_00_source_train_normal_0739_noAttribute.wav,in_support,frequency_modulation,0.7673601508140564
valveEmu/train/section_00_source_train_normal_0740_noAttribute.wav,in_support,frequency_modulation,0.9913004636764526
valveEmu/train/section_00_source_train_normal_0741_noAttribute.wav,in_support,frequency_modulation,0.9435563087463379
valveEmu/train/section_00_source_train_normal_0742_noAttribute.wav,in_support,periodic_resonance,0.9906139373779297
valveEmu/train/section_00_source_train_normal_0743_noAttribute.wav,in_support,periodic_resonance,0.9620134234428406
valveEmu/train/section_00_source_train_normal_0744_noAttribute.wav,in_support,amplitude_modulation,0.9969258904457092
valveEmu/train/section_00_source_train_normal_0745_noAttribute.wav,in_support,amplitude_modulation,0.9424203038215637
valveEmu/train/section_00_source_train_normal_0746_noAttribute.wav,in_support,amplitude_modulation,0.9529716372489929
valveEmu/train/section_00_source_train_normal_0747_noAttribute.wav,in_support,frequency_modulation,0.9908555150032043
valveEmu/train/section_00_source_train_normal_0748_noAttribute.wav,in_support,frequency_modulation,0.9708949327468872
valveEmu/train/section_00_source_train_normal_0749_noAttribute.wav,in_support,periodic_resonance,0.9581310749053955
valveEmu/train/section_00_source_train_normal_0750_noAttribute.wav,in_support,frequency_modulation,0.9713423848152161
valveEmu/train/section_00_source_train_normal_0751_noAttribute.wav,in_support,amplitude_modulation,0.97752445936203
valveEmu/train/section_00_source_train_normal_0752_noAttribute.wav,in_support,frequency_modulation,0.998555064201355
valveEmu/train/section_00_source_train_normal_0753_noAttribute.wav,in_support,periodic_resonance,0.9418683052062988
valveEmu/train/section_00_source_train_normal_0754_noAttribute.wav,in_support,amplitude_modulation,0.9359340667724609
valveEmu/train/section_00_source_train_normal_0755_noAttribute.wav,in_support,amplitude_modulation,0.985461413860321
valveEmu/train/section_00_source_train_normal_0756_noAttribute.wav,in_support,frequency_modulation,0.9277043342590332
valveEmu/train/section_00_source_train_normal_0757_noAttribute.wav,in_support,frequency_modulation,0.898823082447052
valveEmu/train/section_00_source_train_normal_0758_noAttribute.wav,in_support,periodic_resonance,0.9949579834938049
valveEmu/train/section_00_source_train_normal_0759_noAttribute.wav,in_support,frequency_modulation,0.6737081408500671
valveEmu/train/section_00_source_train_normal_0760_noAttribute.wav,in_support,amplitude_modulation,0.9878128170967102
valveEmu/train/section_00_source_train_normal_0761_noAttribute.wav,in_support,periodic_resonance,0.9592558741569519
valveEmu/train/section_00_source_train_normal_0762_noAttribute.wav,in_support,periodic_resonance,0.98825603723526
valveEmu/train/section_00_source_train_normal_0763_noAttribute.wav,in_support,periodic_resonance,0.9999430179595947
valveEmu/train/section_00_source_train_normal_0764_noAttribute.wav,in_support,frequency_modulation,0.9714466333389282
valveEmu/train/section_00_source_train_normal_0765_noAttribute.wav,in_support,amplitude_modulation,0.9568382501602173
valveEmu/train/section_00_source_train_normal_0766_noAttribute.wav,in_support,amplitude_modulation,0.45173802971839905
valveEmu/train/section_00_source_train_normal_0767_noAttribute.wav,in_support,amplitude_modulation,0.28092601895332336
valveEmu/train/section_00_source_train_normal_0768_noAttribute.wav,in_support,amplitude_modulation,0.8058615922927856
valveEmu/train/section_00_source_train_normal_0769_noAttribute.wav,in_support,frequency_modulation,0.8998104929924011
valveEmu/train/section_00_source_train_normal_0770_noAttribute.wav,in_support,frequency_modulation,0.9057929515838623
valveEmu/train/section_00_source_train_normal_0771_noAttribute.wav,in_support,frequency_modulation,0.9423721432685852
valveEmu/train/section_00_source_train_normal_0772_noAttribute.wav,in_support,periodic_resonance,0.9610390663146973
valveEmu/train/section_00_source_train_normal_0773_noAttribute.wav,in_support,periodic_resonance,0.9417273998260498
valveEmu/train/section_00_source_train_normal_0774_noAttribute.wav,in_support,periodic_resonance,0.9957836866378784
valveEmu/train/section_00_source_train_normal_0775_noAttribute.wav,in_support,periodic_resonance,0.7591586112976074
valveEmu/train/section_00_source_train_normal_0776_noAttribute.wav,in_support,frequency_modulation,0.9709162712097168
valveEmu/train/section_00_source_train_normal_0777_noAttribute.wav,in_support,amplitude_modulation,0.7596583366394043
valveEmu/train/section_00_source_train_normal_0778_noAttribute.wav,in_support,frequency_modulation,0.9971956610679626
valveEmu/train/section_00_source_train_normal_0779_noAttribute.wav,in_support,periodic_resonance,0.906664252281189
valveEmu/train/section_00_source_train_normal_0780_noAttribute.wav,in_support,amplitude_modulation,0.9950810670852661
valveEmu/train/section_00_source_train_normal_0781_noAttribute.wav,in_support,amplitude_modulation,0.8923934698104858
valveEmu/train/section_00_source_train_normal_0782_noAttribute.wav,in_support,frequency_modulation,0.9741701483726501
valveEmu/train/section_00_source_train_normal_0783_noAttribute.wav,in_support,frequency_modulation,0.9591715931892395
valveEmu/train/section_00_source_train_normal_0784_noAttribute.wav,in_support,amplitude_modulation,0.5041381120681763
valveEmu/train/section_00_source_train_normal_0785_noAttribute.wav,in_support,amplitude_modulation,0.9680899977684021
valveEmu/train/section_00_source_train_normal_0786_noAttribute.wav,in_support,amplitude_modulation,0.9574846029281616
valveEmu/train/section_00_source_train_normal_0787_noAttribute.wav,in_support,frequency_modulation,0.9939340353012085
valveEmu/train/section_00_source_train_normal_0788_noAttribute.wav,in_support,periodic_resonance,0.9998918175697327
valveEmu/train/section_00_source_train_normal_0789_noAttribute.wav,in_support,periodic_resonance,0.9542727470397949
valveEmu/train/section_00_source_train_normal_0790_noAttribute.wav,in_support,amplitude_modulation,0.5900347828865051
valveEmu/train/section_00_source_train_normal_0791_noAttribute.wav,in_support,frequency_modulation,0.7809267044067383
valveEmu/train/section_00_source_train_normal_0792_noAttribute.wav,in_support,frequency_modulation,0.9425869584083557
valveEmu/train/section_00_source_train_normal_0793_noAttribute.wav,in_support,frequency_modulation,0.9742871522903442
valveEmu/train/section_00_source_train_normal_0794_noAttribute.wav,in_support,amplitude_modulation,0.9419053196907043
valveEmu/train/section_00_source_train_normal_0795_noAttribute.wav,in_support,frequency_modulation,0.9194282293319702
valveEmu/train/section_00_source_train_normal_0796_noAttribute.wav,in_support,amplitude_modulation,0.8122829794883728
valveEmu/train/section_00_source_train_normal_0797_noAttribute.wav,in_support,amplitude_modulation,0.9715838432312012
valveEmu/train/section_00_source_train_normal_0798_noAttribute.wav,in_support,amplitude_modulation,0.543757975101471
valveEmu/train/section_00_source_train_normal_0799_noAttribute.wav,in_support,amplitude_modulation,0.5728126764297485
valveEmu/train/section_00_source_train_normal_0800_noAttribute.wav,in_support,periodic_resonance,0.9592052102088928
valveEmu/train/section_00_source_train_normal_0801_noAttribute.wav,in_support,frequency_modulation,0.9550818800926208
valveEmu/train/section_00_source_train_normal_0802_noAttribute.wav,in_support,amplitude_modulation,0.8881125450134277
valveEmu/train/section_00_source_train_normal_0803_noAttribute.wav,in_support,amplitude_modulation,0.1966688483953476
valveEmu/train/section_00_source_train_normal_0804_noAttribute.wav,in_support,periodic_resonance,0.9631585478782654
valveEmu/train/section_00_source_train_normal_0805_noAttribute.wav,in_support,amplitude_modulation,0.9089300632476807
valveEmu/train/section_00_source_train_normal_0806_noAttribute.wav,in_support,frequency_modulation,0.8801729083061218
valveEmu/train/section_00_source_train_normal_0807_noAttribute.wav,in_support,periodic_resonance,0.9802102446556091
valveEmu/train/section_00_source_train_normal_0808_noAttribute.wav,in_support,amplitude_modulation,0.9425622224807739
valveEmu/train/section_00_source_train_normal_0809_noAttribute.wav,in_support,periodic_resonance,0.9900717735290527
valveEmu/train/section_00_source_train_normal_0810_noAttribute.wav,in_support,frequency_modulation,0.9782267808914185
valveEmu/train/section_00_source_train_normal_0811_noAttribute.wav,in_support,frequency_modulation,0.9636828899383545
valveEmu/train/section_00_source_train_normal_0812_noAttribute.wav,in_support,amplitude_modulation,0.30012330412864685
valveEmu/train/section_00_source_train_normal_0813_noAttribute.wav,in_support,frequency_modulation,0.7282218933105469
valveEmu/train/section_00_source_train_normal_0814_noAttribute.wav,in_support,amplitude_modulation,0.9004886746406555
valveEmu/train/section_00_source_train_normal_0815_noAttribute.wav,in_support,periodic_resonance,0.8109410405158997
valveEmu/train/section_00_source_train_normal_0816_noAttribute.wav,in_support,amplitude_modulation,0.9829498529434204
valveEmu/train/section_00_source_train_normal_0817_noAttribute.wav,in_support,amplitude_modulation,0.6738206148147583
valveEmu/train/section_00_source_train_normal_0818_noAttribute.wav,in_support,periodic_resonance,0.9859660267829895
valveEmu/train/section_00_source_train_normal_0819_noAttribute.wav,in_support,periodic_resonance,0.9748917818069458
valveEmu/train/section_00_source_train_normal_0820_noAttribute.wav,in_support,frequency_modulation,0.8610657453536987
valveEmu/train/section_00_source_train_normal_0821_noAttribute.wav,in_support,amplitude_modulation,0.35586637258529663
valveEmu/train/section_00_source_train_normal_0822_noAttribute.wav,in_support,frequency_modulation,0.9459914565086365
valveEmu/train/section_00_source_train_normal_0823_noAttribute.wav,in_support,periodic_resonance,0.9342054128646851
valveEmu/train/section_00_source_train_normal_0824_noAttribute.wav,in_support,frequency_modulation,0.5995457172393799
valveEmu/train/section_00_source_train_normal_0825_noAttribute.wav,in_support,periodic_resonance,0.951701819896698
valveEmu/train/section_00_source_train_normal_0826_noAttribute.wav,in_support,amplitude_modulation,0.9609083533287048
valveEmu/train/section_00_source_train_normal_0827_noAttribute.wav,in_support,frequency_modulation,0.9375835061073303
valveEmu/train/section_00_source_train_normal_0828_noAttribute.wav,in_support,periodic_resonance,0.9962430000305176
valveEmu/train/section_00_source_train_normal_0829_noAttribute.wav,in_support,frequency_modulation,0.9583165049552917
valveEmu/train/section_00_source_train_normal_0830_noAttribute.wav,in_support,amplitude_modulation,0.41771796345710754
valveEmu/train/section_00_source_train_normal_0831_noAttribute.wav,in_support,frequency_modulation,0.7529769539833069
valveEmu/train/section_00_source_train_normal_0832_noAttribute.wav,in_support,amplitude_modulation,0.3353005051612854
valveEmu/train/section_00_source_train_normal_0833_noAttribute.wav,in_support,amplitude_modulation,0.9490944743156433
valveEmu/train/section_00_source_train_normal_0834_noAttribute.wav,in_support,amplitude_modulation,0.9983376860618591
valveEmu/train/section_00_source_train_normal_0835_noAttribute.wav,in_support,periodic_resonance,0.9861959218978882
valveEmu/train/section_00_source_train_normal_0836_noAttribute.wav,in_support,amplitude_modulation,0.9568672180175781
valveEmu/train/section_00_source_train_normal_0837_noAttribute.wav,in_support,frequency_modulation,0.9450355768203735
valveEmu/train/section_00_source_train_normal_0838_noAttribute.wav,in_support,periodic_resonance,0.552114725112915
valveEmu/train/section_00_source_train_normal_0839_noAttribute.wav,in_support,amplitude_modulation,0.9859701991081238
valveEmu/train/section_00_source_train_normal_0840_noAttribute.wav,in_support,frequency_modulation,0.9335036873817444
valveEmu/train/section_00_source_train_normal_0841_noAttribute.wav,in_support,amplitude_modulation,0.3060283362865448
valveEmu/train/section_00_source_train_normal_0842_noAttribute.wav,in_support,frequency_modulation,0.9762025475502014
valveEmu/train/section_00_source_train_normal_0843_noAttribute.wav,in_support,periodic_resonance,0.8669008612632751
valveEmu/train/section_00_source_train_normal_0844_noAttribute.wav,in_support,periodic_resonance,0.9825351238250732
valveEmu/train/section_00_source_train_normal_0845_noAttribute.wav,in_support,amplitude_modulation,0.815995454788208
valveEmu/train/section_00_source_train_normal_0846_noAttribute.wav,in_support,amplitude_modulation,0.8119944334030151
valveEmu/train/section_00_source_train_normal_0847_noAttribute.wav,in_support,periodic_resonance,0.9785181283950806
valveEmu/train/section_00_source_train_normal_0848_noAttribute.wav,in_support,amplitude_modulation,0.9639946222305298
valveEmu/train/section_00_source_train_normal_0849_noAttribute.wav,in_support,frequency_modulation,0.9778719544410706
valveEmu/train/section_00_source_train_normal_0850_noAttribute.wav,in_support,amplitude_modulation,0.6321362257003784
valveEmu/train/section_00_source_train_normal_0851_noAttribute.wav,in_support,frequency_modulation,0.8804949522018433
valveEmu/train/section_00_source_train_normal_0852_noAttribute.wav,in_support,periodic_resonance,0.9617851376533508
valveEmu/train/section_00_source_train_normal_0853_noAttribute.wav,in_support,frequency_modulation,0.9751625657081604
valveEmu/train/section_00_source_train_normal_0854_noAttribute.wav,in_support,frequency_modulation,0.9950283765792847
valveEmu/train/section_00_source_train_normal_0855_noAttribute.wav,in_support,amplitude_modulation,0.8764294981956482
valveEmu/train/section_00_source_train_normal_0856_noAttribute.wav,in_support,amplitude_modulation,0.9916456341743469
valveEmu/train/section_00_source_train_normal_0857_noAttribute.wav,in_support,periodic_resonance,0.9149265885353088
valveEmu/train/section_00_source_train_normal_0858_noAttribute.wav,in_support,frequency_modulation,0.923292875289917
valveEmu/train/section_00_source_train_normal_0859_noAttribute.wav,in_support,frequency_modulation,0.957743763923645
valveEmu/train/section_00_source_train_normal_0860_noAttribute.wav,in_support,periodic_resonance,0.628771960735321
valveEmu/train/section_00_source_train_normal_0861_noAttribute.wav,in_support,periodic_resonance,0.9772457480430603
valveEmu/train/section_00_source_train_normal_0862_noAttribute.wav,in_support,frequency_modulation,0.9915231466293335
valveEmu/train/section_00_source_train_normal_0863_noAttribute.wav,in_support,amplitude_modulation,0.9811156392097473
valveEmu/train/section_00_source_train_normal_0864_noAttribute.wav,in_support,amplitude_modulation,0.7898327708244324
valveEmu/train/section_00_source_train_normal_0865_noAttribute.wav,in_support,frequency_modulation,0.9868293404579163
valveEmu/train/section_00_source_train_normal_0866_noAttribute.wav,in_support,frequency_modulation,0.9429112076759338
valveEmu/train/section_00_source_train_normal_0867_noAttribute.wav,in_support,amplitude_modulation,0.3034142553806305
valveEmu/train/section_00_source_train_normal_0868_noAttribute.wav,in_support,periodic_resonance,0.9982522130012512
valveEmu/train/section_00_source_train_normal_0869_noAttribute.wav,in_support,amplitude_modulation,0.8426965475082397
valveEmu/train/section_00_source_train_normal_0870_noAttribute.wav,in_support,periodic_resonance,0.9743907451629639
valveEmu/train/section_00_source_train_normal_0871_noAttribute.wav,in_support,amplitude_modulation,0.9731909036636353
valveEmu/train/section_00_source_train_normal_0872_noAttribute.wav,in_support,periodic_resonance,0.7636393308639526
valveEmu/train/section_00_source_train_normal_0873_noAttribute.wav,in_support,periodic_resonance,0.711132287979126
valveEmu/train/section_00_source_train_normal_0874_noAttribute.wav,in_support,frequency_modulation,0.9754863381385803
valveEmu/train/section_00_source_train_normal_0875_noAttribute.wav,in_support,amplitude_modulation,0.817221999168396
valveEmu/train/section_00_source_train_normal_0876_noAttribute.wav,in_support,amplitude_modulation,0.9580029249191284
valveEmu/train/section_00_source_train_normal_0877_noAttribute.wav,in_support,frequency_modulation,0.9522057175636292
valveEmu/train/section_00_source_train_normal_0878_noAttribute.wav,in_support,frequency_modulation,0.9808491468429565
valveEmu/train/section_00_source_train_normal_0879_noAttribute.wav,in_support,amplitude_modulation,0.4857887029647827
valveEmu/train/section_00_source_train_normal_0880_noAttribute.wav,in_support,amplitude_modulation,0.9978561401367188
valveEmu/train/section_00_source_train_normal_0881_noAttribute.wav,in_support,periodic_resonance,0.9775882959365845
valveEmu/train/section_00_source_train_normal_0882_noAttribute.wav,in_support,periodic_resonance,0.9839522838592529
valveEmu/train/section_00_source_train_normal_0883_noAttribute.wav,in_support,periodic_resonance,0.963006317615509
valveEmu/train/section_00_source_train_normal_0884_noAttribute.wav,in_support,amplitude_modulation,0.4472768008708954
valveEmu/train/section_00_source_train_normal_0885_noAttribute.wav,in_support,periodic_resonance,0.7964951395988464
valveEmu/train/section_00_source_train_normal_0886_noAttribute.wav,in_support,frequency_modulation,0.7328801155090332
valveEmu/train/section_00_source_train_normal_0887_noAttribute.wav,in_support,periodic_resonance,0.8923102617263794
valveEmu/train/section_00_source_train_normal_0888_noAttribute.wav,in_support,amplitude_modulation,0.970345139503479
valveEmu/train/section_00_source_train_normal_0889_noAttribute.wav,in_support,amplitude_modulation,0.9720597267150879
valveEmu/train/section_00_source_train_normal_0890_noAttribute.wav,in_support,frequency_modulation,0.9481097459793091
valveEmu/train/section_00_source_train_normal_0891_noAttribute.wav,in_support,periodic_resonance,0.9958036541938782
valveEmu/train/section_00_source_train_normal_0892_noAttribute.wav,in_support,amplitude_modulation,0.25579527020454407
valveEmu/train/section_00_source_train_normal_0893_noAttribute.wav,in_support,frequency_modulation,0.8936449885368347
valveEmu/train/section_00_source_train_normal_0894_noAttribute.wav,in_support,frequency_modulation,0.4428161084651947
valveEmu/train/section_00_source_train_normal_0895_noAttribute.wav,in_support,periodic_resonance,0.9818070530891418
valveEmu/train/section_00_source_train_normal_0896_noAttribute.wav,in_support,periodic_resonance,0.8406022191047668
valveEmu/train/section_00_source_train_normal_0897_noAttribute.wav,in_support,periodic_resonance,0.990242600440979
valveEmu/train/section_00_source_train_normal_0898_noAttribute.wav,in_support,periodic_resonance,0.9337519407272339
valveEmu/train/section_00_source_train_normal_0899_noAttribute.wav,in_support,amplitude_modulation,0.8223830461502075
valveEmu/train/section_00_source_train_normal_0900_noAttribute.wav,in_support,frequency_modulation,0.99751877784729
valveEmu/train/section_00_source_train_normal_0901_noAttribute.wav,in_support,amplitude_modulation,0.9873037338256836
valveEmu/train/section_00_source_train_normal_0902_noAttribute.wav,in_support,periodic_resonance,0.9990174174308777
valveEmu/train/section_00_source_train_normal_0903_noAttribute.wav,in_support,periodic_resonance,0.9925415515899658
valveEmu/train/section_00_source_train_normal_0904_noAttribute.wav,in_support,frequency_modulation,0.8602408170700073
valveEmu/train/section_00_source_train_normal_0905_noAttribute.wav,in_support,amplitude_modulation,0.99473637342453
valveEmu/train/section_00_source_train_normal_0906_noAttribute.wav,in_support,periodic_resonance,0.9806028604507446
valveEmu/train/section_00_source_train_normal_0907_noAttribute.wav,in_support,amplitude_modulation,0.9997957944869995
valveEmu/train/section_00_source_train_normal_0908_noAttribute.wav,in_support,frequency_modulation,0.8427736163139343
valveEmu/train/section_00_source_train_normal_0909_noAttribute.wav,in_support,periodic_resonance,0.9969722628593445
valveEmu/train/section_00_source_train_normal_0910_noAttribute.wav,in_support,amplitude_modulation,0.9480898976325989
valveEmu/train/section_00_source_train_normal_0911_noAttribute.wav,in_support,periodic_resonance,0.9222866892814636
valveEmu/train/section_00_source_train_normal_0912_noAttribute.wav,in_support,frequency_modulation,0.9824579358100891
valveEmu/train/section_00_source_train_normal_0913_noAttribute.wav,in_support,frequency_modulation,0.9991165995597839
valveEmu/train/section_00_source_train_normal_0914_noAttribute.wav,in_support,frequency_modulation,0.9893731474876404
valveEmu/train/section_00_source_train_normal_0915_noAttribute.wav,in_support,frequency_modulation,0.9883632063865662
valveEmu/train/section_00_source_train_normal_0916_noAttribute.wav,in_support,periodic_resonance,0.9804987907409668
valveEmu/train/section_00_source_train_normal_0917_noAttribute.wav,in_support,periodic_resonance,0.9904968738555908
valveEmu/train/section_00_source_train_normal_0918_noAttribute.wav,in_support,frequency_modulation,0.9901198148727417
valveEmu/train/section_00_source_train_normal_0919_noAttribute.wav,in_support,frequency_modulation,0.9019714593887329
valveEmu/train/section_00_source_train_normal_0920_noAttribute.wav,in_support,frequency_modulation,0.779133141040802
valveEmu/train/section_00_source_train_normal_0921_noAttribute.wav,in_support,amplitude_modulation,0.9313963055610657
valveEmu/train/section_00_source_train_normal_0922_noAttribute.wav,in_support,periodic_resonance,0.9417060613632202
valveEmu/train/section_00_source_train_normal_0923_noAttribute.wav,in_support,periodic_resonance,0.9553117752075195
valveEmu/train/section_00_source_train_normal_0924_noAttribute.wav,in_support,amplitude_modulation,0.38095903396606445
valveEmu/train/section_00_source_train_normal_0925_noAttribute.wav,in_support,amplitude_modulation,0.9661357402801514
valveEmu/train/section_00_source_train_normal_0926_noAttribute.wav,in_support,amplitude_modulation,0.19117335975170135
valveEmu/train/section_00_source_train_normal_0927_noAttribute.wav,in_support,frequency_modulation,0.8447258472442627
valveEmu/train/section_00_source_train_normal_0928_noAttribute.wav,in_support,frequency_modulation,0.92819744348526
valveEmu/train/section_00_source_train_normal_0929_noAttribute.wav,in_support,amplitude_modulation,0.27060484886169434
valveEmu/train/section_00_source_train_normal_0930_noAttribute.wav,in_support,amplitude_modulation,0.9974216222763062
valveEmu/train/section_00_source_train_normal_0931_noAttribute.wav,in_support,amplitude_modulation,0.9879641532897949
valveEmu/train/section_00_source_train_normal_0932_noAttribute.wav,in_support,frequency_modulation,0.9123936891555786
valveEmu/train/section_00_source_train_normal_0933_noAttribute.wav,in_support,periodic_resonance,0.9819114208221436
valveEmu/train/section_00_source_train_normal_0934_noAttribute.wav,in_support,frequency_modulation,0.9434511065483093
valveEmu/train/section_00_source_train_normal_0935_noAttribute.wav,in_support,periodic_resonance,0.9996164441108704
valveEmu/train/section_00_source_train_normal_0936_noAttribute.wav,in_support,amplitude_modulation,0.9580833911895752
valveEmu/train/section_00_source_train_normal_0937_noAttribute.wav,in_support,frequency_modulation,0.9707581996917725
valveEmu/train/section_00_source_train_normal_0938_noAttribute.wav,in_support,periodic_resonance,0.8286380767822266
valveEmu/train/section_00_source_train_normal_0939_noAttribute.wav,in_support,frequency_modulation,0.9826177954673767
valveEmu/train/section_00_source_train_normal_0940_noAttribute.wav,in_support,amplitude_modulation,0.5880633592605591
valveEmu/train/section_00_source_train_normal_0941_noAttribute.wav,in_support,periodic_resonance,0.971340000629425
valveEmu/train/section_00_source_train_normal_0942_noAttribute.wav,in_support,frequency_modulation,0.9727327823638916
valveEmu/train/section_00_source_train_normal_0943_noAttribute.wav,in_support,frequency_modulation,0.9101169109344482
valveEmu/train/section_00_source_train_normal_0944_noAttribute.wav,in_support,frequency_modulation,0.9382771253585815
valveEmu/train/section_00_source_train_normal_0945_noAttribute.wav,in_support,frequency_modulation,0.9838696122169495
valveEmu/train/section_00_source_train_normal_0946_noAttribute.wav,in_support,periodic_resonance,0.9795800447463989
valveEmu/train/section_00_source_train_normal_0947_noAttribute.wav,in_support,amplitude_modulation,0.6743665337562561
valveEmu/train/section_00_source_train_normal_0948_noAttribute.wav,in_support,frequency_modulation,0.9868029356002808
valveEmu/train/section_00_source_train_normal_0949_noAttribute.wav,in_support,periodic_resonance,0.8108038306236267
valveEmu/train/section_00_source_train_normal_0950_noAttribute.wav,in_support,amplitude_modulation,0.9640021324157715
valveEmu/train/section_00_source_train_normal_0951_noAttribute.wav,in_support,periodic_resonance,0.9662266969680786
valveEmu/train/section_00_source_train_normal_0952_noAttribute.wav,in_support,frequency_modulation,0.6630396842956543
valveEmu/train/section_00_source_train_normal_0953_noAttribute.wav,in_support,amplitude_modulation,0.949513852596283
valveEmu/train/section_00_source_train_normal_0954_noAttribute.wav,in_support,amplitude_modulation,0.8166440725326538
valveEmu/train/section_00_source_train_normal_0955_noAttribute.wav,in_support,frequency_modulation,0.9326754808425903
valveEmu/train/section_00_source_train_normal_0956_noAttribute.wav,in_support,frequency_modulation,0.9564241766929626
valveEmu/train/section_00_source_train_normal_0957_noAttribute.wav,in_support,frequency_modulation,0.9872085452079773
valveEmu/train/section_00_source_train_normal_0958_noAttribute.wav,in_support,amplitude_modulation,0.9734230041503906
valveEmu/train/section_00_source_train_normal_0959_noAttribute.wav,in_support,amplitude_modulation,0.8678309321403503
valveEmu/train/section_00_source_train_normal_0960_noAttribute.wav,in_support,amplitude_modulation,0.37596395611763
valveEmu/train/section_00_source_train_normal_0961_noAttribute.wav,in_support,periodic_resonance,0.9879340529441833
valveEmu/train/section_00_source_train_normal_0962_noAttribute.wav,in_support,periodic_resonance,0.979241669178009
valveEmu/train/section_00_source_train_normal_0963_noAttribute.wav,in_support,amplitude_modulation,0.6823537945747375
valveEmu/train/section_00_source_train_normal_0964_noAttribute.wav,in_support,periodic_resonance,0.9807199239730835
valveEmu/train/section_00_source_train_normal_0965_noAttribute.wav,in_support,periodic_resonance,0.9488350749015808
valveEmu/train/section_00_source_train_normal_0966_noAttribute.wav,in_support,frequency_modulation,0.923448920249939
valveEmu/train/section_00_source_train_normal_0967_noAttribute.wav,in_support,frequency_modulation,0.9988653659820557
valveEmu/train/section_00_source_train_normal_0968_noAttribute.wav,in_support,frequency_modulation,0.9407032132148743
valveEmu/train/section_00_source_train_normal_0969_noAttribute.wav,in_support,frequency_modulation,0.9175034761428833
valveEmu/train/section_00_source_train_normal_0970_noAttribute.wav,in_support,frequency_modulation,0.8275140523910522
valveEmu/train/section_00_source_train_normal_0971_noAttribute.wav,in_support,periodic_resonance,0.9976403713226318
valveEmu/train/section_00_source_train_normal_0972_noAttribute.wav,in_support,periodic_resonance,0.9918216466903687
valveEmu/train/section_00_source_train_normal_0973_noAttribute.wav,in_support,frequency_modulation,0.9707050919532776
valveEmu/train/section_00_source_train_normal_0974_noAttribute.wav,in_support,periodic_resonance,0.9839986562728882
valveEmu/train/section_00_source_train_normal_0975_noAttribute.wav,in_support,periodic_resonance,0.9629161357879639
valveEmu/train/section_00_source_train_normal_0976_noAttribute.wav,in_support,amplitude_modulation,0.9001010656356812
valveEmu/train/section_00_source_train_normal_0977_noAttribute.wav,in_support,periodic_resonance,0.9819048643112183
valveEmu/train/section_00_source_train_normal_0978_noAttribute.wav,in_support,periodic_resonance,0.983099102973938
valveEmu/train/section_00_source_train_normal_0979_noAttribute.wav,in_support,periodic_resonance,0.9681615829467773
valveEmu/train/section_00_source_train_normal_0980_noAttribute.wav,in_support,periodic_resonance,0.9547563195228577
valveEmu/train/section_00_source_train_normal_0981_noAttribute.wav,in_support,frequency_modulation,0.9831646084785461
valveEmu/train/section_00_source_train_normal_0982_noAttribute.wav,in_support,frequency_modulation,0.8962098360061646
valveEmu/train/section_00_source_train_normal_0983_noAttribute.wav,in_support,frequency_modulation,0.9770250916481018
valveEmu/train/section_00_source_train_normal_0984_noAttribute.wav,in_support,periodic_resonance,0.9938501119613647
valveEmu/train/section_00_source_train_normal_0985_noAttribute.wav,in_support,amplitude_modulation,0.9320141673088074
valveEmu/train/section_00_source_train_normal_0986_noAttribute.wav,in_support,periodic_resonance,0.9731748700141907
valveEmu/train/section_00_source_train_normal_0987_noAttribute.wav,in_support,frequency_modulation,0.9712793827056885
valveEmu/train/section_00_source_train_normal_0988_noAttribute.wav,in_support,amplitude_modulation,0.9171622395515442
valveEmu/train/section_00_source_train_normal_0989_noAttribute.wav,in_support,amplitude_modulation,0.7280425429344177
valveEmu/train/section_00_target_train_normal_0000_noAttribute.wav,in_support,amplitude_modulation,0.9892972707748413
valveEmu/train/section_00_target_train_normal_0001_noAttribute.wav,in_support,frequency_modulation,0.8801620006561279
valveEmu/train/section_00_target_train_normal_0002_noAttribute.wav,in_support,frequency_modulation,0.9548625349998474
valveEmu/train/section_00_target_train_normal_0003_noAttribute.wav,in_support,frequency_modulation,0.9823050498962402
valveEmu/train/section_00_target_train_normal_0004_noAttribute.wav,in_support,frequency_modulation,0.999022364616394
valveEmu/train/section_00_target_train_normal_0005_noAttribute.wav,in_support,periodic_resonance,0.9546736478805542
valveEmu/train/section_00_target_train_normal_0006_noAttribute.wav,in_support,amplitude_modulation,0.7342709302902222
valveEmu/train/section_00_target_train_normal_0007_noAttribute.wav,in_support,periodic_resonance,0.9252591133117676
valveEmu/train/section_00_target_train_normal_0008_noAttribute.wav,in_support,periodic_resonance,0.9871063828468323
valveEmu/train/section_00_target_train_normal_0009_noAttribute.wav,in_support,frequency_modulation,0.998942494392395
ToyCar/train/section_00_source_train_normal_0024_noAttribute.wav,heldout,friction_burst,0.9890611171722412
ToyCar/train/section_00_source_train_normal_0029_noAttribute.wav,heldout,friction_burst,0.9847130179405212
ToyCar/train/section_00_source_train_normal_0039_noAttribute.wav,heldout,friction_burst,0.9820390939712524
ToyCar/train/section_00_source_train_normal_0051_noAttribute.wav,heldout,friction_burst,0.993144690990448
ToyCar/train/section_00_source_train_normal_0053_noAttribute.wav,heldout,friction_burst,0.9899344444274902
ToyCar/train/section_00_source_train_normal_0060_noAttribute.wav,heldout,friction_burst,0.999959409236908
ToyCar/train/section_00_source_train_normal_0075_noAttribute.wav,heldout,friction_burst,0.9948587417602539
ToyCar/train/section_00_source_train_normal_0088_noAttribute.wav,heldout,friction_burst,0.9567915797233582
ToyCar/train/section_00_source_train_normal_0090_noAttribute.wav,heldout,friction_burst,0.9542053937911987
ToyCar/train/section_00_source_train_normal_0099_noAttribute.wav,heldout,friction_burst,0.997729480266571
ToyCar/train/section_00_source_train_normal_0105_noAttribute.wav,heldout,friction_burst,0.9954095482826233
ToyCar/train/section_00_source_train_normal_0115_noAttribute.wav,heldout,friction_burst,0.9961445331573486
ToyCar/train/section_00_source_train_normal_0116_noAttribute.wav,heldout,friction_burst,0.9685691595077515
ToyCar/train/section_00_source_train_normal_0119_noAttribute.wav,heldout,friction_burst,0.938544511795044
ToyCar/train/section_00_source_train_normal_0146_noAttribute.wav,heldout,friction_burst,0.9723264575004578
ToyCar/train/section_00_source_train_normal_0153_noAttribute.wav,heldout,friction_burst,0.9977184534072876
ToyCar/train/section_00_source_train_normal_0174_noAttribute.wav,heldout,friction_burst,0.964655876159668
ToyCar/train/section_00_source_train_normal_0179_noAttribute.wav,heldout,friction_burst,0.9944548010826111
ToyCar/train/section_00_source_train_normal_0186_noAttribute.wav,heldout,friction_burst,0.9854943156242371
ToyCar/train/section_00_source_train_normal_0202_noAttribute.wav,heldout,friction_burst,0.9819217324256897
ToyCar/train/section_00_source_train_normal_0209_noAttribute.wav,heldout,friction_burst,0.9383044242858887
ToyCar/train/section_00_source_train_normal_0250_noAttribute.wav,heldout,friction_burst,0.982882022857666
ToyCar/train/section_00_source_train_normal_0261_noAttribute.wav,heldout,friction_burst,0.9874346852302551
ToyCar/train/section_00_source_train_normal_0278_noAttribute.wav,heldout,friction_burst,0.9987779259681702
ToyCar/train/section_00_source_train_normal_0281_noAttribute.wav,heldout,friction_burst,0.9657862186431885
ToyCar/train/section_00_source_train_normal_0283_noAttribute.wav,heldout,friction_burst,0.9990465044975281
ToyCar/train/section_00_source_train_normal_0310_noAttribute.wav,heldout,friction_burst,0.9992727637290955
ToyCar/train/section_00_source_train_normal_0317_noAttribute.wav,heldout,friction_burst,0.9424201846122742
ToyCar/train/section_00_source_train_normal_0334_noAttribute.wav,heldout,friction_burst,0.9866439700126648
ToyCar/train/section_00_source_train_normal_0337_noAttribute.wav,heldout,friction_burst,0.9817355275154114
ToyCar/train/section_00_source_train_normal_0338_noAttribute.wav,heldout,friction_burst,0.964155375957489
ToyCar/train/section_00_source_train_normal_0345_noAttribute.wav,heldout,friction_burst,0.9842131733894348
ToyCar/train/section_00_source_train_normal_0350_noAttribute.wav,heldout,friction_burst,0.9814379215240479
ToyCar/train/section_00_source_train_normal_0365_noAttribute.wav,heldout,friction_burst,0.9404897689819336
ToyCar/train/section_00_source_train_normal_0374_noAttribute.wav,heldout,friction_burst,0.9573958516120911
ToyCar/train/section_00_source_train_normal_0381_noAttribute.wav,heldout,friction_burst,0.9518974423408508
ToyCar/train/section_00_source_train_normal_0411_noAttribute.wav,heldout,friction_burst,0.9893995523452759
ToyCar/train/section_00_source_train_normal_0417_noAttribute.wav,heldout,friction_burst,0.9806899428367615
ToyCar/train/section_00_source_train_normal_0436_noAttribute.wav,heldout,friction_burst,0.989753246307373
ToyCar/train/section_00_source_train_normal_0449_noAttribute.wav,heldout,friction_burst,0.9667906165122986
ToyCar/train/section_00_source_train_normal_0451_noAttribute.wav,heldout,friction_burst,0.9932903051376343
ToyCar/train/section_00_source_train_normal_0455_noAttribute.wav,heldout,friction_burst,0.9920150637626648
ToyCar/train/section_00_source_train_normal_0465_noAttribute.wav,heldout,friction_burst,0.9716100692749023
ToyCar/train/section_00_source_train_normal_0467_noAttribute.wav,heldout,friction_burst,0.9925177097320557
ToyCar/train/section_00_source_train_normal_0469_noAttribute.wav,heldout,friction_burst,0.9207737445831299
ToyCar/train/section_00_source_train_normal_0487_noAttribute.wav,heldout,friction_burst,0.9963814616203308
ToyCar/train/section_00_source_train_normal_0492_noAttribute.wav,heldout,friction_burst,0.9857006669044495
ToyCar/train/section_00_source_train_normal_0498_noAttribute.wav,heldout,friction_burst,0.9822047352790833
ToyCar/train/section_00_source_train_normal_0506_noAttribute.wav,heldout,friction_burst,0.9814308285713196
ToyCar/train/section_00_source_train_normal_0513_noAttribute.wav,heldout,friction_burst,0.9869018793106079
ToyCar/train/section_00_source_train_normal_0516_noAttribute.wav,heldout,friction_burst,0.9919580221176147
ToyCar/train/section_00_source_train_normal_0538_noAttribute.wav,heldout,friction_burst,0.9625782370567322
ToyCar/train/section_00_source_train_normal_0539_noAttribute.wav,heldout,friction_burst,0.9888817071914673
ToyCar/train/section_00_source_train_normal_0545_noAttribute.wav,heldout,friction_burst,0.9995611906051636
ToyCar/train/section_00_source_train_normal_0548_noAttribute.wav,heldout,friction_burst,0.9756036996841431
ToyCar/train/section_00_source_train_normal_0561_noAttribute.wav,heldout,friction_burst,0.9203864336013794
ToyCar/train/section_00_source_train_normal_0587_noAttribute.wav,heldout,friction_burst,0.9373844861984253
ToyCar/train/section_00_source_train_normal_0589_noAttribute.wav,heldout,friction_burst,0.9659122824668884
ToyCar/train/section_00_source_train_normal_0596_noAttribute.wav,heldout,friction_burst,0.9470071792602539
ToyCar/train/section_00_source_train_normal_0600_noAttribute.wav,heldout,friction_burst,0.9551123380661011
ToyCar/train/section_00_source_train_normal_0606_noAttribute.wav,heldout,friction_burst,0.9947240948677063
ToyCar/train/section_00_source_train_normal_0612_noAttribute.wav,heldout,friction_burst,0.9926809668540955
ToyCar/train/section_00_source_train_normal_0613_noAttribute.wav,heldout,friction_burst,0.9043167233467102
ToyCar/train/section_00_source_train_normal_0634_noAttribute.wav,heldout,friction_burst,0.9830803871154785
ToyCar/train/section_00_source_train_normal_0645_noAttribute.wav,heldout,friction_burst,0.93390291929245
ToyCar/train/section_00_source_train_normal_0656_noAttribute.wav,heldout,friction_burst,0.9879419803619385
ToyCar/train/section_00_source_train_normal_0660_noAttribute.wav,heldout,friction_burst,0.9733819365501404
ToyCar/train/section_00_source_train_normal_0671_noAttribute.wav,heldout,friction_burst,0.9946297407150269
ToyCar/train/section_00_source_train_normal_0673_noAttribute.wav,heldout,friction_burst,0.9943020343780518
ToyCar/train/section_00_source_train_normal_0695_noAttribute.wav,heldout,friction_burst,0.9918555617332458
ToyCar/train/section_00_source_train_normal_0700_noAttribute.wav,heldout,friction_burst,0.9675767421722412
ToyCar/train/section_00_source_train_normal_0713_noAttribute.wav,heldout,friction_burst,0.9593813419342041
ToyCar/train/section_00_source_train_normal_0714_noAttribute.wav,heldout,friction_burst,0.9868795871734619
ToyCar/train/section_00_source_train_normal_0724_noAttribute.wav,heldout,friction_burst,0.9751149415969849
ToyCar/train/section_00_source_train_normal_0729_noAttribute.wav,heldout,friction_burst,0.9943064451217651
ToyCar/train/section_00_source_train_normal_0749_noAttribute.wav,heldout,friction_burst,0.9980089068412781
ToyCar/train/section_00_source_train_normal_0753_noAttribute.wav,heldout,friction_burst,0.9920369982719421
ToyCar/train/section_00_source_train_normal_0754_noAttribute.wav,heldout,friction_burst,0.937032163143158
ToyCar/train/section_00_source_train_normal_0755_noAttribute.wav,heldout,friction_burst,0.9830996990203857
ToyCar/train/section_00_source_train_normal_0759_noAttribute.wav,heldout,friction_burst,0.9862911105155945
ToyCar/train/section_00_source_train_normal_0763_noAttribute.wav,heldout,friction_burst,0.965722382068634
ToyCar/train/section_00_source_train_normal_0775_noAttribute.wav,heldout,friction_burst,0.9948328733444214
ToyCar/train/section_00_source_train_normal_0782_noAttribute.wav,heldout,friction_burst,0.9964551329612732
ToyCar/train/section_00_source_train_normal_0783_noAttribute.wav,heldout,friction_burst,0.941185474395752
ToyCar/train/section_00_source_train_normal_0785_noAttribute.wav,heldout,friction_burst,0.9928743243217468
ToyCar/train/section_00_source_train_normal_0796_noAttribute.wav,heldout,friction_burst,0.9899535775184631
ToyCar/train/section_00_source_train_normal_0804_noAttribute.wav,heldout,friction_burst,0.9725731611251831
ToyCar/train/section_00_source_train_normal_0819_noAttribute.wav,heldout,friction_burst,0.9530539512634277
ToyCar/train/section_00_source_train_normal_0820_noAttribute.wav,heldout,friction_burst,0.96840500831604
ToyCar/train/section_00_source_train_normal_0850_noAttribute.wav,heldout,friction_burst,0.9916244745254517
ToyCar/train/section_00_source_train_normal_0851_noAttribute.wav,heldout,friction_burst,0.9624489545822144
ToyCar/train/section_00_source_train_normal_0858_noAttribute.wav,heldout,friction_burst,0.968852698802948
ToyCar/train/section_00_source_train_normal_0861_noAttribute.wav,heldout,friction_burst,0.9798089265823364
ToyCar/train/section_00_source_train_normal_0867_noAttribute.wav,heldout,friction_burst,0.9601140022277832
ToyCar/train/section_00_source_train_normal_0872_noAttribute.wav,heldout,friction_burst,0.9904130101203918
ToyCar/train/section_00_source_train_normal_0876_noAttribute.wav,heldout,friction_burst,0.9425677061080933
ToyCar/train/section_00_source_train_normal_0878_noAttribute.wav,heldout,friction_burst,0.9516996145248413
ToyCar/train/section_00_source_train_normal_0893_noAttribute.wav,heldout,friction_burst,0.9448935389518738
ToyCar/train/section_00_source_train_normal_0898_noAttribute.wav,heldout,friction_burst,0.9976295828819275
ToyCar/train/section_00_source_train_normal_0903_noAttribute.wav,heldout,friction_burst,0.9840326905250549
ToyCar/train/section_00_source_train_normal_0921_noAttribute.wav,heldout,friction_burst,0.9982106685638428
ToyCar/train/section_00_source_train_normal_0934_noAttribute.wav,heldout,friction_burst,0.9492640495300293
ToyCar/train/section_00_source_train_normal_0942_noAttribute.wav,heldout,friction_burst,0.9778155088424683
ToyCar/train/section_00_source_train_normal_0949_noAttribute.wav,heldout,friction_burst,0.9081872701644897
ToyCar/train/section_00_source_train_normal_0969_noAttribute.wav,heldout,friction_burst,0.9827443957328796
ToyCar/train/section_00_source_train_normal_0977_noAttribute.wav,heldout,friction_burst,0.9235751032829285
ToyCarEmu/train/section_00_source_train_normal_0011_car_B1_spd_2_mic_2_mic_1.wav,heldout,friction_burst,0.963018000125885
ToyCarEmu/train/section_00_source_train_normal_0015_car_B1_spd_2_mic_2_mic_1.wav,heldout,friction_burst,0.9271720051765442
ToyCarEmu/train/section_00_source_train_normal_0016_car_B1_spd_2_mic_2_mic_1.wav,heldout,friction_burst,0.9807466864585876
ToyCarEmu/train/section_00_source_train_normal_0023_car_B2_spd_2_mic_2_mic_1.wav,heldout,friction_burst,0.9661282896995544
ToyCarEmu/train/section_00_source_train_normal_0025_car_B2_spd_2_mic_2_mic_1.wav,heldout,friction_burst,0.9613052606582642
ToyCarEmu/train/section_00_source_train_normal_0036_car_B2_spd_2_mic_2_mic_1.wav,heldout,friction_burst,0.9754058122634888
ToyCarEmu/train/section_00_source_train_normal_0041_car_B2_spd_2_mic_2_mic_1.wav,heldout,friction_burst,0.9437278509140015
ToyCarEmu/train/section_00_source_train_normal_0042_car_B1_spd_2_mic_2_mic_1.wav,heldout,friction_burst,0.9555063247680664
ToyCarEmu/train/section_00_source_train_normal_0055_car_B1_spd_2_mic_2_mic_1.wav,heldout,friction_burst,0.9849873185157776
ToyCarEmu/train/section_00_source_train_normal_0063_car_B1_spd_2_mic_2_mic_1.wav,heldout,friction_burst,0.98171067237854
ToyCarEmu/train/section_00_source_train_normal_0065_car_B1_spd_2_mic_2_mic_1.wav,heldout,friction_burst,0.9601256251335144
ToyCarEmu/train/section_00_source_train_normal_0071_car_B1_spd_2_mic_2_mic_1.wav,heldout,friction_burst,0.9808417558670044
ToyCarEmu/train/section_00_source_train_normal_0083_car_B1_spd_2_mic_2_mic_1.wav,heldout,friction_burst,0.9745609164237976
ToyCarEmu/train/section_00_source_train_normal_0091_car_B1_spd_2_mic_2_mic_1.wav,heldout,friction_burst,0.982160210609436
ToyCarEmu/train/section_00_source_train_normal_0114_car_B2_spd_2_mic_2_mic_1.wav,heldout,friction_burst,0.9681490659713745
ToyCarEmu/train/section_00_source_train_normal_0131_car_B2_spd_3_mic_2_mic_1.wav,heldout,friction_burst,0.9527945518493652
ToyCarEmu/train/section_00_source_train_normal_0139_car_B2_spd_3_mic_2_mic_1.wav,heldout,friction_burst,0.9649996161460876
ToyCarEmu/train/section_00_source_train_normal_0142_car_B2_spd_3_mic_2_mic_1.wav,heldout,friction_burst,0.9676864743232727
ToyCarEmu/train/section_00_source_train_normal_0166_car_B1_spd_3_mic_2_mic_1.wav,heldout,friction_burst,0.904304027557373
ToyCarEmu/train/section_00_source_train_normal_0170_car_B1_spd_3_mic_2_mic_1.wav,heldout,friction_burst,0.9106268286705017
ToyCarEmu/train/section_00_source_train_normal_0174_car_B1_spd_3_mic_2_mic_1.wav,heldout,friction_burst,0.987964391708374
ToyCarEmu/train/section_00_source_train_normal_0187_car_B1_spd_3_mic_2_mic_1.wav,heldout,friction_burst,0.9337469339370728
ToyCarEmu/train/section_00_source_train_normal_0204_car_B2_spd_3_mic_2_mic_1.wav,heldout,friction_burst,0.9745458960533142
ToyCarEmu/train/section_00_source_train_normal_0210_car_B2_spd_3_mic_2_mic_1.wav,heldout,friction_burst,0.9990151524543762
ToyCarEmu/train/section_00_source_train_normal_0216_car_B1_spd_5_mic_2_mic_1.wav,heldout,friction_burst,0.9661139845848083
ToyCarEmu/train/section_00_source_train_normal_0218_car_B1_spd_5_mic_2_mic_1.wav,heldout,friction_burst,0.963792622089386
ToyCarEmu/train/section_00_source_train_normal_0225_car_B1_spd_5_mic_2_mic_1.wav,heldout,friction_burst,0.9680214524269104
ToyCarEmu/train/section_00_source_train_normal_0230_car_B1_spd_5_mic_2_mic_1.wav,heldout,friction_burst,0.9589853286743164
ToyCarEmu/train/section_00_source_train_normal_0236_car_B2_spd_5_mic_2_mic_1.wav,heldout,friction_burst,0.9675247073173523
ToyCarEmu/train/section_00_source_train_normal_0245_car_B2_spd_5_mic_2_mic_1.wav,heldout,friction_burst,0.965726375579834
ToyCarEmu/train/section_00_source_train_normal_0264_car_B1_spd_5_mic_2_mic_1.wav,heldout,friction_burst,0.9849344491958618
ToyCarEmu/train/section_00_source_train_normal_0265_car_B1_spd_5_mic_2_mic_1.wav,heldout,friction_burst,0.9817631244659424
ToyCarEmu/train/section_00_source_train_normal_0274_car_B1_spd_5_mic_2_mic_1.wav,heldout,friction_burst,0.9866160154342651
ToyCarEmu/train/section_00_source_train_normal_0282_car_B1_spd_5_mic_2_mic_1.wav,heldout,friction_burst,0.9879408478736877
ToyCarEmu/train/section_00_source_train_normal_0291_car_B1_spd_5_mic_2_mic_1.wav,heldout,friction_burst,0.9755657315254211
ToyCarEmu/train/section_00_source_train_normal_0303_car_B1_spd_5_mic_2_mic_1.wav,heldout,friction_burst,0.9596954584121704
ToyCarEmu/train/section_00_source_train_normal_0308_car_B2_spd_5_mic_2_mic_1.wav,heldout,friction_burst,0.9320498704910278
ToyCarEmu/train/section_00_source_train_normal_0316_car_B2_spd_5_mic_2_mic_1.wav,heldout,friction_burst,0.9447240829467773
ToyCarEmu/train/section_00_source_train_normal_0317_car_B2_spd_5_mic_2_mic_1.wav,heldout,friction_burst,0.9282921552658081
ToyCarEmu/train/section_00_source_train_normal_0321_car_B2_spd_5_mic_2_mic_1.wav,heldout,friction_burst,0.9827393293380737
ToyCarEmu/train/section_00_source_train_normal_0329_car_B2_spd_5_mic_2_mic_1.wav,heldout,friction_burst,0.9863241910934448
ToyCarEmu/train/section_00_source_train_normal_0338_car_C1_spd_2_mic_2_mic_1.wav,heldout,friction_burst,0.9675948619842529
ToyCarEmu/train/section_00_source_train_normal_0339_car_C1_spd_2_mic_2_mic_1.wav,heldout,friction_burst,0.9528191089630127
ToyCarEmu/train/section_00_source_train_normal_0348_car_C1_spd_2_mic_2_mic_1.wav,heldout,friction_burst,0.9890324473381042
ToyCarEmu/train/section_00_source_train_normal_0351_car_C1_spd_2_mic_2_mic_1.wav,heldout,friction_burst,0.9639173746109009
ToyCarEmu/train/section_00_source_train_normal_0356_car_C2_spd_2_mic_2_mic_1.wav,heldout,friction_burst,0.9809052348136902
ToyCarEmu/train/section_00_source_train_normal_0360_car_C2_spd_2_mic_2_mic_1.wav,heldout,friction_burst,0.8857641816139221
ToyCarEmu/train/section_00_source_train_normal_0396_car_C1_spd_2_mic_2_mic_1.wav,heldout,friction_burst,0.9306623935699463
ToyCarEmu/train/section_00_source_train_normal_0404_car_C1_spd_2_mic_2_mic_1.wav,heldout,friction_burst,0.9846283793449402
ToyCarEmu/train/section_00_source_train_normal_0410_car_C1_spd_2_mic_2_mic_1.wav,heldout,friction_burst,0.9299302101135254
ToyCarEmu/train/section_00_source_train_normal_0411_car_C1_spd_2_mic_2_mic_1.wav,heldout,friction_burst,0.9849398732185364
ToyCarEmu/train/section_00_source_train_normal_0423_car_C2_spd_2_mic_2_mic_1.wav,heldout,friction_burst,0.9782207012176514
ToyCarEmu/train/section_00_source_train_normal_0433_car_C2_spd_2_mic_2_mic_1.wav,heldout,friction_burst,0.982883632183075
ToyCarEmu/train/section_00_source_train_normal_0435_car_C2_spd_2_mic_2_mic_1.wav,heldout,friction_burst,0.9715315699577332
ToyCarEmu/train/section_00_source_train_normal_0443_car_C2_spd_2_mic_2_mic_1.wav,heldout,friction_burst,0.9525348544120789
ToyCarEmu/train/section_00_source_train_normal_0454_car_C1_spd_3_mic_2_mic_1.wav,heldout,friction_burst,0.9749060273170471
ToyCarEmu/train/section_00_source_train_normal_0468_car_C1_spd_3_mic_2_mic_1.wav,heldout,friction_burst,0.9853238463401794
ToyCarEmu/train/section_00_source_train_normal_0473_car_C1_spd_3_mic_2_mic_1.wav,heldout,friction_burst,0.9512513279914856
ToyCarEmu/train/section_00_source_train_normal_0511_car_C2_spd_3_mic_2_mic_1.wav,heldout,friction_burst,0.9496710896492004
ToyCarEmu/train/section_00_source_train_normal_0524_car_C1_spd_3_mic_2_mic_1.wav,heldout,friction_burst,0.966087281703949
ToyCarEmu/train/section_00_source_train_normal_0536_car_C1_spd_3_mic_2_mic_1.wav,heldout,friction_burst,0.9730115532875061
ToyCarEmu/train/section_00_source_train_normal_0547_car_C1_spd_5_mic_2_mic_1.wav,heldout,friction_burst,0.9737608432769775
ToyCarEmu/train/section_00_source_train_normal_0550_car_C1_spd_5_mic_2_mic_1.wav,heldout,friction_burst,0.9394705295562744
ToyCarEmu/train/section_00_source_train_normal_0605_car_C1_spd_5_mic_2_mic_1.wav,heldout,friction_burst,0.9673120975494385
ToyCarEmu/train/section_00_source_train_normal_0652_car_C2_spd_5_mic_2_mic_1.wav,heldout,friction_burst,0.9817436337471008
ToyCarEmu/train/section_00_source_train_normal_0666_car_D1_spd_2_mic_2_mic_1.wav,heldout,friction_burst,0.9550439119338989
ToyCarEmu/train/section_00_source_train_normal_0689_car_D2_spd_2_mic_2_mic_1.wav,heldout,friction_burst,0.9969831705093384
ToyCarEmu/train/section_00_source_train_normal_0700_car_D2_spd_2_mic_2_mic_1.wav,heldout,friction_burst,0.9868077635765076
ToyCarEmu/train/section_00_source_train_normal_0708_car_D1_spd_2_mic_2_mic_1.wav,heldout,friction_burst,0.9396823048591614
ToyCarEmu/train/section_00_source_train_normal_0712_car_D1_spd_2_mic_2_mic_1.wav,heldout,friction_burst,0.9864673614501953
ToyCarEmu/train/section_00_source_train_normal_0714_car_D1_spd_2_mic_2_mic_1.wav,heldout,friction_burst,0.9772045016288757
ToyCarEmu/train/section_00_source_train_normal_0721_car_D1_spd_2_mic_2_mic_1.wav,heldout,friction_burst,0.9833418130874634
ToyCarEmu/train/section_00_source_train_normal_0724_car_D1_spd_2_mic_2_mic_1.wav,heldout,friction_burst,0.9521426558494568
ToyCarEmu/train/section_00_source_train_normal_0757_car_D2_spd_2_mic_2_mic_1.wav,heldout,friction_burst,0.9983471035957336
ToyCarEmu/train/section_00_source_train_normal_0771_car_D2_spd_2_mic_2_mic_1.wav,heldout,friction_burst,0.9706090688705444
ToyCarEmu/train/section_00_source_train_normal_0791_car_D1_spd_3_mic_2_mic_1.wav,heldout,friction_burst,0.9670284986495972
ToyCarEmu/train/section_00_source_train_normal_0793_car_D1_spd_3_mic_2_mic_1.wav,heldout,friction_burst,0.977887749671936
ToyCarEmu/train/section_00_source_train_normal_0798_car_D1_spd_3_mic_2_mic_1.wav,heldout,friction_burst,0.9584181904792786
ToyCarEmu/train/section_00_source_train_normal_0801_car_D1_spd_3_mic_2_mic_1.wav,heldout,friction_burst,0.983870804309845
ToyCarEmu/train/section_00_source_train_normal_0803_car_D1_spd_3_mic_2_mic_1.wav,heldout,friction_burst,0.9680064916610718
ToyCarEmu/train/section_00_source_train_normal_0805_car_D1_spd_3_mic_2_mic_1.wav,heldout,friction_burst,0.971123993396759
ToyCarEmu/train/section_00_source_train_normal_0842_car_D2_spd_3_mic_2_mic_1.wav,heldout,friction_burst,0.9941585659980774
ToyCarEmu/train/section_00_source_train_normal_0852_car_D1_spd_3_mic_2_mic_1.wav,heldout,friction_burst,0.9655957221984863
ToyCarEmu/train/section_00_source_train_normal_0868_car_D1_spd_3_mic_2_mic_1.wav,heldout,friction_burst,0.9801951050758362
ToyCarEmu/train/section_00_source_train_normal_0880_car_D1_spd_5_mic_2_mic_1.wav,heldout,friction_burst,0.9649149179458618
ToyCarEmu/train/section_00_source_train_normal_0886_car_D1_spd_5_mic_2_mic_1.wav,heldout,friction_burst,0.965316116809845
ToyCarEmu/train/section_00_source_train_normal_0896_car_D2_spd_5_mic_2_mic_1.wav,heldout,friction_burst,0.9761673212051392
ToyCarEmu/train/section_00_source_train_normal_0928_car_D1_spd_5_mic_2_mic_1.wav,heldout,friction_burst,0.9664559960365295
ToyCarEmu/train/section_00_source_train_normal_0940_car_D1_spd_5_mic_2_mic_1.wav,heldout,friction_burst,0.9999486207962036
ToyCarEmu/train/section_00_source_train_normal_0952_car_D1_spd_5_mic_2_mic_1.wav,heldout,friction_burst,0.9266741275787354
ToyCarEmu/train/section_00_source_train_normal_0958_car_D1_spd_5_mic_2_mic_1.wav,heldout,friction_burst,0.9786814451217651
ToyCarEmu/train/section_00_source_train_normal_0964_car_D1_spd_5_mic_2_mic_1.wav,heldout,friction_burst,0.9734620451927185
ToyCarEmu/train/section_00_source_train_normal_0973_car_D2_spd_5_mic_2_mic_1.wav,heldout,friction_burst,0.9617610573768616
bearingEmu/train/section_00_source_train_normal_0013_noAttribute.wav,heldout,friction_burst,0.7604832053184509
bearingEmu/train/section_00_source_train_normal_0014_noAttribute.wav,heldout,friction_burst,0.7855158448219299
bearingEmu/train/section_00_source_train_normal_0027_noAttribute.wav,heldout,friction_burst,0.8599531650543213
bearingEmu/train/section_00_source_train_normal_0030_noAttribute.wav,heldout,friction_burst,0.32838642597198486
bearingEmu/train/section_00_source_train_normal_0031_noAttribute.wav,heldout,friction_burst,0.9416989088058472
bearingEmu/train/section_00_source_train_normal_0044_noAttribute.wav,heldout,friction_burst,0.961269199848175
bearingEmu/train/section_00_source_train_normal_0062_noAttribute.wav,heldout,friction_burst,0.9000587463378906
bearingEmu/train/section_00_source_train_normal_0067_noAttribute.wav,heldout,friction_burst,0.46343865990638733
bearingEmu/train/section_00_source_train_normal_0086_noAttribute.wav,heldout,friction_burst,0.7286334037780762
bearingEmu/train/section_00_source_train_normal_0102_noAttribute.wav,heldout,friction_burst,0.643508791923523
bearingEmu/train/section_00_source_train_normal_0119_noAttribute.wav,heldout,friction_burst,0.758838415145874
bearingEmu/train/section_00_source_train_normal_0128_noAttribute.wav,heldout,friction_burst,0.8038181066513062
bearingEmu/train/section_00_source_train_normal_0133_noAttribute.wav,heldout,friction_burst,0.925132691860199
bearingEmu/train/section_00_source_train_normal_0134_noAttribute.wav,heldout,friction_burst,0.8834572434425354
bearingEmu/train/section_00_source_train_normal_0156_noAttribute.wav,heldout,friction_burst,0.9012871384620667
bearingEmu/train/section_00_source_train_normal_0157_noAttribute.wav,heldout,friction_burst,0.8896088600158691
bearingEmu/train/section_00_source_train_normal_0162_noAttribute.wav,heldout,friction_burst,0.9695582985877991
bearingEmu/train/section_00_source_train_normal_0163_noAttribute.wav,heldout,friction_burst,0.7286022901535034
bearingEmu/train/section_00_source_train_normal_0168_noAttribute.wav,heldout,friction_burst,0.40899938344955444
bearingEmu/train/section_00_source_train_normal_0192_noAttribute.wav,heldout,friction_burst,0.9441405534744263
bearingEmu/train/section_00_source_train_normal_0193_noAttribute.wav,heldout,friction_burst,0.9584752917289734
bearingEmu/train/section_00_source_train_normal_0196_noAttribute.wav,heldout,friction_burst,0.3000948429107666
bearingEmu/train/section_00_source_train_normal_0207_noAttribute.wav,heldout,friction_burst,0.7650095224380493
bearingEmu/train/section_00_source_train_normal_0215_noAttribute.wav,heldout,friction_burst,0.19951008260250092
bearingEmu/train/section_00_source_train_normal_0232_noAttribute.wav,heldout,friction_burst,0.9562016129493713
bearingEmu/train/section_00_source_train_normal_0263_noAttribute.wav,heldout,friction_burst,0.9657224416732788
bearingEmu/train/section_00_source_train_normal_0266_noAttribute.wav,heldout,friction_burst,0.9844098687171936
bearingEmu/train/section_00_source_train_normal_0285_noAttribute.wav,heldout,friction_burst,0.9968996047973633
bearingEmu/train/section_00_source_train_normal_0289_noAttribute.wav,heldout,friction_burst,0.41062986850738525
bearingEmu/train/section_00_source_train_normal_0312_noAttribute.wav,heldout,friction_burst,0.8150338530540466
bearingEmu/train/section_00_source_train_normal_0314_noAttribute.wav,heldout,friction_burst,0.8335078358650208
bearingEmu/train/section_00_source_train_normal_0315_noAttribute.wav,heldout,friction_burst,0.9734543561935425
bearingEmu/train/section_00_source_train_normal_0376_noAttribute.wav,heldout,friction_burst,0.3514268696308136
bearingEmu/train/section_00_source_train_normal_0380_noAttribute.wav,heldout,friction_burst,0.9980893731117249
bearingEmu/train/section_00_source_train_normal_0397_noAttribute.wav,heldout,friction_burst,0.9661133885383606
bearingEmu/train/section_00_source_train_normal_0405_noAttribute.wav,heldout,friction_burst,0.6784665584564209
bearingEmu/train/section_00_source_train_normal_0406_noAttribute.wav,heldout,friction_burst,0.6624540686607361
bearingEmu/train/section_00_source_train_normal_0411_noAttribute.wav,heldout,friction_burst,0.8089891672134399
bearingEmu/train/section_00_source_train_normal_0437_noAttribute.wav,heldout,friction_burst,0.9667614102363586
bearingEmu/train/section_00_source_train_normal_0439_noAttribute.wav,heldout,friction_burst,0.9573490619659424
bearingEmu/train/section_00_source_train_normal_0445_noAttribute.wav,heldout,friction_burst,0.7120074033737183
bearingEmu/train/section_00_source_train_normal_0446_noAttribute.wav,heldout,friction_burst,0.9723260998725891
bearingEmu/train/section_00_source_train_normal_0524_noAttribute.wav,heldout,friction_burst,0.4336360991001129
bearingEmu/train/section_00_source_train_normal_0532_noAttribute.wav,heldout,friction_burst,0.6344267725944519
bearingEmu/train/section_00_source_train_normal_0543_noAttribute.wav,heldout,friction_burst,0.9502934813499451
bearingEmu/train/section_00_source_train_normal_0547_noAttribute.wav,heldout,friction_burst,0.6894011497497559
bearingEmu/train/section_00_source_train_normal_0558_noAttribute.wav,heldout,friction_burst,0.9584398865699768
bearingEmu/train/section_00_source_train_normal_0577_noAttribute.wav,heldout,friction_burst,0.9441714286804199
bearingEmu/train/section_00_source_train_normal_0587_noAttribute.wav,heldout,friction_burst,0.9457958936691284
bearingEmu/train/section_00_source_train_normal_0589_noAttribute.wav,heldout,friction_burst,0.8996666669845581
bearingEmu/train/section_00_source_train_normal_0591_noAttribute.wav,heldout,friction_burst,0.9319052696228027
bearingEmu/train/section_00_source_train_normal_0597_noAttribute.wav,heldout,friction_burst,0.37099361419677734
bearingEmu/train/section_00_source_train_normal_0626_noAttribute.wav,heldout,friction_burst,0.7794632315635681
bearingEmu/train/section_00_source_train_normal_0628_noAttribute.wav,heldout,friction_burst,0.8348361849784851
bearingEmu/train/section_00_source_train_normal_0656_noAttribute.wav,heldout,friction_burst,0.8498004674911499
bearingEmu/train/section_00_source_train_normal_0662_noAttribute.wav,heldout,friction_burst,0.9252632260322571
bearingEmu/train/section_00_source_train_normal_0668_noAttribute.wav,heldout,friction_burst,0.8785218000411987
bearingEmu/train/section_00_source_train_normal_0673_noAttribute.wav,heldout,friction_burst,0.2885337173938751
bearingEmu/train/section_00_source_train_normal_0686_noAttribute.wav,heldout,friction_burst,0.8820172548294067
bearingEmu/train/section_00_source_train_normal_0687_noAttribute.wav,heldout,friction_burst,0.9426576495170593
bearingEmu/train/section_00_source_train_normal_0693_noAttribute.wav,heldout,friction_burst,0.9876627922058105
bearingEmu/train/section_00_source_train_normal_0696_noAttribute.wav,heldout,friction_burst,0.9434313774108887
bearingEmu/train/section_00_source_train_normal_0709_noAttribute.wav,heldout,friction_burst,0.8836676478385925
bearingEmu/train/section_00_source_train_normal_0722_noAttribute.wav,heldout,friction_burst,0.7923276424407959
bearingEmu/train/section_00_source_train_normal_0735_noAttribute.wav,heldout,friction_burst,0.9874584078788757
bearingEmu/train/section_00_source_train_normal_0748_noAttribute.wav,heldout,friction_burst,0.930725634098053
bearingEmu/train/section_00_source_train_normal_0751_noAttribute.wav,heldout,friction_burst,0.9672821760177612
bearingEmu/train/section_00_source_train_normal_0755_noAttribute.wav,heldout,friction_burst,0.7815449237823486
bearingEmu/train/section_00_source_train_normal_0759_noAttribute.wav,heldout,friction_burst,0.8920950293540955
bearingEmu/train/section_00_source_train_normal_0775_noAttribute.wav,heldout,friction_burst,0.9975782036781311
bearingEmu/train/section_00_source_train_normal_0777_noAttribute.wav,heldout,friction_burst,0.25206488370895386
bearingEmu/train/section_00_source_train_normal_0807_noAttribute.wav,heldout,friction_burst,0.8567235469818115
bearingEmu/train/section_00_source_train_normal_0851_noAttribute.wav,heldout,friction_burst,0.685491144657135
bearingEmu/train/section_00_source_train_normal_0860_noAttribute.wav,heldout,friction_burst,0.3774930536746979
bearingEmu/train/section_00_source_train_normal_0864_noAttribute.wav,heldout,friction_burst,0.8716478943824768
bearingEmu/train/section_00_source_train_normal_0878_noAttribute.wav,heldout,friction_burst,0.9716206192970276
bearingEmu/train/section_00_source_train_normal_0903_noAttribute.wav,heldout,friction_burst,0.5230448246002197
bearingEmu/train/section_00_source_train_normal_0920_noAttribute.wav,heldout,friction_burst,0.3510439991950989
bearingEmu/train/section_00_source_train_normal_0922_noAttribute.wav,heldout,friction_burst,0.7691015601158142
bearingEmu/train/section_00_source_train_normal_0925_noAttribute.wav,heldout,friction_burst,0.39972731471061707
bearingEmu/train/section_00_source_train_normal_0959_noAttribute.wav,heldout,friction_burst,0.812964916229248
bearingEmu/train/section_00_source_train_normal_0961_noAttribute.wav,heldout,friction_burst,0.7926252484321594
bearingEmu/train/section_00_source_train_normal_0973_noAttribute.wav,heldout,friction_burst,0.852169930934906
bearingEmu/train/section_00_source_train_normal_0977_noAttribute.wav,heldout,friction_burst,0.9014099836349487
bearingEmu/train/section_00_source_train_normal_0983_noAttribute.wav,heldout,friction_burst,0.7866593599319458
bearingEmu/train/section_00_source_train_normal_0986_noAttribute.wav,heldout,friction_burst,0.485394686460495
fan/train/section_00_source_train_normal_0011_spd_3.wav,heldout,friction_burst,0.8944427967071533
fan/train/section_00_source_train_normal_0017_spd_3.wav,heldout,friction_burst,0.9763883948326111
fan/train/section_00_source_train_normal_0027_spd_2.wav,heldout,friction_burst,0.9597243666648865
fan/train/section_00_source_train_normal_0030_spd_3.wav,heldout,friction_burst,0.8955715298652649
fan/train/section_00_source_train_normal_0053_spd_1.wav,heldout,friction_burst,0.944222092628479
fan/train/section_00_source_train_normal_0091_spd_1.wav,heldout,friction_burst,0.8290209770202637
fan/train/section_00_source_train_normal_0098_spd_2.wav,heldout,friction_burst,0.9811426401138306
fan/train/section_00_source_train_normal_0109_spd_3.wav,heldout,friction_burst,0.9785281419754028
fan/train/section_00_source_train_normal_0146_spd_2.wav,heldout,friction_burst,0.9823610186576843
fan/train/section_00_source_train_normal_0149_spd_2.wav,heldout,friction_burst,0.9475051760673523
fan/train/section_00_source_train_normal_0171_spd_2.wav,heldout,friction_burst,0.9338507056236267
fan/train/section_00_source_train_normal_0209_spd_3.wav,heldout,friction_burst,0.9237034916877747
fan/train/section_00_source_train_normal_0217_spd_3.wav,heldout,friction_burst,0.9819504618644714
fan/train/section_00_source_train_normal_0229_spd_2.wav,heldout,friction_burst,0.9597751498222351
fan/train/section_00_source_train_normal_0269_spd_3.wav,heldout,friction_burst,0.9823068380355835
fan/train/section_00_source_train_normal_0309_spd_2.wav,heldout,friction_burst,0.9912041425704956
fan/train/section_00_source_train_normal_0312_spd_3.wav,heldout,friction_burst,0.9897603988647461
fan/train/section_00_source_train_normal_0320_spd_1.wav,heldout,friction_burst,0.9983220100402832
fan/train/section_00_source_train_normal_0326_spd_1.wav,heldout,friction_burst,0.9940235614776611
fan/train/section_00_source_train_normal_0329_spd_2.wav,heldout,friction_burst,0.9937239289283752
fan/train/section_00_source_train_normal_0330_spd_1.wav,heldout,friction_burst,0.8501782417297363
fan/train/section_00_source_train_normal_0331_spd_1.wav,heldout,friction_burst,0.9997956156730652
fan/train/section_00_source_train_normal_0354_spd_3.wav,heldout,friction_burst,0.992832362651825
fan/train/section_00_source_train_normal_0366_spd_2.wav,heldout,friction_burst,0.992161750793457
fan/train/section_00_source_train_normal_0372_spd_2.wav,heldout,friction_burst,0.9897930026054382
fan/train/section_00_source_train_normal_0379_spd_2.wav,heldout,friction_burst,0.9900426864624023
fan/train/section_00_source_train_normal_0399_spd_1.wav,heldout,friction_burst,0.8756642937660217
fan/train/section_00_source_train_normal_0418_spd_2.wav,heldout,friction_burst,0.984468936920166
fan/train/section_00_source_train_normal_0420_spd_2.wav,heldout,friction_burst,0.9900401830673218
fan/train/section_00_source_train_normal_0427_spd_3.wav,heldout,friction_burst,0.9979254603385925
fan/train/section_00_source_train_normal_0428_spd_3.wav,heldout,friction_burst,0.983506977558136
fan/train/section_00_source_train_normal_0440_spd_1.wav,heldout,friction_burst,0.9929594397544861
fan/train/section_00_source_train_normal_0444_spd_3.wav,heldout,friction_burst,0.9960008263587952
fan/train/section_00_source_train_normal_0449_spd_1.wav,heldout,friction_burst,0.9202791452407837
fan/train/section_00_source_train_normal_0450_spd_2.wav,heldout,friction_burst,0.9643568992614746
fan/train/section_00_source_train_normal_0464_spd_3.wav,heldout,friction_burst,0.9969782829284668
fan/train/section_00_source_train_normal_0467_spd_3.wav,heldout,friction_burst,0.9881003499031067
fan/train/section_00_source_train_normal_0470_spd_2.wav,heldout,friction_burst,0.925048828125
fan/train/section_00_source_train_normal_0495_spd_3.wav,heldout,friction_burst,0.9755625128746033
fan/train/section_00_source_train_normal_0513_spd_1.wav,heldout,friction_burst,0.9849017262458801
fan/train/section_00_source_train_normal_0540_spd_3.wav,heldout,friction_burst,0.9766673445701599
fan/train/section_00_source_train_normal_0563_spd_3.wav,heldout,friction_burst,0.9326875805854797
fan/train/section_00_source_train_normal_0574_spd_3.wav,heldout,friction_burst,0.9891793131828308
fan/train/section_00_source_train_normal_0575_spd_3.wav,heldout,friction_burst,0.9997392296791077
fan/train/section_00_source_train_normal_0582_spd_2.wav,heldout,friction_burst,0.9540278911590576
fan/train/section_00_source_train_normal_0614_spd_3.wav,heldout,friction_burst,0.907436192035675
fan/train/section_00_source_train_normal_0626_spd_3.wav,heldout,friction_burst,0.9549840092658997
fan/train/section_00_source_train_normal_0631_spd_2.wav,heldout,friction_burst,0.9956653714179993
fan/train/section_00_source_train_normal_0673_spd_3.wav,heldout,friction_burst,0.9893335103988647
fan/train/section_00_source_train_normal_0687_spd_3.wav,heldout,friction_burst,0.9998995661735535
fan/train/section_00_source_train_normal_0693_spd_1.wav,heldout,friction_burst,0.9507405161857605
fan/train/section_00_source_train_normal_0705_spd_1.wav,heldout,friction_burst,0.9783052802085876
fan/train/section_00_source_train_normal_0723_spd_1.wav,heldout,friction_burst,0.9935274124145508
fan/train/section_00_source_train_normal_0734_spd_2.wav,heldout,friction_burst,0.9479722380638123
fan/train/section_00_source_train_normal_0737_spd_2.wav,heldout,friction_burst,0.9936662912368774
fan/train/section_00_source_train_normal_0791_spd_1.wav,heldout,friction_burst,0.9961861371994019
fan/train/section_00_source_train_normal_0804_spd_3.wav,heldout,friction_burst,0.9357995986938477
fan/train/section_00_source_train_normal_0805_spd_1.wav,heldout,friction_burst,0.9904008507728577
fan/train/section_00_source_train_normal_0815_spd_2.wav,heldout,friction_burst,0.973012387752533
fan/train/section_00_source_train_normal_0828_spd_3.wav,heldout,friction_burst,0.9905833005905151
fan/train/section_00_source_train_normal_0836_spd_3.wav,heldout,friction_burst,0.9909229278564453
fan/train/section_00_source_train_normal_0841_spd_1.wav,heldout,friction_burst,0.9781814217567444
fan/train/section_00_source_train_normal_0862_spd_3.wav,heldout,friction_burst,0.9339040517807007
fan/train/section_00_source_train_normal_0869_spd_3.wav,heldout,friction_burst,0.9995433688163757
fan/train/section_00_source_train_normal_0871_spd_3.wav,heldout,friction_burst,0.9135703444480896
fan/train/section_00_source_train_normal_0882_spd_1.wav,heldout,friction_burst,0.9939355254173279
fan/train/section_00_source_train_normal_0892_spd_2.wav,heldout,friction_burst,0.9651749730110168
fan/train/section_00_source_train_normal_0899_spd_2.wav,heldout,friction_burst,0.8313635587692261
fan/train/section_00_source_train_normal_0908_spd_2.wav,heldout,friction_burst,0.9828712344169617
fan/train/section_00_source_train_normal_0924_spd_2.wav,heldout,friction_burst,0.990633487701416
fan/train/section_00_source_train_normal_0925_spd_2.wav,heldout,friction_burst,0.9299505949020386
fan/train/section_00_source_train_normal_0980_spd_2.wav,heldout,friction_burst,0.9923102855682373
fan/train/section_00_source_train_normal_0981_spd_2.wav,heldout,friction_burst,0.9985816478729248
fan/train/section_00_source_train_normal_0985_spd_1.wav,heldout,friction_burst,0.9977249503135681
fan/train/section_00_source_train_normal_0986_spd_2.wav,heldout,friction_burst,0.9965884685516357
gearboxEmu/train/section_00_source_train_normal_0002_pro_C.wav,heldout,friction_burst,0.9694386720657349
gearboxEmu/train/section_00_source_train_normal_0009_pro_E.wav,heldout,friction_burst,0.9924973249435425
gearboxEmu/train/section_00_source_train_normal_0017_pro_E.wav,heldout,friction_burst,0.7511652708053589
gearboxEmu/train/section_00_source_train_normal_0036_pro_C.wav,heldout,friction_burst,0.9850644469261169
gearboxEmu/train/section_00_source_train_normal_0068_pro_E.wav,heldout,friction_burst,0.7913205623626709
gearboxEmu/train/section_00_source_train_normal_0076_pro_E.wav,heldout,friction_burst,0.9685661196708679
gearboxEmu/train/section_00_source_train_normal_0087_pro_D.wav,heldout,friction_burst,0.9276205897331238
gearboxEmu/train/section_00_source_train_normal_0099_pro_C.wav,heldout,friction_burst,0.9795346260070801
gearboxEmu/train/section_00_source_train_normal_0109_pro_F.wav,heldout,friction_burst,0.9781513810157776
gearboxEmu/train/section_00_source_train_normal_0111_pro_A.wav,heldout,friction_burst,0.9942331910133362
gearboxEmu/train/section_00_source_train_normal_0133_pro_E.wav,heldout,friction_burst,0.9827504754066467
gearboxEmu/train/section_00_source_train_normal_0142_pro_F.wav,heldout,friction_burst,0.9626039266586304
gearboxEmu/train/section_00_source_train_normal_0147_pro_D.wav,heldout,friction_burst,0.7938703298568726
gearboxEmu/train/section_00_source_train_normal_0148_pro_D.wav,heldout,friction_burst,0.9066786766052246
gearboxEmu/train/section_00_source_train_normal_0167_pro_D.wav,heldout,friction_burst,0.9582433104515076
gearboxEmu/train/section_00_source_train_normal_0168_pro_B.wav,heldout,friction_burst,0.9990333914756775
gearboxEmu/train/section_00_source_train_normal_0175_pro_C.wav,heldout,friction_burst,0.991262674331665
gearboxEmu/train/section_00_source_train_normal_0191_pro_B.wav,heldout,friction_burst,0.9031596183776855
gearboxEmu/train/section_00_source_train_normal_0197_pro_A.wav,heldout,friction_burst,0.7522839307785034
gearboxEmu/train/section_00_source_train_normal_0198_pro_F.wav,heldout,friction_burst,0.8981665372848511
gearboxEmu/train/section_00_source_train_normal_0201_pro_A.wav,heldout,friction_burst,0.9372944831848145
gearboxEmu/train/section_00_source_train_normal_0204_pro_C.wav,heldout,friction_burst,0.9954896569252014
gearboxEmu/train/section_00_source_train_normal_0207_pro_F.wav,heldout,friction_burst,0.9741494655609131
gearboxEmu/train/section_00_source_train_normal_0220_pro_A.wav,heldout,friction_burst,0.9723606109619141
gearboxEmu/train/section_00_source_train_normal_0254_pro_A.wav,heldout,friction_burst,0.8455191254615784
gearboxEmu/train/section_00_source_train_normal_0264_pro_E.wav,heldout,friction_burst,0.9935140609741211
gearboxEmu/train/section_00_source_train_normal_0276_pro_C.wav,heldout,friction_burst,0.7744430899620056
gearboxEmu/train/section_00_source_train_normal_0277_pro_D.wav,heldout,friction_burst,0.9795428514480591
gearboxEmu/train/section_00_source_train_normal_0287_pro_D.wav,heldout,friction_burst,0.8780308961868286
gearboxEmu/train/section_00_source_train_normal_0291_pro_B.wav,heldout,friction_burst,0.9923147559165955
gearboxEmu/train/section_00_source_train_normal_0293_pro_B.wav,heldout,friction_burst,0.9980995655059814
gearboxEmu/train/section_00_source_train_normal_0301_pro_D.wav,heldout,friction_burst,0.6494590640068054
gearboxEmu/train/section_00_source_train_normal_0317_pro_A.wav,heldout,friction_burst,0.8800800442695618
gearboxEmu/train/section_00_source_train_normal_0319_pro_A.wav,heldout,friction_burst,0.9853700995445251
gearboxEmu/train/section_00_source_train_normal_0333_pro_A.wav,heldout,friction_burst,0.9983236193656921
gearboxEmu/train/section_00_source_train_normal_0339_pro_A.wav,heldout,friction_burst,0.930020809173584
gearboxEmu/train/section_00_source_train_normal_0344_pro_C.wav,heldout,friction_burst,0.7967790365219116
gearboxEmu/train/section_00_source_train_normal_0359_pro_A.wav,heldout,friction_burst,0.9702411890029907
gearboxEmu/train/section_00_source_train_normal_0364_pro_A.wav,heldout,friction_burst,0.9972057938575745
gearboxEmu/train/section_00_source_train_normal_0372_pro_C.wav,heldout,friction_burst,0.7265904545783997
gearboxEmu/train/section_00_source_train_normal_0378_pro_B.wav,heldout,friction_burst,0.9897212386131287
gearboxEmu/train/section_00_source_train_normal_0382_pro_D.wav,heldout,friction_burst,0.7328998446464539
gearboxEmu/train/section_00_source_train_normal_0395_pro_B.wav,heldout,friction_burst,0.7626948356628418
gearboxEmu/train/section_00_source_train_normal_0398_pro_D.wav,heldout,friction_burst,0.9892615079879761
gearboxEmu/train/section_00_source_train_normal_0406_pro_E.wav,heldout,friction_burst,0.9927650690078735
gearboxEmu/train/section_00_source_train_normal_0414_pro_C.wav,heldout,friction_burst,0.919026255607605
gearboxEmu/train/section_00_source_train_normal_0522_pro_F.wav,heldout,friction_burst,0.9571161866188049
gearboxEmu/train/section_00_source_train_normal_0526_pro_F.wav,heldout,friction_burst,0.9350724220275879
gearboxEmu/train/section_00_source_train_normal_0531_pro_A.wav,heldout,friction_burst,0.9276080131530762
gearboxEmu/train/section_00_source_train_normal_0540_pro_E.wav,heldout,friction_burst,0.980155348777771
gearboxEmu/train/section_00_source_train_normal_0547_pro_C.wav,heldout,friction_burst,0.9992397427558899
gearboxEmu/train/section_00_source_train_normal_0555_pro_A.wav,heldout,friction_burst,0.7918106913566589
gearboxEmu/train/section_00_source_train_normal_0572_pro_B.wav,heldout,friction_burst,0.9928490519523621
gearboxEmu/train/section_00_source_train_normal_0580_pro_C.wav,heldout,friction_burst,0.9976618885993958
gearboxEmu/train/section_00_source_train_normal_0615_pro_A.wav,heldout,friction_burst,0.6434028744697571
gearboxEmu/train/section_00_source_train_normal_0617_pro_B.wav,heldout,friction_burst,0.9592117071151733
gearboxEmu/train/section_00_source_train_normal_0620_pro_C.wav,heldout,friction_burst,0.9359200596809387
gearboxEmu/train/section_00_source_train_normal_0627_pro_B.wav,heldout,friction_burst,0.9724958539009094
gearboxEmu/train/section_00_source_train_normal_0636_pro_F.wav,heldout,friction_burst,0.9935271143913269
gearboxEmu/train/section_00_source_train_normal_0641_pro_D.wav,heldout,friction_burst,0.9601819515228271
gearboxEmu/train/section_00_source_train_normal_0647_pro_A.wav,heldout,friction_burst,0.9545549750328064
gearboxEmu/train/section_00_source_train_normal_0665_pro_B.wav,heldout,friction_burst,0.987836480140686
gearboxEmu/train/section_00_source_train_normal_0678_pro_F.wav,heldout,friction_burst,0.9965901374816895
gearboxEmu/train/section_00_source_train_normal_0685_pro_A.wav,heldout,friction_burst,0.9926957488059998
gearboxEmu/train/section_00_source_train_normal_0709_pro_C.wav,heldout,friction_burst,0.9729437828063965
gearboxEmu/train/section_00_source_train_normal_0713_pro_E.wav,heldout,friction_burst,0.9995307922363281
gearboxEmu/train/section_00_source_train_normal_0720_pro_D.wav,heldout,friction_burst,0.9542558193206787
gearboxEmu/train/section_00_source_train_normal_0728_pro_D.wav,heldout,friction_burst,0.9991930723190308
gearboxEmu/train/section_00_source_train_normal_0734_pro_C.wav,heldout,friction_burst,0.9275544881820679
gearboxEmu/train/section_00_source_train_normal_0770_pro_D.wav,heldout,friction_burst,0.7621301412582397
gearboxEmu/train/section_00_source_train_normal_0787_pro_F.wav,heldout,friction_burst,0.9612852931022644
gearboxEmu/train/section_00_source_train_normal_0805_pro_B.wav,heldout,friction_burst,0.9983185529708862
gearboxEmu/train/section_00_source_train_normal_0815_pro_C.wav,heldout,friction_burst,0.8934233784675598
gearboxEmu/train/section_00_source_train_normal_0821_pro_C.wav,heldout,friction_burst,0.9819952249526978
gearboxEmu/train/section_00_source_train_normal_0828_pro_F.wav,heldout,friction_burst,0.9876524806022644
gearboxEmu/train/section_00_source_train_normal_0837_pro_B.wav,heldout,friction_burst,0.9342647790908813
gearboxEmu/train/section_00_source_train_normal_0845_pro_E.wav,heldout,friction_burst,0.7664067149162292
gearboxEmu/train/section_00_source_train_normal_0862_pro_F.wav,heldout,friction_burst,0.9933512806892395
gearboxEmu/train/section_00_source_train_normal_0867_pro_F.wav,heldout,friction_burst,0.9974177479743958
gearboxEmu/train/section_00_source_train_normal_0869_pro_F.wav,heldout,friction_burst,0.9756521582603455
gearboxEmu/train/section_00_source_train_normal_0870_pro_E.wav,heldout,friction_burst,0.9904780387878418
gearboxEmu/train/section_00_source_train_normal_0876_pro_A.wav,heldout,friction_burst,0.9110934138298035
gearboxEmu/train/section_00_source_train_normal_0890_pro_C.wav,heldout,friction_burst,0.8880529999732971
gearboxEmu/train/section_00_source_train_normal_0907_pro_B.wav,heldout,friction_burst,0.7555407285690308
gearboxEmu/train/section_00_source_train_normal_0937_pro_E.wav,heldout,friction_burst,0.9530055522918701
gearboxEmu/train/section_00_source_train_normal_0940_pro_B.wav,heldout,friction_burst,0.9603070020675659
gearboxEmu/train/section_00_source_train_normal_0988_pro_A.wav,heldout,friction_burst,0.9940495491027832
sliderEmu/train/section_00_source_train_normal_0016_noAttribute.wav,heldout,friction_burst,0.9852724671363831
sliderEmu/train/section_00_source_train_normal_0026_noAttribute.wav,heldout,friction_burst,0.9936081171035767
sliderEmu/train/section_00_source_train_normal_0034_noAttribute.wav,heldout,friction_burst,0.9584935903549194
sliderEmu/train/section_00_source_train_normal_0050_noAttribute.wav,heldout,friction_burst,0.9784659743309021
sliderEmu/train/section_00_source_train_normal_0051_noAttribute.wav,heldout,friction_burst,0.95682692527771
sliderEmu/train/section_00_source_train_normal_0061_noAttribute.wav,heldout,friction_burst,0.9301037788391113
sliderEmu/train/section_00_source_train_normal_0066_noAttribute.wav,heldout,friction_burst,0.8759190440177917
sliderEmu/train/section_00_source_train_normal_0068_noAttribute.wav,heldout,friction_burst,0.9534428119659424
sliderEmu/train/section_00_source_train_normal_0074_noAttribute.wav,heldout,friction_burst,0.9955285787582397
sliderEmu/train/section_00_source_train_normal_0080_noAttribute.wav,heldout,friction_burst,0.9323726892471313
sliderEmu/train/section_00_source_train_normal_0085_noAttribute.wav,heldout,friction_burst,0.9706528782844543
sliderEmu/train/section_00_source_train_normal_0092_noAttribute.wav,heldout,friction_burst,0.9699395298957825
sliderEmu/train/section_00_source_train_normal_0099_noAttribute.wav,heldout,friction_burst,0.8559878468513489
sliderEmu/train/section_00_source_train_normal_0100_noAttribute.wav,heldout,friction_burst,0.9530229568481445
sliderEmu/train/section_00_source_train_normal_0131_noAttribute.wav,heldout,friction_burst,0.8581447005271912
sliderEmu/train/section_00_source_train_normal_0146_noAttribute.wav,heldout,friction_burst,0.938585638999939
sliderEmu/train/section_00_source_train_normal_0160_noAttribute.wav,heldout,friction_burst,0.9940544366836548
sliderEmu/train/section_00_source_train_normal_0179_noAttribute.wav,heldout,friction_burst,0.9689750671386719
sliderEmu/train/section_00_source_train_normal_0189_noAttribute.wav,heldout,friction_burst,0.9812999963760376
sliderEmu/train/section_00_source_train_normal_0196_noAttribute.wav,heldout,friction_burst,0.993025541305542
sliderEmu/train/section_00_source_train_normal_0199_noAttribute.wav,heldout,friction_burst,0.9851719737052917
sliderEmu/train/section_00_source_train_normal_0202_noAttribute.wav,heldout,friction_burst,0.9692858457565308
sliderEmu/train/section_00_source_train_normal_0205_noAttribute.wav,heldout,friction_burst,0.7371858954429626
sliderEmu/train/section_00_source_train_normal_0211_noAttribute.wav,heldout,friction_burst,0.9912351369857788
sliderEmu/train/section_00_source_train_normal_0260_noAttribute.wav,heldout,friction_burst,0.9911978840827942
sliderEmu/train/section_00_source_train_normal_0265_noAttribute.wav,heldout,friction_burst,0.9753043055534363
sliderEmu/train/section_00_source_train_normal_0276_noAttribute.wav,heldout,friction_burst,0.9779828190803528
sliderEmu/train/section_00_source_train_normal_0297_noAttribute.wav,heldout,friction_burst,0.9781061410903931
sliderEmu/train/section_00_source_train_normal_0305_noAttribute.wav,heldout,friction_burst,0.9889934659004211
sliderEmu/train/section_00_source_train_normal_0320_noAttribute.wav,heldout,friction_burst,0.9810308218002319
sliderEmu/train/section_00_source_train_normal_0329_noAttribute.wav,heldout,friction_burst,0.9229416251182556
sliderEmu/train/section_00_source_train_normal_0341_noAttribute.wav,heldout,friction_burst,0.8465384840965271
sliderEmu/train/section_00_source_train_normal_0344_noAttribute.wav,heldout,friction_burst,0.9955435991287231
sliderEmu/train/section_00_source_train_normal_0345_noAttribute.wav,heldout,friction_burst,0.8682587146759033
sliderEmu/train/section_00_source_train_normal_0351_noAttribute.wav,heldout,friction_burst,0.9966877102851868
sliderEmu/train/section_00_source_train_normal_0360_noAttribute.wav,heldout,friction_burst,0.6189075112342834
sliderEmu/train/section_00_source_train_normal_0361_noAttribute.wav,heldout,friction_burst,0.9831055402755737
sliderEmu/train/section_00_source_train_normal_0383_noAttribute.wav,heldout,friction_burst,0.8053198456764221
sliderEmu/train/section_00_source_train_normal_0387_noAttribute.wav,heldout,friction_burst,0.9857880473136902
sliderEmu/train/section_00_source_train_normal_0391_noAttribute.wav,heldout,friction_burst,0.8761551380157471
sliderEmu/train/section_00_source_train_normal_0398_noAttribute.wav,heldout,friction_burst,0.9549863934516907
sliderEmu/train/section_00_source_train_normal_0409_noAttribute.wav,heldout,friction_burst,0.9981215596199036
sliderEmu/train/section_00_source_train_normal_0412_noAttribute.wav,heldout,friction_burst,0.903351366519928
sliderEmu/train/section_00_source_train_normal_0427_noAttribute.wav,heldout,friction_burst,0.98501056432724
sliderEmu/train/section_00_source_train_normal_0428_noAttribute.wav,heldout,friction_burst,0.9904494881629944
sliderEmu/train/section_00_source_train_normal_0442_noAttribute.wav,heldout,friction_burst,0.979716956615448
sliderEmu/train/section_00_source_train_normal_0451_noAttribute.wav,heldout,friction_burst,0.9909684658050537
sliderEmu/train/section_00_source_train_normal_0455_noAttribute.wav,heldout,friction_burst,0.47012150287628174
sliderEmu/train/section_00_source_train_normal_0467_noAttribute.wav,heldout,friction_burst,0.9479420781135559
sliderEmu/train/section_00_source_train_normal_0473_noAttribute.wav,heldout,friction_burst,0.9832313656806946
sliderEmu/train/section_00_source_train_normal_0494_noAttribute.wav,heldout,friction_burst,0.8797654509544373
sliderEmu/train/section_00_source_train_normal_0502_noAttribute.wav,heldout,friction_burst,0.8807277679443359
sliderEmu/train/section_00_source_train_normal_0509_noAttribute.wav,heldout,friction_burst,0.9718438982963562
sliderEmu/train/section_00_source_train_normal_0522_noAttribute.wav,heldout,friction_burst,0.9213322997093201
sliderEmu/train/section_00_source_train_normal_0525_noAttribute.wav,heldout,friction_burst,0.9195481538772583
sliderEmu/train/section_00_source_train_normal_0534_noAttribute.wav,heldout,friction_burst,0.9927700757980347
sliderEmu/train/section_00_source_train_normal_0574_noAttribute.wav,heldout,friction_burst,0.9917973875999451
sliderEmu/train/section_00_source_train_normal_0584_noAttribute.wav,heldout,friction_burst,0.9324691891670227
sliderEmu/train/section_00_source_train_normal_0590_noAttribute.wav,heldout,friction_burst,0.8089396357536316
sliderEmu/train/section_00_source_train_normal_0598_noAttribute.wav,heldout,friction_burst,0.6766727566719055
sliderEmu/train/section_00_source_train_normal_0602_noAttribute.wav,heldout,friction_burst,0.9995913505554199
sliderEmu/train/section_00_source_train_normal_0611_noAttribute.wav,heldout,friction_burst,0.9895592331886292
sliderEmu/train/section_00_source_train_normal_0622_noAttribute.wav,heldout,friction_burst,0.9666577577590942
sliderEmu/train/section_00_source_train_normal_0623_noAttribute.wav,heldout,friction_burst,0.9676294326782227
sliderEmu/train/section_00_source_train_normal_0627_noAttribute.wav,heldout,friction_burst,0.9805886149406433
sliderEmu/train/section_00_source_train_normal_0649_noAttribute.wav,heldout,friction_burst,0.9440711736679077
sliderEmu/train/section_00_source_train_normal_0651_noAttribute.wav,heldout,friction_burst,0.9886002540588379
sliderEmu/train/section_00_source_train_normal_0656_noAttribute.wav,heldout,friction_burst,0.9959430694580078
sliderEmu/train/section_00_source_train_normal_0662_noAttribute.wav,heldout,friction_burst,0.9951732754707336
sliderEmu/train/section_00_source_train_normal_0706_noAttribute.wav,heldout,friction_burst,0.9963420033454895
sliderEmu/train/section_00_source_train_normal_0717_noAttribute.wav,heldout,friction_burst,0.906512975692749
sliderEmu/train/section_00_source_train_normal_0737_noAttribute.wav,heldout,friction_burst,0.9937968850135803
sliderEmu/train/section_00_source_train_normal_0738_noAttribute.wav,heldout,friction_burst,0.961559534072876
sliderEmu/train/section_00_source_train_normal_0743_noAttribute.wav,heldout,friction_burst,0.9926925301551819
sliderEmu/train/section_00_source_train_normal_0751_noAttribute.wav,heldout,friction_burst,0.8349904417991638
sliderEmu/train/section_00_source_train_normal_0752_noAttribute.wav,heldout,friction_burst,0.9833359718322754
sliderEmu/train/section_00_source_train_normal_0753_noAttribute.wav,heldout,friction_burst,0.9264761209487915
sliderEmu/train/section_00_source_train_normal_0760_noAttribute.wav,heldout,friction_burst,0.9768587350845337
sliderEmu/train/section_00_source_train_normal_0772_noAttribute.wav,heldout,friction_burst,0.9916839599609375
sliderEmu/train/section_00_source_train_normal_0778_noAttribute.wav,heldout,friction_burst,0.7301830649375916
sliderEmu/train/section_00_source_train_normal_0782_noAttribute.wav,heldout,friction_burst,0.9936498403549194
sliderEmu/train/section_00_source_train_normal_0784_noAttribute.wav,heldout,friction_burst,0.910090446472168
sliderEmu/train/section_00_source_train_normal_0794_noAttribute.wav,heldout,friction_burst,0.9815374612808228
sliderEmu/train/section_00_source_train_normal_0795_noAttribute.wav,heldout,friction_burst,0.9865711331367493
sliderEmu/train/section_00_source_train_normal_0801_noAttribute.wav,heldout,friction_burst,0.9864977598190308
sliderEmu/train/section_00_source_train_normal_0816_noAttribute.wav,heldout,friction_burst,0.9849678874015808
sliderEmu/train/section_00_source_train_normal_0835_noAttribute.wav,heldout,friction_burst,0.9645839333534241
sliderEmu/train/section_00_source_train_normal_0844_noAttribute.wav,heldout,friction_burst,0.949147641658783
sliderEmu/train/section_00_source_train_normal_0846_noAttribute.wav,heldout,friction_burst,0.9967869520187378
sliderEmu/train/section_00_source_train_normal_0912_noAttribute.wav,heldout,friction_burst,0.9719969630241394
sliderEmu/train/section_00_source_train_normal_0918_noAttribute.wav,heldout,friction_burst,0.9806969165802002
sliderEmu/train/section_00_source_train_normal_0935_noAttribute.wav,heldout,friction_burst,0.9498721361160278
sliderEmu/train/section_00_source_train_normal_0940_noAttribute.wav,heldout,friction_burst,0.9869275689125061
sliderEmu/train/section_00_source_train_normal_0948_noAttribute.wav,heldout,friction_burst,0.9664824604988098
sliderEmu/train/section_00_source_train_normal_0951_noAttribute.wav,heldout,friction_burst,0.9774283766746521
sliderEmu/train/section_00_source_train_normal_0953_noAttribute.wav,heldout,friction_burst,0.9872415661811829
sliderEmu/train/section_00_source_train_normal_0962_noAttribute.wav,heldout,friction_burst,0.9959650635719299
valveEmu/train/section_00_source_train_normal_0005_noAttribute.wav,heldout,friction_burst,0.9572385549545288
valveEmu/train/section_00_source_train_normal_0021_noAttribute.wav,heldout,friction_burst,0.9643353819847107
valveEmu/train/section_00_source_train_normal_0035_noAttribute.wav,heldout,friction_burst,0.9906954169273376
valveEmu/train/section_00_source_train_normal_0053_noAttribute.wav,heldout,friction_burst,0.9951319694519043
valveEmu/train/section_00_source_train_normal_0055_noAttribute.wav,heldout,friction_burst,0.9911168813705444
valveEmu/train/section_00_source_train_normal_0064_noAttribute.wav,heldout,friction_burst,0.8722807168960571
valveEmu/train/section_00_source_train_normal_0067_noAttribute.wav,heldout,friction_burst,0.9624844193458557
valveEmu/train/section_00_source_train_normal_0068_noAttribute.wav,heldout,friction_burst,0.9999558925628662
valveEmu/train/section_00_source_train_normal_0083_noAttribute.wav,heldout,friction_burst,0.9886556267738342
valveEmu/train/section_00_source_train_normal_0091_noAttribute.wav,heldout,friction_burst,0.879779577255249
valveEmu/train/section_00_source_train_normal_0127_noAttribute.wav,heldout,friction_burst,0.8719989061355591
valveEmu/train/section_00_source_train_normal_0136_noAttribute.wav,heldout,friction_burst,0.9698837399482727
valveEmu/train/section_00_source_train_normal_0158_noAttribute.wav,heldout,friction_burst,0.9699159264564514
valveEmu/train/section_00_source_train_normal_0163_noAttribute.wav,heldout,friction_burst,0.9489350914955139
valveEmu/train/section_00_source_train_normal_0172_noAttribute.wav,heldout,friction_burst,0.9703031182289124
valveEmu/train/section_00_source_train_normal_0177_noAttribute.wav,heldout,friction_burst,0.9500614404678345
valveEmu/train/section_00_source_train_normal_0187_noAttribute.wav,heldout,friction_burst,0.9889136552810669
valveEmu/train/section_00_source_train_normal_0204_noAttribute.wav,heldout,friction_burst,0.9993362426757812
valveEmu/train/section_00_source_train_normal_0228_noAttribute.wav,heldout,friction_burst,0.9871077537536621
valveEmu/train/section_00_source_train_normal_0245_noAttribute.wav,heldout,friction_burst,0.9653422832489014
valveEmu/train/section_00_source_train_normal_0251_noAttribute.wav,heldout,friction_burst,0.9872034788131714
valveEmu/train/section_00_source_train_normal_0254_noAttribute.wav,heldout,friction_burst,0.9887419939041138
valveEmu/train/section_00_source_train_normal_0255_noAttribute.wav,heldout,friction_burst,0.960095226764679
valveEmu/train/section_00_source_train_normal_0264_noAttribute.wav,heldout,friction_burst,0.8244896531105042
valveEmu/train/section_00_source_train_normal_0267_noAttribute.wav,heldout,friction_burst,0.9643413424491882
valveEmu/train/section_00_source_train_normal_0268_noAttribute.wav,heldout,friction_burst,0.8957109451293945
valveEmu/train/section_00_source_train_normal_0292_noAttribute.wav,heldout,friction_burst,0.9657379388809204
valveEmu/train/section_00_source_train_normal_0303_noAttribute.wav,heldout,friction_burst,0.8655179142951965
valveEmu/train/section_00_source_train_normal_0308_noAttribute.wav,heldout,friction_burst,0.9798185229301453
valveEmu/train/section_00_source_train_normal_0346_noAttribute.wav,heldout,friction_burst,0.9675672650337219
valveEmu/train/section_00_source_train_normal_0364_noAttribute.wav,heldout,friction_burst,0.9318562150001526
valveEmu/train/section_00_source_train_normal_0368_noAttribute.wav,heldout,friction_burst,0.8732675313949585
valveEmu/train/section_00_source_train_normal_0379_noAttribute.wav,heldout,friction_burst,0.9482120275497437
valveEmu/train/section_00_source_train_normal_0390_noAttribute.wav,heldout,friction_burst,0.9585162997245789
valveEmu/train/section_00_source_train_normal_0395_noAttribute.wav,heldout,friction_burst,0.8503633141517639
valveEmu/train/section_00_source_train_normal_0407_noAttribute.wav,heldout,friction_burst,0.9218507409095764
valveEmu/train/section_00_source_train_normal_0411_noAttribute.wav,heldout,friction_burst,0.9876131415367126
valveEmu/train/section_00_source_train_normal_0433_noAttribute.wav,heldout,friction_burst,0.9419641494750977
valveEmu/train/section_00_source_train_normal_0447_noAttribute.wav,heldout,friction_burst,0.9254393577575684
valveEmu/train/section_00_source_train_normal_0453_noAttribute.wav,heldout,friction_burst,0.9024288058280945
valveEmu/train/section_00_source_train_normal_0458_noAttribute.wav,heldout,friction_burst,0.9703837037086487
valveEmu/train/section_00_source_train_normal_0459_noAttribute.wav,heldout,friction_burst,0.9776221513748169
valveEmu/train/section_00_source_train_normal_0468_noAttribute.wav,heldout,friction_burst,0.8601081967353821
valveEmu/train/section_00_source_train_normal_0471_noAttribute.wav,heldout,friction_burst,0.9811476469039917
valveEmu/train/section_00_source_train_normal_0473_noAttribute.wav,heldout,friction_burst,0.9575428366661072
valveEmu/train/section_00_source_train_normal_0474_noAttribute.wav,heldout,friction_burst,0.9913387298583984
valveEmu/train/section_00_source_train_normal_0481_noAttribute.wav,heldout,friction_burst,0.9754633903503418
valveEmu/train/section_00_source_train_normal_0503_noAttribute.wav,heldout,friction_burst,0.7962044477462769
valveEmu/train/section_00_source_train_normal_0504_noAttribute.wav,heldout,friction_burst,0.9418619275093079
valveEmu/train/section_00_source_train_normal_0506_noAttribute.wav,heldout,friction_burst,0.9951072931289673
valveEmu/train/section_00_source_train_normal_0526_noAttribute.wav,heldout,friction_burst,0.9641073346138
valveEmu/train/section_00_source_train_normal_0537_noAttribute.wav,heldout,friction_burst,0.810814380645752
valveEmu/train/section_00_source_train_normal_0562_noAttribute.wav,heldout,friction_burst,0.9887376427650452
valveEmu/train/section_00_source_train_normal_0566_noAttribute.wav,heldout,friction_burst,0.980484664440155
valveEmu/train/section_00_source_train_normal_0572_noAttribute.wav,heldout,friction_burst,0.9886313676834106
valveEmu/train/section_00_source_train_normal_0573_noAttribute.wav,heldout,friction_burst,0.9494231343269348
valveEmu/train/section_00_source_train_normal_0584_noAttribute.wav,heldout,friction_burst,0.9881816506385803
valveEmu/train/section_00_source_train_normal_0593_noAttribute.wav,heldout,friction_burst,0.9856123924255371
valveEmu/train/section_00_source_train_normal_0597_noAttribute.wav,heldout,friction_burst,0.9871750473976135
valveEmu/train/section_00_source_train_normal_0599_noAttribute.wav,heldout,friction_burst,0.9925254583358765
valveEmu/train/section_00_source_train_normal_0609_noAttribute.wav,heldout,friction_burst,0.9930771589279175
valveEmu/train/section_00_source_train_normal_0640_noAttribute.wav,heldout,friction_burst,0.9979554414749146
valveEmu/train/section_00_source_train_normal_0648_noAttribute.wav,heldout,friction_burst,0.9072291254997253
valveEmu/train/section_00_source_train_normal_0651_noAttribute.wav,heldout,friction_burst,0.9804638028144836
valveEmu/train/section_00_source_train_normal_0654_noAttribute.wav,heldout,friction_burst,0.9667384028434753
valveEmu/train/section_00_source_train_normal_0665_noAttribute.wav,heldout,friction_burst,0.9789790511131287
valveEmu/train/section_00_source_train_normal_0670_noAttribute.wav,heldout,friction_burst,0.9467201828956604
valveEmu/train/section_00_source_train_normal_0671_noAttribute.wav,heldout,friction_burst,0.9925729036331177
valveEmu/train/section_00_source_train_normal_0676_noAttribute.wav,heldout,friction_burst,0.9809842109680176
valveEmu/train/section_00_source_train_normal_0693_noAttribute.wav,heldout,friction_burst,0.9389777183532715
valveEmu/train/section_00_source_train_normal_0698_noAttribute.wav,heldout,friction_burst,0.9295552968978882
valveEmu/train/section_00_source_train_normal_0699_noAttribute.wav,heldout,friction_burst,0.917598307132721
valveEmu/train/section_00_source_train_normal_0703_noAttribute.wav,heldout,friction_burst,0.9860512018203735
valveEmu/train/section_00_source_train_normal_0705_noAttribute.wav,heldout,friction_burst,0.9275913238525391
valveEmu/train/section_00_source_train_normal_0728_noAttribute.wav,heldout,friction_burst,0.9517620205879211
valveEmu/train/section_00_source_train_normal_0734_noAttribute.wav,heldout,friction_burst,0.9172253012657166
valveEmu/train/section_00_source_train_normal_0741_noAttribute.wav,heldout,friction_burst,0.9421893358230591
valveEmu/train/section_00_source_train_normal_0769_noAttribute.wav,heldout,friction_burst,0.8432095646858215
valveEmu/train/section_00_source_train_normal_0775_noAttribute.wav,heldout,friction_burst,0.9531362056732178
valveEmu/train/section_00_source_train_normal_0798_noAttribute.wav,heldout,friction_burst,0.9660719633102417
valveEmu/train/section_00_source_train_normal_0801_noAttribute.wav,heldout,friction_burst,0.9988449811935425
valveEmu/train/section_00_source_train_normal_0815_noAttribute.wav,heldout,friction_burst,0.9758949279785156
valveEmu/train/section_00_source_train_normal_0820_noAttribute.wav,heldout,friction_burst,0.9258668422698975
valveEmu/train/section_00_source_train_normal_0840_noAttribute.wav,heldout,friction_burst,0.8844627737998962
valveEmu/train/section_00_source_train_normal_0848_noAttribute.wav,heldout,friction_burst,0.9698615074157715
valveEmu/train/section_00_source_train_normal_0849_noAttribute.wav,heldout,friction_burst,0.981056272983551
valveEmu/train/section_00_source_train_normal_0856_noAttribute.wav,heldout,friction_burst,0.9781670570373535
valveEmu/train/section_00_source_train_normal_0862_noAttribute.wav,heldout,friction_burst,0.9613837599754333
valveEmu/train/section_00_source_train_normal_0865_noAttribute.wav,heldout,friction_burst,0.9581660628318787
valveEmu/train/section_00_source_train_normal_0900_noAttribute.wav,heldout,friction_burst,0.9976440668106079
valveEmu/train/section_00_source_train_normal_0904_noAttribute.wav,heldout,friction_burst,0.8810743093490601
valveEmu/train/section_00_source_train_normal_0906_noAttribute.wav,heldout,friction_burst,0.9621886610984802
valveEmu/train/section_00_source_train_normal_0919_noAttribute.wav,heldout,friction_burst,0.9871174097061157
valveEmu/train/section_00_source_train_normal_0935_noAttribute.wav,heldout,friction_burst,0.9897000193595886
valveEmu/train/section_00_source_train_normal_0938_noAttribute.wav,heldout,friction_burst,0.9777143597602844
valveEmu/train/section_00_source_train_normal_0954_noAttribute.wav,heldout,friction_burst,0.9681347012519836
valveEmu/train/section_00_source_train_normal_0955_noAttribute.wav,heldout,friction_burst,0.9601893424987793
valveEmu/train/section_00_source_train_normal_0970_noAttribute.wav,heldout,friction_burst,0.952742338180542
valveEmu/train/section_00_source_train_normal_0989_noAttribute.wav,heldout,friction_burst,0.9995763301849365
