file_id,machine_type,section,domain,condition,anomaly_score,model_id,experiment_id
ToyCar/test/section_00_source_test_anomaly_0000_noAttribute.wav,ToyCar,section_00,source,anomaly,0.007460641209036112,fp_naa_c2_fault_preserving_seed13711,server02_fp_naa_screening_20260817T165229Z
ToyCar/test/section_00_source_test_anomaly_0001_noAttribute.wav,ToyCar,section_00,source,anomaly,0.006073883734643459,fp_naa_c2_fault_preserving_seed13711,server02_fp_naa_screening_20260817T165229Z
ToyCar/test/section_00_source_test_anomaly_0008_noAttribute.wav,ToyCar,section_00,source,anomaly,0.0059126284904778,fp_naa_c2_fault_preserving_seed13711,server02_fp_naa_screening_20260817T165229Z
ToyCar/test/section_00_source_test_anomaly_0009_noAttribute.wav,ToyCar,section_00,source,anomaly,0.006665525026619434,fp_naa_c2_fault_preserving_seed13711,server02_fp_naa_screening_20260817T165229Z
ToyCar/test/section_00_source_test_anomaly_0010_noAttribute.wav,ToyCar,section_00,source,anomaly,0.0056100524961948395,fp_naa_c2_fault_preserving_seed13711,server02_fp_naa_screening_20260817T165229Z
ToyCar/test/section_00_source_test_anomaly_0011_noAttribute.wav,ToyCar,section_00,source,anomaly,0.002438138471916318,fp_naa_c2_fault_preserving_seed13711,server02_fp_naa_screening_20260817T165229Z
ToyCar/test/section_00_source_test_anomaly_0013_noAttribute.wav,ToyCar,section_00,source,anomaly,0.003515030024573207,fp_naa_c2_fault_preserving_seed13711,server02_fp_naa_screening_20260817T165229Z
ToyCar/test/section_00_source_test_anomaly_0017_noAttribute.wav,ToyCar,section_00,source,anomaly,0.004260288085788488,fp_naa_c2_fault_preserving_seed13711,server02_fp_naa_screening_20260817T165229Z
ToyCar/test/section_00_source_test_anomaly_0022_noAttribute.wav,ToyCar,section_00,source,anomaly,0.003081241622567177,fp_naa_c2_fault_preserving_seed13711,server02_fp_naa_screening_20260817T165229Z
ToyCar/test/section_00_source_test_anomaly_0028_noAttribute.wav,ToyCar,section_00,source,anomaly,0.003055000212043524,fp_naa_c2_fault_preserving_seed13711,server02_fp_naa_screening_20260817T165229Z
ToyCar/test/section_00_source_test_anomaly_0032_noAttribute.wav,ToyCar,section_00,source,anomaly,0.003924817778170109,fp_naa_c2_fault_preserving_seed13711,server02_fp_naa_screening_20260817T165229Z
ToyCar/test/section_00_source_test_anomaly_0033_noAttribute.wav,ToyCar,section_00,source,anomaly,0.00392473628744483,fp_naa_c2_fault_preserving_seed13711,server02_fp_naa_screening_20260817T165229Z
ToyCar/test/section_00_source_test_anomaly_0037_noAttribute.wav,ToyCar,section_00,source,anomaly,0.004341545980423689,fp_naa_c2_fault_preserving_seed13711,server02_fp_naa_screening_20260817T165229Z
ToyCar/test/section_00_source_test_anomaly_0039_noAttribute.wav,ToyCar,section_00,source,anomaly,0.005909147206693888,fp_naa_c2_fault_preserving_seed13711,server02_fp_naa_screening_20260817T165229Z
ToyCar/test/section_00_source_test_anomaly_0042_noAttribute.wav,ToyCar,section_00,source,anomaly,0.003655307926237583,fp_naa_c2_fault_preserving_seed13711,server02_fp_naa_screening_20260817T165229Z
ToyCar/test/section_00_source_test_anomaly_0044_noAttribute.wav,ToyCar,section_00,source,anomaly,0.004432037938386202,fp_naa_c2_fault_preserving_seed13711,server02_fp_naa_screening_20260817T165229Z
ToyCar/test/section_00_source_test_anomaly_0047_noAttribute.wav,ToyCar,section_00,source,anomaly,0.002210636856034398,fp_naa_c2_fault_preserving_seed13711,server02_fp_naa_screening_20260817T165229Z
ToyCar/test/section_00_source_test_anomaly_0049_noAttribute.wav,ToyCar,section_00,source,anomaly,0.0032549439929425716,fp_naa_c2_fault_preserving_seed13711,server02_fp_naa_screening_20260817T165229Z
ToyCar/test/section_00_source_test_anomaly_0051_noAttribute.wav,ToyCar,section_00,source,anomaly,0.006690855138003826,fp_naa_c2_fault_preserving_seed13711,server02_fp_naa_screening_20260817T165229Z
ToyCar/test/section_00_source_test_anomaly_0060_noAttribute.wav,ToyCar,section_00,source,anomaly,0.00280478922650218,fp_naa_c2_fault_preserving_seed13711,server02_fp_naa_screening_20260817T165229Z
ToyCar/test/section_00_source_test_anomaly_0064_noAttribute.wav,ToyCar,section_00,source,anomaly,0.0026562539860606194,fp_naa_c2_fault_preserving_seed13711,server02_fp_naa_screening_20260817T165229Z
ToyCar/test/section_00_source_test_anomaly_0067_noAttribute.wav,ToyCar,section_00,source,anomaly,0.005702014546841383,fp_naa_c2_fault_preserving_seed13711,server02_fp_naa_screening_20260817T165229Z
ToyCar/test/section_00_source_test_anomaly_0081_noAttribute.wav,ToyCar,section_00,source,anomaly,0.003292984329164028,fp_naa_c2_fault_preserving_seed13711,server02_fp_naa_screening_20260817T165229Z
ToyCar/test/section_00_source_test_anomaly_0082_noAttribute.wav,ToyCar,section_00,source,anomaly,0.003807947039604187,fp_naa_c2_fault_preserving_seed13711,server02_fp_naa_screening_20260817T165229Z
ToyCar/test/section_00_source_test_anomaly_0084_noAttribute.wav,ToyCar,section_00,source,anomaly,0.0028916317969560623,fp_naa_c2_fault_preserving_seed13711,server02_fp_naa_screening_20260817T165229Z
ToyCar/test/section_00_source_test_anomaly_0090_noAttribute.wav,ToyCar,section_00,source,anomaly,0.0028793944511562586,fp_naa_c2_fault_preserving_seed13711,server02_fp_naa_screening_20260817T165229Z
ToyCar/test/section_00_source_test_anomaly_0091_noAttribute.wav,ToyCar,section_00,source,anomaly,0.0026273480616509914,fp_naa_c2_fault_preserving_seed13711,server02_fp_naa_screening_20260817T165229Z
ToyCar/test/section_00_source_test_anomaly_0094_noAttribute.wav,ToyCar,section_00,source,anomaly,0.009642887860536575,fp_naa_c2_fault_preserving_seed13711,server02_fp_naa_screening_20260817T165229Z
ToyCar/test/section_00_source_test_anomaly_0095_noAttribute.wav,ToyCar,section_00,source,anomaly,0.0037931373808532953,fp_naa_c2_fault_preserving_seed13711,server02_fp_naa_screening_20260817T165229Z
ToyCar/test/section_00_source_test_anomaly_0096_noAttribute.wav,ToyCar,section_00,source,anomaly,0.01251738891005516,fp_naa_c2_fault_preserving_seed13711,server02_fp_naa_screening_20260817T165229Z
ToyCar/test/section_00_source_test_anomaly_0097_noAttribute.wav,ToyCar,section_00,source,anomaly,0.002384801162406802,fp_naa_c2_fault_preserving_seed13711,server02_fp_naa_screening_20260817T165229Z
ToyCar/test/section_00_source_test_anomaly_0103_noAttribute.wav,ToyCar,section_00,source,anomaly,0.003298319410532713,fp_naa_c2_fault_preserving_seed13711,server02_fp_naa_screening_20260817T165229Z
ToyCar/test/section_00_source_test_anomaly_0104_noAttribute.wav,ToyCar,section_00,source,anomaly,0.0045632366091012955,fp_naa_c2_fault_preserving_seed13711,server02_fp_naa_screening_20260817T165229Z
ToyCar/test/section_00_source_test_anomaly_0106_noAttribute.wav,ToyCar,section_00,source,anomaly,0.003630097024142742,fp_naa_c2_fault_preserving_seed13711,server02_fp_naa_screening_20260817T165229Z
ToyCar/test/section_00_source_test_anomaly_0107_noAttribute.wav,ToyCar,section_00,source,anomaly,0.005080170929431915,fp_naa_c2_fault_preserving_seed13711,server02_fp_naa_screening_20260817T165229Z
ToyCar/test/section_00_source_test_anomaly_0120_noAttribute.wav,ToyCar,section_00,source,anomaly,0.004471969325095415,fp_naa_c2_fault_preserving_seed13711,server02_fp_naa_screening_20260817T165229Z
ToyCar/test/section_00_source_test_anomaly_0131_noAttribute.wav,ToyCar,section_00,source,anomaly,0.0029692735988646746,fp_naa_c2_fault_preserving_seed13711,server02_fp_naa_screening_20260817T165229Z
ToyCar/test/section_00_source_test_anomaly_0138_noAttribute.wav,ToyCar,section_00,source,anomaly,0.004876637365669012,fp_naa_c2_fault_preserving_seed13711,server02_fp_naa_screening_20260817T165229Z
ToyCar/test/section_00_source_test_anomaly_0139_noAttribute.wav,ToyCar,section_00,source,anomaly,0.0040666209533810616,fp_naa_c2_fault_preserving_seed13711,server02_fp_naa_screening_20260817T165229Z
ToyCar/test/section_00_source_test_anomaly_0143_noAttribute.wav,ToyCar,section_00,source,anomaly,0.006135772913694382,fp_naa_c2_fault_preserving_seed13711,server02_fp_naa_screening_20260817T165229Z
ToyCar/test/section_00_source_test_anomaly_0145_noAttribute.wav,ToyCar,section_00,source,anomaly,0.003357159672304988,fp_naa_c2_fault_preserving_seed13711,server02_fp_naa_screening_20260817T165229Z
ToyCar/test/section_00_source_test_anomaly_0146_noAttribute.wav,ToyCar,section_00,source,anomaly,0.004588283598423004,fp_naa_c2_fault_preserving_seed13711,server02_fp_naa_screening_20260817T165229Z
ToyCar/test/section_00_source_test_anomaly_0152_noAttribute.wav,ToyCar,section_00,source,anomaly,0.006023496855050325,fp_naa_c2_fault_preserving_seed13711,server02_fp_naa_screening_20260817T165229Z
ToyCar/test/section_00_source_test_anomaly_0164_noAttribute.wav,ToyCar,section_00,source,anomaly,0.011582817882299423,fp_naa_c2_fault_preserving_seed13711,server02_fp_naa_screening_20260817T165229Z
ToyCar/test/section_00_source_test_anomaly_0167_noAttribute.wav,ToyCar,section_00,source,anomaly,0.005383957177400589,fp_naa_c2_fault_preserving_seed13711,server02_fp_naa_screening_20260817T165229Z
ToyCar/test/section_00_source_test_anomaly_0170_noAttribute.wav,ToyCar,section_00,source,anomaly,0.00385309592820704,fp_naa_c2_fault_preserving_seed13711,server02_fp_naa_screening_20260817T165229Z
ToyCar/test/section_00_source_test_anomaly_0176_noAttribute.wav,ToyCar,section_00,source,anomaly,0.0072760870680212975,fp_naa_c2_fault_preserving_seed13711,server02_fp_naa_screening_20260817T165229Z
ToyCar/test/section_00_source_test_anomaly_0180_noAttribute.wav,ToyCar,section_00,source,anomaly,0.008380835875868797,fp_naa_c2_fault_preserving_seed13711,server02_fp_naa_screening_20260817T165229Z
ToyCar/test/section_00_source_test_anomaly_0187_noAttribute.wav,ToyCar,section_00,source,anomaly,0.004988823086023331,fp_naa_c2_fault_preserving_seed13711,server02_fp_naa_screening_20260817T165229Z
ToyCar/test/section_00_source_test_anomaly_0193_noAttribute.wav,ToyCar,section_00,source,anomaly,0.002328828675672412,fp_naa_c2_fault_preserving_seed13711,server02_fp_naa_screening_20260817T165229Z
ToyCar/test/section_00_source_test_normal_0002_noAttribute.wav,ToyCar,section_00,source,normal,0.0044033704325556755,fp_naa_c2_fault_preserving_seed13711,server02_fp_naa_screening_20260817T165229Z
ToyCar/test/section_00_source_test_normal_0004_noAttribute.wav,ToyCar,section_00,source,normal,0.0023990492336452007,fp_naa_c2_fault_preserving_seed13711,server02_fp_naa_screening_20260817T165229Z
ToyCar/test/section_00_source_test_normal_0006_noAttribute.wav,ToyCar,section_00,source,normal,0.0015043180901557207,fp_naa_c2_fault_preserving_seed13711,server02_fp_naa_screening_20260817T165229Z
ToyCar/test/section_00_source_test_normal_0007_noAttribute.wav,ToyCar,section_00,source,normal,0.0023169727064669132,fp_naa_c2_fault_preserving_seed13711,server02_fp_naa_screening_20260817T165229Z
ToyCar/test/section_00_source_test_normal_0020_noAttribute.wav,ToyCar,section_00,source,normal,0.0028268659953027964,fp_naa_c2_fault_preserving_seed13711,server02_fp_naa_screening_20260817T165229Z
ToyCar/test/section_00_source_test_normal_0021_noAttribute.wav,ToyCar,section_00,source,normal,0.0026391511783003807,fp_naa_c2_fault_preserving_seed13711,server02_fp_naa_screening_20260817T165229Z
ToyCar/test/section_00_source_test_normal_0023_noAttribute.wav,ToyCar,section_00,source,normal,0.0013710237108170986,fp_naa_c2_fault_preserving_seed13711,server02_fp_naa_screening_20260817T165229Z
ToyCar/test/section_00_source_test_normal_0026_noAttribute.wav,ToyCar,section_00,source,normal,0.0030354377813637257,fp_naa_c2_fault_preserving_seed13711,server02_fp_naa_screening_20260817T165229Z
ToyCar/test/section_00_source_test_normal_0027_noAttribute.wav,ToyCar,section_00,source,normal,0.0015717785572633147,fp_naa_c2_fault_preserving_seed13711,server02_fp_naa_screening_20260817T165229Z
ToyCar/test/section_00_source_test_normal_0034_noAttribute.wav,ToyCar,section_00,source,normal,0.0015164039796218276,fp_naa_c2_fault_preserving_seed13711,server02_fp_naa_screening_20260817T165229Z
ToyCar/test/section_00_source_test_normal_0035_noAttribute.wav,ToyCar,section_00,source,normal,0.0011630462249740958,fp_naa_c2_fault_preserving_seed13711,server02_fp_naa_screening_20260817T165229Z
ToyCar/test/section_00_source_test_normal_0036_noAttribute.wav,ToyCar,section_00,source,normal,0.0011822773376479745,fp_naa_c2_fault_preserving_seed13711,server02_fp_naa_screening_20260817T165229Z
ToyCar/test/section_00_source_test_normal_0043_noAttribute.wav,ToyCar,section_00,source,normal,0.0016259632539004087,fp_naa_c2_fault_preserving_seed13711,server02_fp_naa_screening_20260817T165229Z
ToyCar/test/section_00_source_test_normal_0045_noAttribute.wav,ToyCar,section_00,source,normal,0.002630866365507245,fp_naa_c2_fault_preserving_seed13711,server02_fp_naa_screening_20260817T165229Z
ToyCar/test/section_00_source_test_normal_0048_noAttribute.wav,ToyCar,section_00,source,normal,0.002523182425647974,fp_naa_c2_fault_preserving_seed13711,server02_fp_naa_screening_20260817T165229Z
ToyCar/test/section_00_source_test_normal_0050_noAttribute.wav,ToyCar,section_00,source,normal,0.0071106222458183765,fp_naa_c2_fault_preserving_seed13711,server02_fp_naa_screening_20260817T165229Z
ToyCar/test/section_00_source_test_normal_0057_noAttribute.wav,ToyCar,section_00,source,normal,0.003108150325715542,fp_naa_c2_fault_preserving_seed13711,server02_fp_naa_screening_20260817T165229Z
ToyCar/test/section_00_source_test_normal_0070_noAttribute.wav,ToyCar,section_00,source,normal,0.00815291702747345,fp_naa_c2_fault_preserving_seed13711,server02_fp_naa_screening_20260817T165229Z
ToyCar/test/section_00_source_test_normal_0074_noAttribute.wav,ToyCar,section_00,source,normal,0.0038614594377577305,fp_naa_c2_fault_preserving_seed13711,server02_fp_naa_screening_20260817T165229Z
ToyCar/test/section_00_source_test_normal_0077_noAttribute.wav,ToyCar,section_00,source,normal,0.0038105351850390434,fp_naa_c2_fault_preserving_seed13711,server02_fp_naa_screening_20260817T165229Z
ToyCar/test/section_00_source_test_normal_0078_noAttribute.wav,ToyCar,section_00,source,normal,0.0015234136953949928,fp_naa_c2_fault_preserving_seed13711,server02_fp_naa_screening_20260817T165229Z
ToyCar/test/section_00_source_test_normal_0079_noAttribute.wav,ToyCar,section_00,source,normal,0.004663967527449131,fp_naa_c2_fault_preserving_seed13711,server02_fp_naa_screening_20260817T165229Z
ToyCar/test/section_00_source_test_normal_0083_noAttribute.wav,ToyCar,section_00,source,normal,0.0019461886258795857,fp_naa_c2_fault_preserving_seed13711,server02_fp_naa_screening_20260817T165229Z
ToyCar/test/section_00_source_test_normal_0087_noAttribute.wav,ToyCar,section_00,source,normal,0.004641406238079071,fp_naa_c2_fault_preserving_seed13711,server02_fp_naa_screening_20260817T165229Z
ToyCar/test/section_00_source_test_normal_0089_noAttribute.wav,ToyCar,section_00,source,normal,0.004578184802085161,fp_naa_c2_fault_preserving_seed13711,server02_fp_naa_screening_20260817T165229Z
ToyCar/test/section_00_source_test_normal_0098_noAttribute.wav,ToyCar,section_00,source,normal,0.007876533083617687,fp_naa_c2_fault_preserving_seed13711,server02_fp_naa_screening_20260817T165229Z
ToyCar/test/section_00_source_test_normal_0099_noAttribute.wav,ToyCar,section_00,source,normal,0.002025539753958583,fp_naa_c2_fault_preserving_seed13711,server02_fp_naa_screening_20260817T165229Z
ToyCar/test/section_00_source_test_normal_0102_noAttribute.wav,ToyCar,section_00,source,normal,0.002179487608373165,fp_naa_c2_fault_preserving_seed13711,server02_fp_naa_screening_20260817T165229Z
ToyCar/test/section_00_source_test_normal_0105_noAttribute.wav,ToyCar,section_00,source,normal,0.002952190116047859,fp_naa_c2_fault_preserving_seed13711,server02_fp_naa_screening_20260817T165229Z
ToyCar/test/section_00_source_test_normal_0108_noAttribute.wav,ToyCar,section_00,source,normal,0.008052661083638668,fp_naa_c2_fault_preserving_seed13711,server02_fp_naa_screening_20260817T165229Z
ToyCar/test/section_00_source_test_normal_0111_noAttribute.wav,ToyCar,section_00,source,normal,0.002411074936389923,fp_naa_c2_fault_preserving_seed13711,server02_fp_naa_screening_20260817T165229Z
ToyCar/test/section_00_source_test_normal_0112_noAttribute.wav,ToyCar,section_00,source,normal,0.0031687624286860228,fp_naa_c2_fault_preserving_seed13711,server02_fp_naa_screening_20260817T165229Z
ToyCar/test/section_00_source_test_normal_0113_noAttribute.wav,ToyCar,section_00,source,normal,0.004861321300268173,fp_naa_c2_fault_preserving_seed13711,server02_fp_naa_screening_20260817T165229Z
ToyCar/test/section_00_source_test_normal_0114_noAttribute.wav,ToyCar,section_00,source,normal,0.0024274263996630907,fp_naa_c2_fault_preserving_seed13711,server02_fp_naa_screening_20260817T165229Z
ToyCar/test/section_00_source_test_normal_0115_noAttribute.wav,ToyCar,section_00,source,normal,0.005628197453916073,fp_naa_c2_fault_preserving_seed13711,server02_fp_naa_screening_20260817T165229Z
ToyCar/test/section_00_source_test_normal_0125_noAttribute.wav,ToyCar,section_00,source,normal,0.0029221237637102604,fp_naa_c2_fault_preserving_seed13711,server02_fp_naa_screening_20260817T165229Z
ToyCar/test/section_00_source_test_normal_0135_noAttribute.wav,ToyCar,section_00,source,normal,0.002281338442116976,fp_naa_c2_fault_preserving_seed13711,server02_fp_naa_screening_20260817T165229Z
ToyCar/test/section_00_source_test_normal_0136_noAttribute.wav,ToyCar,section_00,source,normal,0.0027013642247766256,fp_naa_c2_fault_preserving_seed13711,server02_fp_naa_screening_20260817T165229Z
ToyCar/test/section_00_source_test_normal_0137_noAttribute.wav,ToyCar,section_00,source,normal,0.0026753973215818405,fp_naa_c2_fault_preserving_seed13711,server02_fp_naa_screening_20260817T165229Z
ToyCar/test/section_00_source_test_normal_0150_noAttribute.wav,ToyCar,section_00,source,normal,0.003877246519550681,fp_naa_c2_fault_preserving_seed13711,server02_fp_naa_screening_20260817T165229Z
ToyCar/test/section_00_source_test_normal_0156_noAttribute.wav,ToyCar,section_00,source,normal,0.0034610868897289038,fp_naa_c2_fault_preserving_seed13711,server02_fp_naa_screening_20260817T165229Z
ToyCar/test/section_00_source_test_normal_0158_noAttribute.wav,ToyCar,section_00,source,normal,0.005180070176720619,fp_naa_c2_fault_preserving_seed13711,server02_fp_naa_screening_20260817T165229Z
ToyCar/test/section_00_source_test_normal_0159_noAttribute.wav,ToyCar,section_00,source,normal,0.002834327518939972,fp_naa_c2_fault_preserving_seed13711,server02_fp_naa_screening_20260817T165229Z
ToyCar/test/section_00_source_test_normal_0162_noAttribute.wav,ToyCar,section_00,source,normal,0.003169348230585456,fp_naa_c2_fault_preserving_seed13711,server02_fp_naa_screening_20260817T165229Z
ToyCar/test/section_00_source_test_normal_0165_noAttribute.wav,ToyCar,section_00,source,normal,0.0038197729736566544,fp_naa_c2_fault_preserving_seed13711,server02_fp_naa_screening_20260817T165229Z
ToyCar/test/section_00_source_test_normal_0168_noAttribute.wav,ToyCar,section_00,source,normal,0.002755674533545971,fp_naa_c2_fault_preserving_seed13711,server02_fp_naa_screening_20260817T165229Z
ToyCar/test/section_00_source_test_normal_0173_noAttribute.wav,ToyCar,section_00,source,normal,0.0022732792422175407,fp_naa_c2_fault_preserving_seed13711,server02_fp_naa_screening_20260817T165229Z
ToyCar/test/section_00_source_test_normal_0179_noAttribute.wav,ToyCar,section_00,source,normal,0.002538550877943635,fp_naa_c2_fault_preserving_seed13711,server02_fp_naa_screening_20260817T165229Z
ToyCar/test/section_00_source_test_normal_0181_noAttribute.wav,ToyCar,section_00,source,normal,0.005372242536395788,fp_naa_c2_fault_preserving_seed13711,server02_fp_naa_screening_20260817T165229Z
ToyCar/test/section_00_source_test_normal_0195_noAttribute.wav,ToyCar,section_00,source,normal,0.003036030102521181,fp_naa_c2_fault_preserving_seed13711,server02_fp_naa_screening_20260817T165229Z
ToyCar/test/section_00_target_test_anomaly_0005_noAttribute.wav,ToyCar,section_00,target,anomaly,0.004202286712825298,fp_naa_c2_fault_preserving_seed13711,server02_fp_naa_screening_20260817T165229Z
ToyCar/test/section_00_target_test_anomaly_0012_noAttribute.wav,ToyCar,section_00,target,anomaly,-0.0008857353241182864,fp_naa_c2_fault_preserving_seed13711,server02_fp_naa_screening_20260817T165229Z
ToyCar/test/section_00_target_test_anomaly_0014_noAttribute.wav,ToyCar,section_00,target,anomaly,0.0016303686425089836,fp_naa_c2_fault_preserving_seed13711,server02_fp_naa_screening_20260817T165229Z
ToyCar/test/section_00_target_test_anomaly_0015_noAttribute.wav,ToyCar,section_00,target,anomaly,-0.0007746540359221399,fp_naa_c2_fault_preserving_seed13711,server02_fp_naa_screening_20260817T165229Z
ToyCar/test/section_00_target_test_anomaly_0018_noAttribute.wav,ToyCar,section_00,target,anomaly,0.0060577914118766785,fp_naa_c2_fault_preserving_seed13711,server02_fp_naa_screening_20260817T165229Z
ToyCar/test/section_00_target_test_anomaly_0025_noAttribute.wav,ToyCar,section_00,target,anomaly,-0.00039489573100581765,fp_naa_c2_fault_preserving_seed13711,server02_fp_naa_screening_20260817T165229Z
ToyCar/test/section_00_target_test_anomaly_0029_noAttribute.wav,ToyCar,section_00,target,anomaly,0.00022166146663948894,fp_naa_c2_fault_preserving_seed13711,server02_fp_naa_screening_20260817T165229Z
ToyCar/test/section_00_target_test_anomaly_0031_noAttribute.wav,ToyCar,section_00,target,anomaly,0.0005548731423914433,fp_naa_c2_fault_preserving_seed13711,server02_fp_naa_screening_20260817T165229Z
ToyCar/test/section_00_target_test_anomaly_0038_noAttribute.wav,ToyCar,section_00,target,anomaly,0.0014945489820092916,fp_naa_c2_fault_preserving_seed13711,server02_fp_naa_screening_20260817T165229Z
ToyCar/test/section_00_target_test_anomaly_0040_noAttribute.wav,ToyCar,section_00,target,anomaly,0.0002901654224842787,fp_naa_c2_fault_preserving_seed13711,server02_fp_naa_screening_20260817T165229Z
ToyCar/test/section_00_target_test_anomaly_0046_noAttribute.wav,ToyCar,section_00,target,anomaly,0.006945138797163963,fp_naa_c2_fault_preserving_seed13711,server02_fp_naa_screening_20260817T165229Z
ToyCar/test/section_00_target_test_anomaly_0052_noAttribute.wav,ToyCar,section_00,target,anomaly,0.0015972960973158479,fp_naa_c2_fault_preserving_seed13711,server02_fp_naa_screening_20260817T165229Z
ToyCar/test/section_00_target_test_anomaly_0053_noAttribute.wav,ToyCar,section_00,target,anomaly,0.0016074103768914938,fp_naa_c2_fault_preserving_seed13711,server02_fp_naa_screening_20260817T165229Z
ToyCar/test/section_00_target_test_anomaly_0054_noAttribute.wav,ToyCar,section_00,target,anomaly,0.0014750713016837835,fp_naa_c2_fault_preserving_seed13711,server02_fp_naa_screening_20260817T165229Z
ToyCar/test/section_00_target_test_anomaly_0056_noAttribute.wav,ToyCar,section_00,target,anomaly,0.0058100344613194466,fp_naa_c2_fault_preserving_seed13711,server02_fp_naa_screening_20260817T165229Z
ToyCar/test/section_00_target_test_anomaly_0058_noAttribute.wav,ToyCar,section_00,target,anomaly,0.0006530302343890071,fp_naa_c2_fault_preserving_seed13711,server02_fp_naa_screening_20260817T165229Z
ToyCar/test/section_00_target_test_anomaly_0062_noAttribute.wav,ToyCar,section_00,target,anomaly,0.00021188874961808324,fp_naa_c2_fault_preserving_seed13711,server02_fp_naa_screening_20260817T165229Z
ToyCar/test/section_00_target_test_anomaly_0063_noAttribute.wav,ToyCar,section_00,target,anomaly,0.008932108990848064,fp_naa_c2_fault_preserving_seed13711,server02_fp_naa_screening_20260817T165229Z
ToyCar/test/section_00_target_test_anomaly_0066_noAttribute.wav,ToyCar,section_00,target,anomaly,0.0004864059155806899,fp_naa_c2_fault_preserving_seed13711,server02_fp_naa_screening_20260817T165229Z
ToyCar/test/section_00_target_test_anomaly_0069_noAttribute.wav,ToyCar,section_00,target,anomaly,0.0011669639497995377,fp_naa_c2_fault_preserving_seed13711,server02_fp_naa_screening_20260817T165229Z
ToyCar/test/section_00_target_test_anomaly_0072_noAttribute.wav,ToyCar,section_00,target,anomaly,0.0077806515619158745,fp_naa_c2_fault_preserving_seed13711,server02_fp_naa_screening_20260817T165229Z
ToyCar/test/section_00_target_test_anomaly_0073_noAttribute.wav,ToyCar,section_00,target,anomaly,-0.0006445323233492672,fp_naa_c2_fault_preserving_seed13711,server02_fp_naa_screening_20260817T165229Z
ToyCar/test/section_00_target_test_anomaly_0076_noAttribute.wav,ToyCar,section_00,target,anomaly,0.0003376374370418489,fp_naa_c2_fault_preserving_seed13711,server02_fp_naa_screening_20260817T165229Z
ToyCar/test/section_00_target_test_anomaly_0080_noAttribute.wav,ToyCar,section_00,target,anomaly,0.0007467184332199395,fp_naa_c2_fault_preserving_seed13711,server02_fp_naa_screening_20260817T165229Z
ToyCar/test/section_00_target_test_anomaly_0092_noAttribute.wav,ToyCar,section_00,target,anomaly,-0.0001397982705384493,fp_naa_c2_fault_preserving_seed13711,server02_fp_naa_screening_20260817T165229Z
ToyCar/test/section_00_target_test_anomaly_0109_noAttribute.wav,ToyCar,section_00,target,anomaly,0.0009542962070554495,fp_naa_c2_fault_preserving_seed13711,server02_fp_naa_screening_20260817T165229Z
ToyCar/test/section_00_target_test_anomaly_0110_noAttribute.wav,ToyCar,section_00,target,anomaly,0.0013806491624563932,fp_naa_c2_fault_preserving_seed13711,server02_fp_naa_screening_20260817T165229Z
ToyCar/test/section_00_target_test_anomaly_0116_noAttribute.wav,ToyCar,section_00,target,anomaly,0.009364672005176544,fp_naa_c2_fault_preserving_seed13711,server02_fp_naa_screening_20260817T165229Z
ToyCar/test/section_00_target_test_anomaly_0119_noAttribute.wav,ToyCar,section_00,target,anomaly,-2.1565065253525972e-05,fp_naa_c2_fault_preserving_seed13711,server02_fp_naa_screening_20260817T165229Z
ToyCar/test/section_00_target_test_anomaly_0127_noAttribute.wav,ToyCar,section_00,target,anomaly,0.0019171545282006264,fp_naa_c2_fault_preserving_seed13711,server02_fp_naa_screening_20260817T165229Z
ToyCar/test/section_00_target_test_anomaly_0129_noAttribute.wav,ToyCar,section_00,target,anomaly,-0.000982372323051095,fp_naa_c2_fault_preserving_seed13711,server02_fp_naa_screening_20260817T165229Z
ToyCar/test/section_00_target_test_anomaly_0130_noAttribute.wav,ToyCar,section_00,target,anomaly,0.002731004264205694,fp_naa_c2_fault_preserving_seed13711,server02_fp_naa_screening_20260817T165229Z
ToyCar/test/section_00_target_test_anomaly_0132_noAttribute.wav,ToyCar,section_00,target,anomaly,0.005725322291254997,fp_naa_c2_fault_preserving_seed13711,server02_fp_naa_screening_20260817T165229Z
ToyCar/test/section_00_target_test_anomaly_0134_noAttribute.wav,ToyCar,section_00,target,anomaly,0.00015190703561529517,fp_naa_c2_fault_preserving_seed13711,server02_fp_naa_screening_20260817T165229Z
ToyCar/test/section_00_target_test_anomaly_0141_noAttribute.wav,ToyCar,section_00,target,anomaly,0.0006810209597460926,fp_naa_c2_fault_preserving_seed13711,server02_fp_naa_screening_20260817T165229Z
ToyCar/test/section_00_target_test_anomaly_0142_noAttribute.wav,ToyCar,section_00,target,anomaly,0.0008588631171733141,fp_naa_c2_fault_preserving_seed13711,server02_fp_naa_screening_20260817T165229Z
ToyCar/test/section_00_target_test_anomaly_0148_noAttribute.wav,ToyCar,section_00,target,anomaly,-0.0014950479380786419,fp_naa_c2_fault_preserving_seed13711,server02_fp_naa_screening_20260817T165229Z
ToyCar/test/section_00_target_test_anomaly_0153_noAttribute.wav,ToyCar,section_00,target,anomaly,0.001901141949929297,fp_naa_c2_fault_preserving_seed13711,server02_fp_naa_screening_20260817T165229Z
ToyCar/test/section_00_target_test_anomaly_0154_noAttribute.wav,ToyCar,section_00,target,anomaly,0.0019137088675051928,fp_naa_c2_fault_preserving_seed13711,server02_fp_naa_screening_20260817T165229Z
ToyCar/test/section_00_target_test_anomaly_0157_noAttribute.wav,ToyCar,section_00,target,anomaly,0.0021857507526874542,fp_naa_c2_fault_preserving_seed13711,server02_fp_naa_screening_20260817T165229Z
ToyCar/test/section_00_target_test_anomaly_0160_noAttribute.wav,ToyCar,section_00,target,anomaly,0.005774476565420628,fp_naa_c2_fault_preserving_seed13711,server02_fp_naa_screening_20260817T165229Z
ToyCar/test/section_00_target_test_anomaly_0161_noAttribute.wav,ToyCar,section_00,target,anomaly,0.001684127259068191,fp_naa_c2_fault_preserving_seed13711,server02_fp_naa_screening_20260817T165229Z
ToyCar/test/section_00_target_test_anomaly_0172_noAttribute.wav,ToyCar,section_00,target,anomaly,0.0023107840679585934,fp_naa_c2_fault_preserving_seed13711,server02_fp_naa_screening_20260817T165229Z
ToyCar/test/section_00_target_test_anomaly_0174_noAttribute.wav,ToyCar,section_00,target,anomaly,0.0012183382641524076,fp_naa_c2_fault_preserving_seed13711,server02_fp_naa_screening_20260817T165229Z
ToyCar/test/section_00_target_test_anomaly_0175_noAttribute.wav,ToyCar,section_00,target,anomaly,0.0028104756493121386,fp_naa_c2_fault_preserving_seed13711,server02_fp_naa_screening_20260817T165229Z
ToyCar/test/section_00_target_test_anomaly_0184_noAttribute.wav,ToyCar,section_00,target,anomaly,0.0003389331977814436,fp_naa_c2_fault_preserving_seed13711,server02_fp_naa_screening_20260817T165229Z
ToyCar/test/section_00_target_test_anomaly_0185_noAttribute.wav,ToyCar,section_00,target,anomaly,-0.0016523036174476147,fp_naa_c2_fault_preserving_seed13711,server02_fp_naa_screening_20260817T165229Z
ToyCar/test/section_00_target_test_anomaly_0186_noAttribute.wav,ToyCar,section_00,target,anomaly,-0.0006723449332639575,fp_naa_c2_fault_preserving_seed13711,server02_fp_naa_screening_20260817T165229Z
ToyCar/test/section_00_target_test_anomaly_0192_noAttribute.wav,ToyCar,section_00,target,anomaly,0.0023155624512583017,fp_naa_c2_fault_preserving_seed13711,server02_fp_naa_screening_20260817T165229Z
ToyCar/test/section_00_target_test_anomaly_0194_noAttribute.wav,ToyCar,section_00,target,anomaly,0.0012228921987116337,fp_naa_c2_fault_preserving_seed13711,server02_fp_naa_screening_20260817T165229Z
ToyCar/test/section_00_target_test_normal_0003_noAttribute.wav,ToyCar,section_00,target,normal,-0.001958465436473489,fp_naa_c2_fault_preserving_seed13711,server02_fp_naa_screening_20260817T165229Z
ToyCar/test/section_00_target_test_normal_0016_noAttribute.wav,ToyCar,section_00,target,normal,-0.0021827947348356247,fp_naa_c2_fault_preserving_seed13711,server02_fp_naa_screening_20260817T165229Z
ToyCar/test/section_00_target_test_normal_0019_noAttribute.wav,ToyCar,section_00,target,normal,-0.0027013681828975677,fp_naa_c2_fault_preserving_seed13711,server02_fp_naa_screening_20260817T165229Z
ToyCar/test/section_00_target_test_normal_0024_noAttribute.wav,ToyCar,section_00,target,normal,0.0007788932416588068,fp_naa_c2_fault_preserving_seed13711,server02_fp_naa_screening_20260817T165229Z
ToyCar/test/section_00_target_test_normal_0030_noAttribute.wav,ToyCar,section_00,target,normal,-0.008856020867824554,fp_naa_c2_fault_preserving_seed13711,server02_fp_naa_screening_20260817T165229Z
ToyCar/test/section_00_target_test_normal_0041_noAttribute.wav,ToyCar,section_00,target,normal,-0.003674240317195654,fp_naa_c2_fault_preserving_seed13711,server02_fp_naa_screening_20260817T165229Z
ToyCar/test/section_00_target_test_normal_0055_noAttribute.wav,ToyCar,section_00,target,normal,-0.0034255986101925373,fp_naa_c2_fault_preserving_seed13711,server02_fp_naa_screening_20260817T165229Z
ToyCar/test/section_00_target_test_normal_0059_noAttribute.wav,ToyCar,section_00,target,normal,-0.004076275508850813,fp_naa_c2_fault_preserving_seed13711,server02_fp_naa_screening_20260817T165229Z
ToyCar/test/section_00_target_test_normal_0061_noAttribute.wav,ToyCar,section_00,target,normal,-0.0012214640155434608,fp_naa_c2_fault_preserving_seed13711,server02_fp_naa_screening_20260817T165229Z
ToyCar/test/section_00_target_test_normal_0065_noAttribute.wav,ToyCar,section_00,target,normal,0.0028614436741918325,fp_naa_c2_fault_preserving_seed13711,server02_fp_naa_screening_20260817T165229Z
ToyCar/test/section_00_target_test_normal_0068_noAttribute.wav,ToyCar,section_00,target,normal,0.00013704679440706968,fp_naa_c2_fault_preserving_seed13711,server02_fp_naa_screening_20260817T165229Z
ToyCar/test/section_00_target_test_normal_0071_noAttribute.wav,ToyCar,section_00,target,normal,-3.408349584788084e-05,fp_naa_c2_fault_preserving_seed13711,server02_fp_naa_screening_20260817T165229Z
ToyCar/test/section_00_target_test_normal_0075_noAttribute.wav,ToyCar,section_00,target,normal,-0.01032806932926178,fp_naa_c2_fault_preserving_seed13711,server02_fp_naa_screening_20260817T165229Z
ToyCar/test/section_00_target_test_normal_0085_noAttribute.wav,ToyCar,section_00,target,normal,-0.001952602295204997,fp_naa_c2_fault_preserving_seed13711,server02_fp_naa_screening_20260817T165229Z
ToyCar/test/section_00_target_test_normal_0086_noAttribute.wav,ToyCar,section_00,target,normal,6.110785761848092e-05,fp_naa_c2_fault_preserving_seed13711,server02_fp_naa_screening_20260817T165229Z
ToyCar/test/section_00_target_test_normal_0088_noAttribute.wav,ToyCar,section_00,target,normal,0.0015491321682929993,fp_naa_c2_fault_preserving_seed13711,server02_fp_naa_screening_20260817T165229Z
ToyCar/test/section_00_target_test_normal_0093_noAttribute.wav,ToyCar,section_00,target,normal,-0.0027757284697145224,fp_naa_c2_fault_preserving_seed13711,server02_fp_naa_screening_20260817T165229Z
ToyCar/test/section_00_target_test_normal_0100_noAttribute.wav,ToyCar,section_00,target,normal,-0.0010262533323839307,fp_naa_c2_fault_preserving_seed13711,server02_fp_naa_screening_20260817T165229Z
ToyCar/test/section_00_target_test_normal_0101_noAttribute.wav,ToyCar,section_00,target,normal,0.003273740643635392,fp_naa_c2_fault_preserving_seed13711,server02_fp_naa_screening_20260817T165229Z
ToyCar/test/section_00_target_test_normal_0117_noAttribute.wav,ToyCar,section_00,target,normal,-0.0027470579370856285,fp_naa_c2_fault_preserving_seed13711,server02_fp_naa_screening_20260817T165229Z
ToyCar/test/section_00_target_test_normal_0118_noAttribute.wav,ToyCar,section_00,target,normal,-0.0048891836777329445,fp_naa_c2_fault_preserving_seed13711,server02_fp_naa_screening_20260817T165229Z
ToyCar/test/section_00_target_test_normal_0121_noAttribute.wav,ToyCar,section_00,target,normal,0.0004942319937981665,fp_naa_c2_fault_preserving_seed13711,server02_fp_naa_screening_20260817T165229Z
ToyCar/test/section_00_target_test_normal_0122_noAttribute.wav,ToyCar,section_00,target,normal,-0.0011643930338323116,fp_naa_c2_fault_preserving_seed13711,server02_fp_naa_screening_20260817T165229Z
ToyCar/test/section_00_target_test_normal_0123_noAttribute.wav,ToyCar,section_00,target,normal,0.0012222867226228118,fp_naa_c2_fault_preserving_seed13711,server02_fp_naa_screening_20260817T165229Z
ToyCar/test/section_00_target_test_normal_0124_noAttribute.wav,ToyCar,section_00,target,normal,-0.00270987581461668,fp_naa_c2_fault_preserving_seed13711,server02_fp_naa_screening_20260817T165229Z
ToyCar/test/section_00_target_test_normal_0126_noAttribute.wav,ToyCar,section_00,target,normal,-0.0011764760129153728,fp_naa_c2_fault_preserving_seed13711,server02_fp_naa_screening_20260817T165229Z
ToyCar/test/section_00_target_test_normal_0128_noAttribute.wav,ToyCar,section_00,target,normal,-0.0007314394460991025,fp_naa_c2_fault_preserving_seed13711,server02_fp_naa_screening_20260817T165229Z
ToyCar/test/section_00_target_test_normal_0133_noAttribute.wav,ToyCar,section_00,target,normal,-0.003025750396773219,fp_naa_c2_fault_preserving_seed13711,server02_fp_naa_screening_20260817T165229Z
ToyCar/test/section_00_target_test_normal_0140_noAttribute.wav,ToyCar,section_00,target,normal,-0.0026202041190117598,fp_naa_c2_fault_preserving_seed13711,server02_fp_naa_screening_20260817T165229Z
ToyCar/test/section_00_target_test_normal_0144_noAttribute.wav,ToyCar,section_00,target,normal,0.00021678837947547436,fp_naa_c2_fault_preserving_seed13711,server02_fp_naa_screening_20260817T165229Z
ToyCar/test/section_00_target_test_normal_0147_noAttribute.wav,ToyCar,section_00,target,normal,-0.006703183054924011,fp_naa_c2_fault_preserving_seed13711,server02_fp_naa_screening_20260817T165229Z
ToyCar/test/section_00_target_test_normal_0149_noAttribute.wav,ToyCar,section_00,target,normal,-0.0060552991926670074,fp_naa_c2_fault_preserving_seed13711,server02_fp_naa_screening_20260817T165229Z
ToyCar/test/section_00_target_test_normal_0151_noAttribute.wav,ToyCar,section_00,target,normal,-0.00010598899098113179,fp_naa_c2_fault_preserving_seed13711,server02_fp_naa_screening_20260817T165229Z
ToyCar/test/section_00_target_test_normal_0155_noAttribute.wav,ToyCar,section_00,target,normal,-0.004373724106699228,fp_naa_c2_fault_preserving_seed13711,server02_fp_naa_screening_20260817T165229Z
ToyCar/test/section_00_target_test_normal_0163_noAttribute.wav,ToyCar,section_00,target,normal,-0.0018524155020713806,fp_naa_c2_fault_preserving_seed13711,server02_fp_naa_screening_20260817T165229Z
ToyCar/test/section_00_target_test_normal_0166_noAttribute.wav,ToyCar,section_00,target,normal,0.0006271942402236164,fp_naa_c2_fault_preserving_seed13711,server02_fp_naa_screening_20260817T165229Z
ToyCar/test/section_00_target_test_normal_0169_noAttribute.wav,ToyCar,section_00,target,normal,-0.0008788242703303695,fp_naa_c2_fault_preserving_seed13711,server02_fp_naa_screening_20260817T165229Z
ToyCar/test/section_00_target_test_normal_0171_noAttribute.wav,ToyCar,section_00,target,normal,-0.0020406353287398815,fp_naa_c2_fault_preserving_seed13711,server02_fp_naa_screening_20260817T165229Z
ToyCar/test/section_00_target_test_normal_0177_noAttribute.wav,ToyCar,section_00,target,normal,0.0012102455366402864,fp_naa_c2_fault_preserving_seed13711,server02_fp_naa_screening_20260817T165229Z
ToyCar/test/section_00_target_test_normal_0178_noAttribute.wav,ToyCar,section_00,target,normal,-0.008035030215978622,fp_naa_c2_fault_preserving_seed13711,server02_fp_naa_screening_20260817T165229Z
ToyCar/test/section_00_target_test_normal_0182_noAttribute.wav,ToyCar,section_00,target,normal,-0.002616011304780841,fp_naa_c2_fault_preserving_seed13711,server02_fp_naa_screening_20260817T165229Z
ToyCar/test/section_00_target_test_normal_0183_noAttribute.wav,ToyCar,section_00,target,normal,-0.0003764486755244434,fp_naa_c2_fault_preserving_seed13711,server02_fp_naa_screening_20260817T165229Z
ToyCar/test/section_00_target_test_normal_0188_noAttribute.wav,ToyCar,section_00,target,normal,-0.0010418840683996677,fp_naa_c2_fault_preserving_seed13711,server02_fp_naa_screening_20260817T165229Z
ToyCar/test/section_00_target_test_normal_0189_noAttribute.wav,ToyCar,section_00,target,normal,0.0003429597709327936,fp_naa_c2_fault_preserving_seed13711,server02_fp_naa_screening_20260817T165229Z
ToyCar/test/section_00_target_test_normal_0190_noAttribute.wav,ToyCar,section_00,target,normal,0.000682383484672755,fp_naa_c2_fault_preserving_seed13711,server02_fp_naa_screening_20260817T165229Z
ToyCar/test/section_00_target_test_normal_0191_noAttribute.wav,ToyCar,section_00,target,normal,0.0004852312267757952,fp_naa_c2_fault_preserving_seed13711,server02_fp_naa_screening_20260817T165229Z
ToyCar/test/section_00_target_test_normal_0196_noAttribute.wav,ToyCar,section_00,target,normal,0.0009034122922457755,fp_naa_c2_fault_preserving_seed13711,server02_fp_naa_screening_20260817T165229Z
ToyCar/test/section_00_target_test_normal_0197_noAttribute.wav,ToyCar,section_00,target,normal,0.00029734987765550613,fp_naa_c2_fault_preserving_seed13711,server02_fp_naa_screening_20260817T165229Z
ToyCar/test/section_00_target_test_normal_0198_noAttribute.wav,ToyCar,section_00,target,normal,-0.0034372908994555473,fp_naa_c2_fault_preserving_seed13711,server02_fp_naa_screening_20260817T165229Z
ToyCar/test/section_00_target_test_normal_0199_noAttribute.wav,ToyCar,section_00,target,normal,0.0007157683721743524,fp_naa_c2_fault_preserving_seed13711,server02_fp_naa_screening_20260817T165229Z
ToyCarEmu/test/section_00_source_test_anomaly_0000_car_B1_spd_3_mic_2_mic_1.wav,ToyCarEmu,section_00,source,anomaly,0.0016985612455755472,fp_naa_c2_fault_preserving_seed13711,server02_fp_naa_screening_20260817T165229Z
ToyCarEmu/test/section_00_source_test_anomaly_0001_car_B1_spd_2_mic_2_mic_1.wav,ToyCarEmu,section_00,source,anomaly,0.0013983603566884995,fp_naa_c2_fault_preserving_seed13711,server02_fp_naa_screening_20260817T165229Z
ToyCarEmu/test/section_00_source_test_anomaly_0008_car_D1_spd_3_mic_2_mic_1.wav,ToyCarEmu,section_00,source,anomaly,0.0027331861201673746,fp_naa_c2_fault_preserving_seed13711,server02_fp_naa_screening_20260817T165229Z
ToyCarEmu/test/section_00_source_test_anomaly_0009_car_C2_spd_3_mic_2_mic_1.wav,ToyCarEmu,section_00,source,anomaly,0.0038692501839250326,fp_naa_c2_fault_preserving_seed13711,server02_fp_naa_screening_20260817T165229Z
ToyCarEmu/test/section_00_source_test_anomaly_0010_car_D2_spd_5_mic_2_mic_1.wav,ToyCarEmu,section_00,source,anomaly,0.00023002145462669432,fp_naa_c2_fault_preserving_seed13711,server02_fp_naa_screening_20260817T165229Z
ToyCarEmu/test/section_00_source_test_anomaly_0011_car_B2_spd_2_mic_2_mic_1.wav,ToyCarEmu,section_00,source,anomaly,0.0016967406263574958,fp_naa_c2_fault_preserving_seed13711,server02_fp_naa_screening_20260817T165229Z
ToyCarEmu/test/section_00_source_test_anomaly_0013_car_D1_spd_5_mic_2_mic_1.wav,ToyCarEmu,section_00,source,anomaly,0.0015177858294919133,fp_naa_c2_fault_preserving_seed13711,server02_fp_naa_screening_20260817T165229Z
ToyCarEmu/test/section_00_source_test_anomaly_0017_car_C1_spd_2_mic_2_mic_1.wav,ToyCarEmu,section_00,source,anomaly,0.007047227118164301,fp_naa_c2_fault_preserving_seed13711,server02_fp_naa_screening_20260817T165229Z
ToyCarEmu/test/section_00_source_test_anomaly_0022_car_B2_spd_3_mic_2_mic_1.wav,ToyCarEmu,section_00,source,anomaly,0.0019772974774241447,fp_naa_c2_fault_preserving_seed13711,server02_fp_naa_screening_20260817T165229Z
ToyCarEmu/test/section_00_source_test_anomaly_0028_car_C2_spd_2_mic_2_mic_1.wav,ToyCarEmu,section_00,source,anomaly,0.0032358563039451838,fp_naa_c2_fault_preserving_seed13711,server02_fp_naa_screening_20260817T165229Z
ToyCarEmu/test/section_00_source_test_anomaly_0032_car_B2_spd_2_mic_2_mic_1.wav,ToyCarEmu,section_00,source,anomaly,0.00255232909694314,fp_naa_c2_fault_preserving_seed13711,server02_fp_naa_screening_20260817T165229Z
ToyCarEmu/test/section_00_source_test_anomaly_0033_car_D2_spd_2_mic_2_mic_1.wav,ToyCarEmu,section_00,source,anomaly,0.0015300859231501818,fp_naa_c2_fault_preserving_seed13711,server02_fp_naa_screening_20260817T165229Z
ToyCarEmu/test/section_00_source_test_anomaly_0037_car_B2_spd_3_mic_2_mic_1.wav,ToyCarEmu,section_00,source,anomaly,0.0017106563318520784,fp_naa_c2_fault_preserving_seed13711,server02_fp_naa_screening_20260817T165229Z
ToyCarEmu/test/section_00_source_test_anomaly_0039_car_C2_spd_3_mic_2_mic_1.wav,ToyCarEmu,section_00,source,anomaly,0.004210144747048616,fp_naa_c2_fault_preserving_seed13711,server02_fp_naa_screening_20260817T165229Z
ToyCarEmu/test/section_00_source_test_anomaly_0042_car_B2_spd_2_mic_2_mic_1.wav,ToyCarEmu,section_00,source,anomaly,0.0002645533822942525,fp_naa_c2_fault_preserving_seed13711,server02_fp_naa_screening_20260817T165229Z
ToyCarEmu/test/section_00_source_test_anomaly_0044_car_B1_spd_5_mic_2_mic_1.wav,ToyCarEmu,section_00,source,anomaly,0.0006783960852771997,fp_naa_c2_fault_preserving_seed13711,server02_fp_naa_screening_20260817T165229Z
ToyCarEmu/test/section_00_source_test_anomaly_0047_car_B2_spd_5_mic_2_mic_1.wav,ToyCarEmu,section_00,source,anomaly,0.0025166855193674564,fp_naa_c2_fault_preserving_seed13711,server02_fp_naa_screening_20260817T165229Z
ToyCarEmu/test/section_00_source_test_anomaly_0049_car_C1_spd_3_mic_2_mic_1.wav,ToyCarEmu,section_00,source,anomaly,0.008747955784201622,fp_naa_c2_fault_preserving_seed13711,server02_fp_naa_screening_20260817T165229Z
ToyCarEmu/test/section_00_source_test_anomaly_0051_car_B1_spd_2_mic_2_mic_1.wav,ToyCarEmu,section_00,source,anomaly,0.0017551553901284933,fp_naa_c2_fault_preserving_seed13711,server02_fp_naa_screening_20260817T165229Z
ToyCarEmu/test/section_00_source_test_anomaly_0060_car_B1_spd_2_mic_2_mic_1.wav,ToyCarEmu,section_00,source,anomaly,0.0020978115499019623,fp_naa_c2_fault_preserving_seed13711,server02_fp_naa_screening_20260817T165229Z
ToyCarEmu/test/section_00_source_test_anomaly_0064_car_C1_spd_3_mic_2_mic_1.wav,ToyCarEmu,section_00,source,anomaly,0.008352628909051418,fp_naa_c2_fault_preserving_seed13711,server02_fp_naa_screening_20260817T165229Z
ToyCarEmu/test/section_00_source_test_anomaly_0067_car_B1_spd_5_mic_2_mic_1.wav,ToyCarEmu,section_00,source,anomaly,0.0007837752345949411,fp_naa_c2_fault_preserving_seed13711,server02_fp_naa_screening_20260817T165229Z
ToyCarEmu/test/section_00_source_test_anomaly_0081_car_C1_spd_3_mic_2_mic_1.wav,ToyCarEmu,section_00,source,anomaly,0.003770815208554268,fp_naa_c2_fault_preserving_seed13711,server02_fp_naa_screening_20260817T165229Z
ToyCarEmu/test/section_00_source_test_anomaly_0082_car_C1_spd_2_mic_2_mic_1.wav,ToyCarEmu,section_00,source,anomaly,0.0069836825132369995,fp_naa_c2_fault_preserving_seed13711,server02_fp_naa_screening_20260817T165229Z
ToyCarEmu/test/section_00_source_test_anomaly_0084_car_C2_spd_5_mic_2_mic_1.wav,ToyCarEmu,section_00,source,anomaly,0.0038883881643414497,fp_naa_c2_fault_preserving_seed13711,server02_fp_naa_screening_20260817T165229Z
ToyCarEmu/test/section_00_source_test_anomaly_0090_car_D1_spd_2_mic_2_mic_1.wav,ToyCarEmu,section_00,source,anomaly,0.0022465346846729517,fp_naa_c2_fault_preserving_seed13711,server02_fp_naa_screening_20260817T165229Z
ToyCarEmu/test/section_00_source_test_anomaly_0091_car_C1_spd_2_mic_2_mic_1.wav,ToyCarEmu,section_00,source,anomaly,0.0055080982856452465,fp_naa_c2_fault_preserving_seed13711,server02_fp_naa_screening_20260817T165229Z
ToyCarEmu/test/section_00_source_test_anomaly_0094_car_B2_spd_5_mic_2_mic_1.wav,ToyCarEmu,section_00,source,anomaly,0.001886300859041512,fp_naa_c2_fault_preserving_seed13711,server02_fp_naa_screening_20260817T165229Z
ToyCarEmu/test/section_00_source_test_anomaly_0095_car_C2_spd_5_mic_2_mic_1.wav,ToyCarEmu,section_00,source,anomaly,0.0071394736878573895,fp_naa_c2_fault_preserving_seed13711,server02_fp_naa_screening_20260817T165229Z
ToyCarEmu/test/section_00_source_test_anomaly_0096_car_D1_spd_2_mic_2_mic_1.wav,ToyCarEmu,section_00,source,anomaly,0.0006425717729143798,fp_naa_c2_fault_preserving_seed13711,server02_fp_naa_screening_20260817T165229Z
ToyCarEmu/test/section_00_source_test_anomaly_0097_car_D2_spd_5_mic_2_mic_1.wav,ToyCarEmu,section_00,source,anomaly,0.0004724223690573126,fp_naa_c2_fault_preserving_seed13711,server02_fp_naa_screening_20260817T165229Z
ToyCarEmu/test/section_00_source_test_anomaly_0103_car_D1_spd_3_mic_2_mic_1.wav,ToyCarEmu,section_00,source,anomaly,0.0009709146688692272,fp_naa_c2_fault_preserving_seed13711,server02_fp_naa_screening_20260817T165229Z
ToyCarEmu/test/section_00_source_test_anomaly_0104_car_D2_spd_2_mic_2_mic_1.wav,ToyCarEmu,section_00,source,anomaly,0.0017576131504029036,fp_naa_c2_fault_preserving_seed13711,server02_fp_naa_screening_20260817T165229Z
ToyCarEmu/test/section_00_source_test_anomaly_0106_car_C2_spd_3_mic_2_mic_1.wav,ToyCarEmu,section_00,source,anomaly,0.005580950062721968,fp_naa_c2_fault_preserving_seed13711,server02_fp_naa_screening_20260817T165229Z
ToyCarEmu/test/section_00_source_test_anomaly_0107_car_D2_spd_2_mic_2_mic_1.wav,ToyCarEmu,section_00,source,anomaly,0.0008544028969481587,fp_naa_c2_fault_preserving_seed13711,server02_fp_naa_screening_20260817T165229Z
ToyCarEmu/test/section_00_source_test_anomaly_0120_car_D2_spd_5_mic_2_mic_1.wav,ToyCarEmu,section_00,source,anomaly,0.0016211583279073238,fp_naa_c2_fault_preserving_seed13711,server02_fp_naa_screening_20260817T165229Z
ToyCarEmu/test/section_00_source_test_anomaly_0131_car_D1_spd_3_mic_2_mic_1.wav,ToyCarEmu,section_00,source,anomaly,0.0016432317206636071,fp_naa_c2_fault_preserving_seed13711,server02_fp_naa_screening_20260817T165229Z
ToyCarEmu/test/section_00_source_test_anomaly_0138_car_B2_spd_2_mic_2_mic_1.wav,ToyCarEmu,section_00,source,anomaly,0.002102234633639455,fp_naa_c2_fault_preserving_seed13711,server02_fp_naa_screening_20260817T165229Z
ToyCarEmu/test/section_00_source_test_anomaly_0139_car_C2_spd_2_mic_2_mic_1.wav,ToyCarEmu,section_00,source,anomaly,0.005438133142888546,fp_naa_c2_fault_preserving_seed13711,server02_fp_naa_screening_20260817T165229Z
ToyCarEmu/test/section_00_source_test_anomaly_0143_car_B1_spd_5_mic_2_mic_1.wav,ToyCarEmu,section_00,source,anomaly,0.0015766649739816785,fp_naa_c2_fault_preserving_seed13711,server02_fp_naa_screening_20260817T165229Z
ToyCarEmu/test/section_00_source_test_anomaly_0145_car_B1_spd_2_mic_2_mic_1.wav,ToyCarEmu,section_00,source,anomaly,0.0013658672105520964,fp_naa_c2_fault_preserving_seed13711,server02_fp_naa_screening_20260817T165229Z
ToyCarEmu/test/section_00_source_test_anomaly_0146_car_D2_spd_2_mic_2_mic_1.wav,ToyCarEmu,section_00,source,anomaly,0.00055393495131284,fp_naa_c2_fault_preserving_seed13711,server02_fp_naa_screening_20260817T165229Z
ToyCarEmu/test/section_00_source_test_anomaly_0152_car_D1_spd_2_mic_2_mic_1.wav,ToyCarEmu,section_00,source,anomaly,0.003164479276165366,fp_naa_c2_fault_preserving_seed13711,server02_fp_naa_screening_20260817T165229Z
ToyCarEmu/test/section_00_source_test_anomaly_0164_car_C2_spd_5_mic_2_mic_1.wav,ToyCarEmu,section_00,source,anomaly,0.005431676283478737,fp_naa_c2_fault_preserving_seed13711,server02_fp_naa_screening_20260817T165229Z
ToyCarEmu/test/section_00_source_test_anomaly_0167_car_B1_spd_3_mic_2_mic_1.wav,ToyCarEmu,section_00,source,anomaly,0.0017827653791755438,fp_naa_c2_fault_preserving_seed13711,server02_fp_naa_screening_20260817T165229Z
ToyCarEmu/test/section_00_source_test_anomaly_0170_car_C1_spd_5_mic_2_mic_1.wav,ToyCarEmu,section_00,source,anomaly,0.00481172651052475,fp_naa_c2_fault_preserving_seed13711,server02_fp_naa_screening_20260817T165229Z
ToyCarEmu/test/section_00_source_test_anomaly_0176_car_D2_spd_3_mic_2_mic_1.wav,ToyCarEmu,section_00,source,anomaly,0.0017866436392068863,fp_naa_c2_fault_preserving_seed13711,server02_fp_naa_screening_20260817T165229Z
ToyCarEmu/test/section_00_source_test_anomaly_0180_car_C1_spd_2_mic_2_mic_1.wav,ToyCarEmu,section_00,source,anomaly,0.00573270209133625,fp_naa_c2_fault_preserving_seed13711,server02_fp_naa_screening_20260817T165229Z
ToyCarEmu/test/section_00_source_test_anomaly_0187_car_D2_spd_3_mic_2_mic_1.wav,ToyCarEmu,section_00,source,anomaly,0.001516810618340969,fp_naa_c2_fault_preserving_seed13711,server02_fp_naa_screening_20260817T165229Z
ToyCarEmu/test/section_00_source_test_anomaly_0193_car_D1_spd_5_mic_2_mic_1.wav,ToyCarEmu,section_00,source,anomaly,0.001199010876007378,fp_naa_c2_fault_preserving_seed13711,server02_fp_naa_screening_20260817T165229Z
ToyCarEmu/test/section_00_source_test_normal_0002_car_B2_spd_5_mic_2_mic_1.wav,ToyCarEmu,section_00,source,normal,0.0013114364119246602,fp_naa_c2_fault_preserving_seed13711,server02_fp_naa_screening_20260817T165229Z
ToyCarEmu/test/section_00_source_test_normal_0004_car_B2_spd_2_mic_2_mic_1.wav,ToyCarEmu,section_00,source,normal,-0.001157909631729126,fp_naa_c2_fault_preserving_seed13711,server02_fp_naa_screening_20260817T165229Z
ToyCarEmu/test/section_00_source_test_normal_0006_car_D2_spd_5_mic_2_mic_1.wav,ToyCarEmu,section_00,source,normal,0.001596548012457788,fp_naa_c2_fault_preserving_seed13711,server02_fp_naa_screening_20260817T165229Z
ToyCarEmu/test/section_00_source_test_normal_0007_car_D2_spd_5_mic_2_mic_1.wav,ToyCarEmu,section_00,source,normal,0.00010616329382173717,fp_naa_c2_fault_preserving_seed13711,server02_fp_naa_screening_20260817T165229Z
ToyCarEmu/test/section_00_source_test_normal_0020_car_C2_spd_2_mic_2_mic_1.wav,ToyCarEmu,section_00,source,normal,0.003442718181759119,fp_naa_c2_fault_preserving_seed13711,server02_fp_naa_screening_20260817T165229Z
ToyCarEmu/test/section_00_source_test_normal_0021_car_C2_spd_5_mic_2_mic_1.wav,ToyCarEmu,section_00,source,normal,0.0028045224025845528,fp_naa_c2_fault_preserving_seed13711,server02_fp_naa_screening_20260817T165229Z
ToyCarEmu/test/section_00_source_test_normal_0023_car_D2_spd_3_mic_2_mic_1.wav,ToyCarEmu,section_00,source,normal,0.0008800486102700233,fp_naa_c2_fault_preserving_seed13711,server02_fp_naa_screening_20260817T165229Z
ToyCarEmu/test/section_00_source_test_normal_0026_car_C2_spd_5_mic_2_mic_1.wav,ToyCarEmu,section_00,source,normal,0.003013494424521923,fp_naa_c2_fault_preserving_seed13711,server02_fp_naa_screening_20260817T165229Z
ToyCarEmu/test/section_00_source_test_normal_0027_car_C2_spd_3_mic_2_mic_1.wav,ToyCarEmu,section_00,source,normal,0.0028902371414005756,fp_naa_c2_fault_preserving_seed13711,server02_fp_naa_screening_20260817T165229Z
ToyCarEmu/test/section_00_source_test_normal_0034_car_B2_spd_5_mic_2_mic_1.wav,ToyCarEmu,section_00,source,normal,0.001029745559208095,fp_naa_c2_fault_preserving_seed13711,server02_fp_naa_screening_20260817T165229Z
ToyCarEmu/test/section_00_source_test_normal_0035_car_D2_spd_3_mic_2_mic_1.wav,ToyCarEmu,section_00,source,normal,0.0006888397037982941,fp_naa_c2_fault_preserving_seed13711,server02_fp_naa_screening_20260817T165229Z
ToyCarEmu/test/section_00_source_test_normal_0036_car_B2_spd_5_mic_2_mic_1.wav,ToyCarEmu,section_00,source,normal,0.001294669578783214,fp_naa_c2_fault_preserving_seed13711,server02_fp_naa_screening_20260817T165229Z
ToyCarEmu/test/section_00_source_test_normal_0043_car_B1_spd_3_mic_2_mic_1.wav,ToyCarEmu,section_00,source,normal,0.0015686487313359976,fp_naa_c2_fault_preserving_seed13711,server02_fp_naa_screening_20260817T165229Z
ToyCarEmu/test/section_00_source_test_normal_0045_car_C2_spd_5_mic_2_mic_1.wav,ToyCarEmu,section_00,source,normal,0.001920865848660469,fp_naa_c2_fault_preserving_seed13711,server02_fp_naa_screening_20260817T165229Z
ToyCarEmu/test/section_00_source_test_normal_0048_car_B2_spd_2_mic_2_mic_1.wav,ToyCarEmu,section_00,source,normal,0.0009607091196812689,fp_naa_c2_fault_preserving_seed13711,server02_fp_naa_screening_20260817T165229Z
ToyCarEmu/test/section_00_source_test_normal_0050_car_C2_spd_3_mic_2_mic_1.wav,ToyCarEmu,section_00,source,normal,0.007681427989155054,fp_naa_c2_fault_preserving_seed13711,server02_fp_naa_screening_20260817T165229Z
ToyCarEmu/test/section_00_source_test_normal_0057_car_C2_spd_3_mic_2_mic_1.wav,ToyCarEmu,section_00,source,normal,0.007014105096459389,fp_naa_c2_fault_preserving_seed13711,server02_fp_naa_screening_20260817T165229Z
ToyCarEmu/test/section_00_source_test_normal_0070_car_C2_spd_3_mic_2_mic_1.wav,ToyCarEmu,section_00,source,normal,0.006848773919045925,fp_naa_c2_fault_preserving_seed13711,server02_fp_naa_screening_20260817T165229Z
ToyCarEmu/test/section_00_source_test_normal_0074_car_D2_spd_3_mic_2_mic_1.wav,ToyCarEmu,section_00,source,normal,0.0009245313704013824,fp_naa_c2_fault_preserving_seed13711,server02_fp_naa_screening_20260817T165229Z
ToyCarEmu/test/section_00_source_test_normal_0077_car_C2_spd_2_mic_2_mic_1.wav,ToyCarEmu,section_00,source,normal,0.003407779848203063,fp_naa_c2_fault_preserving_seed13711,server02_fp_naa_screening_20260817T165229Z
ToyCarEmu/test/section_00_source_test_normal_0078_car_B2_spd_2_mic_2_mic_1.wav,ToyCarEmu,section_00,source,normal,0.0005775484023615718,fp_naa_c2_fault_preserving_seed13711,server02_fp_naa_screening_20260817T165229Z
ToyCarEmu/test/section_00_source_test_normal_0079_car_D2_spd_3_mic_2_mic_1.wav,ToyCarEmu,section_00,source,normal,0.0019284650916233659,fp_naa_c2_fault_preserving_seed13711,server02_fp_naa_screening_20260817T165229Z
ToyCarEmu/test/section_00_source_test_normal_0083_car_C2_spd_3_mic_2_mic_1.wav,ToyCarEmu,section_00,source,normal,0.004682070109993219,fp_naa_c2_fault_preserving_seed13711,server02_fp_naa_screening_20260817T165229Z
ToyCarEmu/test/section_00_source_test_normal_0087_car_C2_spd_2_mic_2_mic_1.wav,ToyCarEmu,section_00,source,normal,0.003410766366869211,fp_naa_c2_fault_preserving_seed13711,server02_fp_naa_screening_20260817T165229Z
ToyCarEmu/test/section_00_source_test_normal_0089_car_D2_spd_3_mic_2_mic_1.wav,ToyCarEmu,section_00,source,normal,0.0015943890903145075,fp_naa_c2_fault_preserving_seed13711,server02_fp_naa_screening_20260817T165229Z
ToyCarEmu/test/section_00_source_test_normal_0098_car_C2_spd_3_mic_2_mic_1.wav,ToyCarEmu,section_00,source,normal,0.003890773979946971,fp_naa_c2_fault_preserving_seed13711,server02_fp_naa_screening_20260817T165229Z
ToyCarEmu/test/section_00_source_test_normal_0099_car_D2_spd_5_mic_2_mic_1.wav,ToyCarEmu,section_00,source,normal,0.0014235829003155231,fp_naa_c2_fault_preserving_seed13711,server02_fp_naa_screening_20260817T165229Z
ToyCarEmu/test/section_00_source_test_normal_0102_car_D2_spd_5_mic_2_mic_1.wav,ToyCarEmu,section_00,source,normal,0.0012560478644445539,fp_naa_c2_fault_preserving_seed13711,server02_fp_naa_screening_20260817T165229Z
ToyCarEmu/test/section_00_source_test_normal_0105_car_B1_spd_3_mic_2_mic_1.wav,ToyCarEmu,section_00,source,normal,0.0022821128368377686,fp_naa_c2_fault_preserving_seed13711,server02_fp_naa_screening_20260817T165229Z
ToyCarEmu/test/section_00_source_test_normal_0108_car_C2_spd_3_mic_2_mic_1.wav,ToyCarEmu,section_00,source,normal,0.006728587206453085,fp_naa_c2_fault_preserving_seed13711,server02_fp_naa_screening_20260817T165229Z
ToyCarEmu/test/section_00_source_test_normal_0111_car_B2_spd_2_mic_2_mic_1.wav,ToyCarEmu,section_00,source,normal,-0.0010287911863997579,fp_naa_c2_fault_preserving_seed13711,server02_fp_naa_screening_20260817T165229Z
ToyCarEmu/test/section_00_source_test_normal_0112_car_B1_spd_3_mic_2_mic_1.wav,ToyCarEmu,section_00,source,normal,0.0010664358269423246,fp_naa_c2_fault_preserving_seed13711,server02_fp_naa_screening_20260817T165229Z
ToyCarEmu/test/section_00_source_test_normal_0113_car_D2_spd_3_mic_2_mic_1.wav,ToyCarEmu,section_00,source,normal,0.0016164850676432252,fp_naa_c2_fault_preserving_seed13711,server02_fp_naa_screening_20260817T165229Z
ToyCarEmu/test/section_00_source_test_normal_0114_car_D2_spd_2_mic_2_mic_1.wav,ToyCarEmu,section_00,source,normal,0.0007043831865303218,fp_naa_c2_fault_preserving_seed13711,server02_fp_naa_screening_20260817T165229Z
ToyCarEmu/test/section_00_source_test_normal_0115_car_D2_spd_3_mic_2_mic_1.wav,ToyCarEmu,section_00,source,normal,0.0014132644282653928,fp_naa_c2_fault_preserving_seed13711,server02_fp_naa_screening_20260817T165229Z
ToyCarEmu/test/section_00_source_test_normal_0125_car_B1_spd_3_mic_2_mic_1.wav,ToyCarEmu,section_00,source,normal,0.0014662619214504957,fp_naa_c2_fault_preserving_seed13711,server02_fp_naa_screening_20260817T165229Z
ToyCarEmu/test/section_00_source_test_normal_0135_car_B2_spd_5_mic_2_mic_1.wav,ToyCarEmu,section_00,source,normal,0.002089882269501686,fp_naa_c2_fault_preserving_seed13711,server02_fp_naa_screening_20260817T165229Z
ToyCarEmu/test/section_00_source_test_normal_0136_car_B1_spd_3_mic_2_mic_1.wav,ToyCarEmu,section_00,source,normal,0.0016465571243315935,fp_naa_c2_fault_preserving_seed13711,server02_fp_naa_screening_20260817T165229Z
ToyCarEmu/test/section_00_source_test_normal_0137_car_C2_spd_5_mic_2_mic_1.wav,ToyCarEmu,section_00,source,normal,0.0028004958294332027,fp_naa_c2_fault_preserving_seed13711,server02_fp_naa_screening_20260817T165229Z
ToyCarEmu/test/section_00_source_test_normal_0150_car_C2_spd_2_mic_2_mic_1.wav,ToyCarEmu,section_00,source,normal,0.003319292329251766,fp_naa_c2_fault_preserving_seed13711,server02_fp_naa_screening_20260817T165229Z
ToyCarEmu/test/section_00_source_test_normal_0156_car_D2_spd_3_mic_2_mic_1.wav,ToyCarEmu,section_00,source,normal,0.0009193153819069266,fp_naa_c2_fault_preserving_seed13711,server02_fp_naa_screening_20260817T165229Z
ToyCarEmu/test/section_00_source_test_normal_0158_car_D2_spd_2_mic_2_mic_1.wav,ToyCarEmu,section_00,source,normal,0.00111552351154387,fp_naa_c2_fault_preserving_seed13711,server02_fp_naa_screening_20260817T165229Z
ToyCarEmu/test/section_00_source_test_normal_0159_car_C2_spd_5_mic_2_mic_1.wav,ToyCarEmu,section_00,source,normal,0.0019967195112258196,fp_naa_c2_fault_preserving_seed13711,server02_fp_naa_screening_20260817T165229Z
ToyCarEmu/test/section_00_source_test_normal_0162_car_B1_spd_3_mic_2_mic_1.wav,ToyCarEmu,section_00,source,normal,0.0012017299886792898,fp_naa_c2_fault_preserving_seed13711,server02_fp_naa_screening_20260817T165229Z
ToyCarEmu/test/section_00_source_test_normal_0165_car_B1_spd_3_mic_2_mic_1.wav,ToyCarEmu,section_00,source,normal,0.001060395035892725,fp_naa_c2_fault_preserving_seed13711,server02_fp_naa_screening_20260817T165229Z
ToyCarEmu/test/section_00_source_test_normal_0168_car_B1_spd_3_mic_2_mic_1.wav,ToyCarEmu,section_00,source,normal,0.0005562158767133951,fp_naa_c2_fault_preserving_seed13711,server02_fp_naa_screening_20260817T165229Z
ToyCarEmu/test/section_00_source_test_normal_0173_car_D2_spd_2_mic_2_mic_1.wav,ToyCarEmu,section_00,source,normal,0.001821816200390458,fp_naa_c2_fault_preserving_seed13711,server02_fp_naa_screening_20260817T165229Z
ToyCarEmu/test/section_00_source_test_normal_0179_car_C2_spd_3_mic_2_mic_1.wav,ToyCarEmu,section_00,source,normal,0.0035380320623517036,fp_naa_c2_fault_preserving_seed13711,server02_fp_naa_screening_20260817T165229Z
ToyCarEmu/test/section_00_source_test_normal_0181_car_D2_spd_2_mic_2_mic_1.wav,ToyCarEmu,section_00,source,normal,0.0008258846937678754,fp_naa_c2_fault_preserving_seed13711,server02_fp_naa_screening_20260817T165229Z
ToyCarEmu/test/section_00_source_test_normal_0195_car_B1_spd_3_mic_2_mic_1.wav,ToyCarEmu,section_00,source,normal,0.0021520035807043314,fp_naa_c2_fault_preserving_seed13711,server02_fp_naa_screening_20260817T165229Z
ToyCarEmu/test/section_00_target_test_anomaly_0005_car_A2_spd_4_mic_2_mic_1.wav,ToyCarEmu,section_00,target,anomaly,0.0014123391592875123,fp_naa_c2_fault_preserving_seed13711,server02_fp_naa_screening_20260817T165229Z
ToyCarEmu/test/section_00_target_test_anomaly_0012_car_A2_spd_4_mic_2_mic_1.wav,ToyCarEmu,section_00,target,anomaly,0.0005365138058550656,fp_naa_c2_fault_preserving_seed13711,server02_fp_naa_screening_20260817T165229Z
ToyCarEmu/test/section_00_target_test_anomaly_0014_car_A2_spd_4_mic_2_mic_1.wav,ToyCarEmu,section_00,target,anomaly,0.0013688717735931277,fp_naa_c2_fault_preserving_seed13711,server02_fp_naa_screening_20260817T165229Z
ToyCarEmu/test/section_00_target_test_anomaly_0015_car_A2_spd_1_mic_2_mic_1.wav,ToyCarEmu,section_00,target,anomaly,0.0028366120532155037,fp_naa_c2_fault_preserving_seed13711,server02_fp_naa_screening_20260817T165229Z
ToyCarEmu/test/section_00_target_test_anomaly_0018_car_A2_spd_1_mic_2_mic_1.wav,ToyCarEmu,section_00,target,anomaly,0.0015061817830428481,fp_naa_c2_fault_preserving_seed13711,server02_fp_naa_screening_20260817T165229Z
ToyCarEmu/test/section_00_target_test_anomaly_0025_car_A1_spd_4_mic_2_mic_1.wav,ToyCarEmu,section_00,target,anomaly,0.002641931176185608,fp_naa_c2_fault_preserving_seed13711,server02_fp_naa_screening_20260817T165229Z
ToyCarEmu/test/section_00_target_test_anomaly_0029_car_A2_spd_4_mic_2_mic_1.wav,ToyCarEmu,section_00,target,anomaly,0.00021590711548924446,fp_naa_c2_fault_preserving_seed13711,server02_fp_naa_screening_20260817T165229Z
ToyCarEmu/test/section_00_target_test_anomaly_0031_car_A2_spd_1_mic_2_mic_1.wav,ToyCarEmu,section_00,target,anomaly,0.002763167256489396,fp_naa_c2_fault_preserving_seed13711,server02_fp_naa_screening_20260817T165229Z
ToyCarEmu/test/section_00_target_test_anomaly_0038_car_A1_spd_1_mic_2_mic_1.wav,ToyCarEmu,section_00,target,anomaly,0.0014191968366503716,fp_naa_c2_fault_preserving_seed13711,server02_fp_naa_screening_20260817T165229Z
ToyCarEmu/test/section_00_target_test_anomaly_0040_car_A1_spd_1_mic_2_mic_1.wav,ToyCarEmu,section_00,target,anomaly,0.002189063699916005,fp_naa_c2_fault_preserving_seed13711,server02_fp_naa_screening_20260817T165229Z
ToyCarEmu/test/section_00_target_test_anomaly_0046_car_A1_spd_1_mic_2_mic_1.wav,ToyCarEmu,section_00,target,anomaly,0.002495796885341406,fp_naa_c2_fault_preserving_seed13711,server02_fp_naa_screening_20260817T165229Z
ToyCarEmu/test/section_00_target_test_anomaly_0052_car_A1_spd_4_mic_2_mic_1.wav,ToyCarEmu,section_00,target,anomaly,0.0007725064060650766,fp_naa_c2_fault_preserving_seed13711,server02_fp_naa_screening_20260817T165229Z
ToyCarEmu/test/section_00_target_test_anomaly_0053_car_A2_spd_1_mic_2_mic_1.wav,ToyCarEmu,section_00,target,anomaly,0.0020630795042961836,fp_naa_c2_fault_preserving_seed13711,server02_fp_naa_screening_20260817T165229Z
ToyCarEmu/test/section_00_target_test_anomaly_0054_car_A1_spd_1_mic_2_mic_1.wav,ToyCarEmu,section_00,target,anomaly,0.0008386607514694333,fp_naa_c2_fault_preserving_seed13711,server02_fp_naa_screening_20260817T165229Z
ToyCarEmu/test/section_00_target_test_anomaly_0056_car_A1_spd_1_mic_2_mic_1.wav,ToyCarEmu,section_00,target,anomaly,0.0018191073322668672,fp_naa_c2_fault_preserving_seed13711,server02_fp_naa_screening_20260817T165229Z
ToyCarEmu/test/section_00_target_test_anomaly_0058_car_A2_spd_4_mic_2_mic_1.wav,ToyCarEmu,section_00,target,anomaly,0.0016158155631273985,fp_naa_c2_fault_preserving_seed13711,server02_fp_naa_screening_20260817T165229Z
ToyCarEmu/test/section_00_target_test_anomaly_0062_car_A1_spd_1_mic_2_mic_1.wav,ToyCarEmu,section_00,target,anomaly,0.0010221948614344,fp_naa_c2_fault_preserving_seed13711,server02_fp_naa_screening_20260817T165229Z
ToyCarEmu/test/section_00_target_test_anomaly_0063_car_A1_spd_4_mic_2_mic_1.wav,ToyCarEmu,section_00,target,anomaly,0.0008240310125984251,fp_naa_c2_fault_preserving_seed13711,server02_fp_naa_screening_20260817T165229Z
ToyCarEmu/test/section_00_target_test_anomaly_0066_car_A1_spd_1_mic_2_mic_1.wav,ToyCarEmu,section_00,target,anomaly,0.0019835878629237413,fp_naa_c2_fault_preserving_seed13711,server02_fp_naa_screening_20260817T165229Z
ToyCarEmu/test/section_00_target_test_anomaly_0069_car_A1_spd_1_mic_2_mic_1.wav,ToyCarEmu,section_00,target,anomaly,0.0017880566883832216,fp_naa_c2_fault_preserving_seed13711,server02_fp_naa_screening_20260817T165229Z
ToyCarEmu/test/section_00_target_test_anomaly_0072_car_A1_spd_4_mic_2_mic_1.wav,ToyCarEmu,section_00,target,anomaly,0.0005406723357737064,fp_naa_c2_fault_preserving_seed13711,server02_fp_naa_screening_20260817T165229Z
ToyCarEmu/test/section_00_target_test_anomaly_0073_car_A1_spd_4_mic_2_mic_1.wav,ToyCarEmu,section_00,target,anomaly,0.0025588313583284616,fp_naa_c2_fault_preserving_seed13711,server02_fp_naa_screening_20260817T165229Z
ToyCarEmu/test/section_00_target_test_anomaly_0076_car_A1_spd_1_mic_2_mic_1.wav,ToyCarEmu,section_00,target,anomaly,0.002826608484610915,fp_naa_c2_fault_preserving_seed13711,server02_fp_naa_screening_20260817T165229Z
ToyCarEmu/test/section_00_target_test_anomaly_0080_car_A1_spd_4_mic_2_mic_1.wav,ToyCarEmu,section_00,target,anomaly,0.003410226432606578,fp_naa_c2_fault_preserving_seed13711,server02_fp_naa_screening_20260817T165229Z
ToyCarEmu/test/section_00_target_test_anomaly_0092_car_A2_spd_4_mic_2_mic_1.wav,ToyCarEmu,section_00,target,anomaly,0.0003162684151902795,fp_naa_c2_fault_preserving_seed13711,server02_fp_naa_screening_20260817T165229Z
ToyCarEmu/test/section_00_target_test_anomaly_0109_car_A2_spd_4_mic_2_mic_1.wav,ToyCarEmu,section_00,target,anomaly,0.001490668742917478,fp_naa_c2_fault_preserving_seed13711,server02_fp_naa_screening_20260817T165229Z
ToyCarEmu/test/section_00_target_test_anomaly_0110_car_A2_spd_1_mic_2_mic_1.wav,ToyCarEmu,section_00,target,anomaly,0.0014553770888596773,fp_naa_c2_fault_preserving_seed13711,server02_fp_naa_screening_20260817T165229Z
ToyCarEmu/test/section_00_target_test_anomaly_0116_car_A1_spd_4_mic_2_mic_1.wav,ToyCarEmu,section_00,target,anomaly,0.0008452111505903304,fp_naa_c2_fault_preserving_seed13711,server02_fp_naa_screening_20260817T165229Z
ToyCarEmu/test/section_00_target_test_anomaly_0119_car_A1_spd_4_mic_2_mic_1.wav,ToyCarEmu,section_00,target,anomaly,0.002579358173534274,fp_naa_c2_fault_preserving_seed13711,server02_fp_naa_screening_20260817T165229Z
ToyCarEmu/test/section_00_target_test_anomaly_0127_car_A2_spd_1_mic_2_mic_1.wav,ToyCarEmu,section_00,target,anomaly,0.002263105707243085,fp_naa_c2_fault_preserving_seed13711,server02_fp_naa_screening_20260817T165229Z
ToyCarEmu/test/section_00_target_test_anomaly_0129_car_A1_spd_4_mic_2_mic_1.wav,ToyCarEmu,section_00,target,anomaly,0.0028095897287130356,fp_naa_c2_fault_preserving_seed13711,server02_fp_naa_screening_20260817T165229Z
ToyCarEmu/test/section_00_target_test_anomaly_0130_car_A1_spd_4_mic_2_mic_1.wav,ToyCarEmu,section_00,target,anomaly,0.001006121514365077,fp_naa_c2_fault_preserving_seed13711,server02_fp_naa_screening_20260817T165229Z
ToyCarEmu/test/section_00_target_test_anomaly_0132_car_A1_spd_1_mic_2_mic_1.wav,ToyCarEmu,section_00,target,anomaly,0.0014866755809634924,fp_naa_c2_fault_preserving_seed13711,server02_fp_naa_screening_20260817T165229Z
ToyCarEmu/test/section_00_target_test_anomaly_0134_car_A2_spd_4_mic_2_mic_1.wav,ToyCarEmu,section_00,target,anomaly,0.0012540939496830106,fp_naa_c2_fault_preserving_seed13711,server02_fp_naa_screening_20260817T165229Z
ToyCarEmu/test/section_00_target_test_anomaly_0141_car_A2_spd_1_mic_2_mic_1.wav,ToyCarEmu,section_00,target,anomaly,0.0014266507932916284,fp_naa_c2_fault_preserving_seed13711,server02_fp_naa_screening_20260817T165229Z
ToyCarEmu/test/section_00_target_test_anomaly_0142_car_A2_spd_4_mic_2_mic_1.wav,ToyCarEmu,section_00,target,anomaly,0.00036317354533821344,fp_naa_c2_fault_preserving_seed13711,server02_fp_naa_screening_20260817T165229Z
ToyCarEmu/test/section_00_target_test_anomaly_0148_car_A2_spd_1_mic_2_mic_1.wav,ToyCarEmu,section_00,target,anomaly,0.0021647182293236256,fp_naa_c2_fault_preserving_seed13711,server02_fp_naa_screening_20260817T165229Z
ToyCarEmu/test/section_00_target_test_anomaly_0153_car_A2_spd_4_mic_2_mic_1.wav,ToyCarEmu,section_00,target,anomaly,0.0014499089447781444,fp_naa_c2_fault_preserving_seed13711,server02_fp_naa_screening_20260817T165229Z
ToyCarEmu/test/section_00_target_test_anomaly_0154_car_A1_spd_4_mic_2_mic_1.wav,ToyCarEmu,section_00,target,anomaly,0.002703301142901182,fp_naa_c2_fault_preserving_seed13711,server02_fp_naa_screening_20260817T165229Z
ToyCarEmu/test/section_00_target_test_anomaly_0157_car_A2_spd_4_mic_2_mic_1.wav,ToyCarEmu,section_00,target,anomaly,0.0018580108880996704,fp_naa_c2_fault_preserving_seed13711,server02_fp_naa_screening_20260817T165229Z
ToyCarEmu/test/section_00_target_test_anomaly_0160_car_A2_spd_1_mic_2_mic_1.wav,ToyCarEmu,section_00,target,anomaly,0.0015097411815077066,fp_naa_c2_fault_preserving_seed13711,server02_fp_naa_screening_20260817T165229Z
ToyCarEmu/test/section_00_target_test_anomaly_0161_car_A1_spd_4_mic_2_mic_1.wav,ToyCarEmu,section_00,target,anomaly,0.0005413045873865485,fp_naa_c2_fault_preserving_seed13711,server02_fp_naa_screening_20260817T165229Z
ToyCarEmu/test/section_00_target_test_anomaly_0172_car_A1_spd_4_mic_2_mic_1.wav,ToyCarEmu,section_00,target,anomaly,0.0020189639180898666,fp_naa_c2_fault_preserving_seed13711,server02_fp_naa_screening_20260817T165229Z
ToyCarEmu/test/section_00_target_test_anomaly_0174_car_A1_spd_1_mic_2_mic_1.wav,ToyCarEmu,section_00,target,anomaly,0.0012544440105557442,fp_naa_c2_fault_preserving_seed13711,server02_fp_naa_screening_20260817T165229Z
ToyCarEmu/test/section_00_target_test_anomaly_0175_car_A2_spd_1_mic_2_mic_1.wav,ToyCarEmu,section_00,target,anomaly,0.0024679722264409065,fp_naa_c2_fault_preserving_seed13711,server02_fp_naa_screening_20260817T165229Z
ToyCarEmu/test/section_00_target_test_anomaly_0184_car_A1_spd_1_mic_2_mic_1.wav,ToyCarEmu,section_00,target,anomaly,0.0023439880460500717,fp_naa_c2_fault_preserving_seed13711,server02_fp_naa_screening_20260817T165229Z
ToyCarEmu/test/section_00_target_test_anomaly_0185_car_A2_spd_1_mic_2_mic_1.wav,ToyCarEmu,section_00,target,anomaly,6.191933061927557e-05,fp_naa_c2_fault_preserving_seed13711,server02_fp_naa_screening_20260817T165229Z
ToyCarEmu/test/section_00_target_test_anomaly_0186_car_A2_spd_4_mic_2_mic_1.wav,ToyCarEmu,section_00,target,anomaly,0.0014421299565583467,fp_naa_c2_fault_preserving_seed13711,server02_fp_naa_screening_20260817T165229Z
ToyCarEmu/test/section_00_target_test_anomaly_0192_car_A2_spd_4_mic_2_mic_1.wav,ToyCarEmu,section_00,target,anomaly,0.0011198725551366806,fp_naa_c2_fault_preserving_seed13711,server02_fp_naa_screening_20260817T165229Z
ToyCarEmu/test/section_00_target_test_anomaly_0194_car_A2_spd_1_mic_2_mic_1.wav,ToyCarEmu,section_00,target,anomaly,0.0023511017207056284,fp_naa_c2_fault_preserving_seed13711,server02_fp_naa_screening_20260817T165229Z
ToyCarEmu/test/section_00_target_test_normal_0003_car_A1_spd_1_mic_2_mic_1.wav,ToyCarEmu,section_00,target,normal,-0.0018849647603929043,fp_naa_c2_fault_preserving_seed13711,server02_fp_naa_screening_20260817T165229Z
ToyCarEmu/test/section_00_target_test_normal_0016_car_A2_spd_1_mic_2_mic_1.wav,ToyCarEmu,section_00,target,normal,0.00014793369336985052,fp_naa_c2_fault_preserving_seed13711,server02_fp_naa_screening_20260817T165229Z
ToyCarEmu/test/section_00_target_test_normal_0019_car_A2_spd_4_mic_2_mic_1.wav,ToyCarEmu,section_00,target,normal,0.0023745540529489517,fp_naa_c2_fault_preserving_seed13711,server02_fp_naa_screening_20260817T165229Z
ToyCarEmu/test/section_00_target_test_normal_0024_car_A2_spd_1_mic_2_mic_1.wav,ToyCarEmu,section_00,target,normal,-0.0011614906834438443,fp_naa_c2_fault_preserving_seed13711,server02_fp_naa_screening_20260817T165229Z
ToyCarEmu/test/section_00_target_test_normal_0030_car_A2_spd_4_mic_2_mic_1.wav,ToyCarEmu,section_00,target,normal,-7.27603182895109e-05,fp_naa_c2_fault_preserving_seed13711,server02_fp_naa_screening_20260817T165229Z
ToyCarEmu/test/section_00_target_test_normal_0041_car_A1_spd_4_mic_2_mic_1.wav,ToyCarEmu,section_00,target,normal,0.0009672478190623224,fp_naa_c2_fault_preserving_seed13711,server02_fp_naa_screening_20260817T165229Z
ToyCarEmu/test/section_00_target_test_normal_0055_car_A1_spd_4_mic_2_mic_1.wav,ToyCarEmu,section_00,target,normal,-0.00030432676430791616,fp_naa_c2_fault_preserving_seed13711,server02_fp_naa_screening_20260817T165229Z
ToyCarEmu/test/section_00_target_test_normal_0059_car_A1_spd_1_mic_2_mic_1.wav,ToyCarEmu,section_00,target,normal,0.0004920302890241146,fp_naa_c2_fault_preserving_seed13711,server02_fp_naa_screening_20260817T165229Z
ToyCarEmu/test/section_00_target_test_normal_0061_car_A1_spd_4_mic_2_mic_1.wav,ToyCarEmu,section_00,target,normal,0.003990004770457745,fp_naa_c2_fault_preserving_seed13711,server02_fp_naa_screening_20260817T165229Z
ToyCarEmu/test/section_00_target_test_normal_0065_car_A2_spd_1_mic_2_mic_1.wav,ToyCarEmu,section_00,target,normal,-0.001417958177626133,fp_naa_c2_fault_preserving_seed13711,server02_fp_naa_screening_20260817T165229Z
ToyCarEmu/test/section_00_target_test_normal_0068_car_A2_spd_1_mic_2_mic_1.wav,ToyCarEmu,section_00,target,normal,-0.000736198911909014,fp_naa_c2_fault_preserving_seed13711,server02_fp_naa_screening_20260817T165229Z
ToyCarEmu/test/section_00_target_test_normal_0071_car_A1_spd_4_mic_2_mic_1.wav,ToyCarEmu,section_00,target,normal,0.0008315775776281953,fp_naa_c2_fault_preserving_seed13711,server02_fp_naa_screening_20260817T165229Z
ToyCarEmu/test/section_00_target_test_normal_0075_car_A2_spd_4_mic_2_mic_1.wav,ToyCarEmu,section_00,target,normal,0.0013378814328461885,fp_naa_c2_fault_preserving_seed13711,server02_fp_naa_screening_20260817T165229Z
ToyCarEmu/test/section_00_target_test_normal_0085_car_A2_spd_4_mic_2_mic_1.wav,ToyCarEmu,section_00,target,normal,0.0006987800588831306,fp_naa_c2_fault_preserving_seed13711,server02_fp_naa_screening_20260817T165229Z
ToyCarEmu/test/section_00_target_test_normal_0086_car_A1_spd_4_mic_2_mic_1.wav,ToyCarEmu,section_00,target,normal,0.003594399429857731,fp_naa_c2_fault_preserving_seed13711,server02_fp_naa_screening_20260817T165229Z
ToyCarEmu/test/section_00_target_test_normal_0088_car_A1_spd_1_mic_2_mic_1.wav,ToyCarEmu,section_00,target,normal,-0.0008419600781053305,fp_naa_c2_fault_preserving_seed13711,server02_fp_naa_screening_20260817T165229Z
ToyCarEmu/test/section_00_target_test_normal_0093_car_A2_spd_1_mic_2_mic_1.wav,ToyCarEmu,section_00,target,normal,0.0008699414320290089,fp_naa_c2_fault_preserving_seed13711,server02_fp_naa_screening_20260817T165229Z
ToyCarEmu/test/section_00_target_test_normal_0100_car_A2_spd_1_mic_2_mic_1.wav,ToyCarEmu,section_00,target,normal,5.63465291634202e-05,fp_naa_c2_fault_preserving_seed13711,server02_fp_naa_screening_20260817T165229Z
ToyCarEmu/test/section_00_target_test_normal_0101_car_A1_spd_1_mic_2_mic_1.wav,ToyCarEmu,section_00,target,normal,0.0021903892047703266,fp_naa_c2_fault_preserving_seed13711,server02_fp_naa_screening_20260817T165229Z
ToyCarEmu/test/section_00_target_test_normal_0117_car_A1_spd_4_mic_2_mic_1.wav,ToyCarEmu,section_00,target,normal,0.003016225527971983,fp_naa_c2_fault_preserving_seed13711,server02_fp_naa_screening_20260817T165229Z
ToyCarEmu/test/section_00_target_test_normal_0118_car_A2_spd_4_mic_2_mic_1.wav,ToyCarEmu,section_00,target,normal,-0.0008237917791120708,fp_naa_c2_fault_preserving_seed13711,server02_fp_naa_screening_20260817T165229Z
ToyCarEmu/test/section_00_target_test_normal_0121_car_A2_spd_1_mic_2_mic_1.wav,ToyCarEmu,section_00,target,normal,0.0001580544630996883,fp_naa_c2_fault_preserving_seed13711,server02_fp_naa_screening_20260817T165229Z
ToyCarEmu/test/section_00_target_test_normal_0122_car_A1_spd_1_mic_2_mic_1.wav,ToyCarEmu,section_00,target,normal,-0.0008230325183831155,fp_naa_c2_fault_preserving_seed13711,server02_fp_naa_screening_20260817T165229Z
ToyCarEmu/test/section_00_target_test_normal_0123_car_A1_spd_1_mic_2_mic_1.wav,ToyCarEmu,section_00,target,normal,-0.0008089584880508482,fp_naa_c2_fault_preserving_seed13711,server02_fp_naa_screening_20260817T165229Z
ToyCarEmu/test/section_00_target_test_normal_0124_car_A1_spd_1_mic_2_mic_1.wav,ToyCarEmu,section_00,target,normal,0.00018068717326968908,fp_naa_c2_fault_preserving_seed13711,server02_fp_naa_screening_20260817T165229Z
ToyCarEmu/test/section_00_target_test_normal_0126_car_A1_spd_1_mic_2_mic_1.wav,ToyCarEmu,section_00,target,normal,-0.0007643793942406774,fp_naa_c2_fault_preserving_seed13711,server02_fp_naa_screening_20260817T165229Z
ToyCarEmu/test/section_00_target_test_normal_0128_car_A2_spd_4_mic_2_mic_1.wav,ToyCarEmu,section_00,target,normal,-0.001188761554658413,fp_naa_c2_fault_preserving_seed13711,server02_fp_naa_screening_20260817T165229Z
ToyCarEmu/test/section_00_target_test_normal_0133_car_A2_spd_4_mic_2_mic_1.wav,ToyCarEmu,section_00,target,normal,0.0002453347551636398,fp_naa_c2_fault_preserving_seed13711,server02_fp_naa_screening_20260817T165229Z
ToyCarEmu/test/section_00_target_test_normal_0140_car_A2_spd_4_mic_2_mic_1.wav,ToyCarEmu,section_00,target,normal,0.0011512668570503592,fp_naa_c2_fault_preserving_seed13711,server02_fp_naa_screening_20260817T165229Z
ToyCarEmu/test/section_00_target_test_normal_0144_car_A2_spd_1_mic_2_mic_1.wav,ToyCarEmu,section_00,target,normal,0.0006011950317770243,fp_naa_c2_fault_preserving_seed13711,server02_fp_naa_screening_20260817T165229Z
ToyCarEmu/test/section_00_target_test_normal_0147_car_A2_spd_4_mic_2_mic_1.wav,ToyCarEmu,section_00,target,normal,0.002106719883158803,fp_naa_c2_fault_preserving_seed13711,server02_fp_naa_screening_20260817T165229Z
ToyCarEmu/test/section_00_target_test_normal_0149_car_A1_spd_4_mic_2_mic_1.wav,ToyCarEmu,section_00,target,normal,-0.00018628004181664437,fp_naa_c2_fault_preserving_seed13711,server02_fp_naa_screening_20260817T165229Z
ToyCarEmu/test/section_00_target_test_normal_0151_car_A1_spd_4_mic_2_mic_1.wav,ToyCarEmu,section_00,target,normal,-0.0001386520452797413,fp_naa_c2_fault_preserving_seed13711,server02_fp_naa_screening_20260817T165229Z
ToyCarEmu/test/section_00_target_test_normal_0155_car_A2_spd_4_mic_2_mic_1.wav,ToyCarEmu,section_00,target,normal,-0.0008448150474578142,fp_naa_c2_fault_preserving_seed13711,server02_fp_naa_screening_20260817T165229Z
ToyCarEmu/test/section_00_target_test_normal_0163_car_A2_spd_1_mic_2_mic_1.wav,ToyCarEmu,section_00,target,normal,0.000269442331045866,fp_naa_c2_fault_preserving_seed13711,server02_fp_naa_screening_20260817T165229Z
ToyCarEmu/test/section_00_target_test_normal_0166_car_A1_spd_1_mic_2_mic_1.wav,ToyCarEmu,section_00,target,normal,-0.0012187205720692873,fp_naa_c2_fault_preserving_seed13711,server02_fp_naa_screening_20260817T165229Z
ToyCarEmu/test/section_00_target_test_normal_0169_car_A1_spd_4_mic_2_mic_1.wav,ToyCarEmu,section_00,target,normal,-1.5331286704167724e-05,fp_naa_c2_fault_preserving_seed13711,server02_fp_naa_screening_20260817T165229Z
ToyCarEmu/test/section_00_target_test_normal_0171_car_A1_spd_4_mic_2_mic_1.wav,ToyCarEmu,section_00,target,normal,0.004413826856762171,fp_naa_c2_fault_preserving_seed13711,server02_fp_naa_screening_20260817T165229Z
ToyCarEmu/test/section_00_target_test_normal_0177_car_A2_spd_1_mic_2_mic_1.wav,ToyCarEmu,section_00,target,normal,-0.0004718615091405809,fp_naa_c2_fault_preserving_seed13711,server02_fp_naa_screening_20260817T165229Z
ToyCarEmu/test/section_00_target_test_normal_0178_car_A2_spd_4_mic_2_mic_1.wav,ToyCarEmu,section_00,target,normal,-0.00039227167144417763,fp_naa_c2_fault_preserving_seed13711,server02_fp_naa_screening_20260817T165229Z
ToyCarEmu/test/section_00_target_test_normal_0182_car_A1_spd_4_mic_2_mic_1.wav,ToyCarEmu,section_00,target,normal,9.469740325585008e-05,fp_naa_c2_fault_preserving_seed13711,server02_fp_naa_screening_20260817T165229Z
ToyCarEmu/test/section_00_target_test_normal_0183_car_A2_spd_1_mic_2_mic_1.wav,ToyCarEmu,section_00,target,normal,-0.000665054190903902,fp_naa_c2_fault_preserving_seed13711,server02_fp_naa_screening_20260817T165229Z
ToyCarEmu/test/section_00_target_test_normal_0188_car_A2_spd_4_mic_2_mic_1.wav,ToyCarEmu,section_00,target,normal,-0.0006024801405146718,fp_naa_c2_fault_preserving_seed13711,server02_fp_naa_screening_20260817T165229Z
ToyCarEmu/test/section_00_target_test_normal_0189_car_A2_spd_1_mic_2_mic_1.wav,ToyCarEmu,section_00,target,normal,0.00015607377281412482,fp_naa_c2_fault_preserving_seed13711,server02_fp_naa_screening_20260817T165229Z
ToyCarEmu/test/section_00_target_test_normal_0190_car_A1_spd_1_mic_2_mic_1.wav,ToyCarEmu,section_00,target,normal,-0.0011149889323860407,fp_naa_c2_fault_preserving_seed13711,server02_fp_naa_screening_20260817T165229Z
ToyCarEmu/test/section_00_target_test_normal_0191_car_A1_spd_1_mic_2_mic_1.wav,ToyCarEmu,section_00,target,normal,0.00029874470783397555,fp_naa_c2_fault_preserving_seed13711,server02_fp_naa_screening_20260817T165229Z
ToyCarEmu/test/section_00_target_test_normal_0196_car_A2_spd_1_mic_2_mic_1.wav,ToyCarEmu,section_00,target,normal,-0.0013425262877717614,fp_naa_c2_fault_preserving_seed13711,server02_fp_naa_screening_20260817T165229Z
ToyCarEmu/test/section_00_target_test_normal_0197_car_A1_spd_1_mic_2_mic_1.wav,ToyCarEmu,section_00,target,normal,0.00019088020781055093,fp_naa_c2_fault_preserving_seed13711,server02_fp_naa_screening_20260817T165229Z
ToyCarEmu/test/section_00_target_test_normal_0198_car_A1_spd_4_mic_2_mic_1.wav,ToyCarEmu,section_00,target,normal,0.0010309121571481228,fp_naa_c2_fault_preserving_seed13711,server02_fp_naa_screening_20260817T165229Z
ToyCarEmu/test/section_00_target_test_normal_0199_car_A1_spd_1_mic_2_mic_1.wav,ToyCarEmu,section_00,target,normal,-0.001176122110337019,fp_naa_c2_fault_preserving_seed13711,server02_fp_naa_screening_20260817T165229Z
bearingEmu/test/section_00_source_test_anomaly_0000_noAttribute.wav,bearingEmu,section_00,source,anomaly,0.0023199347779154778,fp_naa_c2_fault_preserving_seed13711,server02_fp_naa_screening_20260817T165229Z
bearingEmu/test/section_00_source_test_anomaly_0001_noAttribute.wav,bearingEmu,section_00,source,anomaly,-3.342458512634039e-06,fp_naa_c2_fault_preserving_seed13711,server02_fp_naa_screening_20260817T165229Z
bearingEmu/test/section_00_source_test_anomaly_0002_noAttribute.wav,bearingEmu,section_00,source,anomaly,0.011645051650702953,fp_naa_c2_fault_preserving_seed13711,server02_fp_naa_screening_20260817T165229Z
bearingEmu/test/section_00_source_test_anomaly_0003_noAttribute.wav,bearingEmu,section_00,source,anomaly,0.001026207348331809,fp_naa_c2_fault_preserving_seed13711,server02_fp_naa_screening_20260817T165229Z
bearingEmu/test/section_00_source_test_anomaly_0004_noAttribute.wav,bearingEmu,section_00,source,anomaly,0.0053935241885483265,fp_naa_c2_fault_preserving_seed13711,server02_fp_naa_screening_20260817T165229Z
bearingEmu/test/section_00_source_test_anomaly_0005_noAttribute.wav,bearingEmu,section_00,source,anomaly,0.00380513072013855,fp_naa_c2_fault_preserving_seed13711,server02_fp_naa_screening_20260817T165229Z
bearingEmu/test/section_00_source_test_anomaly_0006_noAttribute.wav,bearingEmu,section_00,source,anomaly,0.0006914897821843624,fp_naa_c2_fault_preserving_seed13711,server02_fp_naa_screening_20260817T165229Z
bearingEmu/test/section_00_source_test_anomaly_0007_noAttribute.wav,bearingEmu,section_00,source,anomaly,-0.0003626935067586601,fp_naa_c2_fault_preserving_seed13711,server02_fp_naa_screening_20260817T165229Z
bearingEmu/test/section_00_source_test_anomaly_0008_noAttribute.wav,bearingEmu,section_00,source,anomaly,0.0055661508813500404,fp_naa_c2_fault_preserving_seed13711,server02_fp_naa_screening_20260817T165229Z
bearingEmu/test/section_00_source_test_anomaly_0009_noAttribute.wav,bearingEmu,section_00,source,anomaly,0.0015388552565127611,fp_naa_c2_fault_preserving_seed13711,server02_fp_naa_screening_20260817T165229Z
bearingEmu/test/section_00_source_test_anomaly_0010_noAttribute.wav,bearingEmu,section_00,source,anomaly,0.009214342571794987,fp_naa_c2_fault_preserving_seed13711,server02_fp_naa_screening_20260817T165229Z
bearingEmu/test/section_00_source_test_anomaly_0011_noAttribute.wav,bearingEmu,section_00,source,anomaly,0.00030419990071095526,fp_naa_c2_fault_preserving_seed13711,server02_fp_naa_screening_20260817T165229Z
bearingEmu/test/section_00_source_test_anomaly_0012_noAttribute.wav,bearingEmu,section_00,source,anomaly,0.0007458946784026921,fp_naa_c2_fault_preserving_seed13711,server02_fp_naa_screening_20260817T165229Z
bearingEmu/test/section_00_source_test_anomaly_0013_noAttribute.wav,bearingEmu,section_00,source,anomaly,0.0006005966570228338,fp_naa_c2_fault_preserving_seed13711,server02_fp_naa_screening_20260817T165229Z
bearingEmu/test/section_00_source_test_anomaly_0014_noAttribute.wav,bearingEmu,section_00,source,anomaly,0.0005922491545788944,fp_naa_c2_fault_preserving_seed13711,server02_fp_naa_screening_20260817T165229Z
bearingEmu/test/section_00_source_test_anomaly_0015_noAttribute.wav,bearingEmu,section_00,source,anomaly,0.0007309630746021867,fp_naa_c2_fault_preserving_seed13711,server02_fp_naa_screening_20260817T165229Z
bearingEmu/test/section_00_source_test_anomaly_0016_noAttribute.wav,bearingEmu,section_00,source,anomaly,0.011571384035050869,fp_naa_c2_fault_preserving_seed13711,server02_fp_naa_screening_20260817T165229Z
bearingEmu/test/section_00_source_test_anomaly_0017_noAttribute.wav,bearingEmu,section_00,source,anomaly,0.0030423207208514214,fp_naa_c2_fault_preserving_seed13711,server02_fp_naa_screening_20260817T165229Z
bearingEmu/test/section_00_source_test_anomaly_0018_noAttribute.wav,bearingEmu,section_00,source,anomaly,0.0011347378604114056,fp_naa_c2_fault_preserving_seed13711,server02_fp_naa_screening_20260817T165229Z
bearingEmu/test/section_00_source_test_anomaly_0019_noAttribute.wav,bearingEmu,section_00,source,anomaly,0.000886126421391964,fp_naa_c2_fault_preserving_seed13711,server02_fp_naa_screening_20260817T165229Z
bearingEmu/test/section_00_source_test_anomaly_0020_noAttribute.wav,bearingEmu,section_00,source,anomaly,0.0009626861428841949,fp_naa_c2_fault_preserving_seed13711,server02_fp_naa_screening_20260817T165229Z
bearingEmu/test/section_00_source_test_anomaly_0021_noAttribute.wav,bearingEmu,section_00,source,anomaly,0.011111370287835598,fp_naa_c2_fault_preserving_seed13711,server02_fp_naa_screening_20260817T165229Z
bearingEmu/test/section_00_source_test_anomaly_0022_noAttribute.wav,bearingEmu,section_00,source,anomaly,0.010249640792608261,fp_naa_c2_fault_preserving_seed13711,server02_fp_naa_screening_20260817T165229Z
bearingEmu/test/section_00_source_test_anomaly_0023_noAttribute.wav,bearingEmu,section_00,source,anomaly,0.0014108764007687569,fp_naa_c2_fault_preserving_seed13711,server02_fp_naa_screening_20260817T165229Z
bearingEmu/test/section_00_source_test_anomaly_0024_noAttribute.wav,bearingEmu,section_00,source,anomaly,0.00040073145646601915,fp_naa_c2_fault_preserving_seed13711,server02_fp_naa_screening_20260817T165229Z
bearingEmu/test/section_00_source_test_anomaly_0025_noAttribute.wav,bearingEmu,section_00,source,anomaly,0.0003486580098979175,fp_naa_c2_fault_preserving_seed13711,server02_fp_naa_screening_20260817T165229Z
bearingEmu/test/section_00_source_test_anomaly_0026_noAttribute.wav,bearingEmu,section_00,source,anomaly,0.010198327712714672,fp_naa_c2_fault_preserving_seed13711,server02_fp_naa_screening_20260817T165229Z
bearingEmu/test/section_00_source_test_anomaly_0027_noAttribute.wav,bearingEmu,section_00,source,anomaly,0.0011605349136516452,fp_naa_c2_fault_preserving_seed13711,server02_fp_naa_screening_20260817T165229Z
bearingEmu/test/section_00_source_test_anomaly_0028_noAttribute.wav,bearingEmu,section_00,source,anomaly,0.0020455841440707445,fp_naa_c2_fault_preserving_seed13711,server02_fp_naa_screening_20260817T165229Z
bearingEmu/test/section_00_source_test_anomaly_0029_noAttribute.wav,bearingEmu,section_00,source,anomaly,0.0012166589731350541,fp_naa_c2_fault_preserving_seed13711,server02_fp_naa_screening_20260817T165229Z
bearingEmu/test/section_00_source_test_anomaly_0030_noAttribute.wav,bearingEmu,section_00,source,anomaly,0.0005076344241388142,fp_naa_c2_fault_preserving_seed13711,server02_fp_naa_screening_20260817T165229Z
bearingEmu/test/section_00_source_test_anomaly_0031_noAttribute.wav,bearingEmu,section_00,source,anomaly,0.0010841109324246645,fp_naa_c2_fault_preserving_seed13711,server02_fp_naa_screening_20260817T165229Z
bearingEmu/test/section_00_source_test_anomaly_0032_noAttribute.wav,bearingEmu,section_00,source,anomaly,0.001156214508228004,fp_naa_c2_fault_preserving_seed13711,server02_fp_naa_screening_20260817T165229Z
bearingEmu/test/section_00_source_test_anomaly_0033_noAttribute.wav,bearingEmu,section_00,source,anomaly,0.010611544363200665,fp_naa_c2_fault_preserving_seed13711,server02_fp_naa_screening_20260817T165229Z
bearingEmu/test/section_00_source_test_anomaly_0034_noAttribute.wav,bearingEmu,section_00,source,anomaly,0.0006919935112819076,fp_naa_c2_fault_preserving_seed13711,server02_fp_naa_screening_20260817T165229Z
bearingEmu/test/section_00_source_test_anomaly_0035_noAttribute.wav,bearingEmu,section_00,source,anomaly,0.0026812416035681963,fp_naa_c2_fault_preserving_seed13711,server02_fp_naa_screening_20260817T165229Z
bearingEmu/test/section_00_source_test_anomaly_0036_noAttribute.wav,bearingEmu,section_00,source,anomaly,0.0006530898972414434,fp_naa_c2_fault_preserving_seed13711,server02_fp_naa_screening_20260817T165229Z
bearingEmu/test/section_00_source_test_anomaly_0037_noAttribute.wav,bearingEmu,section_00,source,anomaly,0.0008159721037372947,fp_naa_c2_fault_preserving_seed13711,server02_fp_naa_screening_20260817T165229Z
bearingEmu/test/section_00_source_test_anomaly_0038_noAttribute.wav,bearingEmu,section_00,source,anomaly,0.011192221194505692,fp_naa_c2_fault_preserving_seed13711,server02_fp_naa_screening_20260817T165229Z
bearingEmu/test/section_00_source_test_anomaly_0039_noAttribute.wav,bearingEmu,section_00,source,anomaly,0.0029318840242922306,fp_naa_c2_fault_preserving_seed13711,server02_fp_naa_screening_20260817T165229Z
bearingEmu/test/section_00_source_test_anomaly_0040_noAttribute.wav,bearingEmu,section_00,source,anomaly,0.0031722616404294968,fp_naa_c2_fault_preserving_seed13711,server02_fp_naa_screening_20260817T165229Z
bearingEmu/test/section_00_source_test_anomaly_0041_noAttribute.wav,bearingEmu,section_00,source,anomaly,0.0009341056575067341,fp_naa_c2_fault_preserving_seed13711,server02_fp_naa_screening_20260817T165229Z
bearingEmu/test/section_00_source_test_anomaly_0042_noAttribute.wav,bearingEmu,section_00,source,anomaly,0.0035230268258601427,fp_naa_c2_fault_preserving_seed13711,server02_fp_naa_screening_20260817T165229Z
bearingEmu/test/section_00_source_test_anomaly_0043_noAttribute.wav,bearingEmu,section_00,source,anomaly,0.0013899910263717175,fp_naa_c2_fault_preserving_seed13711,server02_fp_naa_screening_20260817T165229Z
bearingEmu/test/section_00_source_test_anomaly_0044_noAttribute.wav,bearingEmu,section_00,source,anomaly,0.00021408061729744077,fp_naa_c2_fault_preserving_seed13711,server02_fp_naa_screening_20260817T165229Z
bearingEmu/test/section_00_source_test_anomaly_0045_noAttribute.wav,bearingEmu,section_00,source,anomaly,0.0019577566999942064,fp_naa_c2_fault_preserving_seed13711,server02_fp_naa_screening_20260817T165229Z
bearingEmu/test/section_00_source_test_anomaly_0046_noAttribute.wav,bearingEmu,section_00,source,anomaly,0.0014216687995940447,fp_naa_c2_fault_preserving_seed13711,server02_fp_naa_screening_20260817T165229Z
bearingEmu/test/section_00_source_test_anomaly_0047_noAttribute.wav,bearingEmu,section_00,source,anomaly,0.0005716470186598599,fp_naa_c2_fault_preserving_seed13711,server02_fp_naa_screening_20260817T165229Z
bearingEmu/test/section_00_source_test_anomaly_0048_noAttribute.wav,bearingEmu,section_00,source,anomaly,0.002473391592502594,fp_naa_c2_fault_preserving_seed13711,server02_fp_naa_screening_20260817T165229Z
bearingEmu/test/section_00_source_test_anomaly_0049_noAttribute.wav,bearingEmu,section_00,source,anomaly,0.0001645904703764245,fp_naa_c2_fault_preserving_seed13711,server02_fp_naa_screening_20260817T165229Z
bearingEmu/test/section_00_source_test_normal_0000_noAttribute.wav,bearingEmu,section_00,source,normal,0.0012533626286312938,fp_naa_c2_fault_preserving_seed13711,server02_fp_naa_screening_20260817T165229Z
bearingEmu/test/section_00_source_test_normal_0001_noAttribute.wav,bearingEmu,section_00,source,normal,0.0015474010724574327,fp_naa_c2_fault_preserving_seed13711,server02_fp_naa_screening_20260817T165229Z
bearingEmu/test/section_00_source_test_normal_0002_noAttribute.wav,bearingEmu,section_00,source,normal,0.0011407851707190275,fp_naa_c2_fault_preserving_seed13711,server02_fp_naa_screening_20260817T165229Z
bearingEmu/test/section_00_source_test_normal_0003_noAttribute.wav,bearingEmu,section_00,source,normal,0.0014224678743630648,fp_naa_c2_fault_preserving_seed13711,server02_fp_naa_screening_20260817T165229Z
bearingEmu/test/section_00_source_test_normal_0004_noAttribute.wav,bearingEmu,section_00,source,normal,0.00020174300880171359,fp_naa_c2_fault_preserving_seed13711,server02_fp_naa_screening_20260817T165229Z
bearingEmu/test/section_00_source_test_normal_0005_noAttribute.wav,bearingEmu,section_00,source,normal,0.0006327046430669725,fp_naa_c2_fault_preserving_seed13711,server02_fp_naa_screening_20260817T165229Z
bearingEmu/test/section_00_source_test_normal_0006_noAttribute.wav,bearingEmu,section_00,source,normal,0.0005600667791441083,fp_naa_c2_fault_preserving_seed13711,server02_fp_naa_screening_20260817T165229Z
bearingEmu/test/section_00_source_test_normal_0007_noAttribute.wav,bearingEmu,section_00,source,normal,-0.00015169271500781178,fp_naa_c2_fault_preserving_seed13711,server02_fp_naa_screening_20260817T165229Z
bearingEmu/test/section_00_source_test_normal_0008_noAttribute.wav,bearingEmu,section_00,source,normal,-0.0001003512879833579,fp_naa_c2_fault_preserving_seed13711,server02_fp_naa_screening_20260817T165229Z
bearingEmu/test/section_00_source_test_normal_0009_noAttribute.wav,bearingEmu,section_00,source,normal,0.0005139136337675154,fp_naa_c2_fault_preserving_seed13711,server02_fp_naa_screening_20260817T165229Z
bearingEmu/test/section_00_source_test_normal_0010_noAttribute.wav,bearingEmu,section_00,source,normal,0.000298747094348073,fp_naa_c2_fault_preserving_seed13711,server02_fp_naa_screening_20260817T165229Z
bearingEmu/test/section_00_source_test_normal_0011_noAttribute.wav,bearingEmu,section_00,source,normal,-4.528199497144669e-05,fp_naa_c2_fault_preserving_seed13711,server02_fp_naa_screening_20260817T165229Z
bearingEmu/test/section_00_source_test_normal_0012_noAttribute.wav,bearingEmu,section_00,source,normal,0.003424584399908781,fp_naa_c2_fault_preserving_seed13711,server02_fp_naa_screening_20260817T165229Z
bearingEmu/test/section_00_source_test_normal_0013_noAttribute.wav,bearingEmu,section_00,source,normal,0.000579998129978776,fp_naa_c2_fault_preserving_seed13711,server02_fp_naa_screening_20260817T165229Z
bearingEmu/test/section_00_source_test_normal_0014_noAttribute.wav,bearingEmu,section_00,source,normal,0.0008785238023847342,fp_naa_c2_fault_preserving_seed13711,server02_fp_naa_screening_20260817T165229Z
bearingEmu/test/section_00_source_test_normal_0015_noAttribute.wav,bearingEmu,section_00,source,normal,0.00044715803232975304,fp_naa_c2_fault_preserving_seed13711,server02_fp_naa_screening_20260817T165229Z
bearingEmu/test/section_00_source_test_normal_0016_noAttribute.wav,bearingEmu,section_00,source,normal,0.0003548626264091581,fp_naa_c2_fault_preserving_seed13711,server02_fp_naa_screening_20260817T165229Z
bearingEmu/test/section_00_source_test_normal_0017_noAttribute.wav,bearingEmu,section_00,source,normal,0.0009388805483467877,fp_naa_c2_fault_preserving_seed13711,server02_fp_naa_screening_20260817T165229Z
bearingEmu/test/section_00_source_test_normal_0018_noAttribute.wav,bearingEmu,section_00,source,normal,0.0002460727992001921,fp_naa_c2_fault_preserving_seed13711,server02_fp_naa_screening_20260817T165229Z
bearingEmu/test/section_00_source_test_normal_0019_noAttribute.wav,bearingEmu,section_00,source,normal,-6.582209607586265e-05,fp_naa_c2_fault_preserving_seed13711,server02_fp_naa_screening_20260817T165229Z
bearingEmu/test/section_00_source_test_normal_0020_noAttribute.wav,bearingEmu,section_00,source,normal,0.0004855923471041024,fp_naa_c2_fault_preserving_seed13711,server02_fp_naa_screening_20260817T165229Z
bearingEmu/test/section_00_source_test_normal_0021_noAttribute.wav,bearingEmu,section_00,source,normal,0.0004168219747953117,fp_naa_c2_fault_preserving_seed13711,server02_fp_naa_screening_20260817T165229Z
bearingEmu/test/section_00_source_test_normal_0022_noAttribute.wav,bearingEmu,section_00,source,normal,0.0009538037702441216,fp_naa_c2_fault_preserving_seed13711,server02_fp_naa_screening_20260817T165229Z
bearingEmu/test/section_00_source_test_normal_0023_noAttribute.wav,bearingEmu,section_00,source,normal,0.00016873350250534713,fp_naa_c2_fault_preserving_seed13711,server02_fp_naa_screening_20260817T165229Z
bearingEmu/test/section_00_source_test_normal_0024_noAttribute.wav,bearingEmu,section_00,source,normal,0.0004568599397316575,fp_naa_c2_fault_preserving_seed13711,server02_fp_naa_screening_20260817T165229Z
bearingEmu/test/section_00_source_test_normal_0025_noAttribute.wav,bearingEmu,section_00,source,normal,0.0005407116841524839,fp_naa_c2_fault_preserving_seed13711,server02_fp_naa_screening_20260817T165229Z
bearingEmu/test/section_00_source_test_normal_0026_noAttribute.wav,bearingEmu,section_00,source,normal,0.0011859177611768246,fp_naa_c2_fault_preserving_seed13711,server02_fp_naa_screening_20260817T165229Z
bearingEmu/test/section_00_source_test_normal_0027_noAttribute.wav,bearingEmu,section_00,source,normal,0.0005327435792423785,fp_naa_c2_fault_preserving_seed13711,server02_fp_naa_screening_20260817T165229Z
bearingEmu/test/section_00_source_test_normal_0028_noAttribute.wav,bearingEmu,section_00,source,normal,0.0011126154568046331,fp_naa_c2_fault_preserving_seed13711,server02_fp_naa_screening_20260817T165229Z
bearingEmu/test/section_00_source_test_normal_0029_noAttribute.wav,bearingEmu,section_00,source,normal,0.00018152437405660748,fp_naa_c2_fault_preserving_seed13711,server02_fp_naa_screening_20260817T165229Z
bearingEmu/test/section_00_source_test_normal_0030_noAttribute.wav,bearingEmu,section_00,source,normal,0.004899876657873392,fp_naa_c2_fault_preserving_seed13711,server02_fp_naa_screening_20260817T165229Z
bearingEmu/test/section_00_source_test_normal_0031_noAttribute.wav,bearingEmu,section_00,source,normal,0.0033195815049111843,fp_naa_c2_fault_preserving_seed13711,server02_fp_naa_screening_20260817T165229Z
bearingEmu/test/section_00_source_test_normal_0032_noAttribute.wav,bearingEmu,section_00,source,normal,0.0009399277623742819,fp_naa_c2_fault_preserving_seed13711,server02_fp_naa_screening_20260817T165229Z
bearingEmu/test/section_00_source_test_normal_0033_noAttribute.wav,bearingEmu,section_00,source,normal,-6.200716597959399e-07,fp_naa_c2_fault_preserving_seed13711,server02_fp_naa_screening_20260817T165229Z
bearingEmu/test/section_00_source_test_normal_0034_noAttribute.wav,bearingEmu,section_00,source,normal,0.002176429610699415,fp_naa_c2_fault_preserving_seed13711,server02_fp_naa_screening_20260817T165229Z
bearingEmu/test/section_00_source_test_normal_0035_noAttribute.wav,bearingEmu,section_00,source,normal,0.0003622322401497513,fp_naa_c2_fault_preserving_seed13711,server02_fp_naa_screening_20260817T165229Z
bearingEmu/test/section_00_source_test_normal_0036_noAttribute.wav,bearingEmu,section_00,source,normal,0.0010904492810368538,fp_naa_c2_fault_preserving_seed13711,server02_fp_naa_screening_20260817T165229Z
bearingEmu/test/section_00_source_test_normal_0037_noAttribute.wav,bearingEmu,section_00,source,normal,0.002375509822741151,fp_naa_c2_fault_preserving_seed13711,server02_fp_naa_screening_20260817T165229Z
bearingEmu/test/section_00_source_test_normal_0038_noAttribute.wav,bearingEmu,section_00,source,normal,-0.00022435825667344034,fp_naa_c2_fault_preserving_seed13711,server02_fp_naa_screening_20260817T165229Z
bearingEmu/test/section_00_source_test_normal_0039_noAttribute.wav,bearingEmu,section_00,source,normal,0.00016524959937669337,fp_naa_c2_fault_preserving_seed13711,server02_fp_naa_screening_20260817T165229Z
bearingEmu/test/section_00_source_test_normal_0040_noAttribute.wav,bearingEmu,section_00,source,normal,0.0031339204870164394,fp_naa_c2_fault_preserving_seed13711,server02_fp_naa_screening_20260817T165229Z
bearingEmu/test/section_00_source_test_normal_0041_noAttribute.wav,bearingEmu,section_00,source,normal,0.0014968446921557188,fp_naa_c2_fault_preserving_seed13711,server02_fp_naa_screening_20260817T165229Z
bearingEmu/test/section_00_source_test_normal_0042_noAttribute.wav,bearingEmu,section_00,source,normal,0.0003316259244456887,fp_naa_c2_fault_preserving_seed13711,server02_fp_naa_screening_20260817T165229Z
bearingEmu/test/section_00_source_test_normal_0043_noAttribute.wav,bearingEmu,section_00,source,normal,1.7402941011823714e-05,fp_naa_c2_fault_preserving_seed13711,server02_fp_naa_screening_20260817T165229Z
bearingEmu/test/section_00_source_test_normal_0044_noAttribute.wav,bearingEmu,section_00,source,normal,0.0022877666633576155,fp_naa_c2_fault_preserving_seed13711,server02_fp_naa_screening_20260817T165229Z
bearingEmu/test/section_00_source_test_normal_0045_noAttribute.wav,bearingEmu,section_00,source,normal,0.0010233556386083364,fp_naa_c2_fault_preserving_seed13711,server02_fp_naa_screening_20260817T165229Z
bearingEmu/test/section_00_source_test_normal_0046_noAttribute.wav,bearingEmu,section_00,source,normal,0.0012566606746986508,fp_naa_c2_fault_preserving_seed13711,server02_fp_naa_screening_20260817T165229Z
bearingEmu/test/section_00_source_test_normal_0047_noAttribute.wav,bearingEmu,section_00,source,normal,0.0033433157950639725,fp_naa_c2_fault_preserving_seed13711,server02_fp_naa_screening_20260817T165229Z
bearingEmu/test/section_00_source_test_normal_0048_noAttribute.wav,bearingEmu,section_00,source,normal,0.0003928771475329995,fp_naa_c2_fault_preserving_seed13711,server02_fp_naa_screening_20260817T165229Z
bearingEmu/test/section_00_source_test_normal_0049_noAttribute.wav,bearingEmu,section_00,source,normal,0.0004049669369123876,fp_naa_c2_fault_preserving_seed13711,server02_fp_naa_screening_20260817T165229Z
bearingEmu/test/section_00_target_test_anomaly_0000_noAttribute.wav,bearingEmu,section_00,target,anomaly,0.005955195054411888,fp_naa_c2_fault_preserving_seed13711,server02_fp_naa_screening_20260817T165229Z
bearingEmu/test/section_00_target_test_anomaly_0001_noAttribute.wav,bearingEmu,section_00,target,anomaly,0.0013237418606877327,fp_naa_c2_fault_preserving_seed13711,server02_fp_naa_screening_20260817T165229Z
bearingEmu/test/section_00_target_test_anomaly_0002_noAttribute.wav,bearingEmu,section_00,target,anomaly,0.007770003285259008,fp_naa_c2_fault_preserving_seed13711,server02_fp_naa_screening_20260817T165229Z
bearingEmu/test/section_00_target_test_anomaly_0003_noAttribute.wav,bearingEmu,section_00,target,anomaly,0.0005078628310002387,fp_naa_c2_fault_preserving_seed13711,server02_fp_naa_screening_20260817T165229Z
bearingEmu/test/section_00_target_test_anomaly_0004_noAttribute.wav,bearingEmu,section_00,target,anomaly,0.0011744424700737,fp_naa_c2_fault_preserving_seed13711,server02_fp_naa_screening_20260817T165229Z
bearingEmu/test/section_00_target_test_anomaly_0005_noAttribute.wav,bearingEmu,section_00,target,anomaly,0.0008323790971189737,fp_naa_c2_fault_preserving_seed13711,server02_fp_naa_screening_20260817T165229Z
bearingEmu/test/section_00_target_test_anomaly_0006_noAttribute.wav,bearingEmu,section_00,target,anomaly,0.0010015347506850958,fp_naa_c2_fault_preserving_seed13711,server02_fp_naa_screening_20260817T165229Z
bearingEmu/test/section_00_target_test_anomaly_0007_noAttribute.wav,bearingEmu,section_00,target,anomaly,0.009104805998504162,fp_naa_c2_fault_preserving_seed13711,server02_fp_naa_screening_20260817T165229Z
bearingEmu/test/section_00_target_test_anomaly_0008_noAttribute.wav,bearingEmu,section_00,target,anomaly,0.0008141592843458056,fp_naa_c2_fault_preserving_seed13711,server02_fp_naa_screening_20260817T165229Z
bearingEmu/test/section_00_target_test_anomaly_0009_noAttribute.wav,bearingEmu,section_00,target,anomaly,0.0006106304936110973,fp_naa_c2_fault_preserving_seed13711,server02_fp_naa_screening_20260817T165229Z
bearingEmu/test/section_00_target_test_anomaly_0010_noAttribute.wav,bearingEmu,section_00,target,anomaly,0.0009729711455293,fp_naa_c2_fault_preserving_seed13711,server02_fp_naa_screening_20260817T165229Z
bearingEmu/test/section_00_target_test_anomaly_0011_noAttribute.wav,bearingEmu,section_00,target,anomaly,0.0008332827128469944,fp_naa_c2_fault_preserving_seed13711,server02_fp_naa_screening_20260817T165229Z
bearingEmu/test/section_00_target_test_anomaly_0012_noAttribute.wav,bearingEmu,section_00,target,anomaly,0.011927029117941856,fp_naa_c2_fault_preserving_seed13711,server02_fp_naa_screening_20260817T165229Z
bearingEmu/test/section_00_target_test_anomaly_0013_noAttribute.wav,bearingEmu,section_00,target,anomaly,0.0042815315537154675,fp_naa_c2_fault_preserving_seed13711,server02_fp_naa_screening_20260817T165229Z
bearingEmu/test/section_00_target_test_anomaly_0014_noAttribute.wav,bearingEmu,section_00,target,anomaly,0.0009048811625689268,fp_naa_c2_fault_preserving_seed13711,server02_fp_naa_screening_20260817T165229Z
bearingEmu/test/section_00_target_test_anomaly_0015_noAttribute.wav,bearingEmu,section_00,target,anomaly,0.0026085476856678724,fp_naa_c2_fault_preserving_seed13711,server02_fp_naa_screening_20260817T165229Z
bearingEmu/test/section_00_target_test_anomaly_0016_noAttribute.wav,bearingEmu,section_00,target,anomaly,0.0023773428983986378,fp_naa_c2_fault_preserving_seed13711,server02_fp_naa_screening_20260817T165229Z
bearingEmu/test/section_00_target_test_anomaly_0017_noAttribute.wav,bearingEmu,section_00,target,anomaly,0.0023173089139163494,fp_naa_c2_fault_preserving_seed13711,server02_fp_naa_screening_20260817T165229Z
bearingEmu/test/section_00_target_test_anomaly_0018_noAttribute.wav,bearingEmu,section_00,target,anomaly,0.0018304582918062806,fp_naa_c2_fault_preserving_seed13711,server02_fp_naa_screening_20260817T165229Z
bearingEmu/test/section_00_target_test_anomaly_0019_noAttribute.wav,bearingEmu,section_00,target,anomaly,0.0009630115237087011,fp_naa_c2_fault_preserving_seed13711,server02_fp_naa_screening_20260817T165229Z
bearingEmu/test/section_00_target_test_anomaly_0020_noAttribute.wav,bearingEmu,section_00,target,anomaly,0.001224466017447412,fp_naa_c2_fault_preserving_seed13711,server02_fp_naa_screening_20260817T165229Z
bearingEmu/test/section_00_target_test_anomaly_0021_noAttribute.wav,bearingEmu,section_00,target,anomaly,0.0004160168464295566,fp_naa_c2_fault_preserving_seed13711,server02_fp_naa_screening_20260817T165229Z
bearingEmu/test/section_00_target_test_anomaly_0022_noAttribute.wav,bearingEmu,section_00,target,anomaly,0.006389968562871218,fp_naa_c2_fault_preserving_seed13711,server02_fp_naa_screening_20260817T165229Z
bearingEmu/test/section_00_target_test_anomaly_0023_noAttribute.wav,bearingEmu,section_00,target,anomaly,0.0007213188800960779,fp_naa_c2_fault_preserving_seed13711,server02_fp_naa_screening_20260817T165229Z
bearingEmu/test/section_00_target_test_anomaly_0024_noAttribute.wav,bearingEmu,section_00,target,anomaly,0.0010189332533627748,fp_naa_c2_fault_preserving_seed13711,server02_fp_naa_screening_20260817T165229Z
bearingEmu/test/section_00_target_test_anomaly_0025_noAttribute.wav,bearingEmu,section_00,target,anomaly,0.010942364111542702,fp_naa_c2_fault_preserving_seed13711,server02_fp_naa_screening_20260817T165229Z
bearingEmu/test/section_00_target_test_anomaly_0026_noAttribute.wav,bearingEmu,section_00,target,anomaly,0.006858901120722294,fp_naa_c2_fault_preserving_seed13711,server02_fp_naa_screening_20260817T165229Z
bearingEmu/test/section_00_target_test_anomaly_0027_noAttribute.wav,bearingEmu,section_00,target,anomaly,0.000203967749257572,fp_naa_c2_fault_preserving_seed13711,server02_fp_naa_screening_20260817T165229Z
bearingEmu/test/section_00_target_test_anomaly_0028_noAttribute.wav,bearingEmu,section_00,target,anomaly,0.0001063435192918405,fp_naa_c2_fault_preserving_seed13711,server02_fp_naa_screening_20260817T165229Z
bearingEmu/test/section_00_target_test_anomaly_0029_noAttribute.wav,bearingEmu,section_00,target,anomaly,0.007328968495130539,fp_naa_c2_fault_preserving_seed13711,server02_fp_naa_screening_20260817T165229Z
bearingEmu/test/section_00_target_test_anomaly_0030_noAttribute.wav,bearingEmu,section_00,target,anomaly,0.010688469745218754,fp_naa_c2_fault_preserving_seed13711,server02_fp_naa_screening_20260817T165229Z
bearingEmu/test/section_00_target_test_anomaly_0031_noAttribute.wav,bearingEmu,section_00,target,anomaly,0.0004800977185368538,fp_naa_c2_fault_preserving_seed13711,server02_fp_naa_screening_20260817T165229Z
bearingEmu/test/section_00_target_test_anomaly_0032_noAttribute.wav,bearingEmu,section_00,target,anomaly,-0.000228955497732386,fp_naa_c2_fault_preserving_seed13711,server02_fp_naa_screening_20260817T165229Z
bearingEmu/test/section_00_target_test_anomaly_0033_noAttribute.wav,bearingEmu,section_00,target,anomaly,9.520338790025562e-05,fp_naa_c2_fault_preserving_seed13711,server02_fp_naa_screening_20260817T165229Z
bearingEmu/test/section_00_target_test_anomaly_0034_noAttribute.wav,bearingEmu,section_00,target,anomaly,0.005243423394858837,fp_naa_c2_fault_preserving_seed13711,server02_fp_naa_screening_20260817T165229Z
bearingEmu/test/section_00_target_test_anomaly_0035_noAttribute.wav,bearingEmu,section_00,target,anomaly,0.0011399510549381375,fp_naa_c2_fault_preserving_seed13711,server02_fp_naa_screening_20260817T165229Z
bearingEmu/test/section_00_target_test_anomaly_0036_noAttribute.wav,bearingEmu,section_00,target,anomaly,0.009904426522552967,fp_naa_c2_fault_preserving_seed13711,server02_fp_naa_screening_20260817T165229Z
bearingEmu/test/section_00_target_test_anomaly_0037_noAttribute.wav,bearingEmu,section_00,target,anomaly,0.001224872306920588,fp_naa_c2_fault_preserving_seed13711,server02_fp_naa_screening_20260817T165229Z
bearingEmu/test/section_00_target_test_anomaly_0038_noAttribute.wav,bearingEmu,section_00,target,anomaly,0.0010144294938072562,fp_naa_c2_fault_preserving_seed13711,server02_fp_naa_screening_20260817T165229Z
bearingEmu/test/section_00_target_test_anomaly_0039_noAttribute.wav,bearingEmu,section_00,target,anomaly,0.0009329746826551855,fp_naa_c2_fault_preserving_seed13711,server02_fp_naa_screening_20260817T165229Z
bearingEmu/test/section_00_target_test_anomaly_0040_noAttribute.wav,bearingEmu,section_00,target,anomaly,0.0005180028383620083,fp_naa_c2_fault_preserving_seed13711,server02_fp_naa_screening_20260817T165229Z
bearingEmu/test/section_00_target_test_anomaly_0041_noAttribute.wav,bearingEmu,section_00,target,anomaly,0.0017406332772225142,fp_naa_c2_fault_preserving_seed13711,server02_fp_naa_screening_20260817T165229Z
bearingEmu/test/section_00_target_test_anomaly_0042_noAttribute.wav,bearingEmu,section_00,target,anomaly,0.0014490585308521986,fp_naa_c2_fault_preserving_seed13711,server02_fp_naa_screening_20260817T165229Z
bearingEmu/test/section_00_target_test_anomaly_0043_noAttribute.wav,bearingEmu,section_00,target,anomaly,9.583249629940838e-05,fp_naa_c2_fault_preserving_seed13711,server02_fp_naa_screening_20260817T165229Z
bearingEmu/test/section_00_target_test_anomaly_0044_noAttribute.wav,bearingEmu,section_00,target,anomaly,0.0010129190050065517,fp_naa_c2_fault_preserving_seed13711,server02_fp_naa_screening_20260817T165229Z
bearingEmu/test/section_00_target_test_anomaly_0045_noAttribute.wav,bearingEmu,section_00,target,anomaly,0.0008740812190808356,fp_naa_c2_fault_preserving_seed13711,server02_fp_naa_screening_20260817T165229Z
bearingEmu/test/section_00_target_test_anomaly_0046_noAttribute.wav,bearingEmu,section_00,target,anomaly,0.0013781689340248704,fp_naa_c2_fault_preserving_seed13711,server02_fp_naa_screening_20260817T165229Z
bearingEmu/test/section_00_target_test_anomaly_0047_noAttribute.wav,bearingEmu,section_00,target,anomaly,0.0016949016135185957,fp_naa_c2_fault_preserving_seed13711,server02_fp_naa_screening_20260817T165229Z
bearingEmu/test/section_00_target_test_anomaly_0048_noAttribute.wav,bearingEmu,section_00,target,anomaly,0.008714385330677032,fp_naa_c2_fault_preserving_seed13711,server02_fp_naa_screening_20260817T165229Z
bearingEmu/test/section_00_target_test_anomaly_0049_noAttribute.wav,bearingEmu,section_00,target,anomaly,0.0008316772873513401,fp_naa_c2_fault_preserving_seed13711,server02_fp_naa_screening_20260817T165229Z
bearingEmu/test/section_00_target_test_normal_0000_noAttribute.wav,bearingEmu,section_00,target,normal,0.002173149026930332,fp_naa_c2_fault_preserving_seed13711,server02_fp_naa_screening_20260817T165229Z
bearingEmu/test/section_00_target_test_normal_0001_noAttribute.wav,bearingEmu,section_00,target,normal,0.0009665543329901993,fp_naa_c2_fault_preserving_seed13711,server02_fp_naa_screening_20260817T165229Z
bearingEmu/test/section_00_target_test_normal_0002_noAttribute.wav,bearingEmu,section_00,target,normal,0.00020656376727856696,fp_naa_c2_fault_preserving_seed13711,server02_fp_naa_screening_20260817T165229Z
bearingEmu/test/section_00_target_test_normal_0003_noAttribute.wav,bearingEmu,section_00,target,normal,0.002250461373478174,fp_naa_c2_fault_preserving_seed13711,server02_fp_naa_screening_20260817T165229Z
bearingEmu/test/section_00_target_test_normal_0004_noAttribute.wav,bearingEmu,section_00,target,normal,0.0008691660477779806,fp_naa_c2_fault_preserving_seed13711,server02_fp_naa_screening_20260817T165229Z
bearingEmu/test/section_00_target_test_normal_0005_noAttribute.wav,bearingEmu,section_00,target,normal,0.0017434273613616824,fp_naa_c2_fault_preserving_seed13711,server02_fp_naa_screening_20260817T165229Z
bearingEmu/test/section_00_target_test_normal_0006_noAttribute.wav,bearingEmu,section_00,target,normal,0.0014012479223310947,fp_naa_c2_fault_preserving_seed13711,server02_fp_naa_screening_20260817T165229Z
bearingEmu/test/section_00_target_test_normal_0007_noAttribute.wav,bearingEmu,section_00,target,normal,0.0014614345273002982,fp_naa_c2_fault_preserving_seed13711,server02_fp_naa_screening_20260817T165229Z
bearingEmu/test/section_00_target_test_normal_0008_noAttribute.wav,bearingEmu,section_00,target,normal,0.0004865704395342618,fp_naa_c2_fault_preserving_seed13711,server02_fp_naa_screening_20260817T165229Z
bearingEmu/test/section_00_target_test_normal_0009_noAttribute.wav,bearingEmu,section_00,target,normal,0.0005024454439990222,fp_naa_c2_fault_preserving_seed13711,server02_fp_naa_screening_20260817T165229Z
bearingEmu/test/section_00_target_test_normal_0010_noAttribute.wav,bearingEmu,section_00,target,normal,0.00033856218215078115,fp_naa_c2_fault_preserving_seed13711,server02_fp_naa_screening_20260817T165229Z
bearingEmu/test/section_00_target_test_normal_0011_noAttribute.wav,bearingEmu,section_00,target,normal,0.00017660546291153878,fp_naa_c2_fault_preserving_seed13711,server02_fp_naa_screening_20260817T165229Z
bearingEmu/test/section_00_target_test_normal_0012_noAttribute.wav,bearingEmu,section_00,target,normal,0.0006963415653444827,fp_naa_c2_fault_preserving_seed13711,server02_fp_naa_screening_20260817T165229Z
bearingEmu/test/section_00_target_test_normal_0013_noAttribute.wav,bearingEmu,section_00,target,normal,4.2346742702648044e-05,fp_naa_c2_fault_preserving_seed13711,server02_fp_naa_screening_20260817T165229Z
bearingEmu/test/section_00_target_test_normal_0014_noAttribute.wav,bearingEmu,section_00,target,normal,-0.0009578294702805579,fp_naa_c2_fault_preserving_seed13711,server02_fp_naa_screening_20260817T165229Z
bearingEmu/test/section_00_target_test_normal_0015_noAttribute.wav,bearingEmu,section_00,target,normal,0.002612475072965026,fp_naa_c2_fault_preserving_seed13711,server02_fp_naa_screening_20260817T165229Z
bearingEmu/test/section_00_target_test_normal_0016_noAttribute.wav,bearingEmu,section_00,target,normal,0.0008538601105101407,fp_naa_c2_fault_preserving_seed13711,server02_fp_naa_screening_20260817T165229Z
bearingEmu/test/section_00_target_test_normal_0017_noAttribute.wav,bearingEmu,section_00,target,normal,0.0007926102261990309,fp_naa_c2_fault_preserving_seed13711,server02_fp_naa_screening_20260817T165229Z
bearingEmu/test/section_00_target_test_normal_0018_noAttribute.wav,bearingEmu,section_00,target,normal,0.0010737592820078135,fp_naa_c2_fault_preserving_seed13711,server02_fp_naa_screening_20260817T165229Z
bearingEmu/test/section_00_target_test_normal_0019_noAttribute.wav,bearingEmu,section_00,target,normal,0.0009890138171613216,fp_naa_c2_fault_preserving_seed13711,server02_fp_naa_screening_20260817T165229Z
bearingEmu/test/section_00_target_test_normal_0020_noAttribute.wav,bearingEmu,section_00,target,normal,0.0003196143370587379,fp_naa_c2_fault_preserving_seed13711,server02_fp_naa_screening_20260817T165229Z
bearingEmu/test/section_00_target_test_normal_0021_noAttribute.wav,bearingEmu,section_00,target,normal,0.0021756081841886044,fp_naa_c2_fault_preserving_seed13711,server02_fp_naa_screening_20260817T165229Z
bearingEmu/test/section_00_target_test_normal_0022_noAttribute.wav,bearingEmu,section_00,target,normal,0.0009309776942245662,fp_naa_c2_fault_preserving_seed13711,server02_fp_naa_screening_20260817T165229Z
bearingEmu/test/section_00_target_test_normal_0023_noAttribute.wav,bearingEmu,section_00,target,normal,0.0006311353645287454,fp_naa_c2_fault_preserving_seed13711,server02_fp_naa_screening_20260817T165229Z
bearingEmu/test/section_00_target_test_normal_0024_noAttribute.wav,bearingEmu,section_00,target,normal,0.0001524774997960776,fp_naa_c2_fault_preserving_seed13711,server02_fp_naa_screening_20260817T165229Z
bearingEmu/test/section_00_target_test_normal_0025_noAttribute.wav,bearingEmu,section_00,target,normal,0.0008741803467273712,fp_naa_c2_fault_preserving_seed13711,server02_fp_naa_screening_20260817T165229Z
bearingEmu/test/section_00_target_test_normal_0026_noAttribute.wav,bearingEmu,section_00,target,normal,0.000391089532058686,fp_naa_c2_fault_preserving_seed13711,server02_fp_naa_screening_20260817T165229Z
bearingEmu/test/section_00_target_test_normal_0027_noAttribute.wav,bearingEmu,section_00,target,normal,0.0006301490357145667,fp_naa_c2_fault_preserving_seed13711,server02_fp_naa_screening_20260817T165229Z
bearingEmu/test/section_00_target_test_normal_0028_noAttribute.wav,bearingEmu,section_00,target,normal,0.000535489700268954,fp_naa_c2_fault_preserving_seed13711,server02_fp_naa_screening_20260817T165229Z
bearingEmu/test/section_00_target_test_normal_0029_noAttribute.wav,bearingEmu,section_00,target,normal,0.0005518184625543654,fp_naa_c2_fault_preserving_seed13711,server02_fp_naa_screening_20260817T165229Z
bearingEmu/test/section_00_target_test_normal_0030_noAttribute.wav,bearingEmu,section_00,target,normal,0.002301024040207267,fp_naa_c2_fault_preserving_seed13711,server02_fp_naa_screening_20260817T165229Z
bearingEmu/test/section_00_target_test_normal_0031_noAttribute.wav,bearingEmu,section_00,target,normal,0.002395759569481015,fp_naa_c2_fault_preserving_seed13711,server02_fp_naa_screening_20260817T165229Z
bearingEmu/test/section_00_target_test_normal_0032_noAttribute.wav,bearingEmu,section_00,target,normal,0.0011683822376653552,fp_naa_c2_fault_preserving_seed13711,server02_fp_naa_screening_20260817T165229Z
bearingEmu/test/section_00_target_test_normal_0033_noAttribute.wav,bearingEmu,section_00,target,normal,0.0005725461523979902,fp_naa_c2_fault_preserving_seed13711,server02_fp_naa_screening_20260817T165229Z
bearingEmu/test/section_00_target_test_normal_0034_noAttribute.wav,bearingEmu,section_00,target,normal,0.0005965871969237924,fp_naa_c2_fault_preserving_seed13711,server02_fp_naa_screening_20260817T165229Z
bearingEmu/test/section_00_target_test_normal_0035_noAttribute.wav,bearingEmu,section_00,target,normal,0.0007196404621936381,fp_naa_c2_fault_preserving_seed13711,server02_fp_naa_screening_20260817T165229Z
bearingEmu/test/section_00_target_test_normal_0036_noAttribute.wav,bearingEmu,section_00,target,normal,0.0007389534148387611,fp_naa_c2_fault_preserving_seed13711,server02_fp_naa_screening_20260817T165229Z
bearingEmu/test/section_00_target_test_normal_0037_noAttribute.wav,bearingEmu,section_00,target,normal,0.0010236076777800918,fp_naa_c2_fault_preserving_seed13711,server02_fp_naa_screening_20260817T165229Z
bearingEmu/test/section_00_target_test_normal_0038_noAttribute.wav,bearingEmu,section_00,target,normal,0.0012210728600621223,fp_naa_c2_fault_preserving_seed13711,server02_fp_naa_screening_20260817T165229Z
bearingEmu/test/section_00_target_test_normal_0039_noAttribute.wav,bearingEmu,section_00,target,normal,0.0002894492936320603,fp_naa_c2_fault_preserving_seed13711,server02_fp_naa_screening_20260817T165229Z
bearingEmu/test/section_00_target_test_normal_0040_noAttribute.wav,bearingEmu,section_00,target,normal,0.0008527998579666018,fp_naa_c2_fault_preserving_seed13711,server02_fp_naa_screening_20260817T165229Z
bearingEmu/test/section_00_target_test_normal_0041_noAttribute.wav,bearingEmu,section_00,target,normal,0.0011333499569445848,fp_naa_c2_fault_preserving_seed13711,server02_fp_naa_screening_20260817T165229Z
bearingEmu/test/section_00_target_test_normal_0042_noAttribute.wav,bearingEmu,section_00,target,normal,0.00039386411663144827,fp_naa_c2_fault_preserving_seed13711,server02_fp_naa_screening_20260817T165229Z
bearingEmu/test/section_00_target_test_normal_0043_noAttribute.wav,bearingEmu,section_00,target,normal,0.000771460821852088,fp_naa_c2_fault_preserving_seed13711,server02_fp_naa_screening_20260817T165229Z
bearingEmu/test/section_00_target_test_normal_0044_noAttribute.wav,bearingEmu,section_00,target,normal,0.0032647703774273396,fp_naa_c2_fault_preserving_seed13711,server02_fp_naa_screening_20260817T165229Z
bearingEmu/test/section_00_target_test_normal_0045_noAttribute.wav,bearingEmu,section_00,target,normal,4.5782289816997945e-05,fp_naa_c2_fault_preserving_seed13711,server02_fp_naa_screening_20260817T165229Z
bearingEmu/test/section_00_target_test_normal_0046_noAttribute.wav,bearingEmu,section_00,target,normal,0.0032492815516889095,fp_naa_c2_fault_preserving_seed13711,server02_fp_naa_screening_20260817T165229Z
bearingEmu/test/section_00_target_test_normal_0047_noAttribute.wav,bearingEmu,section_00,target,normal,0.0009838532423600554,fp_naa_c2_fault_preserving_seed13711,server02_fp_naa_screening_20260817T165229Z
bearingEmu/test/section_00_target_test_normal_0048_noAttribute.wav,bearingEmu,section_00,target,normal,0.00029603668372146785,fp_naa_c2_fault_preserving_seed13711,server02_fp_naa_screening_20260817T165229Z
bearingEmu/test/section_00_target_test_normal_0049_noAttribute.wav,bearingEmu,section_00,target,normal,0.0018274765461683273,fp_naa_c2_fault_preserving_seed13711,server02_fp_naa_screening_20260817T165229Z
fan/test/section_00_source_test_anomaly_0000_spd_1.wav,fan,section_00,source,anomaly,0.0004720072611235082,fp_naa_c2_fault_preserving_seed13711,server02_fp_naa_screening_20260817T165229Z
fan/test/section_00_source_test_anomaly_0001_spd_3.wav,fan,section_00,source,anomaly,0.0009037994313985109,fp_naa_c2_fault_preserving_seed13711,server02_fp_naa_screening_20260817T165229Z
fan/test/section_00_source_test_anomaly_0002_spd_1.wav,fan,section_00,source,anomaly,-0.00044575834181159735,fp_naa_c2_fault_preserving_seed13711,server02_fp_naa_screening_20260817T165229Z
fan/test/section_00_source_test_anomaly_0003_spd_2.wav,fan,section_00,source,anomaly,0.00036693981382995844,fp_naa_c2_fault_preserving_seed13711,server02_fp_naa_screening_20260817T165229Z
fan/test/section_00_source_test_anomaly_0004_spd_3.wav,fan,section_00,source,anomaly,0.0007047202670946717,fp_naa_c2_fault_preserving_seed13711,server02_fp_naa_screening_20260817T165229Z
fan/test/section_00_source_test_anomaly_0005_spd_3.wav,fan,section_00,source,anomaly,-0.0005390052101574838,fp_naa_c2_fault_preserving_seed13711,server02_fp_naa_screening_20260817T165229Z
fan/test/section_00_source_test_anomaly_0006_spd_1.wav,fan,section_00,source,anomaly,0.00038861058419570327,fp_naa_c2_fault_preserving_seed13711,server02_fp_naa_screening_20260817T165229Z
fan/test/section_00_source_test_anomaly_0007_spd_3.wav,fan,section_00,source,anomaly,0.0013988695573061705,fp_naa_c2_fault_preserving_seed13711,server02_fp_naa_screening_20260817T165229Z
fan/test/section_00_source_test_anomaly_0008_spd_3.wav,fan,section_00,source,anomaly,0.0005186739726923406,fp_naa_c2_fault_preserving_seed13711,server02_fp_naa_screening_20260817T165229Z
fan/test/section_00_source_test_anomaly_0009_spd_1.wav,fan,section_00,source,anomaly,0.00020472329924814403,fp_naa_c2_fault_preserving_seed13711,server02_fp_naa_screening_20260817T165229Z
fan/test/section_00_source_test_anomaly_0010_spd_3.wav,fan,section_00,source,anomaly,0.0007251942879520357,fp_naa_c2_fault_preserving_seed13711,server02_fp_naa_screening_20260817T165229Z
fan/test/section_00_source_test_anomaly_0011_spd_3.wav,fan,section_00,source,anomaly,0.000678334035910666,fp_naa_c2_fault_preserving_seed13711,server02_fp_naa_screening_20260817T165229Z
fan/test/section_00_source_test_anomaly_0012_spd_2.wav,fan,section_00,source,anomaly,0.00044912000885233283,fp_naa_c2_fault_preserving_seed13711,server02_fp_naa_screening_20260817T165229Z
fan/test/section_00_source_test_anomaly_0013_spd_2.wav,fan,section_00,source,anomaly,0.0004098125791642815,fp_naa_c2_fault_preserving_seed13711,server02_fp_naa_screening_20260817T165229Z
fan/test/section_00_source_test_anomaly_0014_spd_1.wav,fan,section_00,source,anomaly,0.0008038578671403229,fp_naa_c2_fault_preserving_seed13711,server02_fp_naa_screening_20260817T165229Z
fan/test/section_00_source_test_anomaly_0015_spd_2.wav,fan,section_00,source,anomaly,0.0004879414918832481,fp_naa_c2_fault_preserving_seed13711,server02_fp_naa_screening_20260817T165229Z
fan/test/section_00_source_test_anomaly_0016_spd_2.wav,fan,section_00,source,anomaly,0.00043286470463499427,fp_naa_c2_fault_preserving_seed13711,server02_fp_naa_screening_20260817T165229Z
fan/test/section_00_source_test_anomaly_0017_spd_3.wav,fan,section_00,source,anomaly,0.0004531399463303387,fp_naa_c2_fault_preserving_seed13711,server02_fp_naa_screening_20260817T165229Z
fan/test/section_00_source_test_anomaly_0018_spd_1.wav,fan,section_00,source,anomaly,0.000249116332270205,fp_naa_c2_fault_preserving_seed13711,server02_fp_naa_screening_20260817T165229Z
fan/test/section_00_source_test_anomaly_0019_spd_1.wav,fan,section_00,source,anomaly,0.00044939975487068295,fp_naa_c2_fault_preserving_seed13711,server02_fp_naa_screening_20260817T165229Z
fan/test/section_00_source_test_anomaly_0020_spd_1.wav,fan,section_00,source,anomaly,0.0003506838984321803,fp_naa_c2_fault_preserving_seed13711,server02_fp_naa_screening_20260817T165229Z
fan/test/section_00_source_test_anomaly_0021_spd_3.wav,fan,section_00,source,anomaly,0.0007225481094792485,fp_naa_c2_fault_preserving_seed13711,server02_fp_naa_screening_20260817T165229Z
fan/test/section_00_source_test_anomaly_0022_spd_1.wav,fan,section_00,source,anomaly,0.0005376241751946509,fp_naa_c2_fault_preserving_seed13711,server02_fp_naa_screening_20260817T165229Z
fan/test/section_00_source_test_anomaly_0023_spd_2.wav,fan,section_00,source,anomaly,0.00054033292690292,fp_naa_c2_fault_preserving_seed13711,server02_fp_naa_screening_20260817T165229Z
fan/test/section_00_source_test_anomaly_0024_spd_2.wav,fan,section_00,source,anomaly,0.0006722991820424795,fp_naa_c2_fault_preserving_seed13711,server02_fp_naa_screening_20260817T165229Z
fan/test/section_00_source_test_anomaly_0025_spd_2.wav,fan,section_00,source,anomaly,0.000605777429882437,fp_naa_c2_fault_preserving_seed13711,server02_fp_naa_screening_20260817T165229Z
fan/test/section_00_source_test_anomaly_0026_spd_1.wav,fan,section_00,source,anomaly,0.0004867746029049158,fp_naa_c2_fault_preserving_seed13711,server02_fp_naa_screening_20260817T165229Z
fan/test/section_00_source_test_anomaly_0027_spd_2.wav,fan,section_00,source,anomaly,0.0006815753877162933,fp_naa_c2_fault_preserving_seed13711,server02_fp_naa_screening_20260817T165229Z
fan/test/section_00_source_test_anomaly_0028_spd_1.wav,fan,section_00,source,anomaly,0.00036091593210585415,fp_naa_c2_fault_preserving_seed13711,server02_fp_naa_screening_20260817T165229Z
fan/test/section_00_source_test_anomaly_0029_spd_2.wav,fan,section_00,source,anomaly,0.00047561893006786704,fp_naa_c2_fault_preserving_seed13711,server02_fp_naa_screening_20260817T165229Z
fan/test/section_00_source_test_anomaly_0030_spd_2.wav,fan,section_00,source,anomaly,0.0006861761794425547,fp_naa_c2_fault_preserving_seed13711,server02_fp_naa_screening_20260817T165229Z
fan/test/section_00_source_test_anomaly_0031_spd_2.wav,fan,section_00,source,anomaly,0.0005204988410696387,fp_naa_c2_fault_preserving_seed13711,server02_fp_naa_screening_20260817T165229Z
fan/test/section_00_source_test_anomaly_0032_spd_3.wav,fan,section_00,source,anomaly,0.00129947520326823,fp_naa_c2_fault_preserving_seed13711,server02_fp_naa_screening_20260817T165229Z
fan/test/section_00_source_test_anomaly_0033_spd_1.wav,fan,section_00,source,anomaly,0.0007756163831800222,fp_naa_c2_fault_preserving_seed13711,server02_fp_naa_screening_20260817T165229Z
fan/test/section_00_source_test_anomaly_0034_spd_2.wav,fan,section_00,source,anomaly,0.0006735491915605962,fp_naa_c2_fault_preserving_seed13711,server02_fp_naa_screening_20260817T165229Z
fan/test/section_00_source_test_anomaly_0035_spd_2.wav,fan,section_00,source,anomaly,0.0004840351757593453,fp_naa_c2_fault_preserving_seed13711,server02_fp_naa_screening_20260817T165229Z
fan/test/section_00_source_test_anomaly_0036_spd_2.wav,fan,section_00,source,anomaly,0.0003635278844740242,fp_naa_c2_fault_preserving_seed13711,server02_fp_naa_screening_20260817T165229Z
fan/test/section_00_source_test_anomaly_0037_spd_1.wav,fan,section_00,source,anomaly,0.00047804947826080024,fp_naa_c2_fault_preserving_seed13711,server02_fp_naa_screening_20260817T165229Z
fan/test/section_00_source_test_anomaly_0038_spd_2.wav,fan,section_00,source,anomaly,0.0005055835354141891,fp_naa_c2_fault_preserving_seed13711,server02_fp_naa_screening_20260817T165229Z
fan/test/section_00_source_test_anomaly_0039_spd_3.wav,fan,section_00,source,anomaly,0.0010397976730018854,fp_naa_c2_fault_preserving_seed13711,server02_fp_naa_screening_20260817T165229Z
fan/test/section_00_source_test_anomaly_0040_spd_1.wav,fan,section_00,source,anomaly,0.00038585453876294196,fp_naa_c2_fault_preserving_seed13711,server02_fp_naa_screening_20260817T165229Z
fan/test/section_00_source_test_anomaly_0041_spd_1.wav,fan,section_00,source,anomaly,0.0008212563116103411,fp_naa_c2_fault_preserving_seed13711,server02_fp_naa_screening_20260817T165229Z
fan/test/section_00_source_test_anomaly_0042_spd_3.wav,fan,section_00,source,anomaly,0.0008465548744425178,fp_naa_c2_fault_preserving_seed13711,server02_fp_naa_screening_20260817T165229Z
fan/test/section_00_source_test_anomaly_0043_spd_1.wav,fan,section_00,source,anomaly,0.0012332872720435262,fp_naa_c2_fault_preserving_seed13711,server02_fp_naa_screening_20260817T165229Z
fan/test/section_00_source_test_anomaly_0044_spd_3.wav,fan,section_00,source,anomaly,0.0014238605508580804,fp_naa_c2_fault_preserving_seed13711,server02_fp_naa_screening_20260817T165229Z
fan/test/section_00_source_test_anomaly_0045_spd_1.wav,fan,section_00,source,anomaly,0.0004192513588350266,fp_naa_c2_fault_preserving_seed13711,server02_fp_naa_screening_20260817T165229Z
fan/test/section_00_source_test_anomaly_0046_spd_3.wav,fan,section_00,source,anomaly,0.0006896939594298601,fp_naa_c2_fault_preserving_seed13711,server02_fp_naa_screening_20260817T165229Z
fan/test/section_00_source_test_anomaly_0047_spd_2.wav,fan,section_00,source,anomaly,0.0005410247249528766,fp_naa_c2_fault_preserving_seed13711,server02_fp_naa_screening_20260817T165229Z
fan/test/section_00_source_test_anomaly_0048_spd_3.wav,fan,section_00,source,anomaly,0.000920973950996995,fp_naa_c2_fault_preserving_seed13711,server02_fp_naa_screening_20260817T165229Z
fan/test/section_00_source_test_anomaly_0049_spd_3.wav,fan,section_00,source,anomaly,0.0009273450123146176,fp_naa_c2_fault_preserving_seed13711,server02_fp_naa_screening_20260817T165229Z
fan/test/section_00_source_test_normal_0000_spd_2.wav,fan,section_00,source,normal,0.00036262391950003803,fp_naa_c2_fault_preserving_seed13711,server02_fp_naa_screening_20260817T165229Z
fan/test/section_00_source_test_normal_0001_spd_1.wav,fan,section_00,source,normal,0.00020591654174495488,fp_naa_c2_fault_preserving_seed13711,server02_fp_naa_screening_20260817T165229Z
fan/test/section_00_source_test_normal_0002_spd_2.wav,fan,section_00,source,normal,0.00044519579387269914,fp_naa_c2_fault_preserving_seed13711,server02_fp_naa_screening_20260817T165229Z
fan/test/section_00_source_test_normal_0003_spd_3.wav,fan,section_00,source,normal,0.0008514555520378053,fp_naa_c2_fault_preserving_seed13711,server02_fp_naa_screening_20260817T165229Z
fan/test/section_00_source_test_normal_0004_spd_2.wav,fan,section_00,source,normal,0.0006586874951608479,fp_naa_c2_fault_preserving_seed13711,server02_fp_naa_screening_20260817T165229Z
fan/test/section_00_source_test_normal_0005_spd_3.wav,fan,section_00,source,normal,0.0005860318196937442,fp_naa_c2_fault_preserving_seed13711,server02_fp_naa_screening_20260817T165229Z
fan/test/section_00_source_test_normal_0006_spd_1.wav,fan,section_00,source,normal,0.0006721317186020315,fp_naa_c2_fault_preserving_seed13711,server02_fp_naa_screening_20260817T165229Z
fan/test/section_00_source_test_normal_0007_spd_3.wav,fan,section_00,source,normal,0.0004076375043950975,fp_naa_c2_fault_preserving_seed13711,server02_fp_naa_screening_20260817T165229Z
fan/test/section_00_source_test_normal_0008_spd_3.wav,fan,section_00,source,normal,0.0005223720800131559,fp_naa_c2_fault_preserving_seed13711,server02_fp_naa_screening_20260817T165229Z
fan/test/section_00_source_test_normal_0009_spd_2.wav,fan,section_00,source,normal,0.0014156275428831577,fp_naa_c2_fault_preserving_seed13711,server02_fp_naa_screening_20260817T165229Z
fan/test/section_00_source_test_normal_0010_spd_2.wav,fan,section_00,source,normal,0.0007711986545473337,fp_naa_c2_fault_preserving_seed13711,server02_fp_naa_screening_20260817T165229Z
fan/test/section_00_source_test_normal_0011_spd_1.wav,fan,section_00,source,normal,0.0007265446474775672,fp_naa_c2_fault_preserving_seed13711,server02_fp_naa_screening_20260817T165229Z
fan/test/section_00_source_test_normal_0012_spd_1.wav,fan,section_00,source,normal,0.0004292925004847348,fp_naa_c2_fault_preserving_seed13711,server02_fp_naa_screening_20260817T165229Z
fan/test/section_00_source_test_normal_0013_spd_1.wav,fan,section_00,source,normal,0.00046544414362870157,fp_naa_c2_fault_preserving_seed13711,server02_fp_naa_screening_20260817T165229Z
fan/test/section_00_source_test_normal_0014_spd_2.wav,fan,section_00,source,normal,0.0003796773380599916,fp_naa_c2_fault_preserving_seed13711,server02_fp_naa_screening_20260817T165229Z
fan/test/section_00_source_test_normal_0015_spd_2.wav,fan,section_00,source,normal,0.0003511560498736799,fp_naa_c2_fault_preserving_seed13711,server02_fp_naa_screening_20260817T165229Z
fan/test/section_00_source_test_normal_0016_spd_2.wav,fan,section_00,source,normal,0.0003325660654809326,fp_naa_c2_fault_preserving_seed13711,server02_fp_naa_screening_20260817T165229Z
fan/test/section_00_source_test_normal_0017_spd_3.wav,fan,section_00,source,normal,0.0006396446260623634,fp_naa_c2_fault_preserving_seed13711,server02_fp_naa_screening_20260817T165229Z
fan/test/section_00_source_test_normal_0018_spd_3.wav,fan,section_00,source,normal,0.0005194357945583761,fp_naa_c2_fault_preserving_seed13711,server02_fp_naa_screening_20260817T165229Z
fan/test/section_00_source_test_normal_0019_spd_1.wav,fan,section_00,source,normal,0.00018540213932283223,fp_naa_c2_fault_preserving_seed13711,server02_fp_naa_screening_20260817T165229Z
fan/test/section_00_source_test_normal_0020_spd_3.wav,fan,section_00,source,normal,0.0004589404270518571,fp_naa_c2_fault_preserving_seed13711,server02_fp_naa_screening_20260817T165229Z
fan/test/section_00_source_test_normal_0021_spd_3.wav,fan,section_00,source,normal,0.00027184252394363284,fp_naa_c2_fault_preserving_seed13711,server02_fp_naa_screening_20260817T165229Z
fan/test/section_00_source_test_normal_0022_spd_2.wav,fan,section_00,source,normal,0.000638805388007313,fp_naa_c2_fault_preserving_seed13711,server02_fp_naa_screening_20260817T165229Z
fan/test/section_00_source_test_normal_0023_spd_1.wav,fan,section_00,source,normal,0.0009514466510154307,fp_naa_c2_fault_preserving_seed13711,server02_fp_naa_screening_20260817T165229Z
fan/test/section_00_source_test_normal_0024_spd_1.wav,fan,section_00,source,normal,0.0007326917257159948,fp_naa_c2_fault_preserving_seed13711,server02_fp_naa_screening_20260817T165229Z
fan/test/section_00_source_test_normal_0025_spd_2.wav,fan,section_00,source,normal,0.0005531547358259559,fp_naa_c2_fault_preserving_seed13711,server02_fp_naa_screening_20260817T165229Z
fan/test/section_00_source_test_normal_0026_spd_3.wav,fan,section_00,source,normal,0.0006357157835736871,fp_naa_c2_fault_preserving_seed13711,server02_fp_naa_screening_20260817T165229Z
fan/test/section_00_source_test_normal_0027_spd_1.wav,fan,section_00,source,normal,0.00029423204250633717,fp_naa_c2_fault_preserving_seed13711,server02_fp_naa_screening_20260817T165229Z
fan/test/section_00_source_test_normal_0028_spd_2.wav,fan,section_00,source,normal,0.0005011121975257993,fp_naa_c2_fault_preserving_seed13711,server02_fp_naa_screening_20260817T165229Z
fan/test/section_00_source_test_normal_0029_spd_3.wav,fan,section_00,source,normal,0.0006980013567954302,fp_naa_c2_fault_preserving_seed13711,server02_fp_naa_screening_20260817T165229Z
fan/test/section_00_source_test_normal_0030_spd_2.wav,fan,section_00,source,normal,0.000630958063993603,fp_naa_c2_fault_preserving_seed13711,server02_fp_naa_screening_20260817T165229Z
fan/test/section_00_source_test_normal_0031_spd_3.wav,fan,section_00,source,normal,0.0005987819167785347,fp_naa_c2_fault_preserving_seed13711,server02_fp_naa_screening_20260817T165229Z
fan/test/section_00_source_test_normal_0032_spd_1.wav,fan,section_00,source,normal,0.0006250551668927073,fp_naa_c2_fault_preserving_seed13711,server02_fp_naa_screening_20260817T165229Z
fan/test/section_00_source_test_normal_0033_spd_1.wav,fan,section_00,source,normal,0.0006553776911459863,fp_naa_c2_fault_preserving_seed13711,server02_fp_naa_screening_20260817T165229Z
fan/test/section_00_source_test_normal_0034_spd_3.wav,fan,section_00,source,normal,0.0004497382615227252,fp_naa_c2_fault_preserving_seed13711,server02_fp_naa_screening_20260817T165229Z
fan/test/section_00_source_test_normal_0035_spd_3.wav,fan,section_00,source,normal,0.0004078041238244623,fp_naa_c2_fault_preserving_seed13711,server02_fp_naa_screening_20260817T165229Z
fan/test/section_00_source_test_normal_0036_spd_3.wav,fan,section_00,source,normal,0.0004454599693417549,fp_naa_c2_fault_preserving_seed13711,server02_fp_naa_screening_20260817T165229Z
fan/test/section_00_source_test_normal_0037_spd_2.wav,fan,section_00,source,normal,0.0006503982003778219,fp_naa_c2_fault_preserving_seed13711,server02_fp_naa_screening_20260817T165229Z
fan/test/section_00_source_test_normal_0038_spd_2.wav,fan,section_00,source,normal,0.0003701580862980336,fp_naa_c2_fault_preserving_seed13711,server02_fp_naa_screening_20260817T165229Z
fan/test/section_00_source_test_normal_0039_spd_1.wav,fan,section_00,source,normal,0.0002487360325176269,fp_naa_c2_fault_preserving_seed13711,server02_fp_naa_screening_20260817T165229Z
fan/test/section_00_source_test_normal_0040_spd_3.wav,fan,section_00,source,normal,0.0004443749785423279,fp_naa_c2_fault_preserving_seed13711,server02_fp_naa_screening_20260817T165229Z
fan/test/section_00_source_test_normal_0041_spd_1.wav,fan,section_00,source,normal,0.0007958757923915982,fp_naa_c2_fault_preserving_seed13711,server02_fp_naa_screening_20260817T165229Z
fan/test/section_00_source_test_normal_0042_spd_2.wav,fan,section_00,source,normal,0.0006425113533623517,fp_naa_c2_fault_preserving_seed13711,server02_fp_naa_screening_20260817T165229Z
fan/test/section_00_source_test_normal_0043_spd_1.wav,fan,section_00,source,normal,0.000625760992988944,fp_naa_c2_fault_preserving_seed13711,server02_fp_naa_screening_20260817T165229Z
fan/test/section_00_source_test_normal_0044_spd_1.wav,fan,section_00,source,normal,0.000643389590550214,fp_naa_c2_fault_preserving_seed13711,server02_fp_naa_screening_20260817T165229Z
fan/test/section_00_source_test_normal_0045_spd_1.wav,fan,section_00,source,normal,0.0004887569812126458,fp_naa_c2_fault_preserving_seed13711,server02_fp_naa_screening_20260817T165229Z
fan/test/section_00_source_test_normal_0046_spd_1.wav,fan,section_00,source,normal,0.000468449667096138,fp_naa_c2_fault_preserving_seed13711,server02_fp_naa_screening_20260817T165229Z
fan/test/section_00_source_test_normal_0047_spd_2.wav,fan,section_00,source,normal,0.0005520565900951624,fp_naa_c2_fault_preserving_seed13711,server02_fp_naa_screening_20260817T165229Z
fan/test/section_00_source_test_normal_0048_spd_3.wav,fan,section_00,source,normal,0.0006400234997272491,fp_naa_c2_fault_preserving_seed13711,server02_fp_naa_screening_20260817T165229Z
fan/test/section_00_source_test_normal_0049_spd_2.wav,fan,section_00,source,normal,0.0003191390715073794,fp_naa_c2_fault_preserving_seed13711,server02_fp_naa_screening_20260817T165229Z
fan/test/section_00_target_test_anomaly_0000_spd_1.wav,fan,section_00,target,anomaly,0.0007974685868248343,fp_naa_c2_fault_preserving_seed13711,server02_fp_naa_screening_20260817T165229Z
fan/test/section_00_target_test_anomaly_0001_spd_2.wav,fan,section_00,target,anomaly,-0.00043470849050208926,fp_naa_c2_fault_preserving_seed13711,server02_fp_naa_screening_20260817T165229Z
fan/test/section_00_target_test_anomaly_0002_spd_1.wav,fan,section_00,target,anomaly,0.0003891790984198451,fp_naa_c2_fault_preserving_seed13711,server02_fp_naa_screening_20260817T165229Z
fan/test/section_00_target_test_anomaly_0003_spd_1.wav,fan,section_00,target,anomaly,0.0006826098542660475,fp_naa_c2_fault_preserving_seed13711,server02_fp_naa_screening_20260817T165229Z
fan/test/section_00_target_test_anomaly_0004_spd_3.wav,fan,section_00,target,anomaly,0.0005202361498959363,fp_naa_c2_fault_preserving_seed13711,server02_fp_naa_screening_20260817T165229Z
fan/test/section_00_target_test_anomaly_0005_spd_2.wav,fan,section_00,target,anomaly,0.00035559380194172263,fp_naa_c2_fault_preserving_seed13711,server02_fp_naa_screening_20260817T165229Z
fan/test/section_00_target_test_anomaly_0006_spd_3.wav,fan,section_00,target,anomaly,0.00048658845480531454,fp_naa_c2_fault_preserving_seed13711,server02_fp_naa_screening_20260817T165229Z
fan/test/section_00_target_test_anomaly_0007_spd_2.wav,fan,section_00,target,anomaly,0.0007316460832953453,fp_naa_c2_fault_preserving_seed13711,server02_fp_naa_screening_20260817T165229Z
fan/test/section_00_target_test_anomaly_0008_spd_3.wav,fan,section_00,target,anomaly,0.0009377098176628351,fp_naa_c2_fault_preserving_seed13711,server02_fp_naa_screening_20260817T165229Z
fan/test/section_00_target_test_anomaly_0009_spd_1.wav,fan,section_00,target,anomaly,0.0001403558999300003,fp_naa_c2_fault_preserving_seed13711,server02_fp_naa_screening_20260817T165229Z
fan/test/section_00_target_test_anomaly_0010_spd_1.wav,fan,section_00,target,anomaly,0.0006502937176264822,fp_naa_c2_fault_preserving_seed13711,server02_fp_naa_screening_20260817T165229Z
fan/test/section_00_target_test_anomaly_0011_spd_2.wav,fan,section_00,target,anomaly,0.0006411654176190495,fp_naa_c2_fault_preserving_seed13711,server02_fp_naa_screening_20260817T165229Z
fan/test/section_00_target_test_anomaly_0012_spd_2.wav,fan,section_00,target,anomaly,0.0011750392150133848,fp_naa_c2_fault_preserving_seed13711,server02_fp_naa_screening_20260817T165229Z
fan/test/section_00_target_test_anomaly_0013_spd_1.wav,fan,section_00,target,anomaly,0.00032290478702634573,fp_naa_c2_fault_preserving_seed13711,server02_fp_naa_screening_20260817T165229Z
fan/test/section_00_target_test_anomaly_0014_spd_3.wav,fan,section_00,target,anomaly,0.0006490397499874234,fp_naa_c2_fault_preserving_seed13711,server02_fp_naa_screening_20260817T165229Z
fan/test/section_00_target_test_anomaly_0015_spd_1.wav,fan,section_00,target,anomaly,0.00045197748113423586,fp_naa_c2_fault_preserving_seed13711,server02_fp_naa_screening_20260817T165229Z
fan/test/section_00_target_test_anomaly_0016_spd_3.wav,fan,section_00,target,anomaly,0.0004555545747280121,fp_naa_c2_fault_preserving_seed13711,server02_fp_naa_screening_20260817T165229Z
fan/test/section_00_target_test_anomaly_0017_spd_2.wav,fan,section_00,target,anomaly,0.00024128402583301067,fp_naa_c2_fault_preserving_seed13711,server02_fp_naa_screening_20260817T165229Z
fan/test/section_00_target_test_anomaly_0018_spd_2.wav,fan,section_00,target,anomaly,0.0006698364741168916,fp_naa_c2_fault_preserving_seed13711,server02_fp_naa_screening_20260817T165229Z
fan/test/section_00_target_test_anomaly_0019_spd_3.wav,fan,section_00,target,anomaly,0.0007038430776447058,fp_naa_c2_fault_preserving_seed13711,server02_fp_naa_screening_20260817T165229Z
fan/test/section_00_target_test_anomaly_0020_spd_2.wav,fan,section_00,target,anomaly,0.0009533802513033152,fp_naa_c2_fault_preserving_seed13711,server02_fp_naa_screening_20260817T165229Z
fan/test/section_00_target_test_anomaly_0021_spd_2.wav,fan,section_00,target,anomaly,0.00034410692751407623,fp_naa_c2_fault_preserving_seed13711,server02_fp_naa_screening_20260817T165229Z
fan/test/section_00_target_test_anomaly_0022_spd_3.wav,fan,section_00,target,anomaly,0.0007563396356999874,fp_naa_c2_fault_preserving_seed13711,server02_fp_naa_screening_20260817T165229Z
fan/test/section_00_target_test_anomaly_0023_spd_1.wav,fan,section_00,target,anomaly,0.0005492354393936694,fp_naa_c2_fault_preserving_seed13711,server02_fp_naa_screening_20260817T165229Z
fan/test/section_00_target_test_anomaly_0024_spd_2.wav,fan,section_00,target,anomaly,0.0012403216678649187,fp_naa_c2_fault_preserving_seed13711,server02_fp_naa_screening_20260817T165229Z
fan/test/section_00_target_test_anomaly_0025_spd_3.wav,fan,section_00,target,anomaly,0.0006103586638346314,fp_naa_c2_fault_preserving_seed13711,server02_fp_naa_screening_20260817T165229Z
fan/test/section_00_target_test_anomaly_0026_spd_3.wav,fan,section_00,target,anomaly,0.0006779211107641459,fp_naa_c2_fault_preserving_seed13711,server02_fp_naa_screening_20260817T165229Z
fan/test/section_00_target_test_anomaly_0027_spd_1.wav,fan,section_00,target,anomaly,0.00042730788118205965,fp_naa_c2_fault_preserving_seed13711,server02_fp_naa_screening_20260817T165229Z
fan/test/section_00_target_test_anomaly_0028_spd_1.wav,fan,section_00,target,anomaly,0.0006701492238789797,fp_naa_c2_fault_preserving_seed13711,server02_fp_naa_screening_20260817T165229Z
fan/test/section_00_target_test_anomaly_0029_spd_3.wav,fan,section_00,target,anomaly,0.0006715060444548726,fp_naa_c2_fault_preserving_seed13711,server02_fp_naa_screening_20260817T165229Z
fan/test/section_00_target_test_anomaly_0030_spd_1.wav,fan,section_00,target,anomaly,0.00048712515854276717,fp_naa_c2_fault_preserving_seed13711,server02_fp_naa_screening_20260817T165229Z
fan/test/section_00_target_test_anomaly_0031_spd_3.wav,fan,section_00,target,anomaly,0.0005750968120992184,fp_naa_c2_fault_preserving_seed13711,server02_fp_naa_screening_20260817T165229Z
fan/test/section_00_target_test_anomaly_0032_spd_2.wav,fan,section_00,target,anomaly,0.0004734456888400018,fp_naa_c2_fault_preserving_seed13711,server02_fp_naa_screening_20260817T165229Z
fan/test/section_00_target_test_anomaly_0033_spd_1.wav,fan,section_00,target,anomaly,0.0004398124001454562,fp_naa_c2_fault_preserving_seed13711,server02_fp_naa_screening_20260817T165229Z
fan/test/section_00_target_test_anomaly_0034_spd_3.wav,fan,section_00,target,anomaly,0.0005817775381729007,fp_naa_c2_fault_preserving_seed13711,server02_fp_naa_screening_20260817T165229Z
fan/test/section_00_target_test_anomaly_0035_spd_2.wav,fan,section_00,target,anomaly,0.00018649506091605872,fp_naa_c2_fault_preserving_seed13711,server02_fp_naa_screening_20260817T165229Z
fan/test/section_00_target_test_anomaly_0036_spd_1.wav,fan,section_00,target,anomaly,0.0006950498791411519,fp_naa_c2_fault_preserving_seed13711,server02_fp_naa_screening_20260817T165229Z
fan/test/section_00_target_test_anomaly_0037_spd_1.wav,fan,section_00,target,anomaly,0.0007933694869279861,fp_naa_c2_fault_preserving_seed13711,server02_fp_naa_screening_20260817T165229Z
fan/test/section_00_target_test_anomaly_0038_spd_2.wav,fan,section_00,target,anomaly,0.0006079754093661904,fp_naa_c2_fault_preserving_seed13711,server02_fp_naa_screening_20260817T165229Z
fan/test/section_00_target_test_anomaly_0039_spd_3.wav,fan,section_00,target,anomaly,0.0006450548535212874,fp_naa_c2_fault_preserving_seed13711,server02_fp_naa_screening_20260817T165229Z
fan/test/section_00_target_test_anomaly_0040_spd_2.wav,fan,section_00,target,anomaly,0.0006121048354543746,fp_naa_c2_fault_preserving_seed13711,server02_fp_naa_screening_20260817T165229Z
fan/test/section_00_target_test_anomaly_0041_spd_3.wav,fan,section_00,target,anomaly,0.0003553575079422444,fp_naa_c2_fault_preserving_seed13711,server02_fp_naa_screening_20260817T165229Z
fan/test/section_00_target_test_anomaly_0042_spd_3.wav,fan,section_00,target,anomaly,0.0005547410692088306,fp_naa_c2_fault_preserving_seed13711,server02_fp_naa_screening_20260817T165229Z
fan/test/section_00_target_test_anomaly_0043_spd_2.wav,fan,section_00,target,anomaly,0.00047738366993144155,fp_naa_c2_fault_preserving_seed13711,server02_fp_naa_screening_20260817T165229Z
fan/test/section_00_target_test_anomaly_0044_spd_1.wav,fan,section_00,target,anomaly,0.0005455673672258854,fp_naa_c2_fault_preserving_seed13711,server02_fp_naa_screening_20260817T165229Z
fan/test/section_00_target_test_anomaly_0045_spd_3.wav,fan,section_00,target,anomaly,0.0005405964911915362,fp_naa_c2_fault_preserving_seed13711,server02_fp_naa_screening_20260817T165229Z
fan/test/section_00_target_test_anomaly_0046_spd_1.wav,fan,section_00,target,anomaly,0.0003627760452218354,fp_naa_c2_fault_preserving_seed13711,server02_fp_naa_screening_20260817T165229Z
fan/test/section_00_target_test_anomaly_0047_spd_2.wav,fan,section_00,target,anomaly,0.000783425522968173,fp_naa_c2_fault_preserving_seed13711,server02_fp_naa_screening_20260817T165229Z
fan/test/section_00_target_test_anomaly_0048_spd_1.wav,fan,section_00,target,anomaly,0.0006458030547946692,fp_naa_c2_fault_preserving_seed13711,server02_fp_naa_screening_20260817T165229Z
fan/test/section_00_target_test_anomaly_0049_spd_2.wav,fan,section_00,target,anomaly,0.0005632179090753198,fp_naa_c2_fault_preserving_seed13711,server02_fp_naa_screening_20260817T165229Z
fan/test/section_00_target_test_normal_0000_spd_3.wav,fan,section_00,target,normal,0.0006504525663331151,fp_naa_c2_fault_preserving_seed13711,server02_fp_naa_screening_20260817T165229Z
fan/test/section_00_target_test_normal_0001_spd_2.wav,fan,section_00,target,normal,0.00050754239782691,fp_naa_c2_fault_preserving_seed13711,server02_fp_naa_screening_20260817T165229Z
fan/test/section_00_target_test_normal_0002_spd_2.wav,fan,section_00,target,normal,0.0006206695688888431,fp_naa_c2_fault_preserving_seed13711,server02_fp_naa_screening_20260817T165229Z
fan/test/section_00_target_test_normal_0003_spd_1.wav,fan,section_00,target,normal,0.0007664335425943136,fp_naa_c2_fault_preserving_seed13711,server02_fp_naa_screening_20260817T165229Z
fan/test/section_00_target_test_normal_0004_spd_2.wav,fan,section_00,target,normal,0.0005963542498648167,fp_naa_c2_fault_preserving_seed13711,server02_fp_naa_screening_20260817T165229Z
fan/test/section_00_target_test_normal_0005_spd_1.wav,fan,section_00,target,normal,0.000522373360581696,fp_naa_c2_fault_preserving_seed13711,server02_fp_naa_screening_20260817T165229Z
fan/test/section_00_target_test_normal_0006_spd_1.wav,fan,section_00,target,normal,0.0001504443644080311,fp_naa_c2_fault_preserving_seed13711,server02_fp_naa_screening_20260817T165229Z
fan/test/section_00_target_test_normal_0007_spd_2.wav,fan,section_00,target,normal,0.0006563670467585325,fp_naa_c2_fault_preserving_seed13711,server02_fp_naa_screening_20260817T165229Z
fan/test/section_00_target_test_normal_0008_spd_3.wav,fan,section_00,target,normal,0.0005990416975691915,fp_naa_c2_fault_preserving_seed13711,server02_fp_naa_screening_20260817T165229Z
fan/test/section_00_target_test_normal_0009_spd_3.wav,fan,section_00,target,normal,0.0005577440606430173,fp_naa_c2_fault_preserving_seed13711,server02_fp_naa_screening_20260817T165229Z
fan/test/section_00_target_test_normal_0010_spd_2.wav,fan,section_00,target,normal,0.0007280628196895123,fp_naa_c2_fault_preserving_seed13711,server02_fp_naa_screening_20260817T165229Z
fan/test/section_00_target_test_normal_0011_spd_1.wav,fan,section_00,target,normal,0.0002657317090779543,fp_naa_c2_fault_preserving_seed13711,server02_fp_naa_screening_20260817T165229Z
fan/test/section_00_target_test_normal_0012_spd_2.wav,fan,section_00,target,normal,0.0005092083592899144,fp_naa_c2_fault_preserving_seed13711,server02_fp_naa_screening_20260817T165229Z
fan/test/section_00_target_test_normal_0013_spd_1.wav,fan,section_00,target,normal,0.0007849872345104814,fp_naa_c2_fault_preserving_seed13711,server02_fp_naa_screening_20260817T165229Z
fan/test/section_00_target_test_normal_0014_spd_1.wav,fan,section_00,target,normal,0.0005606529302895069,fp_naa_c2_fault_preserving_seed13711,server02_fp_naa_screening_20260817T165229Z
fan/test/section_00_target_test_normal_0015_spd_3.wav,fan,section_00,target,normal,0.0009724082192406058,fp_naa_c2_fault_preserving_seed13711,server02_fp_naa_screening_20260817T165229Z
fan/test/section_00_target_test_normal_0016_spd_2.wav,fan,section_00,target,normal,0.0006770181935280561,fp_naa_c2_fault_preserving_seed13711,server02_fp_naa_screening_20260817T165229Z
fan/test/section_00_target_test_normal_0017_spd_3.wav,fan,section_00,target,normal,0.0004430205444805324,fp_naa_c2_fault_preserving_seed13711,server02_fp_naa_screening_20260817T165229Z
fan/test/section_00_target_test_normal_0018_spd_1.wav,fan,section_00,target,normal,0.0006106265354901552,fp_naa_c2_fault_preserving_seed13711,server02_fp_naa_screening_20260817T165229Z
fan/test/section_00_target_test_normal_0019_spd_1.wav,fan,section_00,target,normal,0.0007630375912413001,fp_naa_c2_fault_preserving_seed13711,server02_fp_naa_screening_20260817T165229Z
fan/test/section_00_target_test_normal_0020_spd_1.wav,fan,section_00,target,normal,0.0002613864198792726,fp_naa_c2_fault_preserving_seed13711,server02_fp_naa_screening_20260817T165229Z
fan/test/section_00_target_test_normal_0021_spd_1.wav,fan,section_00,target,normal,0.000515984371304512,fp_naa_c2_fault_preserving_seed13711,server02_fp_naa_screening_20260817T165229Z
fan/test/section_00_target_test_normal_0022_spd_2.wav,fan,section_00,target,normal,0.0005908774910494685,fp_naa_c2_fault_preserving_seed13711,server02_fp_naa_screening_20260817T165229Z
fan/test/section_00_target_test_normal_0023_spd_3.wav,fan,section_00,target,normal,0.0005127430194988847,fp_naa_c2_fault_preserving_seed13711,server02_fp_naa_screening_20260817T165229Z
fan/test/section_00_target_test_normal_0024_spd_2.wav,fan,section_00,target,normal,0.0005130132776685059,fp_naa_c2_fault_preserving_seed13711,server02_fp_naa_screening_20260817T165229Z
fan/test/section_00_target_test_normal_0025_spd_3.wav,fan,section_00,target,normal,0.0005560405552387238,fp_naa_c2_fault_preserving_seed13711,server02_fp_naa_screening_20260817T165229Z
fan/test/section_00_target_test_normal_0026_spd_3.wav,fan,section_00,target,normal,0.0004267608455847949,fp_naa_c2_fault_preserving_seed13711,server02_fp_naa_screening_20260817T165229Z
fan/test/section_00_target_test_normal_0027_spd_2.wav,fan,section_00,target,normal,0.0010437387973070145,fp_naa_c2_fault_preserving_seed13711,server02_fp_naa_screening_20260817T165229Z
fan/test/section_00_target_test_normal_0028_spd_3.wav,fan,section_00,target,normal,0.0005680636968463659,fp_naa_c2_fault_preserving_seed13711,server02_fp_naa_screening_20260817T165229Z
fan/test/section_00_target_test_normal_0029_spd_1.wav,fan,section_00,target,normal,0.0004132388858124614,fp_naa_c2_fault_preserving_seed13711,server02_fp_naa_screening_20260817T165229Z
fan/test/section_00_target_test_normal_0030_spd_3.wav,fan,section_00,target,normal,0.0006072564283385873,fp_naa_c2_fault_preserving_seed13711,server02_fp_naa_screening_20260817T165229Z
fan/test/section_00_target_test_normal_0031_spd_2.wav,fan,section_00,target,normal,0.0005647848010994494,fp_naa_c2_fault_preserving_seed13711,server02_fp_naa_screening_20260817T165229Z
fan/test/section_00_target_test_normal_0032_spd_2.wav,fan,section_00,target,normal,0.0006995223229750991,fp_naa_c2_fault_preserving_seed13711,server02_fp_naa_screening_20260817T165229Z
fan/test/section_00_target_test_normal_0033_spd_3.wav,fan,section_00,target,normal,0.0007388228550553322,fp_naa_c2_fault_preserving_seed13711,server02_fp_naa_screening_20260817T165229Z
fan/test/section_00_target_test_normal_0034_spd_2.wav,fan,section_00,target,normal,0.0006258557550609112,fp_naa_c2_fault_preserving_seed13711,server02_fp_naa_screening_20260817T165229Z
fan/test/section_00_target_test_normal_0035_spd_2.wav,fan,section_00,target,normal,0.0005740193882957101,fp_naa_c2_fault_preserving_seed13711,server02_fp_naa_screening_20260817T165229Z
fan/test/section_00_target_test_normal_0036_spd_3.wav,fan,section_00,target,normal,0.0008069368777796626,fp_naa_c2_fault_preserving_seed13711,server02_fp_naa_screening_20260817T165229Z
fan/test/section_00_target_test_normal_0037_spd_1.wav,fan,section_00,target,normal,0.0005590232904069126,fp_naa_c2_fault_preserving_seed13711,server02_fp_naa_screening_20260817T165229Z
fan/test/section_00_target_test_normal_0038_spd_3.wav,fan,section_00,target,normal,0.0006729208398610353,fp_naa_c2_fault_preserving_seed13711,server02_fp_naa_screening_20260817T165229Z
fan/test/section_00_target_test_normal_0039_spd_3.wav,fan,section_00,target,normal,0.0008655971614643931,fp_naa_c2_fault_preserving_seed13711,server02_fp_naa_screening_20260817T165229Z
fan/test/section_00_target_test_normal_0040_spd_2.wav,fan,section_00,target,normal,0.0007837341399863362,fp_naa_c2_fault_preserving_seed13711,server02_fp_naa_screening_20260817T165229Z
fan/test/section_00_target_test_normal_0041_spd_2.wav,fan,section_00,target,normal,0.0009953477419912815,fp_naa_c2_fault_preserving_seed13711,server02_fp_naa_screening_20260817T165229Z
fan/test/section_00_target_test_normal_0042_spd_3.wav,fan,section_00,target,normal,0.0007906930986791849,fp_naa_c2_fault_preserving_seed13711,server02_fp_naa_screening_20260817T165229Z
fan/test/section_00_target_test_normal_0043_spd_1.wav,fan,section_00,target,normal,0.00027473768568597734,fp_naa_c2_fault_preserving_seed13711,server02_fp_naa_screening_20260817T165229Z
fan/test/section_00_target_test_normal_0044_spd_1.wav,fan,section_00,target,normal,0.00028975086752325296,fp_naa_c2_fault_preserving_seed13711,server02_fp_naa_screening_20260817T165229Z
fan/test/section_00_target_test_normal_0045_spd_2.wav,fan,section_00,target,normal,0.0005293631693348289,fp_naa_c2_fault_preserving_seed13711,server02_fp_naa_screening_20260817T165229Z
fan/test/section_00_target_test_normal_0046_spd_1.wav,fan,section_00,target,normal,0.0005991210928186774,fp_naa_c2_fault_preserving_seed13711,server02_fp_naa_screening_20260817T165229Z
fan/test/section_00_target_test_normal_0047_spd_1.wav,fan,section_00,target,normal,0.00041641114512458444,fp_naa_c2_fault_preserving_seed13711,server02_fp_naa_screening_20260817T165229Z
fan/test/section_00_target_test_normal_0048_spd_3.wav,fan,section_00,target,normal,0.0005804688553325832,fp_naa_c2_fault_preserving_seed13711,server02_fp_naa_screening_20260817T165229Z
fan/test/section_00_target_test_normal_0049_spd_1.wav,fan,section_00,target,normal,0.0003766264417208731,fp_naa_c2_fault_preserving_seed13711,server02_fp_naa_screening_20260817T165229Z
gearboxEmu/test/section_00_source_test_anomaly_0000_pro_F.wav,gearboxEmu,section_00,source,anomaly,0.011055299080908298,fp_naa_c2_fault_preserving_seed13711,server02_fp_naa_screening_20260817T165229Z
gearboxEmu/test/section_00_source_test_anomaly_0001_pro_C.wav,gearboxEmu,section_00,source,anomaly,0.010480832308530807,fp_naa_c2_fault_preserving_seed13711,server02_fp_naa_screening_20260817T165229Z
gearboxEmu/test/section_00_source_test_anomaly_0002_pro_D.wav,gearboxEmu,section_00,source,anomaly,0.0006486834608949721,fp_naa_c2_fault_preserving_seed13711,server02_fp_naa_screening_20260817T165229Z
gearboxEmu/test/section_00_source_test_anomaly_0003_pro_F.wav,gearboxEmu,section_00,source,anomaly,0.00047223683213815093,fp_naa_c2_fault_preserving_seed13711,server02_fp_naa_screening_20260817T165229Z
gearboxEmu/test/section_00_source_test_anomaly_0004_pro_E.wav,gearboxEmu,section_00,source,anomaly,0.0008606609189882874,fp_naa_c2_fault_preserving_seed13711,server02_fp_naa_screening_20260817T165229Z
gearboxEmu/test/section_00_source_test_anomaly_0005_pro_D.wav,gearboxEmu,section_00,source,anomaly,0.0018708856077864766,fp_naa_c2_fault_preserving_seed13711,server02_fp_naa_screening_20260817T165229Z
gearboxEmu/test/section_00_source_test_anomaly_0006_pro_C.wav,gearboxEmu,section_00,source,anomaly,0.002758562797680497,fp_naa_c2_fault_preserving_seed13711,server02_fp_naa_screening_20260817T165229Z
gearboxEmu/test/section_00_source_test_anomaly_0007_pro_B.wav,gearboxEmu,section_00,source,anomaly,0.009067444130778313,fp_naa_c2_fault_preserving_seed13711,server02_fp_naa_screening_20260817T165229Z
gearboxEmu/test/section_00_source_test_anomaly_0008_pro_D.wav,gearboxEmu,section_00,source,anomaly,0.00033845286816358566,fp_naa_c2_fault_preserving_seed13711,server02_fp_naa_screening_20260817T165229Z
gearboxEmu/test/section_00_source_test_anomaly_0009_pro_E.wav,gearboxEmu,section_00,source,anomaly,0.004960064776241779,fp_naa_c2_fault_preserving_seed13711,server02_fp_naa_screening_20260817T165229Z
gearboxEmu/test/section_00_source_test_anomaly_0010_pro_D.wav,gearboxEmu,section_00,source,anomaly,0.00037760328268632293,fp_naa_c2_fault_preserving_seed13711,server02_fp_naa_screening_20260817T165229Z
gearboxEmu/test/section_00_source_test_anomaly_0011_pro_A.wav,gearboxEmu,section_00,source,anomaly,-0.00027732725720852613,fp_naa_c2_fault_preserving_seed13711,server02_fp_naa_screening_20260817T165229Z
gearboxEmu/test/section_00_source_test_anomaly_0012_pro_A.wav,gearboxEmu,section_00,source,anomaly,0.00014837765775155276,fp_naa_c2_fault_preserving_seed13711,server02_fp_naa_screening_20260817T165229Z
gearboxEmu/test/section_00_source_test_anomaly_0013_pro_A.wav,gearboxEmu,section_00,source,anomaly,0.0005347015103325248,fp_naa_c2_fault_preserving_seed13711,server02_fp_naa_screening_20260817T165229Z
gearboxEmu/test/section_00_source_test_anomaly_0014_pro_F.wav,gearboxEmu,section_00,source,anomaly,0.008974052034318447,fp_naa_c2_fault_preserving_seed13711,server02_fp_naa_screening_20260817T165229Z
gearboxEmu/test/section_00_source_test_anomaly_0015_pro_E.wav,gearboxEmu,section_00,source,anomaly,0.00474052969366312,fp_naa_c2_fault_preserving_seed13711,server02_fp_naa_screening_20260817T165229Z
gearboxEmu/test/section_00_source_test_anomaly_0016_pro_E.wav,gearboxEmu,section_00,source,anomaly,0.007484907284379005,fp_naa_c2_fault_preserving_seed13711,server02_fp_naa_screening_20260817T165229Z
gearboxEmu/test/section_00_source_test_anomaly_0017_pro_B.wav,gearboxEmu,section_00,source,anomaly,0.0004481605428736657,fp_naa_c2_fault_preserving_seed13711,server02_fp_naa_screening_20260817T165229Z
gearboxEmu/test/section_00_source_test_anomaly_0018_pro_C.wav,gearboxEmu,section_00,source,anomaly,0.0018030633218586445,fp_naa_c2_fault_preserving_seed13711,server02_fp_naa_screening_20260817T165229Z
gearboxEmu/test/section_00_source_test_anomaly_0019_pro_C.wav,gearboxEmu,section_00,source,anomaly,0.02298249863088131,fp_naa_c2_fault_preserving_seed13711,server02_fp_naa_screening_20260817T165229Z
gearboxEmu/test/section_00_source_test_anomaly_0020_pro_B.wav,gearboxEmu,section_00,source,anomaly,0.008504269644618034,fp_naa_c2_fault_preserving_seed13711,server02_fp_naa_screening_20260817T165229Z
gearboxEmu/test/section_00_source_test_anomaly_0021_pro_D.wav,gearboxEmu,section_00,source,anomaly,6.562455382663757e-05,fp_naa_c2_fault_preserving_seed13711,server02_fp_naa_screening_20260817T165229Z
gearboxEmu/test/section_00_source_test_anomaly_0022_pro_D.wav,gearboxEmu,section_00,source,anomaly,0.003102606162428856,fp_naa_c2_fault_preserving_seed13711,server02_fp_naa_screening_20260817T165229Z
gearboxEmu/test/section_00_source_test_anomaly_0023_pro_C.wav,gearboxEmu,section_00,source,anomaly,0.021674182265996933,fp_naa_c2_fault_preserving_seed13711,server02_fp_naa_screening_20260817T165229Z
gearboxEmu/test/section_00_source_test_anomaly_0024_pro_C.wav,gearboxEmu,section_00,source,anomaly,0.002723860088735819,fp_naa_c2_fault_preserving_seed13711,server02_fp_naa_screening_20260817T165229Z
gearboxEmu/test/section_00_source_test_anomaly_0025_pro_E.wav,gearboxEmu,section_00,source,anomaly,0.011339705437421799,fp_naa_c2_fault_preserving_seed13711,server02_fp_naa_screening_20260817T165229Z
gearboxEmu/test/section_00_source_test_anomaly_0026_pro_D.wav,gearboxEmu,section_00,source,anomaly,0.0017779582412913442,fp_naa_c2_fault_preserving_seed13711,server02_fp_naa_screening_20260817T165229Z
gearboxEmu/test/section_00_source_test_anomaly_0027_pro_B.wav,gearboxEmu,section_00,source,anomaly,0.006889926269650459,fp_naa_c2_fault_preserving_seed13711,server02_fp_naa_screening_20260817T165229Z
gearboxEmu/test/section_00_source_test_anomaly_0028_pro_F.wav,gearboxEmu,section_00,source,anomaly,0.012856168672442436,fp_naa_c2_fault_preserving_seed13711,server02_fp_naa_screening_20260817T165229Z
gearboxEmu/test/section_00_source_test_anomaly_0029_pro_A.wav,gearboxEmu,section_00,source,anomaly,0.0004531507147476077,fp_naa_c2_fault_preserving_seed13711,server02_fp_naa_screening_20260817T165229Z
gearboxEmu/test/section_00_source_test_anomaly_0030_pro_B.wav,gearboxEmu,section_00,source,anomaly,0.00358956353738904,fp_naa_c2_fault_preserving_seed13711,server02_fp_naa_screening_20260817T165229Z
gearboxEmu/test/section_00_source_test_anomaly_0031_pro_A.wav,gearboxEmu,section_00,source,anomaly,0.00030050097848288715,fp_naa_c2_fault_preserving_seed13711,server02_fp_naa_screening_20260817T165229Z
gearboxEmu/test/section_00_source_test_anomaly_0032_pro_F.wav,gearboxEmu,section_00,source,anomaly,0.0008735254523344338,fp_naa_c2_fault_preserving_seed13711,server02_fp_naa_screening_20260817T165229Z
gearboxEmu/test/section_00_source_test_anomaly_0033_pro_D.wav,gearboxEmu,section_00,source,anomaly,0.0032554962672293186,fp_naa_c2_fault_preserving_seed13711,server02_fp_naa_screening_20260817T165229Z
gearboxEmu/test/section_00_source_test_anomaly_0034_pro_B.wav,gearboxEmu,section_00,source,anomaly,0.010219276882708073,fp_naa_c2_fault_preserving_seed13711,server02_fp_naa_screening_20260817T165229Z
gearboxEmu/test/section_00_source_test_anomaly_0035_pro_A.wav,gearboxEmu,section_00,source,anomaly,8.018128573894501e-05,fp_naa_c2_fault_preserving_seed13711,server02_fp_naa_screening_20260817T165229Z
gearboxEmu/test/section_00_source_test_anomaly_0036_pro_F.wav,gearboxEmu,section_00,source,anomaly,0.0006969616515561938,fp_naa_c2_fault_preserving_seed13711,server02_fp_naa_screening_20260817T165229Z
gearboxEmu/test/section_00_source_test_anomaly_0037_pro_B.wav,gearboxEmu,section_00,source,anomaly,0.0018311392050236464,fp_naa_c2_fault_preserving_seed13711,server02_fp_naa_screening_20260817T165229Z
gearboxEmu/test/section_00_source_test_anomaly_0038_pro_D.wav,gearboxEmu,section_00,source,anomaly,0.0036361590027809143,fp_naa_c2_fault_preserving_seed13711,server02_fp_naa_screening_20260817T165229Z
gearboxEmu/test/section_00_source_test_anomaly_0039_pro_E.wav,gearboxEmu,section_00,source,anomaly,0.01121562160551548,fp_naa_c2_fault_preserving_seed13711,server02_fp_naa_screening_20260817T165229Z
gearboxEmu/test/section_00_source_test_anomaly_0040_pro_A.wav,gearboxEmu,section_00,source,anomaly,0.0004592250334098935,fp_naa_c2_fault_preserving_seed13711,server02_fp_naa_screening_20260817T165229Z
gearboxEmu/test/section_00_source_test_anomaly_0041_pro_A.wav,gearboxEmu,section_00,source,anomaly,0.0002455839130561799,fp_naa_c2_fault_preserving_seed13711,server02_fp_naa_screening_20260817T165229Z
gearboxEmu/test/section_00_source_test_anomaly_0042_pro_E.wav,gearboxEmu,section_00,source,anomaly,0.0006747526931576431,fp_naa_c2_fault_preserving_seed13711,server02_fp_naa_screening_20260817T165229Z
gearboxEmu/test/section_00_source_test_anomaly_0043_pro_A.wav,gearboxEmu,section_00,source,anomaly,0.00012624652299564332,fp_naa_c2_fault_preserving_seed13711,server02_fp_naa_screening_20260817T165229Z
gearboxEmu/test/section_00_source_test_anomaly_0044_pro_B.wav,gearboxEmu,section_00,source,anomaly,0.001252705231308937,fp_naa_c2_fault_preserving_seed13711,server02_fp_naa_screening_20260817T165229Z
gearboxEmu/test/section_00_source_test_anomaly_0045_pro_F.wav,gearboxEmu,section_00,source,anomaly,0.0012247642735019326,fp_naa_c2_fault_preserving_seed13711,server02_fp_naa_screening_20260817T165229Z
gearboxEmu/test/section_00_source_test_anomaly_0046_pro_C.wav,gearboxEmu,section_00,source,anomaly,0.003894209861755371,fp_naa_c2_fault_preserving_seed13711,server02_fp_naa_screening_20260817T165229Z
gearboxEmu/test/section_00_source_test_anomaly_0047_pro_C.wav,gearboxEmu,section_00,source,anomaly,0.0035358071327209473,fp_naa_c2_fault_preserving_seed13711,server02_fp_naa_screening_20260817T165229Z
gearboxEmu/test/section_00_source_test_anomaly_0048_pro_E.wav,gearboxEmu,section_00,source,anomaly,0.0006116123404353857,fp_naa_c2_fault_preserving_seed13711,server02_fp_naa_screening_20260817T165229Z
gearboxEmu/test/section_00_source_test_anomaly_0049_pro_F.wav,gearboxEmu,section_00,source,anomaly,0.010386988520622253,fp_naa_c2_fault_preserving_seed13711,server02_fp_naa_screening_20260817T165229Z
gearboxEmu/test/section_00_source_test_normal_0000_pro_C.wav,gearboxEmu,section_00,source,normal,0.004702301695942879,fp_naa_c2_fault_preserving_seed13711,server02_fp_naa_screening_20260817T165229Z
gearboxEmu/test/section_00_source_test_normal_0001_pro_C.wav,gearboxEmu,section_00,source,normal,0.002161046490073204,fp_naa_c2_fault_preserving_seed13711,server02_fp_naa_screening_20260817T165229Z
gearboxEmu/test/section_00_source_test_normal_0002_pro_E.wav,gearboxEmu,section_00,source,normal,0.000597105361521244,fp_naa_c2_fault_preserving_seed13711,server02_fp_naa_screening_20260817T165229Z
gearboxEmu/test/section_00_source_test_normal_0003_pro_C.wav,gearboxEmu,section_00,source,normal,0.0016415113350376487,fp_naa_c2_fault_preserving_seed13711,server02_fp_naa_screening_20260817T165229Z
gearboxEmu/test/section_00_source_test_normal_0004_pro_F.wav,gearboxEmu,section_00,source,normal,0.0001352060353383422,fp_naa_c2_fault_preserving_seed13711,server02_fp_naa_screening_20260817T165229Z
gearboxEmu/test/section_00_source_test_normal_0005_pro_C.wav,gearboxEmu,section_00,source,normal,0.00100031029433012,fp_naa_c2_fault_preserving_seed13711,server02_fp_naa_screening_20260817T165229Z
gearboxEmu/test/section_00_source_test_normal_0006_pro_D.wav,gearboxEmu,section_00,source,normal,0.00030174804851412773,fp_naa_c2_fault_preserving_seed13711,server02_fp_naa_screening_20260817T165229Z
gearboxEmu/test/section_00_source_test_normal_0007_pro_E.wav,gearboxEmu,section_00,source,normal,0.0035106325522065163,fp_naa_c2_fault_preserving_seed13711,server02_fp_naa_screening_20260817T165229Z
gearboxEmu/test/section_00_source_test_normal_0008_pro_A.wav,gearboxEmu,section_00,source,normal,-9.099440649151802e-05,fp_naa_c2_fault_preserving_seed13711,server02_fp_naa_screening_20260817T165229Z
gearboxEmu/test/section_00_source_test_normal_0009_pro_D.wav,gearboxEmu,section_00,source,normal,0.0005084300646558404,fp_naa_c2_fault_preserving_seed13711,server02_fp_naa_screening_20260817T165229Z
gearboxEmu/test/section_00_source_test_normal_0010_pro_E.wav,gearboxEmu,section_00,source,normal,0.004188734572380781,fp_naa_c2_fault_preserving_seed13711,server02_fp_naa_screening_20260817T165229Z
gearboxEmu/test/section_00_source_test_normal_0011_pro_B.wav,gearboxEmu,section_00,source,normal,0.0003058075672015548,fp_naa_c2_fault_preserving_seed13711,server02_fp_naa_screening_20260817T165229Z
gearboxEmu/test/section_00_source_test_normal_0012_pro_D.wav,gearboxEmu,section_00,source,normal,0.00040564947994425893,fp_naa_c2_fault_preserving_seed13711,server02_fp_naa_screening_20260817T165229Z
gearboxEmu/test/section_00_source_test_normal_0013_pro_F.wav,gearboxEmu,section_00,source,normal,0.0010522088268771768,fp_naa_c2_fault_preserving_seed13711,server02_fp_naa_screening_20260817T165229Z
gearboxEmu/test/section_00_source_test_normal_0014_pro_F.wav,gearboxEmu,section_00,source,normal,0.0003514655109029263,fp_naa_c2_fault_preserving_seed13711,server02_fp_naa_screening_20260817T165229Z
gearboxEmu/test/section_00_source_test_normal_0015_pro_F.wav,gearboxEmu,section_00,source,normal,0.0012772355694323778,fp_naa_c2_fault_preserving_seed13711,server02_fp_naa_screening_20260817T165229Z
gearboxEmu/test/section_00_source_test_normal_0016_pro_E.wav,gearboxEmu,section_00,source,normal,0.0019480574410408735,fp_naa_c2_fault_preserving_seed13711,server02_fp_naa_screening_20260817T165229Z
gearboxEmu/test/section_00_source_test_normal_0017_pro_A.wav,gearboxEmu,section_00,source,normal,0.0004044213274028152,fp_naa_c2_fault_preserving_seed13711,server02_fp_naa_screening_20260817T165229Z
gearboxEmu/test/section_00_source_test_normal_0018_pro_B.wav,gearboxEmu,section_00,source,normal,0.0006315497448667884,fp_naa_c2_fault_preserving_seed13711,server02_fp_naa_screening_20260817T165229Z
gearboxEmu/test/section_00_source_test_normal_0019_pro_B.wav,gearboxEmu,section_00,source,normal,0.0003491244278848171,fp_naa_c2_fault_preserving_seed13711,server02_fp_naa_screening_20260817T165229Z
gearboxEmu/test/section_00_source_test_normal_0020_pro_F.wav,gearboxEmu,section_00,source,normal,0.00020098152162972838,fp_naa_c2_fault_preserving_seed13711,server02_fp_naa_screening_20260817T165229Z
gearboxEmu/test/section_00_source_test_normal_0021_pro_B.wav,gearboxEmu,section_00,source,normal,5.9174548368901014e-05,fp_naa_c2_fault_preserving_seed13711,server02_fp_naa_screening_20260817T165229Z
gearboxEmu/test/section_00_source_test_normal_0022_pro_B.wav,gearboxEmu,section_00,source,normal,0.0002918888349086046,fp_naa_c2_fault_preserving_seed13711,server02_fp_naa_screening_20260817T165229Z
gearboxEmu/test/section_00_source_test_normal_0023_pro_B.wav,gearboxEmu,section_00,source,normal,0.001773823401890695,fp_naa_c2_fault_preserving_seed13711,server02_fp_naa_screening_20260817T165229Z
gearboxEmu/test/section_00_source_test_normal_0024_pro_F.wav,gearboxEmu,section_00,source,normal,0.001688340911641717,fp_naa_c2_fault_preserving_seed13711,server02_fp_naa_screening_20260817T165229Z
gearboxEmu/test/section_00_source_test_normal_0025_pro_E.wav,gearboxEmu,section_00,source,normal,0.0020597693510353565,fp_naa_c2_fault_preserving_seed13711,server02_fp_naa_screening_20260817T165229Z
gearboxEmu/test/section_00_source_test_normal_0026_pro_F.wav,gearboxEmu,section_00,source,normal,0.001414952683262527,fp_naa_c2_fault_preserving_seed13711,server02_fp_naa_screening_20260817T165229Z
gearboxEmu/test/section_00_source_test_normal_0027_pro_B.wav,gearboxEmu,section_00,source,normal,0.00020019416115246713,fp_naa_c2_fault_preserving_seed13711,server02_fp_naa_screening_20260817T165229Z
gearboxEmu/test/section_00_source_test_normal_0028_pro_D.wav,gearboxEmu,section_00,source,normal,0.0008425110718235373,fp_naa_c2_fault_preserving_seed13711,server02_fp_naa_screening_20260817T165229Z
gearboxEmu/test/section_00_source_test_normal_0029_pro_A.wav,gearboxEmu,section_00,source,normal,1.0987801942974329e-05,fp_naa_c2_fault_preserving_seed13711,server02_fp_naa_screening_20260817T165229Z
gearboxEmu/test/section_00_source_test_normal_0030_pro_A.wav,gearboxEmu,section_00,source,normal,-4.4691056245937943e-05,fp_naa_c2_fault_preserving_seed13711,server02_fp_naa_screening_20260817T165229Z
gearboxEmu/test/section_00_source_test_normal_0031_pro_A.wav,gearboxEmu,section_00,source,normal,0.00021113251568749547,fp_naa_c2_fault_preserving_seed13711,server02_fp_naa_screening_20260817T165229Z
gearboxEmu/test/section_00_source_test_normal_0032_pro_C.wav,gearboxEmu,section_00,source,normal,0.0023597318213433027,fp_naa_c2_fault_preserving_seed13711,server02_fp_naa_screening_20260817T165229Z
gearboxEmu/test/section_00_source_test_normal_0033_pro_E.wav,gearboxEmu,section_00,source,normal,1.9079394405707717e-05,fp_naa_c2_fault_preserving_seed13711,server02_fp_naa_screening_20260817T165229Z
gearboxEmu/test/section_00_source_test_normal_0034_pro_D.wav,gearboxEmu,section_00,source,normal,0.00014977381215430796,fp_naa_c2_fault_preserving_seed13711,server02_fp_naa_screening_20260817T165229Z
gearboxEmu/test/section_00_source_test_normal_0035_pro_A.wav,gearboxEmu,section_00,source,normal,-0.00025551539147272706,fp_naa_c2_fault_preserving_seed13711,server02_fp_naa_screening_20260817T165229Z
gearboxEmu/test/section_00_source_test_normal_0036_pro_D.wav,gearboxEmu,section_00,source,normal,0.0001656576932873577,fp_naa_c2_fault_preserving_seed13711,server02_fp_naa_screening_20260817T165229Z
gearboxEmu/test/section_00_source_test_normal_0037_pro_A.wav,gearboxEmu,section_00,source,normal,-2.750124258454889e-05,fp_naa_c2_fault_preserving_seed13711,server02_fp_naa_screening_20260817T165229Z
gearboxEmu/test/section_00_source_test_normal_0038_pro_D.wav,gearboxEmu,section_00,source,normal,0.00044944751425646245,fp_naa_c2_fault_preserving_seed13711,server02_fp_naa_screening_20260817T165229Z
gearboxEmu/test/section_00_source_test_normal_0039_pro_E.wav,gearboxEmu,section_00,source,normal,0.0018024807795882225,fp_naa_c2_fault_preserving_seed13711,server02_fp_naa_screening_20260817T165229Z
gearboxEmu/test/section_00_source_test_normal_0040_pro_D.wav,gearboxEmu,section_00,source,normal,0.0004594419151544571,fp_naa_c2_fault_preserving_seed13711,server02_fp_naa_screening_20260817T165229Z
gearboxEmu/test/section_00_source_test_normal_0041_pro_A.wav,gearboxEmu,section_00,source,normal,0.0003421314468141645,fp_naa_c2_fault_preserving_seed13711,server02_fp_naa_screening_20260817T165229Z
gearboxEmu/test/section_00_source_test_normal_0042_pro_C.wav,gearboxEmu,section_00,source,normal,0.003525477834045887,fp_naa_c2_fault_preserving_seed13711,server02_fp_naa_screening_20260817T165229Z
gearboxEmu/test/section_00_source_test_normal_0043_pro_C.wav,gearboxEmu,section_00,source,normal,0.0008777825860306621,fp_naa_c2_fault_preserving_seed13711,server02_fp_naa_screening_20260817T165229Z
gearboxEmu/test/section_00_source_test_normal_0044_pro_D.wav,gearboxEmu,section_00,source,normal,0.0023079903330653906,fp_naa_c2_fault_preserving_seed13711,server02_fp_naa_screening_20260817T165229Z
gearboxEmu/test/section_00_source_test_normal_0045_pro_B.wav,gearboxEmu,section_00,source,normal,0.0006706151179969311,fp_naa_c2_fault_preserving_seed13711,server02_fp_naa_screening_20260817T165229Z
gearboxEmu/test/section_00_source_test_normal_0046_pro_C.wav,gearboxEmu,section_00,source,normal,0.0011535302037373185,fp_naa_c2_fault_preserving_seed13711,server02_fp_naa_screening_20260817T165229Z
gearboxEmu/test/section_00_source_test_normal_0047_pro_A.wav,gearboxEmu,section_00,source,normal,0.0006658572237938643,fp_naa_c2_fault_preserving_seed13711,server02_fp_naa_screening_20260817T165229Z
gearboxEmu/test/section_00_source_test_normal_0048_pro_E.wav,gearboxEmu,section_00,source,normal,0.0015503428876399994,fp_naa_c2_fault_preserving_seed13711,server02_fp_naa_screening_20260817T165229Z
gearboxEmu/test/section_00_source_test_normal_0049_pro_F.wav,gearboxEmu,section_00,source,normal,0.0003557601885404438,fp_naa_c2_fault_preserving_seed13711,server02_fp_naa_screening_20260817T165229Z
gearboxEmu/test/section_00_target_test_anomaly_0000_pro_Y.wav,gearboxEmu,section_00,target,anomaly,0.010707581415772438,fp_naa_c2_fault_preserving_seed13711,server02_fp_naa_screening_20260817T165229Z
gearboxEmu/test/section_00_target_test_anomaly_0001_pro_X.wav,gearboxEmu,section_00,target,anomaly,0.001748102717101574,fp_naa_c2_fault_preserving_seed13711,server02_fp_naa_screening_20260817T165229Z
gearboxEmu/test/section_00_target_test_anomaly_0002_pro_Z.wav,gearboxEmu,section_00,target,anomaly,-0.00019932162831537426,fp_naa_c2_fault_preserving_seed13711,server02_fp_naa_screening_20260817T165229Z
gearboxEmu/test/section_00_target_test_anomaly_0003_pro_X.wav,gearboxEmu,section_00,target,anomaly,0.004857734311372042,fp_naa_c2_fault_preserving_seed13711,server02_fp_naa_screening_20260817T165229Z
gearboxEmu/test/section_00_target_test_anomaly_0004_pro_Z.wav,gearboxEmu,section_00,target,anomaly,0.0004158142546657473,fp_naa_c2_fault_preserving_seed13711,server02_fp_naa_screening_20260817T165229Z
gearboxEmu/test/section_00_target_test_anomaly_0005_pro_X.wav,gearboxEmu,section_00,target,anomaly,0.017360039055347443,fp_naa_c2_fault_preserving_seed13711,server02_fp_naa_screening_20260817T165229Z
gearboxEmu/test/section_00_target_test_anomaly_0006_pro_X.wav,gearboxEmu,section_00,target,anomaly,0.01889037899672985,fp_naa_c2_fault_preserving_seed13711,server02_fp_naa_screening_20260817T165229Z
gearboxEmu/test/section_00_target_test_anomaly_0007_pro_Y.wav,gearboxEmu,section_00,target,anomaly,0.008142862468957901,fp_naa_c2_fault_preserving_seed13711,server02_fp_naa_screening_20260817T165229Z
gearboxEmu/test/section_00_target_test_anomaly_0008_pro_Z.wav,gearboxEmu,section_00,target,anomaly,0.00021621363703161478,fp_naa_c2_fault_preserving_seed13711,server02_fp_naa_screening_20260817T165229Z
gearboxEmu/test/section_00_target_test_anomaly_0009_pro_Z.wav,gearboxEmu,section_00,target,anomaly,0.0021104973275214434,fp_naa_c2_fault_preserving_seed13711,server02_fp_naa_screening_20260817T165229Z
gearboxEmu/test/section_00_target_test_anomaly_0010_pro_Y.wav,gearboxEmu,section_00,target,anomaly,0.0024889863561838865,fp_naa_c2_fault_preserving_seed13711,server02_fp_naa_screening_20260817T165229Z
gearboxEmu/test/section_00_target_test_anomaly_0011_pro_X.wav,gearboxEmu,section_00,target,anomaly,0.01793120801448822,fp_naa_c2_fault_preserving_seed13711,server02_fp_naa_screening_20260817T165229Z
gearboxEmu/test/section_00_target_test_anomaly_0012_pro_Y.wav,gearboxEmu,section_00,target,anomaly,0.001666634576395154,fp_naa_c2_fault_preserving_seed13711,server02_fp_naa_screening_20260817T165229Z
gearboxEmu/test/section_00_target_test_anomaly_0013_pro_X.wav,gearboxEmu,section_00,target,anomaly,0.017636936157941818,fp_naa_c2_fault_preserving_seed13711,server02_fp_naa_screening_20260817T165229Z
gearboxEmu/test/section_00_target_test_anomaly_0014_pro_X.wav,gearboxEmu,section_00,target,anomaly,0.01948706805706024,fp_naa_c2_fault_preserving_seed13711,server02_fp_naa_screening_20260817T165229Z
gearboxEmu/test/section_00_target_test_anomaly_0015_pro_Z.wav,gearboxEmu,section_00,target,anomaly,0.00016930348647292703,fp_naa_c2_fault_preserving_seed13711,server02_fp_naa_screening_20260817T165229Z
gearboxEmu/test/section_00_target_test_anomaly_0016_pro_X.wav,gearboxEmu,section_00,target,anomaly,0.0024001686833798885,fp_naa_c2_fault_preserving_seed13711,server02_fp_naa_screening_20260817T165229Z
gearboxEmu/test/section_00_target_test_anomaly_0017_pro_Z.wav,gearboxEmu,section_00,target,anomaly,0.0023617721162736416,fp_naa_c2_fault_preserving_seed13711,server02_fp_naa_screening_20260817T165229Z
gearboxEmu/test/section_00_target_test_anomaly_0018_pro_X.wav,gearboxEmu,section_00,target,anomaly,0.020142320543527603,fp_naa_c2_fault_preserving_seed13711,server02_fp_naa_screening_20260817T165229Z
gearboxEmu/test/section_00_target_test_anomaly_0019_pro_Z.wav,gearboxEmu,section_00,target,anomaly,0.0015009912895038724,fp_naa_c2_fault_preserving_seed13711,server02_fp_naa_screening_20260817T165229Z
gearboxEmu/test/section_00_target_test_anomaly_0020_pro_X.wav,gearboxEmu,section_00,target,anomaly,0.01952088251709938,fp_naa_c2_fault_preserving_seed13711,server02_fp_naa_screening_20260817T165229Z
gearboxEmu/test/section_00_target_test_anomaly_0021_pro_X.wav,gearboxEmu,section_00,target,anomaly,0.0022808313369750977,fp_naa_c2_fault_preserving_seed13711,server02_fp_naa_screening_20260817T165229Z
gearboxEmu/test/section_00_target_test_anomaly_0022_pro_Y.wav,gearboxEmu,section_00,target,anomaly,0.009698698297142982,fp_naa_c2_fault_preserving_seed13711,server02_fp_naa_screening_20260817T165229Z
gearboxEmu/test/section_00_target_test_anomaly_0023_pro_X.wav,gearboxEmu,section_00,target,anomaly,0.018910735845565796,fp_naa_c2_fault_preserving_seed13711,server02_fp_naa_screening_20260817T165229Z
gearboxEmu/test/section_00_target_test_anomaly_0024_pro_Y.wav,gearboxEmu,section_00,target,anomaly,0.01327493879944086,fp_naa_c2_fault_preserving_seed13711,server02_fp_naa_screening_20260817T165229Z
gearboxEmu/test/section_00_target_test_anomaly_0025_pro_Z.wav,gearboxEmu,section_00,target,anomaly,0.0002983472659252584,fp_naa_c2_fault_preserving_seed13711,server02_fp_naa_screening_20260817T165229Z
gearboxEmu/test/section_00_target_test_anomaly_0026_pro_Y.wav,gearboxEmu,section_00,target,anomaly,0.008235350251197815,fp_naa_c2_fault_preserving_seed13711,server02_fp_naa_screening_20260817T165229Z
gearboxEmu/test/section_00_target_test_anomaly_0027_pro_X.wav,gearboxEmu,section_00,target,anomaly,0.019905872642993927,fp_naa_c2_fault_preserving_seed13711,server02_fp_naa_screening_20260817T165229Z
gearboxEmu/test/section_00_target_test_anomaly_0028_pro_Y.wav,gearboxEmu,section_00,target,anomaly,0.0022707334719598293,fp_naa_c2_fault_preserving_seed13711,server02_fp_naa_screening_20260817T165229Z
gearboxEmu/test/section_00_target_test_anomaly_0029_pro_Y.wav,gearboxEmu,section_00,target,anomaly,0.006675488315522671,fp_naa_c2_fault_preserving_seed13711,server02_fp_naa_screening_20260817T165229Z
gearboxEmu/test/section_00_target_test_anomaly_0030_pro_Y.wav,gearboxEmu,section_00,target,anomaly,0.010427199304103851,fp_naa_c2_fault_preserving_seed13711,server02_fp_naa_screening_20260817T165229Z
gearboxEmu/test/section_00_target_test_anomaly_0031_pro_Z.wav,gearboxEmu,section_00,target,anomaly,0.0008699041791260242,fp_naa_c2_fault_preserving_seed13711,server02_fp_naa_screening_20260817T165229Z
gearboxEmu/test/section_00_target_test_anomaly_0032_pro_Z.wav,gearboxEmu,section_00,target,anomaly,0.00023121180129237473,fp_naa_c2_fault_preserving_seed13711,server02_fp_naa_screening_20260817T165229Z
gearboxEmu/test/section_00_target_test_anomaly_0033_pro_Y.wav,gearboxEmu,section_00,target,anomaly,0.011509707197546959,fp_naa_c2_fault_preserving_seed13711,server02_fp_naa_screening_20260817T165229Z
gearboxEmu/test/section_00_target_test_anomaly_0034_pro_Y.wav,gearboxEmu,section_00,target,anomaly,0.0020202230662107468,fp_naa_c2_fault_preserving_seed13711,server02_fp_naa_screening_20260817T165229Z
gearboxEmu/test/section_00_target_test_anomaly_0035_pro_Z.wav,gearboxEmu,section_00,target,anomaly,-0.00020531960763037205,fp_naa_c2_fault_preserving_seed13711,server02_fp_naa_screening_20260817T165229Z
gearboxEmu/test/section_00_target_test_anomaly_0036_pro_Z.wav,gearboxEmu,section_00,target,anomaly,-0.00014325464144349098,fp_naa_c2_fault_preserving_seed13711,server02_fp_naa_screening_20260817T165229Z
gearboxEmu/test/section_00_target_test_anomaly_0037_pro_Y.wav,gearboxEmu,section_00,target,anomaly,0.00295229977928102,fp_naa_c2_fault_preserving_seed13711,server02_fp_naa_screening_20260817T165229Z
gearboxEmu/test/section_00_target_test_anomaly_0038_pro_Y.wav,gearboxEmu,section_00,target,anomaly,0.010595845058560371,fp_naa_c2_fault_preserving_seed13711,server02_fp_naa_screening_20260817T165229Z
gearboxEmu/test/section_00_target_test_anomaly_0039_pro_Z.wav,gearboxEmu,section_00,target,anomaly,0.0013873922871425748,fp_naa_c2_fault_preserving_seed13711,server02_fp_naa_screening_20260817T165229Z
gearboxEmu/test/section_00_target_test_anomaly_0040_pro_X.wav,gearboxEmu,section_00,target,anomaly,0.018682654947042465,fp_naa_c2_fault_preserving_seed13711,server02_fp_naa_screening_20260817T165229Z
gearboxEmu/test/section_00_target_test_anomaly_0041_pro_Z.wav,gearboxEmu,section_00,target,anomaly,0.0025902986526489258,fp_naa_c2_fault_preserving_seed13711,server02_fp_naa_screening_20260817T165229Z
gearboxEmu/test/section_00_target_test_anomaly_0042_pro_Z.wav,gearboxEmu,section_00,target,anomaly,0.0005852703470736742,fp_naa_c2_fault_preserving_seed13711,server02_fp_naa_screening_20260817T165229Z
gearboxEmu/test/section_00_target_test_anomaly_0043_pro_Y.wav,gearboxEmu,section_00,target,anomaly,0.0023656231351196766,fp_naa_c2_fault_preserving_seed13711,server02_fp_naa_screening_20260817T165229Z
gearboxEmu/test/section_00_target_test_anomaly_0044_pro_Y.wav,gearboxEmu,section_00,target,anomaly,0.00949616078287363,fp_naa_c2_fault_preserving_seed13711,server02_fp_naa_screening_20260817T165229Z
gearboxEmu/test/section_00_target_test_anomaly_0045_pro_Z.wav,gearboxEmu,section_00,target,anomaly,0.0015498052816838026,fp_naa_c2_fault_preserving_seed13711,server02_fp_naa_screening_20260817T165229Z
gearboxEmu/test/section_00_target_test_anomaly_0046_pro_X.wav,gearboxEmu,section_00,target,anomaly,0.0012305318377912045,fp_naa_c2_fault_preserving_seed13711,server02_fp_naa_screening_20260817T165229Z
gearboxEmu/test/section_00_target_test_anomaly_0047_pro_X.wav,gearboxEmu,section_00,target,anomaly,0.0025511961430311203,fp_naa_c2_fault_preserving_seed13711,server02_fp_naa_screening_20260817T165229Z
gearboxEmu/test/section_00_target_test_anomaly_0048_pro_Y.wav,gearboxEmu,section_00,target,anomaly,0.002067727502435446,fp_naa_c2_fault_preserving_seed13711,server02_fp_naa_screening_20260817T165229Z
gearboxEmu/test/section_00_target_test_anomaly_0049_pro_X.wav,gearboxEmu,section_00,target,anomaly,0.022571921348571777,fp_naa_c2_fault_preserving_seed13711,server02_fp_naa_screening_20260817T165229Z
gearboxEmu/test/section_00_target_test_normal_0000_pro_X.wav,gearboxEmu,section_00,target,normal,0.022225219756364822,fp_naa_c2_fault_preserving_seed13711,server02_fp_naa_screening_20260817T165229Z
gearboxEmu/test/section_00_target_test_normal_0001_pro_y.wav,gearboxEmu,section_00,target,normal,-0.0039990926161408424,fp_naa_c2_fault_preserving_seed13711,server02_fp_naa_screening_20260817T165229Z
gearboxEmu/test/section_00_target_test_normal_0002_pro_X.wav,gearboxEmu,section_00,target,normal,0.022633245214819908,fp_naa_c2_fault_preserving_seed13711,server02_fp_naa_screening_20260817T165229Z
gearboxEmu/test/section_00_target_test_normal_0003_pro_X.wav,gearboxEmu,section_00,target,normal,0.021724173799157143,fp_naa_c2_fault_preserving_seed13711,server02_fp_naa_screening_20260817T165229Z
gearboxEmu/test/section_00_target_test_normal_0004_pro_Z.wav,gearboxEmu,section_00,target,normal,0.00026849895948544145,fp_naa_c2_fault_preserving_seed13711,server02_fp_naa_screening_20260817T165229Z
gearboxEmu/test/section_00_target_test_normal_0005_pro_y.wav,gearboxEmu,section_00,target,normal,0.0016021643532440066,fp_naa_c2_fault_preserving_seed13711,server02_fp_naa_screening_20260817T165229Z
gearboxEmu/test/section_00_target_test_normal_0006_pro_Z.wav,gearboxEmu,section_00,target,normal,0.00047922873636707664,fp_naa_c2_fault_preserving_seed13711,server02_fp_naa_screening_20260817T165229Z
gearboxEmu/test/section_00_target_test_normal_0007_pro_y.wav,gearboxEmu,section_00,target,normal,-0.002045116387307644,fp_naa_c2_fault_preserving_seed13711,server02_fp_naa_screening_20260817T165229Z
gearboxEmu/test/section_00_target_test_normal_0008_pro_Z.wav,gearboxEmu,section_00,target,normal,0.0001556675706524402,fp_naa_c2_fault_preserving_seed13711,server02_fp_naa_screening_20260817T165229Z
gearboxEmu/test/section_00_target_test_normal_0009_pro_X.wav,gearboxEmu,section_00,target,normal,0.02408437989652157,fp_naa_c2_fault_preserving_seed13711,server02_fp_naa_screening_20260817T165229Z
gearboxEmu/test/section_00_target_test_normal_0010_pro_X.wav,gearboxEmu,section_00,target,normal,-0.001588309882208705,fp_naa_c2_fault_preserving_seed13711,server02_fp_naa_screening_20260817T165229Z
gearboxEmu/test/section_00_target_test_normal_0011_pro_y.wav,gearboxEmu,section_00,target,normal,-0.006958004552870989,fp_naa_c2_fault_preserving_seed13711,server02_fp_naa_screening_20260817T165229Z
gearboxEmu/test/section_00_target_test_normal_0012_pro_y.wav,gearboxEmu,section_00,target,normal,-0.00675068749114871,fp_naa_c2_fault_preserving_seed13711,server02_fp_naa_screening_20260817T165229Z
gearboxEmu/test/section_00_target_test_normal_0013_pro_X.wav,gearboxEmu,section_00,target,normal,-0.0003635822795331478,fp_naa_c2_fault_preserving_seed13711,server02_fp_naa_screening_20260817T165229Z
gearboxEmu/test/section_00_target_test_normal_0014_pro_Z.wav,gearboxEmu,section_00,target,normal,0.00024642699281685054,fp_naa_c2_fault_preserving_seed13711,server02_fp_naa_screening_20260817T165229Z
gearboxEmu/test/section_00_target_test_normal_0015_pro_X.wav,gearboxEmu,section_00,target,normal,0.0005363720119930804,fp_naa_c2_fault_preserving_seed13711,server02_fp_naa_screening_20260817T165229Z
gearboxEmu/test/section_00_target_test_normal_0016_pro_Z.wav,gearboxEmu,section_00,target,normal,0.00033692753640934825,fp_naa_c2_fault_preserving_seed13711,server02_fp_naa_screening_20260817T165229Z
gearboxEmu/test/section_00_target_test_normal_0017_pro_y.wav,gearboxEmu,section_00,target,normal,-0.005893284920603037,fp_naa_c2_fault_preserving_seed13711,server02_fp_naa_screening_20260817T165229Z
gearboxEmu/test/section_00_target_test_normal_0018_pro_y.wav,gearboxEmu,section_00,target,normal,-0.0054203663021326065,fp_naa_c2_fault_preserving_seed13711,server02_fp_naa_screening_20260817T165229Z
gearboxEmu/test/section_00_target_test_normal_0019_pro_Z.wav,gearboxEmu,section_00,target,normal,0.00018049668869934976,fp_naa_c2_fault_preserving_seed13711,server02_fp_naa_screening_20260817T165229Z
gearboxEmu/test/section_00_target_test_normal_0020_pro_y.wav,gearboxEmu,section_00,target,normal,-0.008486892096698284,fp_naa_c2_fault_preserving_seed13711,server02_fp_naa_screening_20260817T165229Z
gearboxEmu/test/section_00_target_test_normal_0021_pro_y.wav,gearboxEmu,section_00,target,normal,0.0017156051471829414,fp_naa_c2_fault_preserving_seed13711,server02_fp_naa_screening_20260817T165229Z
gearboxEmu/test/section_00_target_test_normal_0022_pro_Z.wav,gearboxEmu,section_00,target,normal,0.0005441580433398485,fp_naa_c2_fault_preserving_seed13711,server02_fp_naa_screening_20260817T165229Z
gearboxEmu/test/section_00_target_test_normal_0023_pro_X.wav,gearboxEmu,section_00,target,normal,-0.004464984405785799,fp_naa_c2_fault_preserving_seed13711,server02_fp_naa_screening_20260817T165229Z
gearboxEmu/test/section_00_target_test_normal_0024_pro_y.wav,gearboxEmu,section_00,target,normal,0.0026993853971362114,fp_naa_c2_fault_preserving_seed13711,server02_fp_naa_screening_20260817T165229Z
gearboxEmu/test/section_00_target_test_normal_0025_pro_Z.wav,gearboxEmu,section_00,target,normal,6.931608368176967e-05,fp_naa_c2_fault_preserving_seed13711,server02_fp_naa_screening_20260817T165229Z
gearboxEmu/test/section_00_target_test_normal_0026_pro_Z.wav,gearboxEmu,section_00,target,normal,0.0005072909407317638,fp_naa_c2_fault_preserving_seed13711,server02_fp_naa_screening_20260817T165229Z
gearboxEmu/test/section_00_target_test_normal_0027_pro_X.wav,gearboxEmu,section_00,target,normal,0.026630641892552376,fp_naa_c2_fault_preserving_seed13711,server02_fp_naa_screening_20260817T165229Z
gearboxEmu/test/section_00_target_test_normal_0028_pro_X.wav,gearboxEmu,section_00,target,normal,0.024301348254084587,fp_naa_c2_fault_preserving_seed13711,server02_fp_naa_screening_20260817T165229Z
gearboxEmu/test/section_00_target_test_normal_0029_pro_Z.wav,gearboxEmu,section_00,target,normal,0.00014476948126684874,fp_naa_c2_fault_preserving_seed13711,server02_fp_naa_screening_20260817T165229Z
gearboxEmu/test/section_00_target_test_normal_0030_pro_X.wav,gearboxEmu,section_00,target,normal,-0.0002970743807964027,fp_naa_c2_fault_preserving_seed13711,server02_fp_naa_screening_20260817T165229Z
gearboxEmu/test/section_00_target_test_normal_0031_pro_Z.wav,gearboxEmu,section_00,target,normal,0.00028866907814517617,fp_naa_c2_fault_preserving_seed13711,server02_fp_naa_screening_20260817T165229Z
gearboxEmu/test/section_00_target_test_normal_0032_pro_y.wav,gearboxEmu,section_00,target,normal,0.005103109870105982,fp_naa_c2_fault_preserving_seed13711,server02_fp_naa_screening_20260817T165229Z
gearboxEmu/test/section_00_target_test_normal_0033_pro_X.wav,gearboxEmu,section_00,target,normal,0.023537691682577133,fp_naa_c2_fault_preserving_seed13711,server02_fp_naa_screening_20260817T165229Z
gearboxEmu/test/section_00_target_test_normal_0034_pro_Z.wav,gearboxEmu,section_00,target,normal,9.459664579480886e-05,fp_naa_c2_fault_preserving_seed13711,server02_fp_naa_screening_20260817T165229Z
gearboxEmu/test/section_00_target_test_normal_0035_pro_y.wav,gearboxEmu,section_00,target,normal,-0.0050268759950995445,fp_naa_c2_fault_preserving_seed13711,server02_fp_naa_screening_20260817T165229Z
gearboxEmu/test/section_00_target_test_normal_0036_pro_X.wav,gearboxEmu,section_00,target,normal,0.0009287332068197429,fp_naa_c2_fault_preserving_seed13711,server02_fp_naa_screening_20260817T165229Z
gearboxEmu/test/section_00_target_test_normal_0037_pro_X.wav,gearboxEmu,section_00,target,normal,0.002465671394020319,fp_naa_c2_fault_preserving_seed13711,server02_fp_naa_screening_20260817T165229Z
gearboxEmu/test/section_00_target_test_normal_0038_pro_y.wav,gearboxEmu,section_00,target,normal,-0.007168228272348642,fp_naa_c2_fault_preserving_seed13711,server02_fp_naa_screening_20260817T165229Z
gearboxEmu/test/section_00_target_test_normal_0039_pro_Z.wav,gearboxEmu,section_00,target,normal,0.0005125615280121565,fp_naa_c2_fault_preserving_seed13711,server02_fp_naa_screening_20260817T165229Z
gearboxEmu/test/section_00_target_test_normal_0040_pro_y.wav,gearboxEmu,section_00,target,normal,-0.005267528351396322,fp_naa_c2_fault_preserving_seed13711,server02_fp_naa_screening_20260817T165229Z
gearboxEmu/test/section_00_target_test_normal_0041_pro_Z.wav,gearboxEmu,section_00,target,normal,-8.529213664587587e-05,fp_naa_c2_fault_preserving_seed13711,server02_fp_naa_screening_20260817T165229Z
gearboxEmu/test/section_00_target_test_normal_0042_pro_Z.wav,gearboxEmu,section_00,target,normal,0.0030214020516723394,fp_naa_c2_fault_preserving_seed13711,server02_fp_naa_screening_20260817T165229Z
gearboxEmu/test/section_00_target_test_normal_0043_pro_y.wav,gearboxEmu,section_00,target,normal,-0.006353809032589197,fp_naa_c2_fault_preserving_seed13711,server02_fp_naa_screening_20260817T165229Z
gearboxEmu/test/section_00_target_test_normal_0044_pro_X.wav,gearboxEmu,section_00,target,normal,0.0026665206532925367,fp_naa_c2_fault_preserving_seed13711,server02_fp_naa_screening_20260817T165229Z
gearboxEmu/test/section_00_target_test_normal_0045_pro_Z.wav,gearboxEmu,section_00,target,normal,-0.0002057617821265012,fp_naa_c2_fault_preserving_seed13711,server02_fp_naa_screening_20260817T165229Z
gearboxEmu/test/section_00_target_test_normal_0046_pro_X.wav,gearboxEmu,section_00,target,normal,-0.0002040876424871385,fp_naa_c2_fault_preserving_seed13711,server02_fp_naa_screening_20260817T165229Z
gearboxEmu/test/section_00_target_test_normal_0047_pro_y.wav,gearboxEmu,section_00,target,normal,0.0004001198976766318,fp_naa_c2_fault_preserving_seed13711,server02_fp_naa_screening_20260817T165229Z
gearboxEmu/test/section_00_target_test_normal_0048_pro_X.wav,gearboxEmu,section_00,target,normal,0.0007725477335043252,fp_naa_c2_fault_preserving_seed13711,server02_fp_naa_screening_20260817T165229Z
gearboxEmu/test/section_00_target_test_normal_0049_pro_y.wav,gearboxEmu,section_00,target,normal,-0.005497359670698643,fp_naa_c2_fault_preserving_seed13711,server02_fp_naa_screening_20260817T165229Z
sliderEmu/test/section_00_source_test_anomaly_0000_noAttribute.wav,sliderEmu,section_00,source,anomaly,0.003708590753376484,fp_naa_c2_fault_preserving_seed13711,server02_fp_naa_screening_20260817T165229Z
sliderEmu/test/section_00_source_test_anomaly_0001_noAttribute.wav,sliderEmu,section_00,source,anomaly,0.0015077716670930386,fp_naa_c2_fault_preserving_seed13711,server02_fp_naa_screening_20260817T165229Z
sliderEmu/test/section_00_source_test_anomaly_0002_noAttribute.wav,sliderEmu,section_00,source,anomaly,0.0013873283751308918,fp_naa_c2_fault_preserving_seed13711,server02_fp_naa_screening_20260817T165229Z
sliderEmu/test/section_00_source_test_anomaly_0003_noAttribute.wav,sliderEmu,section_00,source,anomaly,0.0019034759607166052,fp_naa_c2_fault_preserving_seed13711,server02_fp_naa_screening_20260817T165229Z
sliderEmu/test/section_00_source_test_anomaly_0004_noAttribute.wav,sliderEmu,section_00,source,anomaly,0.002824357245117426,fp_naa_c2_fault_preserving_seed13711,server02_fp_naa_screening_20260817T165229Z
sliderEmu/test/section_00_source_test_anomaly_0005_noAttribute.wav,sliderEmu,section_00,source,anomaly,0.0014122060965746641,fp_naa_c2_fault_preserving_seed13711,server02_fp_naa_screening_20260817T165229Z
sliderEmu/test/section_00_source_test_anomaly_0006_noAttribute.wav,sliderEmu,section_00,source,anomaly,0.0017125800950452685,fp_naa_c2_fault_preserving_seed13711,server02_fp_naa_screening_20260817T165229Z
sliderEmu/test/section_00_source_test_anomaly_0007_noAttribute.wav,sliderEmu,section_00,source,anomaly,0.013079632073640823,fp_naa_c2_fault_preserving_seed13711,server02_fp_naa_screening_20260817T165229Z
sliderEmu/test/section_00_source_test_anomaly_0008_noAttribute.wav,sliderEmu,section_00,source,anomaly,0.0027385721914470196,fp_naa_c2_fault_preserving_seed13711,server02_fp_naa_screening_20260817T165229Z
sliderEmu/test/section_00_source_test_anomaly_0009_noAttribute.wav,sliderEmu,section_00,source,anomaly,0.0033421521075069904,fp_naa_c2_fault_preserving_seed13711,server02_fp_naa_screening_20260817T165229Z
sliderEmu/test/section_00_source_test_anomaly_0010_noAttribute.wav,sliderEmu,section_00,source,anomaly,0.0036175381392240524,fp_naa_c2_fault_preserving_seed13711,server02_fp_naa_screening_20260817T165229Z
sliderEmu/test/section_00_source_test_anomaly_0011_noAttribute.wav,sliderEmu,section_00,source,anomaly,0.0009615678573027253,fp_naa_c2_fault_preserving_seed13711,server02_fp_naa_screening_20260817T165229Z
sliderEmu/test/section_00_source_test_anomaly_0012_noAttribute.wav,sliderEmu,section_00,source,anomaly,0.006200411356985569,fp_naa_c2_fault_preserving_seed13711,server02_fp_naa_screening_20260817T165229Z
sliderEmu/test/section_00_source_test_anomaly_0013_noAttribute.wav,sliderEmu,section_00,source,anomaly,0.00289309024810791,fp_naa_c2_fault_preserving_seed13711,server02_fp_naa_screening_20260817T165229Z
sliderEmu/test/section_00_source_test_anomaly_0014_noAttribute.wav,sliderEmu,section_00,source,anomaly,0.003858379554003477,fp_naa_c2_fault_preserving_seed13711,server02_fp_naa_screening_20260817T165229Z
sliderEmu/test/section_00_source_test_anomaly_0015_noAttribute.wav,sliderEmu,section_00,source,anomaly,0.0031506132800132036,fp_naa_c2_fault_preserving_seed13711,server02_fp_naa_screening_20260817T165229Z
sliderEmu/test/section_00_source_test_anomaly_0016_noAttribute.wav,sliderEmu,section_00,source,anomaly,0.0020194887183606625,fp_naa_c2_fault_preserving_seed13711,server02_fp_naa_screening_20260817T165229Z
sliderEmu/test/section_00_source_test_anomaly_0017_noAttribute.wav,sliderEmu,section_00,source,anomaly,0.00046648940769955516,fp_naa_c2_fault_preserving_seed13711,server02_fp_naa_screening_20260817T165229Z
sliderEmu/test/section_00_source_test_anomaly_0018_noAttribute.wav,sliderEmu,section_00,source,anomaly,0.0011594202369451523,fp_naa_c2_fault_preserving_seed13711,server02_fp_naa_screening_20260817T165229Z
sliderEmu/test/section_00_source_test_anomaly_0019_noAttribute.wav,sliderEmu,section_00,source,anomaly,0.0009016967378556728,fp_naa_c2_fault_preserving_seed13711,server02_fp_naa_screening_20260817T165229Z
sliderEmu/test/section_00_source_test_anomaly_0020_noAttribute.wav,sliderEmu,section_00,source,anomaly,0.009177949279546738,fp_naa_c2_fault_preserving_seed13711,server02_fp_naa_screening_20260817T165229Z
sliderEmu/test/section_00_source_test_anomaly_0021_noAttribute.wav,sliderEmu,section_00,source,anomaly,0.0012595804873853922,fp_naa_c2_fault_preserving_seed13711,server02_fp_naa_screening_20260817T165229Z
sliderEmu/test/section_00_source_test_anomaly_0022_noAttribute.wav,sliderEmu,section_00,source,anomaly,0.0036346535198390484,fp_naa_c2_fault_preserving_seed13711,server02_fp_naa_screening_20260817T165229Z
sliderEmu/test/section_00_source_test_anomaly_0023_noAttribute.wav,sliderEmu,section_00,source,anomaly,0.0010773090180009604,fp_naa_c2_fault_preserving_seed13711,server02_fp_naa_screening_20260817T165229Z
sliderEmu/test/section_00_source_test_anomaly_0024_noAttribute.wav,sliderEmu,section_00,source,anomaly,0.0039676777087152,fp_naa_c2_fault_preserving_seed13711,server02_fp_naa_screening_20260817T165229Z
sliderEmu/test/section_00_source_test_anomaly_0025_noAttribute.wav,sliderEmu,section_00,source,anomaly,0.005882732104510069,fp_naa_c2_fault_preserving_seed13711,server02_fp_naa_screening_20260817T165229Z
sliderEmu/test/section_00_source_test_anomaly_0026_noAttribute.wav,sliderEmu,section_00,source,anomaly,0.003439532592892647,fp_naa_c2_fault_preserving_seed13711,server02_fp_naa_screening_20260817T165229Z
sliderEmu/test/section_00_source_test_anomaly_0027_noAttribute.wav,sliderEmu,section_00,source,anomaly,0.00997819472104311,fp_naa_c2_fault_preserving_seed13711,server02_fp_naa_screening_20260817T165229Z
sliderEmu/test/section_00_source_test_anomaly_0028_noAttribute.wav,sliderEmu,section_00,source,anomaly,0.004488278646022081,fp_naa_c2_fault_preserving_seed13711,server02_fp_naa_screening_20260817T165229Z
sliderEmu/test/section_00_source_test_anomaly_0029_noAttribute.wav,sliderEmu,section_00,source,anomaly,0.0023857634514570236,fp_naa_c2_fault_preserving_seed13711,server02_fp_naa_screening_20260817T165229Z
sliderEmu/test/section_00_source_test_anomaly_0030_noAttribute.wav,sliderEmu,section_00,source,anomaly,0.0017857514321804047,fp_naa_c2_fault_preserving_seed13711,server02_fp_naa_screening_20260817T165229Z
sliderEmu/test/section_00_source_test_anomaly_0031_noAttribute.wav,sliderEmu,section_00,source,anomaly,0.004635990597307682,fp_naa_c2_fault_preserving_seed13711,server02_fp_naa_screening_20260817T165229Z
sliderEmu/test/section_00_source_test_anomaly_0032_noAttribute.wav,sliderEmu,section_00,source,anomaly,0.00163745554164052,fp_naa_c2_fault_preserving_seed13711,server02_fp_naa_screening_20260817T165229Z
sliderEmu/test/section_00_source_test_anomaly_0033_noAttribute.wav,sliderEmu,section_00,source,anomaly,0.0009609563276171684,fp_naa_c2_fault_preserving_seed13711,server02_fp_naa_screening_20260817T165229Z
sliderEmu/test/section_00_source_test_anomaly_0034_noAttribute.wav,sliderEmu,section_00,source,anomaly,0.005671689286828041,fp_naa_c2_fault_preserving_seed13711,server02_fp_naa_screening_20260817T165229Z
sliderEmu/test/section_00_source_test_anomaly_0035_noAttribute.wav,sliderEmu,section_00,source,anomaly,0.0031383605673909187,fp_naa_c2_fault_preserving_seed13711,server02_fp_naa_screening_20260817T165229Z
sliderEmu/test/section_00_source_test_anomaly_0036_noAttribute.wav,sliderEmu,section_00,source,anomaly,0.003346916986629367,fp_naa_c2_fault_preserving_seed13711,server02_fp_naa_screening_20260817T165229Z
sliderEmu/test/section_00_source_test_anomaly_0037_noAttribute.wav,sliderEmu,section_00,source,anomaly,0.0012657423503696918,fp_naa_c2_fault_preserving_seed13711,server02_fp_naa_screening_20260817T165229Z
sliderEmu/test/section_00_source_test_anomaly_0038_noAttribute.wav,sliderEmu,section_00,source,anomaly,0.004336722195148468,fp_naa_c2_fault_preserving_seed13711,server02_fp_naa_screening_20260817T165229Z
sliderEmu/test/section_00_source_test_anomaly_0039_noAttribute.wav,sliderEmu,section_00,source,anomaly,0.00024916444090195,fp_naa_c2_fault_preserving_seed13711,server02_fp_naa_screening_20260817T165229Z
sliderEmu/test/section_00_source_test_anomaly_0040_noAttribute.wav,sliderEmu,section_00,source,anomaly,0.00105636240914464,fp_naa_c2_fault_preserving_seed13711,server02_fp_naa_screening_20260817T165229Z
sliderEmu/test/section_00_source_test_anomaly_0041_noAttribute.wav,sliderEmu,section_00,source,anomaly,0.004389777779579163,fp_naa_c2_fault_preserving_seed13711,server02_fp_naa_screening_20260817T165229Z
sliderEmu/test/section_00_source_test_anomaly_0042_noAttribute.wav,sliderEmu,section_00,source,anomaly,0.0020402492955327034,fp_naa_c2_fault_preserving_seed13711,server02_fp_naa_screening_20260817T165229Z
sliderEmu/test/section_00_source_test_anomaly_0043_noAttribute.wav,sliderEmu,section_00,source,anomaly,0.001985713141039014,fp_naa_c2_fault_preserving_seed13711,server02_fp_naa_screening_20260817T165229Z
sliderEmu/test/section_00_source_test_anomaly_0044_noAttribute.wav,sliderEmu,section_00,source,anomaly,0.008269782178103924,fp_naa_c2_fault_preserving_seed13711,server02_fp_naa_screening_20260817T165229Z
sliderEmu/test/section_00_source_test_anomaly_0045_noAttribute.wav,sliderEmu,section_00,source,anomaly,0.003803329775109887,fp_naa_c2_fault_preserving_seed13711,server02_fp_naa_screening_20260817T165229Z
sliderEmu/test/section_00_source_test_anomaly_0046_noAttribute.wav,sliderEmu,section_00,source,anomaly,0.0013120891526341438,fp_naa_c2_fault_preserving_seed13711,server02_fp_naa_screening_20260817T165229Z
sliderEmu/test/section_00_source_test_anomaly_0047_noAttribute.wav,sliderEmu,section_00,source,anomaly,0.002318353857845068,fp_naa_c2_fault_preserving_seed13711,server02_fp_naa_screening_20260817T165229Z
sliderEmu/test/section_00_source_test_anomaly_0048_noAttribute.wav,sliderEmu,section_00,source,anomaly,0.0029375378508120775,fp_naa_c2_fault_preserving_seed13711,server02_fp_naa_screening_20260817T165229Z
sliderEmu/test/section_00_source_test_anomaly_0049_noAttribute.wav,sliderEmu,section_00,source,anomaly,0.00206303340382874,fp_naa_c2_fault_preserving_seed13711,server02_fp_naa_screening_20260817T165229Z
sliderEmu/test/section_00_source_test_normal_0000_noAttribute.wav,sliderEmu,section_00,source,normal,0.0008499654359184206,fp_naa_c2_fault_preserving_seed13711,server02_fp_naa_screening_20260817T165229Z
sliderEmu/test/section_00_source_test_normal_0001_noAttribute.wav,sliderEmu,section_00,source,normal,-6.399338599294424e-05,fp_naa_c2_fault_preserving_seed13711,server02_fp_naa_screening_20260817T165229Z
sliderEmu/test/section_00_source_test_normal_0002_noAttribute.wav,sliderEmu,section_00,source,normal,0.0005984985618852079,fp_naa_c2_fault_preserving_seed13711,server02_fp_naa_screening_20260817T165229Z
sliderEmu/test/section_00_source_test_normal_0003_noAttribute.wav,sliderEmu,section_00,source,normal,0.0018315576016902924,fp_naa_c2_fault_preserving_seed13711,server02_fp_naa_screening_20260817T165229Z
sliderEmu/test/section_00_source_test_normal_0004_noAttribute.wav,sliderEmu,section_00,source,normal,0.004641382023692131,fp_naa_c2_fault_preserving_seed13711,server02_fp_naa_screening_20260817T165229Z
sliderEmu/test/section_00_source_test_normal_0005_noAttribute.wav,sliderEmu,section_00,source,normal,0.0006024485919624567,fp_naa_c2_fault_preserving_seed13711,server02_fp_naa_screening_20260817T165229Z
sliderEmu/test/section_00_source_test_normal_0006_noAttribute.wav,sliderEmu,section_00,source,normal,0.0015833070501685143,fp_naa_c2_fault_preserving_seed13711,server02_fp_naa_screening_20260817T165229Z
sliderEmu/test/section_00_source_test_normal_0007_noAttribute.wav,sliderEmu,section_00,source,normal,0.0014073774218559265,fp_naa_c2_fault_preserving_seed13711,server02_fp_naa_screening_20260817T165229Z
sliderEmu/test/section_00_source_test_normal_0008_noAttribute.wav,sliderEmu,section_00,source,normal,0.0019648494198918343,fp_naa_c2_fault_preserving_seed13711,server02_fp_naa_screening_20260817T165229Z
sliderEmu/test/section_00_source_test_normal_0009_noAttribute.wav,sliderEmu,section_00,source,normal,0.0019544651731848717,fp_naa_c2_fault_preserving_seed13711,server02_fp_naa_screening_20260817T165229Z
sliderEmu/test/section_00_source_test_normal_0010_noAttribute.wav,sliderEmu,section_00,source,normal,0.0010741150472313166,fp_naa_c2_fault_preserving_seed13711,server02_fp_naa_screening_20260817T165229Z
sliderEmu/test/section_00_source_test_normal_0011_noAttribute.wav,sliderEmu,section_00,source,normal,0.0003473663527984172,fp_naa_c2_fault_preserving_seed13711,server02_fp_naa_screening_20260817T165229Z
sliderEmu/test/section_00_source_test_normal_0012_noAttribute.wav,sliderEmu,section_00,source,normal,0.0012675202451646328,fp_naa_c2_fault_preserving_seed13711,server02_fp_naa_screening_20260817T165229Z
sliderEmu/test/section_00_source_test_normal_0013_noAttribute.wav,sliderEmu,section_00,source,normal,0.0022616437636315823,fp_naa_c2_fault_preserving_seed13711,server02_fp_naa_screening_20260817T165229Z
sliderEmu/test/section_00_source_test_normal_0014_noAttribute.wav,sliderEmu,section_00,source,normal,0.0015684752725064754,fp_naa_c2_fault_preserving_seed13711,server02_fp_naa_screening_20260817T165229Z
sliderEmu/test/section_00_source_test_normal_0015_noAttribute.wav,sliderEmu,section_00,source,normal,0.002717038383707404,fp_naa_c2_fault_preserving_seed13711,server02_fp_naa_screening_20260817T165229Z
sliderEmu/test/section_00_source_test_normal_0016_noAttribute.wav,sliderEmu,section_00,source,normal,0.0006864391034469008,fp_naa_c2_fault_preserving_seed13711,server02_fp_naa_screening_20260817T165229Z
sliderEmu/test/section_00_source_test_normal_0017_noAttribute.wav,sliderEmu,section_00,source,normal,0.0022517377510666847,fp_naa_c2_fault_preserving_seed13711,server02_fp_naa_screening_20260817T165229Z
sliderEmu/test/section_00_source_test_normal_0018_noAttribute.wav,sliderEmu,section_00,source,normal,0.0002559877175372094,fp_naa_c2_fault_preserving_seed13711,server02_fp_naa_screening_20260817T165229Z
sliderEmu/test/section_00_source_test_normal_0019_noAttribute.wav,sliderEmu,section_00,source,normal,0.001417650142684579,fp_naa_c2_fault_preserving_seed13711,server02_fp_naa_screening_20260817T165229Z
sliderEmu/test/section_00_source_test_normal_0020_noAttribute.wav,sliderEmu,section_00,source,normal,0.003850658657029271,fp_naa_c2_fault_preserving_seed13711,server02_fp_naa_screening_20260817T165229Z
sliderEmu/test/section_00_source_test_normal_0021_noAttribute.wav,sliderEmu,section_00,source,normal,0.0007297050906345248,fp_naa_c2_fault_preserving_seed13711,server02_fp_naa_screening_20260817T165229Z
sliderEmu/test/section_00_source_test_normal_0022_noAttribute.wav,sliderEmu,section_00,source,normal,0.0009607600513845682,fp_naa_c2_fault_preserving_seed13711,server02_fp_naa_screening_20260817T165229Z
sliderEmu/test/section_00_source_test_normal_0023_noAttribute.wav,sliderEmu,section_00,source,normal,0.0015940049197524786,fp_naa_c2_fault_preserving_seed13711,server02_fp_naa_screening_20260817T165229Z
sliderEmu/test/section_00_source_test_normal_0024_noAttribute.wav,sliderEmu,section_00,source,normal,0.0026752259582281113,fp_naa_c2_fault_preserving_seed13711,server02_fp_naa_screening_20260817T165229Z
sliderEmu/test/section_00_source_test_normal_0025_noAttribute.wav,sliderEmu,section_00,source,normal,0.0005857503856532276,fp_naa_c2_fault_preserving_seed13711,server02_fp_naa_screening_20260817T165229Z
sliderEmu/test/section_00_source_test_normal_0026_noAttribute.wav,sliderEmu,section_00,source,normal,0.003965491428971291,fp_naa_c2_fault_preserving_seed13711,server02_fp_naa_screening_20260817T165229Z
sliderEmu/test/section_00_source_test_normal_0027_noAttribute.wav,sliderEmu,section_00,source,normal,0.000547938805539161,fp_naa_c2_fault_preserving_seed13711,server02_fp_naa_screening_20260817T165229Z
sliderEmu/test/section_00_source_test_normal_0028_noAttribute.wav,sliderEmu,section_00,source,normal,0.0007633756613358855,fp_naa_c2_fault_preserving_seed13711,server02_fp_naa_screening_20260817T165229Z
sliderEmu/test/section_00_source_test_normal_0029_noAttribute.wav,sliderEmu,section_00,source,normal,0.001526841544546187,fp_naa_c2_fault_preserving_seed13711,server02_fp_naa_screening_20260817T165229Z
sliderEmu/test/section_00_source_test_normal_0030_noAttribute.wav,sliderEmu,section_00,source,normal,0.0008089285111054778,fp_naa_c2_fault_preserving_seed13711,server02_fp_naa_screening_20260817T165229Z
sliderEmu/test/section_00_source_test_normal_0031_noAttribute.wav,sliderEmu,section_00,source,normal,0.0007772289682179689,fp_naa_c2_fault_preserving_seed13711,server02_fp_naa_screening_20260817T165229Z
sliderEmu/test/section_00_source_test_normal_0032_noAttribute.wav,sliderEmu,section_00,source,normal,0.00141559774056077,fp_naa_c2_fault_preserving_seed13711,server02_fp_naa_screening_20260817T165229Z
sliderEmu/test/section_00_source_test_normal_0033_noAttribute.wav,sliderEmu,section_00,source,normal,0.0007231435156427324,fp_naa_c2_fault_preserving_seed13711,server02_fp_naa_screening_20260817T165229Z
sliderEmu/test/section_00_source_test_normal_0034_noAttribute.wav,sliderEmu,section_00,source,normal,0.0011534627992659807,fp_naa_c2_fault_preserving_seed13711,server02_fp_naa_screening_20260817T165229Z
sliderEmu/test/section_00_source_test_normal_0035_noAttribute.wav,sliderEmu,section_00,source,normal,0.0015470704529434443,fp_naa_c2_fault_preserving_seed13711,server02_fp_naa_screening_20260817T165229Z
sliderEmu/test/section_00_source_test_normal_0036_noAttribute.wav,sliderEmu,section_00,source,normal,0.002552587538957596,fp_naa_c2_fault_preserving_seed13711,server02_fp_naa_screening_20260817T165229Z
sliderEmu/test/section_00_source_test_normal_0037_noAttribute.wav,sliderEmu,section_00,source,normal,0.002564428374171257,fp_naa_c2_fault_preserving_seed13711,server02_fp_naa_screening_20260817T165229Z
sliderEmu/test/section_00_source_test_normal_0038_noAttribute.wav,sliderEmu,section_00,source,normal,0.0004918249906040728,fp_naa_c2_fault_preserving_seed13711,server02_fp_naa_screening_20260817T165229Z
sliderEmu/test/section_00_source_test_normal_0039_noAttribute.wav,sliderEmu,section_00,source,normal,0.0020957416854798794,fp_naa_c2_fault_preserving_seed13711,server02_fp_naa_screening_20260817T165229Z
sliderEmu/test/section_00_source_test_normal_0040_noAttribute.wav,sliderEmu,section_00,source,normal,0.0009882848244160414,fp_naa_c2_fault_preserving_seed13711,server02_fp_naa_screening_20260817T165229Z
sliderEmu/test/section_00_source_test_normal_0041_noAttribute.wav,sliderEmu,section_00,source,normal,0.000953243114054203,fp_naa_c2_fault_preserving_seed13711,server02_fp_naa_screening_20260817T165229Z
sliderEmu/test/section_00_source_test_normal_0042_noAttribute.wav,sliderEmu,section_00,source,normal,-0.0001903718221001327,fp_naa_c2_fault_preserving_seed13711,server02_fp_naa_screening_20260817T165229Z
sliderEmu/test/section_00_source_test_normal_0043_noAttribute.wav,sliderEmu,section_00,source,normal,0.000965597340837121,fp_naa_c2_fault_preserving_seed13711,server02_fp_naa_screening_20260817T165229Z
sliderEmu/test/section_00_source_test_normal_0044_noAttribute.wav,sliderEmu,section_00,source,normal,0.0015143172349780798,fp_naa_c2_fault_preserving_seed13711,server02_fp_naa_screening_20260817T165229Z
sliderEmu/test/section_00_source_test_normal_0045_noAttribute.wav,sliderEmu,section_00,source,normal,0.0009306085994467139,fp_naa_c2_fault_preserving_seed13711,server02_fp_naa_screening_20260817T165229Z
sliderEmu/test/section_00_source_test_normal_0046_noAttribute.wav,sliderEmu,section_00,source,normal,0.0024109345395118,fp_naa_c2_fault_preserving_seed13711,server02_fp_naa_screening_20260817T165229Z
sliderEmu/test/section_00_source_test_normal_0047_noAttribute.wav,sliderEmu,section_00,source,normal,0.0007377193542197347,fp_naa_c2_fault_preserving_seed13711,server02_fp_naa_screening_20260817T165229Z
sliderEmu/test/section_00_source_test_normal_0048_noAttribute.wav,sliderEmu,section_00,source,normal,0.0025246636942029,fp_naa_c2_fault_preserving_seed13711,server02_fp_naa_screening_20260817T165229Z
sliderEmu/test/section_00_source_test_normal_0049_noAttribute.wav,sliderEmu,section_00,source,normal,0.004402435850352049,fp_naa_c2_fault_preserving_seed13711,server02_fp_naa_screening_20260817T165229Z
sliderEmu/test/section_00_target_test_anomaly_0000_noAttribute.wav,sliderEmu,section_00,target,anomaly,0.0004993921611458063,fp_naa_c2_fault_preserving_seed13711,server02_fp_naa_screening_20260817T165229Z
sliderEmu/test/section_00_target_test_anomaly_0001_noAttribute.wav,sliderEmu,section_00,target,anomaly,-8.137032273225486e-05,fp_naa_c2_fault_preserving_seed13711,server02_fp_naa_screening_20260817T165229Z
sliderEmu/test/section_00_target_test_anomaly_0002_noAttribute.wav,sliderEmu,section_00,target,anomaly,0.0005459332023747265,fp_naa_c2_fault_preserving_seed13711,server02_fp_naa_screening_20260817T165229Z
sliderEmu/test/section_00_target_test_anomaly_0003_noAttribute.wav,sliderEmu,section_00,target,anomaly,0.00688598770648241,fp_naa_c2_fault_preserving_seed13711,server02_fp_naa_screening_20260817T165229Z
sliderEmu/test/section_00_target_test_anomaly_0004_noAttribute.wav,sliderEmu,section_00,target,anomaly,0.0033628689125180244,fp_naa_c2_fault_preserving_seed13711,server02_fp_naa_screening_20260817T165229Z
sliderEmu/test/section_00_target_test_anomaly_0005_noAttribute.wav,sliderEmu,section_00,target,anomaly,0.0006759197567589581,fp_naa_c2_fault_preserving_seed13711,server02_fp_naa_screening_20260817T165229Z
sliderEmu/test/section_00_target_test_anomaly_0006_noAttribute.wav,sliderEmu,section_00,target,anomaly,0.005301397293806076,fp_naa_c2_fault_preserving_seed13711,server02_fp_naa_screening_20260817T165229Z
sliderEmu/test/section_00_target_test_anomaly_0007_noAttribute.wav,sliderEmu,section_00,target,anomaly,0.0038469417486339808,fp_naa_c2_fault_preserving_seed13711,server02_fp_naa_screening_20260817T165229Z
sliderEmu/test/section_00_target_test_anomaly_0008_noAttribute.wav,sliderEmu,section_00,target,anomaly,0.0031268370803445578,fp_naa_c2_fault_preserving_seed13711,server02_fp_naa_screening_20260817T165229Z
sliderEmu/test/section_00_target_test_anomaly_0009_noAttribute.wav,sliderEmu,section_00,target,anomaly,-0.00013262068387120962,fp_naa_c2_fault_preserving_seed13711,server02_fp_naa_screening_20260817T165229Z
sliderEmu/test/section_00_target_test_anomaly_0010_noAttribute.wav,sliderEmu,section_00,target,anomaly,0.003261980600655079,fp_naa_c2_fault_preserving_seed13711,server02_fp_naa_screening_20260817T165229Z
sliderEmu/test/section_00_target_test_anomaly_0011_noAttribute.wav,sliderEmu,section_00,target,anomaly,0.001007323618978262,fp_naa_c2_fault_preserving_seed13711,server02_fp_naa_screening_20260817T165229Z
sliderEmu/test/section_00_target_test_anomaly_0012_noAttribute.wav,sliderEmu,section_00,target,anomaly,0.007427752483636141,fp_naa_c2_fault_preserving_seed13711,server02_fp_naa_screening_20260817T165229Z
sliderEmu/test/section_00_target_test_anomaly_0013_noAttribute.wav,sliderEmu,section_00,target,anomaly,0.0035340378526598215,fp_naa_c2_fault_preserving_seed13711,server02_fp_naa_screening_20260817T165229Z
sliderEmu/test/section_00_target_test_anomaly_0014_noAttribute.wav,sliderEmu,section_00,target,anomaly,0.0042243399657309055,fp_naa_c2_fault_preserving_seed13711,server02_fp_naa_screening_20260817T165229Z
sliderEmu/test/section_00_target_test_anomaly_0015_noAttribute.wav,sliderEmu,section_00,target,anomaly,0.002057432197034359,fp_naa_c2_fault_preserving_seed13711,server02_fp_naa_screening_20260817T165229Z
sliderEmu/test/section_00_target_test_anomaly_0016_noAttribute.wav,sliderEmu,section_00,target,anomaly,0.0016320026479661465,fp_naa_c2_fault_preserving_seed13711,server02_fp_naa_screening_20260817T165229Z
sliderEmu/test/section_00_target_test_anomaly_0017_noAttribute.wav,sliderEmu,section_00,target,anomaly,0.003331452142447233,fp_naa_c2_fault_preserving_seed13711,server02_fp_naa_screening_20260817T165229Z
sliderEmu/test/section_00_target_test_anomaly_0018_noAttribute.wav,sliderEmu,section_00,target,anomaly,0.0030855140648782253,fp_naa_c2_fault_preserving_seed13711,server02_fp_naa_screening_20260817T165229Z
sliderEmu/test/section_00_target_test_anomaly_0019_noAttribute.wav,sliderEmu,section_00,target,anomaly,0.0010800684103742242,fp_naa_c2_fault_preserving_seed13711,server02_fp_naa_screening_20260817T165229Z
sliderEmu/test/section_00_target_test_anomaly_0020_noAttribute.wav,sliderEmu,section_00,target,anomaly,0.0005602168384939432,fp_naa_c2_fault_preserving_seed13711,server02_fp_naa_screening_20260817T165229Z
sliderEmu/test/section_00_target_test_anomaly_0021_noAttribute.wav,sliderEmu,section_00,target,anomaly,0.0019273526268079877,fp_naa_c2_fault_preserving_seed13711,server02_fp_naa_screening_20260817T165229Z
sliderEmu/test/section_00_target_test_anomaly_0022_noAttribute.wav,sliderEmu,section_00,target,anomaly,0.002473406493663788,fp_naa_c2_fault_preserving_seed13711,server02_fp_naa_screening_20260817T165229Z
sliderEmu/test/section_00_target_test_anomaly_0023_noAttribute.wav,sliderEmu,section_00,target,anomaly,0.008899853564798832,fp_naa_c2_fault_preserving_seed13711,server02_fp_naa_screening_20260817T165229Z
sliderEmu/test/section_00_target_test_anomaly_0024_noAttribute.wav,sliderEmu,section_00,target,anomaly,0.002952784299850464,fp_naa_c2_fault_preserving_seed13711,server02_fp_naa_screening_20260817T165229Z
sliderEmu/test/section_00_target_test_anomaly_0025_noAttribute.wav,sliderEmu,section_00,target,anomaly,-0.00229253270663321,fp_naa_c2_fault_preserving_seed13711,server02_fp_naa_screening_20260817T165229Z
sliderEmu/test/section_00_target_test_anomaly_0026_noAttribute.wav,sliderEmu,section_00,target,anomaly,0.009542042389512062,fp_naa_c2_fault_preserving_seed13711,server02_fp_naa_screening_20260817T165229Z
sliderEmu/test/section_00_target_test_anomaly_0027_noAttribute.wav,sliderEmu,section_00,target,anomaly,0.0003783540159929544,fp_naa_c2_fault_preserving_seed13711,server02_fp_naa_screening_20260817T165229Z
sliderEmu/test/section_00_target_test_anomaly_0028_noAttribute.wav,sliderEmu,section_00,target,anomaly,0.00017315353034064174,fp_naa_c2_fault_preserving_seed13711,server02_fp_naa_screening_20260817T165229Z
sliderEmu/test/section_00_target_test_anomaly_0029_noAttribute.wav,sliderEmu,section_00,target,anomaly,0.004672535229474306,fp_naa_c2_fault_preserving_seed13711,server02_fp_naa_screening_20260817T165229Z
sliderEmu/test/section_00_target_test_anomaly_0030_noAttribute.wav,sliderEmu,section_00,target,anomaly,0.0033307066187262535,fp_naa_c2_fault_preserving_seed13711,server02_fp_naa_screening_20260817T165229Z
sliderEmu/test/section_00_target_test_anomaly_0031_noAttribute.wav,sliderEmu,section_00,target,anomaly,-0.003199288621544838,fp_naa_c2_fault_preserving_seed13711,server02_fp_naa_screening_20260817T165229Z
sliderEmu/test/section_00_target_test_anomaly_0032_noAttribute.wav,sliderEmu,section_00,target,anomaly,0.0020919025409966707,fp_naa_c2_fault_preserving_seed13711,server02_fp_naa_screening_20260817T165229Z
sliderEmu/test/section_00_target_test_anomaly_0033_noAttribute.wav,sliderEmu,section_00,target,anomaly,0.0012497480493038893,fp_naa_c2_fault_preserving_seed13711,server02_fp_naa_screening_20260817T165229Z
sliderEmu/test/section_00_target_test_anomaly_0034_noAttribute.wav,sliderEmu,section_00,target,anomaly,0.0012199394404888153,fp_naa_c2_fault_preserving_seed13711,server02_fp_naa_screening_20260817T165229Z
sliderEmu/test/section_00_target_test_anomaly_0035_noAttribute.wav,sliderEmu,section_00,target,anomaly,0.0026289757806807756,fp_naa_c2_fault_preserving_seed13711,server02_fp_naa_screening_20260817T165229Z
sliderEmu/test/section_00_target_test_anomaly_0036_noAttribute.wav,sliderEmu,section_00,target,anomaly,0.00163345190230757,fp_naa_c2_fault_preserving_seed13711,server02_fp_naa_screening_20260817T165229Z
sliderEmu/test/section_00_target_test_anomaly_0037_noAttribute.wav,sliderEmu,section_00,target,anomaly,0.00022608618019148707,fp_naa_c2_fault_preserving_seed13711,server02_fp_naa_screening_20260817T165229Z
sliderEmu/test/section_00_target_test_anomaly_0038_noAttribute.wav,sliderEmu,section_00,target,anomaly,0.0009045371552929282,fp_naa_c2_fault_preserving_seed13711,server02_fp_naa_screening_20260817T165229Z
sliderEmu/test/section_00_target_test_anomaly_0039_noAttribute.wav,sliderEmu,section_00,target,anomaly,0.0025066137313842773,fp_naa_c2_fault_preserving_seed13711,server02_fp_naa_screening_20260817T165229Z
sliderEmu/test/section_00_target_test_anomaly_0040_noAttribute.wav,sliderEmu,section_00,target,anomaly,0.005775882862508297,fp_naa_c2_fault_preserving_seed13711,server02_fp_naa_screening_20260817T165229Z
sliderEmu/test/section_00_target_test_anomaly_0041_noAttribute.wav,sliderEmu,section_00,target,anomaly,0.0012392256176099181,fp_naa_c2_fault_preserving_seed13711,server02_fp_naa_screening_20260817T165229Z
sliderEmu/test/section_00_target_test_anomaly_0042_noAttribute.wav,sliderEmu,section_00,target,anomaly,0.004550517071038485,fp_naa_c2_fault_preserving_seed13711,server02_fp_naa_screening_20260817T165229Z
sliderEmu/test/section_00_target_test_anomaly_0043_noAttribute.wav,sliderEmu,section_00,target,anomaly,0.0014135661767795682,fp_naa_c2_fault_preserving_seed13711,server02_fp_naa_screening_20260817T165229Z
sliderEmu/test/section_00_target_test_anomaly_0044_noAttribute.wav,sliderEmu,section_00,target,anomaly,0.002053158590570092,fp_naa_c2_fault_preserving_seed13711,server02_fp_naa_screening_20260817T165229Z
sliderEmu/test/section_00_target_test_anomaly_0045_noAttribute.wav,sliderEmu,section_00,target,anomaly,-0.001276275492273271,fp_naa_c2_fault_preserving_seed13711,server02_fp_naa_screening_20260817T165229Z
sliderEmu/test/section_00_target_test_anomaly_0046_noAttribute.wav,sliderEmu,section_00,target,anomaly,0.0017716701840981841,fp_naa_c2_fault_preserving_seed13711,server02_fp_naa_screening_20260817T165229Z
sliderEmu/test/section_00_target_test_anomaly_0047_noAttribute.wav,sliderEmu,section_00,target,anomaly,0.0010988451540470123,fp_naa_c2_fault_preserving_seed13711,server02_fp_naa_screening_20260817T165229Z
sliderEmu/test/section_00_target_test_anomaly_0048_noAttribute.wav,sliderEmu,section_00,target,anomaly,0.005984200164675713,fp_naa_c2_fault_preserving_seed13711,server02_fp_naa_screening_20260817T165229Z
sliderEmu/test/section_00_target_test_anomaly_0049_noAttribute.wav,sliderEmu,section_00,target,anomaly,0.010501168668270111,fp_naa_c2_fault_preserving_seed13711,server02_fp_naa_screening_20260817T165229Z
sliderEmu/test/section_00_target_test_normal_0000_noAttribute.wav,sliderEmu,section_00,target,normal,0.002066640183329582,fp_naa_c2_fault_preserving_seed13711,server02_fp_naa_screening_20260817T165229Z
sliderEmu/test/section_00_target_test_normal_0001_noAttribute.wav,sliderEmu,section_00,target,normal,0.0022886949591338634,fp_naa_c2_fault_preserving_seed13711,server02_fp_naa_screening_20260817T165229Z
sliderEmu/test/section_00_target_test_normal_0002_noAttribute.wav,sliderEmu,section_00,target,normal,0.0002616872079670429,fp_naa_c2_fault_preserving_seed13711,server02_fp_naa_screening_20260817T165229Z
sliderEmu/test/section_00_target_test_normal_0003_noAttribute.wav,sliderEmu,section_00,target,normal,0.0009820160921663046,fp_naa_c2_fault_preserving_seed13711,server02_fp_naa_screening_20260817T165229Z
sliderEmu/test/section_00_target_test_normal_0004_noAttribute.wav,sliderEmu,section_00,target,normal,-0.007144570350646973,fp_naa_c2_fault_preserving_seed13711,server02_fp_naa_screening_20260817T165229Z
sliderEmu/test/section_00_target_test_normal_0005_noAttribute.wav,sliderEmu,section_00,target,normal,0.0013178251683712006,fp_naa_c2_fault_preserving_seed13711,server02_fp_naa_screening_20260817T165229Z
sliderEmu/test/section_00_target_test_normal_0006_noAttribute.wav,sliderEmu,section_00,target,normal,0.0010464179795235395,fp_naa_c2_fault_preserving_seed13711,server02_fp_naa_screening_20260817T165229Z
sliderEmu/test/section_00_target_test_normal_0007_noAttribute.wav,sliderEmu,section_00,target,normal,0.0005463239504024386,fp_naa_c2_fault_preserving_seed13711,server02_fp_naa_screening_20260817T165229Z
sliderEmu/test/section_00_target_test_normal_0008_noAttribute.wav,sliderEmu,section_00,target,normal,-0.0015337415970861912,fp_naa_c2_fault_preserving_seed13711,server02_fp_naa_screening_20260817T165229Z
sliderEmu/test/section_00_target_test_normal_0009_noAttribute.wav,sliderEmu,section_00,target,normal,0.0007733104284852743,fp_naa_c2_fault_preserving_seed13711,server02_fp_naa_screening_20260817T165229Z
sliderEmu/test/section_00_target_test_normal_0010_noAttribute.wav,sliderEmu,section_00,target,normal,0.0010479369666427374,fp_naa_c2_fault_preserving_seed13711,server02_fp_naa_screening_20260817T165229Z
sliderEmu/test/section_00_target_test_normal_0011_noAttribute.wav,sliderEmu,section_00,target,normal,-0.0004015583253931254,fp_naa_c2_fault_preserving_seed13711,server02_fp_naa_screening_20260817T165229Z
sliderEmu/test/section_00_target_test_normal_0012_noAttribute.wav,sliderEmu,section_00,target,normal,0.0001783262996468693,fp_naa_c2_fault_preserving_seed13711,server02_fp_naa_screening_20260817T165229Z
sliderEmu/test/section_00_target_test_normal_0013_noAttribute.wav,sliderEmu,section_00,target,normal,0.0014937592204660177,fp_naa_c2_fault_preserving_seed13711,server02_fp_naa_screening_20260817T165229Z
sliderEmu/test/section_00_target_test_normal_0014_noAttribute.wav,sliderEmu,section_00,target,normal,-0.006125215440988541,fp_naa_c2_fault_preserving_seed13711,server02_fp_naa_screening_20260817T165229Z
sliderEmu/test/section_00_target_test_normal_0015_noAttribute.wav,sliderEmu,section_00,target,normal,0.0005569044151343405,fp_naa_c2_fault_preserving_seed13711,server02_fp_naa_screening_20260817T165229Z
sliderEmu/test/section_00_target_test_normal_0016_noAttribute.wav,sliderEmu,section_00,target,normal,0.0016225939616560936,fp_naa_c2_fault_preserving_seed13711,server02_fp_naa_screening_20260817T165229Z
sliderEmu/test/section_00_target_test_normal_0017_noAttribute.wav,sliderEmu,section_00,target,normal,9.636860340833664e-05,fp_naa_c2_fault_preserving_seed13711,server02_fp_naa_screening_20260817T165229Z
sliderEmu/test/section_00_target_test_normal_0018_noAttribute.wav,sliderEmu,section_00,target,normal,0.0013095405884087086,fp_naa_c2_fault_preserving_seed13711,server02_fp_naa_screening_20260817T165229Z
sliderEmu/test/section_00_target_test_normal_0019_noAttribute.wav,sliderEmu,section_00,target,normal,-0.004428701475262642,fp_naa_c2_fault_preserving_seed13711,server02_fp_naa_screening_20260817T165229Z
sliderEmu/test/section_00_target_test_normal_0020_noAttribute.wav,sliderEmu,section_00,target,normal,0.0012719016522169113,fp_naa_c2_fault_preserving_seed13711,server02_fp_naa_screening_20260817T165229Z
sliderEmu/test/section_00_target_test_normal_0021_noAttribute.wav,sliderEmu,section_00,target,normal,0.003938646987080574,fp_naa_c2_fault_preserving_seed13711,server02_fp_naa_screening_20260817T165229Z
sliderEmu/test/section_00_target_test_normal_0022_noAttribute.wav,sliderEmu,section_00,target,normal,0.0011471861507743597,fp_naa_c2_fault_preserving_seed13711,server02_fp_naa_screening_20260817T165229Z
sliderEmu/test/section_00_target_test_normal_0023_noAttribute.wav,sliderEmu,section_00,target,normal,0.0016945883398875594,fp_naa_c2_fault_preserving_seed13711,server02_fp_naa_screening_20260817T165229Z
sliderEmu/test/section_00_target_test_normal_0024_noAttribute.wav,sliderEmu,section_00,target,normal,0.0009279255173169076,fp_naa_c2_fault_preserving_seed13711,server02_fp_naa_screening_20260817T165229Z
sliderEmu/test/section_00_target_test_normal_0025_noAttribute.wav,sliderEmu,section_00,target,normal,-0.004490676335990429,fp_naa_c2_fault_preserving_seed13711,server02_fp_naa_screening_20260817T165229Z
sliderEmu/test/section_00_target_test_normal_0026_noAttribute.wav,sliderEmu,section_00,target,normal,-0.0004168595769442618,fp_naa_c2_fault_preserving_seed13711,server02_fp_naa_screening_20260817T165229Z
sliderEmu/test/section_00_target_test_normal_0027_noAttribute.wav,sliderEmu,section_00,target,normal,0.003082289593294263,fp_naa_c2_fault_preserving_seed13711,server02_fp_naa_screening_20260817T165229Z
sliderEmu/test/section_00_target_test_normal_0028_noAttribute.wav,sliderEmu,section_00,target,normal,0.0005845042178407311,fp_naa_c2_fault_preserving_seed13711,server02_fp_naa_screening_20260817T165229Z
sliderEmu/test/section_00_target_test_normal_0029_noAttribute.wav,sliderEmu,section_00,target,normal,0.0020672783721238375,fp_naa_c2_fault_preserving_seed13711,server02_fp_naa_screening_20260817T165229Z
sliderEmu/test/section_00_target_test_normal_0030_noAttribute.wav,sliderEmu,section_00,target,normal,0.002582546789199114,fp_naa_c2_fault_preserving_seed13711,server02_fp_naa_screening_20260817T165229Z
sliderEmu/test/section_00_target_test_normal_0031_noAttribute.wav,sliderEmu,section_00,target,normal,-0.0036758966743946075,fp_naa_c2_fault_preserving_seed13711,server02_fp_naa_screening_20260817T165229Z
sliderEmu/test/section_00_target_test_normal_0032_noAttribute.wav,sliderEmu,section_00,target,normal,0.003456997685134411,fp_naa_c2_fault_preserving_seed13711,server02_fp_naa_screening_20260817T165229Z
sliderEmu/test/section_00_target_test_normal_0033_noAttribute.wav,sliderEmu,section_00,target,normal,0.0005109873600304127,fp_naa_c2_fault_preserving_seed13711,server02_fp_naa_screening_20260817T165229Z
sliderEmu/test/section_00_target_test_normal_0034_noAttribute.wav,sliderEmu,section_00,target,normal,-0.0013162523973733187,fp_naa_c2_fault_preserving_seed13711,server02_fp_naa_screening_20260817T165229Z
sliderEmu/test/section_00_target_test_normal_0035_noAttribute.wav,sliderEmu,section_00,target,normal,0.001554844668135047,fp_naa_c2_fault_preserving_seed13711,server02_fp_naa_screening_20260817T165229Z
sliderEmu/test/section_00_target_test_normal_0036_noAttribute.wav,sliderEmu,section_00,target,normal,0.0019948622211813927,fp_naa_c2_fault_preserving_seed13711,server02_fp_naa_screening_20260817T165229Z
sliderEmu/test/section_00_target_test_normal_0037_noAttribute.wav,sliderEmu,section_00,target,normal,0.0022671984042972326,fp_naa_c2_fault_preserving_seed13711,server02_fp_naa_screening_20260817T165229Z
sliderEmu/test/section_00_target_test_normal_0038_noAttribute.wav,sliderEmu,section_00,target,normal,0.0019921252969652414,fp_naa_c2_fault_preserving_seed13711,server02_fp_naa_screening_20260817T165229Z
sliderEmu/test/section_00_target_test_normal_0039_noAttribute.wav,sliderEmu,section_00,target,normal,-0.0008381084189750254,fp_naa_c2_fault_preserving_seed13711,server02_fp_naa_screening_20260817T165229Z
sliderEmu/test/section_00_target_test_normal_0040_noAttribute.wav,sliderEmu,section_00,target,normal,0.0017594275996088982,fp_naa_c2_fault_preserving_seed13711,server02_fp_naa_screening_20260817T165229Z
sliderEmu/test/section_00_target_test_normal_0041_noAttribute.wav,sliderEmu,section_00,target,normal,0.002084585838019848,fp_naa_c2_fault_preserving_seed13711,server02_fp_naa_screening_20260817T165229Z
sliderEmu/test/section_00_target_test_normal_0042_noAttribute.wav,sliderEmu,section_00,target,normal,-0.0020641221199184656,fp_naa_c2_fault_preserving_seed13711,server02_fp_naa_screening_20260817T165229Z
sliderEmu/test/section_00_target_test_normal_0043_noAttribute.wav,sliderEmu,section_00,target,normal,5.756100290454924e-05,fp_naa_c2_fault_preserving_seed13711,server02_fp_naa_screening_20260817T165229Z
sliderEmu/test/section_00_target_test_normal_0044_noAttribute.wav,sliderEmu,section_00,target,normal,0.003987873438745737,fp_naa_c2_fault_preserving_seed13711,server02_fp_naa_screening_20260817T165229Z
sliderEmu/test/section_00_target_test_normal_0045_noAttribute.wav,sliderEmu,section_00,target,normal,0.006845402996987104,fp_naa_c2_fault_preserving_seed13711,server02_fp_naa_screening_20260817T165229Z
sliderEmu/test/section_00_target_test_normal_0046_noAttribute.wav,sliderEmu,section_00,target,normal,0.004913092590868473,fp_naa_c2_fault_preserving_seed13711,server02_fp_naa_screening_20260817T165229Z
sliderEmu/test/section_00_target_test_normal_0047_noAttribute.wav,sliderEmu,section_00,target,normal,0.0014222124591469765,fp_naa_c2_fault_preserving_seed13711,server02_fp_naa_screening_20260817T165229Z
sliderEmu/test/section_00_target_test_normal_0048_noAttribute.wav,sliderEmu,section_00,target,normal,-2.9941642424091697e-05,fp_naa_c2_fault_preserving_seed13711,server02_fp_naa_screening_20260817T165229Z
sliderEmu/test/section_00_target_test_normal_0049_noAttribute.wav,sliderEmu,section_00,target,normal,0.001863584155216813,fp_naa_c2_fault_preserving_seed13711,server02_fp_naa_screening_20260817T165229Z
valveEmu/test/section_00_source_test_anomaly_0000_noAttribute.wav,valveEmu,section_00,source,anomaly,0.0020413356833159924,fp_naa_c2_fault_preserving_seed13711,server02_fp_naa_screening_20260817T165229Z
valveEmu/test/section_00_source_test_anomaly_0001_noAttribute.wav,valveEmu,section_00,source,anomaly,0.0009406332392245531,fp_naa_c2_fault_preserving_seed13711,server02_fp_naa_screening_20260817T165229Z
valveEmu/test/section_00_source_test_anomaly_0002_noAttribute.wav,valveEmu,section_00,source,anomaly,0.0014015828492119908,fp_naa_c2_fault_preserving_seed13711,server02_fp_naa_screening_20260817T165229Z
valveEmu/test/section_00_source_test_anomaly_0003_noAttribute.wav,valveEmu,section_00,source,anomaly,0.002597380429506302,fp_naa_c2_fault_preserving_seed13711,server02_fp_naa_screening_20260817T165229Z
valveEmu/test/section_00_source_test_anomaly_0004_noAttribute.wav,valveEmu,section_00,source,anomaly,0.0024138952139765024,fp_naa_c2_fault_preserving_seed13711,server02_fp_naa_screening_20260817T165229Z
valveEmu/test/section_00_source_test_anomaly_0005_noAttribute.wav,valveEmu,section_00,source,anomaly,0.0011227730428799987,fp_naa_c2_fault_preserving_seed13711,server02_fp_naa_screening_20260817T165229Z
valveEmu/test/section_00_source_test_anomaly_0006_noAttribute.wav,valveEmu,section_00,source,anomaly,0.00190871546510607,fp_naa_c2_fault_preserving_seed13711,server02_fp_naa_screening_20260817T165229Z
valveEmu/test/section_00_source_test_anomaly_0007_noAttribute.wav,valveEmu,section_00,source,anomaly,0.0018517073476687074,fp_naa_c2_fault_preserving_seed13711,server02_fp_naa_screening_20260817T165229Z
valveEmu/test/section_00_source_test_anomaly_0008_noAttribute.wav,valveEmu,section_00,source,anomaly,0.001325492630712688,fp_naa_c2_fault_preserving_seed13711,server02_fp_naa_screening_20260817T165229Z
valveEmu/test/section_00_source_test_anomaly_0009_noAttribute.wav,valveEmu,section_00,source,anomaly,0.002058229176327586,fp_naa_c2_fault_preserving_seed13711,server02_fp_naa_screening_20260817T165229Z
valveEmu/test/section_00_source_test_anomaly_0010_noAttribute.wav,valveEmu,section_00,source,anomaly,0.0016654673963785172,fp_naa_c2_fault_preserving_seed13711,server02_fp_naa_screening_20260817T165229Z
valveEmu/test/section_00_source_test_anomaly_0011_noAttribute.wav,valveEmu,section_00,source,anomaly,0.0012874621897935867,fp_naa_c2_fault_preserving_seed13711,server02_fp_naa_screening_20260817T165229Z
valveEmu/test/section_00_source_test_anomaly_0012_noAttribute.wav,valveEmu,section_00,source,anomaly,0.0018086329801008105,fp_naa_c2_fault_preserving_seed13711,server02_fp_naa_screening_20260817T165229Z
valveEmu/test/section_00_source_test_anomaly_0013_noAttribute.wav,valveEmu,section_00,source,anomaly,0.0012898532440885901,fp_naa_c2_fault_preserving_seed13711,server02_fp_naa_screening_20260817T165229Z
valveEmu/test/section_00_source_test_anomaly_0014_noAttribute.wav,valveEmu,section_00,source,anomaly,0.0017641647718846798,fp_naa_c2_fault_preserving_seed13711,server02_fp_naa_screening_20260817T165229Z
valveEmu/test/section_00_source_test_anomaly_0015_noAttribute.wav,valveEmu,section_00,source,anomaly,0.0025653811171650887,fp_naa_c2_fault_preserving_seed13711,server02_fp_naa_screening_20260817T165229Z
valveEmu/test/section_00_source_test_anomaly_0016_noAttribute.wav,valveEmu,section_00,source,anomaly,0.0023703747428953648,fp_naa_c2_fault_preserving_seed13711,server02_fp_naa_screening_20260817T165229Z
valveEmu/test/section_00_source_test_anomaly_0017_noAttribute.wav,valveEmu,section_00,source,anomaly,0.0011874916963279247,fp_naa_c2_fault_preserving_seed13711,server02_fp_naa_screening_20260817T165229Z
valveEmu/test/section_00_source_test_anomaly_0018_noAttribute.wav,valveEmu,section_00,source,anomaly,0.0014915202045813203,fp_naa_c2_fault_preserving_seed13711,server02_fp_naa_screening_20260817T165229Z
valveEmu/test/section_00_source_test_anomaly_0019_noAttribute.wav,valveEmu,section_00,source,anomaly,0.0011669439263641834,fp_naa_c2_fault_preserving_seed13711,server02_fp_naa_screening_20260817T165229Z
valveEmu/test/section_00_source_test_anomaly_0020_noAttribute.wav,valveEmu,section_00,source,anomaly,0.0016879404429346323,fp_naa_c2_fault_preserving_seed13711,server02_fp_naa_screening_20260817T165229Z
valveEmu/test/section_00_source_test_anomaly_0021_noAttribute.wav,valveEmu,section_00,source,anomaly,0.0019210019381716847,fp_naa_c2_fault_preserving_seed13711,server02_fp_naa_screening_20260817T165229Z
valveEmu/test/section_00_source_test_anomaly_0022_noAttribute.wav,valveEmu,section_00,source,anomaly,0.0013521676883101463,fp_naa_c2_fault_preserving_seed13711,server02_fp_naa_screening_20260817T165229Z
valveEmu/test/section_00_source_test_anomaly_0023_noAttribute.wav,valveEmu,section_00,source,anomaly,0.0017005638219416142,fp_naa_c2_fault_preserving_seed13711,server02_fp_naa_screening_20260817T165229Z
valveEmu/test/section_00_source_test_anomaly_0024_noAttribute.wav,valveEmu,section_00,source,anomaly,0.0011600133730098605,fp_naa_c2_fault_preserving_seed13711,server02_fp_naa_screening_20260817T165229Z
valveEmu/test/section_00_source_test_anomaly_0025_noAttribute.wav,valveEmu,section_00,source,anomaly,0.0018689108546823263,fp_naa_c2_fault_preserving_seed13711,server02_fp_naa_screening_20260817T165229Z
valveEmu/test/section_00_source_test_anomaly_0026_noAttribute.wav,valveEmu,section_00,source,anomaly,0.0011984509183093905,fp_naa_c2_fault_preserving_seed13711,server02_fp_naa_screening_20260817T165229Z
valveEmu/test/section_00_source_test_anomaly_0027_noAttribute.wav,valveEmu,section_00,source,anomaly,0.0015644695376977324,fp_naa_c2_fault_preserving_seed13711,server02_fp_naa_screening_20260817T165229Z
valveEmu/test/section_00_source_test_anomaly_0028_noAttribute.wav,valveEmu,section_00,source,anomaly,0.002489997074007988,fp_naa_c2_fault_preserving_seed13711,server02_fp_naa_screening_20260817T165229Z
valveEmu/test/section_00_source_test_anomaly_0029_noAttribute.wav,valveEmu,section_00,source,anomaly,0.0020914250053465366,fp_naa_c2_fault_preserving_seed13711,server02_fp_naa_screening_20260817T165229Z
valveEmu/test/section_00_source_test_anomaly_0030_noAttribute.wav,valveEmu,section_00,source,anomaly,0.0012274070177227259,fp_naa_c2_fault_preserving_seed13711,server02_fp_naa_screening_20260817T165229Z
valveEmu/test/section_00_source_test_anomaly_0031_noAttribute.wav,valveEmu,section_00,source,anomaly,0.001039133407175541,fp_naa_c2_fault_preserving_seed13711,server02_fp_naa_screening_20260817T165229Z
valveEmu/test/section_00_source_test_anomaly_0032_noAttribute.wav,valveEmu,section_00,source,anomaly,0.002039883751422167,fp_naa_c2_fault_preserving_seed13711,server02_fp_naa_screening_20260817T165229Z
valveEmu/test/section_00_source_test_anomaly_0033_noAttribute.wav,valveEmu,section_00,source,anomaly,0.000581340747885406,fp_naa_c2_fault_preserving_seed13711,server02_fp_naa_screening_20260817T165229Z
valveEmu/test/section_00_source_test_anomaly_0034_noAttribute.wav,valveEmu,section_00,source,anomaly,0.0014615642139688134,fp_naa_c2_fault_preserving_seed13711,server02_fp_naa_screening_20260817T165229Z
valveEmu/test/section_00_source_test_anomaly_0035_noAttribute.wav,valveEmu,section_00,source,anomaly,0.0012276547495275736,fp_naa_c2_fault_preserving_seed13711,server02_fp_naa_screening_20260817T165229Z
valveEmu/test/section_00_source_test_anomaly_0036_noAttribute.wav,valveEmu,section_00,source,anomaly,0.0017336257733404636,fp_naa_c2_fault_preserving_seed13711,server02_fp_naa_screening_20260817T165229Z
valveEmu/test/section_00_source_test_anomaly_0037_noAttribute.wav,valveEmu,section_00,source,anomaly,0.0011055923532694578,fp_naa_c2_fault_preserving_seed13711,server02_fp_naa_screening_20260817T165229Z
valveEmu/test/section_00_source_test_anomaly_0038_noAttribute.wav,valveEmu,section_00,source,anomaly,0.0007887692772783339,fp_naa_c2_fault_preserving_seed13711,server02_fp_naa_screening_20260817T165229Z
valveEmu/test/section_00_source_test_anomaly_0039_noAttribute.wav,valveEmu,section_00,source,anomaly,0.004121628124266863,fp_naa_c2_fault_preserving_seed13711,server02_fp_naa_screening_20260817T165229Z
valveEmu/test/section_00_source_test_anomaly_0040_noAttribute.wav,valveEmu,section_00,source,anomaly,0.0012472704984247684,fp_naa_c2_fault_preserving_seed13711,server02_fp_naa_screening_20260817T165229Z
valveEmu/test/section_00_source_test_anomaly_0041_noAttribute.wav,valveEmu,section_00,source,anomaly,0.0016657339874655008,fp_naa_c2_fault_preserving_seed13711,server02_fp_naa_screening_20260817T165229Z
valveEmu/test/section_00_source_test_anomaly_0042_noAttribute.wav,valveEmu,section_00,source,anomaly,0.0024704199749976397,fp_naa_c2_fault_preserving_seed13711,server02_fp_naa_screening_20260817T165229Z
valveEmu/test/section_00_source_test_anomaly_0043_noAttribute.wav,valveEmu,section_00,source,anomaly,0.0010336446575820446,fp_naa_c2_fault_preserving_seed13711,server02_fp_naa_screening_20260817T165229Z
valveEmu/test/section_00_source_test_anomaly_0044_noAttribute.wav,valveEmu,section_00,source,anomaly,0.0014516233932226896,fp_naa_c2_fault_preserving_seed13711,server02_fp_naa_screening_20260817T165229Z
valveEmu/test/section_00_source_test_anomaly_0045_noAttribute.wav,valveEmu,section_00,source,anomaly,0.00164750253316015,fp_naa_c2_fault_preserving_seed13711,server02_fp_naa_screening_20260817T165229Z
valveEmu/test/section_00_source_test_anomaly_0046_noAttribute.wav,valveEmu,section_00,source,anomaly,0.0009818277321755886,fp_naa_c2_fault_preserving_seed13711,server02_fp_naa_screening_20260817T165229Z
valveEmu/test/section_00_source_test_anomaly_0047_noAttribute.wav,valveEmu,section_00,source,anomaly,0.0019319446291774511,fp_naa_c2_fault_preserving_seed13711,server02_fp_naa_screening_20260817T165229Z
valveEmu/test/section_00_source_test_anomaly_0048_noAttribute.wav,valveEmu,section_00,source,anomaly,0.0019304909510537982,fp_naa_c2_fault_preserving_seed13711,server02_fp_naa_screening_20260817T165229Z
valveEmu/test/section_00_source_test_anomaly_0049_noAttribute.wav,valveEmu,section_00,source,anomaly,0.003072577528655529,fp_naa_c2_fault_preserving_seed13711,server02_fp_naa_screening_20260817T165229Z
valveEmu/test/section_00_source_test_normal_0000_noAttribute.wav,valveEmu,section_00,source,normal,0.00035763962659984827,fp_naa_c2_fault_preserving_seed13711,server02_fp_naa_screening_20260817T165229Z
valveEmu/test/section_00_source_test_normal_0001_noAttribute.wav,valveEmu,section_00,source,normal,0.0005125032039359212,fp_naa_c2_fault_preserving_seed13711,server02_fp_naa_screening_20260817T165229Z
valveEmu/test/section_00_source_test_normal_0002_noAttribute.wav,valveEmu,section_00,source,normal,0.000516584375873208,fp_naa_c2_fault_preserving_seed13711,server02_fp_naa_screening_20260817T165229Z
valveEmu/test/section_00_source_test_normal_0003_noAttribute.wav,valveEmu,section_00,source,normal,0.0005672769621014595,fp_naa_c2_fault_preserving_seed13711,server02_fp_naa_screening_20260817T165229Z
valveEmu/test/section_00_source_test_normal_0004_noAttribute.wav,valveEmu,section_00,source,normal,0.0005701257614418864,fp_naa_c2_fault_preserving_seed13711,server02_fp_naa_screening_20260817T165229Z
valveEmu/test/section_00_source_test_normal_0005_noAttribute.wav,valveEmu,section_00,source,normal,-0.0008566572796553373,fp_naa_c2_fault_preserving_seed13711,server02_fp_naa_screening_20260817T165229Z
valveEmu/test/section_00_source_test_normal_0006_noAttribute.wav,valveEmu,section_00,source,normal,0.0004527839773800224,fp_naa_c2_fault_preserving_seed13711,server02_fp_naa_screening_20260817T165229Z
valveEmu/test/section_00_source_test_normal_0007_noAttribute.wav,valveEmu,section_00,source,normal,0.0006901288870722055,fp_naa_c2_fault_preserving_seed13711,server02_fp_naa_screening_20260817T165229Z
valveEmu/test/section_00_source_test_normal_0008_noAttribute.wav,valveEmu,section_00,source,normal,9.633589070290327e-05,fp_naa_c2_fault_preserving_seed13711,server02_fp_naa_screening_20260817T165229Z
valveEmu/test/section_00_source_test_normal_0009_noAttribute.wav,valveEmu,section_00,source,normal,0.00023793548461981118,fp_naa_c2_fault_preserving_seed13711,server02_fp_naa_screening_20260817T165229Z
valveEmu/test/section_00_source_test_normal_0010_noAttribute.wav,valveEmu,section_00,source,normal,0.0004531890444923192,fp_naa_c2_fault_preserving_seed13711,server02_fp_naa_screening_20260817T165229Z
valveEmu/test/section_00_source_test_normal_0011_noAttribute.wav,valveEmu,section_00,source,normal,0.00021119076700415462,fp_naa_c2_fault_preserving_seed13711,server02_fp_naa_screening_20260817T165229Z
valveEmu/test/section_00_source_test_normal_0012_noAttribute.wav,valveEmu,section_00,source,normal,0.0001631774939596653,fp_naa_c2_fault_preserving_seed13711,server02_fp_naa_screening_20260817T165229Z
valveEmu/test/section_00_source_test_normal_0013_noAttribute.wav,valveEmu,section_00,source,normal,0.0003530905523803085,fp_naa_c2_fault_preserving_seed13711,server02_fp_naa_screening_20260817T165229Z
valveEmu/test/section_00_source_test_normal_0014_noAttribute.wav,valveEmu,section_00,source,normal,0.0001233674120157957,fp_naa_c2_fault_preserving_seed13711,server02_fp_naa_screening_20260817T165229Z
valveEmu/test/section_00_source_test_normal_0015_noAttribute.wav,valveEmu,section_00,source,normal,0.0006581423222087324,fp_naa_c2_fault_preserving_seed13711,server02_fp_naa_screening_20260817T165229Z
valveEmu/test/section_00_source_test_normal_0016_noAttribute.wav,valveEmu,section_00,source,normal,0.0004682073194999248,fp_naa_c2_fault_preserving_seed13711,server02_fp_naa_screening_20260817T165229Z
valveEmu/test/section_00_source_test_normal_0017_noAttribute.wav,valveEmu,section_00,source,normal,8.87131318449974e-05,fp_naa_c2_fault_preserving_seed13711,server02_fp_naa_screening_20260817T165229Z
valveEmu/test/section_00_source_test_normal_0018_noAttribute.wav,valveEmu,section_00,source,normal,0.0008900918764993548,fp_naa_c2_fault_preserving_seed13711,server02_fp_naa_screening_20260817T165229Z
valveEmu/test/section_00_source_test_normal_0019_noAttribute.wav,valveEmu,section_00,source,normal,0.0014764696825295687,fp_naa_c2_fault_preserving_seed13711,server02_fp_naa_screening_20260817T165229Z
valveEmu/test/section_00_source_test_normal_0020_noAttribute.wav,valveEmu,section_00,source,normal,0.00034931034315377474,fp_naa_c2_fault_preserving_seed13711,server02_fp_naa_screening_20260817T165229Z
valveEmu/test/section_00_source_test_normal_0021_noAttribute.wav,valveEmu,section_00,source,normal,0.0009922970784828067,fp_naa_c2_fault_preserving_seed13711,server02_fp_naa_screening_20260817T165229Z
valveEmu/test/section_00_source_test_normal_0022_noAttribute.wav,valveEmu,section_00,source,normal,0.0009393179789185524,fp_naa_c2_fault_preserving_seed13711,server02_fp_naa_screening_20260817T165229Z
valveEmu/test/section_00_source_test_normal_0023_noAttribute.wav,valveEmu,section_00,source,normal,0.0004950815346091986,fp_naa_c2_fault_preserving_seed13711,server02_fp_naa_screening_20260817T165229Z
valveEmu/test/section_00_source_test_normal_0024_noAttribute.wav,valveEmu,section_00,source,normal,0.0006142749334685504,fp_naa_c2_fault_preserving_seed13711,server02_fp_naa_screening_20260817T165229Z
valveEmu/test/section_00_source_test_normal_0025_noAttribute.wav,valveEmu,section_00,source,normal,0.000607510912232101,fp_naa_c2_fault_preserving_seed13711,server02_fp_naa_screening_20260817T165229Z
valveEmu/test/section_00_source_test_normal_0026_noAttribute.wav,valveEmu,section_00,source,normal,0.00029062520479783416,fp_naa_c2_fault_preserving_seed13711,server02_fp_naa_screening_20260817T165229Z
valveEmu/test/section_00_source_test_normal_0027_noAttribute.wav,valveEmu,section_00,source,normal,0.0008254994172602892,fp_naa_c2_fault_preserving_seed13711,server02_fp_naa_screening_20260817T165229Z
valveEmu/test/section_00_source_test_normal_0028_noAttribute.wav,valveEmu,section_00,source,normal,7.596852083224803e-05,fp_naa_c2_fault_preserving_seed13711,server02_fp_naa_screening_20260817T165229Z
valveEmu/test/section_00_source_test_normal_0029_noAttribute.wav,valveEmu,section_00,source,normal,0.0003853540401905775,fp_naa_c2_fault_preserving_seed13711,server02_fp_naa_screening_20260817T165229Z
valveEmu/test/section_00_source_test_normal_0030_noAttribute.wav,valveEmu,section_00,source,normal,0.0006803732831031084,fp_naa_c2_fault_preserving_seed13711,server02_fp_naa_screening_20260817T165229Z
valveEmu/test/section_00_source_test_normal_0031_noAttribute.wav,valveEmu,section_00,source,normal,0.0005707151140086353,fp_naa_c2_fault_preserving_seed13711,server02_fp_naa_screening_20260817T165229Z
valveEmu/test/section_00_source_test_normal_0032_noAttribute.wav,valveEmu,section_00,source,normal,0.00025963064399547875,fp_naa_c2_fault_preserving_seed13711,server02_fp_naa_screening_20260817T165229Z
valveEmu/test/section_00_source_test_normal_0033_noAttribute.wav,valveEmu,section_00,source,normal,0.00045789609430357814,fp_naa_c2_fault_preserving_seed13711,server02_fp_naa_screening_20260817T165229Z
valveEmu/test/section_00_source_test_normal_0034_noAttribute.wav,valveEmu,section_00,source,normal,-0.0004950676229782403,fp_naa_c2_fault_preserving_seed13711,server02_fp_naa_screening_20260817T165229Z
valveEmu/test/section_00_source_test_normal_0035_noAttribute.wav,valveEmu,section_00,source,normal,8.334101585205644e-05,fp_naa_c2_fault_preserving_seed13711,server02_fp_naa_screening_20260817T165229Z
valveEmu/test/section_00_source_test_normal_0036_noAttribute.wav,valveEmu,section_00,source,normal,0.0003747482260223478,fp_naa_c2_fault_preserving_seed13711,server02_fp_naa_screening_20260817T165229Z
valveEmu/test/section_00_source_test_normal_0037_noAttribute.wav,valveEmu,section_00,source,normal,0.00010441485210321844,fp_naa_c2_fault_preserving_seed13711,server02_fp_naa_screening_20260817T165229Z
valveEmu/test/section_00_source_test_normal_0038_noAttribute.wav,valveEmu,section_00,source,normal,0.0003976814332418144,fp_naa_c2_fault_preserving_seed13711,server02_fp_naa_screening_20260817T165229Z
valveEmu/test/section_00_source_test_normal_0039_noAttribute.wav,valveEmu,section_00,source,normal,0.0007048534462228417,fp_naa_c2_fault_preserving_seed13711,server02_fp_naa_screening_20260817T165229Z
valveEmu/test/section_00_source_test_normal_0040_noAttribute.wav,valveEmu,section_00,source,normal,0.00014125838060863316,fp_naa_c2_fault_preserving_seed13711,server02_fp_naa_screening_20260817T165229Z
valveEmu/test/section_00_source_test_normal_0041_noAttribute.wav,valveEmu,section_00,source,normal,0.0008556968532502651,fp_naa_c2_fault_preserving_seed13711,server02_fp_naa_screening_20260817T165229Z
valveEmu/test/section_00_source_test_normal_0042_noAttribute.wav,valveEmu,section_00,source,normal,0.0005743596702814102,fp_naa_c2_fault_preserving_seed13711,server02_fp_naa_screening_20260817T165229Z
valveEmu/test/section_00_source_test_normal_0043_noAttribute.wav,valveEmu,section_00,source,normal,0.0006261219386942685,fp_naa_c2_fault_preserving_seed13711,server02_fp_naa_screening_20260817T165229Z
valveEmu/test/section_00_source_test_normal_0044_noAttribute.wav,valveEmu,section_00,source,normal,0.0003916607238352299,fp_naa_c2_fault_preserving_seed13711,server02_fp_naa_screening_20260817T165229Z
valveEmu/test/section_00_source_test_normal_0045_noAttribute.wav,valveEmu,section_00,source,normal,0.001193671952933073,fp_naa_c2_fault_preserving_seed13711,server02_fp_naa_screening_20260817T165229Z
valveEmu/test/section_00_source_test_normal_0046_noAttribute.wav,valveEmu,section_00,source,normal,0.0004580372478812933,fp_naa_c2_fault_preserving_seed13711,server02_fp_naa_screening_20260817T165229Z
valveEmu/test/section_00_source_test_normal_0047_noAttribute.wav,valveEmu,section_00,source,normal,0.0005059094983153045,fp_naa_c2_fault_preserving_seed13711,server02_fp_naa_screening_20260817T165229Z
valveEmu/test/section_00_source_test_normal_0048_noAttribute.wav,valveEmu,section_00,source,normal,0.0007178212399594486,fp_naa_c2_fault_preserving_seed13711,server02_fp_naa_screening_20260817T165229Z
valveEmu/test/section_00_source_test_normal_0049_noAttribute.wav,valveEmu,section_00,source,normal,0.00039248017128556967,fp_naa_c2_fault_preserving_seed13711,server02_fp_naa_screening_20260817T165229Z
valveEmu/test/section_00_target_test_anomaly_0000_noAttribute.wav,valveEmu,section_00,target,anomaly,0.0005368840065784752,fp_naa_c2_fault_preserving_seed13711,server02_fp_naa_screening_20260817T165229Z
valveEmu/test/section_00_target_test_anomaly_0001_noAttribute.wav,valveEmu,section_00,target,anomaly,0.0015900529688224196,fp_naa_c2_fault_preserving_seed13711,server02_fp_naa_screening_20260817T165229Z
valveEmu/test/section_00_target_test_anomaly_0002_noAttribute.wav,valveEmu,section_00,target,anomaly,0.001489714253693819,fp_naa_c2_fault_preserving_seed13711,server02_fp_naa_screening_20260817T165229Z
valveEmu/test/section_00_target_test_anomaly_0003_noAttribute.wav,valveEmu,section_00,target,anomaly,0.00016550306463614106,fp_naa_c2_fault_preserving_seed13711,server02_fp_naa_screening_20260817T165229Z
valveEmu/test/section_00_target_test_anomaly_0004_noAttribute.wav,valveEmu,section_00,target,anomaly,0.0005385077092796564,fp_naa_c2_fault_preserving_seed13711,server02_fp_naa_screening_20260817T165229Z
valveEmu/test/section_00_target_test_anomaly_0005_noAttribute.wav,valveEmu,section_00,target,anomaly,0.0015960074961185455,fp_naa_c2_fault_preserving_seed13711,server02_fp_naa_screening_20260817T165229Z
valveEmu/test/section_00_target_test_anomaly_0006_noAttribute.wav,valveEmu,section_00,target,anomaly,0.0006264123367145658,fp_naa_c2_fault_preserving_seed13711,server02_fp_naa_screening_20260817T165229Z
valveEmu/test/section_00_target_test_anomaly_0007_noAttribute.wav,valveEmu,section_00,target,anomaly,0.00051943922881037,fp_naa_c2_fault_preserving_seed13711,server02_fp_naa_screening_20260817T165229Z
valveEmu/test/section_00_target_test_anomaly_0008_noAttribute.wav,valveEmu,section_00,target,anomaly,0.0012712408788502216,fp_naa_c2_fault_preserving_seed13711,server02_fp_naa_screening_20260817T165229Z
valveEmu/test/section_00_target_test_anomaly_0009_noAttribute.wav,valveEmu,section_00,target,anomaly,0.0015186732634902,fp_naa_c2_fault_preserving_seed13711,server02_fp_naa_screening_20260817T165229Z
valveEmu/test/section_00_target_test_anomaly_0010_noAttribute.wav,valveEmu,section_00,target,anomaly,0.0007478269981220365,fp_naa_c2_fault_preserving_seed13711,server02_fp_naa_screening_20260817T165229Z
valveEmu/test/section_00_target_test_anomaly_0011_noAttribute.wav,valveEmu,section_00,target,anomaly,0.0007601240067742765,fp_naa_c2_fault_preserving_seed13711,server02_fp_naa_screening_20260817T165229Z
valveEmu/test/section_00_target_test_anomaly_0012_noAttribute.wav,valveEmu,section_00,target,anomaly,0.0007424633367918432,fp_naa_c2_fault_preserving_seed13711,server02_fp_naa_screening_20260817T165229Z
valveEmu/test/section_00_target_test_anomaly_0013_noAttribute.wav,valveEmu,section_00,target,anomaly,0.0015609198017045856,fp_naa_c2_fault_preserving_seed13711,server02_fp_naa_screening_20260817T165229Z
valveEmu/test/section_00_target_test_anomaly_0014_noAttribute.wav,valveEmu,section_00,target,anomaly,0.0004660400445573032,fp_naa_c2_fault_preserving_seed13711,server02_fp_naa_screening_20260817T165229Z
valveEmu/test/section_00_target_test_anomaly_0015_noAttribute.wav,valveEmu,section_00,target,anomaly,0.0010993648320436478,fp_naa_c2_fault_preserving_seed13711,server02_fp_naa_screening_20260817T165229Z
valveEmu/test/section_00_target_test_anomaly_0016_noAttribute.wav,valveEmu,section_00,target,anomaly,0.000920843449421227,fp_naa_c2_fault_preserving_seed13711,server02_fp_naa_screening_20260817T165229Z
valveEmu/test/section_00_target_test_anomaly_0017_noAttribute.wav,valveEmu,section_00,target,anomaly,0.0008909955504350364,fp_naa_c2_fault_preserving_seed13711,server02_fp_naa_screening_20260817T165229Z
valveEmu/test/section_00_target_test_anomaly_0018_noAttribute.wav,valveEmu,section_00,target,anomaly,0.0002250004035886377,fp_naa_c2_fault_preserving_seed13711,server02_fp_naa_screening_20260817T165229Z
valveEmu/test/section_00_target_test_anomaly_0019_noAttribute.wav,valveEmu,section_00,target,anomaly,0.0006099254824221134,fp_naa_c2_fault_preserving_seed13711,server02_fp_naa_screening_20260817T165229Z
valveEmu/test/section_00_target_test_anomaly_0020_noAttribute.wav,valveEmu,section_00,target,anomaly,0.00234297476708889,fp_naa_c2_fault_preserving_seed13711,server02_fp_naa_screening_20260817T165229Z
valveEmu/test/section_00_target_test_anomaly_0021_noAttribute.wav,valveEmu,section_00,target,anomaly,0.0012157335877418518,fp_naa_c2_fault_preserving_seed13711,server02_fp_naa_screening_20260817T165229Z
valveEmu/test/section_00_target_test_anomaly_0022_noAttribute.wav,valveEmu,section_00,target,anomaly,0.0005348098929971457,fp_naa_c2_fault_preserving_seed13711,server02_fp_naa_screening_20260817T165229Z
valveEmu/test/section_00_target_test_anomaly_0023_noAttribute.wav,valveEmu,section_00,target,anomaly,0.0028358667623251677,fp_naa_c2_fault_preserving_seed13711,server02_fp_naa_screening_20260817T165229Z
valveEmu/test/section_00_target_test_anomaly_0024_noAttribute.wav,valveEmu,section_00,target,anomaly,0.0011587722692638636,fp_naa_c2_fault_preserving_seed13711,server02_fp_naa_screening_20260817T165229Z
valveEmu/test/section_00_target_test_anomaly_0025_noAttribute.wav,valveEmu,section_00,target,anomaly,0.0009533639531582594,fp_naa_c2_fault_preserving_seed13711,server02_fp_naa_screening_20260817T165229Z
valveEmu/test/section_00_target_test_anomaly_0026_noAttribute.wav,valveEmu,section_00,target,anomaly,0.0007603342528454959,fp_naa_c2_fault_preserving_seed13711,server02_fp_naa_screening_20260817T165229Z
valveEmu/test/section_00_target_test_anomaly_0027_noAttribute.wav,valveEmu,section_00,target,anomaly,0.0011052247136831284,fp_naa_c2_fault_preserving_seed13711,server02_fp_naa_screening_20260817T165229Z
valveEmu/test/section_00_target_test_anomaly_0028_noAttribute.wav,valveEmu,section_00,target,anomaly,0.0009363944409415126,fp_naa_c2_fault_preserving_seed13711,server02_fp_naa_screening_20260817T165229Z
valveEmu/test/section_00_target_test_anomaly_0029_noAttribute.wav,valveEmu,section_00,target,anomaly,0.0010039247572422028,fp_naa_c2_fault_preserving_seed13711,server02_fp_naa_screening_20260817T165229Z
valveEmu/test/section_00_target_test_anomaly_0030_noAttribute.wav,valveEmu,section_00,target,anomaly,0.00030197660089470446,fp_naa_c2_fault_preserving_seed13711,server02_fp_naa_screening_20260817T165229Z
valveEmu/test/section_00_target_test_anomaly_0031_noAttribute.wav,valveEmu,section_00,target,anomaly,0.0003029198560398072,fp_naa_c2_fault_preserving_seed13711,server02_fp_naa_screening_20260817T165229Z
valveEmu/test/section_00_target_test_anomaly_0032_noAttribute.wav,valveEmu,section_00,target,anomaly,0.0006497649592347443,fp_naa_c2_fault_preserving_seed13711,server02_fp_naa_screening_20260817T165229Z
valveEmu/test/section_00_target_test_anomaly_0033_noAttribute.wav,valveEmu,section_00,target,anomaly,0.0006061287713237107,fp_naa_c2_fault_preserving_seed13711,server02_fp_naa_screening_20260817T165229Z
valveEmu/test/section_00_target_test_anomaly_0034_noAttribute.wav,valveEmu,section_00,target,anomaly,0.00010774802649393678,fp_naa_c2_fault_preserving_seed13711,server02_fp_naa_screening_20260817T165229Z
valveEmu/test/section_00_target_test_anomaly_0035_noAttribute.wav,valveEmu,section_00,target,anomaly,0.0011168478522449732,fp_naa_c2_fault_preserving_seed13711,server02_fp_naa_screening_20260817T165229Z
valveEmu/test/section_00_target_test_anomaly_0036_noAttribute.wav,valveEmu,section_00,target,anomaly,0.0013748733326792717,fp_naa_c2_fault_preserving_seed13711,server02_fp_naa_screening_20260817T165229Z
valveEmu/test/section_00_target_test_anomaly_0037_noAttribute.wav,valveEmu,section_00,target,anomaly,0.0007730803918093443,fp_naa_c2_fault_preserving_seed13711,server02_fp_naa_screening_20260817T165229Z
valveEmu/test/section_00_target_test_anomaly_0038_noAttribute.wav,valveEmu,section_00,target,anomaly,0.0009795116493478417,fp_naa_c2_fault_preserving_seed13711,server02_fp_naa_screening_20260817T165229Z
valveEmu/test/section_00_target_test_anomaly_0039_noAttribute.wav,valveEmu,section_00,target,anomaly,0.0008524085860699415,fp_naa_c2_fault_preserving_seed13711,server02_fp_naa_screening_20260817T165229Z
valveEmu/test/section_00_target_test_anomaly_0040_noAttribute.wav,valveEmu,section_00,target,anomaly,9.406798926647753e-05,fp_naa_c2_fault_preserving_seed13711,server02_fp_naa_screening_20260817T165229Z
valveEmu/test/section_00_target_test_anomaly_0041_noAttribute.wav,valveEmu,section_00,target,anomaly,0.000894102908205241,fp_naa_c2_fault_preserving_seed13711,server02_fp_naa_screening_20260817T165229Z
valveEmu/test/section_00_target_test_anomaly_0042_noAttribute.wav,valveEmu,section_00,target,anomaly,0.0008203814504668117,fp_naa_c2_fault_preserving_seed13711,server02_fp_naa_screening_20260817T165229Z
valveEmu/test/section_00_target_test_anomaly_0043_noAttribute.wav,valveEmu,section_00,target,anomaly,0.0010049708653241396,fp_naa_c2_fault_preserving_seed13711,server02_fp_naa_screening_20260817T165229Z
valveEmu/test/section_00_target_test_anomaly_0044_noAttribute.wav,valveEmu,section_00,target,anomaly,0.0008913023630157113,fp_naa_c2_fault_preserving_seed13711,server02_fp_naa_screening_20260817T165229Z
valveEmu/test/section_00_target_test_anomaly_0045_noAttribute.wav,valveEmu,section_00,target,anomaly,0.0015709095168858767,fp_naa_c2_fault_preserving_seed13711,server02_fp_naa_screening_20260817T165229Z
valveEmu/test/section_00_target_test_anomaly_0046_noAttribute.wav,valveEmu,section_00,target,anomaly,9.255555050913244e-05,fp_naa_c2_fault_preserving_seed13711,server02_fp_naa_screening_20260817T165229Z
valveEmu/test/section_00_target_test_anomaly_0047_noAttribute.wav,valveEmu,section_00,target,anomaly,0.0012003234587609768,fp_naa_c2_fault_preserving_seed13711,server02_fp_naa_screening_20260817T165229Z
valveEmu/test/section_00_target_test_anomaly_0048_noAttribute.wav,valveEmu,section_00,target,anomaly,0.0004258512344677001,fp_naa_c2_fault_preserving_seed13711,server02_fp_naa_screening_20260817T165229Z
valveEmu/test/section_00_target_test_anomaly_0049_noAttribute.wav,valveEmu,section_00,target,anomaly,0.0006389370537362993,fp_naa_c2_fault_preserving_seed13711,server02_fp_naa_screening_20260817T165229Z
valveEmu/test/section_00_target_test_normal_0000_noAttribute.wav,valveEmu,section_00,target,normal,0.0008142486913129687,fp_naa_c2_fault_preserving_seed13711,server02_fp_naa_screening_20260817T165229Z
valveEmu/test/section_00_target_test_normal_0001_noAttribute.wav,valveEmu,section_00,target,normal,0.0008369931019842625,fp_naa_c2_fault_preserving_seed13711,server02_fp_naa_screening_20260817T165229Z
valveEmu/test/section_00_target_test_normal_0002_noAttribute.wav,valveEmu,section_00,target,normal,0.0009344603167846799,fp_naa_c2_fault_preserving_seed13711,server02_fp_naa_screening_20260817T165229Z
valveEmu/test/section_00_target_test_normal_0003_noAttribute.wav,valveEmu,section_00,target,normal,0.0004599652311298996,fp_naa_c2_fault_preserving_seed13711,server02_fp_naa_screening_20260817T165229Z
valveEmu/test/section_00_target_test_normal_0004_noAttribute.wav,valveEmu,section_00,target,normal,0.0005543911829590797,fp_naa_c2_fault_preserving_seed13711,server02_fp_naa_screening_20260817T165229Z
valveEmu/test/section_00_target_test_normal_0005_noAttribute.wav,valveEmu,section_00,target,normal,0.0004549285222310573,fp_naa_c2_fault_preserving_seed13711,server02_fp_naa_screening_20260817T165229Z
valveEmu/test/section_00_target_test_normal_0006_noAttribute.wav,valveEmu,section_00,target,normal,-0.00032762359478510916,fp_naa_c2_fault_preserving_seed13711,server02_fp_naa_screening_20260817T165229Z
valveEmu/test/section_00_target_test_normal_0007_noAttribute.wav,valveEmu,section_00,target,normal,7.696051034145057e-05,fp_naa_c2_fault_preserving_seed13711,server02_fp_naa_screening_20260817T165229Z
valveEmu/test/section_00_target_test_normal_0008_noAttribute.wav,valveEmu,section_00,target,normal,-6.386180757544935e-05,fp_naa_c2_fault_preserving_seed13711,server02_fp_naa_screening_20260817T165229Z
valveEmu/test/section_00_target_test_normal_0009_noAttribute.wav,valveEmu,section_00,target,normal,0.0005781238432973623,fp_naa_c2_fault_preserving_seed13711,server02_fp_naa_screening_20260817T165229Z
valveEmu/test/section_00_target_test_normal_0010_noAttribute.wav,valveEmu,section_00,target,normal,0.0008375776815228164,fp_naa_c2_fault_preserving_seed13711,server02_fp_naa_screening_20260817T165229Z
valveEmu/test/section_00_target_test_normal_0011_noAttribute.wav,valveEmu,section_00,target,normal,0.001890572952106595,fp_naa_c2_fault_preserving_seed13711,server02_fp_naa_screening_20260817T165229Z
valveEmu/test/section_00_target_test_normal_0012_noAttribute.wav,valveEmu,section_00,target,normal,0.0010921277571469545,fp_naa_c2_fault_preserving_seed13711,server02_fp_naa_screening_20260817T165229Z
valveEmu/test/section_00_target_test_normal_0013_noAttribute.wav,valveEmu,section_00,target,normal,0.0009770598262548447,fp_naa_c2_fault_preserving_seed13711,server02_fp_naa_screening_20260817T165229Z
valveEmu/test/section_00_target_test_normal_0014_noAttribute.wav,valveEmu,section_00,target,normal,0.0001246212050318718,fp_naa_c2_fault_preserving_seed13711,server02_fp_naa_screening_20260817T165229Z
valveEmu/test/section_00_target_test_normal_0015_noAttribute.wav,valveEmu,section_00,target,normal,0.0007733284728601575,fp_naa_c2_fault_preserving_seed13711,server02_fp_naa_screening_20260817T165229Z
valveEmu/test/section_00_target_test_normal_0016_noAttribute.wav,valveEmu,section_00,target,normal,0.0005153199890628457,fp_naa_c2_fault_preserving_seed13711,server02_fp_naa_screening_20260817T165229Z
valveEmu/test/section_00_target_test_normal_0017_noAttribute.wav,valveEmu,section_00,target,normal,9.976555884350091e-05,fp_naa_c2_fault_preserving_seed13711,server02_fp_naa_screening_20260817T165229Z
valveEmu/test/section_00_target_test_normal_0018_noAttribute.wav,valveEmu,section_00,target,normal,0.0010168150765821338,fp_naa_c2_fault_preserving_seed13711,server02_fp_naa_screening_20260817T165229Z
valveEmu/test/section_00_target_test_normal_0019_noAttribute.wav,valveEmu,section_00,target,normal,0.00016269578190986067,fp_naa_c2_fault_preserving_seed13711,server02_fp_naa_screening_20260817T165229Z
valveEmu/test/section_00_target_test_normal_0020_noAttribute.wav,valveEmu,section_00,target,normal,0.001291812863200903,fp_naa_c2_fault_preserving_seed13711,server02_fp_naa_screening_20260817T165229Z
valveEmu/test/section_00_target_test_normal_0021_noAttribute.wav,valveEmu,section_00,target,normal,7.748791540507227e-05,fp_naa_c2_fault_preserving_seed13711,server02_fp_naa_screening_20260817T165229Z
valveEmu/test/section_00_target_test_normal_0022_noAttribute.wav,valveEmu,section_00,target,normal,-0.00029005215037614107,fp_naa_c2_fault_preserving_seed13711,server02_fp_naa_screening_20260817T165229Z
valveEmu/test/section_00_target_test_normal_0023_noAttribute.wav,valveEmu,section_00,target,normal,0.0005799583159387112,fp_naa_c2_fault_preserving_seed13711,server02_fp_naa_screening_20260817T165229Z
valveEmu/test/section_00_target_test_normal_0024_noAttribute.wav,valveEmu,section_00,target,normal,0.0007851199479773641,fp_naa_c2_fault_preserving_seed13711,server02_fp_naa_screening_20260817T165229Z
valveEmu/test/section_00_target_test_normal_0025_noAttribute.wav,valveEmu,section_00,target,normal,0.0004753862740471959,fp_naa_c2_fault_preserving_seed13711,server02_fp_naa_screening_20260817T165229Z
valveEmu/test/section_00_target_test_normal_0026_noAttribute.wav,valveEmu,section_00,target,normal,0.0005738515756092966,fp_naa_c2_fault_preserving_seed13711,server02_fp_naa_screening_20260817T165229Z
valveEmu/test/section_00_target_test_normal_0027_noAttribute.wav,valveEmu,section_00,target,normal,0.00039714836748316884,fp_naa_c2_fault_preserving_seed13711,server02_fp_naa_screening_20260817T165229Z
valveEmu/test/section_00_target_test_normal_0028_noAttribute.wav,valveEmu,section_00,target,normal,0.0003493929107207805,fp_naa_c2_fault_preserving_seed13711,server02_fp_naa_screening_20260817T165229Z
valveEmu/test/section_00_target_test_normal_0029_noAttribute.wav,valveEmu,section_00,target,normal,0.00039073071093298495,fp_naa_c2_fault_preserving_seed13711,server02_fp_naa_screening_20260817T165229Z
valveEmu/test/section_00_target_test_normal_0030_noAttribute.wav,valveEmu,section_00,target,normal,0.00038098919321782887,fp_naa_c2_fault_preserving_seed13711,server02_fp_naa_screening_20260817T165229Z
valveEmu/test/section_00_target_test_normal_0031_noAttribute.wav,valveEmu,section_00,target,normal,-0.0005177754210308194,fp_naa_c2_fault_preserving_seed13711,server02_fp_naa_screening_20260817T165229Z
valveEmu/test/section_00_target_test_normal_0032_noAttribute.wav,valveEmu,section_00,target,normal,0.0003463740285951644,fp_naa_c2_fault_preserving_seed13711,server02_fp_naa_screening_20260817T165229Z
valveEmu/test/section_00_target_test_normal_0033_noAttribute.wav,valveEmu,section_00,target,normal,0.0006538925226777792,fp_naa_c2_fault_preserving_seed13711,server02_fp_naa_screening_20260817T165229Z
valveEmu/test/section_00_target_test_normal_0034_noAttribute.wav,valveEmu,section_00,target,normal,0.0003566678788047284,fp_naa_c2_fault_preserving_seed13711,server02_fp_naa_screening_20260817T165229Z
valveEmu/test/section_00_target_test_normal_0035_noAttribute.wav,valveEmu,section_00,target,normal,0.0006029715295881033,fp_naa_c2_fault_preserving_seed13711,server02_fp_naa_screening_20260817T165229Z
valveEmu/test/section_00_target_test_normal_0036_noAttribute.wav,valveEmu,section_00,target,normal,0.0009202135261148214,fp_naa_c2_fault_preserving_seed13711,server02_fp_naa_screening_20260817T165229Z
valveEmu/test/section_00_target_test_normal_0037_noAttribute.wav,valveEmu,section_00,target,normal,0.0003319132956676185,fp_naa_c2_fault_preserving_seed13711,server02_fp_naa_screening_20260817T165229Z
valveEmu/test/section_00_target_test_normal_0038_noAttribute.wav,valveEmu,section_00,target,normal,0.0006197454640641809,fp_naa_c2_fault_preserving_seed13711,server02_fp_naa_screening_20260817T165229Z
valveEmu/test/section_00_target_test_normal_0039_noAttribute.wav,valveEmu,section_00,target,normal,0.0006082340842112899,fp_naa_c2_fault_preserving_seed13711,server02_fp_naa_screening_20260817T165229Z
valveEmu/test/section_00_target_test_normal_0040_noAttribute.wav,valveEmu,section_00,target,normal,0.0005016308277845383,fp_naa_c2_fault_preserving_seed13711,server02_fp_naa_screening_20260817T165229Z
valveEmu/test/section_00_target_test_normal_0041_noAttribute.wav,valveEmu,section_00,target,normal,0.00035711159580387175,fp_naa_c2_fault_preserving_seed13711,server02_fp_naa_screening_20260817T165229Z
valveEmu/test/section_00_target_test_normal_0042_noAttribute.wav,valveEmu,section_00,target,normal,0.0006630800198763609,fp_naa_c2_fault_preserving_seed13711,server02_fp_naa_screening_20260817T165229Z
valveEmu/test/section_00_target_test_normal_0043_noAttribute.wav,valveEmu,section_00,target,normal,0.0012463262537494302,fp_naa_c2_fault_preserving_seed13711,server02_fp_naa_screening_20260817T165229Z
valveEmu/test/section_00_target_test_normal_0044_noAttribute.wav,valveEmu,section_00,target,normal,0.00019015859288629144,fp_naa_c2_fault_preserving_seed13711,server02_fp_naa_screening_20260817T165229Z
valveEmu/test/section_00_target_test_normal_0045_noAttribute.wav,valveEmu,section_00,target,normal,0.00017149995255749673,fp_naa_c2_fault_preserving_seed13711,server02_fp_naa_screening_20260817T165229Z
valveEmu/test/section_00_target_test_normal_0046_noAttribute.wav,valveEmu,section_00,target,normal,0.00047167923185043037,fp_naa_c2_fault_preserving_seed13711,server02_fp_naa_screening_20260817T165229Z
valveEmu/test/section_00_target_test_normal_0047_noAttribute.wav,valveEmu,section_00,target,normal,-1.7049620510078967e-05,fp_naa_c2_fault_preserving_seed13711,server02_fp_naa_screening_20260817T165229Z
valveEmu/test/section_00_target_test_normal_0048_noAttribute.wav,valveEmu,section_00,target,normal,2.5933259166777134e-05,fp_naa_c2_fault_preserving_seed13711,server02_fp_naa_screening_20260817T165229Z
valveEmu/test/section_00_target_test_normal_0049_noAttribute.wav,valveEmu,section_00,target,normal,0.00031136622419580817,fp_naa_c2_fault_preserving_seed13711,server02_fp_naa_screening_20260817T165229Z
